<?xml version="1.0" encoding="UTF-8" standalone="no" ?>
<COLLADA xmlns="http://www.collada.org/2005/11/COLLADASchema" version="1.4.1">
  <asset>
    <contributor>
      <author>Assimp</author>
      <authoring_tool>FBX SDK/FBX Plugins version 2020.3.2</authoring_tool>
    </contributor>
    <created>2026-05-28T19:27:50</created>
    <modified>2026-05-28T19:27:50</modified>
    <unit name="meter" meter="1" />
    <up_axis>Z_UP</up_axis>
  </asset>
  <library_images>
  </library_images>
  <library_effects>
    <effect id="Material-YVFb1q__2_.034-fx" name="Material-塑胶__2_.034">
      <profile_COMMON>
        <technique sid="standard">
          <phong>
            <emission>
              <color sid="emission">0   0   0   1</color>
            </emission>
            <ambient>
              <color sid="ambient">0.784313977   0.784313977   0.784313977   1</color>
            </ambient>
            <diffuse>
              <color sid="diffuse">0.784313977   0.784313977   0.784313977   1</color>
            </diffuse>
            <specular>
              <color sid="specular">0   0   0   1</color>
            </specular>
            <shininess>
              <float sid="shininess">1024</float>
            </shininess>
          </phong>
        </technique>
      </profile_COMMON>
    </effect>
    <effect id="Material-YVFb1q__1_.016-fx" name="Material-塑胶__1_.016">
      <profile_COMMON>
        <technique sid="standard">
          <phong>
            <emission>
              <color sid="emission">0   0   0   1</color>
            </emission>
            <ambient>
              <color sid="ambient">0.0980390012   0.0980390012   0.0980390012   1</color>
            </ambient>
            <diffuse>
              <color sid="diffuse">0.0980390012   0.0980390012   0.0980390012   1</color>
            </diffuse>
            <specular>
              <color sid="specular">0   0   0   1</color>
            </specular>
            <shininess>
              <float sid="shininess">1024</float>
            </shininess>
          </phong>
        </technique>
      </profile_COMMON>
    </effect>
    <effect id="Material-YVFb1q__2_.040-fx" name="Material-塑胶__2_.040">
      <profile_COMMON>
        <technique sid="standard">
          <phong>
            <emission>
              <color sid="emission">0   0   0   1</color>
            </emission>
            <ambient>
              <color sid="ambient">0.784313977   0.784313977   0.784313977   1</color>
            </ambient>
            <diffuse>
              <color sid="diffuse">0.784313977   0.784313977   0.784313977   1</color>
            </diffuse>
            <specular>
              <color sid="specular">0   0   0   1</color>
            </specular>
            <shininess>
              <float sid="shininess">1024</float>
            </shininess>
          </phong>
        </technique>
      </profile_COMMON>
    </effect>
  </library_effects>
  <library_materials>
    <material id="Material-YVFb1q__2_.034" name="Material-塑胶__2_.034">
      <instance_effect url="#Material-YVFb1q__2_.034-fx"/>
    </material>
    <material id="Material-YVFb1q__1_.016" name="Material-塑胶__1_.016">
      <instance_effect url="#Material-YVFb1q__1_.016-fx"/>
    </material>
    <material id="Material-YVFb1q__2_.040" name="Material-塑胶__2_.040">
      <instance_effect url="#Material-YVFb1q__2_.040-fx"/>
    </material>
  </library_materials>
  <library_geometries>
    <geometry id="Mesh.002_1" name="Mesh.002" >
      <mesh>
        <source id="Mesh.002_1-positions" name="Mesh.002_1-positions">
          <float_array id="Mesh.002_1-positions-array" count="2502">0.0475492701 0.0669025704 0.017099537 0.0452119708 0.0604323745 0.034963958 0.0417625234 0.0594313741 0.034599632 0.0417625234 0.0594313741 0.034599632 0.0441862904 0.0659258887 0.0167440698 0.0475492701 0.0669025704 0.017099537 0.0451082513 0.0615472719 0.0353697464 0.0417905971 0.0603710413 0.0349416062 0.0417625234 0.0594313741 0.034599632 0.0417625234 0.0594313741 0.034599632 0.0452119708 0.0604323745 0.034963958 0.0451082513 0.0615472719 0.0353697464 0.0192770287 0.080880262 0.0424064063 0.0192770287 0.0818239376 0.0427498817 0.00263183378 0.0818239376 0.0427498817 0.00263183378 0.0818239376 0.0427498817 0.00263183564 0.080880262 0.0424064063 0.0192770287 0.080880262 0.0424064063 0.0382767245 0.0810205266 0.0424574614 0.0389066264 0.0798265263 0.0420228802 0.0404820368 0.0801097676 0.0421259403 0.0389066264 0.0798265263 0.0420228802 0.0382767245 0.0810205266 0.0424574614 0.0365516469 0.080330722 0.0422063954 0.0365516469 0.080330722 0.0422063954 0.0382767245 0.0810205266 0.0424574614 0.0354129598 0.0813245699 0.0425680764 0.0426524766 0.0782018304 0.0414314792 0.0404820368 0.0801097676 0.0421259403 0.0389066264 0.0798265263 0.0420228802 0.0389066264 0.0798265263 0.0420228802 0.0409390293 0.0786001608 0.0415764973 0.0426524766 0.0782018304 0.0414314792 0.046222318 0.0628788397 0.0358543918 0.0451082513 0.0615472719 0.0353697464 0.0452119708 0.0604323745 0.034963958 0.0452119708 0.0604323745 0.034963958 0.047080148 0.0623935387 0.0356777906 0.046222318 0.0628788397 0.0358543918 0.0426524766 0.0782018304 0.0414314792 0.0409390293 0.0786001608 0.0415764973 0.0424069054 0.0767977163 0.0409204289 0.0426524766 0.0782018304 0.0414314792 0.0424069054 0.0767977163 0.0409204289 0.0438946374 0.0761115476 0.0406707451 0.0477919802 0.0647932589 0.0365511999 0.0464774258 0.0701615214 0.0385050699 0.0448704287 0.0716117024 0.0390329286 0.0448704287 0.0716117024 0.0390329286 0.0467615053 0.0644950792 0.03644263 0.0477919802 0.0647932589 0.0365511999 0.047080148 0.0623935387 0.0356777906 0.0477919802 0.0647932589 0.0365511999 0.0467615053 0.0644950792 0.03644263 0.0467615053 0.0644950792 0.03644263 0.046222318 0.0628788397 0.0358543918 0.047080148 0.0623935387 0.0356777906 0.0464774258 0.0701615214 0.0385050699 0.0438946374 0.0761115476 0.0406707451 0.0424069054 0.0767977163 0.0409204289 0.0424069054 0.0767977163 0.0409204289 0.0448704287 0.0716117024 0.0390329286 0.0464774258 0.0701615214 0.0385050699 0.0192770287 0.0818239376 0.0427498817 0.0192770287 0.080880262 0.0424064063 0.0365516469 0.080330722 0.0422063954 0.0365516469 0.080330722 0.0422063954 0.0354129598 0.0813245699 0.0425680764 0.0192770287 0.0818239376 0.0427498817 0.0448704287 0.0716117024 0.0390329286 0.0424069054 0.0767977163 0.0409204289 0.0424069054 0.076934509 0.0405445546 0.0424069054 0.076934509 0.0405445546 0.0448704287 0.0717484877 0.0386569947 0.0448704287 0.0716117024 0.0390329286 0.0417905971 0.060507834 0.0345657393 0.0417905971 0.0603710413 0.0349416062 0.0451082513 0.0615472719 0.0353697464 0.0451082513 0.0615472719 0.0353697464 0.0451082513 0.0616841316 0.0349938795 0.0417905971 0.060507834 0.0345657393 0.0451082513 0.0615472719 0.0353697464 0.046222318 0.0628788397 0.0358543918 0.046222318 0.0630156323 0.0354785249 0.046222318 0.0630156323 0.0354785249 0.0451082513 0.0616841316 0.0349938795 0.0451082513 0.0615472719 0.0353697464 0.046222318 0.0628788397 0.0358543918 0.0467615053 0.0644950792 0.03644263 0.0467615053 0.0646318719 0.0360667706 0.0467615053 0.0646318719 0.0360667706 0.046222318 0.0630156323 0.0354785249 0.046222318 0.0628788397 0.0358543918 0.0467615053 0.0644950792 0.03644263 0.0448704287 0.0716117024 0.0390329286 0.0448704287 0.0717484877 0.0386569947 0.0448704287 0.0717484877 0.0386569947 0.0467615053 0.0646318719 0.0360667706 0.0467615053 0.0644950792 0.03644263 0.0365516469 0.080330722 0.0422063954 0.0192770287 0.080880262 0.0424064063 0.0192770287 0.0810170546 0.0420305356 0.0192770287 0.0810170546 0.0420305356 0.0365516469 0.0804675221 0.0418304801 0.0365516469 0.080330722 0.0422063954 0.0424069054 0.0767977163 0.0409204289 0.0409390293 0.0786001608 0.0415764973 0.0409390293 0.0787369609 0.0412006266 0.0409390293 0.0787369609 0.0412006266 0.0424069054 0.076934509 0.0405445546 0.0424069054 0.0767977163 0.0409204289 0.0409390293 0.0786001608 0.0415764973 0.0389066264 0.0798265263 0.0420228802 0.0389066264 0.079963319 0.0416469462 0.0389066264 0.079963319 0.0416469462 0.0409390293 0.0787369609 0.0412006266 0.0409390293 0.0786001608 0.0415764973 0.0389066264 0.0798265263 0.0420228802 0.0365516469 0.080330722 0.0422063954 0.0365516469 0.0804675221 0.0418304801 0.0365516469 0.0804675221 0.0418304801 0.0389066264 0.079963319 0.0416469462 0.0389066264 0.0798265263 0.0420228802 0.0192770287 0.0818239376 0.0427498817 0.0315349102 0.0879846215 0.0247727577 -0.00962604582 0.0879846215 0.0247727577 -0.00962604582 0.0879846215 0.0247727577 0.00263183378 0.0818239376 0.0427498817 0.0192770287 0.0818239376 0.0427498817 0.0441862904 0.0659258887 0.0167440698 0.0417625234 0.0594313741 0.034599632 -0.019853659 0.0594313741 0.034599632 -0.019853659 0.0594313741 0.034599632 -0.022277426 0.0659258887 0.0167440698 0.0441862904 0.0659258887 0.0167440698 -0.0256404094 0.0669025704 0.017099537 -0.022277426 0.0659258887 0.0167440698 -0.019853659 0.0594313741 0.034599632 -0.019853659 0.0594313741 0.034599632 -0.0233031064 0.0604323745 0.034963958 -0.0256404094 0.0669025704 0.017099537 -0.0231993869 0.0615472719 0.0353697464 -0.0233031064 0.0604323745 0.034963958 -0.019853659 0.0594313741 0.034599632 -0.019853659 0.0594313741 0.034599632 -0.0198817346 0.0603710413 0.0349416062 -0.0231993869 0.0615472719 0.0353697464 -0.0163678639 0.0810205266 0.0424574614 -0.0185731743 0.0801097676 0.0421259403 -0.0169977657 0.0798265263 0.0420228802 -0.0169977657 0.0798265263 0.0420228802 -0.0146427862 0.080330722 0.0422063954 -0.0163678639 0.0810205266 0.0424574614 -0.0146427862 0.080330722 0.0422063954 -0.0135040954 0.0813245699 0.0425680764 -0.0163678639 0.0810205266 0.0424574614 -0.0207436159 0.0782018304 0.0414314792 -0.0190301649 0.0786001608 0.0415764973 -0.0169977657 0.0798265263 0.0420228802 -0.0169977657 0.0798265263 0.0420228802 -0.0185731743 0.0801097676 0.0421259403 -0.0207436159 0.0782018304 0.0414314792 -0.0243134573 0.0628788397 0.0358543918 -0.0251712874 0.0623935387 0.0356777906 -0.0233031064 0.0604323745 0.034963958 -0.0233031064 0.0604323745 0.034963958 -0.0231993869 0.0615472719 0.0353697464 -0.0243134573 0.0628788397 0.0358543918 -0.0207436159 0.0782018304 0.0414314792 -0.0204980448 0.0767977163 0.0409204289 -0.0190301649 0.0786001608 0.0415764973 -0.0207436159 0.0782018304 0.0414314792 -0.0219857767 0.0761115476 0.0406707451 -0.0204980448 0.0767977163 0.0409204289 -0.0258831158 0.0647932589 0.0365511999 -0.0248526447 0.0644950792 0.03644263 -0.0229615644 0.0716117024 0.0390329286 -0.0229615644 0.0716117024 0.0390329286 -0.0245685652 0.0701615214 0.0385050699 -0.0258831158 0.0647932589 0.0365511999 -0.0251712874 0.0623935387 0.0356777906 -0.0243134573 0.0628788397 0.0358543918 -0.0248526447 0.0644950792 0.03644263 -0.0248526447 0.0644950792 0.03644263 -0.0258831158 0.0647932589 0.0365511999 -0.0251712874 0.0623935387 0.0356777906 -0.0245685652 0.0701615214 0.0385050699 -0.0229615644 0.0716117024 0.0390329286 -0.0204980448 0.0767977163 0.0409204289 -0.0204980448 0.0767977163 0.0409204289 -0.0219857767 0.0761115476 0.0406707451 -0.0245685652 0.0701615214 0.0385050699 0.00263183378 0.0818239376 0.0427498817 -0.0135040954 0.0813245699 0.0425680764 -0.0146427862 0.080330722 0.0422063954 -0.0146427862 0.080330722 0.0422063954 0.00263183564 0.080880262 0.0424064063 0.00263183378 0.0818239376 0.0427498817 0.0417625234 0.0594313741 0.034599632 0.0417905971 0.0603710413 0.0349416062 -0.0198817346 0.0603710413 0.0349416062 -0.0198817346 0.0603710413 0.0349416062 -0.019853659 0.0594313741 0.034599632 0.0417625234 0.0594313741 0.034599632 -0.0229615644 0.0716117024 0.0390329286 -0.0229615644 0.0717484877 0.0386569947 -0.0204980448 0.076934509 0.0405445546 -0.0204980448 0.076934509 0.0405445546 -0.0204980448 0.0767977163 0.0409204289 -0.0229615644 0.0716117024 0.0390329286 -0.0198817346 0.060507834 0.0345657393 -0.0231993869 0.0616841316 0.0349938795 -0.0231993869 0.0615472719 0.0353697464 -0.0231993869 0.0615472719 0.0353697464 -0.0198817346 0.0603710413 0.0349416062 -0.0198817346 0.060507834 0.0345657393 -0.0231993869 0.0615472719 0.0353697464 -0.0231993869 0.0616841316 0.0349938795 -0.0243134573 0.0630156323 0.0354785249 -0.0243134573 0.0630156323 0.0354785249 -0.0243134573 0.0628788397 0.0358543918 -0.0231993869 0.0615472719 0.0353697464 -0.0243134573 0.0628788397 0.0358543918 -0.0243134573 0.0630156323 0.0354785249 -0.0248526447 0.0646318719 0.0360667706 -0.0248526447 0.0646318719 0.0360667706 -0.0248526447 0.0644950792 0.03644263 -0.0243134573 0.0628788397 0.0358543918 -0.0248526447 0.0644950792 0.03644263 -0.0248526447 0.0646318719 0.0360667706 -0.0229615644 0.0717484877 0.0386569947 -0.0229615644 0.0717484877 0.0386569947 -0.0229615644 0.0716117024 0.0390329286 -0.0248526447 0.0644950792 0.03644263 -0.0146427862 0.080330722 0.0422063954 -0.0146427862 0.0804675221 0.0418304801 0.00263183564 0.0810170546 0.0420305356 0.00263183564 0.0810170546 0.0420305356 0.00263183564 0.080880262 0.0424064063 -0.0146427862 0.080330722 0.0422063954 0.0192770287 0.0810170546 0.0420305356 0.0192770287 0.080880262 0.0424064063 0.00263183564 0.080880262 0.0424064063 0.00263183564 0.080880262 0.0424064063 0.00263183564 0.0810170546 0.0420305356 0.0192770287 0.0810170546 0.0420305356 -0.0204980448 0.0767977163 0.0409204289 -0.0204980448 0.076934509 0.0405445546 -0.0190301649 0.0787369609 0.0412006266 -0.0190301649 0.0787369609 0.0412006266 -0.0190301649 0.0786001608 0.0415764973 -0.0204980448 0.0767977163 0.0409204289 -0.0190301649 0.0786001608 0.0415764973 -0.0190301649 0.0787369609 0.0412006266 -0.0169977657 0.079963319 0.0416469462 -0.0169977657 0.079963319 0.0416469462 -0.0169977657 0.0798265263 0.0420228802 -0.0190301649 0.0786001608 0.0415764973 -0.0169977657 0.0798265263 0.0420228802 -0.0169977657 0.079963319 0.0416469462 -0.0146427862 0.0804675221 0.0418304801 -0.0146427862 0.0804675221 0.0418304801 -0.0146427862 0.080330722 0.0422063954 -0.0169977657 0.0798265263 0.0420228802 0.0417905971 0.0603710413 0.0349416062 0.0417905971 0.060507834 0.0345657393 -0.0198817346 0.060507834 0.0345657393 -0.0198817346 0.060507834 0.0345657393 -0.0198817346 0.0603710413 0.0349416062 0.0417905971 0.0603710413 0.0349416062 0.0370948315 0.0869104415 0.0210639387 0.0409342088 0.0865617022 0.0209370051 0.0431540199 0.0857913345 0.0206566229 0.0431540199 0.0857913345 0.0206566229 0.044958815 0.0843357816 0.0201268531 0.0461659245 0.0822403952 0.01936418 0.0461659245 0.0822403952 0.01936418 0.0481188633 0.0773821697 0.017595958 0.0490425937 0.073418051 0.016153127 0.0431540199 0.0857913345 0.0206566229 0.0461659245 0.0822403952 0.01936418 0.0490425937 0.073418051 0.016153127 0.0490425937 0.073418051 0.016153127 0.0482335277 0.0712131485 0.0153505532 0.0465001948 0.0696313456 0.0147748441 0.0465001948 0.0696313456 0.0147748441 0.0438842848 0.0688716248 0.0144983474 -0.021975413 0.0688716248 0.0144983474 0.0490425937 0.073418051 0.016153127 0.0465001948 0.0696313456 0.0147748441 -0.021975413 0.0688716248 0.0144983474 0.0431540199 0.0857913345 0.0206566229 0.0490425937 0.073418051 0.016153127 -0.021975413 0.0688716248 0.0144983474 -0.021975413 0.0688716248 0.0144983474 -0.0245913304 0.0696313456 0.0147748431 -0.0263246559 0.0712131485 0.0153505532 -0.0263246559 0.0712131485 0.0153505532 -0.0271337293 0.073418051 0.016153127 -0.0262099914 0.0773821697 0.017595958 -0.021975413 0.0688716248 0.0144983474 -0.0263246559 0.0712131485 0.0153505532 -0.0262099914 0.0773821697 0.017595958 -0.0262099914 0.0773821697 0.017595958 -0.0242570527 0.0822403952 0.0193641819 -0.0230499506 0.0843357816 0.0201268531 -0.0230499506 0.0843357816 0.0201268531 -0.0212451555 0.0857913345 0.0206566229 -0.0190253388 0.0865617022 0.0209370069 -0.0262099914 0.0773821697 0.017595958 -0.0230499506 0.0843357816 0.0201268531 -0.0190253388 0.0865617022 0.0209370069 -0.021975413 0.0688716248 0.0144983474 -0.0262099914 0.0773821697 0.017595958 -0.0190253388 0.0865617022 0.0209370069 0.0431540199 0.0857913345 0.0206566229 -0.021975413 0.0688716248 0.0144983474 -0.0190253388 0.0865617022 0.0209370069 -0.0190253388 0.0865617022 0.0209370069 -0.0151859764 0.0869104415 0.0210639387 -0.00957653672 0.0871715769 0.021158956 0.0431540199 0.0857913345 0.0206566229 -0.0190253388 0.0865617022 0.0209370069 -0.00957653672 0.0871715769 0.021158956 0.0370948315 0.0869104415 0.0210639387 0.0431540199 0.0857913345 0.0206566229 -0.00957653672 0.0871715769 0.021158956 0.0314854011 0.0871715769 0.021158956 0.0370948315 0.0869104415 0.0210639387 -0.00957653672 0.0871715769 0.021158956 0.0438946374 0.0761115476 0.0406707451 0.0479891114 0.0819570124 0.0225789174 0.0465417467 0.08446946 0.0234933868 0.0465417467 0.08446946 0.0234933868 0.0426524766 0.0782018304 0.0414314792 0.0438946374 0.0761115476 0.0406707451 0.0426524766 0.0782018304 0.0414314792 0.0465417467 0.08446946 0.0234933868 0.0441839285 0.086371012 0.024185488 0.0441839285 0.086371012 0.024185488 0.0404820368 0.0801097676 0.0421259403 0.0426524766 0.0782018304 0.0414314792 0.0511164553 0.0722380802 0.0190415308 0.0477919802 0.0647932589 0.0365511999 0.047080148 0.0623935387 0.0356777906 0.047080148 0.0623935387 0.0356777906 0.0499688797 0.0691106617 0.0179031938 0.0511164553 0.0722380802 0.0190415308 0.0477919802 0.0647932589 0.0365511999 0.0511164553 0.0722380802 0.0190415308 0.0500413701 0.0768517181 0.0207207687 0.0500413701 0.0768517181 0.0207207687 0.0464774258 0.0701615214 0.0385050699 0.0477919802 0.0647932589 0.0365511999 0.0464774258 0.0701615214 0.0385050699 0.0500413701 0.0768517181 0.0207207687 0.0479891114 0.0819570124 0.0225789174 0.0479891114 0.0819570124 0.0225789174 0.0438946374 0.0761115476 0.0406707451 0.0464774258 0.0701615214 0.0385050699 0.0499688797 0.0691106617 0.0179031938 0.047080148 0.0623935387 0.0356777906 0.0452119708 0.0604323745 0.034963958 0.0452119708 0.0604323745 0.034963958 0.0475492701 0.0669025704 0.017099537 0.0499688797 0.0691106617 0.0179031938 0.0354129598 0.0813245699 0.0425680764 0.0372406021 0.0877189934 0.024676105 0.0315349102 0.0879846215 0.0247727577 0.0315349102 0.0879846215 0.0247727577 0.0192770287 0.0818239376 0.0427498817 0.0354129598 0.0813245699 0.0425680764 0.0404820368 0.0801097676 0.0421259403 0.0441839285 0.086371012 0.024185488 0.0413842723 0.087342605 0.0245391093 0.0413842723 0.087342605 0.0245391093 0.0382767245 0.0810205266 0.0424574614 0.0404820368 0.0801097676 0.0421259403 0.0382767245 0.0810205266 0.0424574614 0.0413842723 0.087342605 0.0245391093 0.0372406021 0.0877189934 0.024676105 0.0372406021 0.0877189934 0.024676105 0.0354129598 0.0813245699 0.0425680764 0.0382767245 0.0810205266 0.0424574614 -0.0219857767 0.0761115476 0.0406707451 -0.0207436159 0.0782018304 0.0414314792 -0.0246328823 0.08446946 0.0234933868 -0.0246328823 0.08446946 0.0234933868 -0.026080247 0.0819570124 0.0225789174 -0.0219857767 0.0761115476 0.0406707451 -0.0207436159 0.0782018304 0.0414314792 -0.0185731743 0.0801097676 0.0421259403 -0.0222750679 0.086371012 0.024185488 -0.0222750679 0.086371012 0.024185488 -0.0246328823 0.08446946 0.0234933868 -0.0207436159 0.0782018304 0.0414314792 -0.0292075947 0.0722380802 0.0190415308 -0.0280600153 0.0691106617 0.0179031938 -0.0251712874 0.0623935387 0.0356777906 -0.0251712874 0.0623935387 0.0356777906 -0.0258831158 0.0647932589 0.0365511999 -0.0292075947 0.0722380802 0.0190415308 -0.0258831158 0.0647932589 0.0365511999 -0.0245685652 0.0701615214 0.0385050699 -0.0281325057 0.0768517181 0.0207207687 -0.0281325057 0.0768517181 0.0207207687 -0.0292075947 0.0722380802 0.0190415308 -0.0258831158 0.0647932589 0.0365511999 -0.0245685652 0.0701615214 0.0385050699 -0.0219857767 0.0761115476 0.0406707451 -0.026080247 0.0819570124 0.0225789174 -0.026080247 0.0819570124 0.0225789174 -0.0281325057 0.0768517181 0.0207207687 -0.0245685652 0.0701615214 0.0385050699 -0.0280600153 0.0691106617 0.0179031938 -0.0256404094 0.0669025704 0.017099537 -0.0233031064 0.0604323745 0.034963958 -0.0233031064 0.0604323745 0.034963958 -0.0251712874 0.0623935387 0.0356777906 -0.0280600153 0.0691106617 0.0179031938 -0.0135040954 0.0813245699 0.0425680764 0.00263183378 0.0818239376 0.0427498817 -0.00962604582 0.0879846215 0.0247727577 -0.00962604582 0.0879846215 0.0247727577 -0.0153317396 0.0877189934 0.024676105 -0.0135040954 0.0813245699 0.0425680764 -0.0185731743 0.0801097676 0.0421259403 -0.0163678639 0.0810205266 0.0424574614 -0.0194754079 0.087342605 0.0245391093 -0.0194754079 0.087342605 0.0245391093 -0.0222750679 0.086371012 0.024185488 -0.0185731743 0.0801097676 0.0421259403 -0.0163678639 0.0810205266 0.0424574614 -0.0135040954 0.0813245699 0.0425680764 -0.0153317396 0.0877189934 0.024676105 -0.0153317396 0.0877189934 0.024676105 -0.0194754079 0.087342605 0.0245391093 -0.0163678639 0.0810205266 0.0424574614 0.0315349102 0.0879846215 0.0247727577 0.0315349102 0.0883669257 0.0237223804 -0.00962604582 0.0883669257 0.0237223804 -0.00962604582 0.0883669257 0.0237223804 -0.00962604582 0.0879846215 0.0247727577 0.0315349102 0.0879846215 0.0247727577 0.0372406021 0.0877189934 0.024676105 0.0372406095 0.0881012976 0.0236257296 0.0315349102 0.0883669257 0.0237223804 0.0315349102 0.0883669257 0.0237223804 0.0315349102 0.0879846215 0.0247727577 0.0372406021 0.0877189934 0.024676105 0.0413842723 0.087342605 0.0245391093 0.0413842723 0.0877249166 0.0234887339 0.0372406095 0.0881012976 0.0236257296 0.0372406095 0.0881012976 0.0236257296 0.0372406021 0.0877189934 0.024676105 0.0413842723 0.087342605 0.0245391093 0.0441839285 0.086371012 0.024185488 0.0441839322 0.0867533237 0.0231351126 0.0413842723 0.0877249166 0.0234887339 0.0413842723 0.0877249166 0.0234887339 0.0413842723 0.087342605 0.0245391093 0.0441839285 0.086371012 0.024185488 0.0465417467 0.08446946 0.0234933868 0.0465417467 0.0848517716 0.0224430114 0.0441839322 0.0867533237 0.0231351126 0.0441839322 0.0867533237 0.0231351126 0.0441839285 0.086371012 0.024185488 0.0465417467 0.08446946 0.0234933868 0.0479891114 0.0819570124 0.0225789174 0.0479891114 0.0823393241 0.021528542 0.0465417467 0.0848517716 0.0224430114 0.0465417467 0.0848517716 0.0224430114 0.0465417467 0.08446946 0.0234933868 0.0479891114 0.0819570124 0.0225789174 0.0500413701 0.0768517181 0.0207207687 0.0500413701 0.0772340223 0.0196703933 0.0479891114 0.0823393241 0.021528542 0.0479891114 0.0823393241 0.021528542 0.0479891114 0.0819570124 0.0225789174 0.0500413701 0.0768517181 0.0207207687 0.0511164553 0.0722380802 0.0190415308 0.0511164553 0.0726203844 0.0179911554 0.0500413701 0.0772340223 0.0196703933 0.0500413701 0.0772340223 0.0196703933 0.0500413701 0.0768517181 0.0207207687 0.0511164553 0.0722380802 0.0190415308 0.0499688797 0.0691106617 0.0179031938 0.0499688834 0.0694929659 0.0168528147 0.0511164553 0.0726203844 0.0179911554 0.0511164553 0.0726203844 0.0179911554 0.0511164553 0.0722380802 0.0190415308 0.0499688797 0.0691106617 0.0179031938 0.0475492701 0.0669025704 0.017099537 0.0475492701 0.0672848821 0.0160491578 0.0499688834 0.0694929659 0.0168528147 0.0499688834 0.0694929659 0.0168528147 0.0499688797 0.0691106617 0.0179031938 0.0475492701 0.0669025704 0.017099537 0.0441862904 0.0659258887 0.0167440698 0.0441862941 0.0663082004 0.0156936925 0.0475492701 0.0672848821 0.0160491578 0.0475492701 0.0672848821 0.0160491578 0.0475492701 0.0669025704 0.017099537 0.0441862904 0.0659258887 0.0167440698 -0.022277426 0.0659258887 0.0167440698 -0.022277426 0.0663082004 0.0156936925 0.0441862941 0.0663082004 0.0156936925 0.0441862941 0.0663082004 0.0156936925 0.0441862904 0.0659258887 0.0167440698 -0.022277426 0.0659258887 0.0167440698 -0.0256404094 0.0669025704 0.017099537 -0.0256404094 0.0672848821 0.0160491578 -0.022277426 0.0663082004 0.0156936925 -0.022277426 0.0663082004 0.0156936925 -0.022277426 0.0659258887 0.0167440698 -0.0256404094 0.0669025704 0.017099537 -0.0280600153 0.0691106617 0.0179031938 -0.0280600153 0.0694929659 0.0168528147 -0.0256404094 0.0672848821 0.0160491578 -0.0256404094 0.0672848821 0.0160491578 -0.0256404094 0.0669025704 0.017099537 -0.0280600153 0.0691106617 0.0179031938 -0.0292075947 0.0722380802 0.0190415308 -0.0292075947 0.0726203844 0.0179911554 -0.0280600153 0.0694929659 0.0168528147 -0.0280600153 0.0694929659 0.0168528147 -0.0280600153 0.0691106617 0.0179031938 -0.0292075947 0.0722380802 0.0190415308 -0.0281325057 0.0768517181 0.0207207687 -0.0281325057 0.0772340223 0.0196703933 -0.0292075947 0.0726203844 0.0179911554 -0.0292075947 0.0726203844 0.0179911554 -0.0292075947 0.0722380802 0.0190415308 -0.0281325057 0.0768517181 0.0207207687 -0.026080247 0.0819570124 0.0225789174 -0.026080247 0.0823393241 0.021528542 -0.0281325057 0.0772340223 0.0196703933 -0.0281325057 0.0772340223 0.0196703933 -0.0281325057 0.0768517181 0.0207207687 -0.026080247 0.0819570124 0.0225789174 -0.0246328823 0.08446946 0.0234933868 -0.0246328823 0.0848517716 0.0224430114 -0.026080247 0.0823393241 0.021528542 -0.026080247 0.0823393241 0.021528542 -0.026080247 0.0819570124 0.0225789174 -0.0246328823 0.08446946 0.0234933868 -0.0222750679 0.086371012 0.024185488 -0.0222750679 0.0867533237 0.0231351126 -0.0246328823 0.0848517716 0.0224430114 -0.0246328823 0.0848517716 0.0224430114 -0.0246328823 0.08446946 0.0234933868 -0.0222750679 0.086371012 0.024185488 -0.0194754079 0.087342605 0.0245391093 -0.0194754079 0.0877249166 0.0234887339 -0.0222750679 0.0867533237 0.0231351126 -0.0222750679 0.0867533237 0.0231351126 -0.0222750679 0.086371012 0.024185488 -0.0194754079 0.087342605 0.0245391093 -0.0153317396 0.0877189934 0.024676105 -0.0153317396 0.0881012976 0.0236257315 -0.0194754079 0.0877249166 0.0234887339 -0.0194754079 0.0877249166 0.0234887339 -0.0194754079 0.087342605 0.0245391093 -0.0153317396 0.0877189934 0.024676105 -0.00962604582 0.0879846215 0.0247727577 -0.00962604582 0.0883669257 0.0237223804 -0.0153317396 0.0881012976 0.0236257315 -0.0153317396 0.0881012976 0.0236257315 -0.0153317396 0.0877189934 0.024676105 -0.00962604582 0.0879846215 0.0247727577 0.0370948315 0.0869104415 0.0210639387 0.0314854011 0.0871715769 0.021158956 0.0315225348 0.0884101018 0.022141831 0.0315225348 0.0884101018 0.022141831 0.037204165 0.0881456062 0.02204559 0.0370948315 0.0869104415 0.0210639387 0.0409342088 0.0865617022 0.0209370051 0.0370948315 0.0869104415 0.0210639387 0.037204165 0.0881456062 0.02204559 0.037204165 0.0881456062 0.02204559 0.0412717611 0.0877761394 0.0219111107 0.0409342088 0.0865617022 0.0209370051 0.0431540199 0.0857913345 0.0206566229 0.0409342088 0.0865617022 0.0209370051 0.0412717611 0.0877761394 0.0219111107 0.0412717611 0.0877761394 0.0219111107 0.0439264588 0.0868548527 0.0215757992 0.0431540199 0.0857913345 0.0206566229 0.044958815 0.0843357816 0.0201268531 0.0431540199 0.0857913345 0.0206566229 0.0439264588 0.0868548527 0.0215757992 0.0439264588 0.0868548527 0.0215757992 0.0461460166 0.0850647911 0.0209242813 0.044958815 0.0843357816 0.0201268531 0.0461659245 0.0822403952 0.01936418 0.044958815 0.0843357816 0.0201268531 0.0461460166 0.0850647911 0.0209242813 0.0461460166 0.0850647911 0.0209242813 0.0475333147 0.0826566145 0.0200477596 0.0461659245 0.0822403952 0.01936418 0.0481188633 0.0773821697 0.017595958 0.0461659245 0.0822403952 0.01936418 0.0475333147 0.0826566145 0.0200477596 0.0475333147 0.0826566145 0.0200477596 0.0495607443 0.0776130781 0.0182120912 0.0481188633 0.0773821697 0.017595958 0.0490425937 0.073418051 0.016153127 0.0481188633 0.0773821697 0.017595958 0.0495607443 0.0776130781 0.0182120912 0.0495607443 0.0776130781 0.0182120912 0.0505979918 0.0731618255 0.016591955 0.0490425937 0.073418051 0.016153127 0.0482335277 0.0712131485 0.0153505532 0.0490425937 0.073418051 0.016153127 0.0505979918 0.0731618255 0.016591955 0.0505979918 0.0731618255 0.016591955 0.0495350435 0.0702650324 0.0155375572 0.0482335277 0.0712131485 0.0153505532 0.0465001948 0.0696313456 0.0147748441 0.0482335277 0.0712131485 0.0153505532 0.0495350435 0.0702650324 0.0155375572 0.0495350435 0.0702650324 0.0155375572 0.0472870022 0.068213515 0.014790887 0.0465001948 0.0696313456 0.0147748441 0.0438842848 0.0688716248 0.0144983474 0.0465001948 0.0696313456 0.0147748441 0.0472870022 0.068213515 0.014790887 0.0472870022 0.068213515 0.014790887 0.0441107936 0.0672910735 0.0144551657 0.0438842848 0.0688716248 0.0144983474 -0.021975413 0.0688716248 0.0144983474 0.0438842848 0.0688716248 0.0144983474 0.0441107936 0.0672910735 0.0144551657 0.0441107936 0.0672910735 0.0144551657 -0.0222019255 0.0672910735 0.0144551657 -0.021975413 0.0688716248 0.0144983474 -0.0245913304 0.0696313456 0.0147748431 -0.021975413 0.0688716248 0.0144983474 -0.0222019255 0.0672910735 0.0144551657 -0.0222019255 0.0672910735 0.0144551657 -0.0253781378 0.068213515 0.0147908861 -0.0245913304 0.0696313456 0.0147748431 -0.0263246559 0.0712131485 0.0153505532 -0.0245913304 0.0696313456 0.0147748431 -0.0253781378 0.068213515 0.0147908861 -0.0253781378 0.068213515 0.0147908861 -0.0276261717 0.0702650324 0.0155375572 -0.0263246559 0.0712131485 0.0153505532 -0.0271337293 0.073418051 0.016153127 -0.0263246559 0.0712131485 0.0153505532 -0.0276261717 0.0702650324 0.0155375572 -0.0276261717 0.0702650324 0.0155375572 -0.0286891274 0.0731618255 0.016591955 -0.0271337293 0.073418051 0.016153127 -0.0262099914 0.0773821697 0.017595958 -0.0271337293 0.073418051 0.016153127 -0.0286891274 0.0731618255 0.016591955 -0.0286891274 0.0731618255 0.016591955 -0.0276518762 0.0776130781 0.0182120912 -0.0262099914 0.0773821697 0.017595958 -0.0242570527 0.0822403952 0.0193641819 -0.0262099914 0.0773821697 0.017595958 -0.0276518762 0.0776130781 0.0182120912 -0.0276518762 0.0776130781 0.0182120912 -0.0256244466 0.0826566145 0.0200477596 -0.0242570527 0.0822403952 0.0193641819 -0.0230499506 0.0843357816 0.0201268531 -0.0242570527 0.0822403952 0.0193641819 -0.0256244466 0.0826566145 0.0200477596 -0.0256244466 0.0826566145 0.0200477596 -0.0242371522 0.0850647911 0.0209242813 -0.0230499506 0.0843357816 0.0201268531 -0.0212451555 0.0857913345 0.0206566229 -0.0230499506 0.0843357816 0.0201268531 -0.0242371522 0.0850647911 0.0209242813 -0.0242371522 0.0850647911 0.0209242813 -0.022017587 0.0868548527 0.0215757992 -0.0212451555 0.0857913345 0.0206566229 -0.0190253388 0.0865617022 0.0209370069 -0.0212451555 0.0857913345 0.0206566229 -0.022017587 0.0868548527 0.0215757992 -0.022017587 0.0868548527 0.0215757992 -0.0193628911 0.0877761394 0.0219111107 -0.0190253388 0.0865617022 0.0209370069 -0.0151859764 0.0869104415 0.0210639387 -0.0190253388 0.0865617022 0.0209370069 -0.0193628911 0.0877761394 0.0219111107 -0.0193628911 0.0877761394 0.0219111107 -0.0152953006 0.0881456062 0.02204559 -0.0151859764 0.0869104415 0.0210639387 -0.00957653672 0.0871715769 0.021158956 -0.0151859764 0.0869104415 0.0210639387 -0.0152953006 0.0881456062 0.02204559 -0.0152953006 0.0881456062 0.02204559 -0.00961366855 0.0884101018 0.022141831 -0.00957653672 0.0871715769 0.021158956 0.0314854011 0.0871715769 0.021158956 -0.00957653672 0.0871715769 0.021158956 -0.00961366855 0.0884101018 0.022141831 -0.00961366855 0.0884101018 0.022141831 0.0315225348 0.0884101018 0.022141831 0.0314854011 0.0871715769 0.021158956 -0.00962604582 0.0883669257 0.0237223804 0.0315349102 0.0883669257 0.0237223804 0.0315225348 0.0884101018 0.022141831 0.0315225348 0.0884101018 0.022141831 -0.00961366855 0.0884101018 0.022141831 -0.00962604582 0.0883669257 0.0237223804 0.0315349102 0.0883669257 0.0237223804 0.0372406095 0.0881012976 0.0236257296 0.037204165 0.0881456062 0.02204559 0.037204165 0.0881456062 0.02204559 0.0315225348 0.0884101018 0.022141831 0.0315349102 0.0883669257 0.0237223804 0.0372406095 0.0881012976 0.0236257296 0.0413842723 0.0877249166 0.0234887339 0.0412717611 0.0877761394 0.0219111107 0.0412717611 0.0877761394 0.0219111107 0.037204165 0.0881456062 0.02204559 0.0372406095 0.0881012976 0.0236257296 0.0413842723 0.0877249166 0.0234887339 0.0441839322 0.0867533237 0.0231351126 0.0439264588 0.0868548527 0.0215757992 0.0439264588 0.0868548527 0.0215757992 0.0412717611 0.0877761394 0.0219111107 0.0413842723 0.0877249166 0.0234887339 0.0441839322 0.0867533237 0.0231351126 0.0465417467 0.0848517716 0.0224430114 0.0461460166 0.0850647911 0.0209242813 0.0461460166 0.0850647911 0.0209242813 0.0439264588 0.0868548527 0.0215757992 0.0441839322 0.0867533237 0.0231351126 0.0465417467 0.0848517716 0.0224430114 0.0479891114 0.0823393241 0.021528542 0.0475333147 0.0826566145 0.0200477596 0.0475333147 0.0826566145 0.0200477596 0.0461460166 0.0850647911 0.0209242813 0.0465417467 0.0848517716 0.0224430114 0.0479891114 0.0823393241 0.021528542 0.0500413701 0.0772340223 0.0196703933 0.0495607443 0.0776130781 0.0182120912 0.0495607443 0.0776130781 0.0182120912 0.0475333147 0.0826566145 0.0200477596 0.0479891114 0.0823393241 0.021528542 0.0500413701 0.0772340223 0.0196703933 0.0511164553 0.0726203844 0.0179911554 0.0505979918 0.0731618255 0.016591955 0.0505979918 0.0731618255 0.016591955 0.0495607443 0.0776130781 0.0182120912 0.0500413701 0.0772340223 0.0196703933 0.0511164553 0.0726203844 0.0179911554 0.0499688834 0.0694929659 0.0168528147 0.0495350435 0.0702650324 0.0155375572 0.0495350435 0.0702650324 0.0155375572 0.0505979918 0.0731618255 0.016591955 0.0511164553 0.0726203844 0.0179911554 0.0499688834 0.0694929659 0.0168528147 0.0475492701 0.0672848821 0.0160491578 0.0472870022 0.068213515 0.014790887 0.0472870022 0.068213515 0.014790887 0.0495350435 0.0702650324 0.0155375572 0.0499688834 0.0694929659 0.0168528147 0.0475492701 0.0672848821 0.0160491578 0.0441862941 0.0663082004 0.0156936925 0.0441107936 0.0672910735 0.0144551657 0.0441107936 0.0672910735 0.0144551657 0.0472870022 0.068213515 0.014790887 0.0475492701 0.0672848821 0.0160491578 0.0441862941 0.0663082004 0.0156936925 -0.022277426 0.0663082004 0.0156936925 -0.0222019255 0.0672910735 0.0144551657 -0.0222019255 0.0672910735 0.0144551657 0.0441107936 0.0672910735 0.0144551657 0.0441862941 0.0663082004 0.0156936925 -0.022277426 0.0663082004 0.0156936925 -0.0256404094 0.0672848821 0.0160491578 -0.0253781378 0.068213515 0.0147908861 -0.0253781378 0.068213515 0.0147908861 -0.0222019255 0.0672910735 0.0144551657 -0.022277426 0.0663082004 0.0156936925 -0.0256404094 0.0672848821 0.0160491578 -0.0280600153 0.0694929659 0.0168528147 -0.0276261717 0.0702650324 0.0155375572 -0.0276261717 0.0702650324 0.0155375572 -0.0253781378 0.068213515 0.0147908861 -0.0256404094 0.0672848821 0.0160491578 -0.0280600153 0.0694929659 0.0168528147 -0.0292075947 0.0726203844 0.0179911554 -0.0286891274 0.0731618255 0.016591955 -0.0286891274 0.0731618255 0.016591955 -0.0276261717 0.0702650324 0.0155375572 -0.0280600153 0.0694929659 0.0168528147 -0.0292075947 0.0726203844 0.0179911554 -0.0281325057 0.0772340223 0.0196703933 -0.0276518762 0.0776130781 0.0182120912 -0.0276518762 0.0776130781 0.0182120912 -0.0286891274 0.0731618255 0.016591955 -0.0292075947 0.0726203844 0.0179911554 -0.0281325057 0.0772340223 0.0196703933 -0.026080247 0.0823393241 0.021528542 -0.0256244466 0.0826566145 0.0200477596 -0.0256244466 0.0826566145 0.0200477596 -0.0276518762 0.0776130781 0.0182120912 -0.0281325057 0.0772340223 0.0196703933 -0.026080247 0.0823393241 0.021528542 -0.0246328823 0.0848517716 0.0224430114 -0.0242371522 0.0850647911 0.0209242813 -0.0242371522 0.0850647911 0.0209242813 -0.0256244466 0.0826566145 0.0200477596 -0.026080247 0.0823393241 0.021528542 -0.0246328823 0.0848517716 0.0224430114 -0.0222750679 0.0867533237 0.0231351126 -0.022017587 0.0868548527 0.0215757992 -0.022017587 0.0868548527 0.0215757992 -0.0242371522 0.0850647911 0.0209242813 -0.0246328823 0.0848517716 0.0224430114 -0.0222750679 0.0867533237 0.0231351126 -0.0194754079 0.0877249166 0.0234887339 -0.0193628911 0.0877761394 0.0219111107 -0.0193628911 0.0877761394 0.0219111107 -0.022017587 0.0868548527 0.0215757992 -0.0222750679 0.0867533237 0.0231351126 -0.0194754079 0.0877249166 0.0234887339 -0.0153317396 0.0881012976 0.0236257315 -0.0152953006 0.0881456062 0.02204559 -0.0152953006 0.0881456062 0.02204559 -0.0193628911 0.0877761394 0.0219111107 -0.0194754079 0.0877249166 0.0234887339 -0.0153317396 0.0881012976 0.0236257315 -0.00962604582 0.0883669257 0.0237223804 -0.00961366855 0.0884101018 0.022141831 -0.00961366855 0.0884101018 0.022141831 -0.0152953006 0.0881456062 0.02204559 -0.0153317396 0.0881012976 0.0236257315</float_array>
          <technique_common>
            <accessor count="834" offset="0" source="#Mesh.002_1-positions-array" stride="3">
              <param name="X" type="float" />
              <param name="Y" type="float" />
              <param name="Z" type="float" />
            </accessor>
          </technique_common>
        </source>
        <source id="Mesh.002_1-normals" name="Mesh.002_1-normals">
          <float_array id="Mesh.002_1-normals-array" count="2502">0.516302288 -0.81534034 -0.262015462 0.520151734 -0.823977649 -0.224728987 0.137372881 -0.936695933 -0.32207039 0.137372881 -0.936695933 -0.32207039 0.155173063 -0.931805074 -0.328116447 0.516302288 -0.81534034 -0.262015462 2.40238774e-06 -0.342016935 0.939693749 -1.17160735e-05 -0.341987967 0.939704359 -6.84092493e-06 -0.341991305 0.939703107 -6.84092493e-06 -0.341991305 0.939703107 -1.96187648e-06 -0.342017382 0.939693689 2.40238774e-06 -0.342016935 0.939693749 -2.09906617e-07 -0.342023671 0.939691305 -1.16239008e-07 -0.342022777 0.939691663 1.16239079e-07 -0.342022717 0.939691603 1.16239079e-07 -0.342022717 0.939691603 2.09906503e-07 -0.342023671 0.939691365 -2.09906617e-07 -0.342023671 0.939691305 2.98751274e-06 -0.342012167 0.939695477 1.40582415e-05 -0.342012972 0.939695299 1.80510942e-05 -0.342013359 0.93969512 1.40582415e-05 -0.342012972 0.939695299 2.98751274e-06 -0.342012167 0.939695477 -5.7047655e-06 -0.341993898 0.939702094 -5.7047655e-06 -0.341993898 0.939702094 2.98751274e-06 -0.342012167 0.939695477 1.05234005e-06 -0.341978729 0.939707696 8.35391438e-06 -0.342015415 0.939694285 1.80510942e-05 -0.342013359 0.93969512 1.40582415e-05 -0.342012972 0.939695299 1.40582415e-05 -0.342012972 0.939695299 2.82878536e-05 -0.341995925 0.939701378 8.35391438e-06 -0.342015415 0.939694285 -2.33740066e-05 -0.342004418 0.939698398 2.40238774e-06 -0.342016935 0.939693749 -1.96187648e-06 -0.342017382 0.939693689 -1.96187648e-06 -0.342017382 0.939693689 -2.90711905e-05 -0.342003971 0.939698577 -2.33740066e-05 -0.342004418 0.939698398 8.35391438e-06 -0.342015415 0.939694285 2.82878536e-05 -0.341995925 0.939701378 -2.22394938e-05 -0.3420192 0.939692855 8.35391438e-06 -0.342015415 0.939694285 -2.22394938e-05 -0.3420192 0.939692855 -5.06268298e-05 -0.3420403 0.939685225 -3.17793929e-05 -0.342021048 0.939692318 3.01407199e-05 -0.342010081 0.939696252 4.7811558e-05 -0.341993392 0.939702332 4.7811558e-05 -0.341993392 0.939702332 -3.55924822e-05 -0.342015445 0.939694345 -3.17793929e-05 -0.342021048 0.939692318 -2.90711905e-05 -0.342003971 0.939698577 -3.17793929e-05 -0.342021048 0.939692318 -3.55924822e-05 -0.342015445 0.939694345 -3.55924822e-05 -0.342015445 0.939694345 -2.33740066e-05 -0.342004418 0.939698398 -2.90711905e-05 -0.342003971 0.939698577 3.01407199e-05 -0.342010081 0.939696252 -5.06268298e-05 -0.3420403 0.939685225 -2.22394938e-05 -0.3420192 0.939692855 -2.22394938e-05 -0.3420192 0.939692855 4.7811558e-05 -0.341993392 0.939702332 3.01407199e-05 -0.342010081 0.939696252 -1.16239008e-07 -0.342022777 0.939691663 -2.09906617e-07 -0.342023671 0.939691305 -5.7047655e-06 -0.341993898 0.939702094 -5.7047655e-06 -0.341993898 0.939702094 1.05234005e-06 -0.341978729 0.939707696 -1.16239008e-07 -0.342022777 0.939691663 -0.945302606 -0.306533247 -0.111535162 -0.859491706 -0.480327934 -0.174811676 -0.859493792 -0.480325043 -0.174809217 -0.859493792 -0.480325043 -0.174809217 -0.945306182 -0.306524158 -0.111531526 -0.945302606 -0.306533247 -0.111535162 -0.179412782 0.924454927 0.336443365 -0.179412857 0.924456835 0.33643797 -0.591274261 0.75780201 0.275918007 -0.591274261 0.75780201 0.275918007 -0.591294169 0.757783949 0.275924891 -0.179412782 0.924454927 0.336443365 -0.591274261 0.75780201 0.275918007 -0.884662092 0.438118696 0.159452409 -0.884659946 0.438120276 0.159459978 -0.884659946 0.438120276 0.159459978 -0.591294169 0.757783949 0.275924891 -0.591274261 0.75780201 0.275918007 -0.884662092 0.438118696 0.159452409 -0.999563694 0.027755959 0.0101022115 -0.999563575 0.0277598631 0.0101031708 -0.999563575 0.0277598631 0.0101031708 -0.884659946 0.438120276 0.159459978 -0.884662092 0.438118696 0.159452409 -0.999563694 0.027755959 0.0101022115 -0.945302606 -0.306533247 -0.111535162 -0.945306182 -0.306524158 -0.111531526 -0.945306182 -0.306524158 -0.111531526 -0.999563575 0.0277598631 0.0101031708 -0.999563694 0.027755959 0.0101022115 -0.128570795 -0.931914628 -0.339123368 -0.0169193503 -0.939567029 -0.34194681 -0.0169193819 -0.939567089 -0.341946512 -0.0169193819 -0.939567089 -0.341946512 -0.128572419 -0.931915045 -0.339121729 -0.128570795 -0.931914628 -0.339123368 -0.859491706 -0.480327934 -0.174811676 -0.677388072 -0.691264391 -0.251592755 -0.677388847 -0.691262603 -0.251595438 -0.677388847 -0.691262603 -0.251595438 -0.859493792 -0.480325043 -0.174809217 -0.859491706 -0.480327934 -0.174811676 -0.677388072 -0.691264391 -0.251592755 -0.387040079 -0.866483688 -0.315287322 -0.387046844 -0.866480052 -0.315288603 -0.387046844 -0.866480052 -0.315288603 -0.677388847 -0.691262603 -0.251595438 -0.677388072 -0.691264391 -0.251592755 -0.387040079 -0.866483688 -0.315287322 -0.128570795 -0.931914628 -0.339123368 -0.128572419 -0.931915045 -0.339121729 -0.128572419 -0.931915045 -0.339121729 -0.387046844 -0.866480052 -0.315288603 -0.387040079 -0.866483688 -0.315287322 0.010455803 0.943733096 0.330542445 0.0272183008 0.940348804 0.339121282 -0.0272180736 0.940348744 0.339121461 -0.0272180736 0.940348744 0.339121461 -0.0104558067 0.943733215 0.330542505 0.010455803 0.943733096 0.330542445 0.155173063 -0.931805074 -0.328116447 0.137372881 -0.936695933 -0.32207039 -0.137372956 -0.936695933 -0.32207039 -0.137372956 -0.936695933 -0.32207039 -0.155173019 -0.931805074 -0.328116685 0.155173063 -0.931805074 -0.328116447 -0.516302764 -0.815340042 -0.262015343 -0.155173019 -0.931805074 -0.328116685 -0.137372956 -0.936695933 -0.32207039 -0.137372956 -0.936695933 -0.32207039 -0.520151377 -0.823977768 -0.224729121 -0.516302764 -0.815340042 -0.262015343 -2.40239092e-06 -0.342016995 0.939693809 1.96186784e-06 -0.342017323 0.93969357 6.84092583e-06 -0.341991216 0.939703107 6.84092583e-06 -0.341991216 0.939703107 1.17160598e-05 -0.341987938 0.939704359 -2.40239092e-06 -0.342016995 0.939693809 -2.98486202e-06 -0.342012167 0.939695477 -1.8051689e-05 -0.342013359 0.93969512 -1.4058548e-05 -0.342013001 0.939695299 -1.4058548e-05 -0.342013001 0.939695299 5.70820612e-06 -0.341993928 0.939702153 -2.98486202e-06 -0.342012167 0.939695477 5.70820612e-06 -0.341993928 0.939702153 -1.05143909e-06 -0.341978699 0.939707696 -2.98486202e-06 -0.342012167 0.939695477 -8.33861577e-06 -0.342015475 0.939694285 -2.82827095e-05 -0.341996014 0.939701438 -1.4058548e-05 -0.342013001 0.939695299 -1.4058548e-05 -0.342013001 0.939695299 -1.8051689e-05 -0.342013359 0.93969512 -8.33861577e-06 -0.342015475 0.939694285 2.33740011e-05 -0.342004389 0.939698339 2.90711905e-05 -0.342003912 0.939698577 1.96186784e-06 -0.342017323 0.93969357 1.96186784e-06 -0.342017323 0.93969357 -2.40239092e-06 -0.342016995 0.939693809 2.33740011e-05 -0.342004389 0.939698339 -8.33861577e-06 -0.342015475 0.939694285 2.22458384e-05 -0.3420192 0.939692974 -2.82827095e-05 -0.341996014 0.939701438 -8.33861577e-06 -0.342015475 0.939694285 5.06268298e-05 -0.3420403 0.939685225 2.22458384e-05 -0.3420192 0.939692974 3.17794511e-05 -0.342021018 0.939692199 3.55925513e-05 -0.342015445 0.939694345 -4.78114125e-05 -0.341993332 0.939702451 -4.78114125e-05 -0.341993332 0.939702451 -3.0140638e-05 -0.342010111 0.939696252 3.17794511e-05 -0.342021018 0.939692199 2.90711905e-05 -0.342003912 0.939698577 2.33740011e-05 -0.342004389 0.939698339 3.55925513e-05 -0.342015445 0.939694345 3.55925513e-05 -0.342015445 0.939694345 3.17794511e-05 -0.342021018 0.939692199 2.90711905e-05 -0.342003912 0.939698577 -3.0140638e-05 -0.342010111 0.939696252 -4.78114125e-05 -0.341993332 0.939702451 2.22458384e-05 -0.3420192 0.939692974 2.22458384e-05 -0.3420192 0.939692974 5.06268298e-05 -0.3420403 0.939685225 -3.0140638e-05 -0.342010111 0.939696252 1.16239079e-07 -0.342022717 0.939691603 -1.05143909e-06 -0.341978699 0.939707696 5.70820612e-06 -0.341993928 0.939702153 5.70820612e-06 -0.341993928 0.939702153 2.09906503e-07 -0.342023671 0.939691365 1.16239079e-07 -0.342022717 0.939691603 -6.84092493e-06 -0.341991305 0.939703107 -1.17160735e-05 -0.341987967 0.939704359 1.17160598e-05 -0.341987938 0.939704359 1.17160598e-05 -0.341987938 0.939704359 6.84092583e-06 -0.341991216 0.939703107 -6.84092493e-06 -0.341991305 0.939703107 0.945302725 -0.306533158 -0.111535147 0.945306122 -0.306524098 -0.111531511 0.859493673 -0.480325282 -0.174809292 0.859493673 -0.480325282 -0.174809292 0.859491587 -0.480328053 -0.174811736 0.945302725 -0.306533158 -0.111535147 0.17941165 0.924455106 0.336443424 0.591293812 0.757784307 0.27592504 0.591273844 0.757802427 0.275918126 0.591273844 0.757802427 0.275918126 0.179413959 0.924456716 0.336437911 0.17941165 0.924455106 0.336443424 0.591273844 0.757802427 0.275918126 0.591293812 0.757784307 0.27592504 0.884659648 0.438120574 0.159460112 0.884659648 0.438120574 0.159460112 0.884661734 0.438119143 0.159452572 0.591273844 0.757802427 0.275918126 0.884661734 0.438119143 0.159452572 0.884659648 0.438120574 0.159460112 0.999563575 0.0277597159 0.0101031167 0.999563575 0.0277597159 0.0101031167 0.999563634 0.027755823 0.0101021565 0.884661734 0.438119143 0.159452572 0.999563634 0.027755823 0.0101021565 0.999563575 0.0277597159 0.0101031167 0.945306122 -0.306524098 -0.111531511 0.945306122 -0.306524098 -0.111531511 0.945302725 -0.306533158 -0.111535147 0.999563634 0.027755823 0.0101021565 0.128570929 -0.931914568 -0.339123338 0.128572419 -0.931915045 -0.339121759 0.0169193503 -0.939567089 -0.341946483 0.0169193503 -0.939567089 -0.341946483 0.0169193484 -0.939567029 -0.34194681 0.128570929 -0.931914568 -0.339123338 -0.0169193819 -0.939567089 -0.341946512 -0.0169193503 -0.939567029 -0.34194681 0.0169193484 -0.939567029 -0.34194681 0.0169193484 -0.939567029 -0.34194681 0.0169193503 -0.939567089 -0.341946483 -0.0169193819 -0.939567089 -0.341946512 0.859491587 -0.480328053 -0.174811736 0.859493673 -0.480325282 -0.174809292 0.677388728 -0.691262722 -0.251595497 0.677388728 -0.691262722 -0.251595497 0.677387893 -0.69126457 -0.251592815 0.859491587 -0.480328053 -0.174811736 0.677387893 -0.69126457 -0.251592815 0.677388728 -0.691262722 -0.251595497 0.387047142 -0.866479933 -0.315288544 0.387047142 -0.866479933 -0.315288544 0.387040287 -0.866483569 -0.315287292 0.677387893 -0.69126457 -0.251592815 0.387040287 -0.866483569 -0.315287292 0.387047142 -0.866479933 -0.315288544 0.128572419 -0.931915045 -0.339121759 0.128572419 -0.931915045 -0.339121759 0.128570929 -0.931914568 -0.339123338 0.387040287 -0.866483569 -0.315287292 -0.179412857 0.924456835 0.33643797 -0.179412782 0.924454927 0.336443365 0.17941165 0.924455106 0.336443424 0.17941165 0.924455106 0.336443424 0.179413959 0.924456716 0.336437911 -0.179412857 0.924456835 0.33643797 0.0118394708 0.489737868 -0.871789277 0.0382954329 0.494121611 -0.86854893 0.0887791291 0.478617907 -0.873523414 0.0887791291 0.478617907 -0.873523414 0.136590168 0.440263391 -0.88741827 0.151453644 0.402286857 -0.902899206 0.151453644 0.402286857 -0.902899206 0.160115421 0.381847411 -0.910250187 0.180406302 0.326513827 -0.927815735 0.0887791291 0.478617907 -0.873523414 0.151453644 0.402286857 -0.902899206 0.180406302 0.326513827 -0.927815735 0.180406302 0.326513827 -0.927815735 0.150765002 0.246507332 -0.957342148 0.0911596715 0.192049593 -0.977142155 0.0911596715 0.192049593 -0.977142155 0.0258582849 0.175918803 -0.984064877 -0.0258567799 0.175929353 -0.984063089 0.180406302 0.326513827 -0.927815735 0.0911596715 0.192049593 -0.977142155 -0.0258567799 0.175929353 -0.984063089 0.0887791291 0.478617907 -0.873523414 0.180406302 0.326513827 -0.927815735 -0.0258567799 0.175929353 -0.984063089 -0.0258567799 0.175929353 -0.984063089 -0.0911590829 0.192044497 -0.977143347 -0.150783837 0.246494725 -0.957342446 -0.150783837 0.246494725 -0.957342446 -0.180422872 0.326512903 -0.927812934 -0.160095453 0.381844252 -0.910255134 -0.0258567799 0.175929353 -0.984063089 -0.150783837 0.246494725 -0.957342446 -0.160095453 0.381844252 -0.910255134 -0.160095453 0.381844252 -0.910255134 -0.151423931 0.402276397 -0.902908921 -0.136583552 0.440256745 -0.887422621 -0.136583552 0.440256745 -0.887422621 -0.0887802392 0.478617907 -0.873523235 -0.0382970534 0.494128346 -0.868544996 -0.160095453 0.381844252 -0.910255134 -0.136583552 0.440256745 -0.887422621 -0.0382970534 0.494128346 -0.868544996 -0.0258567799 0.175929353 -0.984063089 -0.160095453 0.381844252 -0.910255134 -0.0382970534 0.494128346 -0.868544996 0.0887791291 0.478617907 -0.873523414 -0.0258567799 0.175929353 -0.984063089 -0.0382970534 0.494128346 -0.868544996 -0.0382970534 0.494128346 -0.868544996 -0.0118444897 0.489788502 -0.871760786 -0.0040250076 0.490195334 -0.87160331 0.0887791291 0.478617907 -0.873523414 -0.0382970534 0.494128346 -0.868544996 -0.0040250076 0.490195334 -0.87160331 0.0118394708 0.489737868 -0.871789277 0.0887791291 0.478617907 -0.873523414 -0.0040250076 0.490195334 -0.87160331 0.00402487349 0.490166694 -0.871619403 0.0118394708 0.489737868 -0.871789277 -0.0040250076 0.490195334 -0.87160331 0.885315716 0.344199955 0.312637985 0.906513274 0.358346462 0.22320731 0.78066498 0.557421327 0.282566249 0.78066498 0.557421327 0.282566249 0.769440591 0.534365356 0.349878401 0.885315716 0.344199955 0.312637985 0.769440591 0.534365356 0.349878401 0.78066498 0.557421327 0.282566249 0.515304387 0.788112521 0.336660057 0.515304387 0.788112521 0.336660057 0.530722678 0.762303829 0.370440483 0.769440591 0.534365356 0.349878401 0.995265841 -0.0767992437 0.0595623478 0.984614372 -0.0891614407 0.150281772 0.862047374 -0.504772425 -0.0455952957 0.862047374 -0.504772425 -0.0455952957 0.846838057 -0.516762197 -0.125786096 0.995265841 -0.0767992437 0.0595623478 0.984614372 -0.0891614407 0.150281772 0.995265841 -0.0767992437 0.0595623478 0.955008984 0.235207364 0.180652633 0.955008984 0.235207364 0.180652633 0.937379777 0.216513038 0.272839367 0.984614372 -0.0891614407 0.150281772 0.937379777 0.216513038 0.272839367 0.955008984 0.235207364 0.180652633 0.906513274 0.358346462 0.22320731 0.906513274 0.358346462 0.22320731 0.885315716 0.344199955 0.312637985 0.937379777 0.216513038 0.272839367 0.846838057 -0.516762197 -0.125786096 0.862047374 -0.504772425 -0.0455952957 0.520151734 -0.823977649 -0.224728987 0.520151734 -0.823977649 -0.224728987 0.516302288 -0.81534034 -0.262015462 0.846838057 -0.516762197 -0.125786096 0.0717866868 0.936144054 0.344210505 0.0739694461 0.936673164 0.342303723 0.0272183008 0.940348804 0.339121282 0.0272183008 0.940348804 0.339121282 0.010455803 0.943733096 0.330542445 0.0717866868 0.936144054 0.344210505 0.530722678 0.762303829 0.370440483 0.515304387 0.788112521 0.336660057 0.230645195 0.908537328 0.348371416 0.230645195 0.908537328 0.348371416 0.2442929 0.901019573 0.358447552 0.530722678 0.762303829 0.370440483 0.2442929 0.901019573 0.358447552 0.230645195 0.908537328 0.348371416 0.0739694461 0.936673164 0.342303723 0.0739694461 0.936673164 0.342303723 0.0717866868 0.936144054 0.344210505 0.2442929 0.901019573 0.358447552 -0.885315776 0.344200015 0.312637866 -0.769440353 0.534365535 0.349878371 -0.78066498 0.557421446 0.282566041 -0.78066498 0.557421446 0.282566041 -0.906513453 0.358346671 0.223206446 -0.885315776 0.344200015 0.312637866 -0.769440353 0.534365535 0.349878371 -0.530722678 0.762303889 0.370440483 -0.515304744 0.78811264 0.336659342 -0.515304744 0.78811264 0.336659342 -0.78066498 0.557421446 0.282566041 -0.769440353 0.534365535 0.349878371 -0.995265901 -0.0767995045 0.05956221 -0.846837759 -0.516762435 -0.12578705 -0.862047255 -0.504772782 -0.045595441 -0.862047255 -0.504772782 -0.045595441 -0.984614491 -0.0891611353 0.150282055 -0.995265901 -0.0767995045 0.05956221 -0.984614491 -0.0891611353 0.150282055 -0.937379837 0.216512904 0.272839189 -0.955008924 0.235208035 0.180651769 -0.955008924 0.235208035 0.180651769 -0.995265901 -0.0767995045 0.05956221 -0.984614491 -0.0891611353 0.150282055 -0.937379837 0.216512904 0.272839189 -0.885315776 0.344200015 0.312637866 -0.906513453 0.358346671 0.223206446 -0.906513453 0.358346671 0.223206446 -0.955008924 0.235208035 0.180651769 -0.937379837 0.216512904 0.272839189 -0.846837759 -0.516762435 -0.12578705 -0.516302764 -0.815340042 -0.262015343 -0.520151377 -0.823977768 -0.224729121 -0.520151377 -0.823977768 -0.224729121 -0.862047255 -0.504772782 -0.045595441 -0.846837759 -0.516762435 -0.12578705 -0.0717866421 0.936144054 0.344210595 -0.0104558067 0.943733215 0.330542505 -0.0272180736 0.940348744 0.339121461 -0.0272180736 0.940348744 0.339121461 -0.0739695132 0.936673045 0.342303962 -0.0717866421 0.936144054 0.344210595 -0.530722678 0.762303889 0.370440483 -0.244293064 0.901019573 0.358447582 -0.230645314 0.908537447 0.348371178 -0.230645314 0.908537447 0.348371178 -0.515304744 0.78811264 0.336659342 -0.530722678 0.762303889 0.370440483 -0.244293064 0.901019573 0.358447582 -0.0717866421 0.936144054 0.344210595 -0.0739695132 0.936673045 0.342303962 -0.0739695132 0.936673045 0.342303962 -0.230645314 0.908537447 0.348371178 -0.244293064 0.901019573 0.358447582 0.0272183008 0.940348804 0.339121282 0.0244294647 0.981993735 0.187327206 -0.0244293902 0.981993735 0.187326968 -0.0244293902 0.981993735 0.187326968 -0.0272180736 0.940348744 0.339121461 0.0272183008 0.940348804 0.339121282 0.0739694461 0.936673164 0.342303723 0.0719302893 0.979814231 0.186520994 0.0244294647 0.981993735 0.187327206 0.0244294647 0.981993735 0.187327206 0.0272183008 0.940348804 0.339121282 0.0739694461 0.936673164 0.342303723 0.230645195 0.908537328 0.348371416 0.220321953 0.958788633 0.179394722 0.0719302893 0.979814231 0.186520994 0.0719302893 0.979814231 0.186520994 0.0739694461 0.936673164 0.342303723 0.230645195 0.908537328 0.348371416 0.515304387 0.788112521 0.336660057 0.500339448 0.854271591 0.140997604 0.220321953 0.958788633 0.179394722 0.220321953 0.958788633 0.179394722 0.230645195 0.908537328 0.348371416 0.515304387 0.788112521 0.336660057 0.78066498 0.557421327 0.282566249 0.768301189 0.637089431 0.0618897527 0.500339448 0.854271591 0.140997604 0.500339448 0.854271591 0.140997604 0.515304387 0.788112521 0.336660057 0.78066498 0.557421327 0.282566249 0.906513274 0.358346462 0.22320731 0.897884667 0.440128803 -0.00947597343 0.768301189 0.637089431 0.0618897527 0.768301189 0.637089431 0.0618897527 0.78066498 0.557421327 0.282566249 0.906513274 0.358346462 0.22320731 0.955008984 0.235207364 0.180652633 0.946449399 0.318343014 -0.0537701584 0.897884667 0.440128803 -0.00947597343 0.897884667 0.440128803 -0.00947597343 0.906513274 0.358346462 0.22320731 0.955008984 0.235207364 0.180652633 0.995265841 -0.0767992437 0.0595623478 0.985216737 0.00122449908 -0.171308383 0.946449399 0.318343014 -0.0537701584 0.946449399 0.318343014 -0.0537701584 0.955008984 0.235207364 0.180652633 0.995265841 -0.0767992437 0.0595623478 0.846838057 -0.516762197 -0.125786096 0.833087444 -0.442515224 -0.331881821 0.985216737 0.00122449908 -0.171308383 0.985216737 0.00122449908 -0.171308383 0.995265841 -0.0767992437 0.0595623478 0.846838057 -0.516762197 -0.125786096 0.516302288 -0.81534034 -0.262015462 0.50344193 -0.742872 -0.441233933 0.833087444 -0.442515224 -0.331881821 0.833087444 -0.442515224 -0.331881821 0.846838057 -0.516762197 -0.125786096 0.516302288 -0.81534034 -0.262015462 0.155173063 -0.931805074 -0.328116447 0.147401929 -0.862733424 -0.483697891 0.50344193 -0.742872 -0.441233933 0.50344193 -0.742872 -0.441233933 0.516302288 -0.81534034 -0.262015462 0.155173063 -0.931805074 -0.328116447 -0.155173019 -0.931805074 -0.328116685 -0.14740178 -0.862733364 -0.48369804 0.147401929 -0.862733424 -0.483697891 0.147401929 -0.862733424 -0.483697891 0.155173063 -0.931805074 -0.328116447 -0.155173019 -0.931805074 -0.328116685 -0.516302764 -0.815340042 -0.262015343 -0.503442347 -0.742871702 -0.441233933 -0.14740178 -0.862733364 -0.48369804 -0.14740178 -0.862733364 -0.48369804 -0.155173019 -0.931805074 -0.328116685 -0.516302764 -0.815340042 -0.262015343 -0.846837759 -0.516762435 -0.12578705 -0.833087087 -0.442514956 -0.331883252 -0.503442347 -0.742871702 -0.441233933 -0.503442347 -0.742871702 -0.441233933 -0.516302764 -0.815340042 -0.262015343 -0.846837759 -0.516762435 -0.12578705 -0.995265901 -0.0767995045 0.05956221 -0.985216439 0.00122439256 -0.171309888 -0.833087087 -0.442514956 -0.331883252 -0.833087087 -0.442514956 -0.331883252 -0.846837759 -0.516762435 -0.12578705 -0.995265901 -0.0767995045 0.05956221 -0.955008924 0.235208035 0.180651769 -0.946448922 0.318344027 -0.0537714437 -0.985216439 0.00122439256 -0.171309888 -0.985216439 0.00122439256 -0.171309888 -0.995265901 -0.0767995045 0.05956221 -0.955008924 0.235208035 0.180651769 -0.906513453 0.358346671 0.223206446 -0.897884548 0.440128803 -0.00947752409 -0.946448922 0.318344027 -0.0537714437 -0.946448922 0.318344027 -0.0537714437 -0.955008924 0.235208035 0.180651769 -0.906513453 0.358346671 0.223206446 -0.78066498 0.557421446 0.282566041 -0.768301308 0.637089193 0.0618898273 -0.897884548 0.440128803 -0.00947752409 -0.897884548 0.440128803 -0.00947752409 -0.906513453 0.358346671 0.223206446 -0.78066498 0.557421446 0.282566041 -0.515304744 0.78811264 0.336659342 -0.500339329 0.854271889 0.140996858 -0.768301308 0.637089193 0.0618898273 -0.768301308 0.637089193 0.0618898273 -0.78066498 0.557421446 0.282566041 -0.515304744 0.78811264 0.336659342 -0.230645314 0.908537447 0.348371178 -0.22032176 0.958788812 0.179394066 -0.500339329 0.854271889 0.140996858 -0.500339329 0.854271889 0.140996858 -0.515304744 0.78811264 0.336659342 -0.230645314 0.908537447 0.348371178 -0.0739695132 0.936673045 0.342303962 -0.0719303638 0.979814291 0.186520457 -0.22032176 0.958788812 0.179394066 -0.22032176 0.958788812 0.179394066 -0.230645314 0.908537447 0.348371178 -0.0739695132 0.936673045 0.342303962 -0.0272180736 0.940348744 0.339121461 -0.0244293902 0.981993735 0.187326968 -0.0719303638 0.979814291 0.186520457 -0.0719303638 0.979814291 0.186520457 -0.0739695132 0.936673045 0.342303962 -0.0272180736 0.940348744 0.339121461 0.0118394708 0.489737868 -0.871789277 0.00402487349 0.490166694 -0.871619403 0.0175850391 0.90814358 -0.418289363 0.0175850391 0.90814358 -0.418289363 0.0517621785 0.906469107 -0.419087678 0.0118394708 0.489737868 -0.871789277 0.0382954329 0.494121611 -0.86854893 0.0118394708 0.489737868 -0.871789277 0.0517621785 0.906469107 -0.419087678 0.0517621785 0.906469107 -0.419087678 0.16131705 0.898451269 -0.40836525 0.0382954329 0.494121611 -0.86854893 0.0887791291 0.478617907 -0.873523414 0.0382954329 0.494121611 -0.86854893 0.16131705 0.898451269 -0.40836525 0.16131705 0.898451269 -0.40836525 0.368735075 0.823977947 -0.430226266 0.0887791291 0.478617907 -0.873523414 0.136590168 0.440263391 -0.88741827 0.0887791291 0.478617907 -0.873523414 0.368735075 0.823977947 -0.430226266 0.368735075 0.823977947 -0.430226266 0.566553116 0.6640113 -0.487961471 0.136590168 0.440263391 -0.88741827 0.151453644 0.402286857 -0.902899206 0.136590168 0.440263391 -0.88741827 0.566553116 0.6640113 -0.487961471 0.566553116 0.6640113 -0.487961471 0.651205122 0.518429637 -0.554222524 0.151453644 0.402286857 -0.902899206 0.160115421 0.381847411 -0.910250187 0.151453644 0.402286857 -0.902899206 0.651205122 0.518429637 -0.554222524 0.651205122 0.518429637 -0.554222524 0.68703717 0.430054694 -0.585689962 0.160115421 0.381847411 -0.910250187 0.180406302 0.326513827 -0.927815735 0.160115421 0.381847411 -0.910250187 0.68703717 0.430054694 -0.585689962 0.68703717 0.430054694 -0.585689962 0.733438015 0.191852733 -0.652120352 0.180406302 0.326513827 -0.927815735 0.150765002 0.246507332 -0.957342148 0.180406302 0.326513827 -0.927815735 0.733438015 0.191852733 -0.652120352 0.733438015 0.191852733 -0.652120352 0.617852092 -0.135890409 -0.7744627 0.150765002 0.246507332 -0.957342148 0.0911596715 0.192049593 -0.977142155 0.150765002 0.246507332 -0.957342148 0.617852092 -0.135890409 -0.7744627 0.617852092 -0.135890409 -0.7744627 0.373427987 -0.358790159 -0.855465472 0.0911596715 0.192049593 -0.977142155 0.0258582849 0.175918803 -0.984064877 0.0911596715 0.192049593 -0.977142155 0.373427987 -0.358790159 -0.855465472 0.373427987 -0.358790159 -0.855465472 0.108240508 -0.437990099 -0.892439723 0.0258582849 0.175918803 -0.984064877 -0.0258567799 0.175929353 -0.984063089 0.0258582849 0.175918803 -0.984064877 0.108240508 -0.437990099 -0.892439723 0.108240508 -0.437990099 -0.892439723 -0.108239926 -0.43798998 -0.892439783 -0.0258567799 0.175929353 -0.984063089 -0.0911590829 0.192044497 -0.977143347 -0.0258567799 0.175929353 -0.984063089 -0.108239926 -0.43798998 -0.892439783 -0.108239926 -0.43798998 -0.892439783 -0.373428226 -0.35879007 -0.855465353 -0.0911590829 0.192044497 -0.977143347 -0.150783837 0.246494725 -0.957342446 -0.0911590829 0.192044497 -0.977143347 -0.373428226 -0.35879007 -0.855465353 -0.373428226 -0.35879007 -0.855465353 -0.617851794 -0.135888875 -0.774463236 -0.150783837 0.246494725 -0.957342446 -0.180422872 0.326512903 -0.927812934 -0.150783837 0.246494725 -0.957342446 -0.617851794 -0.135888875 -0.774463236 -0.617851794 -0.135888875 -0.774463236 -0.733436882 0.191852033 -0.65212208 -0.180422872 0.326512903 -0.927812934 -0.160095453 0.381844252 -0.910255134 -0.180422872 0.326512903 -0.927812934 -0.733436882 0.191852033 -0.65212208 -0.733436882 0.191852033 -0.65212208 -0.687036395 0.430055201 -0.585690677 -0.160095453 0.381844252 -0.910255134 -0.151423931 0.402276397 -0.902908921 -0.160095453 0.381844252 -0.910255134 -0.687036395 0.430055201 -0.585690677 -0.687036395 0.430055201 -0.585690677 -0.651204586 0.518429279 -0.554223359 -0.151423931 0.402276397 -0.902908921 -0.136583552 0.440256745 -0.887422621 -0.151423931 0.402276397 -0.902908921 -0.651204586 0.518429279 -0.554223359 -0.651204586 0.518429279 -0.554223359 -0.566553533 0.664010882 -0.48796168 -0.136583552 0.440256745 -0.887422621 -0.0887802392 0.478617907 -0.873523235 -0.136583552 0.440256745 -0.887422621 -0.566553533 0.664010882 -0.48796168 -0.566553533 0.664010882 -0.48796168 -0.368734121 0.823978126 -0.430226773 -0.0887802392 0.478617907 -0.873523235 -0.0382970534 0.494128346 -0.868544996 -0.0887802392 0.478617907 -0.873523235 -0.368734121 0.823978126 -0.430226773 -0.368734121 0.823978126 -0.430226773 -0.161316618 0.898451269 -0.40836519 -0.0382970534 0.494128346 -0.868544996 -0.0118444897 0.489788502 -0.871760786 -0.0382970534 0.494128346 -0.868544996 -0.161316618 0.898451269 -0.40836519 -0.161316618 0.898451269 -0.40836519 -0.0517623797 0.906469226 -0.419087291 -0.0118444897 0.489788502 -0.871760786 -0.0040250076 0.490195334 -0.87160331 -0.0118444897 0.489788502 -0.871760786 -0.0517623797 0.906469226 -0.419087291 -0.0517623797 0.906469226 -0.419087291 -0.0175851732 0.908143699 -0.418289214 -0.0040250076 0.490195334 -0.87160331 0.00402487349 0.490166694 -0.871619403 -0.0040250076 0.490195334 -0.87160331 -0.0175851732 0.908143699 -0.418289214 -0.0175851732 0.908143699 -0.418289214 0.0175850391 0.90814358 -0.418289363 0.00402487349 0.490166694 -0.871619403 -0.0244293902 0.981993735 0.187326968 0.0244294647 0.981993735 0.187327206 0.0175850391 0.90814358 -0.418289363 0.0175850391 0.90814358 -0.418289363 -0.0175851732 0.908143699 -0.418289214 -0.0244293902 0.981993735 0.187326968 0.0244294647 0.981993735 0.187327206 0.0719302893 0.979814231 0.186520994 0.0517621785 0.906469107 -0.419087678 0.0517621785 0.906469107 -0.419087678 0.0175850391 0.90814358 -0.418289363 0.0244294647 0.981993735 0.187327206 0.0719302893 0.979814231 0.186520994 0.220321953 0.958788633 0.179394722 0.16131705 0.898451269 -0.40836525 0.16131705 0.898451269 -0.40836525 0.0517621785 0.906469107 -0.419087678 0.0719302893 0.979814231 0.186520994 0.220321953 0.958788633 0.179394722 0.500339448 0.854271591 0.140997604 0.368735075 0.823977947 -0.430226266 0.368735075 0.823977947 -0.430226266 0.16131705 0.898451269 -0.40836525 0.220321953 0.958788633 0.179394722 0.500339448 0.854271591 0.140997604 0.768301189 0.637089431 0.0618897527 0.566553116 0.6640113 -0.487961471 0.566553116 0.6640113 -0.487961471 0.368735075 0.823977947 -0.430226266 0.500339448 0.854271591 0.140997604 0.768301189 0.637089431 0.0618897527 0.897884667 0.440128803 -0.00947597343 0.651205122 0.518429637 -0.554222524 0.651205122 0.518429637 -0.554222524 0.566553116 0.6640113 -0.487961471 0.768301189 0.637089431 0.0618897527 0.897884667 0.440128803 -0.00947597343 0.946449399 0.318343014 -0.0537701584 0.68703717 0.430054694 -0.585689962 0.68703717 0.430054694 -0.585689962 0.651205122 0.518429637 -0.554222524 0.897884667 0.440128803 -0.00947597343 0.946449399 0.318343014 -0.0537701584 0.985216737 0.00122449908 -0.171308383 0.733438015 0.191852733 -0.652120352 0.733438015 0.191852733 -0.652120352 0.68703717 0.430054694 -0.585689962 0.946449399 0.318343014 -0.0537701584 0.985216737 0.00122449908 -0.171308383 0.833087444 -0.442515224 -0.331881821 0.617852092 -0.135890409 -0.7744627 0.617852092 -0.135890409 -0.7744627 0.733438015 0.191852733 -0.652120352 0.985216737 0.00122449908 -0.171308383 0.833087444 -0.442515224 -0.331881821 0.50344193 -0.742872 -0.441233933 0.373427987 -0.358790159 -0.855465472 0.373427987 -0.358790159 -0.855465472 0.617852092 -0.135890409 -0.7744627 0.833087444 -0.442515224 -0.331881821 0.50344193 -0.742872 -0.441233933 0.147401929 -0.862733424 -0.483697891 0.108240508 -0.437990099 -0.892439723 0.108240508 -0.437990099 -0.892439723 0.373427987 -0.358790159 -0.855465472 0.50344193 -0.742872 -0.441233933 0.147401929 -0.862733424 -0.483697891 -0.14740178 -0.862733364 -0.48369804 -0.108239926 -0.43798998 -0.892439783 -0.108239926 -0.43798998 -0.892439783 0.108240508 -0.437990099 -0.892439723 0.147401929 -0.862733424 -0.483697891 -0.14740178 -0.862733364 -0.48369804 -0.503442347 -0.742871702 -0.441233933 -0.373428226 -0.35879007 -0.855465353 -0.373428226 -0.35879007 -0.855465353 -0.108239926 -0.43798998 -0.892439783 -0.14740178 -0.862733364 -0.48369804 -0.503442347 -0.742871702 -0.441233933 -0.833087087 -0.442514956 -0.331883252 -0.617851794 -0.135888875 -0.774463236 -0.617851794 -0.135888875 -0.774463236 -0.373428226 -0.35879007 -0.855465353 -0.503442347 -0.742871702 -0.441233933 -0.833087087 -0.442514956 -0.331883252 -0.985216439 0.00122439256 -0.171309888 -0.733436882 0.191852033 -0.65212208 -0.733436882 0.191852033 -0.65212208 -0.617851794 -0.135888875 -0.774463236 -0.833087087 -0.442514956 -0.331883252 -0.985216439 0.00122439256 -0.171309888 -0.946448922 0.318344027 -0.0537714437 -0.687036395 0.430055201 -0.585690677 -0.687036395 0.430055201 -0.585690677 -0.733436882 0.191852033 -0.65212208 -0.985216439 0.00122439256 -0.171309888 -0.946448922 0.318344027 -0.0537714437 -0.897884548 0.440128803 -0.00947752409 -0.651204586 0.518429279 -0.554223359 -0.651204586 0.518429279 -0.554223359 -0.687036395 0.430055201 -0.585690677 -0.946448922 0.318344027 -0.0537714437 -0.897884548 0.440128803 -0.00947752409 -0.768301308 0.637089193 0.0618898273 -0.566553533 0.664010882 -0.48796168 -0.566553533 0.664010882 -0.48796168 -0.651204586 0.518429279 -0.554223359 -0.897884548 0.440128803 -0.00947752409 -0.768301308 0.637089193 0.0618898273 -0.500339329 0.854271889 0.140996858 -0.368734121 0.823978126 -0.430226773 -0.368734121 0.823978126 -0.430226773 -0.566553533 0.664010882 -0.48796168 -0.768301308 0.637089193 0.0618898273 -0.500339329 0.854271889 0.140996858 -0.22032176 0.958788812 0.179394066 -0.161316618 0.898451269 -0.40836519 -0.161316618 0.898451269 -0.40836519 -0.368734121 0.823978126 -0.430226773 -0.500339329 0.854271889 0.140996858 -0.22032176 0.958788812 0.179394066 -0.0719303638 0.979814291 0.186520457 -0.0517623797 0.906469226 -0.419087291 -0.0517623797 0.906469226 -0.419087291 -0.161316618 0.898451269 -0.40836519 -0.22032176 0.958788812 0.179394066 -0.0719303638 0.979814291 0.186520457 -0.0244293902 0.981993735 0.187326968 -0.0175851732 0.908143699 -0.418289214 -0.0175851732 0.908143699 -0.418289214 -0.0517623797 0.906469226 -0.419087291 -0.0719303638 0.979814291 0.186520457</float_array>
          <technique_common>
            <accessor count="834" offset="0" source="#Mesh.002_1-normals-array" stride="3">
              <param name="X" type="float" />
              <param name="Y" type="float" />
              <param name="Z" type="float" />
            </accessor>
          </technique_common>
        </source>
        <vertices id="Mesh.002_1-vertices">
          <input semantic="POSITION" source="#Mesh.002_1-positions" />
        </vertices>
        <polylist count="278" material="defaultMaterial">
          <input offset="0" semantic="VERTEX" source="#Mesh.002_1-vertices" />
          <input offset="0" semantic="NORMAL" source="#Mesh.002_1-normals" />
          <vcount>3 3 3 3 3 3 3 3 3 3 3 3 3 3 3 3 3 3 3 3 3 3 3 3 3 3 3 3 3 3 3 3 3 3 3 3 3 3 3 3 3 3 3 3 3 3 3 3 3 3 3 3 3 3 3 3 3 3 3 3 3 3 3 3 3 3 3 3 3 3 3 3 3 3 3 3 3 3 3 3 3 3 3 3 3 3 3 3 3 3 3 3 3 3 3 3 3 3 3 3 3 3 3 3 3 3 3 3 3 3 3 3 3 3 3 3 3 3 3 3 3 3 3 3 3 3 3 3 3 3 3 3 3 3 3 3 3 3 3 3 3 3 3 3 3 3 3 3 3 3 3 3 3 3 3 3 3 3 3 3 3 3 3 3 3 3 3 3 3 3 3 3 3 3 3 3 3 3 3 3 3 3 3 3 3 3 3 3 3 3 3 3 3 3 3 3 3 3 3 3 3 3 3 3 3 3 3 3 3 3 3 3 3 3 3 3 3 3 3 3 3 3 3 3 3 3 3 3 3 3 3 3 3 3 3 3 3 3 3 3 3 3 3 3 3 3 3 3 3 3 3 3 3 3 3 3 3 3 3 3 3 3 3 3 3 3 3 3 3 3 3 3 3 3 3 3 3 3 </vcount>
          <p>0 1 2 3 4 5 6 7 8 9 10 11 12 13 14 15 16 17 18 19 20 21 22 23 24 25 26 27 28 29 30 31 32 33 34 35 36 37 38 39 40 41 42 43 44 45 46 47 48 49 50 51 52 53 54 55 56 57 58 59 60 61 62 63 64 65 66 67 68 69 70 71 72 73 74 75 76 77 78 79 80 81 82 83 84 85 86 87 88 89 90 91 92 93 94 95 96 97 98 99 100 101 102 103 104 105 106 107 108 109 110 111 112 113 114 115 116 117 118 119 120 121 122 123 124 125 126 127 128 129 130 131 132 133 134 135 136 137 138 139 140 141 142 143 144 145 146 147 148 149 150 151 152 153 154 155 156 157 158 159 160 161 162 163 164 165 166 167 168 169 170 171 172 173 174 175 176 177 178 179 180 181 182 183 184 185 186 187 188 189 190 191 192 193 194 195 196 197 198 199 200 201 202 203 204 205 206 207 208 209 210 211 212 213 214 215 216 217 218 219 220 221 222 223 224 225 226 227 228 229 230 231 232 233 234 235 236 237 238 239 240 241 242 243 244 245 246 247 248 249 250 251 252 253 254 255 256 257 258 259 260 261 262 263 264 265 266 267 268 269 270 271 272 273 274 275 276 277 278 279 280 281 282 283 284 285 286 287 288 289 290 291 292 293 294 295 296 297 298 299 300 301 302 303 304 305 306 307 308 309 310 311 312 313 314 315 316 317 318 319 320 321 322 323 324 325 326 327 328 329 330 331 332 333 334 335 336 337 338 339 340 341 342 343 344 345 346 347 348 349 350 351 352 353 354 355 356 357 358 359 360 361 362 363 364 365 366 367 368 369 370 371 372 373 374 375 376 377 378 379 380 381 382 383 384 385 386 387 388 389 390 391 392 393 394 395 396 397 398 399 400 401 402 403 404 405 406 407 408 409 410 411 412 413 414 415 416 417 418 419 420 421 422 423 424 425 426 427 428 429 430 431 432 433 434 435 436 437 438 439 440 441 442 443 444 445 446 447 448 449 450 451 452 453 454 455 456 457 458 459 460 461 462 463 464 465 466 467 468 469 470 471 472 473 474 475 476 477 478 479 480 481 482 483 484 485 486 487 488 489 490 491 492 493 494 495 496 497 498 499 500 501 502 503 504 505 506 507 508 509 510 511 512 513 514 515 516 517 518 519 520 521 522 523 524 525 526 527 528 529 530 531 532 533 534 535 536 537 538 539 540 541 542 543 544 545 546 547 548 549 550 551 552 553 554 555 556 557 558 559 560 561 562 563 564 565 566 567 568 569 570 571 572 573 574 575 576 577 578 579 580 581 582 583 584 585 586 587 588 589 590 591 592 593 594 595 596 597 598 599 600 601 602 603 604 605 606 607 608 609 610 611 612 613 614 615 616 617 618 619 620 621 622 623 624 625 626 627 628 629 630 631 632 633 634 635 636 637 638 639 640 641 642 643 644 645 646 647 648 649 650 651 652 653 654 655 656 657 658 659 660 661 662 663 664 665 666 667 668 669 670 671 672 673 674 675 676 677 678 679 680 681 682 683 684 685 686 687 688 689 690 691 692 693 694 695 696 697 698 699 700 701 702 703 704 705 706 707 708 709 710 711 712 713 714 715 716 717 718 719 720 721 722 723 724 725 726 727 728 729 730 731 732 733 734 735 736 737 738 739 740 741 742 743 744 745 746 747 748 749 750 751 752 753 754 755 756 757 758 759 760 761 762 763 764 765 766 767 768 769 770 771 772 773 774 775 776 777 778 779 780 781 782 783 784 785 786 787 788 789 790 791 792 793 794 795 796 797 798 799 800 801 802 803 804 805 806 807 808 809 810 811 812 813 814 815 816 817 818 819 820 821 822 823 824 825 826 827 828 829 830 831 832 833 </p>
        </polylist>
      </mesh>
    </geometry>
    <geometry id="Mesh_1" name="Mesh" >
      <mesh>
        <source id="Mesh_1-positions" name="Mesh_1-positions">
          <float_array id="Mesh_1-positions-array" count="234">0.04208868 0.0603621379 0.0349383913 0.0196128823 0.0808796436 0.0424061716 -0.0201274194 0.060461022 0.0349743888 -0.0201274194 0.060461022 0.0349743888 0.0196128823 0.0808796436 0.0424061716 0.00242197327 0.0809070319 0.0424161069 -0.0201274194 0.060461022 0.0349743888 0.00242197327 0.0809070319 0.0424161069 -0.0218812227 0.060765896 0.0350853615 0.0470073037 0.0644427985 0.0364236645 0.0469027013 0.0661158934 0.0370325819 0.0196128823 0.0808796436 0.0424061716 0.0469027013 0.0661158934 0.0370325819 0.0457807407 0.0697838962 0.038367644 0.0196128823 0.0808796436 0.0424061716 0.0196128823 0.0808796436 0.0424061716 0.0457807407 0.0697838962 0.038367644 0.0443505347 0.0733558908 0.0396677405 0.0196128823 0.0808796436 0.0424061716 0.0443505347 0.0733558908 0.0396677405 0.0367937423 0.0803253725 0.0422044471 0.0367937423 0.0803253725 0.0422044471 0.0443505347 0.0733558908 0.0396677405 0.0426212288 0.0768091008 0.0409246385 0.0367937423 0.0803253725 0.0422044471 0.0426212288 0.0768091008 0.0409246385 0.038571205 0.0800202489 0.0420933552 0.038571205 0.0800202489 0.0420933552 0.0426212288 0.0768091008 0.0409246385 0.0415863469 0.0782009065 0.0414311774 0.038571205 0.0800202489 0.0420933552 0.0415863469 0.0782009065 0.0414311774 0.0402053595 0.0792958438 0.0418296978 0.00242197327 0.0809070319 0.0424161069 -0.0249208026 0.0662300587 0.0370741673 -0.0250314102 0.0645573214 0.0364653133 0.04647379 0.062843591 0.0358415991 0.0470073037 0.0644427985 0.0364236645 0.0453713872 0.0615260527 0.0353620127 0.0453713872 0.0615260527 0.0353620127 0.0470073037 0.0644427985 0.0364236645 0.0196128823 0.0808796436 0.0424061716 0.0453713872 0.0615260527 0.0353620127 0.0196128823 0.0808796436 0.0424061716 0.0438435078 0.0606614873 0.03504733 0.0438435078 0.0606614873 0.03504733 0.0196128823 0.0808796436 0.0424061716 0.04208868 0.0603621379 0.0349383913 -0.0181760415 0.0793886483 0.0418634638 -0.0195609294 0.0782980993 0.0414665677 -0.0165392868 0.080107823 0.0421252511 -0.0165392868 0.080107823 0.0421252511 -0.0195609294 0.0782980993 0.0414665677 -0.0206008032 0.0769096017 0.0409611687 -0.0165392868 0.080107823 0.0421252511 -0.0206008032 0.0769096017 0.0409611687 -0.0147607448 0.0804072842 0.0422342308 -0.0147607448 0.0804072842 0.0422342308 -0.0206008032 0.0769096017 0.0409611687 -0.0223425142 0.0734618753 0.0397063233 -0.0147607448 0.0804072842 0.0422342308 -0.0223425142 0.0734618753 0.0397063233 0.00242197327 0.0809070319 0.0424161069 0.00242197327 0.0809070319 0.0424161069 -0.0223425142 0.0734618753 0.0397063233 -0.0237856023 0.0698943809 0.038407851 0.00242197327 0.0809070319 0.0424161069 -0.0237856023 0.0698943809 0.038407851 -0.0249208026 0.0662300587 0.0370741673 -0.0250314102 0.0645573214 0.0364653133 -0.0245036222 0.0629563779 0.0358826406 0.00242197327 0.0809070319 0.0424161069 0.00242197327 0.0809070319 0.0424161069 -0.0245036222 0.0629563779 0.0358826406 -0.0234059766 0.0616353415 0.0354017913 0.00242197327 0.0809070319 0.0424161069 -0.0234059766 0.0616353415 0.0354017913 -0.0218812227 0.060765896 0.0350853615</float_array>
          <technique_common>
            <accessor count="78" offset="0" source="#Mesh_1-positions-array" stride="3">
              <param name="X" type="float" />
              <param name="Y" type="float" />
              <param name="Z" type="float" />
            </accessor>
          </technique_common>
        </source>
        <source id="Mesh_1-normals" name="Mesh_1-normals">
          <float_array id="Mesh_1-normals-array" count="234">0 -0.342020214 0.939692676 0 -0.342020214 0.939692676 0 -0.342020214 0.939692676 -7.34915091e-07 -0.342019916 0.939692795 -7.34915091e-07 -0.342019916 0.939692795 -7.34915091e-07 -0.342019916 0.939692795 2.60976003e-06 -0.342021793 0.93969208 2.60976003e-06 -0.342021793 0.93969208 2.60976003e-06 -0.342021793 0.93969208 0 -0.342018783 0.939693093 0 -0.342018783 0.939693093 0 -0.342018783 0.939693093 6.67536995e-07 -0.342021108 0.939692318 6.67536995e-07 -0.342021108 0.939692318 6.67536995e-07 -0.342021108 0.939692318 7.18546914e-07 -0.342020482 0.939692497 7.18546914e-07 -0.342020482 0.939692497 7.18546914e-07 -0.342020482 0.939692497 0 -0.342019498 0.939692914 0 -0.342019498 0.939692914 0 -0.342019498 0.939692914 -3.97068015e-06 -0.342018515 0.939693213 -3.97068015e-06 -0.342018515 0.939693213 -3.97068015e-06 -0.342018515 0.939693213 1.24690978e-05 -0.342014372 0.939694703 1.24690978e-05 -0.342014372 0.939694703 1.24690978e-05 -0.342014372 0.939694703 -1.80745992e-05 -0.342025101 0.939690828 -1.80745992e-05 -0.342025101 0.939690828 -1.80745992e-05 -0.342025101 0.939690828 8.8347997e-06 -0.342034906 0.939687312 8.8347997e-06 -0.342034906 0.939687312 8.8347997e-06 -0.342034906 0.939687312 -3.16002001e-07 -0.342019707 0.939692795 -3.16002001e-07 -0.342019707 0.939692795 -3.16002001e-07 -0.342019707 0.939692795 1.31519e-05 -0.342028201 0.939689696 1.31519e-05 -0.342028201 0.939689696 1.31519e-05 -0.342028201 0.939689696 1.04429e-06 -0.342020214 0.939692676 1.04429e-06 -0.342020214 0.939692676 1.04429e-06 -0.342020214 0.939692676 -2.15121986e-06 -0.342022061 0.939691901 -2.15121986e-06 -0.342022061 0.939691901 -2.15121986e-06 -0.342022061 0.939691901 0 -0.342018396 0.939693272 0 -0.342018396 0.939693272 0 -0.342018396 0.939693272 0 -0.342014015 0.939694881 0 -0.342014015 0.939694881 0 -0.342014015 0.939694881 6.02472892e-06 -0.342013985 0.939694881 6.02472892e-06 -0.342013985 0.939694881 6.02472892e-06 -0.342013985 0.939694881 -6.23458891e-06 -0.342026681 0.939690292 -6.23458891e-06 -0.342026681 0.939690292 -6.23458891e-06 -0.342026681 0.939690292 -1.98533985e-06 -0.342019379 0.939692855 -1.98533985e-06 -0.342019379 0.939692855 -1.98533985e-06 -0.342019379 0.939692855 0 -0.342020899 0.939692378 0 -0.342020899 0.939692378 0 -0.342020899 0.939692378 -7.18543106e-07 -0.342018336 0.939693391 -7.18543106e-07 -0.342018336 0.939693391 -7.18543106e-07 -0.342018336 0.939693391 1.33507001e-06 -0.342021286 0.939692199 1.33507001e-06 -0.342021286 0.939692199 1.33507001e-06 -0.342021286 0.939692199 -2.12100008e-06 -0.342020899 0.939692378 -2.12100008e-06 -0.342020899 0.939692378 -2.12100008e-06 -0.342020899 0.939692378 2.01768989e-06 -0.342020005 0.939692676 2.01768989e-06 -0.342020005 0.939692676 2.01768989e-06 -0.342020005 0.939692676 -2.95792006e-06 -0.34201929 0.939692974 -2.95792006e-06 -0.34201929 0.939692974 -2.95792006e-06 -0.34201929 0.939692974</float_array>
          <technique_common>
            <accessor count="78" offset="0" source="#Mesh_1-normals-array" stride="3">
              <param name="X" type="float" />
              <param name="Y" type="float" />
              <param name="Z" type="float" />
            </accessor>
          </technique_common>
        </source>
        <vertices id="Mesh_1-vertices">
          <input semantic="POSITION" source="#Mesh_1-positions" />
        </vertices>
        <polylist count="26" material="defaultMaterial">
          <input offset="0" semantic="VERTEX" source="#Mesh_1-vertices" />
          <input offset="0" semantic="NORMAL" source="#Mesh_1-normals" />
          <vcount>3 3 3 3 3 3 3 3 3 3 3 3 3 3 3 3 3 3 3 3 3 3 3 3 3 3 </vcount>
          <p>0 1 2 3 4 5 6 7 8 9 10 11 12 13 14 15 16 17 18 19 20 21 22 23 24 25 26 27 28 29 30 31 32 33 34 35 36 37 38 39 40 41 42 43 44 45 46 47 48 49 50 51 52 53 54 55 56 57 58 59 60 61 62 63 64 65 66 67 68 69 70 71 72 73 74 75 76 77 </p>
        </polylist>
      </mesh>
    </geometry>
    <geometry id="Box004_1" name="Box004" >
      <mesh>
        <source id="Box004_1-positions" name="Box004_1-positions">
          <float_array id="Box004_1-positions-array" count="4884">0.024734702 -0.0142806089 0 0.0201957934 -0.0201958194 0 0.0142805763 -0.0247347187 0 0.0142805763 -0.0247347187 0 0.00739216292 -0.0275879875 0 -1.32434357e-08 -0.0285611842 0 -1.32434357e-08 -0.0285611842 0 -0.007392189 -0.0275879819 0 -0.0142806005 -0.0247347038 0 0.0142805763 -0.0247347187 0 -1.32434357e-08 -0.0285611842 0 -0.0142806005 -0.0247347038 0 -0.0142806005 -0.0247347038 0 -0.0201958176 -0.0201957952 0 -0.024734715 -0.01428058 0 -0.024734715 -0.01428058 0 -0.0275879875 -0.00739216618 0 -0.0285611823 1.11013723e-08 0 -0.0142806005 -0.0247347038 0 -0.024734715 -0.01428058 0 -0.0285611823 1.11013723e-08 0 -0.0285611823 1.11013723e-08 0 -0.0275879819 0.00739218714 0 -0.0247347038 0.0142805967 0 -0.0247347038 0.0142805967 0 -0.0201957989 0.0201958101 0 -0.0142805865 0.0247347094 0 -0.0285611823 1.11013723e-08 0 -0.0247347038 0.0142805967 0 -0.0142805865 0.0247347094 0 -0.0142806005 -0.0247347038 0 -0.0285611823 1.11013723e-08 0 -0.0142805865 0.0247347094 0 -0.0142805865 0.0247347094 0 -0.00739217456 0.0275879856 0 2.19131846e-09 0.0285611823 0 2.19131846e-09 0.0285611823 0 0.00739217876 0.0275879819 0 0.0142805902 0.0247347094 0 -0.0142805865 0.0247347094 0 2.19131846e-09 0.0285611823 0 0.0142805902 0.0247347094 0 0.0142805902 0.0247347094 0 0.0201958064 0.0201958045 0 0.0247347113 0.0142805912 0 0.0247347113 0.0142805912 0 0.0275879838 0.00739217829 0 0.0285611842 -2.07631447e-11 0 0.0142805902 0.0247347094 0 0.0247347113 0.0142805912 0 0.0285611842 -2.07631447e-11 0 -0.0142805865 0.0247347094 0 0.0142805902 0.0247347094 0 0.0285611842 -2.07631447e-11 0 -0.0142806005 -0.0247347038 0 -0.0142805865 0.0247347094 0 0.0285611842 -2.07631447e-11 0 0.0142805763 -0.0247347187 0 -0.0142806005 -0.0247347038 0 0.0285611842 -2.07631447e-11 0 0.024734702 -0.0142806089 0 0.0142805763 -0.0247347187 0 0.0285611842 -2.07631447e-11 0 0.02758798 -0.00739219878 0 0.024734702 -0.0142806089 0 0.0285611842 -2.07631447e-11 0 0.0285611842 -2.07631447e-11 0 0.0275879838 0.00739217829 0 0.0275879856 0.00739217782 0.0539969429 0.0275879856 0.00739217782 0.0539969429 0.0285611842 -3.55915269e-10 0.0539969429 0.0285611842 -2.07631447e-11 0 0.0275879838 0.00739217829 0 0.0247347113 0.0142805912 0 0.0247347094 0.0142805949 0.0539969429 0.0247347094 0.0142805949 0.0539969429 0.0275879856 0.00739217782 0.0539969429 0.0275879838 0.00739217829 0 0.0247347113 0.0142805912 0 0.0201958064 0.0201958045 0 0.0201958064 0.0201958045 0.0539969429 0.0201958064 0.0201958045 0.0539969429 0.0247347094 0.0142805949 0.0539969429 0.0247347113 0.0142805912 0 0.0201958064 0.0201958045 0 0.0142805902 0.0247347094 0 0.0142805912 0.0247347131 0.0539969429 0.0142805912 0.0247347131 0.0539969429 0.0201958064 0.0201958045 0.0539969429 0.0201958064 0.0201958045 0 0.0142805902 0.0247347094 0 0.00739217876 0.0275879819 0 0.00739217922 0.0275879856 0.0539969429 0.00739217922 0.0275879856 0.0539969429 0.0142805912 0.0247347131 0.0539969429 0.0142805902 0.0247347094 0 0.00739217876 0.0275879819 0 2.19131846e-09 0.0285611823 0 2.18833884e-09 0.0285611842 0.0539969429 2.18833884e-09 0.0285611842 0.0539969429 0.00739217922 0.0275879856 0.0539969429 0.00739217876 0.0275879819 0 2.19131846e-09 0.0285611823 0 -0.00739217456 0.0275879856 0 -0.00739217503 0.0275879875 0.0539969429 -0.00739217503 0.0275879875 0.0539969429 2.18833884e-09 0.0285611842 0.0539969429 2.19131846e-09 0.0285611823 0 -0.00739217456 0.0275879856 0 -0.0142805865 0.0247347094 0 -0.0142805884 0.0247347131 0.0539969429 -0.0142805884 0.0247347131 0.0539969429 -0.00739217503 0.0275879875 0.0539969429 -0.00739217456 0.0275879856 0 -0.0142805865 0.0247347094 0 -0.0201957989 0.0201958101 0 -0.0201958045 0.020195812 0.0539969429 -0.0201958045 0.020195812 0.0539969429 -0.0142805884 0.0247347131 0.0539969429 -0.0142805865 0.0247347094 0 -0.0201957989 0.0201958101 0 -0.0247347038 0.0142805967 0 -0.0247347094 0.0142806005 0.0539969429 -0.0247347094 0.0142806005 0.0539969429 -0.0201958045 0.020195812 0.0539969429 -0.0201957989 0.0201958101 0 -0.0247347038 0.0142805967 0 -0.0275879819 0.00739218714 0 -0.0275879838 0.00739218621 0.0539969429 -0.0275879838 0.00739218621 0.0539969429 -0.0247347094 0.0142806005 0.0539969429 -0.0247347038 0.0142805967 0 -0.0275879819 0.00739218714 0 -0.0285611823 1.11013723e-08 0 -0.0285611842 1.0766219e-08 0.0539969429 -0.0285611842 1.0766219e-08 0.0539969429 -0.0275879838 0.00739218621 0.0539969429 -0.0275879819 0.00739218714 0 -0.0285611823 1.11013723e-08 0 -0.0275879875 -0.00739216618 0 -0.0275879912 -0.00739216758 0.0539969429 -0.0275879912 -0.00739216758 0.0539969429 -0.0285611842 1.0766219e-08 0.0539969429 -0.0285611823 1.11013723e-08 0 -0.0275879875 -0.00739216618 0 -0.024734715 -0.01428058 0 -0.0247347187 -0.0142805791 0.0539969429 -0.0247347187 -0.0142805791 0.0539969429 -0.0275879912 -0.00739216758 0.0539969429 -0.0275879875 -0.00739216618 0 -0.024734715 -0.01428058 0 -0.0201958176 -0.0201957952 0 -0.0201958213 -0.0201957952 0.0539969429 -0.0201958213 -0.0201957952 0.0539969429 -0.0247347187 -0.0142805791 0.0539969429 -0.024734715 -0.01428058 0 -0.0201958176 -0.0201957952 0 -0.0142806005 -0.0247347038 0 -0.0142806014 -0.0247347057 0.0539969429 -0.0142806014 -0.0247347057 0.0539969429 -0.0201958213 -0.0201957952 0.0539969429 -0.0201958176 -0.0201957952 0 -0.0142806005 -0.0247347038 0 -0.007392189 -0.0275879819 0 -0.00739218993 -0.0275879838 0.0539969429 -0.00739218993 -0.0275879838 0.0539969429 -0.0142806014 -0.0247347057 0.0539969429 -0.0142806005 -0.0247347038 0 -0.007392189 -0.0275879819 0 -1.32434357e-08 -0.0285611842 0 -1.32464173e-08 -0.028561186 0.0539969429 -1.32464173e-08 -0.028561186 0.0539969429 -0.00739218993 -0.0275879838 0.0539969429 -0.007392189 -0.0275879819 0 -1.32434357e-08 -0.0285611842 0 0.00739216292 -0.0275879875 0 0.00739216385 -0.0275879931 0.0539969429 0.00739216385 -0.0275879931 0.0539969429 -1.32464173e-08 -0.028561186 0.0539969429 -1.32434357e-08 -0.0285611842 0 0.00739216292 -0.0275879875 0 0.0142805763 -0.0247347187 0 0.0142805772 -0.0247347206 0.0539969429 0.0142805772 -0.0247347206 0.0539969429 0.00739216385 -0.0275879931 0.0539969429 0.00739216292 -0.0275879875 0 0.0142805763 -0.0247347187 0 0.0201957934 -0.0201958194 0 0.0201957971 -0.0201958194 0.0539969429 0.0201957971 -0.0201958194 0.0539969429 0.0142805772 -0.0247347206 0.0539969429 0.0142805763 -0.0247347187 0 0.0201957934 -0.0201958194 0 0.024734702 -0.0142806089 0 0.024734702 -0.0142806089 0.0539969429 0.024734702 -0.0142806089 0.0539969429 0.0201957971 -0.0201958194 0.0539969429 0.0201957934 -0.0201958194 0 0.024734702 -0.0142806089 0 0.02758798 -0.00739219878 0 0.0275879819 -0.00739220018 0.0539969429 0.0275879819 -0.00739220018 0.0539969429 0.024734702 -0.0142806089 0.0539969429 0.024734702 -0.0142806089 0 0.02758798 -0.00739219878 0 0.0285611842 -2.07631447e-11 0 0.0285611842 -3.55915269e-10 0.0539969429 0.0285611842 -3.55915269e-10 0.0539969429 0.0275879819 -0.00739220018 0.0539969429 0.02758798 -0.00739219878 0 0.0285611842 -3.55915269e-10 0.0539969429 0.0275879856 0.00739217782 0.0539969429 0.0247347094 0.0142805949 0.0539969429 0.0247347094 0.0142805949 0.0539969429 0.0201958064 0.0201958045 0.0539969429 0.0142805912 0.0247347131 0.0539969429 0.0142805912 0.0247347131 0.0539969429 0.00739217922 0.0275879856 0.0539969429 2.18833884e-09 0.0285611842 0.0539969429 0.0247347094 0.0142805949 0.0539969429 0.0142805912 0.0247347131 0.0539969429 2.18833884e-09 0.0285611842 0.0539969429 2.18833884e-09 0.0285611842 0.0539969429 -0.00739217503 0.0275879875 0.0539969429 -0.0142805884 0.0247347131 0.0539969429 -0.0142805884 0.0247347131 0.0539969429 -0.0201958045 0.020195812 0.0539969429 -0.0247347094 0.0142806005 0.0539969429 2.18833884e-09 0.0285611842 0.0539969429 -0.0142805884 0.0247347131 0.0539969429 -0.0247347094 0.0142806005 0.0539969429 -0.0247347094 0.0142806005 0.0539969429 -0.0275879838 0.00739218621 0.0539969429 -0.0285611842 1.0766219e-08 0.0539969429 -0.0285611842 1.0766219e-08 0.0539969429 -0.0275879912 -0.00739216758 0.0539969429 -0.0247347187 -0.0142805791 0.0539969429 -0.0247347094 0.0142806005 0.0539969429 -0.0285611842 1.0766219e-08 0.0539969429 -0.0247347187 -0.0142805791 0.0539969429 2.18833884e-09 0.0285611842 0.0539969429 -0.0247347094 0.0142806005 0.0539969429 -0.0247347187 -0.0142805791 0.0539969429 -0.0247347187 -0.0142805791 0.0539969429 -0.0201958213 -0.0201957952 0.0539969429 -0.0142806014 -0.0247347057 0.0539969429 -0.0142806014 -0.0247347057 0.0539969429 -0.00739218993 -0.0275879838 0.0539969429 -1.32464173e-08 -0.028561186 0.0539969429 -0.0247347187 -0.0142805791 0.0539969429 -0.0142806014 -0.0247347057 0.0539969429 -1.32464173e-08 -0.028561186 0.0539969429 -1.32464173e-08 -0.028561186 0.0539969429 0.00739216385 -0.0275879931 0.0539969429 0.0142805772 -0.0247347206 0.0539969429 0.0142805772 -0.0247347206 0.0539969429 0.0201957971 -0.0201958194 0.0539969429 0.024734702 -0.0142806089 0.0539969429 -1.32464173e-08 -0.028561186 0.0539969429 0.0142805772 -0.0247347206 0.0539969429 0.024734702 -0.0142806089 0.0539969429 -0.0247347187 -0.0142805791 0.0539969429 -1.32464173e-08 -0.028561186 0.0539969429 0.024734702 -0.0142806089 0.0539969429 2.18833884e-09 0.0285611842 0.0539969429 -0.0247347187 -0.0142805791 0.0539969429 0.024734702 -0.0142806089 0.0539969429 0.0247347094 0.0142805949 0.0539969429 2.18833884e-09 0.0285611842 0.0539969429 0.024734702 -0.0142806089 0.0539969429 0.0285611842 -3.55915269e-10 0.0539969429 0.0247347094 0.0142805949 0.0539969429 0.024734702 -0.0142806089 0.0539969429 0.0275879819 -0.00739220018 0.0539969429 0.0285611842 -3.55915269e-10 0.0539969429 0.024734702 -0.0142806089 0.0539969429 -0.072499983 -0.00349998334 0.0619999692 0.0724999905 -0.00349998334 0.0619999692 0.0724999905 -0.00349998497 0.0667999834 -0.072499983 -0.00349998497 0.0667999834 -0.072499983 0.00349998474 0.0619999692 -0.072499983 0.00349998404 0.0667999834 0.0724999905 0.00349998404 0.0667999834 0.0724999905 0.00349998474 0.0619999692 -0.072499983 -0.00349998334 0.0619999692 -0.072499983 0.00349998474 0.0619999692 0.0724999905 0.00349998474 0.0619999692 0.0724999905 -0.00349998334 0.0619999692 0.0724999905 -0.00349998334 0.0619999692 0.0724999905 0.00349998474 0.0619999692 0.0724999905 0.00349998404 0.0667999834 0.0724999905 -0.00349998497 0.0667999834 0.0724999905 -0.00349998497 0.0667999834 0.0724999905 0.00349998404 0.0667999834 -0.072499983 0.00349998404 0.0667999834 -0.072499983 -0.00349998497 0.0667999834 -0.072499983 -0.00349998497 0.0667999834 -0.072499983 0.00349998404 0.0667999834 -0.072499983 0.00349998474 0.0619999692 -0.072499983 -0.00349998334 0.0619999692 0.0719999596 -0.00999146979 0.0479999669 0.0719999596 0.00999147259 0.0479999669 0.0719999596 0.00999147259 0.0559999868 0.0719999596 0.00999147259 0.0559999868 0.0719999596 -0.00999146979 0.0559999868 0.0719999596 -0.00999146979 0.0479999669 0.0622405224 0.0109225689 0.0479999669 0.0622405224 0.0109225689 0.0559999868 0.0719999596 0.00999147259 0.0559999868 0.0719999596 0.00999147259 0.0559999868 0.0719999596 0.00999147259 0.0479999669 0.0622405224 0.0109225689 0.0479999669 0.0090496093 0.0292661861 0.0479999669 0.0090496093 -0.0292661823 0.0479999669 0 -0.0304427668 0.0479999669 0 -0.0304427668 0.0479999669 0 0.0304427687 0.0479999669 0.0090496093 0.0292661861 0.0479999669 0.0090496093 -0.0292661823 0.0559999868 0.00904960837 0.0292661823 0.0559999868 0 0.0304427687 0.0559999868 0 0.0304427687 0.0559999868 0 -0.0304427668 0.0559999868 0.0090496093 -0.0292661823 0.0559999868 0.0090496093 -0.0292661823 0.0479999669 0.0090496093 -0.0292661823 0.0559999868 0 -0.0304427668 0.0559999868 0 -0.0304427668 0.0559999868 0 -0.0304427668 0.0479999669 0.0090496093 -0.0292661823 0.0479999669 0.0294999406 0.0220683645 0.0479999669 0.0294999387 0.0220683645 0.0559999868 0.0359999798 0.0197564736 0.0559999868 0.0359999798 0.0197564736 0.0559999868 0.0359999798 0.0197564736 0.0479999669 0.0294999406 0.0220683645 0.0479999669 0.0622405224 -0.0109225661 0.0559999868 0.0622405224 -0.00449307775 0.0559999868 0.0359999798 -0.00461963378 0.0559999868 0.0359999798 -0.00461963378 0.0559999868 0.0359999798 -0.0197564717 0.0559999868 0.0622405224 -0.0109225661 0.0559999868 0.0622405224 -0.0109225661 0.0479999669 0.0622405224 -0.0109225661 0.0559999868 0.0359999798 -0.0197564717 0.0559999868 0.0359999798 -0.0197564717 0.0559999868 0.0359999798 -0.0197564717 0.0479999669 0.0622405224 -0.0109225661 0.0479999669 0.0359999798 0.0197564736 0.0479999669 0.0359999798 0.0197564736 0.0559999868 0.0622405224 0.0109225689 0.0559999868 0.0622405224 0.0109225689 0.0559999868 0.0622405224 0.0109225689 0.0479999669 0.0359999798 0.0197564736 0.0479999669 0.0719999596 0.00999147259 0.0479999669 0.0719999596 -0.00999146979 0.0479999669 0.0622405224 -0.0109225661 0.0479999669 0.0622405224 -0.0109225661 0.0479999669 0.0622405224 0.0109225689 0.0479999669 0.0719999596 0.00999147259 0.0479999669 0.0622405224 -0.0109225651 0.0669999719 0.0719999596 -0.00999146886 0.0669999719 0.0719999596 0.00999147166 0.0669999719 0.0719999596 0.00999147166 0.0669999719 0.0622405224 0.0109225698 0.0669999719 0.0622405224 -0.0109225651 0.0669999719 0.0719999596 -0.00999146979 0.0479999669 0.0719999596 -0.00999146979 0.0559999868 0.0622405224 -0.0109225661 0.0559999868 0.0622405224 -0.0109225661 0.0559999868 0.0622405224 -0.0109225661 0.0479999669 0.0719999596 -0.00999146979 0.0479999669 0.0294999387 -0.0220683645 0.0479999669 0.0294999387 -0.0220683645 0.0559999868 0.0179999899 -0.0261585917 0.0559999868 0.0179999899 -0.0261585917 0.0559999868 0.0179999899 -0.0261585917 0.0479999669 0.0294999387 -0.0220683645 0.0479999669 0.0103781801 0.028804902 0.0479999669 0.0103781791 0.0288049001 0.0559999868 0.017999988 0.0261585917 0.0559999868 0.017999988 0.0261585917 0.0559999868 0.0179999899 0.0261585917 0.0479999669 0.0103781801 0.028804902 0.0479999669 0.0103781801 0.028804902 0.0479999669 0.0103781791 -0.0288049001 0.0479999669 0.0090496093 -0.0292661823 0.0479999669 0.0090496093 -0.0292661823 0.0479999669 0.0090496093 0.0292661861 0.0479999669 0.0103781801 0.028804902 0.0479999669 0.0103781791 -0.0288049001 0.0559999868 0.0103781791 0.0288049001 0.0559999868 0.00904960837 0.0292661823 0.0559999868 0.00904960837 0.0292661823 0.0559999868 0.0090496093 -0.0292661823 0.0559999868 0.0103781791 -0.0288049001 0.0559999868 0.0103781791 -0.0288049001 0.0479999669 0.0103781791 -0.0288049001 0.0559999868 0.0090496093 -0.0292661823 0.0559999868 0.0090496093 -0.0292661823 0.0559999868 0.0090496093 -0.0292661823 0.0479999669 0.0103781791 -0.0288049001 0.0479999669 0 0.0399999581 0.0479999669 0 0.0399999581 0.0559999868 0.00904960837 0.0390108004 0.0559999868 0.00904960837 0.0390108004 0.0559999868 0.0090496093 0.0390108041 0.0479999669 0 0.0399999581 0.0479999669 0.0179999899 0.0261585917 0.0479999669 0.017999988 0.0261585917 0.0559999868 0.0294999387 0.0220683645 0.0559999868 0.0294999387 0.0220683645 0.0559999868 0.0294999406 0.0220683645 0.0479999669 0.0179999899 0.0261585917 0.0479999669 0.0359999798 0.0197564736 0.0479999669 0.0359999798 1.16415322e-09 0.0479999669 0.0294999406 0 0.0479999669 0.0294999406 0 0.0479999669 0.0294999406 0.0220683645 0.0479999669 0.0359999798 0.0197564736 0.0479999669 0.0359999798 -0.0197564717 0.0559999868 0.0359999798 -0.00461963378 0.0559999868 0.0294999387 -0.00455041043 0.0559999868 0.0294999387 -0.00455041043 0.0559999868 0.0294999387 -0.0220683645 0.0559999868 0.0359999798 -0.0197564717 0.0559999868 0.0359999798 -0.0197564717 0.0479999669 0.0359999798 -0.0197564717 0.0559999868 0.0294999387 -0.0220683645 0.0559999868 0.0294999387 -0.0220683645 0.0559999868 0.0294999387 -0.0220683645 0.0479999669 0.0359999798 -0.0197564717 0.0479999669 0.0359999798 -0.0197564717 0.0479999669 0.0294999387 -0.0220683645 0.0479999669 0.0294999406 0 0.0479999669 0.0294999406 0 0.0479999669 0.0359999798 1.16415322e-09 0.0479999669 0.0359999798 -0.0197564717 0.0479999669 0.0622405224 0.00247839582 0.0620404705 0.0359999798 0.00254820404 0.0620404705 0.0359999798 -0.00254820311 0.0620404705 0.0359999798 -0.00254820311 0.0620404705 0.0622405224 -0.00247839442 0.0620404705 0.0622405224 0.00247839582 0.0620404705 0.0359999798 0.00254820404 0.0620404705 0.0294999387 0.00251002028 0.0620404705 0.0294999387 -0.00251001935 0.0620404705 0.0294999387 -0.00251001935 0.0620404705 0.0359999798 -0.00254820311 0.0620404705 0.0359999798 0.00254820404 0.0620404705 0.0622405224 0.0109225689 0.0559999868 0.0359999798 0.0197564736 0.0559999868 0.0359999798 0.00461963471 0.0559999868 0.0359999798 0.00461963471 0.0559999868 0.0622405224 0.00449308008 0.0559999868 0.0622405224 0.0109225689 0.0559999868 0.0719999596 0.00999147166 0.0669999719 0.0719999596 0.00999147166 0.0669999719 0.0622405224 0.0109225698 0.0669999719 0.0359999798 0.0197564736 0.0559999868 0.0294999387 0.0220683645 0.0559999868 0.0294999387 0.00455041183 0.0559999868 0.0294999387 0.00455041183 0.0559999868 0.0359999798 0.00461963471 0.0559999868 0.0359999798 0.0197564736 0.0559999868 0.0622405224 0.0109225689 0.0559999868 0.0622405224 0.00449308008 0.0559999868 0.0622405224 0.0109225698 0.0669999719 0.0294999387 -0.00455041043 0.0559999868 0.0294999387 -0.00264635566 0.0590202287 0.0294999387 0.00264635705 0.0590202287 0.0294999387 0.00264635705 0.0590202287 0.0294999387 0.00455041183 0.0559999868 0.0294999387 -0.00455041043 0.0559999868 0.0622405224 -0.00449307775 0.0559999868 0.0622405224 -0.0109225651 0.0669999719 0.0622405224 -0.00249130814 0.0590202287 0.0622405224 -0.0109225661 0.0559999868 0.0719999596 -0.00999146979 0.0559999868 0.0719999596 -0.00999146886 0.0669999719 0.0719999596 -0.00999146886 0.0669999719 0.0622405224 -0.0109225651 0.0669999719 0.0622405224 -0.0109225661 0.0559999868 0.0719999596 0.00999147259 0.0559999868 0.0622405224 0.0109225689 0.0559999868 0.0622405224 0.0109225698 0.0669999719 0.0622405224 0.0109225698 0.0669999719 0.0719999596 0.00999147166 0.0669999719 0.0719999596 0.00999147259 0.0559999868 0.0294999387 -0.00251001935 0.0620404705 0.0294999387 0.00251002028 0.0620404705 0.0294999387 0.00264635705 0.0590202287 0.0294999387 0.00264635705 0.0590202287 0.0294999387 -0.00264635566 0.0590202287 0.0294999387 -0.00251001935 0.0620404705 0.0622405224 -0.0109225651 0.0669999719 0.0622405224 -0.00247839442 0.0620404705 0.0622405224 -0.00249130814 0.0590202287 0.0622405224 -0.00449307775 0.0559999868 0.0622405224 -0.0109225661 0.0559999868 0.0622405224 -0.0109225651 0.0669999719 0.0622405224 0.00449308008 0.0559999868 0.0622405224 0.00249130954 0.0590202287 0.0622405224 0.0109225698 0.0669999719 0.0622405224 0.00249130954 0.0590202287 0.0622405224 0.00247839582 0.0620404705 0.0622405224 0.0109225698 0.0669999719 0.0622405224 0.00247839582 0.0620404705 0.0622405224 -0.00247839442 0.0620404705 0.0622405224 -0.0109225651 0.0669999719 0.0622405224 -0.0109225651 0.0669999719 0.0622405224 0.0109225698 0.0669999719 0.0622405224 0.00247839582 0.0620404705 -0.0719999596 -0.00999146979 0.0479999669 -0.0719999596 -0.00999146979 0.0559999868 -0.0719999596 0.00999147259 0.0559999868 -0.0719999596 0.00999147259 0.0559999868 -0.0719999596 0.00999147259 0.0479999669 -0.0719999596 -0.00999146979 0.0479999669 -0.0622405224 0.0109225689 0.0479999669 -0.0719999596 0.00999147259 0.0479999669 -0.0719999596 0.00999147259 0.0559999868 -0.0719999596 0.00999147259 0.0559999868 -0.0622405224 0.0109225689 0.0559999868 -0.0622405224 0.0109225689 0.0479999669 -0.0090496093 0.0292661861 0.0479999669 0 0.0304427687 0.0479999669 0 -0.0304427668 0.0479999669 0 -0.0304427668 0.0479999669 -0.0090496093 -0.0292661823 0.0479999669 -0.0090496093 0.0292661861 0.0479999669 -0.0090496093 -0.0292661823 0.0559999868 0 -0.0304427668 0.0559999868 0 0.0304427687 0.0559999868 0 0.0304427687 0.0559999868 -0.00904960837 0.0292661823 0.0559999868 -0.0090496093 -0.0292661823 0.0559999868 -0.0090496093 -0.0292661823 0.0479999669 0 -0.0304427668 0.0479999669 0 -0.0304427668 0.0559999868 0 -0.0304427668 0.0559999868 -0.0090496093 -0.0292661823 0.0559999868 -0.0090496093 -0.0292661823 0.0479999669 -0.0294999406 0.0220683645 0.0479999669 -0.0359999798 0.0197564736 0.0479999669 -0.0359999798 0.0197564736 0.0559999868 -0.0359999798 0.0197564736 0.0559999868 -0.0294999387 0.0220683645 0.0559999868 -0.0294999406 0.0220683645 0.0479999669 -0.0622405224 -0.0109225661 0.0559999868 -0.0359999798 -0.0197564717 0.0559999868 -0.0359999798 -0.00461963378 0.0559999868 -0.0359999798 -0.00461963378 0.0559999868 -0.0622405224 -0.00449307775 0.0559999868 -0.0622405224 -0.0109225661 0.0559999868 -0.0622405224 -0.0109225661 0.0479999669 -0.0359999798 -0.0197564717 0.0479999669 -0.0359999798 -0.0197564717 0.0559999868 -0.0359999798 -0.0197564717 0.0559999868 -0.0622405224 -0.0109225661 0.0559999868 -0.0622405224 -0.0109225661 0.0479999669 -0.0359999798 0.0197564736 0.0479999669 -0.0622405224 0.0109225689 0.0479999669 -0.0622405224 0.0109225689 0.0559999868 -0.0622405224 0.0109225689 0.0559999868 -0.0359999798 0.0197564736 0.0559999868 -0.0359999798 0.0197564736 0.0479999669 -0.0719999596 0.00999147259 0.0479999669 -0.0622405224 0.0109225689 0.0479999669 -0.0622405224 -0.0109225661 0.0479999669 -0.0622405224 -0.0109225661 0.0479999669 -0.0719999596 -0.00999146979 0.0479999669 -0.0719999596 0.00999147259 0.0479999669 -0.0622405224 -0.0109225651 0.0669999719 -0.0622405224 0.0109225698 0.0669999719 -0.0719999596 0.00999147166 0.0669999719 -0.0719999596 0.00999147166 0.0669999719 -0.0719999596 -0.00999146886 0.0669999719 -0.0622405224 -0.0109225651 0.0669999719 -0.0719999596 -0.00999146979 0.0479999669 -0.0622405224 -0.0109225661 0.0479999669 -0.0622405224 -0.0109225661 0.0559999868 -0.0622405224 -0.0109225661 0.0559999868 -0.0719999596 -0.00999146979 0.0559999868 -0.0719999596 -0.00999146979 0.0479999669 -0.0294999387 -0.0220683645 0.0479999669 -0.0179999899 -0.0261585917 0.0479999669 -0.0179999899 -0.0261585917 0.0559999868 -0.0179999899 -0.0261585917 0.0559999868 -0.0294999387 -0.0220683645 0.0559999868 -0.0294999387 -0.0220683645 0.0479999669 -0.017999988 0.0261585917 0.0559999868 -0.0105832489 0.0287336987 0.0559999868 -0.0105832499 0.0287337005 0.0479999669 -0.0105832499 0.0287337005 0.0479999669 -0.0179999899 0.0261585917 0.0479999669 -0.017999988 0.0261585917 0.0559999868 -0.0090496093 -0.0292661823 0.0479999669 -0.0105832489 -0.0287337005 0.0479999669 -0.0105832499 0.0287337005 0.0479999669 -0.0105832499 0.0287337005 0.0479999669 -0.0090496093 0.0292661861 0.0479999669 -0.0090496093 -0.0292661823 0.0479999669 -0.00904960837 0.0292661823 0.0559999868 -0.0105832489 0.0287336987 0.0559999868 -0.0105832489 -0.0287337005 0.0559999868 -0.0105832489 -0.0287337005 0.0559999868 -0.0090496093 -0.0292661823 0.0559999868 -0.00904960837 0.0292661823 0.0559999868 -0.0090496093 -0.0292661823 0.0559999868 -0.0105832489 -0.0287337005 0.0559999868 -0.0105832489 -0.0287337005 0.0479999669 -0.0105832489 -0.0287337005 0.0479999669 -0.0090496093 -0.0292661823 0.0479999669 -0.0090496093 -0.0292661823 0.0559999868 0 0.0399999581 0.0479999669 -0.0090496093 0.0390108041 0.0479999669 -0.00904960837 0.0390108004 0.0559999868 -0.00904960837 0.0390108004 0.0559999868 0 0.0399999581 0.0559999868 0 0.0399999581 0.0479999669 -0.0179999899 0.0261585917 0.0479999669 -0.0294999406 0.0220683645 0.0479999669 -0.0294999387 0.0220683645 0.0559999868 -0.0294999387 0.0220683645 0.0559999868 -0.017999988 0.0261585917 0.0559999868 -0.0179999899 0.0261585917 0.0479999669 -0.0359999798 0.0197564736 0.0479999669 -0.0294999406 0.0220683645 0.0479999669 -0.0294999406 0 0.0479999669 -0.0294999406 0 0.0479999669 -0.0359999798 1.16415322e-09 0.0479999669 -0.0359999798 0.0197564736 0.0479999669 -0.0359999798 -0.0197564717 0.0559999868 -0.0294999387 -0.0220683645 0.0559999868 -0.0294999387 -0.00455041043 0.0559999868 -0.0294999387 -0.00455041043 0.0559999868 -0.0359999798 -0.00461963378 0.0559999868 -0.0359999798 -0.0197564717 0.0559999868 -0.0359999798 -0.0197564717 0.0479999669 -0.0294999387 -0.0220683645 0.0479999669 -0.0294999387 -0.0220683645 0.0559999868 -0.0294999387 -0.0220683645 0.0559999868 -0.0359999798 -0.0197564717 0.0559999868 -0.0359999798 -0.0197564717 0.0479999669 -0.0359999798 -0.0197564717 0.0479999669 -0.0359999798 1.16415322e-09 0.0479999669 -0.0294999406 0 0.0479999669 -0.0294999406 0 0.0479999669 -0.0294999387 -0.0220683645 0.0479999669 -0.0359999798 -0.0197564717 0.0479999669 -0.0622405224 0.00247839582 0.0620404705 -0.0622405224 -0.00247839442 0.0620404705 -0.0359999798 -0.00254820311 0.0620404705 -0.0359999798 -0.00254820311 0.0620404705 -0.0359999798 0.00254820404 0.0620404705 -0.0622405224 0.00247839582 0.0620404705 -0.0359999798 0.00254820404 0.0620404705 -0.0359999798 -0.00254820311 0.0620404705 -0.0294999387 -0.00251001935 0.0620404705 -0.0294999387 -0.00251001935 0.0620404705 -0.0294999387 0.00251002028 0.0620404705 -0.0359999798 0.00254820404 0.0620404705 -0.0622405224 0.0109225689 0.0559999868 -0.0622405224 0.00449308008 0.0559999868 -0.0359999798 0.00461963471 0.0559999868 -0.0359999798 0.00461963471 0.0559999868 -0.0359999798 0.0197564736 0.0559999868 -0.0622405224 0.0109225689 0.0559999868 -0.0719999596 0.00999147166 0.0669999719 -0.0622405224 0.0109225698 0.0669999719 -0.0719999596 0.00999147166 0.0669999719 -0.0359999798 0.0197564736 0.0559999868 -0.0359999798 0.00461963471 0.0559999868 -0.0294999387 0.00455041183 0.0559999868 -0.0294999387 0.00455041183 0.0559999868 -0.0294999387 0.0220683645 0.0559999868 -0.0359999798 0.0197564736 0.0559999868 -0.0622405224 0.0109225689 0.0559999868 -0.0622405224 0.0109225698 0.0669999719 -0.0622405224 0.00449308008 0.0559999868 -0.0294999387 -0.00455041043 0.0559999868 -0.0294999387 0.00455041183 0.0559999868 -0.0294999387 0.00264635705 0.0590202287 -0.0294999387 0.00264635705 0.0590202287 -0.0294999387 -0.00264635566 0.0590202287 -0.0294999387 -0.00455041043 0.0559999868 -0.0622405224 -0.00449307775 0.0559999868 -0.0622405224 -0.00249130814 0.0590202287 -0.0622405224 -0.0109225651 0.0669999719 -0.0622405224 -0.0109225661 0.0559999868 -0.0622405224 -0.0109225651 0.0669999719 -0.0719999596 -0.00999146886 0.0669999719 -0.0719999596 -0.00999146886 0.0669999719 -0.0719999596 -0.00999146979 0.0559999868 -0.0622405224 -0.0109225661 0.0559999868 -0.0719999596 0.00999147259 0.0559999868 -0.0719999596 0.00999147166 0.0669999719 -0.0622405224 0.0109225698 0.0669999719 -0.0622405224 0.0109225698 0.0669999719 -0.0622405224 0.0109225689 0.0559999868 -0.0719999596 0.00999147259 0.0559999868 -0.0294999387 -0.00251001935 0.0620404705 -0.0294999387 -0.00264635566 0.0590202287 -0.0294999387 0.00264635705 0.0590202287 -0.0294999387 0.00264635705 0.0590202287 -0.0294999387 0.00251002028 0.0620404705 -0.0294999387 -0.00251001935 0.0620404705 -0.0622405224 -0.0109225651 0.0669999719 -0.0622405224 -0.00249130814 0.0590202287 -0.0622405224 -0.00247839442 0.0620404705 -0.0622405224 -0.00449307775 0.0559999868 -0.0622405224 -0.0109225651 0.0669999719 -0.0622405224 -0.0109225661 0.0559999868 -0.0622405224 0.00449308008 0.0559999868 -0.0622405224 0.0109225698 0.0669999719 -0.0622405224 0.00249130954 0.0590202287 -0.0622405224 0.00249130954 0.0590202287 -0.0622405224 0.0109225698 0.0669999719 -0.0622405224 0.00247839582 0.0620404705 -0.0622405224 0.00247839582 0.0620404705 -0.0622405224 0.0109225698 0.0669999719 -0.0622405224 -0.0109225651 0.0669999719 -0.0622405224 -0.0109225651 0.0669999719 -0.0622405224 -0.00247839442 0.0620404705 -0.0622405224 0.00247839582 0.0620404705 0.0090496093 0.0390108041 0.0479999669 0.00904960837 0.0390108004 0.0559999868 0.0103781791 0.0350740068 0.0559999868 0.0103781791 0.0350740068 0.0559999868 0.0103781801 0.0350740105 0.0479999669 0.0090496093 0.0390108041 0.0479999669 0.0179999899 0.0261585917 0.0479999669 0.0179999899 -0.0261585917 0.0479999669 0.0103781791 -0.0288049001 0.0479999669 0.0103781791 -0.0288049001 0.0479999669 0.0103781801 0.028804902 0.0479999669 0.0179999899 0.0261585917 0.0479999669 0.0179999899 -0.0261585917 0.0559999868 0.017999988 0.0261585917 0.0559999868 0.0103781791 0.0288049001 0.0559999868 0.0103781791 0.0288049001 0.0559999868 0.0103781791 -0.0288049001 0.0559999868 0.0179999899 -0.0261585917 0.0559999868 0.0179999899 -0.0261585917 0.0479999669 0.0179999899 -0.0261585917 0.0559999868 0.0103781791 -0.0288049001 0.0559999868 0.0103781791 -0.0288049001 0.0559999868 0.0103781791 -0.0288049001 0.0479999669 0.0179999899 -0.0261585917 0.0479999669 -0.00904960837 0.0390108004 0.0559999868 -0.0090496093 0.0390108041 0.0479999669 -0.0105832499 0.035002809 0.0479999669 -0.0105832499 0.035002809 0.0479999669 -0.0105832489 0.0350028053 0.0559999868 -0.00904960837 0.0390108004 0.0559999868 -0.0179999899 -0.0261585917 0.0479999669 -0.0179999899 0.0261585917 0.0479999669 -0.0105832499 0.0287337005 0.0479999669 -0.0105832499 0.0287337005 0.0479999669 -0.0105832489 -0.0287337005 0.0479999669 -0.0179999899 -0.0261585917 0.0479999669 -0.017999988 0.0261585917 0.0559999868 -0.0179999899 -0.0261585917 0.0559999868 -0.0105832489 -0.0287337005 0.0559999868 -0.0105832489 -0.0287337005 0.0559999868 -0.0105832489 0.0287336987 0.0559999868 -0.017999988 0.0261585917 0.0559999868 -0.0179999899 -0.0261585917 0.0559999868 -0.0179999899 -0.0261585917 0.0479999669 -0.0105832489 -0.0287337005 0.0479999669 -0.0105832489 -0.0287337005 0.0479999669 -0.0105832489 -0.0287337005 0.0559999868 -0.0179999899 -0.0261585917 0.0559999868 0.0359999798 1.16415322e-09 0.0479999669 0.0359999798 0.0197564736 0.0479999669 0.0622405224 0.0109225689 0.0479999669 0.0359999798 1.16415322e-09 0.0479999669 0.0622405224 0.0109225689 0.0479999669 0.0622405224 -0.0109225661 0.0479999669 0.0359999798 1.16415322e-09 0.0479999669 0.0622405224 -0.0109225661 0.0479999669 0.0359999798 -0.0197564717 0.0479999669 0.0294999406 0 0.0479999669 0.0294999387 -0.0220683645 0.0479999669 0.0179999899 -0.0261585917 0.0479999669 0.0294999406 0 0.0479999669 0.0179999899 -0.0261585917 0.0479999669 0.0179999899 0.0261585917 0.0479999669 0.0294999406 0 0.0479999669 0.0179999899 0.0261585917 0.0479999669 0.0294999406 0.0220683645 0.0479999669 0.0294999387 0.00455041183 0.0559999868 0.0294999387 0.0220683645 0.0559999868 0.017999988 0.0261585917 0.0559999868 0.0294999387 -0.00455041043 0.0559999868 0.0294999387 0.00455041183 0.0559999868 0.017999988 0.0261585917 0.0559999868 0.0294999387 -0.00455041043 0.0559999868 0.017999988 0.0261585917 0.0559999868 0.0179999899 -0.0261585917 0.0559999868 0.0294999387 -0.00455041043 0.0559999868 0.0179999899 -0.0261585917 0.0559999868 0.0294999387 -0.0220683645 0.0559999868 0.0359999798 0.00461963471 0.0559999868 0.0359999798 0.00262440438 0.0590202287 0.0622405224 0.00249130954 0.0590202287 0.0622405224 0.00249130954 0.0590202287 0.0622405224 0.00449308008 0.0559999868 0.0359999798 0.00461963471 0.0559999868 0.0294999387 0.00455041183 0.0559999868 0.0294999387 0.00264635705 0.0590202287 0.0359999798 0.00262440438 0.0590202287 0.0359999798 0.00262440438 0.0590202287 0.0359999798 0.00461963471 0.0559999868 0.0294999387 0.00455041183 0.0559999868 0.0359999798 -0.00461963378 0.0559999868 0.0359999798 -0.00262440392 0.0590202287 0.0294999387 -0.00264635566 0.0590202287 0.0294999387 -0.00264635566 0.0590202287 0.0294999387 -0.00455041043 0.0559999868 0.0359999798 -0.00461963378 0.0559999868 0.0622405224 -0.00449307775 0.0559999868 0.0622405224 -0.00249130814 0.0590202287 0.0359999798 -0.00262440392 0.0590202287 0.0359999798 -0.00262440392 0.0590202287 0.0359999798 -0.00461963378 0.0559999868 0.0622405224 -0.00449307775 0.0559999868 0.0719999596 0.00999147166 0.0669999719 0.0719999596 0.00999147166 0.0669999719 0.0719999596 -0.00999146886 0.0669999719 0.0719999596 0.00999147166 0.0669999719 0.0719999596 -0.00999146886 0.0669999719 0.0719999596 -0.00999146979 0.0559999868 0.0719999596 0.00999147166 0.0669999719 0.0719999596 -0.00999146979 0.0559999868 0.0719999596 0.00999147259 0.0559999868 0.0359999798 0.00254820404 0.0620404705 0.0622405224 0.00247839582 0.0620404705 0.0622405224 0.00249130954 0.0590202287 0.0622405224 0.00249130954 0.0590202287 0.0359999798 0.00262440438 0.0590202287 0.0359999798 0.00254820404 0.0620404705 0.0294999387 0.00251002028 0.0620404705 0.0359999798 0.00254820404 0.0620404705 0.0359999798 0.00262440438 0.0590202287 0.0359999798 0.00262440438 0.0590202287 0.0294999387 0.00264635705 0.0590202287 0.0294999387 0.00251002028 0.0620404705 0.0359999798 -0.00254820311 0.0620404705 0.0294999387 -0.00251001935 0.0620404705 0.0294999387 -0.00264635566 0.0590202287 0.0294999387 -0.00264635566 0.0590202287 0.0359999798 -0.00262440392 0.0590202287 0.0359999798 -0.00254820311 0.0620404705 0.0622405224 -0.00247839442 0.0620404705 0.0359999798 -0.00254820311 0.0620404705 0.0359999798 -0.00262440392 0.0590202287 0.0359999798 -0.00262440392 0.0590202287 0.0622405224 -0.00249130814 0.0590202287 0.0622405224 -0.00247839442 0.0620404705 -0.0359999798 1.16415322e-09 0.0479999669 -0.0359999798 -0.0197564717 0.0479999669 -0.0622405224 -0.0109225661 0.0479999669 -0.0359999798 1.16415322e-09 0.0479999669 -0.0622405224 -0.0109225661 0.0479999669 -0.0622405224 0.0109225689 0.0479999669 -0.0359999798 1.16415322e-09 0.0479999669 -0.0622405224 0.0109225689 0.0479999669 -0.0359999798 0.0197564736 0.0479999669 -0.0294999406 0 0.0479999669 -0.0294999406 0.0220683645 0.0479999669 -0.0179999899 0.0261585917 0.0479999669 -0.0294999406 0 0.0479999669 -0.0179999899 0.0261585917 0.0479999669 -0.0179999899 -0.0261585917 0.0479999669 -0.0294999406 0 0.0479999669 -0.0179999899 -0.0261585917 0.0479999669 -0.0294999387 -0.0220683645 0.0479999669 -0.0294999387 -0.00455041043 0.0559999868 -0.0294999387 -0.0220683645 0.0559999868 -0.0179999899 -0.0261585917 0.0559999868 -0.0294999387 0.00455041183 0.0559999868 -0.0294999387 -0.00455041043 0.0559999868 -0.0179999899 -0.0261585917 0.0559999868 -0.0294999387 0.00455041183 0.0559999868 -0.0179999899 -0.0261585917 0.0559999868 -0.017999988 0.0261585917 0.0559999868 -0.0294999387 0.00455041183 0.0559999868 -0.017999988 0.0261585917 0.0559999868 -0.0294999387 0.0220683645 0.0559999868 -0.0359999798 0.00461963471 0.0559999868 -0.0622405224 0.00449308008 0.0559999868 -0.0622405224 0.00249130954 0.0590202287 -0.0622405224 0.00249130954 0.0590202287 -0.0359999798 0.00262440438 0.0590202287 -0.0359999798 0.00461963471 0.0559999868 -0.0294999387 0.00455041183 0.0559999868 -0.0359999798 0.00461963471 0.0559999868 -0.0359999798 0.00262440438 0.0590202287 -0.0359999798 0.00262440438 0.0590202287 -0.0294999387 0.00264635705 0.0590202287 -0.0294999387 0.00455041183 0.0559999868 -0.0359999798 -0.00461963378 0.0559999868 -0.0294999387 -0.00455041043 0.0559999868 -0.0294999387 -0.00264635566 0.0590202287 -0.0294999387 -0.00264635566 0.0590202287 -0.0359999798 -0.00262440392 0.0590202287 -0.0359999798 -0.00461963378 0.0559999868 -0.0622405224 -0.00449307775 0.0559999868 -0.0359999798 -0.00461963378 0.0559999868 -0.0359999798 -0.00262440392 0.0590202287 -0.0359999798 -0.00262440392 0.0590202287 -0.0622405224 -0.00249130814 0.0590202287 -0.0622405224 -0.00449307775 0.0559999868 -0.0719999596 -0.00999146886 0.0669999719 -0.0719999596 0.00999147166 0.0669999719 -0.0719999596 0.00999147166 0.0669999719 -0.0719999596 0.00999147166 0.0669999719 -0.0719999596 0.00999147259 0.0559999868 -0.0719999596 -0.00999146979 0.0559999868 -0.0719999596 -0.00999146886 0.0669999719 -0.0719999596 0.00999147166 0.0669999719 -0.0719999596 -0.00999146979 0.0559999868 -0.0359999798 0.00254820404 0.0620404705 -0.0359999798 0.00262440438 0.0590202287 -0.0622405224 0.00249130954 0.0590202287 -0.0622405224 0.00249130954 0.0590202287 -0.0622405224 0.00247839582 0.0620404705 -0.0359999798 0.00254820404 0.0620404705 -0.0294999387 0.00251002028 0.0620404705 -0.0294999387 0.00264635705 0.0590202287 -0.0359999798 0.00262440438 0.0590202287 -0.0359999798 0.00262440438 0.0590202287 -0.0359999798 0.00254820404 0.0620404705 -0.0294999387 0.00251002028 0.0620404705 -0.0359999798 -0.00254820311 0.0620404705 -0.0359999798 -0.00262440392 0.0590202287 -0.0294999387 -0.00264635566 0.0590202287 -0.0294999387 -0.00264635566 0.0590202287 -0.0294999387 -0.00251001935 0.0620404705 -0.0359999798 -0.00254820311 0.0620404705 -0.0622405224 -0.00247839442 0.0620404705 -0.0622405224 -0.00249130814 0.0590202287 -0.0359999798 -0.00262440392 0.0590202287 -0.0359999798 -0.00262440392 0.0590202287 -0.0359999798 -0.00254820311 0.0620404705 -0.0622405224 -0.00247839442 0.0620404705 0.0090496093 0.0292661861 0.0479999669 0 0.0304427687 0.0479999669 0 0.0399999581 0.0479999669 0 0.0399999581 0.0479999669 0.0090496093 0.0390108041 0.0479999669 0.0090496093 0.0292661861 0.0479999669 0 0.0304427687 0.0479999669 -0.0090496093 0.0292661861 0.0479999669 -0.0090496093 0.0390108041 0.0479999669 -0.0090496093 0.0390108041 0.0479999669 0 0.0399999581 0.0479999669 0 0.0304427687 0.0479999669 -0.0090496093 0.0292661861 0.0479999669 -0.0105832499 0.0287337005 0.0479999669 -0.0105832499 0.035002809 0.0479999669 -0.0105832499 0.035002809 0.0479999669 -0.0090496093 0.0390108041 0.0479999669 -0.0090496093 0.0292661861 0.0479999669 -0.0105832499 0.0287337005 0.0479999669 -0.0105832489 0.0287336987 0.0559999868 -0.0105832489 0.0350028053 0.0559999868 -0.0105832489 0.0350028053 0.0559999868 -0.0105832499 0.035002809 0.0479999669 -0.0105832499 0.0287337005 0.0479999669 -0.0105832489 0.0287336987 0.0559999868 -0.00904960837 0.0292661823 0.0559999868 -0.00904960837 0.0390108004 0.0559999868 -0.00904960837 0.0390108004 0.0559999868 -0.0105832489 0.0350028053 0.0559999868 -0.0105832489 0.0287336987 0.0559999868 -0.00904960837 0.0292661823 0.0559999868 0 0.0304427687 0.0559999868 0 0.0399999581 0.0559999868 0 0.0399999581 0.0559999868 -0.00904960837 0.0390108004 0.0559999868 -0.00904960837 0.0292661823 0.0559999868 0 0.0304427687 0.0559999868 0.00904960837 0.0292661823 0.0559999868 0.00904960837 0.0390108004 0.0559999868 0.00904960837 0.0390108004 0.0559999868 0 0.0399999581 0.0559999868 0 0.0304427687 0.0559999868 0.00904960837 0.0292661823 0.0559999868 0.0103781791 0.0288049001 0.0559999868 0.0103781791 0.0350740068 0.0559999868 0.0103781791 0.0350740068 0.0559999868 0.00904960837 0.0390108004 0.0559999868 0.00904960837 0.0292661823 0.0559999868 0.0103781791 0.0288049001 0.0559999868 0.0103781801 0.028804902 0.0479999669 0.0103781801 0.0350740105 0.0479999669 0.0103781801 0.0350740105 0.0479999669 0.0103781791 0.0350740068 0.0559999868 0.0103781791 0.0288049001 0.0559999868 0.0103781801 0.028804902 0.0479999669 0.0090496093 0.0292661861 0.0479999669 0.0090496093 0.0390108041 0.0479999669 0.0090496093 0.0390108041 0.0479999669 0.0103781801 0.0350740105 0.0479999669 0.0103781801 0.028804902 0.0479999669 0.0255805254 0.0255805254 0 0.0255805198 0.0255805198 0.0129996259 0.0313296169 0.0180881619 0.0129996259 0.0313296169 0.0180881619 0 0.0224994235 0.027944738 0 0.0224994235 0.0279447325 0.0129996259 0.0255805198 0.0255805198 0.0129996259 0.0255805254 0.0255805254 0 0.00936312322 0.0647013187 0.00873166788 0.00936312322 0.0647013187 0.0129996212 0.0180881619 0.064701274 0.0129996212 0.0180881619 0.064701274 0.00873166788 2.73123546e-09 0.0647013411 0.00873166788 2.73123546e-09 0.0647013411 0.0129996212 0.00936312322 0.0647013187 0.0129996212 0.00936312322 0.0647013187 0.00873166788 -0.00936311763 0.0647013187 0.00873166788 -0.00936311763 0.0647013187 0.0129996212 2.73123546e-09 0.0647013411 0.0129996212 2.73123546e-09 0.0647013411 0.00873166788 -0.0180881582 0.064701274 0.00873166788 -0.0180881582 0.064701274 0.0129996212 -0.00936311763 0.0647013187 0.0129996212 -0.00936311763 0.0647013187 0.00873166788 -0.0224994142 0.0647012144 0.00873166788 -0.0224994142 0.0647012219 0.0129996212 -0.0180881582 0.064701274 0.0129996212 -0.0180881582 0.064701274 0.00873166788 -0.0313296095 0.0180881713 0 -0.0313296095 0.0180881713 0.0129996259 -0.0255805161 0.025580531 0.0129996259 -0.0255805179 0.025580531 0 -0.0332916379 0.0127313202 -1.53332944e-10 -0.0332916379 0.0127313193 0.0129996259 -0.0313296095 0.0180881713 0.0129996259 -0.0313296095 0.0180881713 0 0.0180881619 0.064701274 0.00873166788 0.0180881619 0.064701274 0.0129996212 0.0224994179 0.0647012219 0.0129996212 0.0224994179 0.0647012144 0.00873166788 -0.0255805179 0.025580531 0 -0.0255805161 0.025580531 0.0129996259 -0.0224994216 0.027944738 0.0129996259 -0.0224994216 0.0279447399 0 0.0180881619 0.0313296169 0 0.0180881619 0.0406531133 0 0.0224994179 0.0406530239 0 0.0224994235 0.027944738 0 0.00936312322 0.034943644 0 0.00936312322 0.0406532139 0 0.0180881619 0.0406531133 0 0.0180881619 0.0313296169 0 2.73123657e-09 0.0361763239 0 2.73123613e-09 0.0406532474 0 0.00936312322 0.0406532139 0 0.00936312322 0.034943644 0 2.73123657e-09 0.0361763239 0 -0.00936311763 0.0349436477 0 -0.00936311763 0.0406532139 0 2.73123613e-09 0.0406532474 0 -0.00936311763 0.0349436477 0 -0.0180881582 0.0313296206 0 -0.0180881582 0.0406531133 0 -0.00936311763 0.0406532139 0 -0.0180881582 0.0313296206 0 -0.0224994216 0.0279447399 0 -0.0224994142 0.0406530239 0 -0.0180881582 0.0406531133 0 -0.0224994216 0.027944738 0.0129996259 -0.0224994142 0.0406530239 0.0129996212 -0.0224994142 0.0406530239 0 -0.0224994216 0.0279447399 0 -0.0180881582 0.0313296206 0.0129996259 -0.0180881582 0.0406531133 0.0129996212 -0.0224994142 0.0406530239 0.0129996212 -0.0224994216 0.027944738 0.0129996259 -0.00936311763 0.0349436477 0.0129996259 -0.00936311763 0.0406532139 0.0129996212 -0.0180881582 0.0406531133 0.0129996212 -0.0180881582 0.0313296206 0.0129996259 2.73123657e-09 0.0361763239 0.0129996259 2.73123613e-09 0.0406532474 0.0129996212 -0.00936311763 0.0406532139 0.0129996212 -0.00936311763 0.0349436477 0.0129996259 2.73123657e-09 0.0361763239 0.0129996259 0.00936312322 0.034943644 0.0129996259 0.00936312322 0.0406532139 0.0129996212 2.73123613e-09 0.0406532474 0.0129996212 0.00936312322 0.034943644 0.0129996259 0.0180881619 0.0313296169 0.0129996259 0.0180881619 0.0406531133 0.0129996212 0.00936312322 0.0406532139 0.0129996212 0.0180881619 0.0313296169 0.0129996259 0.0224994235 0.0279447325 0.0129996259 0.0224994179 0.0406530239 0.0129996212 0.0180881619 0.0406531133 0.0129996212 0.0224994235 0.027944738 0 0.0224994179 0.0406530239 0 0.0224994179 0.0406530239 0.0129996212 0.0224994235 0.0279447325 0.0129996259 0.0180881619 0.0406531133 0 0.0180881619 0.064701274 0.00873166788 0.0224994179 0.0647012144 0.00873166788 0.0224994179 0.0406530239 0 0.00936312322 0.0406532139 0 0.00936312322 0.0647013187 0.00873166788 0.0180881619 0.064701274 0.00873166788 0.0180881619 0.0406531133 0 2.73123613e-09 0.0406532474 0 2.73123546e-09 0.0647013411 0.00873166788 0.00936312322 0.0647013187 0.00873166788 0.00936312322 0.0406532139 0 -0.00936311763 0.0647013187 0.00873166788 2.73123546e-09 0.0647013411 0.00873166788 2.73123613e-09 0.0406532474 0 -0.00936311763 0.0406532139 0 -0.0180881582 0.064701274 0.00873166788 -0.00936311763 0.0647013187 0.00873166788 -0.00936311763 0.0406532139 0 -0.0180881582 0.0406531133 0 -0.0224994142 0.0647012144 0.00873166788 -0.0180881582 0.064701274 0.00873166788 -0.0180881582 0.0406531133 0 -0.0224994142 0.0406530239 0 -0.0224994142 0.0647012219 0.0129996212 -0.0224994142 0.0647012144 0.00873166788 -0.0224994142 0.0406530239 0 -0.0224994142 0.0406530239 0.0129996212 -0.0180881582 0.0406531133 0.0129996212 -0.0180881582 0.064701274 0.0129996212 -0.0224994142 0.0647012219 0.0129996212 -0.0224994142 0.0406530239 0.0129996212 -0.00936311763 0.0406532139 0.0129996212 -0.00936311763 0.0647013187 0.0129996212 -0.0180881582 0.064701274 0.0129996212 -0.0180881582 0.0406531133 0.0129996212 2.73123613e-09 0.0406532474 0.0129996212 2.73123546e-09 0.0647013411 0.0129996212 -0.00936311763 0.0647013187 0.0129996212 -0.00936311763 0.0406532139 0.0129996212 0.00936312322 0.0647013187 0.0129996212 2.73123546e-09 0.0647013411 0.0129996212 2.73123613e-09 0.0406532474 0.0129996212 0.00936312322 0.0406532139 0.0129996212 0.0180881619 0.064701274 0.0129996212 0.00936312322 0.0647013187 0.0129996212 0.00936312322 0.0406532139 0.0129996212 0.0180881619 0.0406531133 0.0129996212 0.0224994179 0.0647012219 0.0129996212 0.0180881619 0.064701274 0.0129996212 0.0180881619 0.0406531133 0.0129996212 0.0224994179 0.0406530239 0.0129996212 0.0224994179 0.0647012144 0.00873166788 0.0224994179 0.0647012219 0.0129996212 0.0224994179 0.0406530239 0.0129996212 0.0224994179 0.0406530239 0 0.0313296169 0.0180881619 0 0.0313296169 0.0180881619 0.0129996259 0.0332916416 0.0128170624 0.0129996259 0.0332916453 0.0128170643 -1.53332944e-10 0.0313296169 0.0180881619 0.0479988083 0.0332916416 0.0128170624 0.0479988046 0.0332916416 0.0128170624 0.0129996259 0.0313296169 0.0180881619 0.0129996259 0.0255805235 0.0255805235 0.0479988083 0.0313296169 0.0180881619 0.0479988083 0.0313296169 0.0180881619 0.0129996259 0.0255805198 0.0255805198 0.0129996259 0.0180881619 0.0313296169 0.0479988083 0.0224994235 0.0279447343 0.0479988083 0.0224994235 0.0279447325 0.0129996259 0.0180881619 0.0313296169 0.0129996259 0.00936312322 0.034943644 0.0479988083 0.0180881619 0.0313296169 0.0479988083 0.0180881619 0.0313296169 0.0129996259 0.00936312322 0.034943644 0.0129996259 2.73123657e-09 0.0361763239 0.0479988083 0.00936312322 0.034943644 0.0479988083 0.00936312322 0.034943644 0.0129996259 2.73123657e-09 0.0361763239 0.0129996259 -0.00936311763 0.0349436477 0.0479988083 2.73123657e-09 0.0361763239 0.0479988083 2.73123657e-09 0.0361763239 0.0129996259 -0.00936311763 0.0349436477 0.0129996259 -0.0180881564 0.0313296206 0.0479988083 -0.00936311763 0.0349436477 0.0479988083 -0.00936311763 0.0349436477 0.0129996259 -0.0180881582 0.0313296206 0.0129996259 -0.0255805161 0.025580531 0.0479988083 -0.0224994216 0.027944738 0.0479988083 -0.0224994216 0.027944738 0.0129996259 -0.0255805161 0.025580531 0.0129996259 -0.0313296095 0.0180881713 0.0479988083 -0.0255805161 0.025580531 0.0479988083 -0.0255805161 0.025580531 0.0129996259 -0.0313296095 0.0180881713 0.0129996259 0.0255805235 0.0255805235 0.0479988083 0.0255805198 0.0255805198 0.0129996259 0.0224994235 0.0279447325 0.0129996259 0.0224994235 0.0279447343 0.0479988083 -0.0180881564 0.0313296206 0.0479988083 -0.0180881582 0.0313296206 0.0129996259 -0.0224994216 0.027944738 0.0129996259 -0.0224994216 0.027944738 0.0479988083 -0.0313296095 0.0180881713 0.0479988083 -0.0313296095 0.0180881713 0.0129996259 -0.0332916379 0.0127313193 0.0129996259 -0.0332916379 0.0127313193 0.0479988046 0.025331201 0.0128170615 0.0129996259 0.025331201 0.0128170615 0.0479988083 0.0247570798 0.0144512095 0.0479988083 0.0247570798 0.0144512076 0.0129996259 0.0247570798 0.0144512076 0.0129996259 0.0247570798 0.0144512095 0.0479988083 0.0202689487 0.0202689487 0.0479988083 0.020268945 0.0202689469 0.0129996268 0.0179265868 0.0219853036 0.0129996259 0.0179265887 0.0219853036 0.0479988083 0.0143323112 0.0248242952 0.0479988083 0.0143323103 0.0248242971 0.0129996259 0.0143323103 0.0248242971 0.0129996259 0.0143323112 0.0248242952 0.0479988083 0.00741895195 0.0276879016 0.0479988083 0.00741895195 0.0276879016 0.0129996259 0.00741895195 0.0276879016 0.0129996259 0.00741895195 0.0276879016 0.0479988083 1.82804527e-09 0.0286646243 0.0479988083 1.82804527e-09 0.0286646243 0.0129996259 1.82804527e-09 0.0286646243 0.0129996259 1.82804527e-09 0.0286646243 0.0479988083 -0.00741894776 0.0276879035 0.0479988083 -0.00741894776 0.0276879016 0.0129996259 -0.00741894776 0.0276879016 0.0129996259 -0.00741894776 0.0276879035 0.0479988083 -0.0143323075 0.0248242971 0.0479988083 -0.0143323075 0.0248242971 0.0129996259 -0.0179265868 0.0219853036 0.0129996259 -0.0179265868 0.0219853036 0.0479988083 -0.0202689413 0.0202689562 0.0479988083 -0.0202689413 0.0202689562 0.0129996259 -0.0202689413 0.0202689562 0.0129996259 -0.0202689413 0.0202689562 0.0479988083 -0.0247475635 0.0144684594 0.0479988083 -0.0247475635 0.0144684594 0.0129996259 0.0179265868 0.0219853036 0.0129996259 0.020268945 0.0202689469 0.0129996268 0.0202689487 0.0202689487 0.0479988083 0.0179265887 0.0219853036 0.0479988083 -0.0179265868 0.0219853036 0.0129996259 -0.0143323075 0.0248242971 0.0129996259 -0.0143323075 0.0248242971 0.0479988083 -0.0179265868 0.0219853036 0.0479988083 -0.0253468771 0.0127313193 0.0129996259 -0.0247475635 0.0144684594 0.0129996259 -0.0247475635 0.0144684594 0.0479988083 -0.0253468771 0.0127313193 0.0479988083 0.0332916416 0.0128170624 0.0479988046 0.0313296169 0.0180881619 0.0479988083 0.0247570798 0.0144512095 0.0479988083 0.025331201 0.0128170615 0.0479988083 0.0332916416 0.0128170624 0.0129996259 0.0332916416 0.0128170624 0.0479988046 0.025331201 0.0128170615 0.0479988083 0.025331201 0.0128170615 0.0129996259 0.0313296169 0.0180881619 0.0479988083 0.0255805235 0.0255805235 0.0479988083 0.0202689487 0.0202689487 0.0479988083 0.0247570798 0.0144512095 0.0479988083 0.0224994235 0.0279447343 0.0479988083 0.0180881619 0.0313296169 0.0479988083 0.0143323112 0.0248242952 0.0479988083 0.0179265887 0.0219853036 0.0479988083 0.0180881619 0.0313296169 0.0479988083 0.00936312322 0.034943644 0.0479988083 0.00741895195 0.0276879016 0.0479988083 0.0143323112 0.0248242952 0.0479988083 0.00936312322 0.034943644 0.0479988083 2.73123657e-09 0.0361763239 0.0479988083 1.82804527e-09 0.0286646243 0.0479988083 0.00741895195 0.0276879016 0.0479988083 2.73123657e-09 0.0361763239 0.0479988083 -0.00936311763 0.0349436477 0.0479988083 -0.00741894776 0.0276879035 0.0479988083 1.82804527e-09 0.0286646243 0.0479988083 -0.00936311763 0.0349436477 0.0479988083 -0.0180881564 0.0313296206 0.0479988083 -0.0143323075 0.0248242971 0.0479988083 -0.00741894776 0.0276879035 0.0479988083 -0.0224994216 0.027944738 0.0479988083 -0.0255805161 0.025580531 0.0479988083 -0.0202689413 0.0202689562 0.0479988083 -0.0179265868 0.0219853036 0.0479988083 -0.0255805161 0.025580531 0.0479988083 -0.0313296095 0.0180881713 0.0479988083 -0.0247475635 0.0144684594 0.0479988083 -0.0202689413 0.0202689562 0.0479988083 0.0255805235 0.0255805235 0.0479988083 0.0224994235 0.0279447343 0.0479988083 0.0179265887 0.0219853036 0.0479988083 0.0202689487 0.0202689487 0.0479988083 -0.0180881564 0.0313296206 0.0479988083 -0.0224994216 0.027944738 0.0479988083 -0.0179265868 0.0219853036 0.0479988083 -0.0143323075 0.0248242971 0.0479988083 -0.0332916379 0.0127313193 0.0479988046 -0.0332916379 0.0127313193 0.0129996259 -0.0253468771 0.0127313193 0.0129996259 -0.0253468771 0.0127313193 0.0479988083 -0.0313296095 0.0180881713 0.0479988083 -0.0332916379 0.0127313193 0.0479988046 -0.0253468771 0.0127313193 0.0479988083 -0.0247475635 0.0144684594 0.0479988083 0.025331201 0.0128170615 0.0129996259 0.0247570798 0.0144512076 0.0129996259 0.0247570779 0.0144512076 -3.06665887e-10 0.0253312029 0.0128170615 -3.06665887e-10 0.0247570798 0.0144512076 0.0129996259 0.020268945 0.0202689469 0.0129996268 0.0202689413 0.0202689469 6.13331774e-10 0.0247570779 0.0144512076 -3.06665887e-10 0.0179265868 0.0219853036 0.0129996259 0.0143323103 0.0248242971 0.0129996259 0.0143323084 0.0248242971 -3.06665887e-10 0.0179265868 0.0219853036 -3.06665887e-10 0.0143323103 0.0248242971 0.0129996259 0.00741895195 0.0276879016 0.0129996259 0.00741895195 0.0276879016 -3.06665887e-10 0.0143323084 0.0248242971 -3.06665887e-10 0.00741895195 0.0276879016 0.0129996259 1.82804527e-09 0.0286646243 0.0129996259 1.82801618e-09 0.0286646243 -3.06665887e-10 0.00741895195 0.0276879016 -3.06665887e-10 1.82804527e-09 0.0286646243 0.0129996259 -0.00741894776 0.0276879016 0.0129996259 -0.00741894776 0.0276879016 -3.06665887e-10 1.82801618e-09 0.0286646243 -3.06665887e-10 -0.00741894776 0.0276879016 0.0129996259 -0.0143323075 0.0248242971 0.0129996259 -0.0143323066 0.0248242971 -3.06665887e-10 -0.00741894776 0.0276879016 -3.06665887e-10 -0.0179265868 0.0219853036 0.0129996259 -0.0202689413 0.0202689562 0.0129996259 -0.0202689413 0.0202689562 -3.06665887e-10 -0.0179265849 0.0219853036 -3.06665887e-10 -0.0202689413 0.0202689562 0.0129996259 -0.0247475635 0.0144684594 0.0129996259 -0.0247475617 0.0144684594 -3.06665887e-10 -0.0202689413 0.0202689562 -3.06665887e-10 0.020268945 0.0202689469 0.0129996268 0.0179265868 0.0219853036 0.0129996259 0.0179265868 0.0219853036 -3.06665887e-10 0.0202689413 0.0202689469 6.13331774e-10 -0.0143323075 0.0248242971 0.0129996259 -0.0179265868 0.0219853036 0.0129996259 -0.0179265849 0.0219853036 -3.06665887e-10 -0.0143323066 0.0248242971 -3.06665887e-10 -0.0247475635 0.0144684594 0.0129996259 -0.0253468771 0.0127313193 0.0129996259 -0.0253468752 0.0127313202 -3.06665887e-10 -0.0247475617 0.0144684594 -3.06665887e-10 0.0332916416 0.0128170624 0.0129996259 0.025331201 0.0128170615 0.0129996259 0.0253312029 0.0128170615 -3.06665887e-10 0.0332916453 0.0128170643 -1.53332944e-10 -0.0253468771 0.0127313193 0.0129996259 -0.0332916379 0.0127313193 0.0129996259 -0.0332916379 0.0127313202 -1.53332944e-10 -0.0253468752 0.0127313202 -3.06665887e-10 -0.0247475617 0.0144684594 -3.06665887e-10 -0.0313296095 0.0180881713 0 -0.0255805179 0.025580531 0 -0.0202689413 0.0202689562 -3.06665887e-10 -0.0253468752 0.0127313202 -3.06665887e-10 -0.0332916379 0.0127313202 -1.53332944e-10 -0.0313296095 0.0180881713 0 -0.0247475617 0.0144684594 -3.06665887e-10 0.0253312029 0.0128170615 -3.06665887e-10 0.0247570779 0.0144512076 -3.06665887e-10 0.0313296169 0.0180881619 0 0.0332916453 0.0128170643 -1.53332944e-10 0.0247570779 0.0144512076 -3.06665887e-10 0.0202689413 0.0202689469 6.13331774e-10 0.0255805254 0.0255805254 0 0.0313296169 0.0180881619 0 0.0202689413 0.0202689469 6.13331774e-10 0.0179265868 0.0219853036 -3.06665887e-10 0.0224994235 0.027944738 0 0.0255805254 0.0255805254 0 0.0143323084 0.0248242971 -3.06665887e-10 0.0180881619 0.0313296169 0 0.0224994235 0.027944738 0 0.0179265868 0.0219853036 -3.06665887e-10 0.00741895195 0.0276879016 -3.06665887e-10 0.00936312322 0.034943644 0 0.0180881619 0.0313296169 0 0.0143323084 0.0248242971 -3.06665887e-10 -0.0202689413 0.0202689562 -3.06665887e-10 -0.0255805179 0.025580531 0 -0.0224994216 0.0279447399 0 -0.0179265849 0.0219853036 -3.06665887e-10 -0.0143323066 0.0248242971 -3.06665887e-10 -0.0180881582 0.0313296206 0 -0.00936311763 0.0349436477 0 -0.00741894776 0.0276879016 -3.06665887e-10 -0.00741894776 0.0276879016 -3.06665887e-10 -0.00936311763 0.0349436477 0 2.73123657e-09 0.0361763239 0 1.82801618e-09 0.0286646243 -3.06665887e-10 1.82801618e-09 0.0286646243 -3.06665887e-10 2.73123657e-09 0.0361763239 0 0.00936312322 0.034943644 0 0.00741895195 0.0276879016 -3.06665887e-10 -0.0143323066 0.0248242971 -3.06665887e-10 -0.0179265849 0.0219853036 -3.06665887e-10 -0.0224994216 0.0279447399 0 -0.0180881582 0.0313296206 0 -0.0223066006 0.0639823675 0.00846991129 -0.0279941 0.0647458658 0.00874780305 -0.0320565999 0.067036368 0.00958147645 -0.0320565999 0.067036368 0.00958147645 -0.034494102 0.0708538666 0.0109709334 -0.035306599 0.0754702985 0.0126511762 -0.0223066006 0.0639823675 0.00846991129 -0.0320565999 0.067036368 0.00958147645 -0.035306599 0.0754702985 0.0126511762 -0.035306599 0.0754702985 0.0126511762 -0.034494102 0.080086723 0.014331419 -0.0320565999 0.0839042217 0.0157208759 -0.0320565999 0.0839042217 0.0157208759 -0.0279941 0.0861947238 0.0165545493 -0.0223066006 0.0869582221 0.0168324411 -0.035306599 0.0754702985 0.0126511762 -0.0320565999 0.0839042217 0.0157208759 -0.0223066006 0.0869582221 0.0168324411 -0.0223066006 0.0869582221 0.0168324411 0.0324243307 0.0869582221 0.0168324411 0.038111832 0.0861947238 0.0165545493 0.038111832 0.0861947238 0.0165545493 0.0421743281 0.0839042217 0.0157208759 0.0446118303 0.080086723 0.0143314181 -0.0223066006 0.0869582221 0.0168324411 0.038111832 0.0861947238 0.0165545493 0.0446118303 0.080086723 0.0143314181 -0.035306599 0.0754702985 0.0126511762 -0.0223066006 0.0869582221 0.0168324411 0.0446118303 0.080086723 0.0143314181 -0.035306599 0.0754702985 0.0126511762 0.0446118303 0.080086723 0.0143314181 0.045424331 0.0754702985 0.0126511762 -0.0223066006 0.0639823675 0.00846991129 -0.035306599 0.0754702985 0.0126511762 0.045424331 0.0754702985 0.0126511762 0.045424331 0.0754702985 0.0126511762 0.0446118303 0.0708538666 0.0109709343 0.0421743281 0.067036368 0.00958147645 -0.0223066006 0.0639823675 0.00846991129 0.045424331 0.0754702985 0.0126511762 0.0421743281 0.067036368 0.00958147645 -0.0223066006 0.0639823675 0.00846991129 0.0421743281 0.067036368 0.00958147645 0.038111832 0.0647458658 0.00874780305 -0.0223066006 0.0639823675 0.00846991129 0.038111832 0.0647458658 0.00874780305 0.0324243307 0.0639823675 0.00846991129 -0.0320565999 0.0656384975 0.0134220812 -0.0279941 0.0633479953 0.0125884078 -0.0223066006 0.062584497 0.0123105161 -0.0223066006 0.062584497 0.0123105161 0.0324243307 0.062584497 0.0123105161 0.038111832 0.0633479953 0.0125884078 0.038111832 0.0633479953 0.0125884078 0.0421743281 0.0656384975 0.0134220812 0.0446118303 0.0694560036 0.0148115382 -0.0223066006 0.062584497 0.0123105161 0.038111832 0.0633479953 0.0125884078 0.0446118303 0.0694560036 0.0148115382 0.045424331 0.074072428 0.0164917801 0.0446118303 0.0786888599 0.018172022 0.0421743281 0.0825063586 0.0195614807 0.0421743281 0.0825063586 0.0195614807 0.038111832 0.0847968608 0.0203951523 0.0324243307 0.0855603591 0.020673044 0.045424331 0.074072428 0.0164917801 0.0421743281 0.0825063586 0.0195614807 0.0324243307 0.0855603591 0.020673044 0.0324243307 0.0855603591 0.020673044 -0.0223066006 0.0855603591 0.020673044 -0.0279941 0.0847968608 0.0203951523 -0.0279941 0.0847968608 0.0203951523 -0.0320565999 0.0825063586 0.0195614807 -0.034494102 0.0786888599 0.0181720238 0.0324243307 0.0855603591 0.020673044 -0.0279941 0.0847968608 0.0203951523 -0.034494102 0.0786888599 0.0181720238 0.045424331 0.074072428 0.0164917801 0.0324243307 0.0855603591 0.020673044 -0.034494102 0.0786888599 0.0181720238 0.045424331 0.074072428 0.0164917801 -0.034494102 0.0786888599 0.0181720238 -0.035306599 0.074072428 0.0164917801 0.0446118303 0.0694560036 0.0148115382 0.045424331 0.074072428 0.0164917801 -0.035306599 0.074072428 0.0164917801 -0.0223066006 0.062584497 0.0123105161 0.0446118303 0.0694560036 0.0148115382 -0.035306599 0.074072428 0.0164917801 -0.0320565999 0.0656384975 0.0134220812 -0.0223066006 0.062584497 0.0123105161 -0.035306599 0.074072428 0.0164917801 -0.034494102 0.0694560036 0.0148115382 -0.0320565999 0.0656384975 0.0134220812 -0.035306599 0.074072428 0.0164917801 0.0324243307 0.0639823675 0.00846991129 0.0324243307 0.062584497 0.0123105161 -0.0223066006 0.062584497 0.0123105161 -0.0223066006 0.062584497 0.0123105161 -0.0223066006 0.0639823675 0.00846991129 0.0324243307 0.0639823675 0.00846991129 -0.0223066006 0.0869582221 0.0168324411 -0.0223066006 0.0855603591 0.020673044 0.0324243307 0.0855603591 0.020673044 0.0324243307 0.0855603591 0.020673044 0.0324243307 0.0869582221 0.0168324411 -0.0223066006 0.0869582221 0.0168324411 0.0324243307 0.062584497 0.0123105161 0.0324243307 0.0639823675 0.00846991129 0.038111832 0.0647458658 0.00874780305 0.038111832 0.0647458658 0.00874780305 0.038111832 0.0633479953 0.0125884078 0.0324243307 0.062584497 0.0123105161 0.038111832 0.0633479953 0.0125884078 0.038111832 0.0647458658 0.00874780305 0.0421743281 0.067036368 0.00958147645 0.0421743281 0.067036368 0.00958147645 0.0421743281 0.0656384975 0.0134220812 0.038111832 0.0633479953 0.0125884078 -0.0223066006 0.0639823675 0.00846991129 -0.0223066006 0.062584497 0.0123105161 -0.0279941 0.0633479953 0.0125884078 -0.0279941 0.0633479953 0.0125884078 -0.0279941 0.0647458658 0.00874780305 -0.0223066006 0.0639823675 0.00846991129 -0.0279941 0.0647458658 0.00874780305 -0.0279941 0.0633479953 0.0125884078 -0.0320565999 0.0656384975 0.0134220812 -0.0320565999 0.0656384975 0.0134220812 -0.0320565999 0.067036368 0.00958147645 -0.0279941 0.0647458658 0.00874780305 0.045424331 0.074072428 0.0164917801 0.045424331 0.0754702985 0.0126511762 0.0446118303 0.080086723 0.0143314181 0.0446118303 0.080086723 0.0143314181 0.0446118303 0.0786888599 0.018172022 0.045424331 0.074072428 0.0164917801 0.0446118303 0.0786888599 0.018172022 0.0446118303 0.080086723 0.0143314181 0.0421743281 0.0839042217 0.0157208759 0.0421743281 0.0839042217 0.0157208759 0.0421743281 0.0825063586 0.0195614807 0.0446118303 0.0786888599 0.018172022 0.045424331 0.0754702985 0.0126511762 0.045424331 0.074072428 0.0164917801 0.0446118303 0.0694560036 0.0148115382 0.0446118303 0.0694560036 0.0148115382 0.0446118303 0.0708538666 0.0109709343 0.045424331 0.0754702985 0.0126511762 0.0446118303 0.0708538666 0.0109709343 0.0446118303 0.0694560036 0.0148115382 0.0421743281 0.0656384975 0.0134220812 0.0421743281 0.0656384975 0.0134220812 0.0421743281 0.067036368 0.00958147645 0.0446118303 0.0708538666 0.0109709343 -0.0223066006 0.0855603591 0.020673044 -0.0223066006 0.0869582221 0.0168324411 -0.0279941 0.0861947238 0.0165545493 -0.0279941 0.0861947238 0.0165545493 -0.0279941 0.0847968608 0.0203951523 -0.0223066006 0.0855603591 0.020673044 -0.0279941 0.0847968608 0.0203951523 -0.0279941 0.0861947238 0.0165545493 -0.0320565999 0.0839042217 0.0157208759 -0.0320565999 0.0839042217 0.0157208759 -0.0320565999 0.0825063586 0.0195614807 -0.0279941 0.0847968608 0.0203951523 0.0324243307 0.0869582221 0.0168324411 0.0324243307 0.0855603591 0.020673044 0.038111832 0.0847968608 0.0203951523 0.038111832 0.0847968608 0.0203951523 0.038111832 0.0861947238 0.0165545493 0.0324243307 0.0869582221 0.0168324411 0.038111832 0.0861947238 0.0165545493 0.038111832 0.0847968608 0.0203951523 0.0421743281 0.0825063586 0.0195614807 0.0421743281 0.0825063586 0.0195614807 0.0421743281 0.0839042217 0.0157208759 0.038111832 0.0861947238 0.0165545493 -0.035306599 0.074072428 0.0164917801 -0.035306599 0.0754702985 0.0126511762 -0.034494102 0.0708538666 0.0109709334 -0.034494102 0.0708538666 0.0109709334 -0.034494102 0.0694560036 0.0148115382 -0.035306599 0.074072428 0.0164917801 -0.034494102 0.0694560036 0.0148115382 -0.034494102 0.0708538666 0.0109709334 -0.0320565999 0.067036368 0.00958147645 -0.0320565999 0.067036368 0.00958147645 -0.0320565999 0.0656384975 0.0134220812 -0.034494102 0.0694560036 0.0148115382 -0.035306599 0.0754702985 0.0126511762 -0.035306599 0.074072428 0.0164917801 -0.034494102 0.0786888599 0.0181720238 -0.034494102 0.0786888599 0.0181720238 -0.034494102 0.080086723 0.014331419 -0.035306599 0.0754702985 0.0126511762 -0.034494102 0.080086723 0.014331419 -0.034494102 0.0786888599 0.0181720238 -0.0320565999 0.0825063586 0.0195614807 -0.0320565999 0.0825063586 0.0195614807 -0.0320565999 0.0839042217 0.0157208759 -0.034494102 0.080086723 0.014331419</float_array>
          <technique_common>
            <accessor count="1628" offset="0" source="#Box004_1-positions-array" stride="3">
              <param name="X" type="float" />
              <param name="Y" type="float" />
              <param name="Z" type="float" />
            </accessor>
          </technique_common>
        </source>
        <source id="Box004_1-normals" name="Box004_1-normals">
          <float_array id="Box004_1-normals-array" count="4884">0 0 -1 0 0 -1 0 0 -1 0 0 -1 0 0 -1 0 0 -1 0 0 -1 0 0 -1 0 0 -1 0 0 -1 0 0 -1 0 0 -1 0 0 -1 0 0 -1 0 0 -1 0 0 -1 0 0 -1 0 0 -1 0 0 -1 0 0 -1 0 0 -1 0 0 -1 0 0 -1 0 0 -1 0 0 -1 0 0 -1 0 0 -1 0 0 -1 0 0 -1 0 0 -1 0 0 -1 0 0 -1 0 0 -1 0 0 -1 0 0 -1 0 0 -1 0 0 -1 0 0 -1 0 0 -1 0 0 -1 0 0 -1 0 0 -1 0 0 -1 0 0 -1 0 0 -1 0 0 -1 0 0 -1 0 0 -1 0 0 -1 0 0 -1 0 0 -1 0 0 -1 0 0 -1 0 0 -1 0 0 -1 0 0 -1 0 0 -1 0 0 -1 0 0 -1 0 0 -1 0 0 -1 0 0 -1 0 0 -1 0 0 -1 0 0 -1 0 0 -1 1 -7.17617326e-08 -1.54740682e-08 0.965925753 0.258818984 -1.52985162e-08 0.965925813 0.258819014 -1.53651936e-08 0.965925813 0.258819014 -1.53651936e-08 1 -7.65458594e-08 -1.67840692e-08 1 -7.17617326e-08 -1.54740682e-08 0.965925753 0.258818984 -1.52985162e-08 0.866025448 0.49999994 2.09609197e-09 0.866025329 0.500000119 -2.01252739e-08 0.866025329 0.500000119 -2.01252739e-08 0.965925813 0.258819014 -1.53651936e-08 0.965925753 0.258818984 -1.52985162e-08 0.866025448 0.49999994 2.09609197e-09 0.70710665 0.707106888 -2.97843723e-08 0.707106888 0.707106709 -6.68062672e-09 0.707106888 0.707106709 -6.68062672e-09 0.866025329 0.500000119 -2.01252739e-08 0.866025448 0.49999994 2.09609197e-09 0.70710665 0.707106888 -2.97843723e-08 0.499999881 0.866025448 -6.63178241e-08 0.50000006 0.866025388 -3.80402518e-08 0.50000006 0.866025388 -3.80402518e-08 0.707106888 0.707106709 -6.68062672e-09 0.70710665 0.707106888 -2.97843723e-08 0.499999881 0.866025448 -6.63178241e-08 0.258819014 0.965925813 -5.21886108e-08 0.258818895 0.965925813 -6.98277915e-08 0.258818895 0.965925813 -6.98277915e-08 0.50000006 0.866025388 -3.80402518e-08 0.499999881 0.866025448 -6.63178241e-08 0.258819014 0.965925813 -5.21886108e-08 2.42793817e-07 1 -3.47300464e-08 1.48307578e-07 1 -5.03517974e-08 1.48307578e-07 1 -5.03517974e-08 0.258818895 0.965925813 -6.98277915e-08 0.258819014 0.965925813 -5.21886108e-08 2.42793817e-07 1 -3.47300464e-08 -0.258818984 0.965925753 -5.43389582e-08 -0.258818835 0.965925813 -3.47569475e-08 -0.258818835 0.965925813 -3.47569475e-08 1.48307578e-07 1 -5.03517974e-08 2.42793817e-07 1 -3.47300464e-08 -0.258818984 0.965925753 -5.43389582e-08 -0.49999994 0.866025388 -8.30600868e-08 -0.499999762 0.866025507 -5.73080854e-08 -0.499999762 0.866025507 -5.73080854e-08 -0.258818835 0.965925813 -3.47569475e-08 -0.258818984 0.965925753 -5.43389582e-08 -0.49999994 0.866025388 -8.30600868e-08 -0.70710665 0.707106948 -1.0637504e-07 -0.707106471 0.707107067 -9.01065036e-08 -0.707106471 0.707107067 -9.01065036e-08 -0.499999762 0.866025507 -5.73080854e-08 -0.49999994 0.866025388 -8.30600868e-08 -0.70710665 0.707106948 -1.0637504e-07 -0.866025209 0.500000298 -7.89540735e-08 -0.866025388 0.500000119 -1.13536153e-07 -0.866025388 0.500000119 -1.13536153e-07 -0.707106471 0.707107067 -9.01065036e-08 -0.70710665 0.707106948 -1.0637504e-07 -0.866025209 0.500000298 -7.89540735e-08 -0.965925694 0.258819461 -2.92800895e-08 -0.965925813 0.258819163 -7.2795082e-08 -0.965925813 0.258819163 -7.2795082e-08 -0.866025388 0.500000119 -1.13536153e-07 -0.866025209 0.500000298 -7.89540735e-08 -0.965925694 0.258819461 -2.92800895e-08 -1 3.84523275e-07 -5.10034823e-08 -1 5.21468507e-07 -3.35644152e-08 -1 5.21468507e-07 -3.35644152e-08 -0.965925813 0.258819163 -7.2795082e-08 -0.965925694 0.258819461 -2.92800895e-08 -1 3.84523275e-07 -5.10034823e-08 -0.965925872 -0.258818656 -6.52153034e-08 -0.965925932 -0.258818567 -5.5965252e-08 -0.965925932 -0.258818567 -5.5965252e-08 -1 5.21468507e-07 -3.35644152e-08 -1 3.84523275e-07 -5.10034823e-08 -0.965925872 -0.258818656 -6.52153034e-08 -0.866025686 -0.499999523 -5.55088953e-08 -0.866025686 -0.499999464 -5.82489506e-08 -0.866025686 -0.499999464 -5.82489506e-08 -0.965925932 -0.258818567 -5.5965252e-08 -0.965925872 -0.258818656 -6.52153034e-08 -0.866025686 -0.499999523 -5.55088953e-08 -0.707107127 -0.707106471 -4.65069228e-08 -0.707107127 -0.707106471 -4.35996341e-08 -0.707107127 -0.707106471 -4.35996341e-08 -0.866025686 -0.499999464 -5.82489506e-08 -0.866025686 -0.499999523 -5.55088953e-08 -0.707107127 -0.707106471 -4.65069228e-08 -0.500000298 -0.866025209 -3.81897358e-08 -0.500000358 -0.866025209 -4.00764044e-08 -0.500000358 -0.866025209 -4.00764044e-08 -0.707107127 -0.707106471 -4.35996341e-08 -0.707107127 -0.707106471 -4.65069228e-08 -0.500000298 -0.866025209 -3.81897358e-08 -0.25881952 -0.965925694 -3.64571662e-08 -0.25881952 -0.965925634 -3.74817404e-08 -0.25881952 -0.965925634 -3.74817404e-08 -0.500000358 -0.866025209 -4.00764044e-08 -0.500000298 -0.866025209 -3.81897358e-08 -0.25881952 -0.965925694 -3.64571662e-08 -3.83925226e-07 -1 -6.64808653e-08 -6.36287268e-07 -1 -3.52439891e-08 -6.36287268e-07 -1 -3.52439891e-08 -0.25881952 -0.965925634 -3.74817404e-08 -0.25881952 -0.965925694 -3.64571662e-08 -3.83925226e-07 -1 -6.64808653e-08 0.258818597 -0.965925872 -7.44866071e-08 0.258818507 -0.965925932 -7.1327122e-08 0.258818507 -0.965925932 -7.1327122e-08 -6.36287268e-07 -1 -3.52439891e-08 -3.83925226e-07 -1 -6.64808653e-08 0.258818597 -0.965925872 -7.44866071e-08 0.499999344 -0.866025746 -4.00763831e-08 0.499999523 -0.866025686 -6.72917082e-08 0.499999523 -0.866025686 -6.72917082e-08 0.258818507 -0.965925932 -7.1327122e-08 0.258818597 -0.965925872 -7.44866071e-08 0.499999344 -0.866025746 -4.00763831e-08 0.707106173 -0.707107246 -2.3403123e-08 0.707106352 -0.707107186 -4.65068943e-08 0.707106352 -0.707107186 -4.65068943e-08 0.499999523 -0.866025686 -6.72917082e-08 0.499999344 -0.866025746 -4.00763831e-08 0.707106173 -0.707107246 -2.3403123e-08 0.866025031 -0.500000596 -1.90713934e-08 0.866025031 -0.500000596 -2.49904133e-08 0.866025031 -0.500000596 -2.49904133e-08 0.707106352 -0.707107186 -4.65068943e-08 0.707106173 -0.707107246 -2.3403123e-08 0.866025031 -0.500000596 -1.90713934e-08 0.965925694 -0.258819491 -2.29118342e-08 0.965925694 -0.25881952 -2.06245101e-08 0.965925694 -0.25881952 -2.06245101e-08 0.866025031 -0.500000596 -2.49904133e-08 0.866025031 -0.500000596 -1.90713934e-08 0.965925694 -0.258819491 -2.29118342e-08 1 -7.17617326e-08 -1.54740682e-08 1 -7.65458594e-08 -1.67840692e-08 1 -7.65458594e-08 -1.67840692e-08 0.965925694 -0.25881952 -2.06245101e-08 0.965925694 -0.258819491 -2.29118342e-08 0 0 1 0 0 1 0 0 1 0 0 1 0 0 1 0 0 1 0 0 1 0 0 1 0 0 1 0 0 1 0 0 1 0 0 1 0 0 1 0 0 1 0 0 1 0 0 1 0 0 1 0 0 1 0 0 1 0 0 1 0 0 1 0 0 1 0 0 1 0 0 1 0 0 1 0 0 1 0 0 1 0 0 1 0 0 1 0 0 1 0 0 1 0 0 1 0 0 1 0 0 1 0 0 1 0 0 1 0 0 1 0 0 1 0 0 1 0 0 1 0 0 1 0 0 1 0 0 1 0 0 1 0 0 1 0 0 1 0 0 1 0 0 1 0 0 1 0 0 1 0 0 1 0 0 1 0 0 1 0 0 1 0 0 1 0 0 1 0 0 1 0 0 1 0 0 1 0 0 1 0 0 1 0 0 1 0 0 1 0 0 1 0 0 1 0 0 1 0 -1 -3.49184404e-07 0 -1 -3.49184404e-07 0 -1 -3.49184404e-07 0 -1 -3.49184404e-07 0 1 1.62920657e-07 0 1 1.62920657e-07 0 1 1.62920657e-07 0 1 1.62920657e-07 0 3.33220413e-07 -1 0 3.33220413e-07 -1 0 3.33220413e-07 -1 0 3.33220413e-07 -1 1 0 0 1 0 0 1 0 0 1 0 0 0 -1.62920657e-07 1 0 -1.62920657e-07 1 0 -1.62920657e-07 1 0 -1.62920657e-07 1 -1 0 0 -1 0 0 -1 0 0 -1 0 0 1 0 0 1 0 0 1 0 0 1 0 0 1 0 0 1 0 0 0.20838666 0.978046477 0 0.170666069 0.985328853 -3.6172402e-08 0.094973579 0.995479822 -1.64439111e-08 0.094973579 0.995479822 -1.64439111e-08 0.0949735269 0.995479822 0 0.20838666 0.978046477 0 0 0 -1 0 0 -1 0 0 -1 0 0 -1 0 0 -1 0 0 -1 0 0 1 0 0 1 0 0 1 0 0 1 0 0 1 0 0 1 0.229666471 -0.973269284 0 0.229666531 -0.973269403 0 2.39155318e-09 -1 0 2.39155318e-09 -1 0 0 -1 0 0.229666471 -0.973269284 0 0.33510831 0.94217962 7.25572562e-08 0.335108221 0.94217962 9.98697729e-08 0.327093989 0.944991767 2.73135115e-08 0.327093989 0.944991767 2.73135115e-08 0.327093989 0.944991767 0 0.33510831 0.94217962 7.25572562e-08 0 0 1 0 0 1 0 0 1 0 0 1 0 0 1 0 0 1 0.208386645 -0.978046477 0 0.170666054 -0.985328972 3.61724055e-08 0.327094018 -0.944991767 0 0.327094018 -0.944991767 0 0.327094018 -0.944991767 0 0.208386645 -0.978046477 0 0.327093989 0.944991767 0 0.327093989 0.944991767 2.73135115e-08 0.170666069 0.985328853 -3.6172402e-08 0.170666069 0.985328853 -3.6172402e-08 0.20838666 0.978046477 0 0.327093989 0.944991767 0 0 0 -1 0 0 -1 0 0 -1 0 0 -1 0 0 -1 0 0 -1 0 0 1 0 0 1 0 0 1 0 0 1 0 0 1 0 0 1 0.0949734598 -0.995479822 0 0.0949734598 -0.995479822 5.39412106e-08 0.170666054 -0.985328972 3.61724055e-08 0.170666054 -0.985328972 3.61724055e-08 0.208386645 -0.978046477 0 0.0949734598 -0.995479822 0 0.33510837 -0.94217962 0 0.33510837 -0.94217962 0 0.331553876 -0.943436265 0 0.331553876 -0.943436265 0 0.331553876 -0.943436265 0 0.33510837 -0.94217962 0 0.327994794 0.944679558 2.14708152e-07 0.327994674 0.944679558 3.30410586e-07 0.331553936 0.943436265 1.56662153e-07 0.331553936 0.943436265 1.56662153e-07 0.331553996 0.943436265 9.88105313e-08 0.327994794 0.944679558 2.14708152e-07 0 0 -1 0 0 -1 0 0 -1 0 0 -1 0 0 -1 0 0 -1 0 0 1 0 0 1 0 0 1 0 0 1 0 0 1 0 0 1 0.327994853 -0.944679439 0 0.327994853 -0.944679439 0 0.229666531 -0.973269403 0 0.229666531 -0.973269403 0 0.229666471 -0.973269284 0 0.327994853 -0.944679439 0 -2.38571873e-09 1 1.44263026e-07 0 1 0 0.10865666 0.994079351 1.69040121e-07 0.10865666 0.994079351 1.69040121e-07 0.108656526 0.994079351 3.12448975e-07 -2.38571873e-09 1 1.44263026e-07 0.331553996 0.943436265 9.88105313e-08 0.331553936 0.943436265 1.56662153e-07 0.335108221 0.94217962 9.98697729e-08 0.335108221 0.94217962 9.98697729e-08 0.33510831 0.94217962 7.25572562e-08 0.331553996 0.943436265 9.88105313e-08 0 0 -1 0 0 -1 0 0 -1 0 0 -1 0 0 -1 0 0 -1 0 0 1 0 0 1 0 0 1 0 0 1 0 0 1 0 0 1 0.327094018 -0.944991767 0 0.327094018 -0.944991767 0 0.33510837 -0.94217962 0 0.33510837 -0.94217962 0 0.33510837 -0.94217962 0 0.327094018 -0.944991767 0 0 0 -1 0 0 -1 0 0 -1 0 0 -1 0 0 -1 0 0 -1 0 0 1 0 0 1 0 0 1 0 0 1 0 0 1 0 0 1 0 0 1 0 0 1 0 0 1 0 0 1 0 0 1 0 0 1 0 0 1 0 0 1 0 0 1 0 0 1 0 0 1 0 0 1 1 0 0 1 0 0 1 0 0 0 0 1 0 0 1 0 0 1 0 0 1 0 0 1 0 0 1 -1 0 0 -1 0 0 -1 0 0 -1 0 0 -1 0 0 -1 0 0 -1 0 0 -1 0 0 -1 0 0 -1 0 0 -1 0 0 -1 0 0 0.170666054 -0.985328972 3.61724055e-08 0.0949734598 -0.995479822 5.39412106e-08 0.0949734673 -0.995479822 1.07882435e-07 0.0949734673 -0.995479822 1.07882435e-07 0.0949734673 -0.995479822 1.07882435e-07 0.170666054 -0.985328972 3.61724055e-08 0.094973579 0.995479822 -1.64439111e-08 0.170666069 0.985328853 -3.6172402e-08 0.0949736163 0.995479822 -2.10533937e-08 0.0949736163 0.995479822 -2.10533937e-08 0.0949737206 0.995479822 5.39412177e-08 0.094973579 0.995479822 -1.64439111e-08 -1 0 0 -1 0 0 -1 0 0 -1 0 0 -1 0 0 -1 0 0 -1 0 0 -1 0 0 -1 0 0 -1 0 0 -1 0 0 -1 0 0 -1 0 0 -1 0 0 -1 0 0 -1 0 0 -1 0 0 -1 0 0 -1 0 0 -1 0 0 -1 0 0 -1 0 0 -1 0 0 -1 0 0 -1 0 0 -1 0 0 -1 0 0 -1 0 0 -1 0 0 -1 0 0 -0.20838666 0.978046477 0 -0.0949735269 0.995479822 0 -0.094973579 0.995479822 -1.64439111e-08 -0.094973579 0.995479822 -1.64439111e-08 -0.170666069 0.985328853 -3.6172402e-08 -0.20838666 0.978046477 0 0 0 -1 0 0 -1 0 0 -1 0 0 -1 0 0 -1 0 0 -1 0 0 1 0 0 1 0 0 1 0 0 1 0 0 1 0 0 1 -0.22966601 -0.973269463 0 0 -1 0 2.39155318e-09 -1 0 2.39155318e-09 -1 0 -0.229666039 -0.973269463 0 -0.22966601 -0.973269463 0 -0.33510831 0.94217962 7.25572562e-08 -0.327093989 0.944991767 0 -0.327093989 0.944991767 2.73135115e-08 -0.327093989 0.944991767 2.73135115e-08 -0.33510825 0.94217962 9.98697729e-08 -0.33510831 0.94217962 7.25572562e-08 0 0 1 0 0 1 0 0 1 0 0 1 0 0 1 0 0 1 -0.208386645 -0.978046477 0 -0.327094018 -0.944991767 0 -0.327094018 -0.944991767 0 -0.327094018 -0.944991767 0 -0.170666054 -0.985328972 3.61724055e-08 -0.208386645 -0.978046477 0 -0.327093989 0.944991767 0 -0.20838666 0.978046477 0 -0.170666069 0.985328853 -3.6172402e-08 -0.170666069 0.985328853 -3.6172402e-08 -0.327093989 0.944991767 2.73135115e-08 -0.327093989 0.944991767 0 0 0 -1 0 0 -1 0 0 -1 0 0 -1 0 0 -1 0 0 -1 0 0 1 0 0 1 0 0 1 0 0 1 0 0 1 0 0 1 -0.0949734598 -0.995479822 0 -0.208386645 -0.978046477 0 -0.170666054 -0.985328972 3.61724055e-08 -0.170666054 -0.985328972 3.61724055e-08 -0.0949734598 -0.995479822 5.39412106e-08 -0.0949734598 -0.995479822 0 -0.33510837 -0.94217962 0 -0.331553996 -0.943436265 0 -0.331553996 -0.943436265 0 -0.331553996 -0.943436265 0 -0.33510837 -0.94217962 0 -0.33510837 -0.94217962 0 -0.331553906 0.943436265 1.57672076e-07 -0.327994645 0.944679618 3.30410614e-07 -0.327994764 0.944679558 2.12688349e-07 -0.327994764 0.944679558 2.12688349e-07 -0.331553936 0.943436265 9.881051e-08 -0.331553906 0.943436265 1.57672076e-07 0 0 -1 0 0 -1 0 0 -1 0 0 -1 0 0 -1 0 0 -1 0 0 1 0 0 1 0 0 1 0 0 1 0 0 1 0 0 1 -0.229666039 -0.973269463 0 -0.327994466 -0.944679618 0 -0.327994466 -0.944679618 0 -0.327994466 -0.944679618 0 -0.22966601 -0.973269463 0 -0.229666039 -0.973269463 0 -2.38571873e-09 1 1.44263026e-07 -0.108656526 0.994079351 3.12448975e-07 -0.10865666 0.994079351 1.69040121e-07 -0.10865666 0.994079351 1.69040121e-07 0 1 0 -2.38571873e-09 1 1.44263026e-07 -0.331553936 0.943436265 9.881051e-08 -0.33510831 0.94217962 7.25572562e-08 -0.33510825 0.94217962 9.98697729e-08 -0.33510825 0.94217962 9.98697729e-08 -0.331553906 0.943436265 1.57672076e-07 -0.331553936 0.943436265 9.881051e-08 0 0 -1 0 0 -1 0 0 -1 0 0 -1 0 0 -1 0 0 -1 0 0 1 0 0 1 0 0 1 0 0 1 0 0 1 0 0 1 -0.327094018 -0.944991767 0 -0.33510837 -0.94217962 0 -0.33510837 -0.94217962 0 -0.33510837 -0.94217962 0 -0.327094018 -0.944991767 0 -0.327094018 -0.944991767 0 0 0 -1 0 0 -1 0 0 -1 0 0 -1 0 0 -1 0 0 -1 0 0 1 0 0 1 0 0 1 0 0 1 0 0 1 0 0 1 0 0 1 0 0 1 0 0 1 0 0 1 0 0 1 0 0 1 0 0 1 0 0 1 0 0 1 0 0 1 0 0 1 0 0 1 1 0 0 1 0 0 1 0 0 0 0 1 0 0 1 0 0 1 0 0 1 0 0 1 0 0 1 1 0 0 1 0 0 1 0 0 1 0 0 1 0 0 1 0 0 1 0 0 1 0 0 1 0 0 1 0 0 1 0 0 1 0 0 -0.170666054 -0.985328972 3.61724055e-08 -0.0949734673 -0.995479822 1.07882435e-07 -0.0949734673 -0.995479822 1.07882435e-07 -0.0949734673 -0.995479822 1.07882435e-07 -0.0949734598 -0.995479822 5.39412106e-08 -0.170666054 -0.985328972 3.61724055e-08 -0.094973579 0.995479822 -1.64439111e-08 -0.0949737206 0.995479822 5.39412177e-08 -0.0949736163 0.995479822 -2.10533937e-08 -0.0949736163 0.995479822 -2.10533937e-08 -0.170666069 0.985328853 -3.6172402e-08 -0.094973579 0.995479822 -1.64439111e-08 1 0 0 1 0 0 1 0 0 1 0 0 1 0 0 1 0 0 1 0 0 1 0 0 1 0 0 1 0 0 1 0 0 1 0 0 1 0 0 1 0 0 1 0 0 1 0 0 1 0 0 1 0 0 1 0 0 1 0 0 1 0 0 1 0 0 1 0 0 1 0 0 0.947499394 0.31975767 2.36483004e-07 0.947499275 0.31975767 2.36483004e-07 0.986787558 0.162019476 1.95327857e-07 0.986787558 0.162019476 1.95327857e-07 0.986787558 0.162019536 1.95327857e-07 0.947499394 0.31975767 2.36483004e-07 0 0 -1 0 0 -1 0 0 -1 0 0 -1 0 0 -1 0 0 -1 0 0 1 0 0 1 0 0 1 0 0 1 0 0 1 0 0 1 0.331553876 -0.943436265 0 0.331553876 -0.943436265 0 0.327994853 -0.944679439 0 0.327994853 -0.944679439 0 0.327994853 -0.944679439 0 0.331553876 -0.943436265 0 -0.933960676 0.357375741 2.45676631e-07 -0.933960676 0.357375741 2.45676631e-07 -0.983351588 0.181713134 2.00685022e-07 -0.983351588 0.181713134 2.00685022e-07 -0.983351529 0.181713089 2.00685022e-07 -0.933960676 0.357375741 2.45676631e-07 0 0 -1 0 0 -1 0 0 -1 0 0 -1 0 0 -1 0 0 -1 0 0 1 0 0 1 0 0 1 0 0 1 0 0 1 0 0 1 -0.331553996 -0.943436265 0 -0.331553996 -0.943436265 0 -0.327994466 -0.944679618 0 -0.327994466 -0.944679618 0 -0.327994466 -0.944679618 0 -0.331553996 -0.943436265 0 0 0 -1 0 0 -1 0 0 -1 0 0 -1 0 0 -1 0 0 -1 0 0 -1 0 0 -1 0 0 -1 0 0 -1 0 0 -1 0 0 -1 0 0 -1 0 0 -1 0 0 -1 0 0 -1 0 0 -1 0 0 -1 0 0 1 0 0 1 0 0 1 0 0 1 0 0 1 0 0 1 0 0 1 0 0 1 0 0 1 0 0 1 0 0 1 0 0 1 -0.00232931646 0.834333181 0.551255524 0.000227439436 0.954076469 0.29956308 0.00358625781 0.95673126 0.290950924 0.00358625781 0.95673126 0.290950924 0.00402002363 0.833533943 0.552453637 -0.00232931646 0.834333181 0.551255524 -0.000937627221 0.842234492 0.539110422 0.0032224704 0.954151511 0.299306571 0.000227439436 0.954076469 0.29956308 0.000227439436 0.954076469 0.29956308 -0.00232931646 0.834333181 0.551255524 -0.000937627221 0.842234492 0.539110422 0.00153076509 -0.836243749 0.548355758 0.00340045826 -0.954078436 0.299537539 -0.00440038415 -0.95393914 0.299968094 -0.00440038415 -0.95393914 0.299968094 -0.00900852215 -0.845892608 0.533277094 0.00153076509 -0.836243749 0.548355758 0.00421004323 -0.833605945 0.552343607 0.00485367747 -0.956929028 0.290281475 0.00340045826 -0.954078436 0.299537539 0.00340045826 -0.954078436 0.299537539 0.00153076509 -0.836243749 0.548355758 0.00421004323 -0.833605945 0.552343607 1 0 0 1 0 0 1 0 0 1 0 0 1 0 0 1 0 0 1 0 0 1 0 0 1 0 0 -0.000489001046 0.999700665 0.0244580433 0.00266027916 0.999987245 0.00427564373 0.00358625781 0.95673126 0.290950924 0.00358625781 0.95673126 0.290950924 0.000227439436 0.954076469 0.29956308 -0.000489001046 0.999700665 0.0244580433 0.000812712009 0.999215603 0.0395918339 -0.000489001046 0.999700665 0.0244580433 0.000227439436 0.954076469 0.29956308 0.000227439436 0.954076469 0.29956308 0.0032224704 0.954151511 0.299306571 0.000812712009 0.999215603 0.0395918339 0.00173677527 -0.999607086 0.0279765148 -0.00586833525 -0.998965442 0.0450941697 -0.00440038415 -0.95393914 0.299968094 -0.00440038415 -0.95393914 0.299968094 0.00340045826 -0.954078436 0.299537539 0.00173677527 -0.999607086 0.0279765148 0.00489604846 -0.999971211 0.00580422068 0.00173677527 -0.999607086 0.0279765148 0.00340045826 -0.954078436 0.299537539 0.00340045826 -0.954078436 0.299537539 0.00485367747 -0.956929028 0.290281475 0.00489604846 -0.999971211 0.00580422068 0 0 -1 0 0 -1 0 0 -1 0 0 -1 0 0 -1 0 0 -1 0 0 -1 0 0 -1 0 0 -1 0 0 -1 0 0 -1 0 0 -1 0 0 -1 0 0 -1 0 0 -1 0 0 -1 0 0 -1 0 0 -1 0 0 1 0 0 1 0 0 1 0 0 1 0 0 1 0 0 1 0 0 1 0 0 1 0 0 1 0 0 1 0 0 1 0 0 1 0.00232931646 0.834333181 0.551255524 -0.00402002363 0.833533943 0.552453637 -0.00358625781 0.95673126 0.290950924 -0.00358625781 0.95673126 0.290950924 -0.000227439421 0.954076469 0.29956308 0.00232931646 0.834333181 0.551255524 0.000937627221 0.842234492 0.539110422 0.00232931646 0.834333181 0.551255524 -0.000227439421 0.954076469 0.29956308 -0.000227439421 0.954076469 0.29956308 -0.0032224704 0.954151511 0.299306571 0.000937627221 0.842234492 0.539110422 -0.00153076509 -0.836243749 0.548355758 0.00900852215 -0.845892608 0.533277094 0.00440038415 -0.95393914 0.299968094 0.00440038415 -0.95393914 0.299968094 -0.00340045826 -0.954078436 0.299537539 -0.00153076509 -0.836243749 0.548355758 -0.00421004323 -0.833605945 0.552343607 -0.00153076509 -0.836243749 0.548355758 -0.00340045826 -0.954078436 0.299537539 -0.00340045826 -0.954078436 0.299537539 -0.00485367747 -0.956929028 0.290281475 -0.00421004323 -0.833605945 0.552343607 -1 0 0 1 0 0 -1 0 0 -1 0 0 -1 0 0 -1 0 0 -1 0 0 -1 0 0 -1 0 0 0.000489001046 0.999700665 0.0244580433 -0.000227439421 0.954076469 0.29956308 -0.00358625781 0.95673126 0.290950924 -0.00358625781 0.95673126 0.290950924 -0.00266027916 0.999987245 0.00427564373 0.000489001046 0.999700665 0.0244580433 -0.000812712009 0.999215603 0.0395918339 -0.0032224704 0.954151511 0.299306571 -0.000227439421 0.954076469 0.29956308 -0.000227439421 0.954076469 0.29956308 0.000489001046 0.999700665 0.0244580433 -0.000812712009 0.999215603 0.0395918339 -0.00173677527 -0.999607086 0.0279765148 -0.00340045826 -0.954078436 0.299537539 0.00440038415 -0.95393914 0.299968094 0.00440038415 -0.95393914 0.299968094 0.00586833525 -0.998965442 0.0450941697 -0.00173677527 -0.999607086 0.0279765148 -0.00489604846 -0.999971211 0.00580422068 -0.00485367747 -0.956929028 0.290281475 -0.00340045826 -0.954078436 0.299537539 -0.00340045826 -0.954078436 0.299537539 -0.00173677527 -0.999607086 0.0279765148 -0.00489604846 -0.999971211 0.00580422068 0 0 -1 0 0 -1 0 0 -1 0 0 -1 0 0 -1 0 0 -1 0 0 -1 0 0 -1 0 0 -1 0 0 -1 0 0 -1 0 0 -1 0 0 -1 0 0 -1 0 0 -1 0 0 -1 0 0 -1 0 0 -1 -1 0 1.49011228e-07 -1 0 1.49011242e-07 -0.983351529 0.181713089 2.00685022e-07 -0.983351529 0.181713089 2.00685022e-07 -0.983351588 0.181713134 2.00685022e-07 -1 0 1.49011228e-07 0 0 1 0 0 1 0 0 1 0 0 1 0 0 1 0 0 1 0 0 1 0 0 1 0 0 1 0 0 1 0 0 1 0 0 1 0 0 1 0 0 1 0 0 1 0 0 1 0 0 1 0 0 1 0 0 1 0 0 1 0 0 1 0 0 1 0 0 1 0 0 1 1 0 1.49011242e-07 1 0 1.49011242e-07 0.986787558 0.162019536 1.95327857e-07 0.986787558 0.162019536 1.95327857e-07 0.986787558 0.162019476 1.95327857e-07 1 0 1.49011242e-07 0 0 -1 0 0 -1 0 0 -1 0 0 -1 0 0 -1 0 0 -1 0.707106829 0.70710665 3.41701337e-07 0.707106888 0.70710665 1.39422369e-07 0.874972939 0.484171867 8.11322494e-08 0.87497288 0.484171867 1.86399916e-07 0.608761787 0.793353081 4.14091886e-07 0.608761847 0.793353021 1.02937577e-07 0.707106888 0.70710665 1.39422369e-07 0.707106829 0.70710665 3.41701337e-07 3.85990506e-06 1 -4.04076756e-13 3.85990506e-06 1 -4.04076756e-13 8.65141556e-06 1 -2.87413911e-07 8.65141465e-06 1 -2.87413826e-07 0 1 0 0 1 0 3.85990506e-06 1 -4.04076756e-13 3.85990506e-06 1 -4.04076756e-13 -3.85990415e-06 1 0 -3.85990415e-06 1 0 0 1 0 0 1 0 -8.65141374e-06 1 -2.87412604e-07 -8.65141374e-06 1 -2.87412604e-07 -3.85990415e-06 1 0 -3.85990415e-06 1 0 -1.16791825e-05 1 -5.74825208e-07 -1.16791825e-05 1 -5.74825208e-07 -8.65141374e-06 1 -2.87412604e-07 -8.65141374e-06 1 -2.87412604e-07 -0.876239181 0.481876343 1.73199044e-09 -0.876239181 0.481876343 8.65995164e-10 -0.70710665 0.707106829 5.21260972e-08 -0.707106709 0.707106829 1.04252202e-07 -0.938998103 0.343922168 -7.04743286e-08 -0.938998103 0.343922317 -3.52371643e-08 -0.876239181 0.481876343 8.65995164e-10 -0.876239181 0.481876343 1.73199044e-09 8.65141465e-06 1 -2.87413826e-07 8.65141556e-06 1 -2.87413911e-07 1.16791825e-05 1 -5.74826913e-07 1.16791825e-05 1 -5.74826913e-07 -0.707106709 0.707106829 1.04252202e-07 -0.70710665 0.707106829 5.21260972e-08 -0.608761549 0.79335326 4.76522359e-08 -0.608761609 0.79335314 1.32822109e-07 0 0 -1 2.16230296e-06 0.173266247 -0.984875023 2.83895179e-06 0.173263401 -0.98487556 0 0 -1 0 0 -1 9.80214281e-07 0.173266441 -0.984875023 2.16230296e-06 0.173266247 -0.984875023 0 0 -1 0 0 -1 -3.34385075e-09 0.1732665 -0.984875023 9.80214281e-07 0.173266441 -0.984875023 0 0 -1 0 0 -1 0 0 -1 -9.83558152e-07 0.173266441 -0.984875023 -3.34385075e-09 0.1732665 -0.984875023 0 0 -1 0 0 -1 -2.16230319e-06 0.173266232 -0.984874964 -9.83558152e-07 0.173266441 -0.984875023 0 0 -1 0 0 -1 -2.83895224e-06 0.173263386 -0.9848755 -2.16230319e-06 0.173266232 -0.984874964 -1 5.7914832e-07 5.46492817e-14 -1 2.89574189e-07 2.73246459e-14 -1 3.25680304e-07 3.07316699e-14 -1 5.7914832e-07 5.46492817e-14 -1.58538555e-07 5.17196497e-07 1 -7.65231647e-08 2.74549194e-07 1 -8.54484696e-08 2.22711023e-07 1 -1.70894694e-07 4.45416134e-07 1 -1.04829518e-07 7.84182362e-07 1 -4.96536607e-08 4.04036058e-07 1 -7.65231647e-08 2.74549194e-07 1 -1.58538555e-07 5.17196497e-07 1 6.47202154e-14 9.63365096e-07 1 2.94024584e-14 4.81681468e-07 1 -4.96536607e-08 4.04036058e-07 1 -1.04829518e-07 7.84182362e-07 1 6.47202154e-14 9.63365096e-07 1 1.04829532e-07 7.84182248e-07 1 4.96536785e-08 4.04035944e-07 1 2.94024584e-14 4.81681468e-07 1 1.04829532e-07 7.84182248e-07 1 1.58538597e-07 5.17196327e-07 1 7.6523186e-08 2.74549109e-07 1 4.96536785e-08 4.04035944e-07 1 1.58538597e-07 5.17196327e-07 1 1.70894765e-07 4.45415964e-07 1 8.54485052e-08 2.22710909e-07 1 7.6523186e-08 2.74549109e-07 1 1 3.86098748e-07 7.28656908e-14 1 2.17120117e-07 4.09755509e-14 1 1.93049416e-07 3.64328522e-14 1 3.86098748e-07 7.28656908e-14 2.16230296e-06 0.173266247 -0.984875023 4.2591646e-06 0.341290265 -0.939957917 5.59209775e-06 0.341289967 -0.939958096 2.83895179e-06 0.173263401 -0.98487556 9.80214281e-07 0.173266441 -0.984875023 1.93076562e-06 0.341290742 -0.939957678 4.2591646e-06 0.341290265 -0.939957917 2.16230296e-06 0.173266247 -0.984875023 -3.34385075e-09 0.1732665 -0.984875023 -6.58652155e-09 0.341290951 -0.939957678 1.93076562e-06 0.341290742 -0.939957678 9.80214281e-07 0.173266441 -0.984875023 -1.93735195e-06 0.341290742 -0.939957678 -6.58652155e-09 0.341290951 -0.939957678 -3.34385075e-09 0.1732665 -0.984875023 -9.83558152e-07 0.173266441 -0.984875023 -4.25916551e-06 0.341290265 -0.939957917 -1.93735195e-06 0.341290742 -0.939957678 -9.83558152e-07 0.173266441 -0.984875023 -2.16230319e-06 0.173266232 -0.984874964 -5.59209911e-06 0.341289937 -0.939958096 -4.25916551e-06 0.341290265 -0.939957917 -2.16230319e-06 0.173266232 -0.984874964 -2.83895224e-06 0.173263386 -0.9848755 -1 0 0 -1 0 0 -1 3.25680304e-07 3.07316699e-14 -1 2.89574189e-07 2.73246459e-14 -7.65231647e-08 2.74549194e-07 1 0 0 1 0 0 1 -8.54484696e-08 2.22711023e-07 1 -4.96536607e-08 4.04036058e-07 1 0 0 1 0 0 1 -7.65231647e-08 2.74549194e-07 1 2.94024584e-14 4.81681468e-07 1 0 0 1 0 0 1 -4.96536607e-08 4.04036058e-07 1 0 0 1 0 0 1 2.94024584e-14 4.81681468e-07 1 4.96536785e-08 4.04035944e-07 1 0 0 1 0 0 1 4.96536785e-08 4.04035944e-07 1 7.6523186e-08 2.74549109e-07 1 0 0 1 0 0 1 7.6523186e-08 2.74549109e-07 1 8.54485052e-08 2.22710909e-07 1 1 0 0 1 0 0 1 1.93049416e-07 3.64328522e-14 1 2.17120117e-07 4.09755509e-14 0.87497288 0.484171867 1.86399916e-07 0.874972939 0.484171867 8.11322494e-08 0.93718183 0.348841131 5.26001891e-08 0.93718183 0.34884122 1.05200378e-07 0.87497288 0.484171957 -2.41354368e-08 0.93718195 0.348840982 0 0.93718183 0.348841131 5.26001891e-08 0.874972939 0.484171867 8.11322494e-08 0.707106829 0.70710665 -6.28566355e-08 0.87497288 0.484171957 -2.41354368e-08 0.874972939 0.484171867 8.11322494e-08 0.707106888 0.70710665 1.39422369e-07 0.500000179 0.866025329 -1.43108725e-08 0.608761847 0.793353021 -5.26396242e-08 0.608761847 0.793353021 1.02937577e-07 0.500000179 0.866025329 -1.43108725e-08 0.258819044 0.965925813 0 0.500000179 0.866025329 -1.43108725e-08 0.500000179 0.866025329 -1.43108725e-08 0.258819044 0.965925813 0 1.33955226e-07 1 0 0.258819044 0.965925813 0 0.258819044 0.965925813 0 1.33955226e-07 1 0 -0.258818895 0.965925813 3.61105013e-09 1.33955226e-07 1 0 1.33955226e-07 1 0 -0.258818895 0.965925813 3.61105013e-09 -0.499999911 0.866025388 8.72207462e-09 -0.258818895 0.965925813 3.61105013e-09 -0.258818895 0.965925813 3.61105013e-09 -0.49999994 0.866025388 8.72207551e-09 -0.70710665 0.707106888 0 -0.608761489 0.793353319 5.06729858e-09 -0.608761549 0.79335326 4.76522359e-08 -0.70710665 0.707106829 5.21260972e-08 -0.876239181 0.481876493 0 -0.70710665 0.707106888 0 -0.70710665 0.707106829 5.21260972e-08 -0.876239181 0.481876343 8.65995164e-10 0.707106829 0.70710665 -6.28566355e-08 0.707106888 0.70710665 1.39422369e-07 0.608761847 0.793353021 1.02937577e-07 0.608761847 0.793353021 -5.26396242e-08 -0.499999911 0.866025388 8.72207462e-09 -0.49999994 0.866025388 8.72207551e-09 -0.608761549 0.79335326 4.76522359e-08 -0.608761489 0.793353319 5.06729858e-09 -0.876239181 0.481876493 0 -0.876239181 0.481876343 8.65995164e-10 -0.938998103 0.343922317 -3.52371643e-08 -0.938998103 0.343922347 0 -0.943467021 -0.331466317 3.39418404e-09 -0.943467259 -0.331465691 5.69346525e-09 -0.878790498 -0.47720775 3.31782637e-08 -0.878790259 -0.477208108 6.39222861e-08 -0.878790259 -0.477208108 6.39222861e-08 -0.878790498 -0.47720775 3.31782637e-08 -0.69831121 -0.715794206 6.57314416e-08 -0.698311388 -0.715794086 9.42978531e-08 -0.605543733 -0.795811951 3.31895258e-08 -0.605543554 -0.79581213 3.76391789e-08 -0.506063461 -0.862496257 -1.04405284e-08 -0.506063461 -0.862496257 -6.14705731e-10 -0.506063461 -0.862496257 -6.14705731e-10 -0.506063461 -0.862496257 -1.04405284e-08 -0.258818954 -0.965925813 -1.29124755e-08 -0.258818954 -0.965925813 -1.85504612e-09 -0.258818954 -0.965925813 -1.85504612e-09 -0.258818954 -0.965925813 -1.29124755e-08 -7.17617326e-08 -1 1.74698158e-08 -3.34888099e-08 -1 8.7349088e-09 -3.34888099e-08 -1 8.7349088e-09 -7.17617326e-08 -1 1.74698158e-08 0.258818865 -0.965925813 3.41800792e-08 0.258818865 -0.965925813 2.11799858e-08 0.258818865 -0.965925813 2.11799858e-08 0.258818865 -0.965925813 3.41800792e-08 0.506063342 -0.862496316 2.23155769e-08 0.506063342 -0.862496316 2.98822158e-08 0.605543017 -0.795812607 2.40557547e-08 0.605543017 -0.795812607 1.06320668e-08 0.698164225 -0.715937614 5.14461718e-09 0.698164225 -0.715937614 2.77681611e-08 0.698164225 -0.715937614 2.77681611e-08 0.698164225 -0.715937614 5.14461718e-09 0.880036235 -0.474906564 0 0.880036235 -0.474906534 6.24200283e-08 -0.605543733 -0.795811951 3.31895258e-08 -0.698311388 -0.715794086 9.42978531e-08 -0.69831121 -0.715794206 6.57314416e-08 -0.605543554 -0.79581213 3.76391789e-08 0.605543017 -0.795812607 2.40557547e-08 0.506063342 -0.862496316 2.98822158e-08 0.506063342 -0.862496316 2.23155769e-08 0.605543017 -0.795812607 1.06320668e-08 0.945322752 -0.326136351 8.178705e-08 0.880036235 -0.474906534 6.24200283e-08 0.880036235 -0.474906564 0 0.945322752 -0.326136291 0 4.72057508e-07 -5.37192591e-07 1 2.36028754e-07 -2.68596295e-07 1 2.37112047e-07 -2.69829059e-07 1 4.72057508e-07 -5.37192648e-07 1 1.92618671e-07 -1 -2.35903421e-08 1.54094948e-07 -1 0 1.54094948e-07 -1 0 1.92618657e-07 -1 -2.3590335e-08 2.36028754e-07 -2.68596295e-07 1 0 0 1 0 0 1 2.37112047e-07 -2.69829059e-07 1 0 0 1 0 0 1 0 0 1 0 0 1 0 0 1 0 0 1 0 0 1 0 0 1 0 0 1 0 0 1 0 0 1 0 0 1 0 0 1 0 0 1 0 0 1 0 0 1 0 0 1 0 0 1 0 0 1 0 0 1 0 0 1 0 0 1 0 0 1 0 0 1 0 0 1 -2.34002783e-07 -2.61343075e-07 1 -2.35074268e-07 -2.62539714e-07 1 0 0 1 0 0 1 0 0 1 0 0 1 0 0 1 0 0 1 0 0 1 0 0 1 0 0 1 0 -1 0 0 -1 -4.71807162e-08 0 -1 -4.71807233e-08 0 -1 0 -2.34002783e-07 -2.61343075e-07 1 -4.68005567e-07 -5.2268615e-07 1 -4.68005595e-07 -5.2268615e-07 1 -2.35074268e-07 -2.62539714e-07 1 -0.943467021 -0.331466317 3.39418404e-09 -0.878790259 -0.477208108 6.39222861e-08 -0.878790081 -0.477208465 9.46663121e-08 -0.943466783 -0.331467032 1.09490295e-09 -0.878790259 -0.477208108 6.39222861e-08 -0.698311388 -0.715794086 9.42978531e-08 -0.698311508 -0.715794027 1.22864236e-07 -0.878790081 -0.477208465 9.46663121e-08 -0.605543733 -0.795811951 3.31895258e-08 -0.506063461 -0.862496257 -6.14705731e-10 -0.506063521 -0.862496257 9.21111898e-09 -0.605543911 -0.795811892 2.87398798e-08 -0.506063461 -0.862496257 -6.14705731e-10 -0.258818954 -0.965925813 -1.85504612e-09 -0.258818954 -0.965925813 9.20238374e-09 -0.506063521 -0.862496257 9.21111898e-09 -0.258818954 -0.965925813 -1.85504612e-09 -3.34888099e-08 -1 8.7349088e-09 4.78411621e-09 -1 0 -0.258818954 -0.965925813 9.20238374e-09 -3.34888099e-08 -1 8.7349088e-09 0.258818865 -0.965925813 2.11799858e-08 0.258818895 -0.965925813 8.1798941e-09 4.78411621e-09 -1 0 0.258818865 -0.965925813 2.11799858e-08 0.506063342 -0.862496316 2.98822158e-08 0.506063342 -0.862496316 3.74488494e-08 0.258818895 -0.965925813 8.1798941e-09 0.605543017 -0.795812607 2.40557547e-08 0.698164225 -0.715937614 2.77681611e-08 0.698164165 -0.715937674 5.0391705e-08 0.605542898 -0.795812607 3.74794382e-08 0.698164225 -0.715937614 2.77681611e-08 0.880036235 -0.474906534 6.24200283e-08 0.880036235 -0.474906534 1.24840057e-07 0.698164165 -0.715937674 5.0391705e-08 -0.698311388 -0.715794086 9.42978531e-08 -0.605543733 -0.795811951 3.31895258e-08 -0.605543911 -0.795811892 2.87398798e-08 -0.698311508 -0.715794027 1.22864236e-07 0.506063342 -0.862496316 2.98822158e-08 0.605543017 -0.795812607 2.40557547e-08 0.605542898 -0.795812607 3.74794382e-08 0.506063342 -0.862496316 3.74488494e-08 0.880036235 -0.474906534 6.24200283e-08 0.945322752 -0.326136351 8.178705e-08 0.945322752 -0.326136351 1.635741e-07 0.880036235 -0.474906534 1.24840057e-07 1.92618671e-07 -1 -2.35903421e-08 1.92618657e-07 -1 -2.3590335e-08 2.31142408e-07 -1 -4.71806842e-08 2.31142408e-07 -1 -4.71806807e-08 0 -1 -4.71807233e-08 0 -1 -4.71807162e-08 0 -1 -9.43614467e-08 0 -1 -9.43614467e-08 -3.26840386e-08 2.51475676e-08 -1 -3.26840386e-08 2.5147564e-08 -1 -3.26840421e-08 2.51475658e-08 -1 -3.26840386e-08 2.51475694e-08 -1 -2.41105873e-08 3.03198e-08 -1 -2.41105873e-08 3.03198e-08 -1 -2.41105873e-08 3.03198e-08 -1 -2.41105873e-08 3.03198e-08 -1 2.38984796e-08 3.09827044e-08 -1 2.38984779e-08 3.09827044e-08 -1 2.38984814e-08 3.0982708e-08 -1 2.38984796e-08 3.09827044e-08 -1 -4.92995369e-08 3.12024007e-08 -1 -4.92995369e-08 3.12024007e-08 -1 -4.92995369e-08 3.12024007e-08 -1 -4.92995369e-08 3.12024007e-08 -1 8.98655799e-08 -1.0601844e-07 -1 8.98655799e-08 -1.06018433e-07 -1 8.9865587e-08 -1.06018447e-07 -1 8.98655799e-08 -1.06018433e-07 -1 2.51761172e-08 3.23831273e-08 -1 2.51761207e-08 3.23831273e-08 -1 2.51761172e-08 3.23831273e-08 -1 2.51761172e-08 3.23831273e-08 -1 1.57578963e-08 3.80429448e-08 -1 1.57578963e-08 3.80429412e-08 -1 1.57578963e-08 3.80429448e-08 -1 1.57578963e-08 3.80429448e-08 -1 -2.46668037e-08 3.27845449e-08 -1 -2.46668002e-08 3.27845449e-08 -1 -2.46668002e-08 3.27845449e-08 -1 -2.46667984e-08 3.27845449e-08 -1 -1.57578892e-08 3.80429341e-08 -1 -1.57578892e-08 3.80429341e-08 -1 -1.57578892e-08 3.80429341e-08 -1 -1.57578892e-08 3.80429341e-08 -1 -5.37472244e-09 4.08250926e-08 -1 -5.37472244e-09 4.08250926e-08 -1 -5.37472244e-09 4.08250926e-08 -1 -5.37472244e-09 4.08250926e-08 -1 5.37472866e-09 4.08250926e-08 -1 5.37472777e-09 4.08250926e-08 -1 5.37472777e-09 4.08250926e-08 -1 5.37472822e-09 4.08250962e-08 -1 -2.51761083e-08 3.23831237e-08 -1 -2.51761101e-08 3.23831237e-08 -1 -2.51761101e-08 3.23831202e-08 -1 -2.51761083e-08 3.23831202e-08 -1 1.63380559e-16 0.342020154 -0.939692557 8.40879592e-15 0.342020154 -0.939692557 -2.37466873e-15 0.342020154 -0.939692557 -2.37466873e-15 0.342020154 -0.939692557 -1.53594009e-14 0.342020154 -0.939692557 -1.14341327e-15 0.342020154 -0.939692557 1.63380559e-16 0.342020154 -0.939692557 -2.37466873e-15 0.342020154 -0.939692557 -1.14341327e-15 0.342020154 -0.939692557 -1.14341327e-15 0.342020154 -0.939692557 -5.11980002e-15 0.342020154 -0.939692557 1.85918417e-15 0.342020154 -0.939692557 1.85918417e-15 0.342020154 -0.939692557 -8.40879846e-15 0.342020154 -0.939692557 1.02055501e-17 0.342020154 -0.939692557 -1.14341327e-15 0.342020154 -0.939692557 1.85918417e-15 0.342020154 -0.939692557 1.02055501e-17 0.342020154 -0.939692557 1.02055501e-17 0.342020154 -0.939692557 0 0.342020154 -0.939692557 -1.85685123e-15 0.342020154 -0.939692557 -1.85685123e-15 0.342020154 -0.939692557 -2.52263742e-14 0.342020154 -0.939692616 -2.12280581e-15 0.342020154 -0.939692557 1.02055501e-17 0.342020154 -0.939692557 -1.85685123e-15 0.342020154 -0.939692557 -2.12280581e-15 0.342020154 -0.939692557 -1.14341327e-15 0.342020154 -0.939692557 1.02055501e-17 0.342020154 -0.939692557 -2.12280581e-15 0.342020154 -0.939692557 -1.14341327e-15 0.342020154 -0.939692557 -2.12280581e-15 0.342020154 -0.939692557 -1.0017559e-15 0.342020154 -0.939692557 1.63380559e-16 0.342020154 -0.939692557 -1.14341327e-15 0.342020154 -0.939692557 -1.0017559e-15 0.342020154 -0.939692557 -1.0017559e-15 0.342020154 -0.939692557 -1.53594619e-14 0.342020154 -0.939692557 -1.23194526e-15 0.342020154 -0.939692557 1.63380559e-16 0.342020154 -0.939692557 -1.0017559e-15 0.342020154 -0.939692557 -1.23194526e-15 0.342020154 -0.939692557 1.63380559e-16 0.342020154 -0.939692557 -1.23194526e-15 0.342020154 -0.939692557 -5.88033989e-16 0.342020154 -0.939692557 1.63380559e-16 0.342020154 -0.939692557 -5.88033989e-16 0.342020154 -0.939692557 0 0.342020154 -0.939692557 0 -0.342020124 0.939692557 0 -0.342020124 0.939692557 0 -0.342020124 0.939692557 0 -0.342020124 0.939692557 0 -0.342020124 0.939692557 0 -0.342020124 0.939692557 0 -0.342020124 0.939692557 0 -0.342020124 0.939692557 0 -0.342020124 0.939692557 0 -0.342020124 0.939692557 0 -0.342020124 0.939692557 0 -0.342020124 0.939692557 0 -0.342020124 0.939692557 0 -0.342020124 0.939692557 0 -0.342020124 0.939692557 0 -0.342020124 0.939692557 0 -0.342020124 0.939692557 0 -0.342020124 0.939692557 0 -0.342020124 0.939692557 0 -0.342020124 0.939692557 0 -0.342020124 0.939692557 0 -0.342020124 0.939692557 0 -0.342020124 0.939692557 0 -0.342020124 0.939692557 0 -0.342020124 0.939692557 0 -0.342020124 0.939692557 0 -0.342020124 0.939692676 0 -0.342020124 0.939692557 0 -0.342020124 0.939692557 0 -0.342020124 0.939692676 0 -0.342020124 0.939692557 0 -0.342020124 0.939692557 0 -0.342020124 0.939692676 0 -0.342020124 0.939692557 0 -0.342020124 0.939692676 0 -0.342020124 0.939692557 0 -0.342020124 0.939692557 0 -0.342020124 0.939692557 0 -0.342020124 0.939692557 0 -0.342020124 0.939692557 0 -0.342020124 0.939692557 0 -0.342020124 0.939692557 0 -0.342020124 0.939692557 0 -0.342020124 0.939692557 0 -0.342020124 0.939692557 0 -0.342020124 0.939692557 0 -0.342020124 0.939692557 0 -0.342020124 0.939692557 0.0708890483 -0.937328458 -0.34115994 0.0708890408 -0.937328398 -0.341159999 -0.070888944 -0.937328458 -0.34115994 -0.070888944 -0.937328458 -0.34115994 -0.0708890259 -0.937328398 -0.341159999 0.0708890483 -0.937328458 -0.34115994 -0.0708890483 0.937328517 0.341159672 -0.0708890781 0.937328517 0.341159672 0.0708890483 0.937328517 0.341159672 0.0708890483 0.937328517 0.341159672 0.0708890781 0.937328517 0.341159672 -0.0708890483 0.937328517 0.341159672 0.0708890408 -0.937328398 -0.341159999 0.0708890483 -0.937328458 -0.34115994 0.334578872 -0.885535836 -0.322309196 0.334578872 -0.885535836 -0.322309196 0.334578812 -0.885535777 -0.322309196 0.0708890408 -0.937328398 -0.341159999 0.334578812 -0.885535777 -0.322309196 0.334578872 -0.885535836 -0.322309196 0.707106829 -0.664462864 -0.241844997 0.707106829 -0.664462864 -0.241844997 0.707106829 -0.664462924 -0.241844952 0.334578812 -0.885535777 -0.322309196 -0.0708890259 -0.937328398 -0.341159999 -0.070888944 -0.937328458 -0.34115994 -0.334578812 -0.885535896 -0.322309226 -0.334578812 -0.885535896 -0.322309226 -0.334578872 -0.885535836 -0.322309196 -0.0708890259 -0.937328398 -0.341159999 -0.334578872 -0.885535836 -0.322309196 -0.334578812 -0.885535896 -0.322309226 -0.707106471 -0.664463282 -0.241845101 -0.707106471 -0.664463282 -0.241845101 -0.707106471 -0.664463282 -0.241845056 -0.334578872 -0.885535836 -0.322309196 1 -7.23063609e-09 -8.24707591e-09 1 1.30989486e-08 -8.47710568e-10 0.93862915 0.324126244 0.117972314 0.93862915 0.324126244 0.117972314 0.93862915 0.324126244 0.117972292 1 -7.23063609e-09 -8.24707591e-09 0.93862915 0.324126244 0.117972292 0.93862915 0.324126244 0.117972314 0.70710659 0.664463103 0.241844788 0.70710659 0.664463103 0.241844788 0.70710659 0.664463103 0.241844788 0.93862915 0.324126244 0.117972292 1 1.30989486e-08 -8.47710568e-10 1 -7.23063609e-09 -8.24707591e-09 0.93862915 -0.324126184 -0.117972389 0.93862915 -0.324126184 -0.117972389 0.93862915 -0.324126184 -0.117972396 1 1.30989486e-08 -8.47710568e-10 0.93862915 -0.324126184 -0.117972396 0.93862915 -0.324126184 -0.117972389 0.707106829 -0.664462924 -0.241844952 0.707106829 -0.664462924 -0.241844952 0.707106829 -0.664462864 -0.241844997 0.93862915 -0.324126184 -0.117972396 -0.0708890781 0.937328517 0.341159672 -0.0708890483 0.937328517 0.341159672 -0.334578723 0.885536015 0.322308749 -0.334578723 0.885536015 0.322308749 -0.334578693 0.885536015 0.322308719 -0.0708890781 0.937328517 0.341159672 -0.334578693 0.885536015 0.322308719 -0.334578723 0.885536015 0.322308749 -0.707106411 0.664463401 0.241844878 -0.707106411 0.664463401 0.241844878 -0.707106411 0.664463341 0.241844878 -0.334578693 0.885536015 0.322308719 0.0708890781 0.937328517 0.341159672 0.0708890483 0.937328517 0.341159672 0.334578931 0.885536015 0.322308719 0.334578931 0.885536015 0.322308719 0.334578902 0.885536015 0.322308749 0.0708890781 0.937328517 0.341159672 0.334578902 0.885536015 0.322308749 0.334578931 0.885536015 0.322308719 0.70710659 0.664463103 0.241844788 0.70710659 0.664463103 0.241844788 0.70710659 0.664463103 0.241844788 0.334578902 0.885536015 0.322308749 -1 -2.53013894e-08 -1.48242609e-08 -1 -7.23064586e-09 -8.24704482e-09 -0.93862921 -0.324126005 -0.117972307 -0.93862921 -0.324126005 -0.117972307 -0.93862921 -0.324126035 -0.117972322 -1 -2.53013894e-08 -1.48242609e-08 -0.93862921 -0.324126035 -0.117972322 -0.93862921 -0.324126005 -0.117972307 -0.707106471 -0.664463282 -0.241845056 -0.707106471 -0.664463282 -0.241845056 -0.707106471 -0.664463282 -0.241845101 -0.93862921 -0.324126035 -0.117972322 -1 -7.23064586e-09 -8.24704482e-09 -1 -2.53013894e-08 -1.48242609e-08 -0.93862921 0.324126035 0.117972225 -0.93862921 0.324126035 0.117972225 -0.93862921 0.324126035 0.117972218 -1 -7.23064586e-09 -8.24704482e-09 -0.93862921 0.324126035 0.117972218 -0.93862921 0.324126035 0.117972225 -0.707106411 0.664463341 0.241844878 -0.707106411 0.664463341 0.241844878 -0.707106411 0.664463401 0.241844878 -0.93862921 0.324126035 0.117972218</float_array>
          <technique_common>
            <accessor count="1628" offset="0" source="#Box004_1-normals-array" stride="3">
              <param name="X" type="float" />
              <param name="Y" type="float" />
              <param name="Z" type="float" />
            </accessor>
          </technique_common>
        </source>
        <source id="Box004_1-tex0" name="Box004_1-tex0">
          <float_array id="Box004_1-tex0-array" count="3256"> 0.167590067 0 0.0791595578 0 0.019408796 0 0.019408796 0 -0.00759049132 0 1.86637044e-06 0 1.86637044e-06 0 0.0416685492 0 0.114569515 0 0.019408796 0 1.86637044e-06 0 0.114569515 0 0.114569515 0 0.213737339 0 0.332413405 0 0.332413405 0 0.462509811 0 0.595161378 0 0.114569515 0 0.332413405 0 0.595161378 0 0.595161378 0 0.72132802 0 0.832411647 0 0.832411647 0 0.920842171 0 0.980593026 0 0.595161378 0 0.832411647 0 0.980593026 0 0.114569515 0 0.595161378 0 0.980593026 0 0.980593026 0 1.00759232 0 0.99999994 0 0.99999994 0 0.958333313 0 0.916666687 0 0.980593026 0 0.99999994 0 0.916666687 0 0.916666687 0 0.875 0 0.833333313 0 0.833333313 0 0.791666627 0 0.75 0 0.916666687 0 0.833333313 0 0.75 0 0.980593026 0 0.916666687 0 0.75 0 0.114569515 0 0.980593026 0 0.75 0 0.019408796 0 0.114569515 0 0.75 0 0.167590067 0 0.019408796 0 0.75 0 0.278673619 0 0.167590067 0 0.75 0 0.75 0 0.791666627 0 0.791666627 1 0.791666627 1 0.75 1 0.75 0 0.791666627 0 0.833333313 0 0.833333313 1 0.833333313 1 0.791666627 1 0.791666627 0 0.833333313 0 0.875 0 0.875 1 0.875 1 0.833333313 1 0.833333313 0 0.875 0 0.916666687 0 0.916666687 1 0.916666687 1 0.875 1 0.875 0 0.916666687 0 0.958333313 0 0.958333313 1 0.958333313 1 0.916666687 1 0.916666687 0 0.958333313 0 0.99999994 0 0.99999994 1 0.99999994 1 0.958333313 1 0.958333313 0 -5.96046448e-08 0 0.0416666567 0 0.0416666567 1 0.0416666567 1 -5.96046448e-08 1 -5.96046448e-08 0 0.0416666567 0 0.0833333135 0 0.0833333135 1 0.0833333135 1 0.0416666567 1 0.0416666567 0 0.0833333135 0 0.12499997 0 0.12499997 1 0.12499997 1 0.0833333135 1 0.0833333135 0 0.12499997 0 0.166666627 0 0.166666627 1 0.166666627 1 0.12499997 1 0.12499997 0 0.166666627 0 0.208333284 0 0.208333284 1 0.208333284 1 0.166666627 1 0.166666627 0 0.208333284 0 0.24999994 0 0.24999994 1 0.24999994 1 0.208333284 1 0.208333284 0 0.24999994 0 0.291666627 0 0.291666627 1 0.291666627 1 0.24999994 1 0.24999994 0 0.291666627 0 0.333333254 0 0.333333254 1 0.333333254 1 0.291666627 1 0.291666627 0 0.333333254 0 0.374999911 0 0.374999911 1 0.374999911 1 0.333333254 1 0.333333254 0 0.374999911 0 0.416666597 0 0.416666597 1 0.416666597 1 0.374999911 1 0.374999911 0 0.416666597 0 0.458333254 0 0.458333254 1 0.458333254 1 0.416666597 1 0.416666597 0 0.458333254 0 0.499999911 0 0.499999911 1 0.499999911 1 0.458333254 1 0.458333254 0 0.499999911 0 0.541666567 0 0.541666567 1 0.541666567 1 0.499999911 1 0.499999911 0 0.541666567 0 0.583333254 0 0.583333254 1 0.583333254 1 0.541666567 1 0.541666567 0 0.583333254 0 0.624999881 0 0.624999881 1 0.624999881 1 0.583333254 1 0.583333254 0 0.624999881 0 0.666666567 0 0.666666567 1 0.666666567 1 0.624999881 1 0.624999881 0 0.666666567 0 0.708333254 0 0.708333254 1 0.708333254 1 0.666666567 1 0.666666567 0 0.708333254 0 0.75 0 0.75 1 0.75 1 0.708333254 1 0.708333254 0 0.75 1 0.791666627 1 0.833333313 1 0.833333313 1 0.875 1 0.916666687 1 0.916666687 1 0.958333313 1 0.99999994 1 0.833333313 1 0.916666687 1 0.99999994 1 0.99999994 1 1.00759244 1 0.980593383 1 0.980593383 1 0.920842767 1 0.832412362 1 0.99999994 1 0.980593383 1 0.832412362 1 0.832412362 1 0.721328616 1 0.595161676 1 0.595161676 1 0.462509632 1 0.332412481 1 0.832412362 1 0.595161676 1 0.332412481 1 0.99999994 1 0.832412362 1 0.332412481 1 0.332412481 1 0.213736147 1 0.114568152 1 0.114568152 1 0.0416667908 1 2.23517418e-08 1 0.332412481 1 0.114568152 1 2.23517418e-08 1 2.23517418e-08 1 -0.007592557 1 0.0194064211 1 0.0194064211 1 0.0791570097 1 0.167587399 1 2.23517418e-08 1 0.0194064211 1 0.167587399 1 0.332412481 1 2.23517418e-08 1 0.167587399 1 0.99999994 1 0.332412481 1 0.167587399 1 0.833333313 1 0.99999994 1 0.167587399 1 0.75 1 0.833333313 1 0.167587399 1 0.708333254 1 0.75 1 0.167587399 1 1 0 0 0 0 1 1 1 0 0 0 1 1 1 1 0 0 0 0 1 1 1 1 0 0 0 0 1 1 1 1 0 0 0 0 1 1 1 1 0 0 0 0 1 1 1 1 0 0 0 1 0 1 1 1 1 0 1 0 0 0.125 0 0.125 1 0 1 0 1 0 0 0.125 0 0.4375 1 0.4375 0 0.5 0 0.5 0 0.5 1 0.4375 1 0.5625 0 0.5625 1 0.5 1 0.5 1 0.5 0 0.5625 0 0.5625 0 0.5625 1 0.5 1 0.5 1 0.5 0 0.5625 0 0.3125 0 0.3125 1 0.25 1 0.25 1 0.25 0 0.3125 0 0.875 0 0.875 0.25 0.75 0.25 0.75 0.25 0.75 0 0.875 0 0.875 0 0.875 1 0.75 1 0.75 1 0.75 0 0.875 0 0.25 0 0.25 1 0.125 1 0.125 1 0.125 0 0.25 0 0 1 0 0 0.125 0 0.125 0 0.125 1 0 1 0.875 0 1 0 1 0.75 1 0.75 0.875 1 0.875 0 1 0 1 1 0.875 1 0.875 1 0.875 0 1 0 0.6875 0 0.6875 1 0.625 1 0.625 1 0.625 0 0.6875 0 0.40625 0 0.40625 1 0.375 1 0.375 1 0.375 0 0.40625 0 0.40625 1 0.40625 0 0.4375 0 0.4375 0 0.4375 1 0.40625 1 0.59375 0 0.59375 1 0.5625 1 0.5625 1 0.5625 0 0.59375 0 0.59375 0 0.59375 1 0.5625 1 0.5625 1 0.5625 0 0.59375 0 0.5 0 0.5 1 0.4375 1 0.4375 1 0.4375 0 0.5 0 0.375 0 0.375 1 0.3125 1 0.3125 1 0.3125 0 0.375 0 0.25 1 0.25 0.5 0.3125 0.5 0.3125 0.5 0.3125 1 0.25 1 0.75 0 0.75 0.25 0.6875 0.25 0.6875 0.25 0.6875 0 0.75 0 0.75 0 0.75 1 0.6875 1 0.6875 1 0.6875 0 0.75 0 0.25 0 0.3125 0 0.3125 0.5 0.3125 0.5 0.25 0.5 0.25 0 0.875 0.75 0.75 0.75 0.75 0.25 0.75 0.25 0.875 0.25 0.875 0.75 0.75 0.75 0.6875 0.75 0.6875 0.25 0.6875 0.25 0.75 0.25 0.75 0.75 0.875 1 0.75 1 0.75 0.75 0.75 0.75 0.875 0.75 0.875 1 1 0.75 1 1 0.875 1 0.75 1 0.6875 1 0.6875 0.75 0.6875 0.75 0.75 0.75 0.75 1 0.875 1 0.875 0.75 0.875 1 0.6875 0.25 0.6875 0.25 0.6875 0.75 0.6875 0.75 0.6875 0.75 0.6875 0.25 0.875 0.25 0.875 0 0.875 0.25 0.875 0 1 0 1 0 1 0 0.875 0 0.875 0 1 1 0.875 1 0.875 1 0.875 1 1 1 1 1 0.6875 0.25 0.6875 0.75 0.6875 0.75 0.6875 0.75 0.6875 0.25 0.6875 0.25 0.875 0 0.875 0.25 0.875 0.25 0.875 0.25 0.875 0 0.875 0 0.875 0.75 0.875 0.75 0.875 1 0.875 0.75 0.875 0.75 0.875 1 0.875 0.75 0.875 0.25 0.875 0 0.875 0 0.875 1 0.875 0.75 0 0 0 1 1 1 1 1 1 0 0 0 0.125 0 0 0 0 1 0 1 0.125 1 0.125 0 0.4375 1 0.5 1 0.5 0 0.5 0 0.4375 0 0.4375 1 0.5625 0 0.5 0 0.5 1 0.5 1 0.5625 1 0.5625 0 0.5625 0 0.5 0 0.5 1 0.5 1 0.5625 1 0.5625 0 0.3125 0 0.25 0 0.25 1 0.25 1 0.3125 1 0.3125 0 0.875 0 0.75 0 0.75 0.25 0.75 0.25 0.875 0.25 0.875 0 0.875 0 0.75 0 0.75 1 0.75 1 0.875 1 0.875 0 0.25 0 0.125 0 0.125 1 0.125 1 0.25 1 0.25 0 0 1 0.125 1 0.125 0 0.125 0 0 0 0 1 0.875 0 0.875 1 1 0.75 1 0.75 1 0 0.875 0 1 0 0.875 0 0.875 1 0.875 1 1 1 1 0 0.6875 0 0.625 0 0.625 1 0.625 1 0.6875 1 0.6875 0 0.375 1 0.40625 1 0.40625 0 0.40625 0 0.375 0 0.375 1 0.4375 0 0.40625 0 0.40625 1 0.40625 1 0.4375 1 0.4375 0 0.5625 1 0.59375 1 0.59375 0 0.59375 0 0.5625 0 0.5625 1 0.5625 1 0.59375 1 0.59375 0 0.59375 0 0.5625 0 0.5625 1 0.5 0 0.4375 0 0.4375 1 0.4375 1 0.5 1 0.5 0 0.375 0 0.3125 0 0.3125 1 0.3125 1 0.375 1 0.375 0 0.25 1 0.3125 1 0.3125 0.5 0.3125 0.5 0.25 0.5 0.25 1 0.75 0 0.6875 0 0.6875 0.25 0.6875 0.25 0.75 0.25 0.75 0 0.75 0 0.6875 0 0.6875 1 0.6875 1 0.75 1 0.75 0 0.25 0 0.25 0.5 0.3125 0.5 0.3125 0.5 0.3125 0 0.25 0 0.875 0.75 0.875 0.25 0.75 0.25 0.75 0.25 0.75 0.75 0.875 0.75 0.75 0.75 0.75 0.25 0.6875 0.25 0.6875 0.25 0.6875 0.75 0.75 0.75 0.875 1 0.875 0.75 0.75 0.75 0.75 0.75 0.75 1 0.875 1 1 0.75 0.875 1 1 1 0.75 1 0.75 0.75 0.6875 0.75 0.6875 0.75 0.6875 1 0.75 1 0.875 1 0.875 1 0.875 0.75 0.6875 0.25 0.6875 0.75 0.6875 0.75 0.6875 0.75 0.6875 0.25 0.6875 0.25 0.875 0.25 0.875 0.25 0.875 0 0.875 0 0.875 0 1 0 1 0 1 0 0.875 0 1 1 1 1 0.875 1 0.875 1 0.875 1 1 1 0.6875 0.25 0.6875 0.25 0.6875 0.75 0.6875 0.75 0.6875 0.75 0.6875 0.25 0.875 0 0.875 0.25 0.875 0.25 0.875 0.25 0.875 0 0.875 0 0.875 0.75 0.875 1 0.875 0.75 0.875 0.75 0.875 1 0.875 0.75 0.875 0.75 0.875 1 0.875 0 0.875 0 0.875 0.25 0.875 0.75 0.4375 0 0.4375 1 0.40625 1 0.40625 1 0.40625 0 0.4375 0 0.375 1 0.375 0 0.40625 0 0.40625 0 0.40625 1 0.375 1 0.625 0 0.625 1 0.59375 1 0.59375 1 0.59375 0 0.625 0 0.625 0 0.625 1 0.59375 1 0.59375 1 0.59375 0 0.625 0 0.4375 1 0.4375 0 0.40625 0 0.40625 0 0.40625 1 0.4375 1 0.375 0 0.375 1 0.40625 1 0.40625 1 0.40625 0 0.375 0 0.625 1 0.625 0 0.59375 0 0.59375 0 0.59375 1 0.625 1 0.625 1 0.625 0 0.59375 0 0.59375 0 0.59375 1 0.625 1 0.25 0.5 0.25 1 0.125 1 0.25 0.5 0.125 1 0.125 0 0.25 0.5 0.125 0 0.25 0 0.3125 0.5 0.3125 0 0.375 0 0.3125 0.5 0.375 0 0.375 1 0.3125 0.5 0.375 1 0.3125 1 0.6875 0.75 0.6875 1 0.625 1 0.6875 0.25 0.6875 0.75 0.625 1 0.6875 0.25 0.625 1 0.625 0 0.6875 0.25 0.625 0 0.6875 0 0.75 0.75 0.75 0.75 0.875 0.75 0.875 0.75 0.875 0.75 0.75 0.75 0.6875 0.75 0.6875 0.75 0.75 0.75 0.75 0.75 0.75 0.75 0.6875 0.75 0.75 0.25 0.75 0.25 0.6875 0.25 0.6875 0.25 0.6875 0.25 0.75 0.25 0.875 0.25 0.875 0.25 0.75 0.25 0.75 0.25 0.75 0.25 0.875 0.25 1 1 1 0.75 1 0 1 1 1 0 1 0 1 1 1 0 1 1 0.75 0.75 0.875 0.75 0.875 0.75 0.875 0.75 0.75 0.75 0.75 0.75 0.6875 0.75 0.75 0.75 0.75 0.75 0.75 0.75 0.6875 0.75 0.6875 0.75 0.75 0.25 0.6875 0.25 0.6875 0.25 0.6875 0.25 0.75 0.25 0.75 0.25 0.875 0.25 0.75 0.25 0.75 0.25 0.75 0.25 0.875 0.25 0.875 0.25 0.25 0.5 0.25 0 0.125 0 0.25 0.5 0.125 0 0.125 1 0.25 0.5 0.125 1 0.25 1 0.3125 0.5 0.3125 1 0.375 1 0.3125 0.5 0.375 1 0.375 0 0.3125 0.5 0.375 0 0.3125 0 0.6875 0.25 0.6875 0 0.625 0 0.6875 0.75 0.6875 0.25 0.625 0 0.6875 0.75 0.625 0 0.625 1 0.6875 0.75 0.625 1 0.6875 1 0.75 0.75 0.875 0.75 0.875 0.75 0.875 0.75 0.75 0.75 0.75 0.75 0.6875 0.75 0.75 0.75 0.75 0.75 0.75 0.75 0.6875 0.75 0.6875 0.75 0.75 0.25 0.6875 0.25 0.6875 0.25 0.6875 0.25 0.75 0.25 0.75 0.25 0.875 0.25 0.75 0.25 0.75 0.25 0.75 0.25 0.875 0.25 0.875 0.25 1 0 1 0.75 1 1 1 1 1 1 1 0 1 0 1 1 1 0 0.75 0.75 0.75 0.75 0.875 0.75 0.875 0.75 0.875 0.75 0.75 0.75 0.6875 0.75 0.6875 0.75 0.75 0.75 0.75 0.75 0.75 0.75 0.6875 0.75 0.75 0.25 0.75 0.25 0.6875 0.25 0.6875 0.25 0.6875 0.25 0.75 0.25 0.875 0.25 0.875 0.25 0.75 0.25 0.75 0.25 0.75 0.25 0.875 0.25 0.4375 0 0.5 0 0.5 0 0.5 0 0.4375 0 0.4375 0 0.5 0 0.4375 0 0.4375 0 0.4375 0 0.5 0 0.5 0 0.4375 0 0.40625 0 0.40625 0 0.40625 0 0.4375 0 0.4375 0 0.40625 0 0.40625 1 0.40625 1 0.40625 1 0.40625 0 0.40625 0 0.40625 1 0.4375 1 0.4375 1 0.4375 1 0.40625 1 0.40625 1 0.4375 1 0.5 1 0.5 1 0.5 1 0.4375 1 0.4375 1 0.5 1 0.4375 1 0.4375 1 0.4375 1 0.5 1 0.5 1 0.4375 1 0.40625 1 0.40625 1 0.40625 1 0.4375 1 0.4375 1 0.40625 1 0.40625 0 0.40625 0 0.40625 0 0.40625 1 0.40625 1 0.40625 0 0.4375 0 0.4375 0 0.4375 0 0.40625 0 0.40625 0 0.875 0 0.875 0.5 0.833333313 0.5 0.833333313 0 0.895833373 0 0.895833373 0.5 0.875 0.5 0.875 0 0.958333313 0 0.958333313 0.5 0.916666687 0.5 0.916666687 0 0.99999994 0 0.99999994 0.5 0.958333313 0.5 0.958333313 0 0.0416666567 0 0.0416666567 0.5 -5.96046448e-08 0.5 -5.96046448e-08 0 0.0833333135 0 0.0833333135 0.5 0.0416666567 0.5 0.0416666567 0 0.104166642 0 0.104166642 0.5 0.0833333135 0.5 0.0833333135 0 0.166666627 0 0.166666627 0.5 0.12499997 0.5 0.12499997 0 0.187499955 0 0.187499955 0.5 0.166666627 0.5 0.166666627 0 0.916666687 0 0.916666687 0.5 0.895833373 0.5 0.895833373 0 0.12499997 0 0.12499997 0.5 0.104166642 0.5 0.104166642 0 0.916666687 0 0.916666687 0 0.895833373 0 0.895833373 0 0.958333313 0 0.958333313 0 0.916666687 0 0.916666687 0 0.99999994 0 0.99999994 0 0.958333313 0 0.958333313 0 -5.96046448e-08 0 0.0416666567 0 0.0416666567 0 -5.96046448e-08 0 0.0416666567 0 0.0833333135 0 0.0833333135 0 0.0416666567 0 0.0833333135 0 0.104166642 0 0.104166642 0 0.0833333135 0 0.104166642 0.5 0.104166642 0.5 0.104166642 0 0.104166642 0 0.0833333135 0.5 0.0833333135 0.5 0.104166642 0.5 0.104166642 0.5 0.0416666567 0.5 0.0416666567 0.5 0.0833333135 0.5 0.0833333135 0.5 -5.96046448e-08 0.5 -5.96046448e-08 0.5 0.0416666567 0.5 0.0416666567 0.5 0.99999994 0.5 0.958333313 0.5 0.958333313 0.5 0.99999994 0.5 0.958333313 0.5 0.916666687 0.5 0.916666687 0.5 0.958333313 0.5 0.916666687 0.5 0.895833373 0.5 0.895833373 0.5 0.916666687 0.5 0.895833373 0 0.895833373 0 0.895833373 0.5 0.895833373 0.5 0.916666687 0 0.916666687 0 0.895833373 0 0.895833373 0 0.958333313 0 0.958333313 0 0.916666687 0 0.916666687 0 0.99999994 0 0.99999994 0 0.958333313 0 0.958333313 0 0.0416666567 0 -5.96046448e-08 0 -5.96046448e-08 0 0.0416666567 0 0.0833333135 0 0.0416666567 0 0.0416666567 0 0.0833333135 0 0.104166642 0 0.0833333135 0 0.0833333135 0 0.104166642 0 0.104166642 0.5 0.104166642 0 0.104166642 0 0.104166642 0.5 0.0833333135 0.5 0.0833333135 0.5 0.104166642 0.5 0.104166642 0.5 0.0416666567 0.5 0.0416666567 0.5 0.0833333135 0.5 0.0833333135 0.5 -5.96046448e-08 0.5 -5.96046448e-08 0.5 0.0416666567 0.5 0.0416666567 0.5 0.958333313 0.5 0.99999994 0.5 0.99999994 0.5 0.958333313 0.5 0.916666687 0.5 0.958333313 0.5 0.958333313 0.5 0.916666687 0.5 0.895833373 0.5 0.916666687 0.5 0.916666687 0.5 0.895833373 0.5 0.895833373 0 0.895833373 0.5 0.895833373 0.5 0.895833373 0 0.833333313 0 0.833333313 0.5 0.8125 0.5 0.8125 0 0.833333313 1 0.8125 1 0.8125 0.5 0.833333313 0.5 0.875 1 0.833333313 1 0.833333313 0.5 0.875 0.5 0.916666687 1 0.895833373 1 0.895833373 0.5 0.916666687 0.5 0.958333313 1 0.916666687 1 0.916666687 0.5 0.958333313 0.5 0.99999994 1 0.958333313 1 0.958333313 0.5 0.99999994 0.5 0.0416666567 1 -5.96046448e-08 1 -5.96046448e-08 0.5 0.0416666567 0.5 0.0833333135 1 0.0416666567 1 0.0416666567 0.5 0.0833333135 0.5 0.12499997 1 0.104166642 1 0.104166642 0.5 0.12499997 0.5 0.166666627 1 0.12499997 1 0.12499997 0.5 0.166666627 0.5 0.875 1 0.875 0.5 0.895833373 0.5 0.895833373 1 0.0833333135 1 0.0833333135 0.5 0.104166642 0.5 0.104166642 1 0.166666627 1 0.166666627 0.5 0.187499955 0.5 0.187499955 1 0.8125 0.5 0.8125 1 0.833333313 1 0.833333313 0.5 0.833333313 0.5 0.833333313 1 0.875 1 0.875 0.5 0.895833373 0.5 0.895833373 1 0.916666687 1 0.916666687 0.5 0.916666687 0.5 0.916666687 1 0.958333313 1 0.958333313 0.5 0.958333313 0.5 0.958333313 1 0.99999994 1 0.99999994 0.5 -5.96046448e-08 0.5 -5.96046448e-08 1 0.0416666567 1 0.0416666567 0.5 0.0416666567 0.5 0.0416666567 1 0.0833333135 1 0.0833333135 0.5 0.104166642 0.5 0.104166642 1 0.12499997 1 0.12499997 0.5 0.12499997 0.5 0.12499997 1 0.166666627 1 0.166666627 0.5 0.895833373 0.5 0.875 0.5 0.875 1 0.895833373 1 0.104166642 0.5 0.0833333135 0.5 0.0833333135 1 0.104166642 1 0.187499955 0.5 0.166666627 0.5 0.166666627 1 0.187499955 1 0.8125 1 0.833333313 1 0.833333313 1 0.8125 1 0.8125 0.5 0.8125 1 0.8125 1 0.8125 0.5 0.833333313 1 0.875 1 0.875 1 0.833333313 1 0.895833373 1 0.916666687 1 0.916666687 1 0.895833373 1 0.916666687 1 0.958333313 1 0.958333313 1 0.916666687 1 0.958333313 1 0.99999994 1 0.99999994 1 0.958333313 1 -5.96046448e-08 1 0.0416666567 1 0.0416666567 1 -5.96046448e-08 1 0.0416666567 1 0.0833333135 1 0.0833333135 1 0.0416666567 1 0.104166642 1 0.12499997 1 0.12499997 1 0.104166642 1 0.12499997 1 0.166666627 1 0.166666627 1 0.12499997 1 0.875 1 0.895833373 1 0.895833373 1 0.875 1 0.0833333135 1 0.104166642 1 0.104166642 1 0.0833333135 1 0.187499955 1 0.187499955 0.5 0.187499955 0.5 0.187499955 1 0.166666627 1 0.187499955 1 0.187499955 1 0.166666627 1 0.8125 0.5 0.833333313 0.5 0.833333313 0.5 0.8125 0.5 0.833333313 0.5 0.875 0.5 0.875 0.5 0.833333313 0.5 0.895833373 0.5 0.916666687 0.5 0.916666687 0.5 0.895833373 0.5 0.916666687 0.5 0.958333313 0.5 0.958333313 0.5 0.916666687 0.5 0.958333313 0.5 0.99999994 0.5 0.99999994 0.5 0.958333313 0.5 -5.96046448e-08 0.5 0.0416666567 0.5 0.0416666567 0.5 -5.96046448e-08 0.5 0.0416666567 0.5 0.0833333135 0.5 0.0833333135 0.5 0.0416666567 0.5 0.104166642 0.5 0.12499997 0.5 0.12499997 0.5 0.104166642 0.5 0.12499997 0.5 0.166666627 0.5 0.166666627 0.5 0.12499997 0.5 0.875 0.5 0.895833373 0.5 0.895833373 0.5 0.875 0.5 0.0833333135 0.5 0.104166642 0.5 0.104166642 0.5 0.0833333135 0.5 0.166666627 0.5 0.187499955 0.5 0.187499955 0.5 0.166666627 0.5 0.8125 0.5 0.8125 0.5 0.8125 0.5 0.8125 0.5 0.187499955 0.5 0.187499955 0.5 0.187499955 0.5 0.187499955 0.5 0.187499955 1 0.166666627 0 0.12499997 0 0.8125 1 0.958333313 0.5 0.99999994 0 0.166666627 0 0.187499955 1 0.916666687 0.5 0.0416666567 1 0.833333313 0 0.99999994 1 0.0416666567 1 0.0833333135 1 0.875 0 0.833333313 0 0.0833333135 1 0.833333313 0.5 0.875 1 0.875 0 0.12499997 1 0.916666687 0 0.875 1 0.833333313 0.5 0.166666627 1 0.958333313 0 0.916666687 0 0.12499997 1 0.8125 1 0.12499997 0 0.916666687 1 0.875 0.5 0.104166642 1 0.0833333135 0 0.0416666567 0 0.895833373 1 0.895833373 1 0.0416666567 0 0.99999994 0 -5.96046448e-08 1 -5.96046448e-08 1 0.99999994 0 0.958333313 0 0.166666627 1 0.104166642 1 0.875 0.5 0.916666687 1 0.0833333135 0 0.838971257 0 0.919485629 0 1 0 1 0 1 0.265844315 1 0.5 0.838971257 0 1 0 1 0.5 1 0.5 1 0.734155655 1 1 1 1 0.919485629 1 0.838971257 1 1 0.5 1 1 0.838971257 1 0.838971257 1 0.161028728 1 0.0805143639 1 0.0805143639 1 0 1 0 0.734155655 0.838971257 1 0.0805143639 1 0 0.734155655 1 0.5 0.838971257 1 0 0.734155655 1 0.5 0 0.734155655 0 0.5 0.838971257 0 1 0.5 0 0.5 0 0.5 0 0.265844315 0 0 0.838971257 0 0 0.5 0 0 0.838971257 0 0 0 0.0805143639 0 0.838971257 0 0.0805143639 0 0.161028728 0 0 0 0.0805143639 0 0.161028728 0 0.161028728 0 0.838971257 0 0.919485629 0 0.919485629 0 1 0 1 0.265844285 0.161028728 0 0.919485629 0 1 0.265844285 1 0.5 1 0.734155715 1 1 1 1 0.919485629 1 0.838971257 1 1 0.5 1 1 0.838971257 1 0.838971257 1 0.161028728 1 0.0805143639 1 0.0805143639 1 0 1 0 0.734155715 0.838971257 1 0.0805143639 1 0 0.734155715 1 0.5 0.838971257 1 0 0.734155715 1 0.5 0 0.734155715 0 0.5 1 0.265844285 1 0.5 0 0.5 0.161028728 0 1 0.265844285 0 0.5 0 0 0.161028728 0 0 0.5 0 0.265844285 0 0 0 0.5 0.838971257 0 0.838971257 1 0.161028728 1 0.161028728 1 0.161028728 0 0.838971257 0 0.838971257 0 0.838971257 1 0.161028728 1 0.161028728 1 0.161028728 0 0.838971257 0 0.838971257 1 0.838971257 0 0.919485629 0 0.919485629 0 0.919485629 1 0.838971257 1 0.919485629 1 0.919485629 0 1 0 1 0 1 1 0.919485629 1 0.161028728 0 0.161028728 1 0.0805143639 1 0.0805143639 1 0.0805143639 0 0.161028728 0 0.0805143639 0 0.0805143639 1 0 1 0 1 0 0 0.0805143639 0 0.5 1 0.5 0 0.734155655 0 0.734155655 0 0.734155715 1 0.5 1 0.734155715 1 0.734155655 0 1 0 1 0 1 1 0.734155715 1 0.5 0 0.5 1 0.265844285 1 0.265844285 1 0.265844315 0 0.5 0 0.265844315 0 0.265844285 1 0 1 0 1 0 0 0.265844315 0 0.838971257 1 0.838971257 0 0.919485629 0 0.919485629 0 0.919485629 1 0.838971257 1 0.919485629 1 0.919485629 0 1 0 1 0 1 1 0.919485629 1 0.161028728 0 0.161028728 1 0.0805143639 1 0.0805143639 1 0.0805143639 0 0.161028728 0 0.0805143639 0 0.0805143639 1 0 1 0 1 0 0 0.0805143639 0 0.5 1 0.5 0 0.734155655 0 0.734155655 0 0.734155715 1 0.5 1 0.734155715 1 0.734155655 0 1 0 1 0 1 1 0.734155715 1 0.5 0 0.5 1 0.265844285 1 0.265844285 1 0.265844315 0 0.5 0 0.265844315 0 0.265844285 1 0 1 0 1 0 0 0.265844315 0 </float_array>
          <technique_common>
            <accessor count="1628" offset="0" source="#Box004_1-tex0-array" stride="2">
              <param name="S" type="float" />
              <param name="T" type="float" />
            </accessor>
          </technique_common>
        </source>
        <vertices id="Box004_1-vertices">
          <input semantic="POSITION" source="#Box004_1-positions" />
        </vertices>
        <polylist count="506" material="defaultMaterial">
          <input offset="0" semantic="VERTEX" source="#Box004_1-vertices" />
          <input offset="0" semantic="NORMAL" source="#Box004_1-normals" />
          <input offset="0" semantic="TEXCOORD" source="#Box004_1-tex0" set="0" />
          <vcount>3 3 3 3 3 3 3 3 3 3 3 3 3 3 3 3 3 3 3 3 3 3 3 3 3 3 3 3 3 3 3 3 3 3 3 3 3 3 3 3 3 3 3 3 3 3 3 3 3 3 3 3 3 3 3 3 3 3 3 3 3 3 3 3 3 3 3 3 3 3 3 3 3 3 3 3 3 3 3 3 3 3 3 3 3 3 3 3 3 3 3 3 4 4 4 4 4 4 3 3 3 3 3 3 3 3 3 3 3 3 3 3 3 3 3 3 3 3 3 3 3 3 3 3 3 3 3 3 3 3 3 3 3 3 3 3 3 3 3 3 3 3 3 3 3 3 3 3 3 3 3 3 3 3 3 3 3 3 3 3 3 3 3 3 3 3 3 3 3 3 3 3 3 3 3 3 3 3 3 3 3 3 3 3 3 3 3 3 3 3 3 3 3 3 3 3 3 3 3 3 3 3 3 3 3 3 3 3 3 3 3 3 3 3 3 3 3 3 3 3 3 3 3 3 3 3 3 3 3 3 3 3 3 3 3 3 3 3 3 3 3 3 3 3 3 3 3 3 3 3 3 3 3 3 3 3 3 3 3 3 3 3 3 3 3 3 3 3 3 3 3 3 3 3 3 3 3 3 3 3 3 3 3 3 3 3 3 3 3 3 3 3 3 3 3 3 3 3 3 3 3 3 3 3 3 3 3 3 3 3 3 3 3 3 3 3 3 3 3 3 3 3 3 3 3 3 3 3 3 3 3 3 3 3 4 4 4 4 4 4 4 4 4 4 4 4 4 4 4 4 4 4 4 4 4 4 4 4 4 4 4 4 4 4 4 4 4 4 4 4 4 4 4 4 4 4 4 4 4 4 4 4 4 4 4 4 4 4 4 4 4 4 4 4 4 4 4 4 4 4 4 4 4 4 4 4 4 4 4 4 4 4 4 4 4 4 4 4 4 4 4 4 4 4 4 4 4 4 4 4 4 4 4 4 4 4 4 4 3 3 3 3 3 3 3 3 3 3 3 3 3 3 3 3 3 3 3 3 3 3 3 3 3 3 3 3 3 3 3 3 3 3 3 3 3 3 3 3 3 3 3 3 3 3 3 3 3 3 3 3 3 3 3 3 3 3 3 3 3 3 3 3 3 3 3 3 </vcount>
          <p>0 1 2 3 4 5 6 7 8 9 10 11 12 13 14 15 16 17 18 19 20 21 22 23 24 25 26 27 28 29 30 31 32 33 34 35 36 37 38 39 40 41 42 43 44 45 46 47 48 49 50 51 52 53 54 55 56 57 58 59 60 61 62 63 64 65 66 67 68 69 70 71 72 73 74 75 76 77 78 79 80 81 82 83 84 85 86 87 88 89 90 91 92 93 94 95 96 97 98 99 100 101 102 103 104 105 106 107 108 109 110 111 112 113 114 115 116 117 118 119 120 121 122 123 124 125 126 127 128 129 130 131 132 133 134 135 136 137 138 139 140 141 142 143 144 145 146 147 148 149 150 151 152 153 154 155 156 157 158 159 160 161 162 163 164 165 166 167 168 169 170 171 172 173 174 175 176 177 178 179 180 181 182 183 184 185 186 187 188 189 190 191 192 193 194 195 196 197 198 199 200 201 202 203 204 205 206 207 208 209 210 211 212 213 214 215 216 217 218 219 220 221 222 223 224 225 226 227 228 229 230 231 232 233 234 235 236 237 238 239 240 241 242 243 244 245 246 247 248 249 250 251 252 253 254 255 256 257 258 259 260 261 262 263 264 265 266 267 268 269 270 271 272 273 274 275 276 277 278 279 280 281 282 283 284 285 286 287 288 289 290 291 292 293 294 295 296 297 298 299 300 301 302 303 304 305 306 307 308 309 310 311 312 313 314 315 316 317 318 319 320 321 322 323 324 325 326 327 328 329 330 331 332 333 334 335 336 337 338 339 340 341 342 343 344 345 346 347 348 349 350 351 352 353 354 355 356 357 358 359 360 361 362 363 364 365 366 367 368 369 370 371 372 373 374 375 376 377 378 379 380 381 382 383 384 385 386 387 388 389 390 391 392 393 394 395 396 397 398 399 400 401 402 403 404 405 406 407 408 409 410 411 412 413 414 415 416 417 418 419 420 421 422 423 424 425 426 427 428 429 430 431 432 433 434 435 436 437 438 439 440 441 442 443 444 445 446 447 448 449 450 451 452 453 454 455 456 457 458 459 460 461 462 463 464 465 466 467 468 469 470 471 472 473 474 475 476 477 478 479 480 481 482 483 484 485 486 487 488 489 490 491 492 493 494 495 496 497 498 499 500 501 502 503 504 505 506 507 508 509 510 511 512 513 514 515 516 517 518 519 520 521 522 523 524 525 526 527 528 529 530 531 532 533 534 535 536 537 538 539 540 541 542 543 544 545 546 547 548 549 550 551 552 553 554 555 556 557 558 559 560 561 562 563 564 565 566 567 568 569 570 571 572 573 574 575 576 577 578 579 580 581 582 583 584 585 586 587 588 589 590 591 592 593 594 595 596 597 598 599 600 601 602 603 604 605 606 607 608 609 610 611 612 613 614 615 616 617 618 619 620 621 622 623 624 625 626 627 628 629 630 631 632 633 634 635 636 637 638 639 640 641 642 643 644 645 646 647 648 649 650 651 652 653 654 655 656 657 658 659 660 661 662 663 664 665 666 667 668 669 670 671 672 673 674 675 676 677 678 679 680 681 682 683 684 685 686 687 688 689 690 691 692 693 694 695 696 697 698 699 700 701 702 703 704 705 706 707 708 709 710 711 712 713 714 715 716 717 718 719 720 721 722 723 724 725 726 727 728 729 730 731 732 733 734 735 736 737 738 739 740 741 742 743 744 745 746 747 748 749 750 751 752 753 754 755 756 757 758 759 760 761 762 763 764 765 766 767 768 769 770 771 772 773 774 775 776 777 778 779 780 781 782 783 784 785 786 787 788 789 790 791 792 793 794 795 796 797 798 799 800 801 802 803 804 805 806 807 808 809 810 811 812 813 814 815 816 817 818 819 820 821 822 823 824 825 826 827 828 829 830 831 832 833 834 835 836 837 838 839 840 841 842 843 844 845 846 847 848 849 850 851 852 853 854 855 856 857 858 859 860 861 862 863 864 865 866 867 868 869 870 871 872 873 874 875 876 877 878 879 880 881 882 883 884 885 886 887 888 889 890 891 892 893 894 895 896 897 898 899 900 901 902 903 904 905 906 907 908 909 910 911 912 913 914 915 916 917 918 919 920 921 922 923 924 925 926 927 928 929 930 931 932 933 934 935 936 937 938 939 940 941 942 943 944 945 946 947 948 949 950 951 952 953 954 955 956 957 958 959 960 961 962 963 964 965 966 967 968 969 970 971 972 973 974 975 976 977 978 979 980 981 982 983 984 985 986 987 988 989 990 991 992 993 994 995 996 997 998 999 1000 1001 1002 1003 1004 1005 1006 1007 1008 1009 1010 1011 1012 1013 1014 1015 1016 1017 1018 1019 1020 1021 1022 1023 1024 1025 1026 1027 1028 1029 1030 1031 1032 1033 1034 1035 1036 1037 1038 1039 1040 1041 1042 1043 1044 1045 1046 1047 1048 1049 1050 1051 1052 1053 1054 1055 1056 1057 1058 1059 1060 1061 1062 1063 1064 1065 1066 1067 1068 1069 1070 1071 1072 1073 1074 1075 1076 1077 1078 1079 1080 1081 1082 1083 1084 1085 1086 1087 1088 1089 1090 1091 1092 1093 1094 1095 1096 1097 1098 1099 1100 1101 1102 1103 1104 1105 1106 1107 1108 1109 1110 1111 1112 1113 1114 1115 1116 1117 1118 1119 1120 1121 1122 1123 1124 1125 1126 1127 1128 1129 1130 1131 1132 1133 1134 1135 1136 1137 1138 1139 1140 1141 1142 1143 1144 1145 1146 1147 1148 1149 1150 1151 1152 1153 1154 1155 1156 1157 1158 1159 1160 1161 1162 1163 1164 1165 1166 1167 1168 1169 1170 1171 1172 1173 1174 1175 1176 1177 1178 1179 1180 1181 1182 1183 1184 1185 1186 1187 1188 1189 1190 1191 1192 1193 1194 1195 1196 1197 1198 1199 1200 1201 1202 1203 1204 1205 1206 1207 1208 1209 1210 1211 1212 1213 1214 1215 1216 1217 1218 1219 1220 1221 1222 1223 1224 1225 1226 1227 1228 1229 1230 1231 1232 1233 1234 1235 1236 1237 1238 1239 1240 1241 1242 1243 1244 1245 1246 1247 1248 1249 1250 1251 1252 1253 1254 1255 1256 1257 1258 1259 1260 1261 1262 1263 1264 1265 1266 1267 1268 1269 1270 1271 1272 1273 1274 1275 1276 1277 1278 1279 1280 1281 1282 1283 1284 1285 1286 1287 1288 1289 1290 1291 1292 1293 1294 1295 1296 1297 1298 1299 1300 1301 1302 1303 1304 1305 1306 1307 1308 1309 1310 1311 1312 1313 1314 1315 1316 1317 1318 1319 1320 1321 1322 1323 1324 1325 1326 1327 1328 1329 1330 1331 1332 1333 1334 1335 1336 1337 1338 1339 1340 1341 1342 1343 1344 1345 1346 1347 1348 1349 1350 1351 1352 1353 1354 1355 1356 1357 1358 1359 1360 1361 1362 1363 1364 1365 1366 1367 1368 1369 1370 1371 1372 1373 1374 1375 1376 1377 1378 1379 1380 1381 1382 1383 1384 1385 1386 1387 1388 1389 1390 1391 1392 1393 1394 1395 1396 1397 1398 1399 1400 1401 1402 1403 1404 1405 1406 1407 1408 1409 1410 1411 1412 1413 1414 1415 1416 1417 1418 1419 1420 1421 1422 1423 1424 1425 1426 1427 1428 1429 1430 1431 1432 1433 1434 1435 1436 1437 1438 1439 1440 1441 1442 1443 1444 1445 1446 1447 1448 1449 1450 1451 1452 1453 1454 1455 1456 1457 1458 1459 1460 1461 1462 1463 1464 1465 1466 1467 1468 1469 1470 1471 1472 1473 1474 1475 1476 1477 1478 1479 1480 1481 1482 1483 1484 1485 1486 1487 1488 1489 1490 1491 1492 1493 1494 1495 1496 1497 1498 1499 1500 1501 1502 1503 1504 1505 1506 1507 1508 1509 1510 1511 1512 1513 1514 1515 1516 1517 1518 1519 1520 1521 1522 1523 1524 1525 1526 1527 1528 1529 1530 1531 1532 1533 1534 1535 1536 1537 1538 1539 1540 1541 1542 1543 1544 1545 1546 1547 1548 1549 1550 1551 1552 1553 1554 1555 1556 1557 1558 1559 1560 1561 1562 1563 1564 1565 1566 1567 1568 1569 1570 1571 1572 1573 1574 1575 1576 1577 1578 1579 1580 1581 1582 1583 1584 1585 1586 1587 1588 1589 1590 1591 1592 1593 1594 1595 1596 1597 1598 1599 1600 1601 1602 1603 1604 1605 1606 1607 1608 1609 1610 1611 1612 1613 1614 1615 1616 1617 1618 1619 1620 1621 1622 1623 1624 1625 1626 1627 </p>
        </polylist>
      </mesh>
    </geometry>
  </library_geometries>
  <library_controllers>
  </library_controllers>
  <library_visual_scenes>
    <visual_scene id="RootNode" name="RootNode">
      <node id="Mesh.002" name="Mesh.002" type="NODE">
        <matrix sid="matrix">1 0 0 0 0 1 0 0 0 0 1 0 0 0 0 1</matrix>
        <instance_geometry url="#Mesh.002_1">
          <bind_material>
            <technique_common>
              <instance_material symbol="defaultMaterial" target="#Material-YVFb1q__2_.034">
              </instance_material>
            </technique_common>
          </bind_material>
        </instance_geometry>
      </node>
      <node id="Mesh" name="Mesh" type="NODE">
        <matrix sid="matrix">1 0 0 0 0 1 0 0 0 0 1 0 0 0 0 1</matrix>
        <instance_geometry url="#Mesh_1">
          <bind_material>
            <technique_common>
              <instance_material symbol="defaultMaterial" target="#Material-YVFb1q__1_.016">
              </instance_material>
            </technique_common>
          </bind_material>
        </instance_geometry>
      </node>
      <node id="Box004" name="Box004" type="NODE">
        <matrix sid="matrix">1 0 0 0 0 1 0 0 0 0 1 0 0 0 0 1</matrix>
        <instance_geometry url="#Box004_1">
          <bind_material>
            <technique_common>
              <instance_material symbol="defaultMaterial" target="#Material-YVFb1q__2_.040">
                <bind_vertex_input semantic="CHANNEL0" input_semantic="TEXCOORD" input_set="0"/>
              </instance_material>
            </technique_common>
          </bind_material>
        </instance_geometry>
      </node>
    </visual_scene>
  </library_visual_scenes>
  <scene>
    <instance_visual_scene url="#RootNode" />
  </scene>
</COLLADA>
