<?xml version="1.0" encoding="UTF-8" standalone="no" ?>
<COLLADA xmlns="http://www.collada.org/2005/11/COLLADASchema" version="1.4.1">
  <asset>
    <contributor>
      <author>Assimp</author>
      <authoring_tool>FBX SDK/FBX Plugins version 2020.3.2</authoring_tool>
    </contributor>
    <created>2026-05-28T19:27:50</created>
    <modified>2026-05-28T19:27:50</modified>
    <unit name="meter" meter="1" />
    <up_axis>Z_UP</up_axis>
  </asset>
  <library_images>
  </library_images>
  <library_effects>
    <effect id="Material-YVFb1q.001-fx" name="Material-塑胶.001">
      <profile_COMMON>
        <technique sid="standard">
          <phong>
            <emission>
              <color sid="emission">0   0   0   1</color>
            </emission>
            <ambient>
              <color sid="ambient">0.588235021   0.588235021   0.588235021   1</color>
            </ambient>
            <diffuse>
              <color sid="diffuse">0.588235021   0.588235021   0.588235021   1</color>
            </diffuse>
            <specular>
              <color sid="specular">0   0   0   1</color>
            </specular>
            <shininess>
              <float sid="shininess">1024</float>
            </shininess>
          </phong>
        </technique>
      </profile_COMMON>
    </effect>
    <effect id="Material-YVFb1q-fx" name="Material-塑胶">
      <profile_COMMON>
        <technique sid="standard">
          <phong>
            <emission>
              <color sid="emission">0   0   0   1</color>
            </emission>
            <ambient>
              <color sid="ambient">0.588235021   0.588235021   0.588235021   1</color>
            </ambient>
            <diffuse>
              <color sid="diffuse">0.588235021   0.588235021   0.588235021   1</color>
            </diffuse>
            <specular>
              <color sid="specular">0   0   0   1</color>
            </specular>
            <shininess>
              <float sid="shininess">1024</float>
            </shininess>
          </phong>
        </technique>
      </profile_COMMON>
    </effect>
  </library_effects>
  <library_materials>
    <material id="Material-YVFb1q.001" name="Material-塑胶.001">
      <instance_effect url="#Material-YVFb1q.001-fx"/>
    </material>
    <material id="Material-YVFb1q" name="Material-塑胶">
      <instance_effect url="#Material-YVFb1q-fx"/>
    </material>
  </library_materials>
  <library_geometries>
    <geometry id="_1_1" name="1" >
      <mesh>
        <source id="_1_1-positions" name="_1_1-positions">
          <float_array id="_1_1-positions-array" count="7920">-0.0279999841 0.0665318295 -0.00199997425 -0.0279999841 0.0620318651 -0.00199997402 -0.00909995567 0.0670318007 -0.00199997425 -0.00909995567 0.0670318007 -0.00199997425 -0.0274999645 0.0670318007 -0.00199997425 -0.0279999841 0.0665318295 -0.00199997425 -0.00909995567 0.0670318007 -0.00199997425 -0.0279999841 0.0620318651 -0.00199997402 -0.0262684748 0.0588888526 -0.00199997402 -0.0262684748 0.0588888526 -0.00199997402 -0.00859999005 0.0660318062 -0.00199997425 -0.00859999005 0.0665318295 -0.00199997425 -0.00859999005 0.0665318295 -0.00199997425 -0.00909995567 0.0670318007 -0.00199997425 -0.0262684748 0.0588888526 -0.00199997402 -0.0115999449 0.0570318587 -0.00924998522 -0.0115999449 0.0509050414 -0.0172888003 -0.0115999449 0.0570318587 -0.0199549105 -0.0113716051 0.0581798516 -0.00810194016 -0.0115999449 0.0570318587 -0.00924998522 -0.0115682352 0.0574668609 -0.0202832799 -0.0113716051 0.0581798516 -0.00810194016 -0.0115682352 0.0574668609 -0.0202832799 -0.0114534358 0.0579578802 -0.0206573606 -0.0113716051 0.0581798516 -0.00810194016 -0.0112640755 0.058411181 -0.0210059807 -0.0107212542 0.0591531284 -0.00712865498 -0.0107212542 0.0591531284 -0.00712865498 -0.011000324 0.05883139 -0.0213320795 -0.010707844 0.0591665506 -0.0215941593 -0.0107212542 0.0591531284 -0.00712865498 -0.010707844 0.0591665506 -0.0215941593 -0.0103383549 0.0594768487 -0.0218384806 -0.0103383549 0.0594768487 -0.0218384806 -0.00974803511 0.0598034784 -0.00647830917 -0.0107212542 0.0591531284 -0.00712865498 -0.00954031851 0.00903678034 -0.00635081483 -0.00968694501 0.00892406795 -0.00633990718 -0.0101450635 0.00962066744 -0.00646346761 -0.0101450635 0.00962066744 -0.00646346761 -0.00993502047 0.00973615143 -0.00646966649 -0.00954031851 0.00903678034 -0.00635081483 -0.00916618016 0.00860062335 -0.00627887202 -0.00925397687 0.00848978851 -0.00626516296 -0.00968694501 0.00892406795 -0.00633990718 -0.00968694501 0.00892406795 -0.00633990718 -0.00954031851 0.00903678034 -0.00635081483 -0.00916618016 0.00860062335 -0.00627887202 -0.00883614924 0.00839018915 -0.00624477817 -0.00887268595 0.00828027818 -0.0062297578 -0.00925397687 0.00848978851 -0.00626516296 -0.00925397687 0.00848978851 -0.00626516296 -0.00916618016 0.00860062335 -0.00627887202 -0.00883614924 0.00839018915 -0.00624477817 -0.00861379318 0.00834673736 -0.00623774435 -0.00861591008 0.00823706388 -0.00622248603 -0.00887268595 0.00828027818 -0.0062297578 -0.00887268595 0.00828027818 -0.0062297578 -0.00883614924 0.00839018915 -0.00624477817 -0.00861379318 0.00834673736 -0.00623774435 -0.0104486886 0.0110001508 -0.00669461396 -0.00993502047 0.00973615143 -0.00646966649 -0.0101450635 0.00962066744 -0.00646346761 -0.0101450635 0.00962066744 -0.00646346761 -0.010744689 0.0108802905 -0.00669765379 -0.0104486886 0.0110001508 -0.00669461396 -0.0112286191 0.012196661 -0.006956934 -0.0108596589 0.012320281 -0.006943285 -0.0104486886 0.0110001508 -0.00669461396 -0.0104486886 0.0110001508 -0.00669461396 -0.010744689 0.0108802905 -0.00669765379 -0.0112286191 0.012196661 -0.006956934 -0.0116751092 0.0136654312 -0.00726306392 -0.0112345191 0.0137922112 -0.00723630097 -0.0108596589 0.012320281 -0.006943285 -0.0108596589 0.012320281 -0.006943285 -0.0112286191 0.012196661 -0.006956934 -0.0116751092 0.0136654312 -0.00726306392 -0.0120867388 0.0152705908 -0.00761693716 -0.0115748588 0.015399511 -0.00757420016 -0.0112345191 0.0137922112 -0.00723630097 -0.0112345191 0.0137922112 -0.00723630097 -0.0116751092 0.0136654312 -0.00726306392 -0.0120867388 0.0152705908 -0.00761693716 -0.0124621885 0.0169998426 -0.00801974535 -0.0118785482 0.0171294212 -0.00795781612 -0.0115748588 0.015399511 -0.00757420016 -0.0115748588 0.015399511 -0.00757420016 -0.0120867388 0.0152705908 -0.00761693716 -0.0124621885 0.0169998426 -0.00801974535 -0.0127975279 0.0188433509 -0.00847262144 -0.012141278 0.0189718027 -0.0083878627 -0.0118785482 0.0171294212 -0.00795781612 -0.0118785482 0.0171294212 -0.00795781612 -0.0124621885 0.0169998426 -0.00801974535 -0.0127975279 0.0188433509 -0.00847262144 -0.0127975279 0.0188433509 -0.00847262144 -0.0132393185 0.0220496617 -0.00931477454 -0.0124630881 0.0221707225 -0.00918346643 -0.0124630881 0.0221707225 -0.00918346643 -0.012141278 0.0189718027 -0.0083878627 -0.0127975279 0.0188433509 -0.00847262144 -0.0135081382 0.0252340417 -0.0102155199 -0.0126175778 0.0253396016 -0.0100277001 -0.0124630881 0.0221707225 -0.00918346643 -0.0124630881 0.0221707225 -0.00918346643 -0.0132393185 0.0220496617 -0.00931477454 -0.0135081382 0.0252340417 -0.0102155199 -0.0135957804 0.0283866636 -0.0111677097 -0.0125999972 0.0284460727 -0.0109041296 -0.0126175778 0.0253396016 -0.0100277001 -0.0126175778 0.0253396016 -0.0100277001 -0.0135081382 0.0252340417 -0.0102155199 -0.0135957804 0.0283866636 -0.0111677097 -0.00883614924 0.00839018915 -0.00624477817 -0.00879972987 0.00850087497 -0.00625300407 -0.00861161761 0.00845712516 -0.0062469542 -0.00861161761 0.00845712516 -0.0062469542 -0.00861379318 0.00834673736 -0.00623774435 -0.00883614924 0.00839018915 -0.00624477817 -0.00916618016 0.00860062335 -0.00627887202 -0.00907882955 0.00871259067 -0.00628253818 -0.00879972987 0.00850087497 -0.00625300407 -0.00879972987 0.00850087497 -0.00625300407 -0.00883614924 0.00839018915 -0.00624477817 -0.00916618016 0.00860062335 -0.00627887202 -0.00954031851 0.00903678034 -0.00635081483 -0.00939494185 0.00915145874 -0.00634473516 -0.00907882955 0.00871259067 -0.00628253818 -0.00907882955 0.00871259067 -0.00628253818 -0.00916618016 0.00860062335 -0.00627887202 -0.00954031851 0.00903678034 -0.00635081483 -0.00993502047 0.00973615143 -0.00646966649 -0.00972801354 0.00985506177 -0.00644743396 -0.00939494185 0.00915145874 -0.00634473516 -0.00939494185 0.00915145874 -0.00634473516 -0.00954031851 0.00903678034 -0.00635081483 -0.00993502047 0.00973615143 -0.00646966649 -0.0104486886 0.0110001508 -0.00669461396 -0.010160259 0.0111265713 -0.00664162589 -0.00972801354 0.00985506177 -0.00644743396 -0.00972801354 0.00985506177 -0.00644743396 -0.00993502047 0.00973615143 -0.00646966649 -0.0104486886 0.0110001508 -0.00669461396 -0.010160259 0.0111265713 -0.00664162589 -0.00988680031 0.0112563306 -0.0065399399 -0.00952702668 0.00997573044 -0.00639712717 -0.00952702668 0.00997573044 -0.00639712717 -0.00972801354 0.00985506177 -0.00644743396 -0.010160259 0.0111265713 -0.00664162589 -0.0108596589 0.012320281 -0.006943285 -0.0105047189 0.0124542713 -0.00685590506 -0.010160259 0.0111265713 -0.00664162589 -0.010160259 0.0111265713 -0.00664162589 -0.0104486886 0.0110001508 -0.00669461396 -0.0108596589 0.012320281 -0.006943285 -0.0112345191 0.0137922112 -0.00723630097 -0.0108171692 0.0139343711 -0.00710785296 -0.0105047189 0.0124542713 -0.00685590506 -0.0105047189 0.0124542713 -0.00685590506 -0.0108596589 0.012320281 -0.006943285 -0.0112345191 0.0137922112 -0.00723630097 -0.0115748588 0.015399511 -0.00757420016 -0.0110987993 0.0155503107 -0.00739771081 -0.0108171692 0.0139343711 -0.00710785296 -0.0108171692 0.0139343711 -0.00710785296 -0.0112345191 0.0137922112 -0.00723630097 -0.0115748588 0.015399511 -0.00757420016 -0.0118785482 0.0171294212 -0.00795781612 -0.0113475882 0.0172893424 -0.00772589399 -0.0110987993 0.0155503107 -0.00739771081 -0.0110987993 0.0155503107 -0.00739771081 -0.0115748588 0.015399511 -0.00757420016 -0.0118785482 0.0171294212 -0.00795781612 -0.012141278 0.0189718027 -0.0083878627 -0.0115595981 0.0191410724 -0.00809246302 -0.0113475882 0.0172893424 -0.00772589399 -0.0113475882 0.0172893424 -0.00772589399 -0.0118785482 0.0171294212 -0.00795781612 -0.012141278 0.0189718027 -0.0083878627 -0.0124630881 0.0221707225 -0.00918346643 -0.0118099982 0.0223560911 -0.00876688864 -0.0115595981 0.0191410724 -0.00809246302 -0.0115595981 0.0191410724 -0.00809246302 -0.012141278 0.0189718027 -0.0083878627 -0.0124630881 0.0221707225 -0.00918346643 -0.0126175778 0.0253396016 -0.0100277001 -0.0119139478 0.0255408213 -0.00947648194 -0.0118099982 0.0223560911 -0.00876688864 -0.0118099982 0.0223560911 -0.00876688864 -0.0124630881 0.0221707225 -0.00918346643 -0.0126175778 0.0253396016 -0.0100277001 -0.0125999972 0.0284460727 -0.0109041296 -0.0118679376 0.0286630914 -0.0102050304 -0.0119139478 0.0255408213 -0.00947648194 -0.0119139478 0.0255408213 -0.00947648194 -0.0126175778 0.0253396016 -0.0100277001 -0.0125999972 0.0284460727 -0.0109041296 -0.00879972987 0.00850087497 -0.00625300407 -0.00876361039 0.0086119175 -0.00625443412 -0.00860953238 0.00856786966 -0.00624999311 -0.00860953238 0.00856786966 -0.00624999311 -0.00861161761 0.00845712516 -0.0062469542 -0.00879972987 0.00850087497 -0.00625300407 -0.00907882955 0.00871259067 -0.00628253818 -0.00899237301 0.00882515404 -0.00627607061 -0.00876361039 0.0086119175 -0.00625443412 -0.00876361039 0.0086119175 -0.00625443412 -0.00879972987 0.00850087497 -0.00625300407 -0.00907882955 0.00871259067 -0.00628253818 -0.00939494185 0.00915145874 -0.00634473516 -0.00925212912 0.00926715229 -0.00632172823 -0.00899237301 0.00882515404 -0.00627607061 -0.00899237301 0.00882515404 -0.00627607061 -0.00907882955 0.00871259067 -0.00628253818 -0.00939494185 0.00915145874 -0.00634473516 -0.00972801354 0.00985506177 -0.00644743396 -0.00952702668 0.00997573044 -0.00639712717 -0.00925212912 0.00926715229 -0.00632172823 -0.00925212912 0.00926715229 -0.00632172823 -0.00939494185 0.00915145874 -0.00634473516 -0.00972801354 0.00985506177 -0.00644743396 -0.0105047189 0.0124542713 -0.00685590506 -0.0101771895 0.0125935012 -0.00669801189 -0.00988680031 0.0112563306 -0.0065399399 -0.00988680031 0.0112563306 -0.0065399399 -0.010160259 0.0111265713 -0.00664162589 -0.0105047189 0.0124542713 -0.00685590506 -0.0108171692 0.0139343711 -0.00710785296 -0.010445049 0.0140844509 -0.00688445522 -0.0101771895 0.0125935012 -0.00669801189 -0.0101771895 0.0125935012 -0.00669801189 -0.0105047189 0.0124542713 -0.00685590506 -0.0108171692 0.0139343711 -0.00710785296 -0.0110987993 0.0155503107 -0.00739771081 -0.0106920488 0.0157125518 -0.0070998068 -0.010445049 0.0140844509 -0.00688445522 -0.010445049 0.0140844509 -0.00688445522 -0.0108171692 0.0139343711 -0.00710785296 -0.0110987993 0.0155503107 -0.00739771081 -0.0113475882 0.0172893424 -0.00772589399 -0.0109172985 0.0174651127 -0.00734472182 -0.0106920488 0.0157125518 -0.0070998068 -0.0106920488 0.0157125518 -0.0070998068 -0.0110987993 0.0155503107 -0.00739771081 -0.0113475882 0.0172893424 -0.00772589399 -0.0115595981 0.0191410724 -0.00809246302 -0.0111185284 0.0193321723 -0.00761991693 -0.0109172985 0.0174651127 -0.00734472182 -0.0109172985 0.0174651127 -0.00734472182 -0.0113475882 0.0172893424 -0.00772589399 -0.0115595981 0.0191410724 -0.00809246302 -0.0118099982 0.0223560911 -0.00876688864 -0.0113835884 0.0225764513 -0.00813126471 -0.0111185284 0.0193321723 -0.00761991693 -0.0111185284 0.0193321723 -0.00761991693 -0.0115595981 0.0191410724 -0.00809246302 -0.0118099982 0.0223560911 -0.00876688864 -0.0119139478 0.0255408213 -0.00947648194 -0.0115448786 0.0257954523 -0.00867754221 -0.0113835884 0.0225764513 -0.00813126471 -0.0113835884 0.0225764513 -0.00813126471 -0.0118099982 0.0223560911 -0.00876688864 -0.0119139478 0.0255408213 -0.00947648194 -0.0118679376 0.0286630914 -0.0102050304 -0.0115999468 0.0289595723 -0.00924998522 -0.0115448786 0.0257954523 -0.00867754221 -0.0115448786 0.0257954523 -0.00867754221 -0.0119139478 0.0255408213 -0.00947648194 -0.0118679376 0.0286630914 -0.0102050304 -0.0135957804 0.0283866636 -0.0111677097 -0.0135999871 0.0319498703 -0.0123075796 -0.0125999376 0.0320338607 -0.0120531302 -0.0125999376 0.0320338607 -0.0120531302 -0.0125999972 0.0284460727 -0.0109041296 -0.0135957804 0.0283866636 -0.0111677097 -0.0125999376 0.0320338607 -0.0120531302 -0.0118679376 0.0322631486 -0.0113578998 -0.0118679376 0.0286630914 -0.0102050304 -0.0118679376 0.0286630914 -0.0102050304 -0.0125999972 0.0284460727 -0.0109041296 -0.0125999376 0.0320338607 -0.0120531302 -0.0118679376 0.0322631486 -0.0113578998 -0.0115999468 0.0325764418 -0.0104082804 -0.0115999468 0.0289595723 -0.00924998522 -0.0115999468 0.0289595723 -0.00924998522 -0.0118679376 0.0286630914 -0.0102050304 -0.0118679376 0.0322631486 -0.0113578998 -0.0135999862 0.0379778706 -0.0143898698 -0.0125999367 0.038068831 -0.0141378604 -0.0125999376 0.0320338607 -0.0120531302 -0.0125999376 0.0320338607 -0.0120531302 -0.0135999871 0.0319498703 -0.0123075796 -0.0135999862 0.0379778706 -0.0143898698 -0.0125999367 0.038068831 -0.0141378604 -0.0135999862 0.0379778706 -0.0143898698 -0.0135999862 0.0440450907 -0.0166683104 -0.0135999862 0.0440450907 -0.0166683104 -0.0125999963 0.0441424809 -0.0164186899 -0.0125999367 0.038068831 -0.0141378604 -0.0135999862 0.0440450907 -0.0166683104 -0.0135999853 0.0501196906 -0.0191281997 -0.0125999954 0.0502345487 -0.0188858509 -0.0125999954 0.0502345487 -0.0188858509 -0.0125999963 0.0441424809 -0.0164186899 -0.0135999862 0.0440450907 -0.0166683104 -0.0135999853 0.0501196906 -0.0191281997 -0.021245826 0.0502117574 -0.0191669092 -0.0135999853 0.0501308404 -0.0191329103 -0.0135999853 0.0501308404 -0.0191329103 -0.0125999954 0.0502345487 -0.0188858509 -0.0135999853 0.0501196906 -0.0191281997 -0.0135999853 0.0562096201 -0.0217780992 -0.0125999954 0.0563197695 -0.0215338394 -0.0125999954 0.0502345487 -0.0188858509 -0.0125999954 0.0502345487 -0.0188858509 -0.0135999853 0.0501308404 -0.0191329103 -0.0135999853 0.0562096201 -0.0217780992 -0.0125999367 0.038068831 -0.0141378604 -0.0118679367 0.0383171402 -0.0134491902 -0.0118679376 0.0322631486 -0.0113578998 -0.0118679376 0.0322631486 -0.0113578998 -0.0125999376 0.0320338607 -0.0120531302 -0.0125999367 0.038068831 -0.0141378604 -0.0125999963 0.0441424809 -0.0164186899 -0.0118679367 0.0444086082 -0.0157366898 -0.0118679367 0.0383171402 -0.0134491902 -0.0118679367 0.0383171402 -0.0134491902 -0.0125999367 0.038068831 -0.0141378604 -0.0125999963 0.0441424809 -0.0164186899 -0.0125999954 0.0502345487 -0.0188858509 -0.0118679358 0.0505179688 -0.0182108805 -0.0118679367 0.0444086082 -0.0157366898 -0.0118679367 0.0444086082 -0.0157366898 -0.0125999963 0.0441424809 -0.0164186899 -0.0125999954 0.0502345487 -0.0188858509 -0.0125999954 0.0563197695 -0.0215338394 -0.0118679358 0.0566207096 -0.0208665095 -0.0118679358 0.0505179688 -0.0182108805 -0.0118679358 0.0505179688 -0.0182108805 -0.0125999954 0.0502345487 -0.0188858509 -0.0125999954 0.0563197695 -0.0215338394 -0.0118679367 0.0383171402 -0.0134491902 -0.0115999458 0.0386564694 -0.0125085097 -0.0115999468 0.0325764418 -0.0104082804 -0.0115999468 0.0325764418 -0.0104082804 -0.0118679376 0.0322631486 -0.0113578998 -0.0118679367 0.0383171402 -0.0134491902 -0.0118679367 0.0444086082 -0.0157366898 -0.0115999458 0.0447721407 -0.0148051297 -0.0115999458 0.0386564694 -0.0125085097 -0.0115999458 0.0386564694 -0.0125085097 -0.0118679367 0.0383171402 -0.0134491902 -0.0118679367 0.0444086082 -0.0157366898 -0.0118679358 0.0505179688 -0.0182108805 -0.0115999449 0.0509050414 -0.0172888003 -0.0115999458 0.0447721407 -0.0148051297 -0.0115999458 0.0447721407 -0.0148051297 -0.0118679367 0.0444086082 -0.0157366898 -0.0118679358 0.0505179688 -0.0182108805 -0.0118679358 0.0566207096 -0.0208665095 -0.0115999449 0.0570318587 -0.0199549105 -0.0115999449 0.0509050414 -0.0172888003 -0.0115999449 0.0509050414 -0.0172888003 -0.0118679358 0.0505179688 -0.0182108805 -0.0118679358 0.0566207096 -0.0208665095 -0.013547115 0.0569288097 -0.0221037809 -0.0125904549 0.0569154583 -0.0218249504 -0.0125999954 0.0563197695 -0.0215338394 -0.0125999954 0.0563197695 -0.0215338394 -0.0135999853 0.0562096201 -0.0217780992 -0.013547115 0.0569288097 -0.0221037809 -0.0125904549 0.0569154583 -0.0218249504 -0.0118713258 0.0571109615 -0.0211634003 -0.0118679358 0.0566207096 -0.0208665095 -0.0118679358 0.0566207096 -0.0208665095 -0.0125999954 0.0563197695 -0.0215338394 -0.0125904549 0.0569154583 -0.0218249504 -0.0118713258 0.0571109615 -0.0211634003 -0.0115682352 0.0574668609 -0.0202832799 -0.0115999449 0.0570318587 -0.0199549105 -0.0115999449 0.0570318587 -0.0199549105 -0.0118679358 0.0566207096 -0.0208665095 -0.0118713258 0.0571109615 -0.0211634003 -0.013355785 0.0577403903 -0.0224747602 -0.0124690449 0.0575972684 -0.0221598092 -0.0125904549 0.0569154583 -0.0218249504 -0.0125904549 0.0569154583 -0.0218249504 -0.013547115 0.0569288097 -0.0221037809 -0.013355785 0.0577403903 -0.0224747602 -0.0130401151 0.0584895015 -0.0228204709 -0.0122385556 0.0582348704 -0.0224745199 -0.0124690449 0.0575972684 -0.0221598092 -0.0124690449 0.0575972684 -0.0221598092 -0.013355785 0.0577403903 -0.0224747602 -0.0130401151 0.0584895015 -0.0228204709 -0.0126005346 0.0591838919 -0.0231437609 -0.0118988641 0.0588321611 -0.0227709394 -0.0122385556 0.0582348704 -0.0224745199 -0.0122385556 0.0582348704 -0.0224745199 -0.0130401151 0.0584895015 -0.0228204709 -0.0126005346 0.0591838919 -0.0231437609 -0.0121130245 0.0597376786 -0.0234036408 -0.0115104849 0.0593125187 -0.0230104905 -0.0118988641 0.0588321611 -0.0227709394 -0.0118988641 0.0588321611 -0.0227709394 -0.0126005346 0.0591838919 -0.0231437609 -0.0121130245 0.0597376786 -0.0234036408 -0.0114972442 0.0602502786 -0.0236458108 -0.0110102743 0.0597601496 -0.0232346598 -0.0115104849 0.0593125187 -0.0230104905 -0.0115104849 0.0593125187 -0.0230104905 -0.0121130245 0.0597376786 -0.0234036408 -0.0114972442 0.0602502786 -0.0236458108 -0.0108606145 0.0606316291 -0.0238269493 -0.0104861744 0.0600948893 -0.0234029796 -0.0110102743 0.0597601496 -0.0232346598 -0.0110102743 0.0597601496 -0.0232346598 -0.0114972442 0.0602502786 -0.0236458108 -0.0108606145 0.0606316291 -0.0238269493 -0.0101362942 0.0609272718 -0.0239680391 -0.00988470949 0.0603554212 -0.0235343501 -0.0104861744 0.0600948893 -0.0234029796 -0.0104861744 0.0600948893 -0.0234029796 -0.0108606145 0.0606316291 -0.0238269493 -0.0101362942 0.0609272718 -0.0239680391 -0.00937091745 0.0611076914 -0.0240544006 -0.00924550835 0.0605148003 -0.0236148797 -0.00988470949 0.0603554212 -0.0235343501 -0.00988470949 0.0603554212 -0.0235343501 -0.0101362942 0.0609272718 -0.0239680391 -0.00937091745 0.0611076914 -0.0240544006 -0.00859999005 0.0611670017 -0.0240828302 -0.00859999005 0.0605672002 -0.0236414 -0.00924550835 0.0605148003 -0.0236148797 -0.00924550835 0.0605148003 -0.0236148797 -0.00937091745 0.0611076914 -0.0240544006 -0.00859999005 0.0611670017 -0.0240828302 -0.0124690449 0.0575972684 -0.0221598092 -0.0117831752 0.0576757118 -0.0215045195 -0.0118713258 0.0571109615 -0.0211634003 -0.0118713258 0.0571109615 -0.0211634003 -0.0125904549 0.0569154583 -0.0218249504 -0.0124690449 0.0575972684 -0.0221598092 -0.0122385556 0.0582348704 -0.0224745199 -0.0116026858 0.0582068488 -0.0218248907 -0.0117831752 0.0576757118 -0.0215045195 -0.0117831752 0.0576757118 -0.0215045195 -0.0124690449 0.0575972684 -0.0221598092 -0.0122385556 0.0582348704 -0.0224745199 -0.0118988641 0.0588321611 -0.0227709394 -0.0113296444 0.0587067604 -0.0221264903 -0.0116026858 0.0582068488 -0.0218248907 -0.0116026858 0.0582068488 -0.0218248907 -0.0122385556 0.0582348704 -0.0224745199 -0.0118988641 0.0588321611 -0.0227709394 -0.0115104849 0.0593125187 -0.0230104905 -0.0110131446 0.0591103993 -0.0223700404 -0.0113296444 0.0587067604 -0.0221264903 -0.0113296444 0.0587067604 -0.0221264903 -0.0118988641 0.0588321611 -0.0227709394 -0.0115104849 0.0593125187 -0.0230104905 -0.0110102743 0.0597601496 -0.0232346598 -0.0106019843 0.0594877005 -0.0225979593 -0.0110131446 0.0591103993 -0.0223700404 -0.0110131446 0.0591103993 -0.0223700404 -0.0115104849 0.0593125187 -0.0230104905 -0.0110102743 0.0597601496 -0.0232346598 -0.0104861744 0.0600948893 -0.0234029796 -0.0101686642 0.0597704612 -0.0227689706 -0.0106019843 0.0594877005 -0.0225979593 -0.0106019843 0.0594877005 -0.0225979593 -0.0110102743 0.0597601496 -0.0232346598 -0.0104861744 0.0600948893 -0.0234029796 -0.00988470949 0.0603554212 -0.0235343501 -0.00966947619 0.0599909984 -0.0229024198 -0.0101686642 0.0597704612 -0.0227689706 -0.0101686642 0.0597704612 -0.0227689706 -0.0104861744 0.0600948893 -0.0234029796 -0.00988470949 0.0603554212 -0.0235343501 -0.00966947619 0.0599909984 -0.0229024198 -0.00988470949 0.0603554212 -0.0235343501 -0.00924550835 0.0605148003 -0.0236148797 -0.00924550835 0.0605148003 -0.0236148797 -0.00913768448 0.0601260588 -0.0229842607 -0.00966947619 0.0599909984 -0.0229024198 -0.00859999005 0.0605672002 -0.0236414 -0.00859999005 0.0601704717 -0.0230111405 -0.00913768448 0.0601260588 -0.0229842607 -0.00913768448 0.0601260588 -0.0229842607 -0.00924550835 0.0605148003 -0.0236148797 -0.00859999005 0.0605672002 -0.0236414 -0.0117831752 0.0576757118 -0.0215045195 -0.0114534358 0.0579578802 -0.0206573606 -0.0115682352 0.0574668609 -0.0202832799 -0.0115682352 0.0574668609 -0.0202832799 -0.0118713258 0.0571109615 -0.0211634003 -0.0117831752 0.0576757118 -0.0215045195 -0.0116026858 0.0582068488 -0.0218248907 -0.0112640755 0.058411181 -0.0210059807 -0.0114534358 0.0579578802 -0.0206573606 -0.0114534358 0.0579578802 -0.0206573606 -0.0117831752 0.0576757118 -0.0215045195 -0.0116026858 0.0582068488 -0.0218248907 -0.0113296444 0.0587067604 -0.0221264903 -0.011000324 0.05883139 -0.0213320795 -0.0112640755 0.058411181 -0.0210059807 -0.0112640755 0.058411181 -0.0210059807 -0.0116026858 0.0582068488 -0.0218248907 -0.0113296444 0.0587067604 -0.0221264903 -0.0110131446 0.0591103993 -0.0223700404 -0.010707844 0.0591665506 -0.0215941593 -0.011000324 0.05883139 -0.0213320795 -0.011000324 0.05883139 -0.0213320795 -0.0113296444 0.0587067604 -0.0221264903 -0.0110131446 0.0591103993 -0.0223700404 -0.0106019843 0.0594877005 -0.0225979593 -0.0103383549 0.0594768487 -0.0218384806 -0.010707844 0.0591665506 -0.0215941593 -0.010707844 0.0591665506 -0.0215941593 -0.0110131446 0.0591103993 -0.0223700404 -0.0106019843 0.0594877005 -0.0225979593 -0.0101686642 0.0597704612 -0.0227689706 -0.00995635334 0.0597077012 -0.0220212899 -0.0103383549 0.0594768487 -0.0218384806 -0.0103383549 0.0594768487 -0.0218384806 -0.0106019843 0.0594877005 -0.0225979593 -0.0101686642 0.0597704612 -0.0227689706 -0.00966947619 0.0599909984 -0.0229024198 -0.00952177681 0.0598866902 -0.0221636798 -0.00995635334 0.0597077012 -0.0220212899 -0.00995635334 0.0597077012 -0.0220212899 -0.0101686642 0.0597704612 -0.0227689706 -0.00966947619 0.0599909984 -0.0229024198 -0.00913768448 0.0601260588 -0.0229842607 -0.00906252209 0.0599959418 -0.0222508293 -0.00952177681 0.0598866902 -0.0221636798 -0.00952177681 0.0598866902 -0.0221636798 -0.00966947619 0.0599909984 -0.0229024198 -0.00913768448 0.0601260588 -0.0229842607 -0.00859999005 0.0601704717 -0.0230111405 -0.00859999005 0.0600318313 -0.0222794991 -0.00906252209 0.0599959418 -0.0222508293 -0.00906252209 0.0599959418 -0.0222508293 -0.00913768448 0.0601260588 -0.0229842607 -0.00859999005 0.0601704717 -0.0230111405 0.0110772708 0.00269359187 -0.00545895379 0.0100269904 -0.00135266792 -0.00510692503 -0.0100269904 -0.00135266606 -0.00510692503 -0.0100269904 -0.00135266606 -0.00510692503 -0.0110772708 0.00269359373 -0.00545895379 0.0110772708 0.00269359187 -0.00545895379 0.0100269904 -0.00135266792 -0.00510692503 0.00881129503 -0.00496810675 -0.00499999523 -0.00881129503 -0.00496810488 -0.00499999523 -0.00881129503 -0.00496810488 -0.00499999523 -0.0100269904 -0.00135266606 -0.00510692503 0.0100269904 -0.00135266792 -0.00510692503 -0.00968694501 0.00892406795 -0.00633990718 -0.00925397687 0.00848978851 -0.00626516296 -0.0119969193 0.00707912492 -0.00603461219 -0.0119969193 0.00707912492 -0.00603461219 -0.0101450635 0.00962066744 -0.00646346761 -0.00968694501 0.00892406795 -0.00633990718 -0.0119969193 0.00707912492 -0.00603461219 -0.00925397687 0.00848978851 -0.00626516296 -0.0110772708 0.00269359373 -0.00545895379 -0.00887268595 0.00828027818 -0.0062297578 -0.00861591008 0.00823706388 -0.00622248603 -0.0110772708 0.00269359373 -0.00545895379 -0.0110772708 0.00269359373 -0.00545895379 -0.00925397687 0.00848978851 -0.00626516296 -0.00887268595 0.00828027818 -0.0062297578 -0.0135999853 0.0562096201 -0.0217780992 -0.0235650111 0.0556388833 -0.0215210095 -0.0230687149 0.0568305254 -0.0220591407 -0.0230687149 0.0568305254 -0.0220591407 -0.013547115 0.0569288097 -0.0221037809 -0.0135999853 0.0562096201 -0.0217780992 -0.0135999871 0.0319498703 -0.0123075796 -0.0135957804 0.0283866636 -0.0111677097 -0.0152941868 0.0287128612 -0.0112678995 -0.0152941868 0.0287128612 -0.0112678995 -0.0159262512 0.0320359655 -0.012320105 -0.0135999871 0.0319498703 -0.0123075796 -0.0159262512 0.0320359655 -0.012320105 -0.0171487872 0.0374744497 -0.0142089697 -0.0135999862 0.0379778706 -0.0143898698 -0.0135999862 0.0379778706 -0.0143898698 -0.0135999871 0.0319498703 -0.0123075796 -0.0159262512 0.0320359655 -0.012320105 -0.0171487872 0.0374744497 -0.0142089697 -0.0193617865 0.0450615212 -0.0170674901 -0.0135999862 0.0440450907 -0.0166683104 -0.0135999862 0.0440450907 -0.0166683104 -0.0135999862 0.0379778706 -0.0143898698 -0.0171487872 0.0374744497 -0.0142089697 -0.0193617865 0.0450615212 -0.0170674901 -0.021245826 0.0502117574 -0.0191669092 -0.0135999853 0.0501196906 -0.0191281997 -0.0135999853 0.0501196906 -0.0191281997 -0.0135999862 0.0440450907 -0.0166683104 -0.0193617865 0.0450615212 -0.0170674901 -0.021245826 0.0502117574 -0.0191669092 -0.0235650111 0.0556388833 -0.0215210095 -0.0135999853 0.0562096201 -0.0217780992 -0.0135999853 0.0562096201 -0.0217780992 -0.0135999853 0.0501308404 -0.0191329103 -0.021245826 0.0502117574 -0.0191669092 -0.0135957804 0.0283866636 -0.0111677097 -0.0135081382 0.0252340417 -0.0102155199 -0.0147363869 0.0252199061 -0.0102334954 -0.0147363869 0.0252199061 -0.0102334954 -0.0152941868 0.0287128612 -0.0112678995 -0.0135957804 0.0283866636 -0.0111677097 -0.0135081382 0.0252340417 -0.0102155199 -0.0132393185 0.0220496617 -0.00931477454 -0.0142412968 0.0219501294 -0.00929726008 -0.0142412968 0.0219501294 -0.00929726008 -0.0147363869 0.0252199061 -0.0102334954 -0.0135081382 0.0252340417 -0.0102155199 -0.013196459 0.0145531809 -0.00745630218 -0.0137830619 0.0187326055 -0.00845036749 -0.0127975279 0.0188433509 -0.00847262144 -0.0127975279 0.0188433509 -0.00847262144 -0.0124621885 0.0169998426 -0.00801974535 -0.013196459 0.0145531809 -0.00745630218 -0.0125958892 0.0105736805 -0.00663936092 -0.013196459 0.0145531809 -0.00745630218 -0.0116751092 0.0136654312 -0.00726306392 -0.0116751092 0.0136654312 -0.00726306392 -0.0112286191 0.012196661 -0.006956934 -0.0125958892 0.0105736805 -0.00663936092 -0.013196459 0.0145531809 -0.00745630218 -0.0124621885 0.0169998426 -0.00801974535 -0.0120867388 0.0152705908 -0.00761693716 -0.0120867388 0.0152705908 -0.00761693716 -0.0116751092 0.0136654312 -0.00726306392 -0.013196459 0.0145531809 -0.00745630218 -0.0112286191 0.012196661 -0.006956934 -0.010744689 0.0108802905 -0.00669765379 -0.0125958892 0.0105736805 -0.00663936092 -0.010744689 0.0108802905 -0.00669765379 -0.0101450635 0.00962066744 -0.00646346761 -0.0119969193 0.00707912492 -0.00603461219 -0.0119969193 0.00707912492 -0.00603461219 -0.0125958892 0.0105736805 -0.00663936092 -0.010744689 0.0108802905 -0.00669765379 -0.0179999936 0.0627185702 -0.0244999509 -0.0179999936 0.0665318295 -0.0244999509 -0.00859999005 0.0665318295 -0.0244999509 -0.00859999005 0.0665318295 -0.0244999509 -0.00859999005 0.0660318062 -0.0244999509 -0.0179999936 0.0627185702 -0.0244999509 -0.00881129503 -0.00496810488 -0.00499999523 -0.00999999046 -0.00496810488 0 -0.00999999046 -0.00496810488 -0.00394111779 -0.00999999046 -0.00496810488 -0.00394111779 -0.0111605776 -0.00136871485 -0.00406823028 -0.0100269904 -0.00135266606 -0.00510692503 -0.0100269904 -0.00135266606 -0.00510692503 -0.00881129503 -0.00496810488 -0.00499999523 -0.00999999046 -0.00496810488 -0.00394111779 -0.012205 0.00268773828 -0.00441165222 -0.0110772708 0.00269359373 -0.00545895379 -0.0100269904 -0.00135266606 -0.00510692503 -0.0100269904 -0.00135266606 -0.00510692503 -0.0111605776 -0.00136871485 -0.00406823028 -0.012205 0.00268773828 -0.00441165222 -0.012205 0.00268773828 -0.00441165222 -0.0132507589 0.00790727232 -0.00512516405 -0.0119969193 0.00707912492 -0.00603461219 -0.0119969193 0.00707912492 -0.00603461219 -0.0110772708 0.00269359373 -0.00545895379 -0.012205 0.00268773828 -0.00441165222 -0.0132507589 0.00790727232 -0.00512516405 -0.0138122393 0.0113174906 -0.00573539687 -0.0125958892 0.0105736805 -0.00663936092 -0.0125958892 0.0105736805 -0.00663936092 -0.0119969193 0.00707912492 -0.00603461219 -0.0132507589 0.00790727232 -0.00512516405 -0.0143608395 0.0150359208 -0.00651270105 -0.013196459 0.0145531809 -0.00745630218 -0.0125958892 0.0105736805 -0.00663936092 -0.0125958892 0.0105736805 -0.00663936092 -0.0138122393 0.0113174906 -0.00573539687 -0.0143608395 0.0150359208 -0.00651270105 -0.0148810679 0.0187730715 -0.00740027381 -0.0137830619 0.0187326055 -0.00845036749 -0.013196459 0.0145531809 -0.00745630218 -0.013196459 0.0145531809 -0.00745630218 -0.0143608395 0.0150359208 -0.00651270105 -0.0148810679 0.0187730715 -0.00740027381 -0.0137830619 0.0187326055 -0.00845036749 -0.0148810679 0.0187730715 -0.00740027381 -0.0142412968 0.0219501294 -0.00929726008 -0.0158314351 0.0252239443 -0.00920115784 -0.0164340679 0.029062802 -0.0103270402 -0.0152941868 0.0287128612 -0.0112678995 -0.0152941868 0.0287128612 -0.0112678995 -0.0147363869 0.0252199061 -0.0102334954 -0.0158314351 0.0252239443 -0.00920115784 -0.0164340679 0.029062802 -0.0103270402 -0.0170754511 0.0323742516 -0.0114145065 -0.0159262512 0.0320359655 -0.012320105 -0.0159262512 0.0320359655 -0.012320105 -0.0152941868 0.0287128612 -0.0112678995 -0.0164340679 0.029062802 -0.0103270402 -0.0159262512 0.0320359655 -0.012320105 -0.0170754511 0.0323742516 -0.0114145065 -0.018082317 0.0369550511 -0.0129929101 -0.018082317 0.0369550511 -0.0129929101 -0.0171487872 0.0374744497 -0.0142089697 -0.0159262512 0.0320359655 -0.012320105 -0.018082317 0.0369550511 -0.0129929101 -0.0201576855 0.0442935787 -0.0157614294 -0.0193617865 0.0450615212 -0.0170674901 -0.0193617865 0.0450615212 -0.0170674901 -0.0171487872 0.0374744497 -0.0142089697 -0.018082317 0.0369550511 -0.0129929101 -0.0226266608 0.0510497689 -0.0185500942 -0.021245826 0.0502117574 -0.0191669092 -0.0193617865 0.0450615212 -0.0170674901 -0.0193617865 0.0450615212 -0.0170674901 -0.0201576855 0.0442935787 -0.0157614294 -0.0226266608 0.0510497689 -0.0185500942 -0.0226266608 0.0510497689 -0.0185500942 -0.0238392837 0.0538914241 -0.0197898094 -0.0235650111 0.0556388833 -0.0215210095 -0.0235650111 0.0556388833 -0.0215210095 -0.021245826 0.0502117574 -0.0191669092 -0.0226266608 0.0510497689 -0.0185500942 -0.0245924946 0.0568208657 -0.021684926 -0.0235650111 0.0556388833 -0.0215210095 -0.0238392837 0.0538914241 -0.0197898094 -0.0238392837 0.0538914241 -0.0197898094 -0.0253457353 0.057081636 -0.0212347507 -0.0245924946 0.0568208657 -0.021684926 -0.0252410043 0.0580714941 -0.0213968698 -0.0242726151 0.057383772 -0.0219882093 -0.0245924946 0.0568208657 -0.021684926 -0.0245924946 0.0568208657 -0.021684926 -0.0253457353 0.057081636 -0.0212347507 -0.0252410043 0.0580714941 -0.0213968698 -0.0245924946 0.0568208657 -0.021684926 -0.0242726151 0.057383772 -0.0219882093 -0.0230687149 0.0568305254 -0.0220591407 -0.0230687149 0.0568305254 -0.0220591407 -0.0235650111 0.0556388833 -0.0215210095 -0.0245924946 0.0568208657 -0.021684926 -0.0243253652 0.0593684949 -0.0222452804 -0.0234558452 0.0586874448 -0.0226565003 -0.0242726151 0.057383772 -0.0219882093 -0.0242726151 0.057383772 -0.0219882093 -0.0252410043 0.0580714941 -0.0213968698 -0.0243253652 0.0593684949 -0.0222452804 -0.0231861938 0.060578052 -0.0230486058 -0.0224563684 0.0599026047 -0.0232877396 -0.0234558452 0.0586874448 -0.0226565003 -0.0234558452 0.0586874448 -0.0226565003 -0.0243253652 0.0593684949 -0.0222452804 -0.0231861938 0.060578052 -0.0230486058 -0.0221559349 0.0613914728 -0.0235954504 -0.0215622652 0.0607194342 -0.0237166807 -0.0224563684 0.0599026047 -0.0232877396 -0.0224563684 0.0599026047 -0.0232877396 -0.0231861938 0.060578052 -0.0230486058 -0.0221559349 0.0613914728 -0.0235954504 -0.0212467853 0.0619263612 -0.0239582006 -0.0207785852 0.0612564012 -0.0240008794 -0.0215622652 0.0607194342 -0.0237166807 -0.0215622652 0.0607194342 -0.0237166807 -0.0221559349 0.0613914728 -0.0235954504 -0.0212467853 0.0619263612 -0.0239582006 -0.0203716643 0.062302351 -0.0242146794 -0.0200274438 0.0616338216 -0.0242016297 -0.0207785852 0.0612564012 -0.0240008794 -0.0207785852 0.0612564012 -0.0240008794 -0.0212467853 0.0619263612 -0.0239582006 -0.0203716643 0.062302351 -0.0242146794 -0.0195564553 0.0625410601 -0.0243781209 -0.0193295944 0.0618733093 -0.0243295394 -0.0200274438 0.0616338216 -0.0242016297 -0.0200274438 0.0616338216 -0.0242016297 -0.0203716643 0.062302351 -0.0242146794 -0.0195564553 0.0625410601 -0.0243781209 -0.0187773053 0.0626745224 -0.0244697295 -0.0186637547 0.0620073006 -0.0244011804 -0.0193295944 0.0618733093 -0.0243295394 -0.0193295944 0.0618733093 -0.0243295394 -0.0195564553 0.0625410601 -0.0243781209 -0.0187773053 0.0626745224 -0.0244697295 -0.0179999936 0.0627185702 -0.0244999509 -0.017999934 0.0620514713 -0.0244248491 -0.0186637547 0.0620073006 -0.0244011804 -0.0186637547 0.0620073006 -0.0244011804 -0.0187773053 0.0626745224 -0.0244697295 -0.0179999936 0.0627185702 -0.0244999509 -0.0234558452 0.0586874448 -0.0226565003 -0.0224277247 0.0581114851 -0.0226456504 -0.0230687149 0.0568305254 -0.0220591407 -0.0230687149 0.0568305254 -0.0220591407 -0.0242726151 0.057383772 -0.0219882093 -0.0234558452 0.0586874448 -0.0226565003 -0.0224563684 0.0599026047 -0.0232877396 -0.0216303393 0.0593057014 -0.0232008044 -0.0224277247 0.0581114851 -0.0226456504 -0.0224277247 0.0581114851 -0.0226456504 -0.0234558452 0.0586874448 -0.0226565003 -0.0224563684 0.0599026047 -0.0232877396 -0.0215622652 0.0607194342 -0.0237166807 -0.020909125 0.0601085387 -0.0235786401 -0.0216303393 0.0593057014 -0.0232008044 -0.0216303393 0.0593057014 -0.0232008044 -0.0224563684 0.0599026047 -0.0232877396 -0.0215622652 0.0607194342 -0.0237166807 -0.0207785852 0.0612564012 -0.0240008794 -0.0202727243 0.0606363416 -0.0238292199 -0.020909125 0.0601085387 -0.0235786401 -0.020909125 0.0601085387 -0.0235786401 -0.0215622652 0.0607194342 -0.0237166807 -0.0207785852 0.0612564012 -0.0240008794 -0.0200274438 0.0616338216 -0.0242016297 -0.0196601637 0.0610072613 -0.0240062997 -0.0202727243 0.0606363416 -0.0238292199 -0.0202727243 0.0606363416 -0.0238292199 -0.0207785852 0.0612564012 -0.0240008794 -0.0200274438 0.0616338216 -0.0242016297 -0.0193295944 0.0618733093 -0.0243295394 -0.0190895051 0.0612426884 -0.0241191294 -0.0196601637 0.0610072613 -0.0240062997 -0.0196601637 0.0610072613 -0.0240062997 -0.0200274438 0.0616338216 -0.0242016297 -0.0193295944 0.0618733093 -0.0243295394 -0.0186637547 0.0620073006 -0.0244011804 -0.0185440648 0.0613743588 -0.0241824295 -0.0190895051 0.0612426884 -0.0241191294 -0.0190895051 0.0612426884 -0.0241191294 -0.0193295944 0.0618733093 -0.0243295394 -0.0186637547 0.0620073006 -0.0244011804 -0.017999934 0.0620514713 -0.0244248491 -0.0179999936 0.061417751 -0.0242033005 -0.0185440648 0.0613743588 -0.0241824295 -0.0185440648 0.0613743588 -0.0241824295 -0.0186637547 0.0620073006 -0.0244011804 -0.017999934 0.0620514713 -0.0244248491 -0.0243253652 0.0593684949 -0.0222452804 -0.0252410043 0.0580714941 -0.0213968698 -0.0250710137 0.0665318295 -0.0215710402 -0.0279999841 0.0620318651 -0.0144999595 -0.0279999841 0.0665318295 -0.0144999595 -0.0276592243 0.0665318295 -0.0170881692 -0.0276592243 0.0665318295 -0.0170881692 -0.0277299751 0.0615608655 -0.0168080907 -0.0279999841 0.0620318651 -0.0144999595 -0.0276592243 0.0665318295 -0.0170881692 -0.0266601946 0.0665318295 -0.0194999501 -0.0270476546 0.060332384 -0.0186517201 -0.0270476546 0.060332384 -0.0186517201 -0.0277299751 0.0615608655 -0.0168080907 -0.0276592243 0.0665318295 -0.0170881692 -0.0262684748 0.0588888526 -0.0201241896 -0.0270476546 0.060332384 -0.0186517201 -0.0266601946 0.0665318295 -0.0194999501 -0.0266601946 0.0665318295 -0.0194999501 -0.0250710137 0.0665318295 -0.0215710402 -0.0262684748 0.0588888526 -0.0201241896 -0.0229999349 0.0665318295 -0.0231602099 -0.0205881447 0.0665318295 -0.0241592508 -0.0203716643 0.062302351 -0.0242146794 -0.0203716643 0.062302351 -0.0242146794 -0.0212467853 0.0619263612 -0.0239582006 -0.0229999349 0.0665318295 -0.0231602099 -0.0203716643 0.062302351 -0.0242146794 -0.0205881447 0.0665318295 -0.0241592508 -0.0195564553 0.0625410601 -0.0243781209 -0.0212467853 0.0619263612 -0.0239582006 -0.0221559349 0.0613914728 -0.0235954504 -0.0229999349 0.0665318295 -0.0231602099 -0.0231861938 0.060578052 -0.0230486058 -0.0250710137 0.0665318295 -0.0215710402 -0.0229999349 0.0665318295 -0.0231602099 -0.0229999349 0.0665318295 -0.0231602099 -0.0221559349 0.0613914728 -0.0235954504 -0.0231861938 0.060578052 -0.0230486058 -0.0250710137 0.0665318295 -0.0215710402 -0.0231861938 0.060578052 -0.0230486058 -0.0243253652 0.0593684949 -0.0222452804 -0.0205881447 0.0665318295 -0.0241592508 -0.0179999936 0.0665318295 -0.0244999509 -0.0187773053 0.0626745224 -0.0244697295 -0.0187773053 0.0626745224 -0.0244697295 -0.0195564553 0.0625410601 -0.0243781209 -0.0205881447 0.0665318295 -0.0241592508 -0.0187773053 0.0626745224 -0.0244697295 -0.0179999936 0.0665318295 -0.0244999509 -0.0179999936 0.0627185702 -0.0244999509 -0.017999934 0.0670318007 -0.0239999797 -0.00909995567 0.0670318007 -0.0239999797 -0.00859999005 0.0665318295 -0.0244999509 -0.00859999005 0.0665318295 -0.0244999509 -0.0179999936 0.0665318295 -0.0244999509 -0.017999934 0.0670318007 -0.0239999797 -0.00859999005 0.0665318295 -0.0244999509 -0.00859999005 0.0665318295 -0.00199997425 -0.00859999005 0.0660318062 -0.00199997425 -0.00859999005 0.0660318062 -0.00199997425 -0.00859999005 0.0660318062 -0.0244999509 -0.00859999005 0.0665318295 -0.0244999509 -0.0205881447 0.0665318295 -0.0241592508 -0.0204587448 0.0670318007 -0.0236762706 -0.017999934 0.0670318007 -0.0239999797 -0.017999934 0.0670318007 -0.0239999797 -0.0179999936 0.0665318295 -0.0244999509 -0.0205881447 0.0665318295 -0.0241592508 -0.0229999349 0.0665318295 -0.0231602099 -0.0227499548 0.0670318007 -0.0227271896 -0.0204587448 0.0670318007 -0.0236762706 -0.0204587448 0.0670318007 -0.0236762706 -0.0205881447 0.0665318295 -0.0241592508 -0.0229999349 0.0665318295 -0.0231602099 -0.0250710137 0.0665318295 -0.0215710402 -0.0247174948 0.0670318007 -0.0212174598 -0.0227499548 0.0670318007 -0.0227271896 -0.0227499548 0.0670318007 -0.0227271896 -0.0229999349 0.0665318295 -0.0231602099 -0.0250710137 0.0665318295 -0.0215710402 -0.0266601946 0.0665318295 -0.0194999501 -0.0262272246 0.0670318007 -0.0192499701 -0.0247174948 0.0670318007 -0.0212174598 -0.0247174948 0.0670318007 -0.0212174598 -0.0250710137 0.0665318295 -0.0215710402 -0.0266601946 0.0665318295 -0.0194999501 -0.0276592243 0.0665318295 -0.0170881692 -0.0271762535 0.0670318007 -0.0169587694 -0.0262272246 0.0670318007 -0.0192499701 -0.0262272246 0.0670318007 -0.0192499701 -0.0266601946 0.0665318295 -0.0194999501 -0.0276592243 0.0665318295 -0.0170881692 -0.0279999841 0.0665318295 -0.0144999595 -0.0274999645 0.0670318007 -0.0144999595 -0.0271762535 0.0670318007 -0.0169587694 -0.0271762535 0.0670318007 -0.0169587694 -0.0276592243 0.0665318295 -0.0170881692 -0.0279999841 0.0665318295 -0.0144999595 -0.0279999841 0.0620318651 -0.0144999595 -0.0279999841 0.0620318651 -0.00199997402 -0.0279999841 0.0665318295 -0.00199997425 -0.0279999841 0.0665318295 -0.00199997425 -0.0279999841 0.0665318295 -0.0144999595 -0.0279999841 0.0620318651 -0.0144999595 -0.0274999645 0.0670318007 -0.0144999595 -0.0279999841 0.0665318295 -0.0144999595 -0.0279999841 0.0665318295 -0.00199997425 -0.0279999841 0.0665318295 -0.00199997425 -0.0274999645 0.0670318007 -0.00199997425 -0.0274999645 0.0670318007 -0.0144999595 -0.00859999005 0.0665318295 -0.0244999509 -0.00909995567 0.0670318007 -0.0239999797 -0.00909995567 0.0670318007 -0.00199997425 -0.00909995567 0.0670318007 -0.00199997425 -0.00859999005 0.0665318295 -0.00199997425 -0.00859999005 0.0665318295 -0.0244999509 -0.0148807084 0.0187706314 -0.00117462804 -0.0158173796 0.0252239443 -0.00172388251 -0.0158314351 0.0252239443 -0.00920115784 -0.0158314351 0.0252239443 -0.00920115784 -0.0148810679 0.0187730715 -0.00740027381 -0.0148807084 0.0187706314 -0.00117462804 -0.0143608395 0.0150359208 -0.00651270105 -0.0141147291 0.0133273611 -0.000711426022 -0.0148807084 0.0187706314 -0.00117462804 -0.0148807084 0.0187706314 -0.00117462804 -0.0148810679 0.0187730715 -0.00740027381 -0.0143608395 0.0150359208 -0.00651270105 -0.0141147291 0.0133273611 -0.000711426022 -0.0143608395 0.0150359208 -0.00651270105 -0.0138122393 0.0113174906 -0.00573539687 -0.0138122393 0.0113174906 -0.00573539687 -0.0132507589 0.00790727232 -0.00512516405 -0.0132493889 0.00789934397 -0.000249465986 -0.0132493889 0.00789934397 -0.000249465986 -0.0141147291 0.0133273611 -0.000711426022 -0.0138122393 0.0113174906 -0.00573539687 -0.011094437 -0.0013473155 0 -0.012113939 0.00268773804 -6.19268803e-06 -0.012205 0.00268773828 -0.00441165222 -0.012205 0.00268773828 -0.00441165222 -0.0111605776 -0.00136871485 -0.00406823028 -0.011094437 -0.0013473155 0 -0.012113939 0.00268773804 -6.19268803e-06 -0.0132493889 0.00789934397 -0.000249465986 -0.0132507589 0.00790727232 -0.00512516405 -0.0132507589 0.00790727232 -0.00512516405 -0.012205 0.00268773828 -0.00441165222 -0.012113939 0.00268773804 -6.19268803e-06 -0.00999999046 -0.00496810488 0 -0.011094437 -0.0013473155 0 -0.0111605776 -0.00136871485 -0.00406823028 -0.0111605776 -0.00136871485 -0.00406823028 -0.00999999046 -0.00496810488 -0.00394111779 -0.00999999046 -0.00496810488 0 -0.0158173796 0.0252239443 -0.00172388251 -0.0164325777 0.0290545225 -0.00197505904 -0.0164340679 0.029062802 -0.0103270402 -0.0164340679 0.029062802 -0.0103270402 -0.0158314351 0.0252239443 -0.00920115784 -0.0158173796 0.0252239443 -0.00172388251 -0.0164325777 0.0290545225 -0.00197505904 -0.0170942675 0.0323742479 -0.00199997402 -0.0170754511 0.0323742516 -0.0114145065 -0.0170754511 0.0323742516 -0.0114145065 -0.0164340679 0.029062802 -0.0103270402 -0.0164325777 0.0290545225 -0.00197505904 -0.0170942675 0.0323742479 -0.00199997402 -0.018081177 0.0369502902 -0.00199997402 -0.018082317 0.0369550511 -0.0129929101 -0.018082317 0.0369550511 -0.0129929101 -0.0170754511 0.0323742516 -0.0114145065 -0.0170942675 0.0323742479 -0.00199997402 -0.018082317 0.0369550511 -0.0129929101 -0.018081177 0.0369502902 -0.00199997402 -0.0201563761 0.0442894101 -0.00199997402 -0.0201563761 0.0442894101 -0.00199997402 -0.0201576855 0.0442935787 -0.0157614294 -0.018082317 0.0369550511 -0.0129929101 -0.0226266608 0.0510497689 -0.0185500942 -0.0201576855 0.0442935787 -0.0157614294 -0.0201563761 0.0442894101 -0.00199997402 -0.0201563761 0.0442894101 -0.00199997402 -0.022956837 0.0518579446 -0.00199997402 -0.0226266608 0.0510497689 -0.0185500942 -0.0238392837 0.0538914241 -0.0197898094 -0.0262684748 0.0588888526 -0.00199997402 -0.0262684748 0.0588888526 -0.0201241896 -0.0262684748 0.0588888526 -0.0201241896 -0.0253457353 0.057081636 -0.0212347507 -0.0238392837 0.0538914241 -0.0197898094 -0.022956837 0.0518579446 -0.00199997402 -0.0262684748 0.0588888526 -0.00199997402 -0.0238392837 0.0538914241 -0.0197898094 -0.0238392837 0.0538914241 -0.0197898094 -0.0226266608 0.0510497689 -0.0185500942 -0.022956837 0.0518579446 -0.00199997402 -0.0262684748 0.0588888526 -0.00199997402 -0.0270476546 0.060332384 -0.0186517201 -0.0262684748 0.0588888526 -0.0201241896 -0.0262684748 0.0588888526 -0.00199997402 -0.0279999841 0.0620318651 -0.0144999595 -0.0277299751 0.0615608655 -0.0168080907 -0.0277299751 0.0615608655 -0.0168080907 -0.0270476546 0.060332384 -0.0186517201 -0.0262684748 0.0588888526 -0.00199997402 -0.00909995567 0.0670318007 -0.0239999797 -0.017999934 0.0670318007 -0.0239999797 -0.0204587448 0.0670318007 -0.0236762706 -0.0204587448 0.0670318007 -0.0236762706 -0.0227499548 0.0670318007 -0.0227271896 -0.0247174948 0.0670318007 -0.0212174598 -0.0247174948 0.0670318007 -0.0212174598 -0.0262272246 0.0670318007 -0.0192499701 -0.0271762535 0.0670318007 -0.0169587694 -0.0204587448 0.0670318007 -0.0236762706 -0.0247174948 0.0670318007 -0.0212174598 -0.0271762535 0.0670318007 -0.0169587694 -0.0271762535 0.0670318007 -0.0169587694 -0.0274999645 0.0670318007 -0.0144999595 -0.0274999645 0.0670318007 -0.00199997425 -0.0204587448 0.0670318007 -0.0236762706 -0.0271762535 0.0670318007 -0.0169587694 -0.0274999645 0.0670318007 -0.00199997425 -0.00909995567 0.0670318007 -0.0239999797 -0.0204587448 0.0670318007 -0.0236762706 -0.0274999645 0.0670318007 -0.00199997425 -0.00909995567 0.0670318007 -0.00199997425 -0.00909995567 0.0670318007 -0.0239999797 -0.0274999645 0.0670318007 -0.00199997425 -0.0137830619 0.0187326055 -0.00845036749 -0.0142412968 0.0219501294 -0.00929726008 -0.0132393185 0.0220496617 -0.00931477454 -0.0132393185 0.0220496617 -0.00931477454 -0.0127975279 0.0188433509 -0.00847262144 -0.0137830619 0.0187326055 -0.00845036749 -0.00861591008 0.00823706388 -0.00622248603 0.00861591194 0.00823706202 -0.00622248603 0.0110772708 0.00269359187 -0.00545895379 0.0110772708 0.00269359187 -0.00545895379 -0.0110772708 0.00269359373 -0.00545895379 -0.00861591008 0.00823706388 -0.00622248603 -0.0158314351 0.0252239443 -0.00920115784 -0.0147363869 0.0252199061 -0.0102334954 -0.0142412968 0.0219501294 -0.00929726008 -0.0148810679 0.0187730715 -0.00740027381 -0.0158314351 0.0252239443 -0.00920115784 -0.0142412968 0.0219501294 -0.00929726008 -0.0262684748 0.0588888526 -0.00199997402 -0.0279999841 0.0620318651 -0.00199997402 -0.0279999841 0.0620318651 -0.0144999595 -0.0262684748 0.0588888526 -0.0201241896 -0.0250710137 0.0665318295 -0.0215710402 -0.0252410043 0.0580714941 -0.0213968698 -0.0252410043 0.0580714941 -0.0213968698 -0.0253457353 0.057081636 -0.0212347507 -0.0262684748 0.0588888526 -0.0201241896 -0.0224277247 0.0581114851 -0.0226456504 -0.013355785 0.0577403903 -0.0224747602 -0.013547115 0.0569288097 -0.0221037809 -0.013547115 0.0569288097 -0.0221037809 -0.0230687149 0.0568305254 -0.0220591407 -0.0224277247 0.0581114851 -0.0226456504 -0.0216303393 0.0593057014 -0.0232008044 -0.0130401151 0.0584895015 -0.0228204709 -0.013355785 0.0577403903 -0.0224747602 -0.013355785 0.0577403903 -0.0224747602 -0.0224277247 0.0581114851 -0.0226456504 -0.0216303393 0.0593057014 -0.0232008044 -0.020909125 0.0601085387 -0.0235786401 -0.0126005346 0.0591838919 -0.0231437609 -0.0130401151 0.0584895015 -0.0228204709 -0.0130401151 0.0584895015 -0.0228204709 -0.0216303393 0.0593057014 -0.0232008044 -0.020909125 0.0601085387 -0.0235786401 -0.0202727243 0.0606363416 -0.0238292199 -0.0121130245 0.0597376786 -0.0234036408 -0.0126005346 0.0591838919 -0.0231437609 -0.0126005346 0.0591838919 -0.0231437609 -0.020909125 0.0601085387 -0.0235786401 -0.0202727243 0.0606363416 -0.0238292199 -0.0196601637 0.0610072613 -0.0240062997 -0.0114972442 0.0602502786 -0.0236458108 -0.0121130245 0.0597376786 -0.0234036408 -0.0121130245 0.0597376786 -0.0234036408 -0.0202727243 0.0606363416 -0.0238292199 -0.0196601637 0.0610072613 -0.0240062997 -0.0190895051 0.0612426884 -0.0241191294 -0.0108606145 0.0606316291 -0.0238269493 -0.0114972442 0.0602502786 -0.0236458108 -0.0114972442 0.0602502786 -0.0236458108 -0.0196601637 0.0610072613 -0.0240062997 -0.0190895051 0.0612426884 -0.0241191294 -0.0185440648 0.0613743588 -0.0241824295 -0.0101362942 0.0609272718 -0.0239680391 -0.0108606145 0.0606316291 -0.0238269493 -0.0108606145 0.0606316291 -0.0238269493 -0.0190895051 0.0612426884 -0.0241191294 -0.0185440648 0.0613743588 -0.0241824295 -0.0179999936 0.061417751 -0.0242033005 -0.00859999005 0.0611670017 -0.0240828302 -0.00937091745 0.0611076914 -0.0240544006 -0.0179999936 0.061417751 -0.0242033005 -0.00937091745 0.0611076914 -0.0240544006 -0.0101362942 0.0609272718 -0.0239680391 -0.0185440648 0.0613743588 -0.0241824295 -0.0179999936 0.061417751 -0.0242033005 -0.0101362942 0.0609272718 -0.0239680391 -0.0115999449 0.0570318587 -0.00924998522 -0.0115999449 0.0570318587 -0.0199549105 -0.0115682352 0.0574668609 -0.0202832799 -0.0113716051 0.0581798516 -0.00810194016 -0.0114534358 0.0579578802 -0.0206573606 -0.0112640755 0.058411181 -0.0210059807 -0.0107212542 0.0591531284 -0.00712865498 -0.0112640755 0.058411181 -0.0210059807 -0.011000324 0.05883139 -0.0213320795 -0.00859999005 0.0600318313 -0.0222794991 -0.00859999005 0.0600318313 -0.00624996377 -0.00918524805 0.0599741898 -0.006307601 -0.00918524805 0.0599741898 -0.006307601 -0.00906252209 0.0599959418 -0.0222508293 -0.00859999005 0.0600318313 -0.0222794991 -0.00906252209 0.0599959418 -0.0222508293 -0.00918524805 0.0599741898 -0.006307601 -0.00974803511 0.0598034784 -0.00647830917 -0.00974803511 0.0598034784 -0.00647830917 -0.00952177681 0.0598866902 -0.0221636798 -0.00906252209 0.0599959418 -0.0222508293 -0.00995635334 0.0597077012 -0.0220212899 -0.00952177681 0.0598866902 -0.0221636798 -0.00974803511 0.0598034784 -0.00647830917 -0.0103383549 0.0594768487 -0.0218384806 -0.00995635334 0.0597077012 -0.0220212899 -0.00974803511 0.0598034784 -0.00647830917 0.0148807121 0.0187706277 -0.00117462804 0.0158173833 0.0252239406 -0.00172388251 -0.0158173796 0.0252239443 -0.00172388251 -0.0158173796 0.0252239443 -0.00172388251 -0.0148807084 0.0187706314 -0.00117462804 0.0148807121 0.0187706277 -0.00117462804 0.0279999953 0.0665318295 -0.00199997425 0.0274999756 0.0670318007 -0.00199997425 0.00909996498 0.0670318007 -0.00199997425 0.00909996498 0.0670318007 -0.00199997425 0.0279999953 0.0620318577 -0.00199997402 0.0279999953 0.0665318295 -0.00199997425 0.00909996498 0.0670318007 -0.00199997425 0.0262684859 0.0588888451 -0.00199997402 0.0279999953 0.0620318577 -0.00199997402 0.0262684859 0.0588888451 -0.00199997402 0.00909996498 0.0670318007 -0.00199997425 0.00860000122 0.0665318295 -0.00199997425 0.00860000122 0.0665318295 -0.00199997425 0.00860000122 0.0660318062 -0.00199997425 0.0262684859 0.0588888451 -0.00199997402 0.017094275 0.0323742479 -0.00199997402 0.0180811845 0.0369502902 -0.00199997402 -0.018081177 0.0369502902 -0.00199997402 -0.018081177 0.0369502902 -0.00199997402 -0.0170942675 0.0323742479 -0.00199997402 0.017094275 0.0323742479 -0.00199997402 0.0180811845 0.0369502902 -0.00199997402 0.0201563835 0.0442894101 -0.00199997402 -0.0201563761 0.0442894101 -0.00199997402 -0.0201563761 0.0442894101 -0.00199997402 -0.018081177 0.0369502902 -0.00199997402 0.0180811845 0.0369502902 -0.00199997402 0.0229568444 0.0518579371 -0.00199997402 0.0262684859 0.0588888451 -0.00199997402 0.00860000122 0.0660318062 -0.00199997425 -0.00859999005 0.0660318062 -0.00199997425 -0.0262684748 0.0588888526 -0.00199997402 -0.022956837 0.0518579446 -0.00199997402 -0.00859999005 0.0660318062 -0.00199997425 -0.022956837 0.0518579446 -0.00199997402 -0.0201563761 0.0442894101 -0.00199997402 0.00860000122 0.0660318062 -0.00199997425 -0.00859999005 0.0660318062 -0.00199997425 -0.0201563761 0.0442894101 -0.00199997402 0.0229568444 0.0518579371 -0.00199997402 0.00860000122 0.0660318062 -0.00199997425 -0.0201563761 0.0442894101 -0.00199997402 0.0201563835 0.0442894101 -0.00199997402 0.0229568444 0.0518579371 -0.00199997402 -0.0201563761 0.0442894101 -0.00199997402 0.0158173833 0.0252239406 -0.00172388251 0.0164325815 0.0290545188 -0.00197505904 -0.0164325777 0.0290545225 -0.00197505904 -0.0164325777 0.0290545225 -0.00197505904 -0.0158173796 0.0252239443 -0.00172388251 0.0158173833 0.0252239406 -0.00172388251 0.0164325815 0.0290545188 -0.00197505904 0.017094275 0.0323742479 -0.00199997402 -0.0170942675 0.0323742479 -0.00199997402 -0.0170942675 0.0323742479 -0.00199997402 -0.0164325777 0.0290545225 -0.00197505904 0.0164325815 0.0290545188 -0.00197505904 0.00899237487 0.00882515218 -0.00627607061 0.00876361225 0.00861191563 -0.00625443412 0.00860953424 0.0085678678 -0.00624999311 -0.00860953238 0.00856786966 -0.00624999311 -0.00876361039 0.0086119175 -0.00625443412 -0.00899237301 0.00882515404 -0.00627607061 -0.0115999458 0.0447721407 -0.0148051297 -0.0115999449 0.0509050414 -0.0172888003 -0.0115999449 0.0570318587 -0.00924998522 -0.0115999458 0.0386564694 -0.0125085097 -0.0115999458 0.0447721407 -0.0148051297 -0.0115999449 0.0570318587 -0.00924998522 -0.0115999468 0.0325764418 -0.0104082804 -0.0115999458 0.0386564694 -0.0125085097 -0.0115999449 0.0570318587 -0.00924998522 -0.0115999468 0.0289595723 -0.00924998522 -0.0115999468 0.0325764418 -0.0104082804 -0.0115999449 0.0570318587 -0.00924998522 -0.0115999468 0.0289595723 -0.00924998522 -0.0115999449 0.0570318587 -0.00924998522 -0.0113716051 0.0581798516 -0.00810194016 -0.0115448786 0.0257954523 -0.00867754221 -0.0115999468 0.0289595723 -0.00924998522 -0.0113716051 0.0581798516 -0.00810194016 -0.0113835884 0.0225764513 -0.00813126471 -0.0115448786 0.0257954523 -0.00867754221 -0.0113716051 0.0581798516 -0.00810194016 -0.0113835884 0.0225764513 -0.00813126471 -0.0113716051 0.0581798516 -0.00810194016 -0.0107212542 0.0591531284 -0.00712865498 -0.0111185284 0.0193321723 -0.00761991693 -0.0113835884 0.0225764513 -0.00813126471 -0.0107212542 0.0591531284 -0.00712865498 -0.0109172985 0.0174651127 -0.00734472182 -0.0111185284 0.0193321723 -0.00761991693 -0.0107212542 0.0591531284 -0.00712865498 -0.0106920488 0.0157125518 -0.0070998068 -0.0109172985 0.0174651127 -0.00734472182 -0.0107212542 0.0591531284 -0.00712865498 -0.0106920488 0.0157125518 -0.0070998068 -0.0107212542 0.0591531284 -0.00712865498 -0.00974803511 0.0598034784 -0.00647830917 -0.010445049 0.0140844509 -0.00688445522 -0.0106920488 0.0157125518 -0.0070998068 -0.00974803511 0.0598034784 -0.00647830917 -0.0101771895 0.0125935012 -0.00669801189 -0.010445049 0.0140844509 -0.00688445522 -0.00974803511 0.0598034784 -0.00647830917 -0.00988680031 0.0112563306 -0.0065399399 -0.0101771895 0.0125935012 -0.00669801189 -0.00974803511 0.0598034784 -0.00647830917 -0.00988680031 0.0112563306 -0.0065399399 -0.00974803511 0.0598034784 -0.00647830917 -0.00918524805 0.0599741898 -0.006307601 -0.00952702668 0.00997573044 -0.00639712717 -0.00988680031 0.0112563306 -0.0065399399 -0.00918524805 0.0599741898 -0.006307601 -0.00952702668 0.00997573044 -0.00639712717 -0.00918524805 0.0599741898 -0.006307601 -0.00859999005 0.0600318313 -0.00624996377 -0.00925212912 0.00926715229 -0.00632172823 -0.00952702668 0.00997573044 -0.00639712717 -0.00859999005 0.0600318313 -0.00624996377 -0.00899237301 0.00882515404 -0.00627607061 -0.00925212912 0.00926715229 -0.00632172823 -0.00859999005 0.0600318313 -0.00624996377 -0.00860953238 0.00856786966 -0.00624999311 -0.00899237301 0.00882515404 -0.00627607061 -0.00859999005 0.0600318313 -0.00624996377 -0.00860953238 0.00856786966 -0.00624999311 -0.00859999005 0.0600318313 -0.00624996377 0.00860000122 0.0600318313 -0.00624996377 0.00860953424 0.0085678678 -0.00624999311 -0.00860953238 0.00856786966 -0.00624999311 0.00860000122 0.0600318313 -0.00624996377 0.00899237487 0.00882515218 -0.00627607061 0.00860953424 0.0085678678 -0.00624999311 0.00860000122 0.0600318313 -0.00624996377 0.00925213099 0.00926715042 -0.00632172823 0.00899237487 0.00882515218 -0.00627607061 0.00860000122 0.0600318313 -0.00624996377 0.00952702854 0.00997572858 -0.00639712717 0.00925213099 0.00926715042 -0.00632172823 0.00860000122 0.0600318313 -0.00624996377 0.00952702854 0.00997572858 -0.00639712717 0.00860000122 0.0600318313 -0.00624996377 0.00918525923 0.0599741898 -0.006307601 0.00988680217 0.0112563288 -0.0065399399 0.00952702854 0.00997572858 -0.00639712717 0.00918525923 0.0599741898 -0.006307601 0.00988680217 0.0112563288 -0.0065399399 0.00918525923 0.0599741898 -0.006307601 0.00974804629 0.0598034784 -0.00647830917 0.0101771913 0.0125934994 -0.00669801189 0.00988680217 0.0112563288 -0.0065399399 0.00974804629 0.0598034784 -0.00647830917 0.0104450509 0.014084449 -0.00688445522 0.0101771913 0.0125934994 -0.00669801189 0.00974804629 0.0598034784 -0.00647830917 0.0106920507 0.015712548 -0.0070998068 0.0104450509 0.014084449 -0.00688445522 0.00974804629 0.0598034784 -0.00647830917 0.0106920507 0.015712548 -0.0070998068 0.00974804629 0.0598034784 -0.00647830917 0.0107212653 0.0591531284 -0.00712865498 0.0109173022 0.017465109 -0.00734472182 0.0106920507 0.015712548 -0.0070998068 0.0107212653 0.0591531284 -0.00712865498 0.0111185322 0.0193321686 -0.00761991693 0.0109173022 0.017465109 -0.00734472182 0.0107212653 0.0591531284 -0.00712865498 0.0113835922 0.0225764476 -0.00813126471 0.0111185322 0.0193321686 -0.00761991693 0.0107212653 0.0591531284 -0.00712865498 0.0113835922 0.0225764476 -0.00813126471 0.0107212653 0.0591531284 -0.00712865498 0.0113716144 0.0581798516 -0.00810194016 0.0115448823 0.0257954486 -0.00867754221 0.0113835922 0.0225764476 -0.00813126471 0.0113716144 0.0581798516 -0.00810194016 0.0115999524 0.0289595686 -0.00924998522 0.0115448823 0.0257954486 -0.00867754221 0.0113716144 0.0581798516 -0.00810194016 0.0115999524 0.0289595686 -0.00924998522 0.0113716144 0.0581798516 -0.00810194016 0.0115999542 0.0570318587 -0.00924998522 0.0115999524 0.0325764418 -0.0104082804 0.0115999524 0.0289595686 -0.00924998522 0.0115999542 0.0570318587 -0.00924998522 0.0115999533 0.0386564694 -0.0125085097 0.0115999524 0.0325764418 -0.0104082804 0.0115999542 0.0570318587 -0.00924998522 0.0115999542 0.0570318587 -0.00924998522 0.0115999542 0.0509050414 -0.0172888003 0.0115999533 0.0447721407 -0.0148051297 0.0115999533 0.0386564694 -0.0125085097 0.0115999542 0.0570318587 -0.00924998522 0.0115999533 0.0447721407 -0.0148051297 0.0115999542 0.0570318587 -0.00924998522 0.0115999542 0.0570318587 -0.0199549105 0.0115999542 0.0509050414 -0.0172888003 0.0113716144 0.0581798516 -0.00810194016 0.0115682445 0.0574668609 -0.0202832799 0.0115999542 0.0570318587 -0.00924998522 0.0113716144 0.0581798516 -0.00810194016 0.0114534451 0.0579578802 -0.0206573606 0.0115682445 0.0574668609 -0.0202832799 0.0113716144 0.0581798516 -0.00810194016 0.0107212653 0.0591531284 -0.00712865498 0.0112640848 0.058411181 -0.0210059807 0.0107212653 0.0591531284 -0.00712865498 0.0107078552 0.0591665506 -0.0215941593 0.0110003352 0.05883139 -0.0213320795 0.0107212653 0.0591531284 -0.00712865498 0.00974804629 0.0598034784 -0.00647830917 0.010338366 0.0594768487 -0.0218384806 0.010338366 0.0594768487 -0.0218384806 0.0107078552 0.0591665506 -0.0215941593 0.0107212653 0.0591531284 -0.00712865498 0.00954032037 0.00903677847 -0.00635081483 0.00993502233 0.00973614957 -0.00646966649 0.0101450654 0.00962066557 -0.00646346761 0.0101450654 0.00962066557 -0.00646346761 0.00968694687 0.00892406609 -0.00633990718 0.00954032037 0.00903677847 -0.00635081483 0.00916618202 0.00860062148 -0.00627887202 0.00954032037 0.00903677847 -0.00635081483 0.00968694687 0.00892406609 -0.00633990718 0.00968694687 0.00892406609 -0.00633990718 0.00925397873 0.00848978665 -0.00626516296 0.00916618202 0.00860062148 -0.00627887202 0.0088361511 0.00839018729 -0.00624477817 0.00916618202 0.00860062148 -0.00627887202 0.00925397873 0.00848978665 -0.00626516296 0.00925397873 0.00848978665 -0.00626516296 0.00887268782 0.00828027632 -0.0062297578 0.0088361511 0.00839018729 -0.00624477817 0.00861379504 0.0083467355 -0.00623774435 0.0088361511 0.00839018729 -0.00624477817 0.00887268782 0.00828027632 -0.0062297578 0.00887268782 0.00828027632 -0.0062297578 0.00861591194 0.00823706202 -0.00622248603 0.00861379504 0.0083467355 -0.00623774435 0.0104486905 0.011000149 -0.00669461396 0.0107446909 0.0108802887 -0.00669765379 0.0101450654 0.00962066557 -0.00646346761 0.0101450654 0.00962066557 -0.00646346761 0.00993502233 0.00973614957 -0.00646966649 0.0104486905 0.011000149 -0.00669461396 0.011228621 0.0121966591 -0.006956934 0.0107446909 0.0108802887 -0.00669765379 0.0104486905 0.011000149 -0.00669461396 0.0104486905 0.011000149 -0.00669461396 0.0108596608 0.0123202791 -0.006943285 0.011228621 0.0121966591 -0.006956934 0.011675111 0.0136654293 -0.00726306392 0.011228621 0.0121966591 -0.006956934 0.0108596608 0.0123202791 -0.006943285 0.0108596608 0.0123202791 -0.006943285 0.0112345209 0.0137922093 -0.00723630097 0.011675111 0.0136654293 -0.00726306392 0.0120867407 0.0152705889 -0.00761693716 0.011675111 0.0136654293 -0.00726306392 0.0112345209 0.0137922093 -0.00723630097 0.0112345209 0.0137922093 -0.00723630097 0.0115748607 0.0153995091 -0.00757420016 0.0120867407 0.0152705889 -0.00761693716 0.0124621922 0.0169998389 -0.00801974535 0.0120867407 0.0152705889 -0.00761693716 0.0115748607 0.0153995091 -0.00757420016 0.0115748607 0.0153995091 -0.00757420016 0.0118785519 0.0171294175 -0.00795781612 0.0124621922 0.0169998389 -0.00801974535 0.0127975317 0.0188433472 -0.00847262144 0.0124621922 0.0169998389 -0.00801974535 0.0118785519 0.0171294175 -0.00795781612 0.0118785519 0.0171294175 -0.00795781612 0.0121412817 0.0189717989 -0.0083878627 0.0127975317 0.0188433472 -0.00847262144 0.0127975317 0.0188433472 -0.00847262144 0.0121412817 0.0189717989 -0.0083878627 0.0124630919 0.0221707188 -0.00918346643 0.0124630919 0.0221707188 -0.00918346643 0.0132393222 0.022049658 -0.00931477454 0.0127975317 0.0188433472 -0.00847262144 0.013508142 0.025234038 -0.0102155199 0.0132393222 0.022049658 -0.00931477454 0.0124630919 0.0221707188 -0.00918346643 0.0124630919 0.0221707188 -0.00918346643 0.0126175815 0.0253395978 -0.0100277001 0.013508142 0.025234038 -0.0102155199 0.0135957859 0.0283866599 -0.0111677097 0.013508142 0.025234038 -0.0102155199 0.0126175815 0.0253395978 -0.0100277001 0.0126175815 0.0253395978 -0.0100277001 0.0126000028 0.028446069 -0.0109041296 0.0135957859 0.0283866599 -0.0111677097 0.0088361511 0.00839018729 -0.00624477817 0.00861379504 0.0083467355 -0.00623774435 0.00861161947 0.0084571233 -0.0062469542 0.00861161947 0.0084571233 -0.0062469542 0.00879973173 0.00850087311 -0.00625300407 0.0088361511 0.00839018729 -0.00624477817 0.00916618202 0.00860062148 -0.00627887202 0.0088361511 0.00839018729 -0.00624477817 0.00879973173 0.00850087311 -0.00625300407 0.00879973173 0.00850087311 -0.00625300407 0.00907883141 0.00871258881 -0.00628253818 0.00916618202 0.00860062148 -0.00627887202 0.00954032037 0.00903677847 -0.00635081483 0.00916618202 0.00860062148 -0.00627887202 0.00907883141 0.00871258881 -0.00628253818 0.00907883141 0.00871258881 -0.00628253818 0.00939494371 0.00915145688 -0.00634473516 0.00954032037 0.00903677847 -0.00635081483 0.00993502233 0.00973614957 -0.00646966649 0.00954032037 0.00903677847 -0.00635081483 0.00939494371 0.00915145688 -0.00634473516 0.00939494371 0.00915145688 -0.00634473516 0.0097280154 0.00985505991 -0.00644743396 0.00993502233 0.00973614957 -0.00646966649 0.0104486905 0.011000149 -0.00669461396 0.00993502233 0.00973614957 -0.00646966649 0.0097280154 0.00985505991 -0.00644743396 0.0097280154 0.00985505991 -0.00644743396 0.0101602608 0.0111265695 -0.00664162589 0.0104486905 0.011000149 -0.00669461396 0.0101602608 0.0111265695 -0.00664162589 0.0097280154 0.00985505991 -0.00644743396 0.00952702854 0.00997572858 -0.00639712717 0.00952702854 0.00997572858 -0.00639712717 0.00988680217 0.0112563288 -0.0065399399 0.0101602608 0.0111265695 -0.00664162589 0.0108596608 0.0123202791 -0.006943285 0.0104486905 0.011000149 -0.00669461396 0.0101602608 0.0111265695 -0.00664162589 0.0101602608 0.0111265695 -0.00664162589 0.0105047207 0.0124542695 -0.00685590506 0.0108596608 0.0123202791 -0.006943285 0.0112345209 0.0137922093 -0.00723630097 0.0108596608 0.0123202791 -0.006943285 0.0105047207 0.0124542695 -0.00685590506 0.0105047207 0.0124542695 -0.00685590506 0.0108171711 0.0139343692 -0.00710785296 0.0112345209 0.0137922093 -0.00723630097 0.0115748607 0.0153995091 -0.00757420016 0.0112345209 0.0137922093 -0.00723630097 0.0108171711 0.0139343692 -0.00710785296 0.0108171711 0.0139343692 -0.00710785296 0.0110988012 0.0155503089 -0.00739771081 0.0115748607 0.0153995091 -0.00757420016 0.0118785519 0.0171294175 -0.00795781612 0.0115748607 0.0153995091 -0.00757420016 0.0110988012 0.0155503089 -0.00739771081 0.0110988012 0.0155503089 -0.00739771081 0.0113475919 0.0172893386 -0.00772589399 0.0118785519 0.0171294175 -0.00795781612 0.0121412817 0.0189717989 -0.0083878627 0.0118785519 0.0171294175 -0.00795781612 0.0113475919 0.0172893386 -0.00772589399 0.0113475919 0.0172893386 -0.00772589399 0.0115596019 0.0191410687 -0.00809246302 0.0121412817 0.0189717989 -0.0083878627 0.0124630919 0.0221707188 -0.00918346643 0.0121412817 0.0189717989 -0.0083878627 0.0115596019 0.0191410687 -0.00809246302 0.0115596019 0.0191410687 -0.00809246302 0.0118100019 0.0223560873 -0.00876688864 0.0124630919 0.0221707188 -0.00918346643 0.0126175815 0.0253395978 -0.0100277001 0.0124630919 0.0221707188 -0.00918346643 0.0118100019 0.0223560873 -0.00876688864 0.0118100019 0.0223560873 -0.00876688864 0.0119139515 0.0255408175 -0.00947648194 0.0126175815 0.0253395978 -0.0100277001 0.0126000028 0.028446069 -0.0109041296 0.0126175815 0.0253395978 -0.0100277001 0.0119139515 0.0255408175 -0.00947648194 0.0119139515 0.0255408175 -0.00947648194 0.0118679432 0.0286630876 -0.0102050304 0.0126000028 0.028446069 -0.0109041296 0.00879973173 0.00850087311 -0.00625300407 0.00861161947 0.0084571233 -0.0062469542 0.00860953424 0.0085678678 -0.00624999311 0.00860953424 0.0085678678 -0.00624999311 0.00876361225 0.00861191563 -0.00625443412 0.00879973173 0.00850087311 -0.00625300407 0.00907883141 0.00871258881 -0.00628253818 0.00879973173 0.00850087311 -0.00625300407 0.00876361225 0.00861191563 -0.00625443412 0.00876361225 0.00861191563 -0.00625443412 0.00899237487 0.00882515218 -0.00627607061 0.00907883141 0.00871258881 -0.00628253818 0.00939494371 0.00915145688 -0.00634473516 0.00907883141 0.00871258881 -0.00628253818 0.00899237487 0.00882515218 -0.00627607061 0.00899237487 0.00882515218 -0.00627607061 0.00925213099 0.00926715042 -0.00632172823 0.00939494371 0.00915145688 -0.00634473516 0.0097280154 0.00985505991 -0.00644743396 0.00939494371 0.00915145688 -0.00634473516 0.00925213099 0.00926715042 -0.00632172823 0.00925213099 0.00926715042 -0.00632172823 0.00952702854 0.00997572858 -0.00639712717 0.0097280154 0.00985505991 -0.00644743396 0.0105047207 0.0124542695 -0.00685590506 0.0101602608 0.0111265695 -0.00664162589 0.00988680217 0.0112563288 -0.0065399399 0.00988680217 0.0112563288 -0.0065399399 0.0101771913 0.0125934994 -0.00669801189 0.0105047207 0.0124542695 -0.00685590506 0.0108171711 0.0139343692 -0.00710785296 0.0105047207 0.0124542695 -0.00685590506 0.0101771913 0.0125934994 -0.00669801189 0.0101771913 0.0125934994 -0.00669801189 0.0104450509 0.014084449 -0.00688445522 0.0108171711 0.0139343692 -0.00710785296 0.0110988012 0.0155503089 -0.00739771081 0.0108171711 0.0139343692 -0.00710785296 0.0104450509 0.014084449 -0.00688445522 0.0104450509 0.014084449 -0.00688445522 0.0106920507 0.015712548 -0.0070998068 0.0110988012 0.0155503089 -0.00739771081 0.0113475919 0.0172893386 -0.00772589399 0.0110988012 0.0155503089 -0.00739771081 0.0106920507 0.015712548 -0.0070998068 0.0106920507 0.015712548 -0.0070998068 0.0109173022 0.017465109 -0.00734472182 0.0113475919 0.0172893386 -0.00772589399 0.0115596019 0.0191410687 -0.00809246302 0.0113475919 0.0172893386 -0.00772589399 0.0109173022 0.017465109 -0.00734472182 0.0109173022 0.017465109 -0.00734472182 0.0111185322 0.0193321686 -0.00761991693 0.0115596019 0.0191410687 -0.00809246302 0.0118100019 0.0223560873 -0.00876688864 0.0115596019 0.0191410687 -0.00809246302 0.0111185322 0.0193321686 -0.00761991693 0.0111185322 0.0193321686 -0.00761991693 0.0113835922 0.0225764476 -0.00813126471 0.0118100019 0.0223560873 -0.00876688864 0.0119139515 0.0255408175 -0.00947648194 0.0118100019 0.0223560873 -0.00876688864 0.0113835922 0.0225764476 -0.00813126471 0.0113835922 0.0225764476 -0.00813126471 0.0115448823 0.0257954486 -0.00867754221 0.0119139515 0.0255408175 -0.00947648194 0.0118679432 0.0286630876 -0.0102050304 0.0119139515 0.0255408175 -0.00947648194 0.0115448823 0.0257954486 -0.00867754221 0.0115448823 0.0257954486 -0.00867754221 0.0115999524 0.0289595686 -0.00924998522 0.0118679432 0.0286630876 -0.0102050304 0.0135957859 0.0283866599 -0.0111677097 0.0126000028 0.028446069 -0.0109041296 0.0125999432 0.0320338607 -0.0120531302 0.0125999432 0.0320338607 -0.0120531302 0.0135999927 0.0319498703 -0.0123075796 0.0135957859 0.0283866599 -0.0111677097 0.0125999432 0.0320338607 -0.0120531302 0.0126000028 0.028446069 -0.0109041296 0.0118679432 0.0286630876 -0.0102050304 0.0118679432 0.0286630876 -0.0102050304 0.0118679432 0.0322631486 -0.0113578998 0.0125999432 0.0320338607 -0.0120531302 0.0118679432 0.0322631486 -0.0113578998 0.0118679432 0.0286630876 -0.0102050304 0.0115999524 0.0289595686 -0.00924998522 0.0115999524 0.0289595686 -0.00924998522 0.0115999524 0.0325764418 -0.0104082804 0.0118679432 0.0322631486 -0.0113578998 0.0135999937 0.0379778706 -0.0143898698 0.0135999927 0.0319498703 -0.0123075796 0.0125999432 0.0320338607 -0.0120531302 0.0125999432 0.0320338607 -0.0120531302 0.0125999441 0.038068831 -0.0141378604 0.0135999937 0.0379778706 -0.0143898698 0.0125999441 0.038068831 -0.0141378604 0.0126000037 0.0441424809 -0.0164186899 0.0135999937 0.0440450907 -0.0166683104 0.0135999937 0.0440450907 -0.0166683104 0.0135999937 0.0379778706 -0.0143898698 0.0125999441 0.038068831 -0.0141378604 0.0135999937 0.0440450907 -0.0166683104 0.0126000037 0.0441424809 -0.0164186899 0.0126000047 0.0502345487 -0.0188858509 0.0126000047 0.0502345487 -0.0188858509 0.0135999946 0.0501196906 -0.0191281997 0.0135999937 0.0440450907 -0.0166683104 0.0135999946 0.0501196906 -0.0191281997 0.0126000047 0.0502345487 -0.0188858509 0.0135999946 0.0501308404 -0.0191329103 0.0135999946 0.0501308404 -0.0191329103 0.0212458335 0.0502117574 -0.0191669092 0.0135999946 0.0501196906 -0.0191281997 0.0135999946 0.0562096201 -0.0217780992 0.0135999946 0.0501308404 -0.0191329103 0.0126000047 0.0502345487 -0.0188858509 0.0126000047 0.0502345487 -0.0188858509 0.0126000047 0.0563197695 -0.0215338394 0.0135999946 0.0562096201 -0.0217780992 0.0125999441 0.038068831 -0.0141378604 0.0125999432 0.0320338607 -0.0120531302 0.0118679432 0.0322631486 -0.0113578998 0.0118679432 0.0322631486 -0.0113578998 0.0118679442 0.0383171402 -0.0134491902 0.0125999441 0.038068831 -0.0141378604 0.0126000037 0.0441424809 -0.0164186899 0.0125999441 0.038068831 -0.0141378604 0.0118679442 0.0383171402 -0.0134491902 0.0118679442 0.0383171402 -0.0134491902 0.0118679442 0.0444086082 -0.0157366898 0.0126000037 0.0441424809 -0.0164186899 0.0126000047 0.0502345487 -0.0188858509 0.0126000037 0.0441424809 -0.0164186899 0.0118679442 0.0444086082 -0.0157366898 0.0118679442 0.0444086082 -0.0157366898 0.0118679451 0.0505179688 -0.0182108805 0.0126000047 0.0502345487 -0.0188858509 0.0126000047 0.0563197695 -0.0215338394 0.0126000047 0.0502345487 -0.0188858509 0.0118679451 0.0505179688 -0.0182108805 0.0118679451 0.0505179688 -0.0182108805 0.0118679451 0.0566207096 -0.0208665095 0.0126000047 0.0563197695 -0.0215338394 0.0118679442 0.0383171402 -0.0134491902 0.0118679432 0.0322631486 -0.0113578998 0.0115999524 0.0325764418 -0.0104082804 0.0115999524 0.0325764418 -0.0104082804 0.0115999533 0.0386564694 -0.0125085097 0.0118679442 0.0383171402 -0.0134491902 0.0118679442 0.0444086082 -0.0157366898 0.0118679442 0.0383171402 -0.0134491902 0.0115999533 0.0386564694 -0.0125085097 0.0115999533 0.0386564694 -0.0125085097 0.0115999533 0.0447721407 -0.0148051297 0.0118679442 0.0444086082 -0.0157366898 0.0118679451 0.0505179688 -0.0182108805 0.0118679442 0.0444086082 -0.0157366898 0.0115999533 0.0447721407 -0.0148051297 0.0115999533 0.0447721407 -0.0148051297 0.0115999542 0.0509050414 -0.0172888003 0.0118679451 0.0505179688 -0.0182108805 0.0118679451 0.0566207096 -0.0208665095 0.0118679451 0.0505179688 -0.0182108805 0.0115999542 0.0509050414 -0.0172888003 0.0115999542 0.0509050414 -0.0172888003 0.0115999542 0.0570318587 -0.0199549105 0.0118679451 0.0566207096 -0.0208665095 0.0135471243 0.0569288097 -0.0221037809 0.0135999946 0.0562096201 -0.0217780992 0.0126000047 0.0563197695 -0.0215338394 0.0126000047 0.0563197695 -0.0215338394 0.0125904642 0.0569154583 -0.0218249504 0.0135471243 0.0569288097 -0.0221037809 0.0125904642 0.0569154583 -0.0218249504 0.0126000047 0.0563197695 -0.0215338394 0.0118679451 0.0566207096 -0.0208665095 0.0118679451 0.0566207096 -0.0208665095 0.0118713351 0.0571109615 -0.0211634003 0.0125904642 0.0569154583 -0.0218249504 0.0118713351 0.0571109615 -0.0211634003 0.0118679451 0.0566207096 -0.0208665095 0.0115999542 0.0570318587 -0.0199549105 0.0115999542 0.0570318587 -0.0199549105 0.0115682445 0.0574668609 -0.0202832799 0.0118713351 0.0571109615 -0.0211634003 0.0133557944 0.0577403903 -0.0224747602 0.0135471243 0.0569288097 -0.0221037809 0.0125904642 0.0569154583 -0.0218249504 0.0125904642 0.0569154583 -0.0218249504 0.0124690542 0.0575972684 -0.0221598092 0.0133557944 0.0577403903 -0.0224747602 0.0130401244 0.0584895015 -0.0228204709 0.0133557944 0.0577403903 -0.0224747602 0.0124690542 0.0575972684 -0.0221598092 0.0124690542 0.0575972684 -0.0221598092 0.0122385649 0.0582348704 -0.0224745199 0.0130401244 0.0584895015 -0.0228204709 0.0126005458 0.0591838919 -0.0231437609 0.0130401244 0.0584895015 -0.0228204709 0.0122385649 0.0582348704 -0.0224745199 0.0122385649 0.0582348704 -0.0224745199 0.0118988752 0.0588321611 -0.0227709394 0.0126005458 0.0591838919 -0.0231437609 0.0121130357 0.0597376786 -0.0234036408 0.0126005458 0.0591838919 -0.0231437609 0.0118988752 0.0588321611 -0.0227709394 0.0118988752 0.0588321611 -0.0227709394 0.011510496 0.0593125187 -0.0230104905 0.0121130357 0.0597376786 -0.0234036408 0.0114972554 0.0602502786 -0.0236458108 0.0121130357 0.0597376786 -0.0234036408 0.011510496 0.0593125187 -0.0230104905 0.011510496 0.0593125187 -0.0230104905 0.0110102855 0.0597601496 -0.0232346598 0.0114972554 0.0602502786 -0.0236458108 0.0108606257 0.0606316291 -0.0238269493 0.0114972554 0.0602502786 -0.0236458108 0.0110102855 0.0597601496 -0.0232346598 0.0110102855 0.0597601496 -0.0232346598 0.0104861856 0.0600948893 -0.0234029796 0.0108606257 0.0606316291 -0.0238269493 0.0101363054 0.0609272718 -0.0239680391 0.0108606257 0.0606316291 -0.0238269493 0.0104861856 0.0600948893 -0.0234029796 0.0104861856 0.0600948893 -0.0234029796 0.00988472067 0.0603554212 -0.0235343501 0.0101363054 0.0609272718 -0.0239680391 0.00937092863 0.0611076914 -0.0240544006 0.0101363054 0.0609272718 -0.0239680391 0.00988472067 0.0603554212 -0.0235343501 0.00988472067 0.0603554212 -0.0235343501 0.00924551953 0.0605148003 -0.0236148797 0.00937092863 0.0611076914 -0.0240544006 0.00860000122 0.0611670017 -0.0240828302 0.00937092863 0.0611076914 -0.0240544006 0.00924551953 0.0605148003 -0.0236148797 0.00924551953 0.0605148003 -0.0236148797 0.00860000122 0.0605672002 -0.0236414 0.00860000122 0.0611670017 -0.0240828302 0.0124690542 0.0575972684 -0.0221598092 0.0125904642 0.0569154583 -0.0218249504 0.0118713351 0.0571109615 -0.0211634003 0.0118713351 0.0571109615 -0.0211634003 0.0117831845 0.0576757118 -0.0215045195 0.0124690542 0.0575972684 -0.0221598092 0.0122385649 0.0582348704 -0.0224745199 0.0124690542 0.0575972684 -0.0221598092 0.0117831845 0.0576757118 -0.0215045195 0.0117831845 0.0576757118 -0.0215045195 0.0116026951 0.0582068488 -0.0218248907 0.0122385649 0.0582348704 -0.0224745199 0.0118988752 0.0588321611 -0.0227709394 0.0122385649 0.0582348704 -0.0224745199 0.0116026951 0.0582068488 -0.0218248907 0.0116026951 0.0582068488 -0.0218248907 0.0113296555 0.0587067604 -0.0221264903 0.0118988752 0.0588321611 -0.0227709394 0.011510496 0.0593125187 -0.0230104905 0.0118988752 0.0588321611 -0.0227709394 0.0113296555 0.0587067604 -0.0221264903 0.0113296555 0.0587067604 -0.0221264903 0.0110131558 0.0591103993 -0.0223700404 0.011510496 0.0593125187 -0.0230104905 0.0110102855 0.0597601496 -0.0232346598 0.011510496 0.0593125187 -0.0230104905 0.0110131558 0.0591103993 -0.0223700404 0.0110131558 0.0591103993 -0.0223700404 0.0106019955 0.0594877005 -0.0225979593 0.0110102855 0.0597601496 -0.0232346598 0.0104861856 0.0600948893 -0.0234029796 0.0110102855 0.0597601496 -0.0232346598 0.0106019955 0.0594877005 -0.0225979593 0.0106019955 0.0594877005 -0.0225979593 0.0101686753 0.0597704612 -0.0227689706 0.0104861856 0.0600948893 -0.0234029796 0.00988472067 0.0603554212 -0.0235343501 0.0104861856 0.0600948893 -0.0234029796 0.0101686753 0.0597704612 -0.0227689706 0.0101686753 0.0597704612 -0.0227689706 0.00966948736 0.0599909984 -0.0229024198 0.00988472067 0.0603554212 -0.0235343501 0.00966948736 0.0599909984 -0.0229024198 0.00913769566 0.0601260588 -0.0229842607 0.00924551953 0.0605148003 -0.0236148797 0.00924551953 0.0605148003 -0.0236148797 0.00988472067 0.0603554212 -0.0235343501 0.00966948736 0.0599909984 -0.0229024198 0.00860000122 0.0605672002 -0.0236414 0.00924551953 0.0605148003 -0.0236148797 0.00913769566 0.0601260588 -0.0229842607 0.00913769566 0.0601260588 -0.0229842607 0.00860000122 0.0601704717 -0.0230111405 0.00860000122 0.0605672002 -0.0236414 0.0117831845 0.0576757118 -0.0215045195 0.0118713351 0.0571109615 -0.0211634003 0.0115682445 0.0574668609 -0.0202832799 0.0115682445 0.0574668609 -0.0202832799 0.0114534451 0.0579578802 -0.0206573606 0.0117831845 0.0576757118 -0.0215045195 0.0116026951 0.0582068488 -0.0218248907 0.0117831845 0.0576757118 -0.0215045195 0.0114534451 0.0579578802 -0.0206573606 0.0114534451 0.0579578802 -0.0206573606 0.0112640848 0.058411181 -0.0210059807 0.0116026951 0.0582068488 -0.0218248907 0.0113296555 0.0587067604 -0.0221264903 0.0116026951 0.0582068488 -0.0218248907 0.0112640848 0.058411181 -0.0210059807 0.0112640848 0.058411181 -0.0210059807 0.0110003352 0.05883139 -0.0213320795 0.0113296555 0.0587067604 -0.0221264903 0.0110131558 0.0591103993 -0.0223700404 0.0113296555 0.0587067604 -0.0221264903 0.0110003352 0.05883139 -0.0213320795 0.0110003352 0.05883139 -0.0213320795 0.0107078552 0.0591665506 -0.0215941593 0.0110131558 0.0591103993 -0.0223700404 0.0106019955 0.0594877005 -0.0225979593 0.0110131558 0.0591103993 -0.0223700404 0.0107078552 0.0591665506 -0.0215941593 0.0107078552 0.0591665506 -0.0215941593 0.010338366 0.0594768487 -0.0218384806 0.0106019955 0.0594877005 -0.0225979593 0.0101686753 0.0597704612 -0.0227689706 0.0106019955 0.0594877005 -0.0225979593 0.010338366 0.0594768487 -0.0218384806 0.010338366 0.0594768487 -0.0218384806 0.00995636452 0.0597077012 -0.0220212899 0.0101686753 0.0597704612 -0.0227689706 0.00966948736 0.0599909984 -0.0229024198 0.0101686753 0.0597704612 -0.0227689706 0.00995636452 0.0597077012 -0.0220212899 0.00995636452 0.0597077012 -0.0220212899 0.00952178799 0.0598866902 -0.0221636798 0.00966948736 0.0599909984 -0.0229024198 0.00913769566 0.0601260588 -0.0229842607 0.00966948736 0.0599909984 -0.0229024198 0.00952178799 0.0598866902 -0.0221636798 0.00952178799 0.0598866902 -0.0221636798 0.00906253327 0.0599959418 -0.0222508293 0.00913769566 0.0601260588 -0.0229842607 0.00860000122 0.0601704717 -0.0230111405 0.00913769566 0.0601260588 -0.0229842607 0.00906253327 0.0599959418 -0.0222508293 0.00906253327 0.0599959418 -0.0222508293 0.00860000122 0.0600318313 -0.0222794991 0.00860000122 0.0601704717 -0.0230111405 0.00860000122 0.0605672002 -0.0236414 -0.00859999005 0.0605672002 -0.0236414 -0.00859999005 0.0611670017 -0.0240828302 -0.00859999005 0.0611670017 -0.0240828302 0.00860000122 0.0611670017 -0.0240828302 0.00860000122 0.0605672002 -0.0236414 0.00860000122 0.0601704717 -0.0230111405 -0.00859999005 0.0601704717 -0.0230111405 -0.00859999005 0.0605672002 -0.0236414 -0.00859999005 0.0605672002 -0.0236414 0.00860000122 0.0605672002 -0.0236414 0.00860000122 0.0601704717 -0.0230111405 0.00860000122 0.0600318313 -0.0222794991 -0.00859999005 0.0600318313 -0.0222794991 -0.00859999005 0.0601704717 -0.0230111405 -0.00859999005 0.0601704717 -0.0230111405 0.00860000122 0.0601704717 -0.0230111405 0.00860000122 0.0600318313 -0.0222794991 0.00968694687 0.00892406609 -0.00633990718 0.0101450654 0.00962066557 -0.00646346761 0.0119969212 0.00707912305 -0.00603461219 0.0119969212 0.00707912305 -0.00603461219 0.00925397873 0.00848978665 -0.00626516296 0.00968694687 0.00892406609 -0.00633990718 0.0119969212 0.00707912305 -0.00603461219 0.0110772708 0.00269359187 -0.00545895379 0.00925397873 0.00848978665 -0.00626516296 0.00887268782 0.00828027632 -0.0062297578 0.00925397873 0.00848978665 -0.00626516296 0.0110772708 0.00269359187 -0.00545895379 0.0110772708 0.00269359187 -0.00545895379 0.00861591194 0.00823706202 -0.00622248603 0.00887268782 0.00828027632 -0.0062297578 0.0135999946 0.0562096201 -0.0217780992 0.0135471243 0.0569288097 -0.0221037809 0.0230687261 0.0568305179 -0.0220591407 0.0230687261 0.0568305179 -0.0220591407 0.0235650223 0.0556388758 -0.0215210095 0.0135999946 0.0562096201 -0.0217780992 0.0135999927 0.0319498703 -0.0123075796 0.0159262586 0.0320359655 -0.012320105 0.0152941924 0.0287128575 -0.0112678995 0.0152941924 0.0287128575 -0.0112678995 0.0135957859 0.0283866599 -0.0111677097 0.0135999927 0.0319498703 -0.0123075796 0.0159262586 0.0320359655 -0.012320105 0.0135999927 0.0319498703 -0.0123075796 0.0135999937 0.0379778706 -0.0143898698 0.0135999937 0.0379778706 -0.0143898698 0.0171487946 0.0374744497 -0.0142089697 0.0159262586 0.0320359655 -0.012320105 0.0171487946 0.0374744497 -0.0142089697 0.0135999937 0.0379778706 -0.0143898698 0.0135999937 0.0440450907 -0.0166683104 0.0135999937 0.0440450907 -0.0166683104 0.019361794 0.0450615212 -0.0170674901 0.0171487946 0.0374744497 -0.0142089697 0.019361794 0.0450615212 -0.0170674901 0.0135999937 0.0440450907 -0.0166683104 0.0135999946 0.0501196906 -0.0191281997 0.0135999946 0.0501196906 -0.0191281997 0.0212458335 0.0502117574 -0.0191669092 0.019361794 0.0450615212 -0.0170674901 0.0212458335 0.0502117574 -0.0191669092 0.0135999946 0.0501308404 -0.0191329103 0.0135999946 0.0562096201 -0.0217780992 0.0135999946 0.0562096201 -0.0217780992 0.0235650223 0.0556388758 -0.0215210095 0.0212458335 0.0502117574 -0.0191669092 0.0135957859 0.0283866599 -0.0111677097 0.0152941924 0.0287128575 -0.0112678995 0.0147363907 0.0252199024 -0.0102334954 0.0147363907 0.0252199024 -0.0102334954 0.013508142 0.025234038 -0.0102155199 0.0135957859 0.0283866599 -0.0111677097 0.013508142 0.025234038 -0.0102155199 0.0147363907 0.0252199024 -0.0102334954 0.0142413005 0.0219501257 -0.00929726008 0.0142413005 0.0219501257 -0.00929726008 0.0132393222 0.022049658 -0.00931477454 0.013508142 0.025234038 -0.0102155199 0.0131964609 0.014553179 -0.00745630218 0.0124621922 0.0169998389 -0.00801974535 0.0127975317 0.0188433472 -0.00847262144 0.0127975317 0.0188433472 -0.00847262144 0.0137830656 0.0187326018 -0.00845036749 0.0131964609 0.014553179 -0.00745630218 0.012595891 0.0105736786 -0.00663936092 0.011228621 0.0121966591 -0.006956934 0.011675111 0.0136654293 -0.00726306392 0.011675111 0.0136654293 -0.00726306392 0.0131964609 0.014553179 -0.00745630218 0.012595891 0.0105736786 -0.00663936092 0.0131964609 0.014553179 -0.00745630218 0.011675111 0.0136654293 -0.00726306392 0.0120867407 0.0152705889 -0.00761693716 0.0120867407 0.0152705889 -0.00761693716 0.0124621922 0.0169998389 -0.00801974535 0.0131964609 0.014553179 -0.00745630218 0.011228621 0.0121966591 -0.006956934 0.012595891 0.0105736786 -0.00663936092 0.0107446909 0.0108802887 -0.00669765379 0.0107446909 0.0108802887 -0.00669765379 0.012595891 0.0105736786 -0.00663936092 0.0119969212 0.00707912305 -0.00603461219 0.0119969212 0.00707912305 -0.00603461219 0.0101450654 0.00962066557 -0.00646346761 0.0107446909 0.0108802887 -0.00669765379 0.0180000048 0.0627185702 -0.0244999509 0.00860000122 0.0660318062 -0.0244999509 0.00860000122 0.0665318295 -0.0244999509 0.00860000122 0.0665318295 -0.0244999509 0.0180000048 0.0665318295 -0.0244999509 0.0180000048 0.0627185702 -0.0244999509 0.00881129503 -0.00496810675 -0.00499999523 0.00999999046 -0.00496810675 -0.00394111779 0.00999999046 -0.00496810675 0 0.00999999046 -0.00496810675 -0.00394111779 0.00881129503 -0.00496810675 -0.00499999523 0.0100269904 -0.00135266792 -0.00510692503 0.0100269904 -0.00135266792 -0.00510692503 0.0111605776 -0.00136871671 -0.00406823028 0.00999999046 -0.00496810675 -0.00394111779 0.012205 0.00268773595 -0.00441165222 0.0111605776 -0.00136871671 -0.00406823028 0.0100269904 -0.00135266792 -0.00510692503 0.0100269904 -0.00135266792 -0.00510692503 0.0110772708 0.00269359187 -0.00545895379 0.012205 0.00268773595 -0.00441165222 0.012205 0.00268773595 -0.00441165222 0.0110772708 0.00269359187 -0.00545895379 0.0119969212 0.00707912305 -0.00603461219 0.0119969212 0.00707912305 -0.00603461219 0.0132507607 0.00790727045 -0.00512516405 0.012205 0.00268773595 -0.00441165222 0.0132507607 0.00790727045 -0.00512516405 0.0119969212 0.00707912305 -0.00603461219 0.012595891 0.0105736786 -0.00663936092 0.012595891 0.0105736786 -0.00663936092 0.0138122411 0.0113174887 -0.00573539687 0.0132507607 0.00790727045 -0.00512516405 0.0143608414 0.0150359189 -0.00651270105 0.0138122411 0.0113174887 -0.00573539687 0.012595891 0.0105736786 -0.00663936092 0.012595891 0.0105736786 -0.00663936092 0.0131964609 0.014553179 -0.00745630218 0.0143608414 0.0150359189 -0.00651270105 0.0148810716 0.0187730677 -0.00740027381 0.0143608414 0.0150359189 -0.00651270105 0.0131964609 0.014553179 -0.00745630218 0.0131964609 0.014553179 -0.00745630218 0.0137830656 0.0187326018 -0.00845036749 0.0148810716 0.0187730677 -0.00740027381 0.0137830656 0.0187326018 -0.00845036749 0.0142413005 0.0219501257 -0.00929726008 0.0148810716 0.0187730677 -0.00740027381 0.0158314388 0.0252239406 -0.00920115784 0.0147363907 0.0252199024 -0.0102334954 0.0152941924 0.0287128575 -0.0112678995 0.0152941924 0.0287128575 -0.0112678995 0.0164340716 0.0290627982 -0.0103270402 0.0158314388 0.0252239406 -0.00920115784 0.0164340716 0.0290627982 -0.0103270402 0.0152941924 0.0287128575 -0.0112678995 0.0159262586 0.0320359655 -0.012320105 0.0159262586 0.0320359655 -0.012320105 0.0170754585 0.0323742516 -0.0114145065 0.0164340716 0.0290627982 -0.0103270402 0.0159262586 0.0320359655 -0.012320105 0.0171487946 0.0374744497 -0.0142089697 0.0180823244 0.0369550511 -0.0129929101 0.0180823244 0.0369550511 -0.0129929101 0.0170754585 0.0323742516 -0.0114145065 0.0159262586 0.0320359655 -0.012320105 0.0180823244 0.0369550511 -0.0129929101 0.0171487946 0.0374744497 -0.0142089697 0.019361794 0.0450615212 -0.0170674901 0.019361794 0.0450615212 -0.0170674901 0.020157693 0.0442935787 -0.0157614294 0.0180823244 0.0369550511 -0.0129929101 0.0226266682 0.0510497615 -0.0185500942 0.020157693 0.0442935787 -0.0157614294 0.019361794 0.0450615212 -0.0170674901 0.019361794 0.0450615212 -0.0170674901 0.0212458335 0.0502117574 -0.0191669092 0.0226266682 0.0510497615 -0.0185500942 0.0226266682 0.0510497615 -0.0185500942 0.0212458335 0.0502117574 -0.0191669092 0.0235650223 0.0556388758 -0.0215210095 0.0235650223 0.0556388758 -0.0215210095 0.0238392949 0.0538914166 -0.0197898094 0.0226266682 0.0510497615 -0.0185500942 0.0245925058 0.0568208583 -0.021684926 0.0253457464 0.0570816286 -0.0212347507 0.0238392949 0.0538914166 -0.0197898094 0.0238392949 0.0538914166 -0.0197898094 0.0235650223 0.0556388758 -0.0215210095 0.0245925058 0.0568208583 -0.021684926 0.0252410155 0.0580714867 -0.0213968698 0.0253457464 0.0570816286 -0.0212347507 0.0245925058 0.0568208583 -0.021684926 0.0245925058 0.0568208583 -0.021684926 0.0242726263 0.0573837645 -0.0219882093 0.0252410155 0.0580714867 -0.0213968698 0.0245925058 0.0568208583 -0.021684926 0.0235650223 0.0556388758 -0.0215210095 0.0230687261 0.0568305179 -0.0220591407 0.0230687261 0.0568305179 -0.0220591407 0.0242726263 0.0573837645 -0.0219882093 0.0245925058 0.0568208583 -0.021684926 0.0243253764 0.0593684874 -0.0222452804 0.0252410155 0.0580714867 -0.0213968698 0.0242726263 0.0573837645 -0.0219882093 0.0242726263 0.0573837645 -0.0219882093 0.0234558564 0.0586874373 -0.0226565003 0.0243253764 0.0593684874 -0.0222452804 0.023186205 0.0605780445 -0.0230486058 0.0243253764 0.0593684874 -0.0222452804 0.0234558564 0.0586874373 -0.0226565003 0.0234558564 0.0586874373 -0.0226565003 0.0224563796 0.0599025972 -0.0232877396 0.023186205 0.0605780445 -0.0230486058 0.0221559461 0.0613914654 -0.0235954504 0.023186205 0.0605780445 -0.0230486058 0.0224563796 0.0599025972 -0.0232877396 0.0224563796 0.0599025972 -0.0232877396 0.0215622764 0.0607194267 -0.0237166807 0.0221559461 0.0613914654 -0.0235954504 0.0212467965 0.0619263612 -0.0239582006 0.0221559461 0.0613914654 -0.0235954504 0.0215622764 0.0607194267 -0.0237166807 0.0215622764 0.0607194267 -0.0237166807 0.0207785964 0.0612564012 -0.0240008794 0.0212467965 0.0619263612 -0.0239582006 0.0203716755 0.062302351 -0.0242146794 0.0212467965 0.0619263612 -0.0239582006 0.0207785964 0.0612564012 -0.0240008794 0.0207785964 0.0612564012 -0.0240008794 0.0200274549 0.0616338216 -0.0242016297 0.0203716755 0.062302351 -0.0242146794 0.0195564665 0.0625410601 -0.0243781209 0.0203716755 0.062302351 -0.0242146794 0.0200274549 0.0616338216 -0.0242016297 0.0200274549 0.0616338216 -0.0242016297 0.0193296056 0.0618733093 -0.0243295394 0.0195564665 0.0625410601 -0.0243781209 0.0187773164 0.0626745224 -0.0244697295 0.0195564665 0.0625410601 -0.0243781209 0.0193296056 0.0618733093 -0.0243295394 0.0193296056 0.0618733093 -0.0243295394 0.0186637659 0.0620073006 -0.0244011804 0.0187773164 0.0626745224 -0.0244697295 0.0180000048 0.0627185702 -0.0244999509 0.0187773164 0.0626745224 -0.0244697295 0.0186637659 0.0620073006 -0.0244011804 0.0186637659 0.0620073006 -0.0244011804 0.0179999452 0.0620514713 -0.0244248491 0.0180000048 0.0627185702 -0.0244999509 0.0234558564 0.0586874373 -0.0226565003 0.0242726263 0.0573837645 -0.0219882093 0.0230687261 0.0568305179 -0.0220591407 0.0230687261 0.0568305179 -0.0220591407 0.0224277359 0.0581114776 -0.0226456504 0.0234558564 0.0586874373 -0.0226565003 0.0224563796 0.0599025972 -0.0232877396 0.0234558564 0.0586874373 -0.0226565003 0.0224277359 0.0581114776 -0.0226456504 0.0224277359 0.0581114776 -0.0226456504 0.0216303505 0.059305694 -0.0232008044 0.0224563796 0.0599025972 -0.0232877396 0.0215622764 0.0607194267 -0.0237166807 0.0224563796 0.0599025972 -0.0232877396 0.0216303505 0.059305694 -0.0232008044 0.0216303505 0.059305694 -0.0232008044 0.0209091362 0.0601085387 -0.0235786401 0.0215622764 0.0607194267 -0.0237166807 0.0207785964 0.0612564012 -0.0240008794 0.0215622764 0.0607194267 -0.0237166807 0.0209091362 0.0601085387 -0.0235786401 0.0209091362 0.0601085387 -0.0235786401 0.0202727355 0.0606363416 -0.0238292199 0.0207785964 0.0612564012 -0.0240008794 0.0200274549 0.0616338216 -0.0242016297 0.0207785964 0.0612564012 -0.0240008794 0.0202727355 0.0606363416 -0.0238292199 0.0202727355 0.0606363416 -0.0238292199 0.0196601748 0.0610072613 -0.0240062997 0.0200274549 0.0616338216 -0.0242016297 0.0193296056 0.0618733093 -0.0243295394 0.0200274549 0.0616338216 -0.0242016297 0.0196601748 0.0610072613 -0.0240062997 0.0196601748 0.0610072613 -0.0240062997 0.0190895163 0.0612426884 -0.0241191294 0.0193296056 0.0618733093 -0.0243295394 0.0186637659 0.0620073006 -0.0244011804 0.0193296056 0.0618733093 -0.0243295394 0.0190895163 0.0612426884 -0.0241191294 0.0190895163 0.0612426884 -0.0241191294 0.018544076 0.0613743588 -0.0241824295 0.0186637659 0.0620073006 -0.0244011804 0.0179999452 0.0620514713 -0.0244248491 0.0186637659 0.0620073006 -0.0244011804 0.018544076 0.0613743588 -0.0241824295 0.018544076 0.0613743588 -0.0241824295 0.0180000048 0.061417751 -0.0242033005 0.0179999452 0.0620514713 -0.0244248491 0.0243253764 0.0593684874 -0.0222452804 0.0250710249 0.0665318295 -0.0215710402 0.0252410155 0.0580714867 -0.0213968698 0.0279999953 0.0620318577 -0.0144999595 0.0277299862 0.061560858 -0.0168080907 0.0276592355 0.0665318295 -0.0170881692 0.0276592355 0.0665318295 -0.0170881692 0.0279999953 0.0665318295 -0.0144999595 0.0279999953 0.0620318577 -0.0144999595 0.0276592355 0.0665318295 -0.0170881692 0.0277299862 0.061560858 -0.0168080907 0.0270476658 0.0603323765 -0.0186517201 0.0270476658 0.0603323765 -0.0186517201 0.0266602058 0.0665318295 -0.0194999501 0.0276592355 0.0665318295 -0.0170881692 0.0262684859 0.0588888451 -0.0201241896 0.0250710249 0.0665318295 -0.0215710402 0.0266602058 0.0665318295 -0.0194999501 0.0266602058 0.0665318295 -0.0194999501 0.0270476658 0.0603323765 -0.0186517201 0.0262684859 0.0588888451 -0.0201241896 0.022999946 0.0665318295 -0.0231602099 0.0212467965 0.0619263612 -0.0239582006 0.0203716755 0.062302351 -0.0242146794 0.0203716755 0.062302351 -0.0242146794 0.0205881558 0.0665318295 -0.0241592508 0.022999946 0.0665318295 -0.0231602099 0.0203716755 0.062302351 -0.0242146794 0.0195564665 0.0625410601 -0.0243781209 0.0205881558 0.0665318295 -0.0241592508 0.0212467965 0.0619263612 -0.0239582006 0.022999946 0.0665318295 -0.0231602099 0.0221559461 0.0613914654 -0.0235954504 0.023186205 0.0605780445 -0.0230486058 0.0221559461 0.0613914654 -0.0235954504 0.022999946 0.0665318295 -0.0231602099 0.022999946 0.0665318295 -0.0231602099 0.0250710249 0.0665318295 -0.0215710402 0.023186205 0.0605780445 -0.0230486058 0.0250710249 0.0665318295 -0.0215710402 0.0243253764 0.0593684874 -0.0222452804 0.023186205 0.0605780445 -0.0230486058 0.0205881558 0.0665318295 -0.0241592508 0.0195564665 0.0625410601 -0.0243781209 0.0187773164 0.0626745224 -0.0244697295 0.0187773164 0.0626745224 -0.0244697295 0.0180000048 0.0665318295 -0.0244999509 0.0205881558 0.0665318295 -0.0241592508 0.0187773164 0.0626745224 -0.0244697295 0.0180000048 0.0627185702 -0.0244999509 0.0180000048 0.0665318295 -0.0244999509 0.0179999452 0.0670318007 -0.0239999797 0.0180000048 0.0665318295 -0.0244999509 0.00860000122 0.0665318295 -0.0244999509 0.00860000122 0.0665318295 -0.0244999509 0.00909996498 0.0670318007 -0.0239999797 0.0179999452 0.0670318007 -0.0239999797 0.00860000122 0.0665318295 -0.0244999509 0.00860000122 0.0660318062 -0.0244999509 0.00860000122 0.0660318062 -0.00199997425 0.00860000122 0.0660318062 -0.00199997425 0.00860000122 0.0665318295 -0.00199997425 0.00860000122 0.0665318295 -0.0244999509 0.0205881558 0.0665318295 -0.0241592508 0.0180000048 0.0665318295 -0.0244999509 0.0179999452 0.0670318007 -0.0239999797 0.0179999452 0.0670318007 -0.0239999797 0.020458756 0.0670318007 -0.0236762706 0.0205881558 0.0665318295 -0.0241592508 0.022999946 0.0665318295 -0.0231602099 0.0205881558 0.0665318295 -0.0241592508 0.020458756 0.0670318007 -0.0236762706 0.020458756 0.0670318007 -0.0236762706 0.022749966 0.0670318007 -0.0227271896 0.022999946 0.0665318295 -0.0231602099 0.0250710249 0.0665318295 -0.0215710402 0.022999946 0.0665318295 -0.0231602099 0.022749966 0.0670318007 -0.0227271896 0.022749966 0.0670318007 -0.0227271896 0.024717506 0.0670318007 -0.0212174598 0.0250710249 0.0665318295 -0.0215710402 0.0266602058 0.0665318295 -0.0194999501 0.0250710249 0.0665318295 -0.0215710402 0.024717506 0.0670318007 -0.0212174598 0.024717506 0.0670318007 -0.0212174598 0.0262272358 0.0670318007 -0.0192499701 0.0266602058 0.0665318295 -0.0194999501 0.0276592355 0.0665318295 -0.0170881692 0.0266602058 0.0665318295 -0.0194999501 0.0262272358 0.0670318007 -0.0192499701 0.0262272358 0.0670318007 -0.0192499701 0.0271762647 0.0670318007 -0.0169587694 0.0276592355 0.0665318295 -0.0170881692 0.0279999953 0.0665318295 -0.0144999595 0.0276592355 0.0665318295 -0.0170881692 0.0271762647 0.0670318007 -0.0169587694 0.0271762647 0.0670318007 -0.0169587694 0.0274999756 0.0670318007 -0.0144999595 0.0279999953 0.0665318295 -0.0144999595 0.0279999953 0.0620318577 -0.0144999595 0.0279999953 0.0665318295 -0.0144999595 0.0279999953 0.0665318295 -0.00199997425 0.0279999953 0.0665318295 -0.00199997425 0.0279999953 0.0620318577 -0.00199997402 0.0279999953 0.0620318577 -0.0144999595 0.0274999756 0.0670318007 -0.0144999595 0.0274999756 0.0670318007 -0.00199997425 0.0279999953 0.0665318295 -0.00199997425 0.0279999953 0.0665318295 -0.00199997425 0.0279999953 0.0665318295 -0.0144999595 0.0274999756 0.0670318007 -0.0144999595 0.00860000122 0.0665318295 -0.0244999509 0.00860000122 0.0665318295 -0.00199997425 0.00909996498 0.0670318007 -0.00199997425 0.00909996498 0.0670318007 -0.00199997425 0.00909996498 0.0670318007 -0.0239999797 0.00860000122 0.0665318295 -0.0244999509 0.0148807121 0.0187706277 -0.00117462804 0.0148810716 0.0187730677 -0.00740027381 0.0158314388 0.0252239406 -0.00920115784 0.0158314388 0.0252239406 -0.00920115784 0.0158173833 0.0252239406 -0.00172388251 0.0148807121 0.0187706277 -0.00117462804 0.0143608414 0.0150359189 -0.00651270105 0.0148810716 0.0187730677 -0.00740027381 0.0148807121 0.0187706277 -0.00117462804 0.0148807121 0.0187706277 -0.00117462804 0.014114731 0.0133273592 -0.000711426022 0.0143608414 0.0150359189 -0.00651270105 0.014114731 0.0133273592 -0.000711426022 0.0138122411 0.0113174887 -0.00573539687 0.0143608414 0.0150359189 -0.00651270105 0.0138122411 0.0113174887 -0.00573539687 0.014114731 0.0133273592 -0.000711426022 0.0132493908 0.0078993421 -0.000249465986 0.0132493908 0.0078993421 -0.000249465986 0.0132507607 0.00790727045 -0.00512516405 0.0138122411 0.0113174887 -0.00573539687 0.011094437 -0.00134731736 0 0.0111605776 -0.00136871671 -0.00406823028 0.012205 0.00268773595 -0.00441165222 0.012205 0.00268773595 -0.00441165222 0.012113939 0.00268773572 -6.19268803e-06 0.011094437 -0.00134731736 0 0.012113939 0.00268773572 -6.19268803e-06 0.012205 0.00268773595 -0.00441165222 0.0132507607 0.00790727045 -0.00512516405 0.0132507607 0.00790727045 -0.00512516405 0.0132493908 0.0078993421 -0.000249465986 0.012113939 0.00268773572 -6.19268803e-06 0.00999999046 -0.00496810675 0 0.00999999046 -0.00496810675 -0.00394111779 0.0111605776 -0.00136871671 -0.00406823028 0.0111605776 -0.00136871671 -0.00406823028 0.011094437 -0.00134731736 0 0.00999999046 -0.00496810675 0 0.0158173833 0.0252239406 -0.00172388251 0.0158314388 0.0252239406 -0.00920115784 0.0164340716 0.0290627982 -0.0103270402 0.0164340716 0.0290627982 -0.0103270402 0.0164325815 0.0290545188 -0.00197505904 0.0158173833 0.0252239406 -0.00172388251 0.0164325815 0.0290545188 -0.00197505904 0.0164340716 0.0290627982 -0.0103270402 0.0170754585 0.0323742516 -0.0114145065 0.0170754585 0.0323742516 -0.0114145065 0.017094275 0.0323742479 -0.00199997402 0.0164325815 0.0290545188 -0.00197505904 0.017094275 0.0323742479 -0.00199997402 0.0170754585 0.0323742516 -0.0114145065 0.0180823244 0.0369550511 -0.0129929101 0.0180823244 0.0369550511 -0.0129929101 0.0180811845 0.0369502902 -0.00199997402 0.017094275 0.0323742479 -0.00199997402 0.0180823244 0.0369550511 -0.0129929101 0.020157693 0.0442935787 -0.0157614294 0.0201563835 0.0442894101 -0.00199997402 0.0201563835 0.0442894101 -0.00199997402 0.0180811845 0.0369502902 -0.00199997402 0.0180823244 0.0369550511 -0.0129929101 0.0226266682 0.0510497615 -0.0185500942 0.0229568444 0.0518579371 -0.00199997402 0.0201563835 0.0442894101 -0.00199997402 0.0201563835 0.0442894101 -0.00199997402 0.020157693 0.0442935787 -0.0157614294 0.0226266682 0.0510497615 -0.0185500942 0.0238392949 0.0538914166 -0.0197898094 0.0253457464 0.0570816286 -0.0212347507 0.0262684859 0.0588888451 -0.0201241896 0.0262684859 0.0588888451 -0.0201241896 0.0262684859 0.0588888451 -0.00199997402 0.0238392949 0.0538914166 -0.0197898094 0.0229568444 0.0518579371 -0.00199997402 0.0226266682 0.0510497615 -0.0185500942 0.0238392949 0.0538914166 -0.0197898094 0.0238392949 0.0538914166 -0.0197898094 0.0262684859 0.0588888451 -0.00199997402 0.0229568444 0.0518579371 -0.00199997402 0.0262684859 0.0588888451 -0.00199997402 0.0262684859 0.0588888451 -0.0201241896 0.0270476658 0.0603323765 -0.0186517201 0.0262684859 0.0588888451 -0.00199997402 0.0277299862 0.061560858 -0.0168080907 0.0279999953 0.0620318577 -0.0144999595 0.0277299862 0.061560858 -0.0168080907 0.0262684859 0.0588888451 -0.00199997402 0.0270476658 0.0603323765 -0.0186517201 -0.00859999005 0.0600318313 -0.00624996377 -0.00859999005 0.0600318313 -0.0222794991 0.00860000122 0.0600318313 -0.0222794991 0.00860000122 0.0600318313 -0.0222794991 0.00860000122 0.0600318313 -0.00624996377 -0.00859999005 0.0600318313 -0.00624996377 0.0274999756 0.0670318007 -0.00199997425 0.0274999756 0.0670318007 -0.0144999595 0.0271762647 0.0670318007 -0.0169587694 0.0271762647 0.0670318007 -0.0169587694 0.0262272358 0.0670318007 -0.0192499701 0.024717506 0.0670318007 -0.0212174598 0.024717506 0.0670318007 -0.0212174598 0.022749966 0.0670318007 -0.0227271896 0.020458756 0.0670318007 -0.0236762706 0.0271762647 0.0670318007 -0.0169587694 0.024717506 0.0670318007 -0.0212174598 0.020458756 0.0670318007 -0.0236762706 0.0274999756 0.0670318007 -0.00199997425 0.0271762647 0.0670318007 -0.0169587694 0.020458756 0.0670318007 -0.0236762706 0.020458756 0.0670318007 -0.0236762706 0.0179999452 0.0670318007 -0.0239999797 0.00909996498 0.0670318007 -0.0239999797 0.0274999756 0.0670318007 -0.00199997425 0.020458756 0.0670318007 -0.0236762706 0.00909996498 0.0670318007 -0.0239999797 0.00909996498 0.0670318007 -0.00199997425 0.0274999756 0.0670318007 -0.00199997425 0.00909996498 0.0670318007 -0.0239999797 0.0137830656 0.0187326018 -0.00845036749 0.0127975317 0.0188433472 -0.00847262144 0.0132393222 0.022049658 -0.00931477454 0.0132393222 0.022049658 -0.00931477454 0.0142413005 0.0219501257 -0.00929726008 0.0137830656 0.0187326018 -0.00845036749 -0.012113939 0.00268773804 -6.19268803e-06 -0.011094437 -0.0013473155 0 0.011094437 -0.00134731736 0 0.011094437 -0.00134731736 0 0.012113939 0.00268773572 -6.19268803e-06 -0.012113939 0.00268773804 -6.19268803e-06 -0.011094437 -0.0013473155 0 -0.00999999046 -0.00496810488 0 0.00999999046 -0.00496810675 0 0.00999999046 -0.00496810675 0 0.011094437 -0.00134731736 0 -0.011094437 -0.0013473155 0 -0.0148807084 0.0187706314 -0.00117462804 -0.0141147291 0.0133273611 -0.000711426022 0.014114731 0.0133273592 -0.000711426022 0.014114731 0.0133273592 -0.000711426022 0.0148807121 0.0187706277 -0.00117462804 -0.0148807084 0.0187706314 -0.00117462804 -0.0141147291 0.0133273611 -0.000711426022 -0.0132493889 0.00789934397 -0.000249465986 0.0132493908 0.0078993421 -0.000249465986 0.0132493908 0.0078993421 -0.000249465986 0.014114731 0.0133273592 -0.000711426022 -0.0141147291 0.0133273611 -0.000711426022 -0.0132493889 0.00789934397 -0.000249465986 -0.012113939 0.00268773804 -6.19268803e-06 0.012113939 0.00268773572 -6.19268803e-06 0.012113939 0.00268773572 -6.19268803e-06 0.0132493908 0.0078993421 -0.000249465986 -0.0132493889 0.00789934397 -0.000249465986 -0.00861379318 0.00834673736 -0.00623774435 0.00861379504 0.0083467355 -0.00623774435 0.00861591194 0.00823706202 -0.00622248603 0.00861591194 0.00823706202 -0.00622248603 -0.00861591008 0.00823706388 -0.00622248603 -0.00861379318 0.00834673736 -0.00623774435 -0.00861161761 0.00845712516 -0.0062469542 0.00861161947 0.0084571233 -0.0062469542 0.00861379504 0.0083467355 -0.00623774435 0.00861379504 0.0083467355 -0.00623774435 -0.00861379318 0.00834673736 -0.00623774435 -0.00861161761 0.00845712516 -0.0062469542 -0.00860953238 0.00856786966 -0.00624999311 0.00860953424 0.0085678678 -0.00624999311 0.00861161947 0.0084571233 -0.0062469542 0.00861161947 0.0084571233 -0.0062469542 -0.00861161761 0.00845712516 -0.0062469542 -0.00860953238 0.00856786966 -0.00624999311 -0.017999934 0.0620514713 -0.0244248491 0.0179999452 0.0620514713 -0.0244248491 0.0180000048 0.061417751 -0.0242033005 0.0180000048 0.061417751 -0.0242033005 -0.0179999936 0.061417751 -0.0242033005 -0.017999934 0.0620514713 -0.0244248491 -0.0179999936 0.0627185702 -0.0244999509 0.0180000048 0.0627185702 -0.0244999509 0.0179999452 0.0620514713 -0.0244248491 0.0179999452 0.0620514713 -0.0244248491 -0.017999934 0.0620514713 -0.0244248491 -0.0179999936 0.0627185702 -0.0244999509 -0.0179999936 0.0627185702 -0.0244999509 -0.00859999005 0.0660318062 -0.0244999509 0.00860000122 0.0660318062 -0.0244999509 0.00860000122 0.0660318062 -0.0244999509 0.0180000048 0.0627185702 -0.0244999509 -0.0179999936 0.0627185702 -0.0244999509 -0.00999999046 -0.00496810488 0 -0.00881129503 -0.00496810488 -0.00499999523 0.00881129503 -0.00496810675 -0.00499999523 0.00881129503 -0.00496810675 -0.00499999523 0.00999999046 -0.00496810675 0 -0.00999999046 -0.00496810488 0 -0.00859999005 0.0660318062 -0.00199997425 0.00860000122 0.0660318062 -0.00199997425 0.00860000122 0.0660318062 -0.0244999509 0.00860000122 0.0660318062 -0.0244999509 -0.00859999005 0.0660318062 -0.0244999509 -0.00859999005 0.0660318062 -0.00199997425 0.0158314388 0.0252239406 -0.00920115784 0.0142413005 0.0219501257 -0.00929726008 0.0147363907 0.0252199024 -0.0102334954 0.0148810716 0.0187730677 -0.00740027381 0.0142413005 0.0219501257 -0.00929726008 0.0158314388 0.0252239406 -0.00920115784 0.0262684859 0.0588888451 -0.00199997402 0.0279999953 0.0620318577 -0.0144999595 0.0279999953 0.0620318577 -0.00199997402 0.0262684859 0.0588888451 -0.0201241896 0.0253457464 0.0570816286 -0.0212347507 0.0252410155 0.0580714867 -0.0213968698 0.0252410155 0.0580714867 -0.0213968698 0.0250710249 0.0665318295 -0.0215710402 0.0262684859 0.0588888451 -0.0201241896 0.0224277359 0.0581114776 -0.0226456504 0.0230687261 0.0568305179 -0.0220591407 0.0135471243 0.0569288097 -0.0221037809 0.0135471243 0.0569288097 -0.0221037809 0.0133557944 0.0577403903 -0.0224747602 0.0224277359 0.0581114776 -0.0226456504 0.0216303505 0.059305694 -0.0232008044 0.0224277359 0.0581114776 -0.0226456504 0.0133557944 0.0577403903 -0.0224747602 0.0133557944 0.0577403903 -0.0224747602 0.0130401244 0.0584895015 -0.0228204709 0.0216303505 0.059305694 -0.0232008044 0.0209091362 0.0601085387 -0.0235786401 0.0216303505 0.059305694 -0.0232008044 0.0130401244 0.0584895015 -0.0228204709 0.0130401244 0.0584895015 -0.0228204709 0.0126005458 0.0591838919 -0.0231437609 0.0209091362 0.0601085387 -0.0235786401 0.0202727355 0.0606363416 -0.0238292199 0.0209091362 0.0601085387 -0.0235786401 0.0126005458 0.0591838919 -0.0231437609 0.0126005458 0.0591838919 -0.0231437609 0.0121130357 0.0597376786 -0.0234036408 0.0202727355 0.0606363416 -0.0238292199 0.0196601748 0.0610072613 -0.0240062997 0.0202727355 0.0606363416 -0.0238292199 0.0121130357 0.0597376786 -0.0234036408 0.0121130357 0.0597376786 -0.0234036408 0.0114972554 0.0602502786 -0.0236458108 0.0196601748 0.0610072613 -0.0240062997 0.0190895163 0.0612426884 -0.0241191294 0.0196601748 0.0610072613 -0.0240062997 0.0114972554 0.0602502786 -0.0236458108 0.0114972554 0.0602502786 -0.0236458108 0.0108606257 0.0606316291 -0.0238269493 0.0190895163 0.0612426884 -0.0241191294 0.00860000122 0.0611670017 -0.0240828302 -0.00859999005 0.0611670017 -0.0240828302 -0.0179999936 0.061417751 -0.0242033005 -0.0179999936 0.061417751 -0.0242033005 0.0180000048 0.061417751 -0.0242033005 0.00860000122 0.0611670017 -0.0240828302 0.018544076 0.0613743588 -0.0241824295 0.0190895163 0.0612426884 -0.0241191294 0.0108606257 0.0606316291 -0.0238269493 0.0108606257 0.0606316291 -0.0238269493 0.0101363054 0.0609272718 -0.0239680391 0.018544076 0.0613743588 -0.0241824295 0.00937092863 0.0611076914 -0.0240544006 0.00860000122 0.0611670017 -0.0240828302 0.0180000048 0.061417751 -0.0242033005 0.0101363054 0.0609272718 -0.0239680391 0.00937092863 0.0611076914 -0.0240544006 0.0180000048 0.061417751 -0.0242033005 0.018544076 0.0613743588 -0.0241824295 0.0101363054 0.0609272718 -0.0239680391 0.0180000048 0.061417751 -0.0242033005 0.0115999542 0.0570318587 -0.00924998522 0.0115682445 0.0574668609 -0.0202832799 0.0115999542 0.0570318587 -0.0199549105 0.0113716144 0.0581798516 -0.00810194016 0.0112640848 0.058411181 -0.0210059807 0.0114534451 0.0579578802 -0.0206573606 0.0107212653 0.0591531284 -0.00712865498 0.0110003352 0.05883139 -0.0213320795 0.0112640848 0.058411181 -0.0210059807 0.00860000122 0.0600318313 -0.0222794991 0.00906253327 0.0599959418 -0.0222508293 0.00918525923 0.0599741898 -0.006307601 0.00918525923 0.0599741898 -0.006307601 0.00860000122 0.0600318313 -0.00624996377 0.00860000122 0.0600318313 -0.0222794991 0.00906253327 0.0599959418 -0.0222508293 0.00952178799 0.0598866902 -0.0221636798 0.00974804629 0.0598034784 -0.00647830917 0.00974804629 0.0598034784 -0.00647830917 0.00918525923 0.0599741898 -0.006307601 0.00906253327 0.0599959418 -0.0222508293 0.00995636452 0.0597077012 -0.0220212899 0.00974804629 0.0598034784 -0.00647830917 0.00952178799 0.0598866902 -0.0221636798 0.010338366 0.0594768487 -0.0218384806 0.00974804629 0.0598034784 -0.00647830917 0.00995636452 0.0597077012 -0.0220212899</float_array>
          <technique_common>
            <accessor count="2640" offset="0" source="#_1_1-positions-array" stride="3">
              <param name="X" type="float" />
              <param name="Y" type="float" />
              <param name="Z" type="float" />
            </accessor>
          </technique_common>
        </source>
        <source id="_1_1-normals" name="_1_1-normals">
          <float_array id="_1_1-normals-array" count="7920">0 0 1 0 0 1 0 0 1 0 0 1 0 0 1 0 0 1 0 0 1 0 0 1 0 0 1 0 0 1 0 0 1 0 0 1 0 0 1 0 0 1 0 0 1 0.9945997 -0.0712644905 -0.0754510611 0.991580307 -0.0501424596 -0.119391911 0.989390492 -0.0959878787 -0.109054528 0.936157525 -0.247098207 -0.250103384 0.9945997 -0.0712644905 -0.0754510611 0.964968324 -0.23596333 -0.11470668 0.936157525 -0.247098207 -0.250103384 0.964968324 -0.23596333 -0.11470668 0.916677654 -0.383831352 -0.11124599 0.936157525 -0.247098207 -0.250103384 0.84362036 -0.525698543 -0.109297104 0.769038498 -0.450597584 -0.453367144 0.769038498 -0.450597584 -0.453367144 0.75525862 -0.646760285 -0.106233798 0.653101683 -0.750219226 -0.103098564 0.769038498 -0.450597584 -0.453367144 0.653101683 -0.750219226 -0.103098564 0.537312508 -0.837102473 -0.102736197 0.537312508 -0.837102473 -0.102736197 0.514150083 -0.606290162 -0.606681108 0.769038498 -0.450597584 -0.453367144 0.0697434247 -0.11627125 -0.99076587 0.0356766731 -0.143147573 -0.989058197 0.0523065068 -0.147339135 -0.987702072 0.0523065068 -0.147339135 -0.987702072 0.101511165 -0.120755658 -0.987478375 0.0697434247 -0.11627125 -0.99076587 0.0412099548 -0.114525974 -0.992565215 0.0213735159 -0.139941931 -0.98992908 0.0356766731 -0.143147573 -0.989058197 0.0356766731 -0.143147573 -0.989058197 0.0697434247 -0.11627125 -0.99076587 0.0412099548 -0.114525974 -0.992565215 0.0185485631 -0.114577547 -0.993241131 0.00969159044 -0.138693258 -0.99028796 0.0213735159 -0.139941931 -0.98992908 0.0213735159 -0.139941931 -0.98992908 0.0412099548 -0.114525974 -0.992565215 0.0185485631 -0.114577547 -0.993241131 0.00470905239 -0.112229548 -0.993671238 0.0023148607 -0.137841269 -0.990451634 0.00969159044 -0.138693258 -0.99028796 0.00969159044 -0.138693258 -0.99028796 0.0185485631 -0.114577547 -0.993241131 0.00470905239 -0.112229548 -0.993671238 0.144123763 -0.127499849 -0.98131144 0.101511165 -0.120755658 -0.987478375 0.0523065068 -0.147339135 -0.987702072 0.0523065068 -0.147339135 -0.987702072 0.0739265829 -0.157590747 -0.984733582 0.144123763 -0.127499849 -0.98131144 0.0912272111 -0.167042702 -0.98172009 0.181450367 -0.135789052 -0.973980069 0.144123763 -0.127499849 -0.98131144 0.144123763 -0.127499849 -0.98131144 0.0739265829 -0.157590747 -0.984733582 0.0912272111 -0.167042702 -0.98172009 0.109322168 -0.177577615 -0.97801584 0.217372581 -0.145111784 -0.96524179 0.181450367 -0.135789052 -0.973980069 0.181450367 -0.135789052 -0.973980069 0.0912272111 -0.167042702 -0.98172009 0.109322168 -0.177577615 -0.97801584 0.127522662 -0.188822091 -0.973696232 0.253062367 -0.155339763 -0.954897404 0.217372581 -0.145111784 -0.96524179 0.217372581 -0.145111784 -0.96524179 0.109322168 -0.177577615 -0.97801584 0.127522662 -0.188822091 -0.973696232 0.145895645 -0.200794578 -0.968708396 0.288837075 -0.166534141 -0.942782819 0.253062367 -0.155339763 -0.954897404 0.253062367 -0.155339763 -0.954897404 0.127522662 -0.188822091 -0.973696232 0.145895645 -0.200794578 -0.968708396 0.166607097 -0.212933883 -0.962757111 0.323919356 -0.18083851 -0.928640842 0.288837075 -0.166534141 -0.942782819 0.288837075 -0.166534141 -0.942782819 0.145895645 -0.200794578 -0.968708396 0.166607097 -0.212933883 -0.962757111 0.166607097 -0.212933883 -0.962757111 0.197906926 -0.237428457 -0.951031327 0.320846021 -0.205658227 -0.924533725 0.320846021 -0.205658227 -0.924533725 0.323919356 -0.18083851 -0.928640842 0.166607097 -0.212933883 -0.962757111 0.226410329 -0.258801669 -0.939020813 0.23168233 -0.257223368 -0.938168168 0.320846021 -0.205658227 -0.924533725 0.320846021 -0.205658227 -0.924533725 0.197906926 -0.237428457 -0.951031327 0.226410329 -0.258801669 -0.939020813 0.258266419 -0.280351609 -0.924500644 0.261247307 -0.278822124 -0.924125552 0.23168233 -0.257223368 -0.938168168 0.23168233 -0.257223368 -0.938168168 0.226410329 -0.258801669 -0.939020813 0.258266419 -0.280351609 -0.924500644 0.0185485631 -0.114577547 -0.993241131 0.038660869 -0.0596787743 -0.99746871 0.00975061208 -0.0571336597 -0.99831903 0.00975061208 -0.0571336597 -0.99831903 0.00470905239 -0.112229548 -0.993671238 0.0185485631 -0.114577547 -0.993241131 0.0412099548 -0.114525974 -0.992565215 0.0853670314 -0.057903856 -0.994665682 0.038660869 -0.0596787743 -0.99746871 0.038660869 -0.0596787743 -0.99746871 0.0185485631 -0.114577547 -0.993241131 0.0412099548 -0.114525974 -0.992565215 0.0697434247 -0.11627125 -0.99076587 0.142629042 -0.0582327209 -0.988061726 0.0853670314 -0.057903856 -0.994665682 0.0853670314 -0.057903856 -0.994665682 0.0412099548 -0.114525974 -0.992565215 0.0697434247 -0.11627125 -0.99076587 0.101511165 -0.120755658 -0.987478375 0.206970051 -0.0617983155 -0.97639358 0.142629042 -0.0582327209 -0.988061726 0.142629042 -0.0582327209 -0.988061726 0.0697434247 -0.11627125 -0.99076587 0.101511165 -0.120755658 -0.987478375 0.144123763 -0.127499849 -0.98131144 0.289100051 -0.062797077 -0.955236971 0.206970051 -0.0617983155 -0.97639358 0.206970051 -0.0617983155 -0.97639358 0.101511165 -0.120755658 -0.987478375 0.144123763 -0.127499849 -0.98131144 0.289100051 -0.062797077 -0.955236971 0.371400833 -0.0147492997 -0.928355515 0.2685844 -0.0162531566 -0.96311909 0.2685844 -0.0162531566 -0.96311909 0.206970051 -0.0617983155 -0.97639358 0.289100051 -0.062797077 -0.955236971 0.181450367 -0.135789052 -0.973980069 0.359681189 -0.0686104298 -0.930549383 0.289100051 -0.062797077 -0.955236971 0.289100051 -0.062797077 -0.955236971 0.144123763 -0.127499849 -0.98131144 0.181450367 -0.135789052 -0.973980069 0.217372581 -0.145111784 -0.96524179 0.426858276 -0.0739804432 -0.901287496 0.359681189 -0.0686104298 -0.930549383 0.359681189 -0.0686104298 -0.930549383 0.181450367 -0.135789052 -0.973980069 0.217372581 -0.145111784 -0.96524179 0.253062367 -0.155339763 -0.954897404 0.491937995 -0.0799944699 -0.866947532 0.426858276 -0.0739804432 -0.901287496 0.426858276 -0.0739804432 -0.901287496 0.217372581 -0.145111784 -0.96524179 0.253062367 -0.155339763 -0.954897404 0.288837075 -0.166534141 -0.942782819 0.555329144 -0.0867174342 -0.827097118 0.491937995 -0.0799944699 -0.866947532 0.491937995 -0.0799944699 -0.866947532 0.253062367 -0.155339763 -0.954897404 0.288837075 -0.166534141 -0.942782819 0.323919356 -0.18083851 -0.928640842 0.617740273 -0.0985419899 -0.780183673 0.555329144 -0.0867174342 -0.827097118 0.555329144 -0.0867174342 -0.827097118 0.288837075 -0.166534141 -0.942782819 0.323919356 -0.18083851 -0.928640842 0.320846021 -0.205658227 -0.924533725 0.756002367 -0.0820020065 -0.649412215 0.617740273 -0.0985419899 -0.780183673 0.617740273 -0.0985419899 -0.780183673 0.323919356 -0.18083851 -0.928640842 0.320846021 -0.205658227 -0.924533725 0.63268292 -0.182421118 -0.75261867 0.64502269 -0.177577972 -0.743244112 0.577528656 -0.18016091 -0.796242893 0.577528656 -0.18016091 -0.796242893 0.565415323 -0.18648468 -0.80344826 0.63268292 -0.182421118 -0.75261867 0.701275885 -0.196832985 -0.685178041 0.706988096 -0.193629727 -0.680202484 0.64502269 -0.177577972 -0.743244112 0.64502269 -0.177577972 -0.743244112 0.63268292 -0.182421118 -0.75261867 0.701275885 -0.196832985 -0.685178041 0.038660869 -0.0596787743 -0.99746871 0.0309755336 -0.0583284833 -0.997816861 0.0178043395 -0.0193972792 -0.999653399 0.0178043395 -0.0193972792 -0.999653399 0.00975061208 -0.0571336597 -0.99831903 0.038660869 -0.0596787743 -0.99746871 0.0853670314 -0.057903856 -0.994665682 0.101387717 -0.016409222 -0.994711697 0.0309755336 -0.0583284833 -0.997816861 0.0309755336 -0.0583284833 -0.997816861 0.038660869 -0.0596787743 -0.99746871 0.0853670314 -0.057903856 -0.994665682 0.142629042 -0.0582327209 -0.988061726 0.185705602 -0.0143185966 -0.982501149 0.101387717 -0.016409222 -0.994711697 0.101387717 -0.016409222 -0.994711697 0.0853670314 -0.057903856 -0.994665682 0.142629042 -0.0582327209 -0.988061726 0.206970051 -0.0617983155 -0.97639358 0.2685844 -0.0162531566 -0.96311909 0.185705602 -0.0143185966 -0.982501149 0.185705602 -0.0143185966 -0.982501149 0.142629042 -0.0582327209 -0.988061726 0.206970051 -0.0617983155 -0.97639358 0.359681189 -0.0686104298 -0.930549383 0.468191981 -0.0160552617 -0.883480906 0.371400833 -0.0147492997 -0.928355515 0.371400833 -0.0147492997 -0.928355515 0.289100051 -0.062797077 -0.955236971 0.359681189 -0.0686104298 -0.930549383 0.426858276 -0.0739804432 -0.901287496 0.552211821 -0.0177714285 -0.833514392 0.468191981 -0.0160552617 -0.883480906 0.468191981 -0.0160552617 -0.883480906 0.359681189 -0.0686104298 -0.930549383 0.426858276 -0.0739804432 -0.901287496 0.491937995 -0.0799944699 -0.866947532 0.629407883 -0.0197980888 -0.776822865 0.552211821 -0.0177714285 -0.833514392 0.552211821 -0.0177714285 -0.833514392 0.426858276 -0.0739804432 -0.901287496 0.491937995 -0.0799944699 -0.866947532 0.555329144 -0.0867174342 -0.827097118 0.710671067 -0.0198562387 -0.703244269 0.629407883 -0.0197980888 -0.776822865 0.629407883 -0.0197980888 -0.776822865 0.491937995 -0.0799944699 -0.866947532 0.555329144 -0.0867174342 -0.827097118 0.617740273 -0.0985419899 -0.780183673 0.780054629 -0.0246730652 -0.625224948 0.710671067 -0.0198562387 -0.703244269 0.710671067 -0.0198562387 -0.703244269 0.555329144 -0.0867174342 -0.827097118 0.617740273 -0.0985419899 -0.780183673 0.756002367 -0.0820020065 -0.649412215 0.865969121 -0.0273412969 -0.499349535 0.780054629 -0.0246730652 -0.625224948 0.780054629 -0.0246730652 -0.625224948 0.617740273 -0.0985419899 -0.780183673 0.756002367 -0.0820020065 -0.649412215 0.908807039 -0.0677795336 -0.411674529 0.943024993 -0.0301276296 -0.331355125 0.865969121 -0.0273412969 -0.499349535 0.865969121 -0.0273412969 -0.499349535 0.756002367 -0.0820020065 -0.649412215 0.908807039 -0.0677795336 -0.411674529 0.96215409 -0.0607701316 -0.265643954 0.983898163 -0.0282976739 -0.176475465 0.943024993 -0.0301276296 -0.331355125 0.943024993 -0.0301276296 -0.331355125 0.908807039 -0.0677795336 -0.411674529 0.96215409 -0.0607701316 -0.265643954 0.258266419 -0.280351609 -0.924500644 0.258810103 -0.304733872 -0.916599512 0.258990288 -0.304756641 -0.91654104 0.258990288 -0.304756641 -0.91654104 0.261247307 -0.278822124 -0.924125552 0.258266419 -0.280351609 -0.924500644 0.707131803 -0.223282695 -0.670901954 0.707136929 -0.22326085 -0.670903921 0.706988096 -0.193629727 -0.680202484 0.706988096 -0.193629727 -0.680202484 0.701275885 -0.196832985 -0.685178041 0.707131803 -0.223282695 -0.670901954 0.965913534 -0.0817459971 -0.245619178 0.991563261 -0.0409289859 -0.122992344 0.983898163 -0.0282976739 -0.176475465 0.983898163 -0.0282976739 -0.176475465 0.96215409 -0.0607701316 -0.265643954 0.965913534 -0.0817459971 -0.245619178 0.258784473 -0.327513784 -0.908716381 0.25878489 -0.327515513 -0.908715606 0.258990288 -0.304756641 -0.91654104 0.258990288 -0.304756641 -0.91654104 0.258810103 -0.304733872 -0.916599512 0.258784473 -0.327513784 -0.908716381 0.25878489 -0.327515513 -0.908715606 0.258784473 -0.327513784 -0.908716381 0.258808851 -0.351104498 -0.899857521 0.258808851 -0.351104498 -0.899857521 0.258818924 -0.351104409 -0.89985472 0.25878489 -0.327515513 -0.908715606 0.258808851 -0.351104498 -0.899857521 0.174349546 -0.378685415 -0.908955157 0.258743703 -0.374071538 -0.890574038 0.258743703 -0.374071538 -0.890574038 0.258818924 -0.351104409 -0.89985472 0.258808851 -0.351104498 -0.899857521 0.174349546 -0.378685415 -0.908955157 -2.26162247e-05 -0.389178157 -0.921162605 0.173484832 -0.386469036 -0.905839264 0.173484832 -0.386469036 -0.905839264 0.258743703 -0.374071538 -0.890574038 0.174349546 -0.378685415 -0.908955157 0.258818626 -0.399537265 -0.87942189 0.255555004 -0.404074311 -0.878302753 0.258743703 -0.374071538 -0.890574038 0.258743703 -0.374071538 -0.890574038 0.173484832 -0.386469036 -0.905839264 0.258818626 -0.399537265 -0.87942189 0.707139611 -0.239738911 -0.665190935 0.707138836 -0.239740402 -0.665191114 0.707136929 -0.22326085 -0.670903921 0.707136929 -0.22326085 -0.670903921 0.707131803 -0.223282695 -0.670901954 0.707139611 -0.239738911 -0.665190935 0.707119882 -0.257021159 -0.658727348 0.707118273 -0.257022262 -0.6587286 0.707138836 -0.239740402 -0.665191114 0.707138836 -0.239740402 -0.665191114 0.707139611 -0.239738911 -0.665190935 0.707119882 -0.257021159 -0.658727348 0.707107604 -0.27380684 -0.651942253 0.707106709 -0.27380684 -0.651943266 0.707118273 -0.257022262 -0.6587286 0.707118273 -0.257022262 -0.6587286 0.707119882 -0.257021159 -0.658727348 0.707107604 -0.27380684 -0.651942253 0.707055926 -0.301025629 -0.639887214 0.699722111 -0.317706823 -0.639883876 0.707106709 -0.27380684 -0.651943266 0.707106709 -0.27380684 -0.651943266 0.707107604 -0.27380684 -0.651942253 0.707055926 -0.301025629 -0.639887214 0.965916395 -0.0877660736 -0.243521422 0.991585195 -0.0438933633 -0.121787518 0.991563261 -0.0409289859 -0.122992344 0.991563261 -0.0409289859 -0.122992344 0.965913534 -0.0817459971 -0.245619178 0.965916395 -0.0877660736 -0.243521422 0.965914607 -0.0940942988 -0.241154179 0.991578996 -0.0470738485 -0.120645151 0.991585195 -0.0438933633 -0.121787518 0.991585195 -0.0438933633 -0.121787518 0.965916395 -0.0877660736 -0.243521422 0.965914607 -0.0940942988 -0.241154179 0.965917468 -0.100232273 -0.23865664 0.991580307 -0.0501424596 -0.119391911 0.991578996 -0.0470738485 -0.120645151 0.991578996 -0.0470738485 -0.120645151 0.965914607 -0.0940942988 -0.241154179 0.965917468 -0.100232273 -0.23865664 0.965852737 -0.116976075 -0.231181756 0.989390492 -0.0959878787 -0.109054528 0.991580307 -0.0501424596 -0.119391911 0.991580307 -0.0501424596 -0.119391911 0.965917468 -0.100232273 -0.23865664 0.965852737 -0.116976075 -0.231181756 0.249395803 -0.434816092 -0.865295708 0.242226407 -0.441978663 -0.863702118 0.255555004 -0.404074311 -0.878302753 0.255555004 -0.404074311 -0.878302753 0.258818626 -0.399537265 -0.87942189 0.249395803 -0.434816092 -0.865295708 0.686432362 -0.380269349 -0.619843364 0.668826759 -0.409020275 -0.620784342 0.699722111 -0.317706823 -0.639883876 0.699722111 -0.317706823 -0.639883876 0.707055926 -0.301025629 -0.639887214 0.686432362 -0.380269349 -0.619843364 0.94955188 -0.224551529 -0.218924537 0.964968324 -0.23596333 -0.11470668 0.989390492 -0.0959878787 -0.109054528 0.989390492 -0.0959878787 -0.109054528 0.965852737 -0.116976075 -0.231181756 0.94955188 -0.224551529 -0.218924537 0.230289057 -0.469682574 -0.852270603 0.222790271 -0.474662632 -0.851504505 0.242226407 -0.441978663 -0.863702118 0.242226407 -0.441978663 -0.863702118 0.249395803 -0.434816092 -0.865295708 0.230289057 -0.469682574 -0.852270603 0.206886649 -0.500711024 -0.840527415 0.199706182 -0.50399369 -0.840302229 0.222790271 -0.474662632 -0.851504505 0.222790271 -0.474662632 -0.851504505 0.230289057 -0.469682574 -0.852270603 0.206886649 -0.500711024 -0.840527415 0.180524126 -0.526591003 -0.830730438 0.17399627 -0.528493762 -0.830914974 0.199706182 -0.50399369 -0.840302229 0.199706182 -0.50399369 -0.840302229 0.206886649 -0.500711024 -0.840527415 0.180524126 -0.526591003 -0.830730438 0.153256655 -0.547526121 -0.822634518 0.147624284 -0.54839921 -0.823082864 0.17399627 -0.528493762 -0.830914974 0.17399627 -0.528493762 -0.830914974 0.180524126 -0.526591003 -0.830730438 0.153256655 -0.547526121 -0.822634518 0.124012724 -0.564324141 -0.816185713 0.119513802 -0.564238071 -0.816916108 0.147624284 -0.54839921 -0.823082864 0.147624284 -0.54839921 -0.823082864 0.153256655 -0.547526121 -0.822634518 0.124012724 -0.564324141 -0.816185713 0.0940957293 -0.577119827 -0.811220586 0.0907029957 -0.576611638 -0.811967969 0.119513802 -0.564238071 -0.816916108 0.119513802 -0.564238071 -0.816916108 0.124012724 -0.564324141 -0.816185713 0.0940957293 -0.577119827 -0.811220586 0.0630577803 -0.586156785 -0.807740092 0.06097297 -0.585446298 -0.808415174 0.0907029957 -0.576611638 -0.811967969 0.0907029957 -0.576611638 -0.811967969 0.0940957293 -0.577119827 -0.811220586 0.0630577803 -0.586156785 -0.807740092 0.0313768685 -0.59142828 -0.805746913 0.0304119084 -0.590913951 -0.806161225 0.06097297 -0.585446298 -0.808415174 0.06097297 -0.585446298 -0.808415174 0.0630577803 -0.586156785 -0.807740092 0.0313768685 -0.59142828 -0.805746913 0.00755547499 -0.592882514 -0.805253506 0.00772080524 -0.592721045 -0.805370927 0.0304119084 -0.590913951 -0.806161225 0.0304119084 -0.590913951 -0.806161225 0.0313768685 -0.59142828 -0.805746913 0.00755547499 -0.592882514 -0.805253506 0.641206443 -0.478625268 -0.599810183 0.620837808 -0.501104236 -0.602872372 0.668826759 -0.409020275 -0.620784342 0.668826759 -0.409020275 -0.620784342 0.686432362 -0.380269349 -0.619843364 0.641206443 -0.478625268 -0.599810183 0.58222419 -0.567877352 -0.581833541 0.560963571 -0.584848642 -0.585894108 0.620837808 -0.501104236 -0.602872372 0.620837808 -0.501104236 -0.602872372 0.641206443 -0.478625268 -0.599810183 0.58222419 -0.567877352 -0.581833541 0.513185084 -0.64391607 -0.567462146 0.49242115 -0.655945599 -0.572063744 0.560963571 -0.584848642 -0.585894108 0.560963571 -0.584848642 -0.585894108 0.58222419 -0.567877352 -0.581833541 0.513185084 -0.64391607 -0.567462146 0.439490795 -0.70620209 -0.5550915 0.420490175 -0.713790417 -0.560081542 0.49242115 -0.655945599 -0.572063744 0.49242115 -0.655945599 -0.572063744 0.513185084 -0.64391607 -0.567462146 0.439490795 -0.70620209 -0.5550915 0.3580589 -0.75750798 -0.545871317 0.342072785 -0.760931909 -0.551333904 0.420490175 -0.713790417 -0.560081542 0.420490175 -0.713790417 -0.560081542 0.439490795 -0.70620209 -0.5550915 0.3580589 -0.75750798 -0.545871317 0.27337572 -0.796926618 -0.538677752 0.260992289 -0.797696233 -0.543657839 0.342072785 -0.760931909 -0.551333904 0.342072785 -0.760931909 -0.551333904 0.3580589 -0.75750798 -0.545871317 0.27337572 -0.796926618 -0.538677752 0.183919266 -0.825209796 -0.53404355 0.176015392 -0.824234247 -0.538197637 0.260992289 -0.797696233 -0.543657839 0.260992289 -0.797696233 -0.543657839 0.27337572 -0.796926618 -0.538677752 0.183919266 -0.825209796 -0.53404355 0.176015392 -0.824234247 -0.538197637 0.183919266 -0.825209796 -0.53404355 0.091584824 -0.841853499 -0.531878769 0.091584824 -0.841853499 -0.531878769 0.0878845677 -0.840736568 -0.534264386 0.176015392 -0.824234247 -0.538197637 0.0221622046 -0.846481562 -0.531956673 0.0221969169 -0.846085906 -0.532584429 0.0878845677 -0.840736568 -0.534264386 0.0878845677 -0.840736568 -0.534264386 0.091584824 -0.841853499 -0.531878769 0.0221622046 -0.846481562 -0.531956673 0.903912187 -0.372924566 -0.209451735 0.916677654 -0.383831352 -0.11124599 0.964968324 -0.23596333 -0.11470668 0.964968324 -0.23596333 -0.11470668 0.94955188 -0.224551529 -0.218924537 0.903912187 -0.372924566 -0.209451735 0.835277379 -0.511806786 -0.20091182 0.84362036 -0.525698543 -0.109297104 0.916677654 -0.383831352 -0.11124599 0.916677654 -0.383831352 -0.11124599 0.903912187 -0.372924566 -0.209451735 0.835277379 -0.511806786 -0.20091182 0.747972727 -0.634385705 -0.195170969 0.75525862 -0.646760285 -0.106233798 0.84362036 -0.525698543 -0.109297104 0.84362036 -0.525698543 -0.109297104 0.835277379 -0.511806786 -0.20091182 0.747972727 -0.634385705 -0.195170969 0.648719847 -0.737180233 -0.18901813 0.653101683 -0.750219226 -0.103098564 0.75525862 -0.646760285 -0.106233798 0.75525862 -0.646760285 -0.106233798 0.747972727 -0.634385705 -0.195170969 0.648719847 -0.737180233 -0.18901813 0.534234822 -0.824700296 -0.185641199 0.537312508 -0.837102473 -0.102736197 0.653101683 -0.750219226 -0.103098564 0.653101683 -0.750219226 -0.103098564 0.648719847 -0.737180233 -0.18901813 0.534234822 -0.824700296 -0.185641199 0.411386579 -0.892949462 -0.1827631 0.413885295 -0.904739916 -0.100720726 0.537312508 -0.837102473 -0.102736197 0.537312508 -0.837102473 -0.102736197 0.534234822 -0.824700296 -0.185641199 0.411386579 -0.892949462 -0.1827631 0.278285712 -0.943129539 -0.1818344 0.279927403 -0.954788744 -0.100095786 0.413885295 -0.904739916 -0.100720726 0.413885295 -0.904739916 -0.100720726 0.411386579 -0.892949462 -0.1827631 0.278285712 -0.943129539 -0.1818344 0.139003336 -0.973309517 -0.182610556 0.14078486 -0.985083997 -0.0989410505 0.279927403 -0.954788744 -0.100095786 0.279927403 -0.954788744 -0.100095786 0.278285712 -0.943129539 -0.1818344 0.139003336 -0.973309517 -0.182610556 0.0339549705 -0.982206821 -0.184707865 0.0357047282 -0.994772911 -0.0956666991 0.14078486 -0.985083997 -0.0989410505 0.14078486 -0.985083997 -0.0989410505 0.139003336 -0.973309517 -0.182610556 0.0339549705 -0.982206821 -0.184707865 0.00204619416 -0.114902481 -0.993374705 -5.55241986e-09 -0.0635122806 -0.997981071 -5.55241986e-09 -0.0635122806 -0.997981071 -5.55241986e-09 -0.0635122806 -0.997981071 -0.00204622024 -0.114902489 -0.993374765 0.00204619416 -0.114902481 -0.993374705 -5.55241986e-09 -0.0635122806 -0.997981071 -2.58447552e-09 -0.0295629539 -0.999562919 -2.58447597e-09 -0.0295629594 -0.999562919 -2.58447597e-09 -0.0295629594 -0.999562919 -5.55241986e-09 -0.0635122806 -0.997981071 -5.55241986e-09 -0.0635122806 -0.997981071 0.00452880561 -0.16877155 -0.985644877 0.00319650979 -0.14922893 -0.988797545 -0.00710909395 -0.148773 -0.988845825 -0.00710909395 -0.148773 -0.988845825 0.011151284 -0.174270749 -0.984634638 0.00452880561 -0.16877155 -0.985644877 -0.00710909395 -0.148773 -0.988845825 0.00319650979 -0.14922893 -0.988797545 -0.00204622024 -0.114902489 -0.993374765 0.0092103472 -0.140236825 -0.990075231 0.00189593493 -0.137273088 -0.990531504 -0.00204622024 -0.114902489 -0.993374765 -0.00204622024 -0.114902489 -0.993374765 0.00319650979 -0.14922893 -0.988797545 0.0092103472 -0.140236825 -0.990075231 -0.000214702683 -0.405988693 -0.913878143 -0.0712470934 -0.380975574 -0.921835899 -0.107730888 -0.376164138 -0.920268774 -0.107730888 -0.376164138 -0.920268774 5.83361543e-05 -0.414313495 -0.910134256 -0.000214702683 -0.405988693 -0.913878143 -0.00597427506 -0.314708531 -0.949169576 0.00190399121 -0.293345898 -0.9560045 -0.00138815143 -0.296240598 -0.955112398 -0.00138815143 -0.296240598 -0.955112398 -0.00563901197 -0.316785812 -0.948480427 -0.00597427506 -0.314708531 -0.949169576 -0.00563901197 -0.316785812 -0.948480427 0.000541163725 -0.34071511 -0.940166473 -0.000141460376 -0.340897322 -0.940100551 -0.000141460376 -0.340897322 -0.940100551 -0.00597427506 -0.314708531 -0.949169576 -0.00563901197 -0.316785812 -0.948480427 0.000541163725 -0.34071511 -0.940166473 0.000430368324 -0.367921412 -0.929856837 0.000581654254 -0.362183541 -0.932106614 0.000581654254 -0.362183541 -0.932106614 -0.000141460376 -0.340897322 -0.940100551 0.000541163725 -0.34071511 -0.940166473 0.000430368324 -0.367921412 -0.929856837 -0.000309412077 -0.390404135 -0.920643508 -0.000954596675 -0.37635991 -0.926473081 -0.000954596675 -0.37635991 -0.926473081 0.000581654254 -0.362183541 -0.932106614 0.000430368324 -0.367921412 -0.929856837 -0.000309412077 -0.390404135 -0.920643508 -0.0712470934 -0.380975574 -0.921835899 -0.000214702683 -0.405988693 -0.913878143 -0.000214702683 -0.405988693 -0.913878143 -0.000145421945 -0.39901045 -0.916946471 -0.000309412077 -0.390404135 -0.920643508 0.00190399121 -0.293345898 -0.9560045 0.0166244358 -0.280378044 -0.959745765 0.0149352308 -0.280684561 -0.959683895 0.0149352308 -0.280684561 -0.959683895 -0.00138815143 -0.296240598 -0.955112398 0.00190399121 -0.293345898 -0.9560045 0.0166244358 -0.280378044 -0.959745765 0.00904621556 -0.262356639 -0.964928627 0.0100265127 -0.262812555 -0.964794815 0.0100265127 -0.262812555 -0.964794815 0.0149352308 -0.280684561 -0.959683895 0.0166244358 -0.280378044 -0.959745765 0.00485434802 -0.215732232 -0.976440609 0.00546331331 -0.242220312 -0.970205903 0.00750722364 -0.241954207 -0.970258653 0.00750722364 -0.241954207 -0.970258653 0.0269550215 -0.232010305 -0.972339809 0.00485434802 -0.215732232 -0.976440609 0.00136918062 -0.183891803 -0.982945621 0.00485434802 -0.215732232 -0.976440609 0.00594835309 -0.204030216 -0.978946626 0.00594835309 -0.204030216 -0.978946626 0.00770396227 -0.198272347 -0.980116725 0.00136918062 -0.183891803 -0.982945621 0.00485434802 -0.215732232 -0.976440609 0.0269550215 -0.232010305 -0.972339809 0.002331367 -0.221931532 -0.975059509 0.002331367 -0.221931532 -0.975059509 0.00594835309 -0.204030216 -0.978946626 0.00485434802 -0.215732232 -0.976440609 0.00770396227 -0.198272347 -0.980116725 0.00280146045 -0.181654528 -0.983358443 0.00136918062 -0.183891803 -0.982945621 0.00280146045 -0.181654528 -0.983358443 0.011151284 -0.174270749 -0.984634638 -0.00710909395 -0.148773 -0.988845825 -0.00710909395 -0.148773 -0.988845825 0.00136918062 -0.183891803 -0.982945621 0.00280146045 -0.181654528 -0.983358443 -0.0173816942 -0.0544638932 -0.998364449 -0.0576278716 0.0104157915 -0.998283803 -0 0 -1 -0 0 -1 -0 0 -1 -0.0173816942 -0.0544638932 -0.998364449 -8.74227766e-08 -1 0 -8.74227766e-08 -1 0 -8.74227766e-08 -1 0 -0.647933602 -0.238137603 -0.72351402 -0.655229747 -0.232732996 -0.718685865 -0.65454042 -0.234109238 -0.718867064 -0.65454042 -0.234109238 -0.718867064 -0.645938098 -0.238643706 -0.725129783 -0.647933602 -0.238137603 -0.72351402 -0.661110759 -0.232299268 -0.713421047 -0.66111654 -0.232992098 -0.713189781 -0.65454042 -0.234109238 -0.718867064 -0.65454042 -0.234109238 -0.718867064 -0.655229747 -0.232732996 -0.718685865 -0.661110759 -0.232299268 -0.713421047 -0.661110759 -0.232299268 -0.713421047 -0.667598128 -0.23452425 -0.706619561 -0.666445315 -0.232682168 -0.708314717 -0.666445315 -0.232682168 -0.708314717 -0.66111654 -0.232992098 -0.713189781 -0.661110759 -0.232299268 -0.713421047 -0.667598128 -0.23452425 -0.706619561 -0.669757545 -0.242088541 -0.702009976 -0.66905576 -0.239498302 -0.703565955 -0.66905576 -0.239498302 -0.703565955 -0.666445315 -0.232682168 -0.708314717 -0.667598128 -0.23452425 -0.706619561 -0.670337915 -0.25295803 -0.697609723 -0.670303941 -0.250654399 -0.698473394 -0.66905576 -0.239498302 -0.703565955 -0.66905576 -0.239498302 -0.703565955 -0.669757545 -0.242088541 -0.702009976 -0.670337915 -0.25295803 -0.697609723 -0.66761291 -0.269741058 -0.693925679 -0.670972526 -0.268274426 -0.691248715 -0.670303941 -0.250654399 -0.698473394 -0.670303941 -0.250654399 -0.698473394 -0.670337915 -0.25295803 -0.697609723 -0.66761291 -0.269741058 -0.693925679 -0.670972526 -0.268274426 -0.691248715 -0.66761291 -0.269741058 -0.693925679 -0.6491974 -0.290976316 -0.702762842 -0.653648674 -0.301972061 -0.693942606 -0.657138348 -0.324709386 -0.680244803 -0.658738911 -0.320354789 -0.680761337 -0.658738911 -0.320354789 -0.680761337 -0.654139042 -0.303787112 -0.692687213 -0.653648674 -0.301972061 -0.693942606 -0.657138348 -0.324709386 -0.680244803 -0.640388489 -0.361792088 -0.677502215 -0.643955886 -0.358090699 -0.67608577 -0.643955886 -0.358090699 -0.67608577 -0.658738911 -0.320354789 -0.680761337 -0.657138348 -0.324709386 -0.680244803 -0.643955886 -0.358090699 -0.67608577 -0.640388489 -0.361792088 -0.677502215 -0.639538646 -0.394559324 -0.659782767 -0.639538646 -0.394559324 -0.659782767 -0.630885601 -0.409304053 -0.659130931 -0.643955886 -0.358090699 -0.67608577 -0.639538646 -0.394559324 -0.659782767 -0.626321495 -0.442460835 -0.641833127 -0.606935143 -0.463961899 -0.645266771 -0.606935143 -0.463961899 -0.645266771 -0.630885601 -0.409304053 -0.659130931 -0.639538646 -0.394559324 -0.659782767 -0.589315534 -0.508057892 -0.628159523 -0.586278617 -0.492752582 -0.643018126 -0.606935143 -0.463961899 -0.645266771 -0.606935143 -0.463961899 -0.645266771 -0.626321495 -0.442460835 -0.641833127 -0.589315534 -0.508057892 -0.628159523 -0.589315534 -0.508057892 -0.628159523 -0.579298139 -0.526745021 -0.622055769 -0.545407116 -0.545241475 -0.636586845 -0.545407116 -0.545241475 -0.636586845 -0.586278617 -0.492752582 -0.643018126 -0.589315534 -0.508057892 -0.628159523 -0.55337739 -0.548049748 -0.627228022 -0.545407116 -0.545241475 -0.636586845 -0.579298139 -0.526745021 -0.622055769 -0.579298139 -0.526745021 -0.622055769 -0.560872972 -0.54651916 -0.621882915 -0.55337739 -0.548049748 -0.627228022 -0.688320994 -0.0497207902 -0.723700285 -0.399390817 -0.238570824 -0.885195494 -0.399270475 -0.226161242 -0.888501167 -0.399270475 -0.226161242 -0.888501167 -0.625641048 -0.0611777864 -0.77770853 -0.688320994 -0.0497207902 -0.723700285 -0.399270475 -0.226161242 -0.888501167 -0.399390817 -0.238570824 -0.885195494 -0.107730888 -0.376164138 -0.920268774 -0.107730888 -0.376164138 -0.920268774 -0.0712470934 -0.380975574 -0.921835899 -0.399270475 -0.226161242 -0.888501167 -0.588707924 -0.0545168258 -0.806505442 -0.346147895 -0.227650777 -0.910141051 -0.399390817 -0.238570824 -0.885195494 -0.399390817 -0.238570824 -0.885195494 -0.688320994 -0.0497207902 -0.723700285 -0.588707924 -0.0545168258 -0.806505442 -0.495959163 -0.0506699495 -0.866866291 -0.280882925 -0.226197645 -0.932705462 -0.346147895 -0.227650777 -0.910141051 -0.346147895 -0.227650777 -0.910141051 -0.588707924 -0.0545168258 -0.806505442 -0.495959163 -0.0506699495 -0.866866291 -0.389366806 -0.0514290817 -0.919645905 -0.222887799 -0.224036455 -0.948751152 -0.280882925 -0.226197645 -0.932705462 -0.280882925 -0.226197645 -0.932705462 -0.495959163 -0.0506699495 -0.866866291 -0.389366806 -0.0514290817 -0.919645905 -0.305933923 -0.0320685692 -0.951512575 -0.172448933 -0.221634537 -0.959760249 -0.222887799 -0.224036455 -0.948751152 -0.222887799 -0.224036455 -0.948751152 -0.389366806 -0.0514290817 -0.919645905 -0.305933923 -0.0320685692 -0.951512575 -0.237501264 -0.0408146717 -0.970529497 -0.125808939 -0.220049158 -0.967341959 -0.172448933 -0.221634537 -0.959760249 -0.172448933 -0.221634537 -0.959760249 -0.305933923 -0.0320685692 -0.951512575 -0.237501264 -0.0408146717 -0.970529497 -0.142992347 -0.0431853458 -0.988781214 -0.0822173953 -0.218650088 -0.97233355 -0.125808939 -0.220049158 -0.967341959 -0.125808939 -0.220049158 -0.967341959 -0.237501264 -0.0408146717 -0.970529497 -0.142992347 -0.0431853458 -0.988781214 -0.0781817213 -0.0436548032 -0.995982885 -0.0404823944 -0.217401356 -0.975242496 -0.0822173953 -0.218650088 -0.97233355 -0.0822173953 -0.218650088 -0.97233355 -0.142992347 -0.0431853458 -0.988781214 -0.0781817213 -0.0436548032 -0.995982885 -0.0173816942 -0.0544638932 -0.998364449 -0.00998941436 -0.219621897 -0.975533903 -0.0404823944 -0.217401356 -0.975242496 -0.0404823944 -0.217401356 -0.975242496 -0.0781817213 -0.0436548032 -0.995982885 -0.0173816942 -0.0544638932 -0.998364449 -0.346147895 -0.227650777 -0.910141051 -0.0896391645 -0.376719415 -0.921980202 -0.107730888 -0.376164138 -0.920268774 -0.107730888 -0.376164138 -0.920268774 -0.399390817 -0.238570824 -0.885195494 -0.346147895 -0.227650777 -0.910141051 -0.280882925 -0.226197645 -0.932705462 -0.0726699308 -0.378277451 -0.922835529 -0.0896391645 -0.376719415 -0.921980202 -0.0896391645 -0.376719415 -0.921980202 -0.346147895 -0.227650777 -0.910141051 -0.280882925 -0.226197645 -0.932705462 -0.222887799 -0.224036455 -0.948751152 -0.0577345714 -0.379176795 -0.923521459 -0.0726699308 -0.378277451 -0.922835529 -0.0726699308 -0.378277451 -0.922835529 -0.280882925 -0.226197645 -0.932705462 -0.222887799 -0.224036455 -0.948751152 -0.172448933 -0.221634537 -0.959760249 -0.044802621 -0.379539132 -0.924090326 -0.0577345714 -0.379176795 -0.923521459 -0.0577345714 -0.379176795 -0.923521459 -0.222887799 -0.224036455 -0.948751152 -0.172448933 -0.221634537 -0.959760249 -0.125808939 -0.220049158 -0.967341959 -0.0328196175 -0.379634678 -0.924554229 -0.044802621 -0.379539132 -0.924090326 -0.044802621 -0.379539132 -0.924090326 -0.172448933 -0.221634537 -0.959760249 -0.125808939 -0.220049158 -0.967341959 -0.0822173953 -0.218650088 -0.97233355 -0.0215290096 -0.379589349 -0.924904644 -0.0328196175 -0.379634678 -0.924554229 -0.0328196175 -0.379634678 -0.924554229 -0.125808939 -0.220049158 -0.967341959 -0.0822173953 -0.218650088 -0.97233355 -0.0404823944 -0.217401356 -0.975242496 -0.0106866499 -0.379390717 -0.925174832 -0.0215290096 -0.379589349 -0.924904644 -0.0215290096 -0.379589349 -0.924904644 -0.0822173953 -0.218650088 -0.97233355 -0.0404823944 -0.217401356 -0.975242496 -0.00998941436 -0.219621897 -0.975533903 -0.00263502193 -0.380660892 -0.924711049 -0.0106866499 -0.379390717 -0.925174832 -0.0106866499 -0.379390717 -0.925174832 -0.0404823944 -0.217401356 -0.975242496 -0.00998941436 -0.219621897 -0.975533903 -0.588707924 -0.0545168258 -0.806505442 -0.688320994 -0.0497207902 -0.723700285 -0.706061363 0.0078651458 -0.708107114 -0.997874856 0.00317255547 -0.0650822595 -0.997858763 8.72355841e-08 -0.0654060692 -0.96630162 0.00338294101 -0.257390201 -0.96630162 0.00338294101 -0.257390201 -0.96779263 -0.000512949133 -0.251748234 -0.997874856 0.00317255547 -0.0650822595 -0.96630162 0.00338294101 -0.257390201 -0.866654098 0.00691915536 -0.498861581 -0.905284524 -0.00641041249 -0.424757481 -0.905284524 -0.00641041249 -0.424757481 -0.96779263 -0.000512949133 -0.251748234 -0.96630162 0.00338294101 -0.257390201 -0.807418227 -0.0016746209 -0.589977264 -0.905284524 -0.00641041249 -0.424757481 -0.866654098 0.00691915536 -0.498861581 -0.866654098 0.00691915536 -0.498861581 -0.706061363 0.0078651458 -0.708107114 -0.807418227 -0.0016746209 -0.589977264 -0.498413563 0.0058426531 -0.866919696 -0.269375056 0.00546687422 -0.963019907 -0.237501264 -0.0408146717 -0.970529497 -0.237501264 -0.0408146717 -0.970529497 -0.305933923 -0.0320685692 -0.951512575 -0.498413563 0.0058426531 -0.866919696 -0.237501264 -0.0408146717 -0.970529497 -0.269375056 0.00546687422 -0.963019907 -0.142992347 -0.0431853458 -0.988781214 -0.305933923 -0.0320685692 -0.951512575 -0.389366806 -0.0514290817 -0.919645905 -0.498413563 0.0058426531 -0.866919696 -0.495959163 -0.0506699495 -0.866866291 -0.706061363 0.0078651458 -0.708107114 -0.498413563 0.0058426531 -0.866919696 -0.498413563 0.0058426531 -0.866919696 -0.389366806 -0.0514290817 -0.919645905 -0.495959163 -0.0506699495 -0.866866291 -0.706061363 0.0078651458 -0.708107114 -0.495959163 -0.0506699495 -0.866866291 -0.588707924 -0.0545168258 -0.806505442 -0.269375056 0.00546687422 -0.963019907 -0.0576278716 0.0104157915 -0.998283803 -0.0781817213 -0.0436548032 -0.995982885 -0.0781817213 -0.0436548032 -0.995982885 -0.142992347 -0.0431853458 -0.988781214 -0.269375056 0.00546687422 -0.963019907 -0.0781817213 -0.0436548032 -0.995982885 -0.0576278716 0.0104157915 -0.998283803 -0.0173816942 -0.0544638932 -0.998364449 -0.0477143228 0.706306398 -0.706296384 6.18172393e-08 0.707106769 -0.707106769 6.18172464e-08 0.707106829 -0.707106829 6.18172464e-08 0.707106829 -0.707106829 -0.0449868739 0.70639354 -0.706388235 -0.0477143228 0.706306398 -0.706296384 1 -8.74227766e-08 0 1 -8.74227766e-08 0 1 -8.74227766e-08 0 1 -8.74227766e-08 0 1 -8.74227766e-08 0 1 -8.74227766e-08 0 -0.183008686 0.707134902 -0.68298471 -0.18301177 0.707136571 -0.682982206 -0.0477143228 0.706306398 -0.706296384 -0.0477143228 0.706306398 -0.706296384 -0.0449868739 0.70639354 -0.706388235 -0.183008686 0.707134902 -0.68298471 -0.353543967 0.707125485 -0.612356365 -0.353547245 0.707125127 -0.612354815 -0.18301177 0.707136571 -0.682982206 -0.18301177 0.707136571 -0.682982206 -0.183008686 0.707134902 -0.68298471 -0.353543967 0.707125485 -0.612356365 -0.499986351 0.707123101 -0.499990612 -0.499992341 0.707121372 -0.499987125 -0.353547245 0.707125127 -0.612354815 -0.353547245 0.707125127 -0.612354815 -0.353543967 0.707125485 -0.612356365 -0.499986351 0.707123101 -0.499990612 -0.612378538 0.707096219 -0.353564054 -0.612377942 0.707096994 -0.353563607 -0.499992341 0.707121372 -0.499987125 -0.499992341 0.707121372 -0.499987125 -0.499986351 0.707123101 -0.499990612 -0.612378538 0.707096219 -0.353564054 -0.682992518 0.70712769 -0.183007494 -0.682988644 0.707131565 -0.183006778 -0.612377942 0.707096994 -0.353563607 -0.612377942 0.707096994 -0.353563607 -0.612378538 0.707096219 -0.353564054 -0.682992518 0.70712769 -0.183007494 -0.70635736 0.706424415 -0.0449878052 -0.706266999 0.706335485 -0.0477198437 -0.682988644 0.707131565 -0.183006778 -0.682988644 0.707131565 -0.183006778 -0.682992518 0.70712769 -0.183007494 -0.70635736 0.706424415 -0.0449878052 -0.997874856 0.00317255547 -0.0650822595 -1 8.74227766e-08 0 -1 8.74227766e-08 0 -1 8.74227766e-08 0 -0.997858763 8.72355841e-08 -0.0654060692 -0.997874856 0.00317255547 -0.0650822595 -0.706266999 0.706335485 -0.0477198437 -0.70635736 0.706424415 -0.0449878052 -0.707072496 0.707141042 0 -0.707072496 0.707141042 0 -0.707072496 0.707141101 0 -0.706266999 0.706335485 -0.0477198437 0.707111478 0.70710212 0 0.707111478 0.70710212 0 0.707111418 0.70710218 0 0.707111418 0.70710218 0 0.707111418 0.70710212 0 0.707111478 0.70710212 0 -0.989940524 -0.141481638 0.00080612785 -0.988664687 -0.150135636 0.00122981041 -0.988619149 -0.150432974 0.00149346166 -0.988619149 -0.150432974 0.00149346166 -0.989804268 -0.142434418 1.32930609e-06 -0.989940524 -0.141481638 0.00080612785 -0.989995956 -0.141095847 -8.34907405e-05 -0.988988638 -0.147983581 0.00152476679 -0.989940524 -0.141481638 0.00080612785 -0.989940524 -0.141481638 0.00080612785 -0.989804268 -0.142434418 1.32930609e-06 -0.989995956 -0.141095847 -8.34907405e-05 -0.988988638 -0.147983581 0.00152476679 -0.989995956 -0.141095847 -8.34907405e-05 -0.988111854 -0.153736293 0.000546824653 -0.988111854 -0.153736293 0.000546824653 -0.983389854 -0.181461766 0.00400907826 -0.982314408 -0.187236637 0.000979706412 -0.982314408 -0.187236637 0.000979706412 -0.988988638 -0.147983581 0.00152476679 -0.988111854 -0.153736293 0.000546824653 -0.963281751 -0.267899185 0.0178414825 -0.974401832 -0.224282905 0.0154393986 -0.975687265 -0.218299329 0.0194880236 -0.975687265 -0.218299329 0.0194880236 -0.962116539 -0.272335559 0.0128489714 -0.963281751 -0.267899185 0.0178414825 -0.974401832 -0.224282905 0.0154393986 -0.982314408 -0.187236637 0.000979706412 -0.983389854 -0.181461766 0.00400907826 -0.983389854 -0.181461766 0.00400907826 -0.975687265 -0.218299329 0.0194880236 -0.974401832 -0.224282905 0.0154393986 -0.954616725 -0.297703147 0.00893898122 -0.963281751 -0.267899185 0.0178414825 -0.962116539 -0.272335559 0.0128489714 -0.962116539 -0.272335559 0.0128489714 -0.951747835 -0.306881428 0 -0.954616725 -0.297703147 0.00893898122 -0.988664687 -0.150135636 0.00122981041 -0.984379292 -0.176059544 -0.000739096431 -0.984343231 -0.176261663 0.000500816677 -0.984343231 -0.176261663 0.000500816677 -0.988619149 -0.150432974 0.00149346166 -0.988664687 -0.150135636 0.00122981041 -0.984379292 -0.176059544 -0.000739096431 -0.979027808 -0.203723088 -0.00122846919 -0.978578508 -0.205869794 -0.00139058265 -0.978578508 -0.205869794 -0.00139058265 -0.984343231 -0.176261663 0.000500816677 -0.984379292 -0.176059544 -0.000739096431 -0.979027808 -0.203723088 -0.00122846919 -0.970384002 -0.241567701 -3.99408736e-06 -0.968426704 -0.249297902 -0.000518595451 -0.968426704 -0.249297902 -0.000518595451 -0.978578508 -0.205869794 -0.00139058265 -0.979027808 -0.203723088 -0.00122846919 -0.968426704 -0.249297902 -0.000518595451 -0.970384002 -0.241567701 -3.99408736e-06 -0.950965524 -0.309296221 -0.000658080389 -0.950965524 -0.309296221 -0.000658080389 -0.9487679 -0.315974087 -5.43662509e-06 -0.968426704 -0.249297902 -0.000518595451 -0.927668452 -0.373405129 0.000219264723 -0.9487679 -0.315974087 -5.43662509e-06 -0.950965524 -0.309296221 -0.000658080389 -0.950965524 -0.309296221 -0.000658080389 -0.922361434 -0.386319548 -0.00257453881 -0.927668452 -0.373405129 0.000219264723 -0.907170892 -0.420746952 -0.00362090743 -0.890188813 -0.455588877 -0.00163591444 -0.893766522 -0.448489368 -0.00622542761 -0.893766522 -0.448489368 -0.00622542761 -0.89805609 -0.438694596 -0.0322858877 -0.907170892 -0.420746952 -0.00362090743 -0.922361434 -0.386319548 -0.00257453881 -0.890188813 -0.455588877 -0.00163591444 -0.907170892 -0.420746952 -0.00362090743 -0.907170892 -0.420746952 -0.00362090743 -0.927668452 -0.373405129 0.000219264723 -0.922361434 -0.386319548 -0.00257453881 -0.890188813 -0.455588877 -0.00163591444 -0.878700972 -0.477372527 -0.000266417162 -0.893766522 -0.448489368 -0.00622542761 -0.890188813 -0.455588877 -0.00163591444 -0.872519672 -0.488575131 -0.00198577577 -0.874444962 -0.485123396 -0.00123274827 -0.874444962 -0.485123396 -0.00123274827 -0.878700972 -0.477372527 -0.000266417162 -0.890188813 -0.455588877 -0.00163591444 8.74227766e-08 1 0 8.74227766e-08 1 0 8.74227766e-08 1 0 8.74227766e-08 1 0 8.74227766e-08 1 0 8.74227766e-08 1 0 8.74227766e-08 1 0 8.74227766e-08 1 0 8.74227766e-08 1 0 8.74227766e-08 1 0 8.74227766e-08 1 0 8.74227766e-08 1 0 8.74227766e-08 1 0 8.74227766e-08 1 0 8.74227766e-08 1 0 8.74227766e-08 1 0 8.74227766e-08 1 0 8.74227766e-08 1 0 8.74227766e-08 1 0 8.74227766e-08 1 0 8.74227766e-08 1 0 8.74227766e-08 1 0 8.74227766e-08 1 0 8.74227766e-08 1 0 0.00546331331 -0.242220312 -0.970205903 0.0100265127 -0.262812555 -0.964794815 0.00904621556 -0.262356639 -0.964928627 0.00904621556 -0.262356639 -0.964928627 0.00750722364 -0.241954207 -0.970258653 0.00546331331 -0.242220312 -0.970205903 0.00189593493 -0.137273088 -0.990531504 -0.00189595891 -0.137273088 -0.990531504 0.00204619416 -0.114902481 -0.993374705 0.00204619416 -0.114902481 -0.993374705 -0.00204622024 -0.114902489 -0.993374765 0.00189593493 -0.137273088 -0.990531504 -0.653648674 -0.301972061 -0.693942606 -0.654139042 -0.303787112 -0.692687213 -0.6491974 -0.290976316 -0.702762842 -0.66761291 -0.269741058 -0.693925679 -0.653648674 -0.301972061 -0.693942606 -0.6491974 -0.290976316 -0.702762842 -0.890188813 -0.455588877 -0.00163591444 -0.875880122 -0.482528865 0 -0.872519672 -0.488575131 -0.00198577577 -0.807418227 -0.0016746209 -0.589977264 -0.706061363 0.0078651458 -0.708107114 -0.688320994 -0.0497207902 -0.723700285 -0.688320994 -0.0497207902 -0.723700285 -0.625641048 -0.0611777864 -0.77770853 -0.807418227 -0.0016746209 -0.589977264 -0.0896391645 -0.376719415 -0.921980202 0.000241181842 -0.417819947 -0.908529818 5.83361543e-05 -0.414313495 -0.910134256 5.83361543e-05 -0.414313495 -0.910134256 -0.107730888 -0.376164138 -0.920268774 -0.0896391645 -0.376719415 -0.921980202 -0.0726699308 -0.378277451 -0.922835529 0.000388010347 -0.421171069 -0.906981111 0.000241181842 -0.417819947 -0.908529818 0.000241181842 -0.417819947 -0.908529818 -0.0896391645 -0.376719415 -0.921980202 -0.0726699308 -0.378277451 -0.922835529 -0.0577345714 -0.379176795 -0.923521459 0.000390308094 -0.424196541 -0.905570149 0.000388010347 -0.421171069 -0.906981111 0.000388010347 -0.421171069 -0.906981111 -0.0726699308 -0.378277451 -0.922835529 -0.0577345714 -0.379176795 -0.923521459 -0.044802621 -0.379539132 -0.924090326 0.000306101952 -0.426777601 -0.904356599 0.000390308094 -0.424196541 -0.905570149 0.000390308094 -0.424196541 -0.905570149 -0.0577345714 -0.379176795 -0.923521459 -0.044802621 -0.379539132 -0.924090326 -0.0328196175 -0.379634678 -0.924554229 0.000208435493 -0.428860962 -0.9033705 0.000306101952 -0.426777601 -0.904356599 0.000306101952 -0.426777601 -0.904356599 -0.044802621 -0.379539132 -0.924090326 -0.0328196175 -0.379634678 -0.924554229 -0.0215290096 -0.379589349 -0.924904644 0.000114175004 -0.430587292 -0.902548969 0.000208435493 -0.428860962 -0.9033705 0.000208435493 -0.428860962 -0.9033705 -0.0328196175 -0.379634678 -0.924554229 -0.0215290096 -0.379589349 -0.924904644 -0.0106866499 -0.379390717 -0.925174832 5.13800042e-05 -0.431762904 -0.901987195 0.000114175004 -0.430587292 -0.902548969 0.000114175004 -0.430587292 -0.902548969 -0.0215290096 -0.379589349 -0.924904644 -0.0106866499 -0.379390717 -0.925174832 -0.00263502193 -0.380660892 -0.924711049 6.64117294e-07 -0.43303287 -0.901378095 2.18600344e-05 -0.432404071 -0.901679933 -0.00263502193 -0.380660892 -0.924711049 2.18600344e-05 -0.432404071 -0.901679933 5.13800042e-05 -0.431762904 -0.901987195 -0.0106866499 -0.379390717 -0.925174832 -0.00263502193 -0.380660892 -0.924711049 5.13800042e-05 -0.431762904 -0.901987195 0.9945997 -0.0712644905 -0.0754510611 0.989390492 -0.0959878787 -0.109054528 0.964968324 -0.23596333 -0.11470668 0.936157525 -0.247098207 -0.250103384 0.916677654 -0.383831352 -0.11124599 0.84362036 -0.525698543 -0.109297104 0.769038498 -0.450597584 -0.453367144 0.84362036 -0.525698543 -0.109297104 0.75525862 -0.646760285 -0.106233798 0.0357047282 -0.994772911 -0.0956666991 0.0673228949 -0.70532769 -0.70567733 0.254132926 -0.683726609 -0.684057295 0.254132926 -0.683726609 -0.684057295 0.14078486 -0.985083997 -0.0989410505 0.0357047282 -0.994772911 -0.0956666991 0.14078486 -0.985083997 -0.0989410505 0.254132926 -0.683726609 -0.684057295 0.514150083 -0.606290162 -0.606681108 0.514150083 -0.606290162 -0.606681108 0.279927403 -0.954788744 -0.100095786 0.14078486 -0.985083997 -0.0989410505 0.413885295 -0.904739916 -0.100720726 0.279927403 -0.954788744 -0.100095786 0.514150083 -0.606290162 -0.606681108 0.537312508 -0.837102473 -0.102736197 0.413885295 -0.904739916 -0.100720726 0.514150083 -0.606290162 -0.606681108 7.41330553e-09 0.0847983286 0.996398211 6.48618226e-09 0.0741932765 0.997243881 6.48618315e-09 0.0741932839 0.997243941 6.48618315e-09 0.0741932839 0.997243941 7.41330553e-09 0.0847983286 0.996398151 7.41330553e-09 0.0847983286 0.996398211 0 0 1 0 0 1 0 0 1 0 0 1 0 0 1 0 0 1 0 0 1 0 0 1 0 0 1 0 0 1 0 0 1 0 0 1 0 0 1 0 0 1 0 0 1 2.85539981e-10 0.0032661967 0.999994695 0 0 1 0 0 1 0 0 1 2.85540008e-10 0.00326619716 0.999994755 2.85539981e-10 0.0032661967 0.999994695 0 0 1 0 0 1 0 0 1 0 0 1 0 0 1 0 0 1 0 0 1 0 0 1 0 0 1 0 0 1 0 0 1 0 0 1 0 0 1 0 0 1 0 0 1 0 0 1 0 0 1 0 0 1 0 0 1 0 0 1 0 0 1 0 0 1 0 0 1 0 0 1 6.48618226e-09 0.0741932765 0.997243881 2.90610602e-09 0.0332419761 0.999447405 2.90610491e-09 0.0332419649 0.999447346 2.90610491e-09 0.0332419649 0.999447346 6.48618315e-09 0.0741932839 0.997243941 6.48618226e-09 0.0741932765 0.997243881 2.90610602e-09 0.0332419761 0.999447405 2.85539981e-10 0.0032661967 0.999994695 2.85540008e-10 0.00326619716 0.999994755 2.85540008e-10 0.00326619716 0.999994755 2.90610491e-09 0.0332419649 0.999447346 2.90610602e-09 0.0332419761 0.999447405 -0.101387717 -0.0164092034 -0.994711697 -0.0309755448 -0.0583284721 -0.997816861 -0.0178043377 -0.0193972755 -0.999653399 0.0178043395 -0.0193972792 -0.999653399 0.0309755336 -0.0583284833 -0.997816861 0.101387717 -0.016409222 -0.994711697 0.991578996 -0.0470738485 -0.120645151 0.991580307 -0.0501424596 -0.119391911 0.9945997 -0.0712644905 -0.0754510611 0.991585195 -0.0438933633 -0.121787518 0.991578996 -0.0470738485 -0.120645151 0.9945997 -0.0712644905 -0.0754510611 0.991563261 -0.0409289859 -0.122992344 0.991585195 -0.0438933633 -0.121787518 0.9945997 -0.0712644905 -0.0754510611 0.983898163 -0.0282976739 -0.176475465 0.991563261 -0.0409289859 -0.122992344 0.9945997 -0.0712644905 -0.0754510611 0.983898163 -0.0282976739 -0.176475465 0.9945997 -0.0712644905 -0.0754510611 0.936157525 -0.247098207 -0.250103384 0.943024993 -0.0301276296 -0.331355125 0.983898163 -0.0282976739 -0.176475465 0.936157525 -0.247098207 -0.250103384 0.865969121 -0.0273412969 -0.499349535 0.943024993 -0.0301276296 -0.331355125 0.936157525 -0.247098207 -0.250103384 0.865969121 -0.0273412969 -0.499349535 0.936157525 -0.247098207 -0.250103384 0.769038498 -0.450597584 -0.453367144 0.780054629 -0.0246730652 -0.625224948 0.865969121 -0.0273412969 -0.499349535 0.769038498 -0.450597584 -0.453367144 0.710671067 -0.0198562387 -0.703244269 0.780054629 -0.0246730652 -0.625224948 0.769038498 -0.450597584 -0.453367144 0.629407883 -0.0197980888 -0.776822865 0.710671067 -0.0198562387 -0.703244269 0.769038498 -0.450597584 -0.453367144 0.629407883 -0.0197980888 -0.776822865 0.769038498 -0.450597584 -0.453367144 0.514150083 -0.606290162 -0.606681108 0.552211821 -0.0177714285 -0.833514392 0.629407883 -0.0197980888 -0.776822865 0.514150083 -0.606290162 -0.606681108 0.468191981 -0.0160552617 -0.883480906 0.552211821 -0.0177714285 -0.833514392 0.514150083 -0.606290162 -0.606681108 0.371400833 -0.0147492997 -0.928355515 0.468191981 -0.0160552617 -0.883480906 0.514150083 -0.606290162 -0.606681108 0.371400833 -0.0147492997 -0.928355515 0.514150083 -0.606290162 -0.606681108 0.254132926 -0.683726609 -0.684057295 0.2685844 -0.0162531566 -0.96311909 0.371400833 -0.0147492997 -0.928355515 0.254132926 -0.683726609 -0.684057295 0.2685844 -0.0162531566 -0.96311909 0.254132926 -0.683726609 -0.684057295 0.0673228949 -0.70532769 -0.70567733 0.185705602 -0.0143185966 -0.982501149 0.2685844 -0.0162531566 -0.96311909 0.0673228949 -0.70532769 -0.70567733 0.101387717 -0.016409222 -0.994711697 0.185705602 -0.0143185966 -0.982501149 0.0673228949 -0.70532769 -0.70567733 0.0178043395 -0.0193972792 -0.999653399 0.101387717 -0.016409222 -0.994711697 0.0673228949 -0.70532769 -0.70567733 0.0178043395 -0.0193972792 -0.999653399 0.0673228949 -0.70532769 -0.70567733 -0.0673230216 -0.70532763 -0.70567739 -0.0178043377 -0.0193972755 -0.999653399 0.0178043395 -0.0193972792 -0.999653399 -0.0673230216 -0.70532763 -0.70567739 -0.101387717 -0.0164092034 -0.994711697 -0.0178043377 -0.0193972755 -0.999653399 -0.0673230216 -0.70532763 -0.70567739 -0.185705617 -0.0143185649 -0.98250109 -0.101387717 -0.0164092034 -0.994711697 -0.0673230216 -0.70532763 -0.70567739 -0.268584371 -0.0162531082 -0.96311903 -0.185705617 -0.0143185649 -0.98250109 -0.0673230216 -0.70532763 -0.70567739 -0.268584371 -0.0162531082 -0.96311903 -0.0673230216 -0.70532763 -0.70567739 -0.254133046 -0.683726609 -0.684057236 -0.371400863 -0.0147492355 -0.928355515 -0.268584371 -0.0162531082 -0.96311903 -0.254133046 -0.683726609 -0.684057236 -0.371400863 -0.0147492355 -0.928355515 -0.254133046 -0.683726609 -0.684057236 -0.514150143 -0.606289983 -0.606681168 -0.468192011 -0.0160551798 -0.883480906 -0.371400863 -0.0147492355 -0.928355515 -0.514150143 -0.606289983 -0.606681168 -0.552211821 -0.0177713372 -0.833514512 -0.468192011 -0.0160551798 -0.883480906 -0.514150143 -0.606289983 -0.606681168 -0.629407883 -0.0197979789 -0.776822984 -0.552211821 -0.0177713372 -0.833514512 -0.514150143 -0.606289983 -0.606681168 -0.629407883 -0.0197979789 -0.776822984 -0.514150143 -0.606289983 -0.606681168 -0.769038558 -0.450597465 -0.453367144 -0.710671127 -0.0198561177 -0.703244209 -0.629407883 -0.0197979789 -0.776822984 -0.769038558 -0.450597465 -0.453367144 -0.780054629 -0.0246729273 -0.625224888 -0.710671127 -0.0198561177 -0.703244209 -0.769038558 -0.450597465 -0.453367144 -0.865969181 -0.027341146 -0.499349594 -0.780054629 -0.0246729273 -0.625224888 -0.769038558 -0.450597465 -0.453367144 -0.865969181 -0.027341146 -0.499349594 -0.769038558 -0.450597465 -0.453367144 -0.936157584 -0.247098088 -0.250103414 -0.943024993 -0.0301274639 -0.331355095 -0.865969181 -0.027341146 -0.499349594 -0.936157584 -0.247098088 -0.250103414 -0.983898163 -0.0282975007 -0.17647545 -0.943024993 -0.0301274639 -0.331355095 -0.936157584 -0.247098088 -0.250103414 -0.983898163 -0.0282975007 -0.17647545 -0.936157584 -0.247098088 -0.250103414 -0.9945997 -0.0712643117 -0.0754510611 -0.991563261 -0.0409288146 -0.122992344 -0.983898163 -0.0282975007 -0.17647545 -0.9945997 -0.0712643117 -0.0754510611 -0.991585255 -0.043893192 -0.121787511 -0.991563261 -0.0409288146 -0.122992344 -0.9945997 -0.0712643117 -0.0754510611 -0.9945997 -0.0712643117 -0.0754510611 -0.991580307 -0.0501422882 -0.119391896 -0.991578996 -0.0470736772 -0.120645165 -0.991585255 -0.043893192 -0.121787511 -0.9945997 -0.0712643117 -0.0754510611 -0.991578996 -0.0470736772 -0.120645165 -0.9945997 -0.0712643117 -0.0754510611 -0.989390552 -0.0959877223 -0.109054558 -0.991580307 -0.0501422882 -0.119391896 -0.936157584 -0.247098088 -0.250103414 -0.964968324 -0.235963151 -0.11470668 -0.9945997 -0.0712643117 -0.0754510611 -0.936157584 -0.247098088 -0.250103414 -0.916677773 -0.383831233 -0.111246005 -0.964968324 -0.235963151 -0.11470668 -0.936157584 -0.247098088 -0.250103414 -0.769038558 -0.450597465 -0.453367144 -0.843620479 -0.525698364 -0.109297089 -0.769038558 -0.450597465 -0.453367144 -0.653101861 -0.750219107 -0.103098556 -0.755258679 -0.646760166 -0.106233776 -0.769038558 -0.450597465 -0.453367144 -0.514150143 -0.606289983 -0.606681168 -0.537312686 -0.837102473 -0.102736212 -0.537312686 -0.837102473 -0.102736212 -0.653101861 -0.750219107 -0.103098556 -0.769038558 -0.450597465 -0.453367144 -0.0697434396 -0.116271235 -0.99076587 -0.10151118 -0.120755643 -0.987478375 -0.0523065254 -0.147339135 -0.987702012 -0.0523065254 -0.147339135 -0.987702012 -0.0356766917 -0.143147558 -0.989058197 -0.0697434396 -0.116271235 -0.99076587 -0.0412099697 -0.114525974 -0.992565215 -0.0697434396 -0.116271235 -0.99076587 -0.0356766917 -0.143147558 -0.989058197 -0.0356766917 -0.143147558 -0.989058197 -0.0213735439 -0.139941931 -0.98992908 -0.0412099697 -0.114525974 -0.992565215 -0.0185485817 -0.114577547 -0.993241131 -0.0412099697 -0.114525974 -0.992565215 -0.0213735439 -0.139941931 -0.98992908 -0.0213735439 -0.139941931 -0.98992908 -0.00969161466 -0.138693258 -0.99028796 -0.0185485817 -0.114577547 -0.993241131 -0.00470907474 -0.112229601 -0.993671179 -0.0185485817 -0.114577547 -0.993241131 -0.00969161466 -0.138693258 -0.99028796 -0.00969161466 -0.138693258 -0.99028796 -0.00231488864 -0.137841284 -0.990451694 -0.00470907474 -0.112229601 -0.993671179 -0.144123808 -0.127499834 -0.98131144 -0.0739266127 -0.157590747 -0.984733582 -0.0523065254 -0.147339135 -0.987702012 -0.0523065254 -0.147339135 -0.987702012 -0.10151118 -0.120755643 -0.987478375 -0.144123808 -0.127499834 -0.98131144 -0.0912272409 -0.167042673 -0.98172009 -0.0739266127 -0.157590747 -0.984733582 -0.144123808 -0.127499834 -0.98131144 -0.144123808 -0.127499834 -0.98131144 -0.181450382 -0.135789007 -0.973980129 -0.0912272409 -0.167042673 -0.98172009 -0.109322198 -0.177577585 -0.97801584 -0.0912272409 -0.167042673 -0.98172009 -0.181450382 -0.135789007 -0.973980129 -0.181450382 -0.135789007 -0.973980129 -0.217372611 -0.14511174 -0.96524179 -0.109322198 -0.177577585 -0.97801584 -0.127522692 -0.188822061 -0.973696232 -0.109322198 -0.177577585 -0.97801584 -0.217372611 -0.14511174 -0.96524179 -0.217372611 -0.14511174 -0.96524179 -0.253062367 -0.155339733 -0.954897404 -0.127522692 -0.188822061 -0.973696232 -0.14589569 -0.200794578 -0.968708515 -0.127522692 -0.188822061 -0.973696232 -0.253062367 -0.155339733 -0.954897404 -0.253062367 -0.155339733 -0.954897404 -0.288837105 -0.166534096 -0.942782938 -0.14589569 -0.200794578 -0.968708515 -0.166607141 -0.212933883 -0.962757111 -0.14589569 -0.200794578 -0.968708515 -0.288837105 -0.166534096 -0.942782938 -0.288837105 -0.166534096 -0.942782938 -0.323919475 -0.180838451 -0.928640842 -0.166607141 -0.212933883 -0.962757111 -0.166607141 -0.212933883 -0.962757111 -0.323919475 -0.180838451 -0.928640842 -0.320846051 -0.205658153 -0.924533725 -0.320846051 -0.205658153 -0.924533725 -0.197906956 -0.237428427 -0.951031327 -0.166607141 -0.212933883 -0.962757111 -0.226410389 -0.258801609 -0.939020813 -0.197906956 -0.237428427 -0.951031327 -0.320846051 -0.205658153 -0.924533725 -0.320846051 -0.205658153 -0.924533725 -0.23168236 -0.257223308 -0.938168228 -0.226410389 -0.258801609 -0.939020813 -0.258266479 -0.280351549 -0.924500644 -0.226410389 -0.258801609 -0.939020813 -0.23168236 -0.257223308 -0.938168228 -0.23168236 -0.257223308 -0.938168228 -0.261247396 -0.278822094 -0.924125671 -0.258266479 -0.280351549 -0.924500644 -0.0185485817 -0.114577547 -0.993241131 -0.00470907474 -0.112229601 -0.993671179 -0.00975061022 -0.057133697 -0.99831897 -0.00975061022 -0.057133697 -0.99831897 -0.0386608765 -0.0596787706 -0.99746871 -0.0185485817 -0.114577547 -0.993241131 -0.0412099697 -0.114525974 -0.992565215 -0.0185485817 -0.114577547 -0.993241131 -0.0386608765 -0.0596787706 -0.99746871 -0.0386608765 -0.0596787706 -0.99746871 -0.0853670388 -0.0579038411 -0.994665682 -0.0412099697 -0.114525974 -0.992565215 -0.0697434396 -0.116271235 -0.99076587 -0.0412099697 -0.114525974 -0.992565215 -0.0853670388 -0.0579038411 -0.994665682 -0.0853670388 -0.0579038411 -0.994665682 -0.142629042 -0.0582326949 -0.988061726 -0.0697434396 -0.116271235 -0.99076587 -0.10151118 -0.120755643 -0.987478375 -0.0697434396 -0.116271235 -0.99076587 -0.142629042 -0.0582326949 -0.988061726 -0.142629042 -0.0582326949 -0.988061726 -0.206970036 -0.0617982782 -0.97639358 -0.10151118 -0.120755643 -0.987478375 -0.144123808 -0.127499834 -0.98131144 -0.10151118 -0.120755643 -0.987478375 -0.206970036 -0.0617982782 -0.97639358 -0.206970036 -0.0617982782 -0.97639358 -0.289100081 -0.0627970397 -0.955237091 -0.144123808 -0.127499834 -0.98131144 -0.289100081 -0.0627970397 -0.955237091 -0.206970036 -0.0617982782 -0.97639358 -0.268584371 -0.0162531082 -0.96311903 -0.268584371 -0.0162531082 -0.96311903 -0.371400863 -0.0147492355 -0.928355515 -0.289100081 -0.0627970397 -0.955237091 -0.181450382 -0.135789007 -0.973980129 -0.144123808 -0.127499834 -0.98131144 -0.289100081 -0.0627970397 -0.955237091 -0.289100081 -0.0627970397 -0.955237091 -0.359681189 -0.0686103702 -0.930549383 -0.181450382 -0.135789007 -0.973980129 -0.217372611 -0.14511174 -0.96524179 -0.181450382 -0.135789007 -0.973980129 -0.359681189 -0.0686103702 -0.930549383 -0.359681189 -0.0686103702 -0.930549383 -0.426858276 -0.0739803687 -0.901287496 -0.217372611 -0.14511174 -0.96524179 -0.253062367 -0.155339733 -0.954897404 -0.217372611 -0.14511174 -0.96524179 -0.426858276 -0.0739803687 -0.901287496 -0.426858276 -0.0739803687 -0.901287496 -0.491937995 -0.0799943805 -0.866947532 -0.253062367 -0.155339733 -0.954897404 -0.288837105 -0.166534096 -0.942782938 -0.253062367 -0.155339733 -0.954897404 -0.491937995 -0.0799943805 -0.866947532 -0.491937995 -0.0799943805 -0.866947532 -0.555329144 -0.0867173299 -0.827097118 -0.288837105 -0.166534096 -0.942782938 -0.323919475 -0.180838451 -0.928640842 -0.288837105 -0.166534096 -0.942782938 -0.555329144 -0.0867173299 -0.827097118 -0.555329144 -0.0867173299 -0.827097118 -0.617740273 -0.0985418782 -0.780183673 -0.323919475 -0.180838451 -0.928640842 -0.320846051 -0.205658153 -0.924533725 -0.323919475 -0.180838451 -0.928640842 -0.617740273 -0.0985418782 -0.780183673 -0.617740273 -0.0985418782 -0.780183673 -0.756002426 -0.0820018798 -0.649412274 -0.320846051 -0.205658153 -0.924533725 -0.63268292 -0.182420999 -0.75261867 -0.565415323 -0.18648459 -0.80344826 -0.577528656 -0.18016082 -0.796242893 -0.577528656 -0.18016082 -0.796242893 -0.64502269 -0.177577868 -0.743244112 -0.63268292 -0.182420999 -0.75261867 -0.701275885 -0.196832865 -0.685178041 -0.63268292 -0.182420999 -0.75261867 -0.64502269 -0.177577868 -0.743244112 -0.64502269 -0.177577868 -0.743244112 -0.706988156 -0.193629608 -0.680202544 -0.701275885 -0.196832865 -0.685178041 -0.0386608765 -0.0596787706 -0.99746871 -0.00975061022 -0.057133697 -0.99831897 -0.0178043377 -0.0193972755 -0.999653399 -0.0178043377 -0.0193972755 -0.999653399 -0.0309755448 -0.0583284721 -0.997816861 -0.0386608765 -0.0596787706 -0.99746871 -0.0853670388 -0.0579038411 -0.994665682 -0.0386608765 -0.0596787706 -0.99746871 -0.0309755448 -0.0583284721 -0.997816861 -0.0309755448 -0.0583284721 -0.997816861 -0.101387717 -0.0164092034 -0.994711697 -0.0853670388 -0.0579038411 -0.994665682 -0.142629042 -0.0582326949 -0.988061726 -0.0853670388 -0.0579038411 -0.994665682 -0.101387717 -0.0164092034 -0.994711697 -0.101387717 -0.0164092034 -0.994711697 -0.185705617 -0.0143185649 -0.98250109 -0.142629042 -0.0582326949 -0.988061726 -0.206970036 -0.0617982782 -0.97639358 -0.142629042 -0.0582326949 -0.988061726 -0.185705617 -0.0143185649 -0.98250109 -0.185705617 -0.0143185649 -0.98250109 -0.268584371 -0.0162531082 -0.96311903 -0.206970036 -0.0617982782 -0.97639358 -0.359681189 -0.0686103702 -0.930549383 -0.289100081 -0.0627970397 -0.955237091 -0.371400863 -0.0147492355 -0.928355515 -0.371400863 -0.0147492355 -0.928355515 -0.468192011 -0.0160551798 -0.883480906 -0.359681189 -0.0686103702 -0.930549383 -0.426858276 -0.0739803687 -0.901287496 -0.359681189 -0.0686103702 -0.930549383 -0.468192011 -0.0160551798 -0.883480906 -0.468192011 -0.0160551798 -0.883480906 -0.552211821 -0.0177713372 -0.833514512 -0.426858276 -0.0739803687 -0.901287496 -0.491937995 -0.0799943805 -0.866947532 -0.426858276 -0.0739803687 -0.901287496 -0.552211821 -0.0177713372 -0.833514512 -0.552211821 -0.0177713372 -0.833514512 -0.629407883 -0.0197979789 -0.776822984 -0.491937995 -0.0799943805 -0.866947532 -0.555329144 -0.0867173299 -0.827097118 -0.491937995 -0.0799943805 -0.866947532 -0.629407883 -0.0197979789 -0.776822984 -0.629407883 -0.0197979789 -0.776822984 -0.710671127 -0.0198561177 -0.703244209 -0.555329144 -0.0867173299 -0.827097118 -0.617740273 -0.0985418782 -0.780183673 -0.555329144 -0.0867173299 -0.827097118 -0.710671127 -0.0198561177 -0.703244209 -0.710671127 -0.0198561177 -0.703244209 -0.780054629 -0.0246729273 -0.625224888 -0.617740273 -0.0985418782 -0.780183673 -0.756002426 -0.0820018798 -0.649412274 -0.617740273 -0.0985418782 -0.780183673 -0.780054629 -0.0246729273 -0.625224888 -0.780054629 -0.0246729273 -0.625224888 -0.865969181 -0.027341146 -0.499349594 -0.756002426 -0.0820018798 -0.649412274 -0.908807039 -0.0677793697 -0.411674529 -0.756002426 -0.0820018798 -0.649412274 -0.865969181 -0.027341146 -0.499349594 -0.865969181 -0.027341146 -0.499349594 -0.943024993 -0.0301274639 -0.331355095 -0.908807039 -0.0677793697 -0.411674529 -0.96215409 -0.0607699603 -0.265643954 -0.908807039 -0.0677793697 -0.411674529 -0.943024993 -0.0301274639 -0.331355095 -0.943024993 -0.0301274639 -0.331355095 -0.983898163 -0.0282975007 -0.17647545 -0.96215409 -0.0607699603 -0.265643954 -0.258266479 -0.280351549 -0.924500644 -0.261247396 -0.278822094 -0.924125671 -0.258990377 -0.304756582 -0.91654104 -0.258990377 -0.304756582 -0.91654104 -0.258810163 -0.304733813 -0.916599512 -0.258266479 -0.280351549 -0.924500644 -0.707131863 -0.223282605 -0.670902014 -0.701275885 -0.196832865 -0.685178041 -0.706988156 -0.193629608 -0.680202544 -0.706988156 -0.193629608 -0.680202544 -0.707136869 -0.223260745 -0.670903981 -0.707131863 -0.223282605 -0.670902014 -0.965913534 -0.0817458332 -0.245619178 -0.96215409 -0.0607699603 -0.265643954 -0.983898163 -0.0282975007 -0.17647545 -0.983898163 -0.0282975007 -0.17647545 -0.991563261 -0.0409288146 -0.122992344 -0.965913534 -0.0817458332 -0.245619178 -0.258784533 -0.327513725 -0.908716381 -0.258810163 -0.304733813 -0.916599512 -0.258990377 -0.304756582 -0.91654104 -0.258990377 -0.304756582 -0.91654104 -0.25878498 -0.327515453 -0.908715606 -0.258784533 -0.327513725 -0.908716381 -0.25878498 -0.327515453 -0.908715606 -0.258818984 -0.351104349 -0.89985472 -0.258808941 -0.351104498 -0.899857521 -0.258808941 -0.351104498 -0.899857521 -0.258784533 -0.327513725 -0.908716381 -0.25878498 -0.327515453 -0.908715606 -0.258808941 -0.351104498 -0.899857521 -0.258818984 -0.351104349 -0.89985472 -0.258743763 -0.374071479 -0.890574038 -0.258743763 -0.374071479 -0.890574038 -0.174349621 -0.378685385 -0.908955276 -0.258808941 -0.351104498 -0.899857521 -0.174349621 -0.378685385 -0.908955276 -0.258743763 -0.374071479 -0.890574038 -0.173484892 -0.386468977 -0.905839264 -0.173484892 -0.386468977 -0.905839264 2.25481799e-05 -0.389178157 -0.921162605 -0.174349621 -0.378685385 -0.908955276 -0.258818716 -0.399537265 -0.879422009 -0.173484892 -0.386468977 -0.905839264 -0.258743763 -0.374071479 -0.890574038 -0.258743763 -0.374071479 -0.890574038 -0.255555004 -0.404074222 -0.878302753 -0.258818716 -0.399537265 -0.879422009 -0.707139611 -0.239738792 -0.665190935 -0.707131863 -0.223282605 -0.670902014 -0.707136869 -0.223260745 -0.670903981 -0.707136869 -0.223260745 -0.670903981 -0.707138956 -0.239740267 -0.665191114 -0.707139611 -0.239738792 -0.665190935 -0.707119882 -0.25702104 -0.658727348 -0.707139611 -0.239738792 -0.665190935 -0.707138956 -0.239740267 -0.665191114 -0.707138956 -0.239740267 -0.665191114 -0.707118273 -0.257022142 -0.6587286 -0.707119882 -0.25702104 -0.658727348 -0.707107604 -0.273806721 -0.651942253 -0.707119882 -0.25702104 -0.658727348 -0.707118273 -0.257022142 -0.6587286 -0.707118273 -0.257022142 -0.6587286 -0.707106709 -0.273806691 -0.651943266 -0.707107604 -0.273806721 -0.651942253 -0.707055926 -0.30102551 -0.639887214 -0.707107604 -0.273806721 -0.651942253 -0.707106709 -0.273806691 -0.651943266 -0.707106709 -0.273806691 -0.651943266 -0.699722171 -0.317706734 -0.639883935 -0.707055926 -0.30102551 -0.639887214 -0.965916395 -0.0877659097 -0.243521422 -0.965913534 -0.0817458332 -0.245619178 -0.991563261 -0.0409288146 -0.122992344 -0.991563261 -0.0409288146 -0.122992344 -0.991585255 -0.043893192 -0.121787511 -0.965916395 -0.0877659097 -0.243521422 -0.965914607 -0.0940941349 -0.241154179 -0.965916395 -0.0877659097 -0.243521422 -0.991585255 -0.043893192 -0.121787511 -0.991585255 -0.043893192 -0.121787511 -0.991578996 -0.0470736772 -0.120645165 -0.965914607 -0.0940941349 -0.241154179 -0.965917468 -0.100232109 -0.23865664 -0.965914607 -0.0940941349 -0.241154179 -0.991578996 -0.0470736772 -0.120645165 -0.991578996 -0.0470736772 -0.120645165 -0.991580307 -0.0501422882 -0.119391896 -0.965917468 -0.100232109 -0.23865664 -0.965852857 -0.116975926 -0.231181785 -0.965917468 -0.100232109 -0.23865664 -0.991580307 -0.0501422882 -0.119391896 -0.991580307 -0.0501422882 -0.119391896 -0.989390552 -0.0959877223 -0.109054558 -0.965852857 -0.116975926 -0.231181785 -0.249395892 -0.434816033 -0.865295708 -0.258818716 -0.399537265 -0.879422009 -0.255555004 -0.404074222 -0.878302753 -0.255555004 -0.404074222 -0.878302753 -0.242226496 -0.441978604 -0.863702118 -0.249395892 -0.434816033 -0.865295708 -0.686432481 -0.380269229 -0.619843364 -0.707055926 -0.30102551 -0.639887214 -0.699722171 -0.317706734 -0.639883935 -0.699722171 -0.317706734 -0.639883935 -0.668826878 -0.409020156 -0.620784342 -0.686432481 -0.380269229 -0.619843364 -0.94955188 -0.22455135 -0.218924537 -0.965852857 -0.116975926 -0.231181785 -0.989390552 -0.0959877223 -0.109054558 -0.989390552 -0.0959877223 -0.109054558 -0.964968324 -0.235963151 -0.11470668 -0.94955188 -0.22455135 -0.218924537 -0.230289146 -0.469682515 -0.852270603 -0.249395892 -0.434816033 -0.865295708 -0.242226496 -0.441978604 -0.863702118 -0.242226496 -0.441978604 -0.863702118 -0.22279036 -0.474662572 -0.851504624 -0.230289146 -0.469682515 -0.852270603 -0.206886739 -0.500711024 -0.840527415 -0.230289146 -0.469682515 -0.852270603 -0.22279036 -0.474662572 -0.851504624 -0.22279036 -0.474662572 -0.851504624 -0.199706271 -0.50399369 -0.840302229 -0.206886739 -0.500711024 -0.840527415 -0.180524215 -0.526591003 -0.830730438 -0.206886739 -0.500711024 -0.840527415 -0.199706271 -0.50399369 -0.840302229 -0.199706271 -0.50399369 -0.840302229 -0.173996374 -0.528493702 -0.830914974 -0.180524215 -0.526591003 -0.830730438 -0.153256744 -0.547526121 -0.822634518 -0.180524215 -0.526591003 -0.830730438 -0.173996374 -0.528493702 -0.830914974 -0.173996374 -0.528493702 -0.830914974 -0.147624373 -0.54839921 -0.823082864 -0.153256744 -0.547526121 -0.822634518 -0.124012828 -0.564324141 -0.816185713 -0.153256744 -0.547526121 -0.822634518 -0.147624373 -0.54839921 -0.823082864 -0.147624373 -0.54839921 -0.823082864 -0.119513907 -0.564238071 -0.816916108 -0.124012828 -0.564324141 -0.816185713 -0.0940958336 -0.577119827 -0.811220586 -0.124012828 -0.564324141 -0.816185713 -0.119513907 -0.564238071 -0.816916108 -0.119513907 -0.564238071 -0.816916108 -0.0907031149 -0.576611698 -0.811967969 -0.0940958336 -0.577119827 -0.811220586 -0.0630578846 -0.586156785 -0.807740092 -0.0940958336 -0.577119827 -0.811220586 -0.0907031149 -0.576611698 -0.811967969 -0.0907031149 -0.576611698 -0.811967969 -0.0609730743 -0.585446298 -0.808415174 -0.0630578846 -0.586156785 -0.807740092 -0.0313769728 -0.59142828 -0.805746913 -0.0630578846 -0.586156785 -0.807740092 -0.0609730743 -0.585446298 -0.808415174 -0.0609730743 -0.585446298 -0.808415174 -0.0304120127 -0.590913951 -0.806161225 -0.0313769728 -0.59142828 -0.805746913 -0.0075555807 -0.592882454 -0.805253565 -0.0313769728 -0.59142828 -0.805746913 -0.0304120127 -0.590913951 -0.806161225 -0.0304120127 -0.590913951 -0.806161225 -0.00772090629 -0.592721045 -0.805370927 -0.0075555807 -0.592882454 -0.805253565 -0.641206563 -0.478625149 -0.599810183 -0.686432481 -0.380269229 -0.619843364 -0.668826878 -0.409020156 -0.620784342 -0.668826878 -0.409020156 -0.620784342 -0.620837927 -0.501104116 -0.602872372 -0.641206563 -0.478625149 -0.599810183 -0.582224369 -0.567877293 -0.581833601 -0.641206563 -0.478625149 -0.599810183 -0.620837927 -0.501104116 -0.602872372 -0.620837927 -0.501104116 -0.602872372 -0.56096375 -0.584848583 -0.585894108 -0.582224369 -0.567877293 -0.581833601 -0.513185203 -0.643915951 -0.567462146 -0.582224369 -0.567877293 -0.581833601 -0.56096375 -0.584848583 -0.585894108 -0.56096375 -0.584848583 -0.585894108 -0.49242121 -0.65594548 -0.572063684 -0.513185203 -0.643915951 -0.567462146 -0.439490914 -0.706201971 -0.5550915 -0.513185203 -0.643915951 -0.567462146 -0.49242121 -0.65594548 -0.572063684 -0.49242121 -0.65594548 -0.572063684 -0.420490354 -0.713790298 -0.560081601 -0.439490914 -0.706201971 -0.5550915 -0.358059049 -0.75750798 -0.545871377 -0.439490914 -0.706201971 -0.5550915 -0.420490354 -0.713790298 -0.560081601 -0.420490354 -0.713790298 -0.560081601 -0.342072904 -0.76093179 -0.551333904 -0.358059049 -0.75750798 -0.545871377 -0.273375839 -0.796926618 -0.538677752 -0.358059049 -0.75750798 -0.545871377 -0.342072904 -0.76093179 -0.551333904 -0.342072904 -0.76093179 -0.551333904 -0.260992408 -0.797696233 -0.543657839 -0.273375839 -0.796926618 -0.538677752 -0.183919415 -0.825209796 -0.53404355 -0.273375839 -0.796926618 -0.538677752 -0.260992408 -0.797696233 -0.543657839 -0.260992408 -0.797696233 -0.543657839 -0.176015526 -0.824234188 -0.538197577 -0.183919415 -0.825209796 -0.53404355 -0.176015526 -0.824234188 -0.538197577 -0.0878847167 -0.840736568 -0.534264386 -0.091584973 -0.841853499 -0.531878769 -0.091584973 -0.841853499 -0.531878769 -0.183919415 -0.825209796 -0.53404355 -0.176015526 -0.824234188 -0.538197577 -0.0221623611 -0.846481562 -0.531956613 -0.091584973 -0.841853499 -0.531878769 -0.0878847167 -0.840736568 -0.534264386 -0.0878847167 -0.840736568 -0.534264386 -0.0221970603 -0.846085846 -0.532584429 -0.0221623611 -0.846481562 -0.531956613 -0.903912306 -0.372924387 -0.209451735 -0.94955188 -0.22455135 -0.218924537 -0.964968324 -0.235963151 -0.11470668 -0.964968324 -0.235963151 -0.11470668 -0.916677773 -0.383831233 -0.111246005 -0.903912306 -0.372924387 -0.209451735 -0.835277498 -0.511806667 -0.20091182 -0.903912306 -0.372924387 -0.209451735 -0.916677773 -0.383831233 -0.111246005 -0.916677773 -0.383831233 -0.111246005 -0.843620479 -0.525698364 -0.109297089 -0.835277498 -0.511806667 -0.20091182 -0.747972786 -0.634385526 -0.195170939 -0.835277498 -0.511806667 -0.20091182 -0.843620479 -0.525698364 -0.109297089 -0.843620479 -0.525698364 -0.109297089 -0.755258679 -0.646760166 -0.106233776 -0.747972786 -0.634385526 -0.195170939 -0.648720026 -0.737180173 -0.18901816 -0.747972786 -0.634385526 -0.195170939 -0.755258679 -0.646760166 -0.106233776 -0.755258679 -0.646760166 -0.106233776 -0.653101861 -0.750219107 -0.103098556 -0.648720026 -0.737180173 -0.18901816 -0.534234941 -0.824700177 -0.185641199 -0.648720026 -0.737180173 -0.18901816 -0.653101861 -0.750219107 -0.103098556 -0.653101861 -0.750219107 -0.103098556 -0.537312686 -0.837102473 -0.102736212 -0.534234941 -0.824700177 -0.185641199 -0.411386818 -0.892949462 -0.182763115 -0.534234941 -0.824700177 -0.185641199 -0.537312686 -0.837102473 -0.102736212 -0.537312686 -0.837102473 -0.102736212 -0.413885504 -0.904739916 -0.100720726 -0.411386818 -0.892949462 -0.182763115 -0.278285891 -0.943129539 -0.1818344 -0.411386818 -0.892949462 -0.182763115 -0.413885504 -0.904739916 -0.100720726 -0.413885504 -0.904739916 -0.100720726 -0.279927552 -0.954788685 -0.100095771 -0.278285891 -0.943129539 -0.1818344 -0.139003515 -0.973309517 -0.182610556 -0.278285891 -0.943129539 -0.1818344 -0.279927552 -0.954788685 -0.100095771 -0.279927552 -0.954788685 -0.100095771 -0.140785024 -0.985083878 -0.0989410356 -0.139003515 -0.973309517 -0.182610556 -0.0339551307 -0.982206762 -0.184707865 -0.139003515 -0.973309517 -0.182610556 -0.140785024 -0.985083878 -0.0989410356 -0.140785024 -0.985083878 -0.0989410356 -0.035704907 -0.994772971 -0.0956666842 -0.0339551307 -0.982206762 -0.184707865 -0.00772090629 -0.592721045 -0.805370927 0.00772080524 -0.592721045 -0.805370927 0.00755547499 -0.592882514 -0.805253506 0.00755547499 -0.592882514 -0.805253506 -0.0075555807 -0.592882454 -0.805253565 -0.00772090629 -0.592721045 -0.805370927 -0.0221970603 -0.846085846 -0.532584429 0.0221969169 -0.846085906 -0.532584429 0.0221622046 -0.846481562 -0.531956673 0.0221622046 -0.846481562 -0.531956673 -0.0221623611 -0.846481562 -0.531956613 -0.0221970603 -0.846085846 -0.532584429 -0.035704907 -0.994772971 -0.0956666842 0.0357047282 -0.994772911 -0.0956666991 0.0339549705 -0.982206821 -0.184707865 0.0339549705 -0.982206821 -0.184707865 -0.0339551307 -0.982206762 -0.184707865 -0.035704907 -0.994772971 -0.0956666842 -0.00452883542 -0.16877155 -0.985644877 -0.0111513138 -0.174270749 -0.984634638 0.00710904878 -0.148773015 -0.988845825 0.00710904878 -0.148773015 -0.988845825 -0.00319654355 -0.14922893 -0.988797545 -0.00452883542 -0.16877155 -0.985644877 0.00710904878 -0.148773015 -0.988845825 0.00204619416 -0.114902481 -0.993374705 -0.00319654355 -0.14922893 -0.988797545 -0.00921037141 -0.140236825 -0.990075231 -0.00319654355 -0.14922893 -0.988797545 0.00204619416 -0.114902481 -0.993374705 0.00204619416 -0.114902481 -0.993374705 -0.00189595891 -0.137273088 -0.990531504 -0.00921037141 -0.140236825 -0.990075231 0.000214631669 -0.405988634 -0.913878143 -5.84085938e-05 -0.414313495 -0.910134256 0.107730836 -0.376164138 -0.920268834 0.107730836 -0.376164138 -0.920268834 0.0712470412 -0.380975634 -0.921836019 0.000214631669 -0.405988634 -0.913878143 0.00597422011 -0.314708531 -0.949169576 0.00563895795 -0.316785812 -0.948480427 0.00138809974 -0.296240598 -0.955112398 0.00138809974 -0.296240598 -0.955112398 -0.00190404244 -0.293345898 -0.9560045 0.00597422011 -0.314708531 -0.949169576 0.00563895795 -0.316785812 -0.948480427 0.00597422011 -0.314708531 -0.949169576 0.000141400771 -0.340897322 -0.940100551 0.000141400771 -0.340897322 -0.940100551 -0.000541223329 -0.34071511 -0.940166473 0.00563895795 -0.316785812 -0.948480427 -0.000541223329 -0.34071511 -0.940166473 0.000141400771 -0.340897322 -0.940100551 -0.000581717584 -0.362183541 -0.932106614 -0.000581717584 -0.362183541 -0.932106614 -0.000430432585 -0.367921382 -0.929856837 -0.000541223329 -0.34071511 -0.940166473 -0.000430432585 -0.367921382 -0.929856837 -0.000581717584 -0.362183541 -0.932106614 0.0009545309 -0.37635991 -0.926473081 0.0009545309 -0.37635991 -0.926473081 0.000309343828 -0.390404135 -0.920643568 -0.000430432585 -0.367921382 -0.929856837 0.000309343828 -0.390404135 -0.920643568 0.000145352184 -0.39901045 -0.916946471 0.000214631669 -0.405988634 -0.913878143 0.000214631669 -0.405988634 -0.913878143 0.0712470412 -0.380975634 -0.921836019 0.000309343828 -0.390404135 -0.920643568 -0.00190404244 -0.293345898 -0.9560045 0.00138809974 -0.296240598 -0.955112398 -0.0149352793 -0.280684561 -0.959683895 -0.0149352793 -0.280684561 -0.959683895 -0.0166244842 -0.280378044 -0.959745765 -0.00190404244 -0.293345898 -0.9560045 -0.0166244842 -0.280378044 -0.959745765 -0.0149352793 -0.280684561 -0.959683895 -0.0100265592 -0.262812555 -0.964794815 -0.0100265592 -0.262812555 -0.964794815 -0.00904626213 -0.262356609 -0.964928627 -0.0166244842 -0.280378044 -0.959745765 -0.00485438574 -0.215732232 -0.976440609 -0.0269550625 -0.232010305 -0.972339809 -0.00750726555 -0.241954207 -0.970258653 -0.00750726555 -0.241954207 -0.970258653 -0.00546335569 -0.242220327 -0.970205903 -0.00485438574 -0.215732232 -0.976440609 -0.00136921275 -0.183891803 -0.982945621 -0.00770399673 -0.198272347 -0.980116725 -0.00594838848 -0.204030216 -0.978946626 -0.00594838848 -0.204030216 -0.978946626 -0.00485438574 -0.215732232 -0.976440609 -0.00136921275 -0.183891803 -0.982945621 -0.00485438574 -0.215732232 -0.976440609 -0.00594838848 -0.204030216 -0.978946626 -0.00233140565 -0.221931532 -0.975059509 -0.00233140565 -0.221931532 -0.975059509 -0.0269550625 -0.232010305 -0.972339809 -0.00485438574 -0.215732232 -0.976440609 -0.00770399673 -0.198272347 -0.980116725 -0.00136921275 -0.183891803 -0.982945621 -0.00280149234 -0.181654543 -0.983358502 -0.00280149234 -0.181654543 -0.983358502 -0.00136921275 -0.183891803 -0.982945621 0.00710904878 -0.148773015 -0.988845825 0.00710904878 -0.148773015 -0.988845825 -0.0111513138 -0.174270749 -0.984634638 -0.00280149234 -0.181654543 -0.983358502 0.0173816811 -0.0544639006 -0.998364449 -0 0 -1 -0 0 -1 -0 0 -1 0.0576278716 0.0104157822 -0.998283803 0.0173816811 -0.0544639006 -0.998364449 -8.74227766e-08 -1 0 -8.74227766e-08 -1 0 -8.74227766e-08 -1 0 0.647933602 -0.238137722 -0.72351402 0.645938098 -0.238643825 -0.725129783 0.65454042 -0.234109327 -0.718866944 0.65454042 -0.234109327 -0.718866944 0.655229747 -0.232733116 -0.718685865 0.647933602 -0.238137722 -0.72351402 0.661110759 -0.232299387 -0.713421047 0.655229747 -0.232733116 -0.718685865 0.65454042 -0.234109327 -0.718866944 0.65454042 -0.234109327 -0.718866944 0.66111654 -0.232992217 -0.713189781 0.661110759 -0.232299387 -0.713421047 0.661110759 -0.232299387 -0.713421047 0.66111654 -0.232992217 -0.713189781 0.666445255 -0.232682258 -0.708314657 0.666445255 -0.232682258 -0.708314657 0.667598128 -0.234524354 -0.706619561 0.661110759 -0.232299387 -0.713421047 0.667598128 -0.234524354 -0.706619561 0.666445255 -0.232682258 -0.708314657 0.6690557 -0.239498392 -0.703565896 0.6690557 -0.239498392 -0.703565896 0.669757545 -0.242088661 -0.702009976 0.667598128 -0.234524354 -0.706619561 0.670337915 -0.252958149 -0.697609723 0.669757545 -0.242088661 -0.702009976 0.6690557 -0.239498392 -0.703565896 0.6690557 -0.239498392 -0.703565896 0.670303941 -0.250654519 -0.698473394 0.670337915 -0.252958149 -0.697609723 0.66761291 -0.269741178 -0.693925679 0.670337915 -0.252958149 -0.697609723 0.670303941 -0.250654519 -0.698473394 0.670303941 -0.250654519 -0.698473394 0.670972466 -0.268274546 -0.691248775 0.66761291 -0.269741178 -0.693925679 0.670972466 -0.268274546 -0.691248775 0.649197221 -0.290976435 -0.702762961 0.66761291 -0.269741178 -0.693925679 0.653648674 -0.301972151 -0.693942606 0.654139042 -0.303787202 -0.692687213 0.658738852 -0.320354879 -0.680761278 0.658738852 -0.320354879 -0.680761278 0.657138407 -0.324709505 -0.680244803 0.653648674 -0.301972151 -0.693942606 0.657138407 -0.324709505 -0.680244803 0.658738852 -0.320354879 -0.680761278 0.643955767 -0.358090818 -0.67608577 0.643955767 -0.358090818 -0.67608577 0.64038837 -0.361792207 -0.677502215 0.657138407 -0.324709505 -0.680244803 0.643955767 -0.358090818 -0.67608577 0.630885482 -0.409304172 -0.659130931 0.639538586 -0.394559503 -0.659782827 0.639538586 -0.394559503 -0.659782827 0.64038837 -0.361792207 -0.677502215 0.643955767 -0.358090818 -0.67608577 0.639538586 -0.394559503 -0.659782827 0.630885482 -0.409304172 -0.659130931 0.606935024 -0.463961989 -0.645266712 0.606935024 -0.463961989 -0.645266712 0.626321375 -0.442460954 -0.641833127 0.639538586 -0.394559503 -0.659782827 0.589315414 -0.508058012 -0.628159523 0.626321375 -0.442460954 -0.641833127 0.606935024 -0.463961989 -0.645266712 0.606935024 -0.463961989 -0.645266712 0.586278498 -0.492752701 -0.643018126 0.589315414 -0.508058012 -0.628159523 0.589315414 -0.508058012 -0.628159523 0.586278498 -0.492752701 -0.643018126 0.545406997 -0.545241594 -0.636586845 0.545406997 -0.545241594 -0.636586845 0.579298019 -0.526745141 -0.622055769 0.589315414 -0.508058012 -0.628159523 0.553377271 -0.548049867 -0.627228022 0.560872853 -0.546519279 -0.621882915 0.579298019 -0.526745141 -0.622055769 0.579298019 -0.526745141 -0.622055769 0.545406997 -0.545241594 -0.636586845 0.553377271 -0.548049867 -0.627228022 0.688320994 -0.0497209094 -0.723700285 0.625641048 -0.0611778982 -0.77770853 0.399270415 -0.226161301 -0.888501167 0.399270415 -0.226161301 -0.888501167 0.399390757 -0.238570884 -0.885195494 0.688320994 -0.0497209094 -0.723700285 0.399270415 -0.226161301 -0.888501167 0.0712470412 -0.380975634 -0.921836019 0.107730836 -0.376164138 -0.920268834 0.107730836 -0.376164138 -0.920268834 0.399390757 -0.238570884 -0.885195494 0.399270415 -0.226161301 -0.888501167 0.588707924 -0.0545169264 -0.806505442 0.688320994 -0.0497209094 -0.723700285 0.399390757 -0.238570884 -0.885195494 0.399390757 -0.238570884 -0.885195494 0.346147835 -0.227650836 -0.910141051 0.588707924 -0.0545169264 -0.806505442 0.495959163 -0.0506700389 -0.866866291 0.588707924 -0.0545169264 -0.806505442 0.346147835 -0.227650836 -0.910141051 0.346147835 -0.227650836 -0.910141051 0.280882835 -0.226197675 -0.932705462 0.495959163 -0.0506700389 -0.866866291 0.389366776 -0.0514291488 -0.919645905 0.495959163 -0.0506700389 -0.866866291 0.280882835 -0.226197675 -0.932705462 0.280882835 -0.226197675 -0.932705462 0.222887769 -0.22403647 -0.948751152 0.389366776 -0.0514291488 -0.919645905 0.305933923 -0.0320686214 -0.951512575 0.389366776 -0.0514291488 -0.919645905 0.222887769 -0.22403647 -0.948751152 0.222887769 -0.22403647 -0.948751152 0.172448903 -0.221634567 -0.959760249 0.305933923 -0.0320686214 -0.951512575 0.237501264 -0.0408147201 -0.970529497 0.305933923 -0.0320686214 -0.951512575 0.172448903 -0.221634567 -0.959760249 0.172448903 -0.221634567 -0.959760249 0.125808895 -0.220049188 -0.967342019 0.237501264 -0.0408147201 -0.970529497 0.142992347 -0.0431853682 -0.988781214 0.237501264 -0.0408147201 -0.970529497 0.125808895 -0.220049188 -0.967342019 0.125808895 -0.220049188 -0.967342019 0.0822173506 -0.218650088 -0.97233355 0.142992347 -0.0431853682 -0.988781214 0.0781816989 -0.0436548181 -0.995982885 0.142992347 -0.0431853682 -0.988781214 0.0822173506 -0.218650088 -0.97233355 0.0822173506 -0.218650088 -0.97233355 0.0404823571 -0.217401356 -0.975242496 0.0781816989 -0.0436548181 -0.995982885 0.0173816811 -0.0544639006 -0.998364449 0.0781816989 -0.0436548181 -0.995982885 0.0404823571 -0.217401356 -0.975242496 0.0404823571 -0.217401356 -0.975242496 0.00998937525 -0.219621927 -0.975533903 0.0173816811 -0.0544639006 -0.998364449 0.346147835 -0.227650836 -0.910141051 0.399390757 -0.238570884 -0.885195494 0.107730836 -0.376164138 -0.920268834 0.107730836 -0.376164138 -0.920268834 0.0896391198 -0.376719415 -0.921980202 0.346147835 -0.227650836 -0.910141051 0.280882835 -0.226197675 -0.932705462 0.346147835 -0.227650836 -0.910141051 0.0896391198 -0.376719415 -0.921980202 0.0896391198 -0.376719415 -0.921980202 0.0726698712 -0.378277451 -0.922835529 0.280882835 -0.226197675 -0.932705462 0.222887769 -0.22403647 -0.948751152 0.280882835 -0.226197675 -0.932705462 0.0726698712 -0.378277451 -0.922835529 0.0726698712 -0.378277451 -0.922835529 0.0577344932 -0.379176766 -0.92352134 0.222887769 -0.22403647 -0.948751152 0.172448903 -0.221634567 -0.959760249 0.222887769 -0.22403647 -0.948751152 0.0577344932 -0.379176766 -0.92352134 0.0577344932 -0.379176766 -0.92352134 0.0448025577 -0.379539132 -0.924090326 0.172448903 -0.221634567 -0.959760249 0.125808895 -0.220049188 -0.967342019 0.172448903 -0.221634567 -0.959760249 0.0448025577 -0.379539132 -0.924090326 0.0448025577 -0.379539132 -0.924090326 0.0328195505 -0.379634649 -0.924554229 0.125808895 -0.220049188 -0.967342019 0.0822173506 -0.218650088 -0.97233355 0.125808895 -0.220049188 -0.967342019 0.0328195505 -0.379634649 -0.924554229 0.0328195505 -0.379634649 -0.924554229 0.0215289425 -0.379589349 -0.924904644 0.0822173506 -0.218650088 -0.97233355 0.0404823571 -0.217401356 -0.975242496 0.0822173506 -0.218650088 -0.97233355 0.0215289425 -0.379589349 -0.924904644 0.0215289425 -0.379589349 -0.924904644 0.010686582 -0.379390657 -0.925174832 0.0404823571 -0.217401356 -0.975242496 0.00998937525 -0.219621927 -0.975533903 0.0404823571 -0.217401356 -0.975242496 0.010686582 -0.379390657 -0.925174832 0.010686582 -0.379390657 -0.925174832 0.00263495278 -0.380660951 -0.924710929 0.00998937525 -0.219621927 -0.975533903 0.588707924 -0.0545169264 -0.806505442 0.706061363 0.0078650238 -0.708107114 0.688320994 -0.0497209094 -0.723700285 0.997874856 0.00317238085 -0.0650822595 0.96779263 -0.000513118401 -0.251748234 0.96630162 0.00338277197 -0.257390201 0.96630162 0.00338277197 -0.257390201 0.997858763 -8.72355841e-08 -0.0654060692 0.997874856 0.00317238085 -0.0650822595 0.96630162 0.00338277197 -0.257390201 0.96779263 -0.000513118401 -0.251748234 0.905284524 -0.00641057082 -0.424757481 0.905284524 -0.00641057082 -0.424757481 0.866654098 0.00691900402 -0.498861641 0.96630162 0.00338277197 -0.257390201 0.807418227 -0.001674762 -0.589977205 0.706061363 0.0078650238 -0.708107114 0.866654098 0.00691900402 -0.498861641 0.866654098 0.00691900402 -0.498861641 0.905284524 -0.00641057082 -0.424757481 0.807418227 -0.001674762 -0.589977205 0.498413593 0.00584256602 -0.866919756 0.305933923 -0.0320686214 -0.951512575 0.237501264 -0.0408147201 -0.970529497 0.237501264 -0.0408147201 -0.970529497 0.269375056 0.00546682673 -0.963019907 0.498413593 0.00584256602 -0.866919756 0.237501264 -0.0408147201 -0.970529497 0.142992347 -0.0431853682 -0.988781214 0.269375056 0.00546682673 -0.963019907 0.305933923 -0.0320686214 -0.951512575 0.498413593 0.00584256602 -0.866919756 0.389366776 -0.0514291488 -0.919645905 0.495959163 -0.0506700389 -0.866866291 0.389366776 -0.0514291488 -0.919645905 0.498413593 0.00584256602 -0.866919756 0.498413593 0.00584256602 -0.866919756 0.706061363 0.0078650238 -0.708107114 0.495959163 -0.0506700389 -0.866866291 0.706061363 0.0078650238 -0.708107114 0.588707924 -0.0545169264 -0.806505442 0.495959163 -0.0506700389 -0.866866291 0.269375056 0.00546682673 -0.963019907 0.142992347 -0.0431853682 -0.988781214 0.0781816989 -0.0436548181 -0.995982885 0.0781816989 -0.0436548181 -0.995982885 0.0576278716 0.0104157822 -0.998283803 0.269375056 0.00546682673 -0.963019907 0.0781816989 -0.0436548181 -0.995982885 0.0173816811 -0.0544639006 -0.998364449 0.0576278716 0.0104157822 -0.998283803 0.0477144457 0.706306398 -0.706296384 0.0449870005 0.70639354 -0.706388235 6.18172464e-08 0.707106829 -0.707106829 6.18172464e-08 0.707106829 -0.707106829 6.18172393e-08 0.707106769 -0.707106769 0.0477144457 0.706306398 -0.706296384 -1 8.74227766e-08 0 -1 8.74227766e-08 0 -1 8.74227766e-08 0 -1 8.74227766e-08 0 -1 8.74227766e-08 0 -1 8.74227766e-08 0 0.183008805 0.707134902 -0.68298471 0.0449870005 0.70639354 -0.706388235 0.0477144457 0.706306398 -0.706296384 0.0477144457 0.706306398 -0.706296384 0.183011875 0.707136512 -0.682982266 0.183008805 0.707134902 -0.68298471 0.353544086 0.707125366 -0.612356365 0.183008805 0.707134902 -0.68298471 0.183011875 0.707136512 -0.682982266 0.183011875 0.707136512 -0.682982266 0.353547364 0.707125068 -0.612354934 0.353544086 0.707125366 -0.612356365 0.49998647 0.707122982 -0.499990612 0.353544086 0.707125366 -0.612356365 0.353547364 0.707125068 -0.612354934 0.353547364 0.707125068 -0.612354934 0.49999246 0.707121253 -0.499987125 0.49998647 0.707122982 -0.499990612 0.612378657 0.7070961 -0.353564054 0.49998647 0.707122982 -0.499990612 0.49999246 0.707121253 -0.499987125 0.49999246 0.707121253 -0.499987125 0.612378061 0.707096875 -0.353563577 0.612378657 0.7070961 -0.353564054 0.682992637 0.707127571 -0.183007494 0.612378657 0.7070961 -0.353564054 0.612378061 0.707096875 -0.353563577 0.612378061 0.707096875 -0.353563577 0.682988763 0.707131445 -0.183006778 0.682992637 0.707127571 -0.183007494 0.706357479 0.706424296 -0.0449878052 0.682992637 0.707127571 -0.183007494 0.682988763 0.707131445 -0.183006778 0.682988763 0.707131445 -0.183006778 0.706267118 0.706335366 -0.0477198437 0.706357479 0.706424296 -0.0449878052 0.997874856 0.00317238085 -0.0650822595 0.997858763 -8.72355841e-08 -0.0654060692 1 -8.74227766e-08 0 1 -8.74227766e-08 0 1 -8.74227766e-08 0 0.997874856 0.00317238085 -0.0650822595 0.706267118 0.706335366 -0.0477198437 0.707072616 0.707140982 0 0.707072616 0.707140923 0 0.707072616 0.707140923 0 0.706357479 0.706424296 -0.0449878052 0.706267118 0.706335366 -0.0477198437 -0.707111359 0.707102239 0 -0.707111359 0.707102299 0 -0.707111299 0.707102299 0 -0.707111299 0.707102299 0 -0.707111359 0.707102239 0 -0.707111359 0.707102239 0 0.989940524 -0.141481817 0.000806127791 0.989804268 -0.142434597 1.32930609e-06 0.988619149 -0.150433153 0.00149346166 0.988619149 -0.150433153 0.00149346166 0.988664627 -0.1501358 0.0012298103 0.989940524 -0.141481817 0.000806127791 0.989995956 -0.141096026 -8.34897874e-05 0.989804268 -0.142434597 1.32930609e-06 0.989940524 -0.141481817 0.000806127791 0.989940524 -0.141481817 0.000806127791 0.988988638 -0.14798376 0.00152476737 0.989995956 -0.141096026 -8.34897874e-05 0.988988638 -0.14798376 0.00152476737 0.988111734 -0.153736472 0.000546825933 0.989995956 -0.141096026 -8.34897874e-05 0.988111734 -0.153736472 0.000546825933 0.988988638 -0.14798376 0.00152476737 0.982314408 -0.187236816 0.000979706412 0.982314408 -0.187236816 0.000979706412 0.983389854 -0.181461945 0.00400907826 0.988111734 -0.153736472 0.000546825933 0.963281751 -0.267899364 0.0178414825 0.96211648 -0.272335738 0.0128489714 0.975687265 -0.218299508 0.0194880236 0.975687265 -0.218299508 0.0194880236 0.974401832 -0.224283084 0.0154393986 0.963281751 -0.267899364 0.0178414825 0.974401832 -0.224283084 0.0154393986 0.975687265 -0.218299508 0.0194880236 0.983389854 -0.181461945 0.00400907826 0.983389854 -0.181461945 0.00400907826 0.982314408 -0.187236816 0.000979706412 0.974401832 -0.224283084 0.0154393986 0.954616606 -0.297703296 0.00893898029 0.951747715 -0.306881577 0 0.96211648 -0.272335738 0.0128489714 0.96211648 -0.272335738 0.0128489714 0.963281751 -0.267899364 0.0178414825 0.954616606 -0.297703296 0.00893898029 0.988664627 -0.1501358 0.0012298103 0.988619149 -0.150433153 0.00149346166 0.984343231 -0.176261842 0.000500816677 0.984343231 -0.176261842 0.000500816677 0.984379292 -0.176059738 -0.000739096489 0.988664627 -0.1501358 0.0012298103 0.984379292 -0.176059738 -0.000739096489 0.984343231 -0.176261842 0.000500816677 0.978578389 -0.205869958 -0.00139058242 0.978578389 -0.205869958 -0.00139058242 0.979027808 -0.203723267 -0.00122846919 0.984379292 -0.176059738 -0.000739096489 0.979027808 -0.203723267 -0.00122846919 0.978578389 -0.205869958 -0.00139058242 0.968426704 -0.249298081 -0.000518595451 0.968426704 -0.249298081 -0.000518595451 0.970384002 -0.24156788 -3.99408736e-06 0.979027808 -0.203723267 -0.00122846919 0.968426704 -0.249298081 -0.000518595451 0.948767781 -0.315974236 -5.43662463e-06 0.950965524 -0.309296399 -0.000658080389 0.950965524 -0.309296399 -0.000658080389 0.970384002 -0.24156788 -3.99408736e-06 0.968426704 -0.249298081 -0.000518595451 0.927668333 -0.373405308 0.000219264723 0.922361434 -0.386319757 -0.00257453904 0.950965524 -0.309296399 -0.000658080389 0.950965524 -0.309296399 -0.000658080389 0.948767781 -0.315974236 -5.43662463e-06 0.927668333 -0.373405308 0.000219264723 0.907170773 -0.420747131 -0.00362090743 0.898055971 -0.438694775 -0.0322858877 0.893766403 -0.448489547 -0.00622542761 0.893766403 -0.448489547 -0.00622542761 0.890188813 -0.455589116 -0.00163591455 0.907170773 -0.420747131 -0.00362090743 0.922361434 -0.386319757 -0.00257453904 0.927668333 -0.373405308 0.000219264723 0.907170773 -0.420747131 -0.00362090743 0.907170773 -0.420747131 -0.00362090743 0.890188813 -0.455589116 -0.00163591455 0.922361434 -0.386319757 -0.00257453904 0.890188813 -0.455589116 -0.00163591455 0.893766403 -0.448489547 -0.00622542761 0.878700972 -0.477372766 -0.000266416057 0.890188813 -0.455589116 -0.00163591455 0.874444842 -0.485123515 -0.00123274524 0.872519553 -0.48857531 -0.00198577926 0.874444842 -0.485123515 -0.00123274524 0.890188813 -0.455589116 -0.00163591455 0.878700972 -0.477372766 -0.000266416057 0.0673228949 -0.70532769 -0.70567733 0.0357047282 -0.994772911 -0.0956666991 -0.035704907 -0.994772971 -0.0956666842 -0.035704907 -0.994772971 -0.0956666842 -0.0673230216 -0.70532763 -0.70567739 0.0673228949 -0.70532769 -0.70567733 8.74227766e-08 1 0 8.74227766e-08 1 0 8.74227766e-08 1 0 8.74227766e-08 1 0 8.74227766e-08 1 0 8.74227766e-08 1 0 8.74227766e-08 1 0 8.74227766e-08 1 0 8.74227766e-08 1 0 8.74227766e-08 1 0 8.74227766e-08 1 0 8.74227766e-08 1 0 8.74227766e-08 1 0 8.74227766e-08 1 0 8.74227766e-08 1 0 8.74227766e-08 1 0 8.74227766e-08 1 0 8.74227766e-08 1 0 8.74227766e-08 1 0 8.74227766e-08 1 0 8.74227766e-08 1 0 8.74227766e-08 1 0 8.74227766e-08 1 0 8.74227766e-08 1 0 -0.00546335569 -0.242220327 -0.970205903 -0.00750726555 -0.241954207 -0.970258653 -0.00904626213 -0.262356609 -0.964928627 -0.00904626213 -0.262356609 -0.964928627 -0.0100265592 -0.262812555 -0.964794815 -0.00546335569 -0.242220327 -0.970205903 2.39869236e-09 0.0274378434 0.999623537 7.88094243e-11 0.000901474734 0.999999642 7.88094451e-11 0.000901474967 0.999999642 7.88094451e-11 0.000901474967 0.999999642 2.39869258e-09 0.0274378471 0.999623597 2.39869236e-09 0.0274378434 0.999623537 7.88094243e-11 0.000901474734 0.999999642 0 0 1 0 0 1 0 0 1 7.88094451e-11 0.000901474967 0.999999642 7.88094243e-11 0.000901474734 0.999999642 7.41330553e-09 0.0847983286 0.996398151 7.41296802e-09 0.0847944692 0.996398509 7.41296713e-09 0.0847944617 0.996398449 7.41296713e-09 0.0847944617 0.996398449 7.41330553e-09 0.0847983286 0.996398211 7.41330553e-09 0.0847983286 0.996398151 7.41296802e-09 0.0847944692 0.996398509 5.94710325e-09 0.0680269301 0.997683525 5.9471037e-09 0.0680269375 0.997683525 5.9471037e-09 0.0680269375 0.997683525 7.41296713e-09 0.0847944617 0.996398449 7.41296802e-09 0.0847944692 0.996398509 5.94710325e-09 0.0680269301 0.997683525 2.39869236e-09 0.0274378434 0.999623537 2.39869258e-09 0.0274378471 0.999623597 2.39869258e-09 0.0274378471 0.999623597 5.9471037e-09 0.0680269375 0.997683525 5.94710325e-09 0.0680269301 0.997683525 0.00470905239 -0.112229548 -0.993671238 -0.00470907474 -0.112229601 -0.993671179 -0.00231488864 -0.137841284 -0.990451694 -0.00231488864 -0.137841284 -0.990451694 0.0023148607 -0.137841269 -0.990451634 0.00470905239 -0.112229548 -0.993671238 0.00975061208 -0.0571336597 -0.99831903 -0.00975061022 -0.057133697 -0.99831897 -0.00470907474 -0.112229601 -0.993671179 -0.00470907474 -0.112229601 -0.993671179 0.00470905239 -0.112229548 -0.993671238 0.00975061208 -0.0571336597 -0.99831903 0.0178043395 -0.0193972792 -0.999653399 -0.0178043377 -0.0193972755 -0.999653399 -0.00975061022 -0.057133697 -0.99831897 -0.00975061022 -0.057133697 -0.99831897 0.00975061208 -0.0571336597 -0.99831903 0.0178043395 -0.0193972792 -0.999653399 -0.00998941436 -0.219621897 -0.975533903 0.00998937525 -0.219621927 -0.975533903 0.00263495278 -0.380660951 -0.924710929 0.00263495278 -0.380660951 -0.924710929 -0.00263502193 -0.380660892 -0.924711049 -0.00998941436 -0.219621897 -0.975533903 -0.0173816942 -0.0544638932 -0.998364449 0.0173816811 -0.0544639006 -0.998364449 0.00998937525 -0.219621927 -0.975533903 0.00998937525 -0.219621927 -0.975533903 -0.00998941436 -0.219621897 -0.975533903 -0.0173816942 -0.0544638932 -0.998364449 -0.0173816942 -0.0544638932 -0.998364449 -0 0 -1 -0 0 -1 -0 0 -1 0.0173816811 -0.0544639006 -0.998364449 -0.0173816942 -0.0544638932 -0.998364449 -8.74227766e-08 -1 0 -8.74227766e-08 -1 0 -8.74227766e-08 -1 0 -8.74227766e-08 -1 0 -8.74227766e-08 -1 0 -8.74227766e-08 -1 0 8.74227766e-08 1 0 8.74227766e-08 1 0 8.74227766e-08 1 0 8.74227766e-08 1 0 8.74227766e-08 1 0 8.74227766e-08 1 0 0.653648674 -0.301972151 -0.693942606 0.649197221 -0.290976435 -0.702762961 0.654139042 -0.303787202 -0.692687213 0.66761291 -0.269741178 -0.693925679 0.649197221 -0.290976435 -0.702762961 0.653648674 -0.301972151 -0.693942606 0.890188813 -0.455589116 -0.00163591455 0.872519553 -0.48857531 -0.00198577926 0.875880003 -0.482529044 0 0.807418227 -0.001674762 -0.589977205 0.625641048 -0.0611778982 -0.77770853 0.688320994 -0.0497209094 -0.723700285 0.688320994 -0.0497209094 -0.723700285 0.706061363 0.0078650238 -0.708107114 0.807418227 -0.001674762 -0.589977205 0.0896391198 -0.376719415 -0.921980202 0.107730836 -0.376164138 -0.920268834 -5.84085938e-05 -0.414313495 -0.910134256 -5.84085938e-05 -0.414313495 -0.910134256 -0.000241254893 -0.417819947 -0.908529818 0.0896391198 -0.376719415 -0.921980202 0.0726698712 -0.378277451 -0.922835529 0.0896391198 -0.376719415 -0.921980202 -0.000241254893 -0.417819947 -0.908529818 -0.000241254893 -0.417819947 -0.908529818 -0.000388084009 -0.421171069 -0.90698117 0.0726698712 -0.378277451 -0.922835529 0.0577344932 -0.379176766 -0.92352134 0.0726698712 -0.378277451 -0.922835529 -0.000388084009 -0.421171069 -0.90698117 -0.000388084009 -0.421171069 -0.90698117 -0.000390382193 -0.424196512 -0.905570149 0.0577344932 -0.379176766 -0.92352134 0.0448025577 -0.379539132 -0.924090326 0.0577344932 -0.379176766 -0.92352134 -0.000390382193 -0.424196512 -0.905570149 -0.000390382193 -0.424196512 -0.905570149 -0.000306176575 -0.426777601 -0.904356599 0.0448025577 -0.379539132 -0.924090326 0.0328195505 -0.379634649 -0.924554229 0.0448025577 -0.379539132 -0.924090326 -0.000306176575 -0.426777601 -0.904356599 -0.000306176575 -0.426777601 -0.904356599 -0.00020851045 -0.428860962 -0.9033705 0.0328195505 -0.379634649 -0.924554229 0.0215289425 -0.379589349 -0.924904644 0.0328195505 -0.379634649 -0.924554229 -0.00020851045 -0.428860962 -0.9033705 -0.00020851045 -0.428860962 -0.9033705 -0.000114250295 -0.430587292 -0.902548969 0.0215289425 -0.379589349 -0.924904644 -7.39832672e-07 -0.43303293 -0.901378214 6.64117294e-07 -0.43303287 -0.901378095 -0.00263502193 -0.380660892 -0.924711049 -0.00263502193 -0.380660892 -0.924711049 0.00263495278 -0.380660951 -0.924710929 -7.39832672e-07 -0.43303293 -0.901378214 0.010686582 -0.379390657 -0.925174832 0.0215289425 -0.379589349 -0.924904644 -0.000114250295 -0.430587292 -0.902548969 -0.000114250295 -0.430587292 -0.902548969 -5.14554849e-05 -0.431762904 -0.901987195 0.010686582 -0.379390657 -0.925174832 -2.19356389e-05 -0.432404071 -0.901679933 -7.39832672e-07 -0.43303293 -0.901378214 0.00263495278 -0.380660951 -0.924710929 -5.14554849e-05 -0.431762904 -0.901987195 -2.19356389e-05 -0.432404071 -0.901679933 0.00263495278 -0.380660951 -0.924710929 0.010686582 -0.379390657 -0.925174832 -5.14554849e-05 -0.431762904 -0.901987195 0.00263495278 -0.380660951 -0.924710929 -0.9945997 -0.0712643117 -0.0754510611 -0.964968324 -0.235963151 -0.11470668 -0.989390552 -0.0959877223 -0.109054558 -0.936157584 -0.247098088 -0.250103414 -0.843620479 -0.525698364 -0.109297089 -0.916677773 -0.383831233 -0.111246005 -0.769038558 -0.450597465 -0.453367144 -0.755258679 -0.646760166 -0.106233776 -0.843620479 -0.525698364 -0.109297089 -0.035704907 -0.994772971 -0.0956666842 -0.140785024 -0.985083878 -0.0989410356 -0.254133046 -0.683726609 -0.684057236 -0.254133046 -0.683726609 -0.684057236 -0.0673230216 -0.70532763 -0.70567739 -0.035704907 -0.994772971 -0.0956666842 -0.140785024 -0.985083878 -0.0989410356 -0.279927552 -0.954788685 -0.100095771 -0.514150143 -0.606289983 -0.606681168 -0.514150143 -0.606289983 -0.606681168 -0.254133046 -0.683726609 -0.684057236 -0.140785024 -0.985083878 -0.0989410356 -0.413885504 -0.904739916 -0.100720726 -0.514150143 -0.606289983 -0.606681168 -0.279927552 -0.954788685 -0.100095771 -0.537312686 -0.837102473 -0.102736212 -0.514150143 -0.606289983 -0.606681168 -0.413885504 -0.904739916 -0.100720726</float_array>
          <technique_common>
            <accessor count="2640" offset="0" source="#_1_1-normals-array" stride="3">
              <param name="X" type="float" />
              <param name="Y" type="float" />
              <param name="Z" type="float" />
            </accessor>
          </technique_common>
        </source>
        <vertices id="_1_1-vertices">
          <input semantic="POSITION" source="#_1_1-positions" />
        </vertices>
        <polylist count="880" material="defaultMaterial">
          <input offset="0" semantic="VERTEX" source="#_1_1-vertices" />
          <input offset="0" semantic="NORMAL" source="#_1_1-normals" />
          <vcount>3 3 3 3 3 3 3 3 3 3 3 3 3 3 3 3 3 3 3 3 3 3 3 3 3 3 3 3 3 3 3 3 3 3 3 3 3 3 3 3 3 3 3 3 3 3 3 3 3 3 3 3 3 3 3 3 3 3 3 3 3 3 3 3 3 3 3 3 3 3 3 3 3 3 3 3 3 3 3 3 3 3 3 3 3 3 3 3 3 3 3 3 3 3 3 3 3 3 3 3 3 3 3 3 3 3 3 3 3 3 3 3 3 3 3 3 3 3 3 3 3 3 3 3 3 3 3 3 3 3 3 3 3 3 3 3 3 3 3 3 3 3 3 3 3 3 3 3 3 3 3 3 3 3 3 3 3 3 3 3 3 3 3 3 3 3 3 3 3 3 3 3 3 3 3 3 3 3 3 3 3 3 3 3 3 3 3 3 3 3 3 3 3 3 3 3 3 3 3 3 3 3 3 3 3 3 3 3 3 3 3 3 3 3 3 3 3 3 3 3 3 3 3 3 3 3 3 3 3 3 3 3 3 3 3 3 3 3 3 3 3 3 3 3 3 3 3 3 3 3 3 3 3 3 3 3 3 3 3 3 3 3 3 3 3 3 3 3 3 3 3 3 3 3 3 3 3 3 3 3 3 3 3 3 3 3 3 3 3 3 3 3 3 3 3 3 3 3 3 3 3 3 3 3 3 3 3 3 3 3 3 3 3 3 3 3 3 3 3 3 3 3 3 3 3 3 3 3 3 3 3 3 3 3 3 3 3 3 3 3 3 3 3 3 3 3 3 3 3 3 3 3 3 3 3 3 3 3 3 3 3 3 3 3 3 3 3 3 3 3 3 3 3 3 3 3 3 3 3 3 3 3 3 3 3 3 3 3 3 3 3 3 3 3 3 3 3 3 3 3 3 3 3 3 3 3 3 3 3 3 3 3 3 3 3 3 3 3 3 3 3 3 3 3 3 3 3 3 3 3 3 3 3 3 3 3 3 3 3 3 3 3 3 3 3 3 3 3 3 3 3 3 3 3 3 3 3 3 3 3 3 3 3 3 3 3 3 3 3 3 3 3 3 3 3 3 3 3 3 3 3 3 3 3 3 3 3 3 3 3 3 3 3 3 3 3 3 3 3 3 3 3 3 3 3 3 3 3 3 3 3 3 3 3 3 3 3 3 3 3 3 3 3 3 3 3 3 3 3 3 3 3 3 3 3 3 3 3 3 3 3 3 3 3 3 3 3 3 3 3 3 3 3 3 3 3 3 3 3 3 3 3 3 3 3 3 3 3 3 3 3 3 3 3 3 3 3 3 3 3 3 3 3 3 3 3 3 3 3 3 3 3 3 3 3 3 3 3 3 3 3 3 3 3 3 3 3 3 3 3 3 3 3 3 3 3 3 3 3 3 3 3 3 3 3 3 3 3 3 3 3 3 3 3 3 3 3 3 3 3 3 3 3 3 3 3 3 3 3 3 3 3 3 3 3 3 3 3 3 3 3 3 3 3 3 3 3 3 3 3 3 3 3 3 3 3 3 3 3 3 3 3 3 3 3 3 3 3 3 3 3 3 3 3 3 3 3 3 3 3 3 3 3 3 3 3 3 3 3 3 3 3 3 3 3 3 3 3 3 3 3 3 3 3 3 3 3 3 3 3 3 3 3 3 3 3 3 3 3 3 3 3 3 3 3 3 3 3 3 3 3 3 3 3 3 3 3 3 3 3 3 3 3 3 3 3 3 3 3 3 3 3 3 3 3 3 3 3 3 3 3 3 3 3 3 3 3 3 3 3 3 3 3 3 3 3 3 3 3 3 3 3 3 3 3 3 3 3 3 3 3 3 3 3 3 3 3 3 3 3 3 3 3 3 3 3 3 3 3 3 3 3 3 3 3 3 3 3 3 3 3 3 3 3 3 3 3 3 3 3 3 3 3 3 3 3 3 3 3 3 3 3 3 3 3 3 3 3 3 3 3 3 3 3 3 3 3 3 3 3 </vcount>
          <p>0 1 2 3 4 5 6 7 8 9 10 11 12 13 14 15 16 17 18 19 20 21 22 23 24 25 26 27 28 29 30 31 32 33 34 35 36 37 38 39 40 41 42 43 44 45 46 47 48 49 50 51 52 53 54 55 56 57 58 59 60 61 62 63 64 65 66 67 68 69 70 71 72 73 74 75 76 77 78 79 80 81 82 83 84 85 86 87 88 89 90 91 92 93 94 95 96 97 98 99 100 101 102 103 104 105 106 107 108 109 110 111 112 113 114 115 116 117 118 119 120 121 122 123 124 125 126 127 128 129 130 131 132 133 134 135 136 137 138 139 140 141 142 143 144 145 146 147 148 149 150 151 152 153 154 155 156 157 158 159 160 161 162 163 164 165 166 167 168 169 170 171 172 173 174 175 176 177 178 179 180 181 182 183 184 185 186 187 188 189 190 191 192 193 194 195 196 197 198 199 200 201 202 203 204 205 206 207 208 209 210 211 212 213 214 215 216 217 218 219 220 221 222 223 224 225 226 227 228 229 230 231 232 233 234 235 236 237 238 239 240 241 242 243 244 245 246 247 248 249 250 251 252 253 254 255 256 257 258 259 260 261 262 263 264 265 266 267 268 269 270 271 272 273 274 275 276 277 278 279 280 281 282 283 284 285 286 287 288 289 290 291 292 293 294 295 296 297 298 299 300 301 302 303 304 305 306 307 308 309 310 311 312 313 314 315 316 317 318 319 320 321 322 323 324 325 326 327 328 329 330 331 332 333 334 335 336 337 338 339 340 341 342 343 344 345 346 347 348 349 350 351 352 353 354 355 356 357 358 359 360 361 362 363 364 365 366 367 368 369 370 371 372 373 374 375 376 377 378 379 380 381 382 383 384 385 386 387 388 389 390 391 392 393 394 395 396 397 398 399 400 401 402 403 404 405 406 407 408 409 410 411 412 413 414 415 416 417 418 419 420 421 422 423 424 425 426 427 428 429 430 431 432 433 434 435 436 437 438 439 440 441 442 443 444 445 446 447 448 449 450 451 452 453 454 455 456 457 458 459 460 461 462 463 464 465 466 467 468 469 470 471 472 473 474 475 476 477 478 479 480 481 482 483 484 485 486 487 488 489 490 491 492 493 494 495 496 497 498 499 500 501 502 503 504 505 506 507 508 509 510 511 512 513 514 515 516 517 518 519 520 521 522 523 524 525 526 527 528 529 530 531 532 533 534 535 536 537 538 539 540 541 542 543 544 545 546 547 548 549 550 551 552 553 554 555 556 557 558 559 560 561 562 563 564 565 566 567 568 569 570 571 572 573 574 575 576 577 578 579 580 581 582 583 584 585 586 587 588 589 590 591 592 593 594 595 596 597 598 599 600 601 602 603 604 605 606 607 608 609 610 611 612 613 614 615 616 617 618 619 620 621 622 623 624 625 626 627 628 629 630 631 632 633 634 635 636 637 638 639 640 641 642 643 644 645 646 647 648 649 650 651 652 653 654 655 656 657 658 659 660 661 662 663 664 665 666 667 668 669 670 671 672 673 674 675 676 677 678 679 680 681 682 683 684 685 686 687 688 689 690 691 692 693 694 695 696 697 698 699 700 701 702 703 704 705 706 707 708 709 710 711 712 713 714 715 716 717 718 719 720 721 722 723 724 725 726 727 728 729 730 731 732 733 734 735 736 737 738 739 740 741 742 743 744 745 746 747 748 749 750 751 752 753 754 755 756 757 758 759 760 761 762 763 764 765 766 767 768 769 770 771 772 773 774 775 776 777 778 779 780 781 782 783 784 785 786 787 788 789 790 791 792 793 794 795 796 797 798 799 800 801 802 803 804 805 806 807 808 809 810 811 812 813 814 815 816 817 818 819 820 821 822 823 824 825 826 827 828 829 830 831 832 833 834 835 836 837 838 839 840 841 842 843 844 845 846 847 848 849 850 851 852 853 854 855 856 857 858 859 860 861 862 863 864 865 866 867 868 869 870 871 872 873 874 875 876 877 878 879 880 881 882 883 884 885 886 887 888 889 890 891 892 893 894 895 896 897 898 899 900 901 902 903 904 905 906 907 908 909 910 911 912 913 914 915 916 917 918 919 920 921 922 923 924 925 926 927 928 929 930 931 932 933 934 935 936 937 938 939 940 941 942 943 944 945 946 947 948 949 950 951 952 953 954 955 956 957 958 959 960 961 962 963 964 965 966 967 968 969 970 971 972 973 974 975 976 977 978 979 980 981 982 983 984 985 986 987 988 989 990 991 992 993 994 995 996 997 998 999 1000 1001 1002 1003 1004 1005 1006 1007 1008 1009 1010 1011 1012 1013 1014 1015 1016 1017 1018 1019 1020 1021 1022 1023 1024 1025 1026 1027 1028 1029 1030 1031 1032 1033 1034 1035 1036 1037 1038 1039 1040 1041 1042 1043 1044 1045 1046 1047 1048 1049 1050 1051 1052 1053 1054 1055 1056 1057 1058 1059 1060 1061 1062 1063 1064 1065 1066 1067 1068 1069 1070 1071 1072 1073 1074 1075 1076 1077 1078 1079 1080 1081 1082 1083 1084 1085 1086 1087 1088 1089 1090 1091 1092 1093 1094 1095 1096 1097 1098 1099 1100 1101 1102 1103 1104 1105 1106 1107 1108 1109 1110 1111 1112 1113 1114 1115 1116 1117 1118 1119 1120 1121 1122 1123 1124 1125 1126 1127 1128 1129 1130 1131 1132 1133 1134 1135 1136 1137 1138 1139 1140 1141 1142 1143 1144 1145 1146 1147 1148 1149 1150 1151 1152 1153 1154 1155 1156 1157 1158 1159 1160 1161 1162 1163 1164 1165 1166 1167 1168 1169 1170 1171 1172 1173 1174 1175 1176 1177 1178 1179 1180 1181 1182 1183 1184 1185 1186 1187 1188 1189 1190 1191 1192 1193 1194 1195 1196 1197 1198 1199 1200 1201 1202 1203 1204 1205 1206 1207 1208 1209 1210 1211 1212 1213 1214 1215 1216 1217 1218 1219 1220 1221 1222 1223 1224 1225 1226 1227 1228 1229 1230 1231 1232 1233 1234 1235 1236 1237 1238 1239 1240 1241 1242 1243 1244 1245 1246 1247 1248 1249 1250 1251 1252 1253 1254 1255 1256 1257 1258 1259 1260 1261 1262 1263 1264 1265 1266 1267 1268 1269 1270 1271 1272 1273 1274 1275 1276 1277 1278 1279 1280 1281 1282 1283 1284 1285 1286 1287 1288 1289 1290 1291 1292 1293 1294 1295 1296 1297 1298 1299 1300 1301 1302 1303 1304 1305 1306 1307 1308 1309 1310 1311 1312 1313 1314 1315 1316 1317 1318 1319 1320 1321 1322 1323 1324 1325 1326 1327 1328 1329 1330 1331 1332 1333 1334 1335 1336 1337 1338 1339 1340 1341 1342 1343 1344 1345 1346 1347 1348 1349 1350 1351 1352 1353 1354 1355 1356 1357 1358 1359 1360 1361 1362 1363 1364 1365 1366 1367 1368 1369 1370 1371 1372 1373 1374 1375 1376 1377 1378 1379 1380 1381 1382 1383 1384 1385 1386 1387 1388 1389 1390 1391 1392 1393 1394 1395 1396 1397 1398 1399 1400 1401 1402 1403 1404 1405 1406 1407 1408 1409 1410 1411 1412 1413 1414 1415 1416 1417 1418 1419 1420 1421 1422 1423 1424 1425 1426 1427 1428 1429 1430 1431 1432 1433 1434 1435 1436 1437 1438 1439 1440 1441 1442 1443 1444 1445 1446 1447 1448 1449 1450 1451 1452 1453 1454 1455 1456 1457 1458 1459 1460 1461 1462 1463 1464 1465 1466 1467 1468 1469 1470 1471 1472 1473 1474 1475 1476 1477 1478 1479 1480 1481 1482 1483 1484 1485 1486 1487 1488 1489 1490 1491 1492 1493 1494 1495 1496 1497 1498 1499 1500 1501 1502 1503 1504 1505 1506 1507 1508 1509 1510 1511 1512 1513 1514 1515 1516 1517 1518 1519 1520 1521 1522 1523 1524 1525 1526 1527 1528 1529 1530 1531 1532 1533 1534 1535 1536 1537 1538 1539 1540 1541 1542 1543 1544 1545 1546 1547 1548 1549 1550 1551 1552 1553 1554 1555 1556 1557 1558 1559 1560 1561 1562 1563 1564 1565 1566 1567 1568 1569 1570 1571 1572 1573 1574 1575 1576 1577 1578 1579 1580 1581 1582 1583 1584 1585 1586 1587 1588 1589 1590 1591 1592 1593 1594 1595 1596 1597 1598 1599 1600 1601 1602 1603 1604 1605 1606 1607 1608 1609 1610 1611 1612 1613 1614 1615 1616 1617 1618 1619 1620 1621 1622 1623 1624 1625 1626 1627 1628 1629 1630 1631 1632 1633 1634 1635 1636 1637 1638 1639 1640 1641 1642 1643 1644 1645 1646 1647 1648 1649 1650 1651 1652 1653 1654 1655 1656 1657 1658 1659 1660 1661 1662 1663 1664 1665 1666 1667 1668 1669 1670 1671 1672 1673 1674 1675 1676 1677 1678 1679 1680 1681 1682 1683 1684 1685 1686 1687 1688 1689 1690 1691 1692 1693 1694 1695 1696 1697 1698 1699 1700 1701 1702 1703 1704 1705 1706 1707 1708 1709 1710 1711 1712 1713 1714 1715 1716 1717 1718 1719 1720 1721 1722 1723 1724 1725 1726 1727 1728 1729 1730 1731 1732 1733 1734 1735 1736 1737 1738 1739 1740 1741 1742 1743 1744 1745 1746 1747 1748 1749 1750 1751 1752 1753 1754 1755 1756 1757 1758 1759 1760 1761 1762 1763 1764 1765 1766 1767 1768 1769 1770 1771 1772 1773 1774 1775 1776 1777 1778 1779 1780 1781 1782 1783 1784 1785 1786 1787 1788 1789 1790 1791 1792 1793 1794 1795 1796 1797 1798 1799 1800 1801 1802 1803 1804 1805 1806 1807 1808 1809 1810 1811 1812 1813 1814 1815 1816 1817 1818 1819 1820 1821 1822 1823 1824 1825 1826 1827 1828 1829 1830 1831 1832 1833 1834 1835 1836 1837 1838 1839 1840 1841 1842 1843 1844 1845 1846 1847 1848 1849 1850 1851 1852 1853 1854 1855 1856 1857 1858 1859 1860 1861 1862 1863 1864 1865 1866 1867 1868 1869 1870 1871 1872 1873 1874 1875 1876 1877 1878 1879 1880 1881 1882 1883 1884 1885 1886 1887 1888 1889 1890 1891 1892 1893 1894 1895 1896 1897 1898 1899 1900 1901 1902 1903 1904 1905 1906 1907 1908 1909 1910 1911 1912 1913 1914 1915 1916 1917 1918 1919 1920 1921 1922 1923 1924 1925 1926 1927 1928 1929 1930 1931 1932 1933 1934 1935 1936 1937 1938 1939 1940 1941 1942 1943 1944 1945 1946 1947 1948 1949 1950 1951 1952 1953 1954 1955 1956 1957 1958 1959 1960 1961 1962 1963 1964 1965 1966 1967 1968 1969 1970 1971 1972 1973 1974 1975 1976 1977 1978 1979 1980 1981 1982 1983 1984 1985 1986 1987 1988 1989 1990 1991 1992 1993 1994 1995 1996 1997 1998 1999 2000 2001 2002 2003 2004 2005 2006 2007 2008 2009 2010 2011 2012 2013 2014 2015 2016 2017 2018 2019 2020 2021 2022 2023 2024 2025 2026 2027 2028 2029 2030 2031 2032 2033 2034 2035 2036 2037 2038 2039 2040 2041 2042 2043 2044 2045 2046 2047 2048 2049 2050 2051 2052 2053 2054 2055 2056 2057 2058 2059 2060 2061 2062 2063 2064 2065 2066 2067 2068 2069 2070 2071 2072 2073 2074 2075 2076 2077 2078 2079 2080 2081 2082 2083 2084 2085 2086 2087 2088 2089 2090 2091 2092 2093 2094 2095 2096 2097 2098 2099 2100 2101 2102 2103 2104 2105 2106 2107 2108 2109 2110 2111 2112 2113 2114 2115 2116 2117 2118 2119 2120 2121 2122 2123 2124 2125 2126 2127 2128 2129 2130 2131 2132 2133 2134 2135 2136 2137 2138 2139 2140 2141 2142 2143 2144 2145 2146 2147 2148 2149 2150 2151 2152 2153 2154 2155 2156 2157 2158 2159 2160 2161 2162 2163 2164 2165 2166 2167 2168 2169 2170 2171 2172 2173 2174 2175 2176 2177 2178 2179 2180 2181 2182 2183 2184 2185 2186 2187 2188 2189 2190 2191 2192 2193 2194 2195 2196 2197 2198 2199 2200 2201 2202 2203 2204 2205 2206 2207 2208 2209 2210 2211 2212 2213 2214 2215 2216 2217 2218 2219 2220 2221 2222 2223 2224 2225 2226 2227 2228 2229 2230 2231 2232 2233 2234 2235 2236 2237 2238 2239 2240 2241 2242 2243 2244 2245 2246 2247 2248 2249 2250 2251 2252 2253 2254 2255 2256 2257 2258 2259 2260 2261 2262 2263 2264 2265 2266 2267 2268 2269 2270 2271 2272 2273 2274 2275 2276 2277 2278 2279 2280 2281 2282 2283 2284 2285 2286 2287 2288 2289 2290 2291 2292 2293 2294 2295 2296 2297 2298 2299 2300 2301 2302 2303 2304 2305 2306 2307 2308 2309 2310 2311 2312 2313 2314 2315 2316 2317 2318 2319 2320 2321 2322 2323 2324 2325 2326 2327 2328 2329 2330 2331 2332 2333 2334 2335 2336 2337 2338 2339 2340 2341 2342 2343 2344 2345 2346 2347 2348 2349 2350 2351 2352 2353 2354 2355 2356 2357 2358 2359 2360 2361 2362 2363 2364 2365 2366 2367 2368 2369 2370 2371 2372 2373 2374 2375 2376 2377 2378 2379 2380 2381 2382 2383 2384 2385 2386 2387 2388 2389 2390 2391 2392 2393 2394 2395 2396 2397 2398 2399 2400 2401 2402 2403 2404 2405 2406 2407 2408 2409 2410 2411 2412 2413 2414 2415 2416 2417 2418 2419 2420 2421 2422 2423 2424 2425 2426 2427 2428 2429 2430 2431 2432 2433 2434 2435 2436 2437 2438 2439 2440 2441 2442 2443 2444 2445 2446 2447 2448 2449 2450 2451 2452 2453 2454 2455 2456 2457 2458 2459 2460 2461 2462 2463 2464 2465 2466 2467 2468 2469 2470 2471 2472 2473 2474 2475 2476 2477 2478 2479 2480 2481 2482 2483 2484 2485 2486 2487 2488 2489 2490 2491 2492 2493 2494 2495 2496 2497 2498 2499 2500 2501 2502 2503 2504 2505 2506 2507 2508 2509 2510 2511 2512 2513 2514 2515 2516 2517 2518 2519 2520 2521 2522 2523 2524 2525 2526 2527 2528 2529 2530 2531 2532 2533 2534 2535 2536 2537 2538 2539 2540 2541 2542 2543 2544 2545 2546 2547 2548 2549 2550 2551 2552 2553 2554 2555 2556 2557 2558 2559 2560 2561 2562 2563 2564 2565 2566 2567 2568 2569 2570 2571 2572 2573 2574 2575 2576 2577 2578 2579 2580 2581 2582 2583 2584 2585 2586 2587 2588 2589 2590 2591 2592 2593 2594 2595 2596 2597 2598 2599 2600 2601 2602 2603 2604 2605 2606 2607 2608 2609 2610 2611 2612 2613 2614 2615 2616 2617 2618 2619 2620 2621 2622 2623 2624 2625 2626 2627 2628 2629 2630 2631 2632 2633 2634 2635 2636 2637 2638 2639 </p>
        </polylist>
      </mesh>
    </geometry>
    <geometry id="Mesh_1" name="Mesh" >
      <mesh>
        <source id="Mesh_1-positions" name="Mesh_1-positions">
          <float_array id="Mesh_1-positions-array" count="216">0.00349999056 0.0715318322 -0.00199997402 0.00849998556 0.0715318322 -0.00199997402 0.00349999056 0.0715318322 -0.0244999509 0.00349999056 0.0715318322 -0.0244999509 0.00849998556 0.0715318322 -0.00199997402 0.00849998556 0.0715318322 -0.0244999509 -0.00349997799 0.0682318211 -0.00199997402 -0.00349997799 0.0715318322 -0.00199997402 -0.00849997252 0.0715318322 -0.00199997402 0.00849998556 0.0715318322 -0.00199997402 0.00349999056 0.0715318322 -0.00199997402 0.00849998463 0.065031819 -0.00199997402 0.00849998463 0.065031819 -0.00199997402 0.00349999056 0.0715318322 -0.00199997402 0.0034999901 0.0682318211 -0.00199997402 0.00849998463 0.065031819 -0.00199997402 0.0034999901 0.0682318211 -0.00199997402 -0.00349997799 0.0682318211 -0.00199997402 -0.00849997345 0.065031819 -0.00199997402 -0.00849997345 0.065031819 -0.00199997402 -0.00349997799 0.0682318211 -0.00199997402 -0.00849997252 0.0715318322 -0.00199997402 -0.00849997345 0.065031819 -0.00199997402 -0.00849997252 0.0715318322 -0.00199997402 -0.00849997252 0.0715318322 -0.0244999509 -0.00849997345 0.065031819 -0.0244999509 -0.00849997252 0.0715318322 -0.0244999509 -0.00349997799 0.0715318322 -0.0244999509 -0.00849997345 0.065031819 -0.0244999509 -0.00849997345 0.065031819 -0.0244999509 -0.00349997799 0.0715318322 -0.0244999509 -0.00349997799 0.0682318211 -0.0244999509 0.00349999056 0.0715318322 -0.0244999509 0.00849998556 0.0715318322 -0.0244999509 0.0034999901 0.0682318211 -0.0244999509 0.0034999901 0.0682318211 -0.0244999509 0.00849998556 0.0715318322 -0.0244999509 0.00849998463 0.065031819 -0.0244999509 0.00849998463 0.065031819 -0.0244999509 -0.00849997345 0.065031819 -0.0244999509 -0.00349997799 0.0682318211 -0.0244999509 0.0034999901 0.0682318211 -0.0244999509 0.00849998463 0.065031819 -0.00199997402 0.00849998463 0.065031819 -0.0244999509 0.00849998556 0.0715318322 -0.0244999509 0.00849998556 0.0715318322 -0.00199997402 -0.00349997799 0.0715318322 -0.0244999509 -0.00849997252 0.0715318322 -0.0244999509 -0.00349997799 0.0715318322 -0.00199997402 -0.00349997799 0.0715318322 -0.00199997402 -0.00849997252 0.0715318322 -0.0244999509 -0.00849997252 0.0715318322 -0.00199997402 0.00349999056 0.0715318322 -0.00199997402 0.00349999056 0.0715318322 -0.0244999509 0.0034999901 0.0682318211 -0.00199997402 0.0034999901 0.0682318211 -0.00199997402 0.00349999056 0.0715318322 -0.0244999509 0.0034999901 0.0682318211 -0.0244999509 -0.00349997799 0.0682318211 -0.00199997402 -0.00349997799 0.0682318211 -0.0244999509 -0.00349997799 0.0715318322 -0.00199997402 -0.00349997799 0.0715318322 -0.00199997402 -0.00349997799 0.0682318211 -0.0244999509 -0.00349997799 0.0715318322 -0.0244999509 -0.00349997799 0.0682318211 -0.00199997402 0.0034999901 0.0682318211 -0.00199997402 0.0034999901 0.0682318211 -0.0244999509 -0.00349997799 0.0682318211 -0.0244999509 -0.00849997345 0.065031819 -0.0244999509 0.00849998463 0.065031819 -0.0244999509 0.00849998463 0.065031819 -0.00199997402 -0.00849997345 0.065031819 -0.00199997402</float_array>
          <technique_common>
            <accessor count="72" offset="0" source="#Mesh_1-positions-array" stride="3">
              <param name="X" type="float" />
              <param name="Y" type="float" />
              <param name="Z" type="float" />
            </accessor>
          </technique_common>
        </source>
        <source id="Mesh_1-normals" name="Mesh_1-normals">
          <float_array id="Mesh_1-normals-array" count="216">8.74227766e-08 1 0 8.74227766e-08 1 0 8.74227766e-08 1 0 8.74227766e-08 1 0 8.74227766e-08 1 0 8.74227766e-08 1 0 0 0 1 0 0 1 0 0 1 0 0 1 0 0 1 0 0 1 0 0 1 0 0 1 0 0 1 0 0 1 0 0 1 0 0 1 0 0 1 0 0 1 0 0 1 0 0 1 -1 8.74227766e-08 0 -1 8.74227766e-08 0 -1 2.86422789e-07 0 -1 8.74227766e-08 0 -0 0 -1 -0 0 -1 -0 0 -1 8.81925018e-07 -7.71003338e-14 -1 8.81925018e-07 -7.71003338e-14 -1 8.81925018e-07 -7.71003338e-14 -1 -0 0 -1 -0 0 -1 -0 0 -1 8.95500023e-07 -7.82871015e-14 -1 8.95500023e-07 -7.82871015e-14 -1 8.95500023e-07 -7.82871015e-14 -1 -0 0 -1 -0 0 -1 -0 0 -1 -0 0 -1 1 -8.74227766e-08 0 1 -8.74227766e-08 0 1 -8.74227766e-08 0 1 -8.74227766e-08 0 8.74227766e-08 1 0 8.74227766e-08 1 0 8.74227766e-08 1 0 8.74227766e-08 1 0 8.74227766e-08 1 0 8.74227766e-08 1 0 -1 2.24325277e-06 0 -1 2.24325277e-06 0 -1 2.24325277e-06 0 -1 2.24325277e-06 0 -1 2.24325277e-06 0 -1 2.24325277e-06 0 1 1.87242711e-06 0 1 1.87242711e-06 0 1 1.87242711e-06 0 1 2.06841742e-06 0 1 2.06841742e-06 0 1 2.06841742e-06 0 8.74227766e-08 1 0 8.74227766e-08 1 0 8.74227766e-08 1 0 8.74227766e-08 1 0 -8.74227766e-08 -1 0 -8.74227766e-08 -1 0 -8.74227766e-08 -1 0 -8.74227766e-08 -1 0</float_array>
          <technique_common>
            <accessor count="72" offset="0" source="#Mesh_1-normals-array" stride="3">
              <param name="X" type="float" />
              <param name="Y" type="float" />
              <param name="Z" type="float" />
            </accessor>
          </technique_common>
        </source>
        <vertices id="Mesh_1-vertices">
          <input semantic="POSITION" source="#Mesh_1-positions" />
        </vertices>
        <polylist count="22" material="defaultMaterial">
          <input offset="0" semantic="VERTEX" source="#Mesh_1-vertices" />
          <input offset="0" semantic="NORMAL" source="#Mesh_1-normals" />
          <vcount>3 3 3 3 3 4 3 4 3 3 3 3 4 4 3 3 3 3 3 3 4 4 </vcount>
          <p>0 1 2 3 4 5 6 7 8 9 10 11 12 13 14 15 16 17 18 19 20 21 22 23 24 25 26 27 28 29 30 31 32 33 34 35 36 37 38 39 40 41 42 43 44 45 46 47 48 49 50 51 52 53 54 55 56 57 58 59 60 61 62 63 64 65 66 67 68 69 70 71 </p>
        </polylist>
      </mesh>
    </geometry>
  </library_geometries>
  <library_controllers>
  </library_controllers>
  <library_visual_scenes>
    <visual_scene id="RootNode" name="RootNode">
      <node id="_1" name="1" type="NODE">
        <matrix sid="matrix">1 0 0 0 0 1 0 0 0 0 1 0 0 0 0 1</matrix>
        <instance_geometry url="#_1_1">
          <bind_material>
            <technique_common>
              <instance_material symbol="defaultMaterial" target="#Material-YVFb1q.001">
              </instance_material>
            </technique_common>
          </bind_material>
        </instance_geometry>
      </node>
      <node id="Mesh" name="Mesh" type="NODE">
        <matrix sid="matrix">1 0 0 0 0 1 0 0 0 0 1 0 0 0 0 1</matrix>
        <instance_geometry url="#Mesh_1">
          <bind_material>
            <technique_common>
              <instance_material symbol="defaultMaterial" target="#Material-YVFb1q">
              </instance_material>
            </technique_common>
          </bind_material>
        </instance_geometry>
      </node>
    </visual_scene>
  </library_visual_scenes>
  <scene>
    <instance_visual_scene url="#RootNode" />
  </scene>
</COLLADA>
