<?xml version="1.0" encoding="UTF-8" standalone="no" ?>
<COLLADA xmlns="http://www.collada.org/2005/11/COLLADASchema" version="1.4.1">
  <asset>
    <contributor>
      <author>Assimp</author>
      <authoring_tool>FBX SDK/FBX Plugins version 2020.3.2</authoring_tool>
    </contributor>
    <created>2026-05-28T19:27:50</created>
    <modified>2026-05-28T19:27:50</modified>
    <unit name="meter" meter="1" />
    <up_axis>Z_UP</up_axis>
  </asset>
  <library_images>
  </library_images>
  <library_effects>
    <effect id="Material-YVFb1q__2_.040-fx" name="Material-塑胶__2_.040">
      <profile_COMMON>
        <technique sid="standard">
          <phong>
            <emission>
              <color sid="emission">0   0   0   1</color>
            </emission>
            <ambient>
              <color sid="ambient">0.784313977   0.784313977   0.784313977   1</color>
            </ambient>
            <diffuse>
              <color sid="diffuse">0.784313977   0.784313977   0.784313977   1</color>
            </diffuse>
            <specular>
              <color sid="specular">0   0   0   1</color>
            </specular>
            <shininess>
              <float sid="shininess">1024</float>
            </shininess>
          </phong>
        </technique>
      </profile_COMMON>
    </effect>
  </library_effects>
  <library_materials>
    <material id="Material-YVFb1q__2_.040" name="Material-塑胶__2_.040">
      <instance_effect url="#Material-YVFb1q__2_.040-fx"/>
    </material>
  </library_materials>
  <library_geometries>
    <geometry id="Cylinder001" name="Cylinder001" >
      <mesh>
        <source id="Cylinder001-positions" name="Cylinder001-positions">
          <float_array id="Cylinder001-positions-array" count="3240">0.0632846132 -0.00699997693 -0.0139999762 0.0632846132 0.00143933296 -0.0139999744 0.0631000549 0.00143933017 -0.0110600106 0.0631000549 -0.00699997786 -0.0110600125 0.0631000549 -0.00699997786 -0.0110600125 0.0631000549 0.00143933017 -0.0110600106 0.0624553375 0.00143933203 -0.0083203977 0.0624553375 -0.0069999774 -0.00832039863 0.0624553375 -0.0069999774 -0.00832039863 0.0624553375 0.00143933203 -0.0083203977 0.0606501512 0.00143933203 -0.00596784241 0.0606501512 -0.00699997786 -0.00596784335 0.0606501512 -0.00699997786 -0.00596784335 0.0606501512 0.00143933203 -0.00596784241 0.0582975931 0.00143933017 -0.0041626608 0.0582975931 -0.00699997833 -0.00416266173 0.0582975931 -0.00699997833 -0.00416266173 0.0582975931 0.00143933017 -0.0041626608 0.0555579774 0.00143933017 -0.00302787684 0.0555579774 -0.0069999774 -0.00302787777 0.0555579774 -0.0069999774 -0.00302787777 0.0555579774 0.00143933017 -0.00302787684 0.0526180193 0.00143933017 -0.0026408229 0.0526180193 -0.00699997693 -0.00264082383 -0.00718513504 -0.00699997088 -0.000113117509 -0.00718513317 0.00593298487 -0.000113115646 -0.0107793128 0.00593298487 -0.000586298294 -0.0107793147 -0.00699997041 -0.000586300157 -0.0107793147 -0.00699997041 -0.000586300157 -0.0107793128 0.00593298487 -0.000586298294 -0.0141285555 0.0059329858 -0.0019735992 -0.0141285574 -0.00699996948 -0.00197360106 -0.0141285574 -0.00699996948 -0.00197360106 -0.0141285555 0.0059329858 -0.0019735992 -0.0170046166 0.00593298674 -0.004180477 -0.0170046166 -0.00699996855 -0.00418047886 -0.0170046166 -0.00699996855 -0.00418047886 -0.0170046166 0.00593298674 -0.004180477 -0.0192114953 0.00593298767 -0.00705653569 -0.0192114972 -0.00699996809 -0.00705653848 -0.0192114972 -0.00699996809 -0.00705653848 -0.0192114953 0.00593298767 -0.00705653569 -0.0205987971 0.0059329886 -0.010405778 -0.020598799 -0.00699996715 -0.0104057798 -0.020598799 -0.00699996715 -0.0104057798 -0.0205987971 0.0059329886 -0.010405778 -0.0210719816 0.0059329886 -0.0139999576 -0.0210719835 -0.00699996622 -0.0139999595 -0.0210719835 -0.00699996622 -0.0139999595 -0.0210719816 0.0059329886 -0.0139999576 -0.0205988009 0.00593298953 -0.0175941382 -0.0205988027 -0.00699996576 -0.01759414 -0.0205988027 -0.00699996576 -0.01759414 -0.0205988009 0.00593298953 -0.0175941382 -0.0192115009 0.00593298953 -0.0209433809 -0.0192115009 -0.00699996576 -0.0209433828 -0.0192115009 -0.00699996576 -0.0209433828 -0.0192115009 0.00593298953 -0.0209433809 -0.017004624 0.00593298953 -0.0238194428 -0.017004624 -0.00699996529 -0.0238194428 -0.017004624 -0.00699996529 -0.0238194428 -0.017004624 0.00593298953 -0.0238194428 -0.0141285621 0.00593298953 -0.0260263234 -0.0141285639 -0.00699996576 -0.0260263253 -0.0141285639 -0.00699996576 -0.0260263253 -0.0141285621 0.00593298953 -0.0260263234 -0.0107793193 0.00593298953 -0.0274136253 -0.0107793212 -0.00699996576 -0.027413629 -0.0107793212 -0.00699996576 -0.027413629 -0.0107793193 0.00593298953 -0.0274136253 -0.00718514062 0.0059329886 -0.0278868116 -0.00718514249 -0.00699996622 -0.0278868116 0.0526180118 -0.00699997274 -0.0253591277 0.0526180118 0.00143933576 -0.0253591277 0.0555579774 0.00143933576 -0.0249720737 0.0555579774 -0.00699997414 -0.0249720756 0.0555579774 -0.00699997414 -0.0249720756 0.0555579774 0.00143933576 -0.0249720737 0.0582975857 0.00143933482 -0.0238372926 0.0582975857 -0.00699997414 -0.0238372944 0.0582975857 -0.00699997414 -0.0238372944 0.0582975857 0.00143933482 -0.0238372926 0.0606501438 0.00143933389 -0.0220321119 0.0606501438 -0.00699997507 -0.0220321137 0.0606501438 -0.00699997507 -0.0220321137 0.0606501438 0.00143933389 -0.0220321119 0.06245533 0.00143933203 -0.0196795557 0.06245533 -0.00699997647 -0.0196795575 0.06245533 -0.00699997647 -0.0196795575 0.06245533 0.00143933203 -0.0196795557 0.0631000549 0.00143933296 -0.0169399474 0.0631000549 -0.006999976 -0.0169399492 0.0631000549 -0.006999976 -0.0169399492 0.0631000549 0.00143933296 -0.0169399474 0.0632846132 0.00143933296 -0.0139999744 0.0632846132 -0.00699997693 -0.0139999762 0.0067017111 -0.00699997088 -0.013999965 0.00975992717 -0.00699997088 -0.013999966 0.00975990854 -0.00699997181 -0.0101256687 0.00622852845 -0.00699997135 -0.0104057845 0.00622852845 -0.00699997135 -0.0104057845 0.00975990854 -0.00699997181 -0.0101256687 0.00975984149 -0.00699997228 -0.0066174618 0.00484122662 -0.00699997135 -0.00705654128 0.00484122662 -0.00699997135 -0.00705654128 0.00975984149 -0.00699997228 -0.0066174618 0.00975974835 -0.00699997274 -0.00373846386 0.00263434788 -0.00699997181 -0.00418048166 0.00263434788 -0.00699997181 -0.00418048166 0.00975974835 -0.00699997274 -0.00373846386 0.00975962356 -0.00699997228 -0.00164207816 -0.000241713133 -0.00699997135 -0.00197360199 -0.000241713133 -0.00699997135 -0.00197360199 0.00975962356 -0.00699997228 -0.00164207816 0.00975947082 -0.00699997228 -0.000413704664 -0.00359095493 -0.00699997135 -0.000586300157 -0.00359095493 -0.00699997135 -0.000586300157 0.00975947082 -0.00699997228 -0.000413704664 0.00975931063 -0.00699997228 -9.5224008e-05 -0.00718513504 -0.00699997088 -0.000113117509 -0.00718513504 -0.00699997088 -0.000113117509 0.00975931063 -0.00699997228 -9.5224008e-05 0.00975931063 0.00363509823 -9.52193514e-05 -0.00718513317 0.00593298487 -0.000113115646 -0.00359095307 0.00593298394 -0.000586298294 -0.00718513317 0.00593298487 -0.000113115646 0.00975931063 0.00363509823 -9.52193514e-05 0.00975947268 0.00392094254 -0.00041370187 -0.00024171127 0.00593298394 -0.00197360013 -0.00359095307 0.00593298394 -0.000586298294 0.00975947268 0.00392094254 -0.00041370187 0.00975962356 0.00428383239 -0.00164207537 0.00263434881 0.00593298394 -0.00418047979 -0.00024171127 0.00593298394 -0.00197360013 0.00975962356 0.00428383239 -0.00164207537 0.00975975022 0.00471457653 -0.00373846199 0.00484122755 0.00593298394 -0.00705653848 0.00263434881 0.00593298394 -0.00418047979 0.00975975022 0.00471457653 -0.00373846199 0.00975984335 0.00516444352 -0.006617459 0.00622853031 0.00593298394 -0.0104057826 0.00484122755 0.00593298394 -0.00705653848 0.00975984335 0.00516444352 -0.006617459 0.0097599104 0.00552733243 -0.0101256669 0.00670171296 0.00593298487 -0.0139999632 0.00622853031 0.00593298394 -0.0104057826 0.0097599104 0.00552733243 -0.0101256669 0.00975993089 0.00566995703 -0.0139999641 0.00670171296 0.00593298487 -0.0139999632 0.00975993089 0.00566995703 -0.0139999641 0.00975991413 0.00552733336 -0.0178742707 0.00622852752 0.00593298487 -0.0175941531 0.00622852752 0.00593298487 -0.0175941531 0.00975991413 0.00552733336 -0.0178742707 0.00975984335 0.00516444538 -0.0213824771 0.00484122289 0.0059329858 -0.0209433939 0.00484122289 0.0059329858 -0.0209433939 0.00975984335 0.00516444538 -0.0213824771 0.00975975208 0.00471458212 -0.0242614746 0.00263434323 0.00593298674 -0.023819454 0.00263434323 0.00593298674 -0.023819454 0.00975975208 0.00471458212 -0.0242614746 0.00975962356 0.00428383425 -0.0263578575 -0.000241717324 0.00593298767 -0.0260263309 -0.000241717324 0.00593298767 -0.0260263309 0.00975962356 0.00428383425 -0.0263578575 0.00975947082 0.00392094534 -0.0275862291 -0.00359096075 0.0059329886 -0.027413629 -0.00359096075 0.0059329886 -0.027413629 0.00975947082 0.00392094534 -0.0275862291 0.00975931063 0.00363510288 -0.0279047117 -0.00718514062 0.0059329886 -0.0278868116 -0.00718514249 -0.00699996622 -0.0278868116 -0.00718514062 0.0059329886 -0.0278868116 0.00975931063 0.00363510288 -0.0279047117 0.00975930877 -0.00699996762 -0.0279047154 -0.00359096262 -0.00699996669 -0.0274136327 -0.00718514249 -0.00699996622 -0.0278868116 0.00975930877 -0.00699996762 -0.0279047154 0.00975946896 -0.00699996855 -0.0275862329 -0.000241719186 -0.00699996762 -0.0260263309 -0.00359096262 -0.00699996669 -0.0274136327 0.00975946896 -0.00699996855 -0.0275862329 0.00975962356 -0.00699996855 -0.0263578594 0.00263434229 -0.00699996855 -0.023819454 -0.000241719186 -0.00699996762 -0.0260263309 0.00975962356 -0.00699996855 -0.0263578594 0.00975974835 -0.00699996855 -0.0242614765 0.00484122103 -0.00699996902 -0.0209433977 0.00263434229 -0.00699996855 -0.023819454 0.00975974835 -0.00699996855 -0.0242614765 0.00975984149 -0.00699996948 -0.021382479 0.00622852659 -0.00699996995 -0.0175941549 0.00484122103 -0.00699996902 -0.0209433977 0.00975984149 -0.00699996948 -0.021382479 0.00975991227 -0.00699997041 -0.0178742744 0.0067017111 -0.00699997088 -0.013999965 0.00622852659 -0.00699996995 -0.0175941549 0.00975991227 -0.00699997041 -0.0178742744 0.00975992717 -0.00699997088 -0.013999966 0.0631000549 -0.00699997786 -0.0110600125 0.0262330584 -0.00699997228 -0.011060006 0.0262330733 -0.00699997181 -0.0139999706 0.0632846132 -0.00699997693 -0.0139999762 0.0624553375 -0.0069999774 -0.00832039863 0.0262329988 -0.00699997274 -0.00832039397 0.0262330584 -0.00699997228 -0.011060006 0.0631000549 -0.00699997786 -0.0110600125 0.0606501512 -0.00699997786 -0.00596784335 0.0262329169 -0.00699997367 -0.00596783776 0.0262329988 -0.00699997274 -0.00832039397 0.0624553375 -0.0069999774 -0.00832039863 0.0582975931 -0.00699997833 -0.00416266173 0.0262328051 -0.00699997321 -0.00416265614 0.0262329169 -0.00699997367 -0.00596783776 0.0606501512 -0.00699997786 -0.00596784335 0.0555579774 -0.0069999774 -0.00302787777 0.026232671 -0.00699997367 -0.00302787311 0.0262328051 -0.00699997321 -0.00416265614 0.0582975931 -0.00699997833 -0.00416266173 0.0526180193 -0.00699997693 -0.00264082383 0.0262325294 -0.00699997367 -0.00264082011 0.026232671 -0.00699997367 -0.00302787311 0.0555579774 -0.0069999774 -0.00302787777 0.0526180193 0.00143933017 -0.0026408229 0.0262325294 0.00143933482 -0.00264081731 0.0262325294 -0.00699997367 -0.00264082011 0.0526180193 -0.00699997693 -0.00264082383 0.026232671 0.00143933482 -0.00302787032 0.0262325294 0.00143933482 -0.00264081731 0.0526180193 0.00143933017 -0.0026408229 0.0555579774 0.00143933017 -0.00302787684 0.0262328051 0.00143933669 -0.00416265335 0.026232671 0.00143933482 -0.00302787032 0.0555579774 0.00143933017 -0.00302787684 0.0582975931 0.00143933017 -0.0041626608 0.0262329169 0.00143933669 -0.00596783496 0.0262328051 0.00143933669 -0.00416265335 0.0582975931 0.00143933017 -0.0041626608 0.0606501512 0.00143933203 -0.00596784241 0.0262329988 0.00143933762 -0.00832039304 0.0262329169 0.00143933669 -0.00596783496 0.0606501512 0.00143933203 -0.00596784241 0.0624553375 0.00143933203 -0.0083203977 0.0262330584 0.00143933762 -0.0110600051 0.0262329988 0.00143933762 -0.00832039304 0.0624553375 0.00143933203 -0.0083203977 0.0631000549 0.00143933017 -0.0110600106 0.0262330733 0.00143933855 -0.0139999688 0.0262330584 0.00143933762 -0.0110600051 0.0631000549 0.00143933017 -0.0110600106 0.0632846132 0.00143933296 -0.0139999744 0.0631000549 0.00143933296 -0.0169399474 0.0262330584 0.00143933855 -0.0169399418 0.0262330733 0.00143933855 -0.0139999688 0.0632846132 0.00143933296 -0.0139999744 0.06245533 0.00143933203 -0.0196795557 0.0262329988 0.00143933762 -0.0196795501 0.0262330584 0.00143933855 -0.0169399418 0.0631000549 0.00143933296 -0.0169399474 0.0606501438 0.00143933389 -0.0220321119 0.0262329169 0.00143933948 -0.0220321063 0.0262329988 0.00143933762 -0.0196795501 0.06245533 0.00143933203 -0.0196795557 0.0582975857 0.00143933482 -0.0238372926 0.0262328051 0.00143933948 -0.0238372851 0.0262329169 0.00143933948 -0.0220321063 0.0606501438 0.00143933389 -0.0220321119 0.0555579774 0.00143933576 -0.0249720737 0.026232671 0.00143934041 -0.0249720681 0.0262328051 0.00143933948 -0.0238372851 0.0582975857 0.00143933482 -0.0238372926 0.0526180118 0.00143933576 -0.0253591277 0.0262325294 0.00143934041 -0.0253591202 0.026232671 0.00143934041 -0.0249720681 0.0555579774 0.00143933576 -0.0249720737 0.0526180118 -0.00699997274 -0.0253591277 0.0262325294 -0.00699996948 -0.0253591239 0.0262325294 0.00143934041 -0.0253591202 0.0526180118 0.00143933576 -0.0253591277 0.026232671 -0.00699997041 -0.02497207 0.0262325294 -0.00699996948 -0.0253591239 0.0526180118 -0.00699997274 -0.0253591277 0.0555579774 -0.00699997414 -0.0249720756 0.0262328051 -0.00699996995 -0.023837287 0.026232671 -0.00699997041 -0.02497207 0.0555579774 -0.00699997414 -0.0249720756 0.0582975857 -0.00699997414 -0.0238372944 0.0262329169 -0.00699996995 -0.0220321082 0.0262328051 -0.00699996995 -0.023837287 0.0582975857 -0.00699997414 -0.0238372944 0.0606501438 -0.00699997507 -0.0220321137 0.0262329988 -0.00699997088 -0.0196795519 0.0262329169 -0.00699996995 -0.0220321082 0.0606501438 -0.00699997507 -0.0220321137 0.06245533 -0.00699997647 -0.0196795575 0.0262330584 -0.00699997135 -0.0169399437 0.0262329988 -0.00699997088 -0.0196795519 0.06245533 -0.00699997647 -0.0196795575 0.0631000549 -0.006999976 -0.0169399492 0.0262330733 -0.00699997181 -0.0139999706 0.0262330584 -0.00699997135 -0.0169399437 0.0631000549 -0.006999976 -0.0169399492 0.0632846132 -0.00699997693 -0.0139999762 0.0262330584 -0.00699997228 -0.011060006 0.00975990854 -0.00699997181 -0.0101256687 0.00975992717 -0.00699997088 -0.013999966 0.0262330733 -0.00699997181 -0.0139999706 0.0262329988 -0.00699997274 -0.00832039397 0.00975984149 -0.00699997228 -0.0066174618 0.00975990854 -0.00699997181 -0.0101256687 0.0262330584 -0.00699997228 -0.011060006 0.0262329169 -0.00699997367 -0.00596783776 0.00975974835 -0.00699997274 -0.00373846386 0.00975984149 -0.00699997228 -0.0066174618 0.0262329988 -0.00699997274 -0.00832039397 0.0262328051 -0.00699997321 -0.00416265614 0.00975962356 -0.00699997228 -0.00164207816 0.00975974835 -0.00699997274 -0.00373846386 0.0262329169 -0.00699997367 -0.00596783776 0.026232671 -0.00699997367 -0.00302787311 0.00975947082 -0.00699997228 -0.000413704664 0.00975962356 -0.00699997228 -0.00164207816 0.0262328051 -0.00699997321 -0.00416265614 0.0262325294 -0.00699997367 -0.00264082011 0.00975931063 -0.00699997228 -9.5224008e-05 0.00975947082 -0.00699997228 -0.000413704664 0.026232671 -0.00699997367 -0.00302787311 0.0262325294 0.00143933482 -0.00264081731 0.00975931063 0.00363509823 -9.52193514e-05 0.00975931063 -0.00699997228 -9.5224008e-05 0.0262325294 -0.00699997367 -0.00264082011 0.00975947268 0.00392094254 -0.00041370187 0.00975931063 0.00363509823 -9.52193514e-05 0.0262325294 0.00143933482 -0.00264081731 0.026232671 0.00143933482 -0.00302787032 0.00975962356 0.00428383239 -0.00164207537 0.00975947268 0.00392094254 -0.00041370187 0.026232671 0.00143933482 -0.00302787032 0.0262328051 0.00143933669 -0.00416265335 0.00975975022 0.00471457653 -0.00373846199 0.00975962356 0.00428383239 -0.00164207537 0.0262328051 0.00143933669 -0.00416265335 0.0262329169 0.00143933669 -0.00596783496 0.00975984335 0.00516444352 -0.006617459 0.00975975022 0.00471457653 -0.00373846199 0.0262329169 0.00143933669 -0.00596783496 0.0262329988 0.00143933762 -0.00832039304 0.0097599104 0.00552733243 -0.0101256669 0.00975984335 0.00516444352 -0.006617459 0.0262329988 0.00143933762 -0.00832039304 0.0262330584 0.00143933762 -0.0110600051 0.00975993089 0.00566995703 -0.0139999641 0.0097599104 0.00552733243 -0.0101256669 0.0262330584 0.00143933762 -0.0110600051 0.0262330733 0.00143933855 -0.0139999688 0.0262330584 0.00143933855 -0.0169399418 0.00975991413 0.00552733336 -0.0178742707 0.00975993089 0.00566995703 -0.0139999641 0.0262330733 0.00143933855 -0.0139999688 0.0262329988 0.00143933762 -0.0196795501 0.00975984335 0.00516444538 -0.0213824771 0.00975991413 0.00552733336 -0.0178742707 0.0262330584 0.00143933855 -0.0169399418 0.0262329169 0.00143933948 -0.0220321063 0.00975975208 0.00471458212 -0.0242614746 0.00975984335 0.00516444538 -0.0213824771 0.0262329988 0.00143933762 -0.0196795501 0.0262328051 0.00143933948 -0.0238372851 0.00975962356 0.00428383425 -0.0263578575 0.00975975208 0.00471458212 -0.0242614746 0.0262329169 0.00143933948 -0.0220321063 0.026232671 0.00143934041 -0.0249720681 0.00975947082 0.00392094534 -0.0275862291 0.00975962356 0.00428383425 -0.0263578575 0.0262328051 0.00143933948 -0.0238372851 0.0262325294 0.00143934041 -0.0253591202 0.00975931063 0.00363510288 -0.0279047117 0.00975947082 0.00392094534 -0.0275862291 0.026232671 0.00143934041 -0.0249720681 0.00975930877 -0.00699996762 -0.0279047154 0.00975931063 0.00363510288 -0.0279047117 0.0262325294 0.00143934041 -0.0253591202 0.0262325294 -0.00699996948 -0.0253591239 0.00975946896 -0.00699996855 -0.0275862329 0.00975930877 -0.00699996762 -0.0279047154 0.0262325294 -0.00699996948 -0.0253591239 0.026232671 -0.00699997041 -0.02497207 0.00975962356 -0.00699996855 -0.0263578594 0.00975946896 -0.00699996855 -0.0275862329 0.026232671 -0.00699997041 -0.02497207 0.0262328051 -0.00699996995 -0.023837287 0.00975974835 -0.00699996855 -0.0242614765 0.00975962356 -0.00699996855 -0.0263578594 0.0262328051 -0.00699996995 -0.023837287 0.0262329169 -0.00699996995 -0.0220321082 0.00975984149 -0.00699996948 -0.021382479 0.00975974835 -0.00699996855 -0.0242614765 0.0262329169 -0.00699996995 -0.0220321082 0.0262329988 -0.00699997088 -0.0196795519 0.00975991227 -0.00699997041 -0.0178742744 0.00975984149 -0.00699996948 -0.021382479 0.0262329988 -0.00699997088 -0.0196795519 0.0262330584 -0.00699997135 -0.0169399437 0.00975992717 -0.00699997088 -0.013999966 0.00975991227 -0.00699997041 -0.0178742744 0.0262330584 -0.00699997135 -0.0169399437 0.0262330733 -0.00699997181 -0.0139999706 0.00622852845 -0.00699997135 -0.0104057845 0.00493829278 -0.00699997088 -0.0107515026 0.00536595983 -0.00699997041 -0.013999965 0.0067017111 -0.00699997088 -0.013999965 0.00484122662 -0.00699997135 -0.00705654128 0.00368443271 -0.00699997135 -0.00772441644 0.00493829278 -0.00699997088 -0.0107515026 0.00622852845 -0.00699997135 -0.0104057845 0.00263434788 -0.00699997181 -0.00418048166 0.00168982847 -0.00699997135 -0.00512500014 0.00368443271 -0.00699997135 -0.00772441644 0.00484122662 -0.00699997135 -0.00705654128 -0.000241713133 -0.00699997135 -0.00197360199 -0.0009095883 -0.00699997135 -0.0031303959 0.00168982847 -0.00699997135 -0.00512500014 0.00263434788 -0.00699997181 -0.00418048166 -0.00359095493 -0.00699997135 -0.000586300157 -0.00393667258 -0.00699997088 -0.00187653583 -0.0009095883 -0.00699997135 -0.0031303959 -0.000241713133 -0.00699997135 -0.00197360199 -0.00718513504 -0.00699997088 -0.000113117509 -0.0071851355 -0.00699997041 -0.00144886784 -0.00393667258 -0.00699997088 -0.00187653583 -0.00359095493 -0.00699997135 -0.000586300157 -0.0107793147 -0.00699997041 -0.000586300157 -0.0104335975 -0.00699996995 -0.00187653583 -0.0071851355 -0.00699997041 -0.00144886784 -0.00718513504 -0.00699997088 -0.000113117509 -0.0141285574 -0.00699996948 -0.00197360106 -0.0134606827 -0.00699996948 -0.00313039497 -0.0104335975 -0.00699996995 -0.00187653583 -0.0107793147 -0.00699997041 -0.000586300157 -0.0170046166 -0.00699996855 -0.00418047886 -0.016060099 -0.00699996855 -0.00512499735 -0.0134606827 -0.00699996948 -0.00313039497 -0.0141285574 -0.00699996948 -0.00197360106 -0.0192114972 -0.00699996809 -0.00705653848 -0.0180547033 -0.00699996809 -0.00772441411 -0.016060099 -0.00699996855 -0.00512499735 -0.0170046166 -0.00699996855 -0.00418047886 -0.020598799 -0.00699996715 -0.0104057798 -0.0193085633 -0.00699996715 -0.0107514979 -0.0180547033 -0.00699996809 -0.00772441411 -0.0192114972 -0.00699996809 -0.00705653848 -0.0210719835 -0.00699996622 -0.0139999595 -0.0197362341 -0.00699996669 -0.0139999604 -0.0193085633 -0.00699996715 -0.0107514979 -0.020598799 -0.00699996715 -0.0104057798 -0.0205988027 -0.00699996576 -0.01759414 -0.019308567 -0.00699996622 -0.0172484219 -0.0197362341 -0.00699996669 -0.0139999604 -0.0210719835 -0.00699996622 -0.0139999595 -0.0192115009 -0.00699996576 -0.0209433828 -0.018054707 -0.00699996576 -0.020275509 -0.019308567 -0.00699996622 -0.0172484219 -0.0205988027 -0.00699996576 -0.01759414 -0.017004624 -0.00699996529 -0.0238194428 -0.0160601065 -0.00699996576 -0.0228749253 -0.018054707 -0.00699996576 -0.020275509 -0.0192115009 -0.00699996576 -0.0209433828 -0.0141285639 -0.00699996576 -0.0260263253 -0.0134606883 -0.00699996576 -0.0248695314 -0.0160601065 -0.00699996576 -0.0228749253 -0.017004624 -0.00699996529 -0.0238194428 -0.0107793212 -0.00699996576 -0.027413629 -0.0104336031 -0.00699996622 -0.0261233933 -0.0134606883 -0.00699996576 -0.0248695314 -0.0141285639 -0.00699996576 -0.0260263253 -0.00718514249 -0.00699996622 -0.0278868116 -0.00718514202 -0.00699996669 -0.0265510622 -0.0104336031 -0.00699996622 -0.0261233933 -0.0107793212 -0.00699996576 -0.027413629 -0.00359096262 -0.00699996669 -0.0274136327 -0.00393668003 -0.00699996715 -0.0261233952 -0.00718514202 -0.00699996669 -0.0265510622 -0.00718514249 -0.00699996622 -0.0278868116 -0.000241719186 -0.00699996762 -0.0260263309 -0.000909593888 -0.00699996762 -0.024869537 -0.00393668003 -0.00699996715 -0.0261233952 -0.00359096262 -0.00699996669 -0.0274136327 0.00263434229 -0.00699996855 -0.023819454 0.00168982474 -0.00699996855 -0.0228749365 -0.000909593888 -0.00699996762 -0.024869537 -0.000241719186 -0.00699996762 -0.0260263309 0.00484122103 -0.00699996902 -0.0209433977 0.00368442712 -0.00699996902 -0.020275522 0.00168982474 -0.00699996855 -0.0228749365 0.00263434229 -0.00699996855 -0.023819454 0.00622852659 -0.00699996995 -0.0175941549 0.00493829092 -0.00699996995 -0.0172484368 0.00368442712 -0.00699996902 -0.020275522 0.00484122103 -0.00699996902 -0.0209433977 0.0067017111 -0.00699997088 -0.013999965 0.00536595983 -0.00699997041 -0.013999965 0.00493829092 -0.00699996995 -0.0172484368 0.00622852659 -0.00699996995 -0.0175941549 0.00670171296 0.00593298487 -0.0139999632 0.0053659617 0.00593298487 -0.0139999622 0.00493829465 0.00593298394 -0.0107514998 0.00622853031 0.00593298394 -0.0104057826 0.00622853031 0.00593298394 -0.0104057826 0.00493829465 0.00593298394 -0.0107514998 0.00368443271 0.00593298394 -0.00772441318 0.00484122755 0.00593298394 -0.00705653848 0.00484122755 0.00593298394 -0.00705653848 0.00368443271 0.00593298394 -0.00772441318 0.00168983033 0.00593298394 -0.00512499828 0.00263434881 0.00593298394 -0.00418047979 0.00263434881 0.00593298394 -0.00418047979 0.00168983033 0.00593298394 -0.00512499828 -0.000909586437 0.00593298394 -0.00313039403 -0.00024171127 0.00593298394 -0.00197360013 -0.00024171127 0.00593298394 -0.00197360013 -0.000909586437 0.00593298394 -0.00313039403 -0.00393667072 0.00593298394 -0.00187653396 -0.00359095307 0.00593298394 -0.000586298294 -0.00359095307 0.00593298394 -0.000586298294 -0.00393667072 0.00593298394 -0.00187653396 -0.00718513317 0.00593298487 -0.00144886598 -0.00718513317 0.00593298487 -0.000113115646 -0.00718513317 0.00593298487 -0.000113115646 -0.00718513317 0.00593298487 -0.00144886598 -0.0104335956 0.00593298487 -0.00187653396 -0.0107793128 0.00593298487 -0.000586298294 -0.0107793128 0.00593298487 -0.000586298294 -0.0104335956 0.00593298487 -0.00187653396 -0.0134606808 0.0059329858 -0.0031303931 -0.0141285555 0.0059329858 -0.0019735992 -0.0141285555 0.0059329858 -0.0019735992 -0.0134606808 0.0059329858 -0.0031303931 -0.0160600971 0.00593298674 -0.00512499548 -0.0170046166 0.00593298674 -0.004180477 -0.0170046166 0.00593298674 -0.004180477 -0.0160600971 0.00593298674 -0.00512499548 -0.0180547014 0.00593298767 -0.00772441085 -0.0192114953 0.00593298767 -0.00705653569 -0.0192114953 0.00593298767 -0.00705653569 -0.0180547014 0.00593298767 -0.00772441085 -0.0193085615 0.00593298767 -0.0107514951 -0.0205987971 0.0059329886 -0.010405778 -0.0205987971 0.0059329886 -0.010405778 -0.0193085615 0.00593298767 -0.0107514951 -0.0197362322 0.0059329886 -0.0139999576 -0.0210719816 0.0059329886 -0.0139999576 -0.0210719816 0.0059329886 -0.0139999576 -0.0197362322 0.0059329886 -0.0139999576 -0.0193085652 0.00593298953 -0.01724842 -0.0205988009 0.00593298953 -0.0175941382 -0.0205988009 0.00593298953 -0.0175941382 -0.0193085652 0.00593298953 -0.01724842 -0.0180547051 0.00593298953 -0.0202755053 -0.0192115009 0.00593298953 -0.0209433809 -0.0192115009 0.00593298953 -0.0209433809 -0.0180547051 0.00593298953 -0.0202755053 -0.0160601046 0.00593298953 -0.0228749253 -0.017004624 0.00593298953 -0.0238194428 -0.017004624 0.00593298953 -0.0238194428 -0.0160601046 0.00593298953 -0.0228749253 -0.0134606864 0.00593298953 -0.0248695295 -0.0141285621 0.00593298953 -0.0260263234 -0.0141285621 0.00593298953 -0.0260263234 -0.0134606864 0.00593298953 -0.0248695295 -0.0104336012 0.00593298953 -0.0261233896 -0.0107793193 0.00593298953 -0.0274136253 -0.0107793193 0.00593298953 -0.0274136253 -0.0104336012 0.00593298953 -0.0261233896 -0.00718514016 0.0059329886 -0.0265510604 -0.00718514062 0.0059329886 -0.0278868116 -0.00718514062 0.0059329886 -0.0278868116 -0.00718514016 0.0059329886 -0.0265510604 -0.00393667817 0.0059329886 -0.0261233933 -0.00359096075 0.0059329886 -0.027413629 -0.00359096075 0.0059329886 -0.027413629 -0.00393667817 0.0059329886 -0.0261233933 -0.000909592025 0.00593298767 -0.0248695351 -0.000241717324 0.00593298767 -0.0260263309 -0.000241717324 0.00593298767 -0.0260263309 -0.000909592025 0.00593298767 -0.0248695351 0.00168982474 0.00593298674 -0.0228749346 0.00263434323 0.00593298674 -0.023819454 0.00263434323 0.00593298674 -0.023819454 0.00168982474 0.00593298674 -0.0228749346 0.00368442899 0.0059329858 -0.0202755183 0.00484122289 0.0059329858 -0.0209433939 0.00484122289 0.0059329858 -0.0209433939 0.00368442899 0.0059329858 -0.0202755183 0.00493829092 0.0059329858 -0.0172484349 0.00622852752 0.00593298487 -0.0175941531 0.00622852752 0.00593298487 -0.0175941531 0.00493829092 0.0059329858 -0.0172484349 0.0053659617 0.00593298487 -0.0139999622 0.00670171296 0.00593298487 -0.0139999632 0.00536595983 -0.00699997041 -0.013999965 0.00493829278 -0.00699997088 -0.0107515026 0.0031777448 -0.00610737968 -0.0112232398 0.00354330661 -0.00610737922 -0.0139999641 0.00493829278 -0.00699997088 -0.0107515026 0.00368443271 -0.00699997135 -0.00772441644 0.00210596854 -0.00610737968 -0.00863574259 0.0031777448 -0.00610737968 -0.0112232398 0.00368443271 -0.00699997135 -0.00772441644 0.00168982847 -0.00699997135 -0.00512500014 0.000401018187 -0.00610738015 -0.00641380996 0.00210596854 -0.00610737968 -0.00863574259 0.00168982847 -0.00699997135 -0.00512500014 -0.0009095883 -0.00699997135 -0.0031303959 -0.00182091491 -0.00610738015 -0.00470886007 0.000401018187 -0.00610738015 -0.00641380996 -0.0009095883 -0.00699997135 -0.0031303959 -0.00393667258 -0.00699997088 -0.00187653583 -0.00440841028 -0.00610737968 -0.00363708381 -0.00182091491 -0.00610738015 -0.00470886007 -0.00393667258 -0.00699997088 -0.00187653583 -0.0071851355 -0.00699997041 -0.00144886784 -0.0071851355 -0.00610737922 -0.00327152107 -0.00440841028 -0.00610737968 -0.00363708381 -0.0071851355 -0.00699997041 -0.00144886784 -0.0104335975 -0.00699996995 -0.00187653583 -0.00996186025 -0.00610737875 -0.00363708381 -0.0071851355 -0.00610737922 -0.00327152107 -0.0104335975 -0.00699996995 -0.00187653583 -0.0134606827 -0.00699996948 -0.00313039497 -0.0125493556 -0.00610737829 -0.00470885914 -0.00996186025 -0.00610737875 -0.00363708381 -0.0134606827 -0.00699996948 -0.00313039497 -0.016060099 -0.00699996855 -0.00512499735 -0.0147712901 -0.00610737782 -0.00641380763 -0.0125493556 -0.00610737829 -0.00470885914 -0.016060099 -0.00699996855 -0.00512499735 -0.0180547033 -0.00699996809 -0.00772441411 -0.01647624 -0.00610737689 -0.00863574073 -0.0147712901 -0.00610737782 -0.00641380763 -0.0180547033 -0.00699996809 -0.00772441411 -0.0193085633 -0.00699996715 -0.0107514979 -0.0175480172 -0.00610737596 -0.0112232361 -0.01647624 -0.00610737689 -0.00863574073 -0.0193085633 -0.00699996715 -0.0107514979 -0.0197362341 -0.00699996669 -0.0139999604 -0.0179135818 -0.00610737596 -0.0139999604 -0.0175480172 -0.00610737596 -0.0112232361 -0.0197362341 -0.00699996669 -0.0139999604 -0.019308567 -0.00699996622 -0.0172484219 -0.0175480191 -0.00610737549 -0.0167766865 -0.0179135818 -0.00610737596 -0.0139999604 -0.019308567 -0.00699996622 -0.0172484219 -0.018054707 -0.00699996576 -0.020275509 -0.0164762437 -0.00610737503 -0.0193641819 -0.0175480191 -0.00610737549 -0.0167766865 -0.018054707 -0.00699996576 -0.020275509 -0.0160601065 -0.00699996576 -0.0228749253 -0.0147712957 -0.00610737503 -0.0215861164 -0.0164762437 -0.00610737503 -0.0193641819 -0.0160601065 -0.00699996576 -0.0228749253 -0.0134606883 -0.00699996576 -0.0248695314 -0.0125493612 -0.00610737503 -0.0232910663 -0.0147712957 -0.00610737503 -0.0215861164 -0.0134606883 -0.00699996576 -0.0248695314 -0.0104336031 -0.00699996622 -0.0261233933 -0.00996186584 -0.00610737503 -0.0243628435 -0.0125493612 -0.00610737503 -0.0232910663 -0.0104336031 -0.00699996622 -0.0261233933 -0.00718514202 -0.00699996669 -0.0265510622 -0.00718514109 -0.00610737549 -0.0247284099 -0.00996186584 -0.00610737503 -0.0243628435 -0.00718514202 -0.00699996669 -0.0265510622 -0.00393668003 -0.00699996715 -0.0261233952 -0.00440841634 -0.00610737596 -0.0243628472 -0.00718514109 -0.00610737549 -0.0247284099 -0.00393668003 -0.00699996715 -0.0261233952 -0.000909593888 -0.00699996762 -0.024869537 -0.00182091957 -0.00610737642 -0.0232910719 -0.00440841634 -0.00610737596 -0.0243628472 -0.000909593888 -0.00699996762 -0.024869537 0.00168982474 -0.00699996855 -0.0228749365 0.000401014928 -0.00610737689 -0.0215861257 -0.00182091957 -0.00610737642 -0.0232910719 0.00168982474 -0.00699996855 -0.0228749365 0.00368442712 -0.00699996902 -0.020275522 0.00210596388 -0.00610737782 -0.0193641931 0.000401014928 -0.00610737689 -0.0215861257 0.00368442712 -0.00699996902 -0.020275522 0.00493829092 -0.00699996995 -0.0172484368 0.00317774294 -0.00610737875 -0.0167766977 0.00210596388 -0.00610737782 -0.0193641931 0.00493829092 -0.00699996995 -0.0172484368 0.00536595983 -0.00699997041 -0.013999965 0.00354330661 -0.00610737922 -0.0139999641 0.00317774294 -0.00610737875 -0.0167766977 0.00493829465 0.00593298394 -0.0107514998 0.0053659617 0.00593298487 -0.0139999622 0.00354330847 0.00504039321 -0.0139999632 0.00317774666 0.00504039321 -0.011223238 0.00368443271 0.00593298394 -0.00772441318 0.00493829465 0.00593298394 -0.0107514998 0.00317774666 0.00504039321 -0.011223238 0.00210596761 0.00504039414 -0.00863574073 0.00168983033 0.00593298394 -0.00512499828 0.00368443271 0.00593298394 -0.00772441318 0.00210596761 0.00504039414 -0.00863574073 0.00040102005 0.00504039321 -0.00641380949 -0.000909586437 0.00593298394 -0.00313039403 0.00168983033 0.00593298394 -0.00512499828 0.00040102005 0.00504039321 -0.00641380949 -0.00182091305 0.00504039414 -0.00470885821 -0.00393667072 0.00593298394 -0.00187653396 -0.000909586437 0.00593298394 -0.00313039403 -0.00182091305 0.00504039414 -0.00470885821 -0.00440840889 0.00504039414 -0.00363708194 -0.00718513317 0.00593298487 -0.00144886598 -0.00393667072 0.00593298394 -0.00187653396 -0.00440840889 0.00504039414 -0.00363708194 -0.00718513364 0.00504039321 -0.00327151921 -0.0104335956 0.00593298487 -0.00187653396 -0.00718513317 0.00593298487 -0.00144886598 -0.00718513364 0.00504039321 -0.00327151921 -0.00996185839 0.00504039414 -0.00363708194 -0.0134606808 0.0059329858 -0.0031303931 -0.0104335956 0.00593298487 -0.00187653396 -0.00996185839 0.00504039414 -0.00363708194 -0.0125493538 0.00504039414 -0.00470885728 -0.0160600971 0.00593298674 -0.00512499548 -0.0134606808 0.0059329858 -0.0031303931 -0.0125493538 0.00504039414 -0.00470885728 -0.0147712873 0.005040396 -0.0064138067 -0.0180547014 0.00593298767 -0.00772441085 -0.0160600971 0.00593298674 -0.00512499548 -0.0147712873 0.005040396 -0.0064138067 -0.0164762381 0.00504039694 -0.00863573886 -0.0193085615 0.00593298767 -0.0107514951 -0.0180547014 0.00593298767 -0.00772441085 -0.0164762381 0.00504039694 -0.00863573886 -0.0175480153 0.005040396 -0.0112232342 -0.0197362322 0.0059329886 -0.0139999576 -0.0193085615 0.00593298767 -0.0107514951 -0.0175480153 0.005040396 -0.0112232342 -0.0179135799 0.00504039694 -0.0139999585 -0.0193085652 0.00593298953 -0.01724842 -0.0197362322 0.0059329886 -0.0139999576 -0.0179135799 0.00504039694 -0.0139999585 -0.0175480172 0.00504039694 -0.0167766847 -0.0180547051 0.00593298953 -0.0202755053 -0.0193085652 0.00593298953 -0.01724842 -0.0175480172 0.00504039694 -0.0167766847 -0.0164762419 0.00504039694 -0.01936418 -0.0160601046 0.00593298953 -0.0228749253 -0.0180547051 0.00593298953 -0.0202755053 -0.0164762419 0.00504039694 -0.01936418 -0.0147712938 0.00504039787 -0.0215861145 -0.0134606864 0.00593298953 -0.0248695295 -0.0160601046 0.00593298953 -0.0228749253 -0.0147712938 0.00504039787 -0.0215861145 -0.0125493594 0.00504039787 -0.0232910663 -0.0104336012 0.00593298953 -0.0261233896 -0.0134606864 0.00593298953 -0.0248695295 -0.0125493594 0.00504039787 -0.0232910663 -0.00996186398 0.00504039787 -0.0243628435 -0.00718514016 0.0059329886 -0.0265510604 -0.0104336012 0.00593298953 -0.0261233896 -0.00996186398 0.00504039787 -0.0243628435 -0.00718513969 0.00504039694 -0.0247284062 -0.00393667817 0.0059329886 -0.0261233933 -0.00718514016 0.0059329886 -0.0265510604 -0.00718513969 0.00504039694 -0.0247284062 -0.00440841448 0.005040396 -0.0243628453 -0.000909592025 0.00593298767 -0.0248695351 -0.00393667817 0.0059329886 -0.0261233933 -0.00440841448 0.005040396 -0.0243628453 -0.00182091771 0.005040396 -0.02329107 0.00168982474 0.00593298674 -0.0228749346 -0.000909592025 0.00593298767 -0.0248695351 -0.00182091771 0.005040396 -0.02329107 0.000401014462 0.00504039507 -0.0215861239 0.00368442899 0.0059329858 -0.0202755183 0.00168982474 0.00593298674 -0.0228749346 0.000401014462 0.00504039507 -0.0215861239 0.00210596574 0.00504039414 -0.0193641912 0.00493829092 0.0059329858 -0.0172484349 0.00368442899 0.0059329858 -0.0202755183 0.00210596574 0.00504039414 -0.0193641912 0.00317774387 0.00504039414 -0.0167766958 0.0053659617 0.00593298487 -0.0139999622 0.00493829092 0.0059329858 -0.0172484349 0.00317774387 0.00504039414 -0.0167766958 0.00354330847 0.00504039321 -0.0139999632 0.00111202477 0.00347285531 -0.0187903382 -0.000410534907 0.00347285625 -0.0207745731 -0.000410534441 -0.0045398376 -0.0207745731 0.0011120229 -0.00453983806 -0.0187903401 -0.000410534907 0.00347285625 -0.0207745731 -0.00239477027 0.00347285718 -0.022297129 -0.0023947712 -0.00453983713 -0.022297129 -0.000410534441 -0.0045398376 -0.0207745731 -0.00239477027 0.00347285718 -0.022297129 -0.00470546214 0.00347285718 -0.0232542474 -0.00470546354 -0.0045398362 -0.0232542492 -0.0023947712 -0.00453983713 -0.022297129 -0.00470546214 0.00347285718 -0.0232542474 -0.00718513969 0.00347285811 -0.023580702 -0.00718514062 -0.0045398362 -0.0235807039 -0.00470546354 -0.0045398362 -0.0232542492 -0.00718513969 0.00347285811 -0.023580702 -0.00966481585 0.00347285811 -0.0232542455 -0.00966481678 -0.00453983573 -0.0232542474 -0.00718514062 -0.0045398362 -0.0235807039 -0.00966481585 0.00347285811 -0.0232542455 -0.0119755063 0.00347285811 -0.0222971253 -0.0119755082 -0.00453983527 -0.0222971253 -0.00966481678 -0.00453983573 -0.0232542474 -0.0119755063 0.00347285811 -0.0222971253 -0.0139597449 0.00347285811 -0.0207745656 -0.0139597449 -0.00453983527 -0.0207745656 -0.0119755082 -0.00453983527 -0.0222971253 -0.0139597449 0.00347285811 -0.0207745656 -0.015482299 0.00347285811 -0.0187903289 -0.0154823009 -0.00453983527 -0.0187903289 -0.0139597449 -0.00453983527 -0.0207745656 -0.015482299 0.00347285811 -0.0187903289 -0.0164394192 0.00347285811 -0.0164796375 -0.0164394211 -0.0045398362 -0.0164796375 -0.0154823009 -0.00453983527 -0.0187903289 -0.0164394192 0.00347285811 -0.0164796375 -0.0167658739 0.00347285811 -0.0139999595 -0.0167658757 -0.00453983666 -0.0139999604 -0.0164394211 -0.0045398362 -0.0164796375 -0.0167658739 0.00347285811 -0.0139999595 -0.0164394174 0.00347285718 -0.0115202824 -0.0164394192 -0.00453983713 -0.0115202833 -0.0167658757 -0.00453983666 -0.0139999604 -0.0164394174 0.00347285718 -0.0115202824 -0.0154822953 0.00347285718 -0.0092095919 -0.015482299 -0.00453983806 -0.00920959283 -0.0164394192 -0.00453983713 -0.0115202833 -0.0154822953 0.00347285718 -0.0092095919 -0.0139597384 0.00347285625 -0.00722535746 -0.0139597394 -0.00453983853 -0.00722535746 -0.015482299 -0.00453983806 -0.00920959283 -0.0139597384 0.00347285625 -0.00722535746 -0.0119755026 0.00347285531 -0.00570279919 -0.0119755035 -0.00453983899 -0.00570280105 -0.0139597394 -0.00453983853 -0.00722535746 -0.0119755026 0.00347285531 -0.00570279919 -0.00966481119 0.00347285531 -0.00474567991 -0.00966481213 -0.00453983992 -0.00474568177 -0.0119755035 -0.00453983899 -0.00570280105 -0.00966481119 0.00347285531 -0.00474567991 -0.00718513457 0.00347285438 -0.00441922434 -0.0071851355 -0.00453983992 -0.0044192262 -0.00966481213 -0.00453983992 -0.00474568177 -0.00718513457 0.00347285438 -0.00441922434 -0.00470545702 0.00347285438 -0.00474567991 -0.00470545795 -0.00453984039 -0.00474568177 -0.0071851355 -0.00453983992 -0.0044192262 -0.00470545702 0.00347285438 -0.00474567991 -0.00239476608 0.00347285438 -0.00570280012 -0.00239476701 -0.00453984085 -0.00570280198 -0.00470545795 -0.00453984039 -0.00474568177 -0.00239476608 0.00347285438 -0.00570280012 -0.000410530716 0.00347285438 -0.00722535979 -0.000410531648 -0.00453984085 -0.00722535979 -0.00239476701 -0.00453984085 -0.00570280198 -0.000410530716 0.00347285438 -0.00722535979 0.00111202663 0.00347285438 -0.00920959376 0.00111202663 -0.00453984085 -0.00920959469 -0.000410531648 -0.00453984085 -0.00722535979 0.00111202663 0.00347285438 -0.00920959376 0.0020691487 0.00347285438 -0.0115202852 0.00206914684 -0.00453983992 -0.011520287 0.00111202663 -0.00453984085 -0.00920959469 0.0020691487 0.00347285438 -0.0115202852 0.00239560334 0.00347285438 -0.0139999632 0.00239560148 -0.00453983946 -0.0139999641 0.00206914684 -0.00453983992 -0.011520287 0.00239560334 0.00347285438 -0.0139999632 0.00206914684 0.00347285531 -0.0164796468 0.00206914498 -0.00453983899 -0.0164796486 0.00239560148 -0.00453983946 -0.0139999641 0.00206914684 0.00347285531 -0.0164796468 0.00111202477 0.00347285531 -0.0187903382 0.0011120229 -0.00453983806 -0.0187903401 0.00206914498 -0.00453983899 -0.0164796486 0.00239560148 -0.00453983946 -0.0139999641 0.00354330661 -0.00610737922 -0.0139999641 0.0031777448 -0.00610737968 -0.0112232398 0.00206914684 -0.00453983992 -0.011520287 0.00206914684 -0.00453983992 -0.011520287 0.0031777448 -0.00610737968 -0.0112232398 0.00210596854 -0.00610737968 -0.00863574259 0.00111202663 -0.00453984085 -0.00920959469 0.00111202663 -0.00453984085 -0.00920959469 0.00210596854 -0.00610737968 -0.00863574259 0.000401018187 -0.00610738015 -0.00641380996 -0.000410531648 -0.00453984085 -0.00722535979 -0.000410531648 -0.00453984085 -0.00722535979 0.000401018187 -0.00610738015 -0.00641380996 -0.00182091491 -0.00610738015 -0.00470886007 -0.00239476701 -0.00453984085 -0.00570280198 -0.00239476701 -0.00453984085 -0.00570280198 -0.00182091491 -0.00610738015 -0.00470886007 -0.00440841028 -0.00610737968 -0.00363708381 -0.00470545795 -0.00453984039 -0.00474568177 -0.00470545795 -0.00453984039 -0.00474568177 -0.00440841028 -0.00610737968 -0.00363708381 -0.0071851355 -0.00610737922 -0.00327152107 -0.0071851355 -0.00453983992 -0.0044192262 -0.0071851355 -0.00453983992 -0.0044192262 -0.0071851355 -0.00610737922 -0.00327152107 -0.00996186025 -0.00610737875 -0.00363708381 -0.00966481213 -0.00453983992 -0.00474568177 -0.00966481213 -0.00453983992 -0.00474568177 -0.00996186025 -0.00610737875 -0.00363708381 -0.0125493556 -0.00610737829 -0.00470885914 -0.0119755035 -0.00453983899 -0.00570280105 -0.0119755035 -0.00453983899 -0.00570280105 -0.0125493556 -0.00610737829 -0.00470885914 -0.0147712901 -0.00610737782 -0.00641380763 -0.0139597394 -0.00453983853 -0.00722535746 -0.0139597394 -0.00453983853 -0.00722535746 -0.0147712901 -0.00610737782 -0.00641380763 -0.01647624 -0.00610737689 -0.00863574073 -0.015482299 -0.00453983806 -0.00920959283 -0.015482299 -0.00453983806 -0.00920959283 -0.01647624 -0.00610737689 -0.00863574073 -0.0175480172 -0.00610737596 -0.0112232361 -0.0164394192 -0.00453983713 -0.0115202833 -0.0164394192 -0.00453983713 -0.0115202833 -0.0175480172 -0.00610737596 -0.0112232361 -0.0179135818 -0.00610737596 -0.0139999604 -0.0167658757 -0.00453983666 -0.0139999604 -0.0167658757 -0.00453983666 -0.0139999604 -0.0179135818 -0.00610737596 -0.0139999604 -0.0175480191 -0.00610737549 -0.0167766865 -0.0164394211 -0.0045398362 -0.0164796375 -0.0164394211 -0.0045398362 -0.0164796375 -0.0175480191 -0.00610737549 -0.0167766865 -0.0164762437 -0.00610737503 -0.0193641819 -0.0154823009 -0.00453983527 -0.0187903289 -0.0154823009 -0.00453983527 -0.0187903289 -0.0164762437 -0.00610737503 -0.0193641819 -0.0147712957 -0.00610737503 -0.0215861164 -0.0139597449 -0.00453983527 -0.0207745656 -0.0139597449 -0.00453983527 -0.0207745656 -0.0147712957 -0.00610737503 -0.0215861164 -0.0125493612 -0.00610737503 -0.0232910663 -0.0119755082 -0.00453983527 -0.0222971253 -0.0119755082 -0.00453983527 -0.0222971253 -0.0125493612 -0.00610737503 -0.0232910663 -0.00996186584 -0.00610737503 -0.0243628435 -0.00966481678 -0.00453983573 -0.0232542474 -0.00966481678 -0.00453983573 -0.0232542474 -0.00996186584 -0.00610737503 -0.0243628435 -0.00718514109 -0.00610737549 -0.0247284099 -0.00718514062 -0.0045398362 -0.0235807039 -0.00718514062 -0.0045398362 -0.0235807039 -0.00718514109 -0.00610737549 -0.0247284099 -0.00440841634 -0.00610737596 -0.0243628472 -0.00470546354 -0.0045398362 -0.0232542492 -0.00470546354 -0.0045398362 -0.0232542492 -0.00440841634 -0.00610737596 -0.0243628472 -0.00182091957 -0.00610737642 -0.0232910719 -0.0023947712 -0.00453983713 -0.022297129 -0.0023947712 -0.00453983713 -0.022297129 -0.00182091957 -0.00610737642 -0.0232910719 0.000401014928 -0.00610737689 -0.0215861257 -0.000410534441 -0.0045398376 -0.0207745731 -0.000410534441 -0.0045398376 -0.0207745731 0.000401014928 -0.00610737689 -0.0215861257 0.00210596388 -0.00610737782 -0.0193641931 0.0011120229 -0.00453983806 -0.0187903401 0.0011120229 -0.00453983806 -0.0187903401 0.00210596388 -0.00610737782 -0.0193641931 0.00317774294 -0.00610737875 -0.0167766977 0.00206914498 -0.00453983899 -0.0164796486 0.00206914498 -0.00453983899 -0.0164796486 0.00317774294 -0.00610737875 -0.0167766977 0.00354330661 -0.00610737922 -0.0139999641 0.00239560148 -0.00453983946 -0.0139999641 0.0020691487 0.00347285438 -0.0115202852 0.00317774666 0.00504039321 -0.011223238 0.00354330847 0.00504039321 -0.0139999632 0.00239560334 0.00347285438 -0.0139999632 0.00111202663 0.00347285438 -0.00920959376 0.00210596761 0.00504039414 -0.00863574073 0.00317774666 0.00504039321 -0.011223238 0.0020691487 0.00347285438 -0.0115202852 -0.000410530716 0.00347285438 -0.00722535979 0.00040102005 0.00504039321 -0.00641380949 0.00210596761 0.00504039414 -0.00863574073 0.00111202663 0.00347285438 -0.00920959376 -0.00239476608 0.00347285438 -0.00570280012 -0.00182091305 0.00504039414 -0.00470885821 0.00040102005 0.00504039321 -0.00641380949 -0.000410530716 0.00347285438 -0.00722535979 -0.00470545702 0.00347285438 -0.00474567991 -0.00440840889 0.00504039414 -0.00363708194 -0.00182091305 0.00504039414 -0.00470885821 -0.00239476608 0.00347285438 -0.00570280012 -0.00718513457 0.00347285438 -0.00441922434 -0.00718513364 0.00504039321 -0.00327151921 -0.00440840889 0.00504039414 -0.00363708194 -0.00470545702 0.00347285438 -0.00474567991 -0.00966481119 0.00347285531 -0.00474567991 -0.00996185839 0.00504039414 -0.00363708194 -0.00718513364 0.00504039321 -0.00327151921 -0.00718513457 0.00347285438 -0.00441922434 -0.0119755026 0.00347285531 -0.00570279919 -0.0125493538 0.00504039414 -0.00470885728 -0.00996185839 0.00504039414 -0.00363708194 -0.00966481119 0.00347285531 -0.00474567991 -0.0139597384 0.00347285625 -0.00722535746 -0.0147712873 0.005040396 -0.0064138067 -0.0125493538 0.00504039414 -0.00470885728 -0.0119755026 0.00347285531 -0.00570279919 -0.0154822953 0.00347285718 -0.0092095919 -0.0164762381 0.00504039694 -0.00863573886 -0.0147712873 0.005040396 -0.0064138067 -0.0139597384 0.00347285625 -0.00722535746 -0.0164394174 0.00347285718 -0.0115202824 -0.0175480153 0.005040396 -0.0112232342 -0.0164762381 0.00504039694 -0.00863573886 -0.0154822953 0.00347285718 -0.0092095919 -0.0167658739 0.00347285811 -0.0139999595 -0.0179135799 0.00504039694 -0.0139999585 -0.0175480153 0.005040396 -0.0112232342 -0.0164394174 0.00347285718 -0.0115202824 -0.0164394192 0.00347285811 -0.0164796375 -0.0175480172 0.00504039694 -0.0167766847 -0.0179135799 0.00504039694 -0.0139999585 -0.0167658739 0.00347285811 -0.0139999595 -0.015482299 0.00347285811 -0.0187903289 -0.0164762419 0.00504039694 -0.01936418 -0.0175480172 0.00504039694 -0.0167766847 -0.0164394192 0.00347285811 -0.0164796375 -0.0139597449 0.00347285811 -0.0207745656 -0.0147712938 0.00504039787 -0.0215861145 -0.0164762419 0.00504039694 -0.01936418 -0.015482299 0.00347285811 -0.0187903289 -0.0119755063 0.00347285811 -0.0222971253 -0.0125493594 0.00504039787 -0.0232910663 -0.0147712938 0.00504039787 -0.0215861145 -0.0139597449 0.00347285811 -0.0207745656 -0.00966481585 0.00347285811 -0.0232542455 -0.00996186398 0.00504039787 -0.0243628435 -0.0125493594 0.00504039787 -0.0232910663 -0.0119755063 0.00347285811 -0.0222971253 -0.00718513969 0.00347285811 -0.023580702 -0.00718513969 0.00504039694 -0.0247284062 -0.00996186398 0.00504039787 -0.0243628435 -0.00966481585 0.00347285811 -0.0232542455 -0.00470546214 0.00347285718 -0.0232542474 -0.00440841448 0.005040396 -0.0243628453 -0.00718513969 0.00504039694 -0.0247284062 -0.00718513969 0.00347285811 -0.023580702 -0.00239477027 0.00347285718 -0.022297129 -0.00182091771 0.005040396 -0.02329107 -0.00440841448 0.005040396 -0.0243628453 -0.00470546214 0.00347285718 -0.0232542474 -0.000410534907 0.00347285625 -0.0207745731 0.000401014462 0.00504039507 -0.0215861239 -0.00182091771 0.005040396 -0.02329107 -0.00239477027 0.00347285718 -0.022297129 0.00111202477 0.00347285531 -0.0187903382 0.00210596574 0.00504039414 -0.0193641912 0.000401014462 0.00504039507 -0.0215861239 -0.000410534907 0.00347285625 -0.0207745731 0.00206914684 0.00347285531 -0.0164796468 0.00317774387 0.00504039414 -0.0167766958 0.00210596574 0.00504039414 -0.0193641912 0.00111202477 0.00347285531 -0.0187903382 0.00239560334 0.00347285438 -0.0139999632 0.00354330847 0.00504039321 -0.0139999632 0.00317774387 0.00504039414 -0.0167766958 0.00206914684 0.00347285531 -0.0164796468</float_array>
          <technique_common>
            <accessor count="1080" offset="0" source="#Cylinder001-positions-array" stride="3">
              <param name="X" type="float" />
              <param name="Y" type="float" />
              <param name="Z" type="float" />
            </accessor>
          </technique_common>
        </source>
        <source id="Cylinder001-normals" name="Cylinder001-normals">
          <float_array id="Cylinder001-normals-array" count="3240">1 1.43166493e-10 9.98030103e-08 1 1.43169351e-10 8.79217126e-08 0.989228129 -2.57974921e-08 0.1463819 0.989228189 -2.57974904e-08 0.1463819 0.989228189 -2.57974904e-08 0.1463819 0.989228129 -2.57974921e-08 0.1463819 0.90354979 -5.64494371e-08 0.428483129 0.90354985 -5.644943e-08 0.428483069 0.90354985 -5.644943e-08 0.428483069 0.90354979 -5.64494371e-08 0.428483129 0.707106173 -8.24771007e-08 0.707107425 0.707106173 -8.24771078e-08 0.707107484 0.707106173 -8.24771078e-08 0.707107484 0.707106173 -8.24771007e-08 0.707107425 0.499999821 -9.8514306e-08 0.866025627 0.499999791 -9.8514306e-08 0.866025627 0.499999791 -9.8514306e-08 0.866025627 0.499999821 -9.8514306e-08 0.866025627 0.258818954 -1.07678581e-07 0.965925932 0.258818954 -1.07678567e-07 0.965925932 0.258818954 -1.07678567e-07 0.965925932 0.258818954 -1.07678581e-07 0.965925932 0.0654034093 -1.65223597e-07 0.997858942 0.0654034168 -1.65223582e-07 0.997858942 -0.0659300387 -2.0082561e-07 0.997824252 -0.0688378513 -1.97404802e-07 0.997627914 -0.258818954 -1.01804474e-07 0.965925932 -0.258818954 -1.01804474e-07 0.965925932 -0.258818954 -1.01804474e-07 0.965925932 -0.258818954 -1.01804474e-07 0.965925932 -0.499999911 -7.33725969e-08 0.866025567 -0.499999911 -7.33725969e-08 0.866025567 -0.499999911 -7.33725969e-08 0.866025567 -0.499999911 -7.33725969e-08 0.866025567 -0.70710665 -6.11438224e-08 0.707106948 -0.70710665 -6.11438153e-08 0.707106948 -0.70710665 -6.11438153e-08 0.707106948 -0.70710665 -6.11438224e-08 0.707106948 -0.866025329 5.50295587e-09 0.500000179 -0.866025329 5.50295853e-09 0.500000179 -0.866025329 5.50295853e-09 0.500000179 -0.866025329 5.50295587e-09 0.500000179 -0.965925753 9.50786543e-08 0.258819342 -0.965925753 9.50786614e-08 0.258819342 -0.965925753 9.50786614e-08 0.258819342 -0.965925753 9.50786543e-08 0.258819342 -1 1.43993702e-07 5.26252677e-07 -1 1.43993688e-07 5.26252677e-07 -1 1.43993688e-07 5.26252677e-07 -1 1.43993702e-07 5.26252677e-07 -0.965925932 1.43687998e-07 -0.258818686 -0.965925992 1.43687984e-07 -0.258818686 -0.965925992 1.43687984e-07 -0.258818686 -0.965925932 1.43687998e-07 -0.258818686 -0.866025627 8.43784775e-08 -0.499999702 -0.866025627 8.43784775e-08 -0.499999732 -0.866025627 8.43784775e-08 -0.499999732 -0.866025627 8.43784775e-08 -0.499999702 -0.707107186 7.33725471e-08 -0.707106411 -0.707107186 7.33725471e-08 -0.707106411 -0.707107186 7.33725471e-08 -0.707106411 -0.707107186 7.33725471e-08 -0.707106411 -0.500000417 1.79762793e-07 -0.866025269 -0.500000417 1.79762807e-07 -0.866025209 -0.500000417 1.79762807e-07 -0.866025209 -0.500000417 1.79762793e-07 -0.866025269 -0.258819461 2.09723325e-07 -0.965925813 -0.258819431 2.09723325e-07 -0.965925813 -0.258819431 2.09723325e-07 -0.965925813 -0.258819461 2.09723325e-07 -0.965925813 -0.0688383132 1.6015332e-07 -0.997627914 -0.0659304932 1.60086529e-07 -0.997824252 0.0654029101 1.65507942e-07 -0.997859001 0.0654028878 1.65507942e-07 -0.997858942 0.258818656 1.58367698e-07 -0.965925992 0.258818716 1.58367726e-07 -0.965925992 0.258818716 1.58367726e-07 -0.965925992 0.258818656 1.58367698e-07 -0.965925992 0.499999732 1.90155802e-07 -0.866025627 0.499999732 1.90155802e-07 -0.866025627 0.499999732 1.90155802e-07 -0.866025627 0.499999732 1.90155802e-07 -0.866025627 0.707106173 1.53499073e-07 -0.707107484 0.707106173 1.53499087e-07 -0.707107484 0.707106173 1.53499087e-07 -0.707107484 0.707106173 1.53499073e-07 -0.707107484 0.903549314 9.30778086e-08 -0.428484321 0.903549314 9.30778228e-08 -0.42848438 0.903549314 9.30778228e-08 -0.42848438 0.903549314 9.30778086e-08 -0.428484321 0.98922801 3.2245417e-08 -0.146383271 0.989227951 3.22454241e-08 -0.1463833 0.989227951 3.22454241e-08 -0.1463833 0.98922801 3.2245417e-08 -0.146383271 1 1.43169351e-10 8.79217126e-08 1 1.43166493e-10 9.98030103e-08 -1.60028904e-07 -1 -1.82954324e-07 -6.04570829e-08 -1 -1.78694251e-07 -7.80667477e-08 -1 -1.59525712e-07 -1.69319478e-07 -1 -1.46942568e-07 -1.69319478e-07 -1 -1.46942568e-07 -7.80667477e-08 -1 -1.59525712e-07 -1.02863169e-07 -1 -1.86278839e-07 -1.32719606e-07 -1 -1.59724223e-07 -1.32719606e-07 -1 -1.59724223e-07 -1.02863169e-07 -1 -1.86278839e-07 -8.6240199e-08 -1 -1.16518732e-08 -1.25383266e-07 -1 -3.89838704e-08 -1.25383266e-07 -1 -3.89838704e-08 -8.6240199e-08 -1 -1.16518732e-08 -8.07643801e-08 -1 8.64919514e-09 -1.12638226e-07 -1 -8.15481727e-08 -1.12638226e-07 -1 -8.15481727e-08 -8.07643801e-08 -1 8.64919514e-09 -8.51182875e-08 -1 -1.03647206e-08 -1.1325757e-07 -1 -2.58883248e-09 -1.1325757e-07 -1 -2.58883248e-09 -8.51182875e-08 -1 -1.03647206e-08 -8.1396756e-08 -1 1.22263558e-07 -1.31356529e-07 -1 -3.23147646e-07 -0.0659300387 -2.0082561e-07 0.997824252 0.0760568008 -3.30907227e-07 0.997103572 0.0695395172 -3.26375783e-07 0.997579277 -0.0688378513 -1.97404802e-07 0.997627914 0.0593612492 0.92514801 0.37493664 0.00604405254 0.999036372 0.0434738435 0.145729318 0.8291592 0.539683282 0.154083043 0.902564883 0.402038604 0.0785552263 0.984368563 0.157631487 0.0593612492 0.92514801 0.37493664 0.154083043 0.902564883 0.402038604 0.167723581 0.966445684 0.194554836 0.0832274482 0.991663575 0.0983697399 0.0785552263 0.984368563 0.157631487 0.167723581 0.966445684 0.194554836 0.179366291 0.974770248 0.132856369 0.0782090202 0.995014846 0.0618774556 0.0832274482 0.991663575 0.0983697399 0.179366291 0.974770248 0.132856369 0.183679938 0.978874922 0.0898083821 0.0634466633 0.997540712 0.0297859963 0.0782090202 0.995014846 0.0618774556 0.183679938 0.978874922 0.0898083821 0.178151712 0.982914865 0.0462644324 0.054159794 0.998532355 1.71257028e-07 0.0634466633 0.997540712 0.0297859963 0.178151712 0.982914865 0.0462644324 0.172810256 0.984955251 1.96023421e-07 0.054159794 0.998532355 1.71257028e-07 0.172810256 0.984955251 1.96023421e-07 0.178151682 0.982914865 -0.0462642387 0.0634467751 0.997540712 -0.029785797 0.0634467751 0.997540712 -0.029785797 0.178151682 0.982914865 -0.0462642387 0.183679789 0.978875101 -0.0898078158 0.078208968 0.995014966 -0.0618770421 0.078208968 0.995014966 -0.0618770421 0.183679789 0.978875101 -0.0898078158 0.179366171 0.974770248 -0.132856369 0.0832273737 0.991663575 -0.0983698443 0.0832273737 0.991663575 -0.0983698443 0.179366171 0.974770248 -0.132856369 0.167723447 0.966445744 -0.19455497 0.0785553008 0.984368563 -0.157631621 0.0785553008 0.984368563 -0.157631621 0.167723447 0.966445744 -0.19455497 0.154082745 0.9025653 -0.402037799 0.0593611673 0.925148249 -0.374936014 0.0593611673 0.925148249 -0.374936014 0.154082745 0.9025653 -0.402037799 0.145729169 0.829160571 -0.539681375 0.00604405068 0.999036312 -0.043473836 -0.0659304932 1.60086529e-07 -0.997824252 -0.0688383132 1.6015332e-07 -0.997627914 0.0695391819 2.54165997e-07 -0.997579217 0.0760564432 2.62980734e-07 -0.997103572 -1.10635455e-07 -1 -7.4358644e-07 -1.3298137e-07 -1 -3.87698663e-07 8.18373493e-08 -1 -1.90452533e-06 -6.31466968e-09 -1 -1.04362698e-06 -1.3687584e-07 -1 -1.97071842e-07 -1.10635455e-07 -1 -7.4358644e-07 -6.31466968e-09 -1 -1.04362698e-06 -1.01567721e-07 -1 -3.91303558e-08 -1.00473329e-07 -1 -1.64169165e-07 -1.3687584e-07 -1 -1.97071842e-07 -1.01567721e-07 -1 -3.91303558e-08 -6.20499634e-08 -1 -1.80044964e-07 -8.75875301e-08 -1 -2.06479356e-07 -1.00473329e-07 -1 -1.64169165e-07 -6.20499634e-08 -1 -1.80044964e-07 -6.90087347e-08 -1 -2.63448499e-07 -1.27934328e-07 -1 -2.15398799e-07 -8.75875301e-08 -1 -2.06479356e-07 -6.90087347e-08 -1 -2.63448499e-07 -7.93930539e-08 -1 -1.98441114e-07 -1.60028904e-07 -1 -1.82954324e-07 -1.27934328e-07 -1 -2.15398799e-07 -7.93930539e-08 -1 -1.98441114e-07 -6.04570829e-08 -1 -1.78694251e-07 -1.42762033e-07 -1 -1.40463072e-07 -9.34407538e-08 -1 -1.53679267e-07 -9.45153076e-08 -1 -2.04311647e-07 -1.38592455e-07 -1 -2.37782587e-07 -1.35136901e-07 -1 -1.27219337e-07 -9.44132807e-08 -1 -1.92455644e-07 -9.34407538e-08 -1 -1.53679267e-07 -1.42762033e-07 -1 -1.40463072e-07 -1.28621508e-07 -1 -2.87309831e-07 -9.15500564e-08 -1 -1.26974967e-07 -9.44132807e-08 -1 -1.92455644e-07 -1.35136901e-07 -1 -1.27219337e-07 -1.40636502e-07 -1 -7.45839088e-08 -1.0001186e-07 -1 5.9260663e-09 -9.15500564e-08 -1 -1.26974967e-07 -1.28621508e-07 -1 -2.87309831e-07 -1.43268494e-07 -1 3.54785072e-08 -1.14339123e-07 -1 -1.50688262e-08 -1.0001186e-07 -1 5.9260663e-09 -1.40636502e-07 -1 -7.45839088e-08 -1.25378179e-07 -1 1.25353409e-07 -1.04145251e-07 -1 5.97273697e-08 -1.14339123e-07 -1 -1.50688262e-08 -1.43268494e-07 -1 3.54785072e-08 0.0654034093 -1.65223597e-07 0.997858942 0.0796480402 -3.06162548e-07 0.996823072 0.076583378 -3.0290056e-07 0.99706322 0.0654034168 -1.65223582e-07 0.997858942 0.0931531787 0.987637281 0.126076385 0.100115992 0.975179851 0.19748725 1.67171066e-07 1 6.34925243e-07 1.81370893e-07 1 1.02203285e-06 0.0952650458 0.993414164 0.0636627972 0.0931531787 0.987637281 0.126076385 1.81370893e-07 1 1.02203285e-06 1.70005151e-07 1 6.82051848e-07 0.104415908 0.993392646 0.0476277769 0.0952650458 0.993414164 0.0636627972 1.70005151e-07 1 6.82051848e-07 1.50270708e-07 1 3.38099795e-07 0.113931976 0.992878318 0.0348182619 0.104415908 0.993392646 0.0476277769 1.50270708e-07 1 3.38099795e-07 1.67144051e-07 1 -1.25955594e-07 0.121001422 0.992470622 0.0189933833 0.113931976 0.992878318 0.0348182619 1.67144051e-07 1 -1.25955594e-07 1.7729208e-07 1 2.07410949e-07 0.123609371 0.992330968 2.74869734e-07 0.121001422 0.992470622 0.0189933833 1.7729208e-07 1 2.07410949e-07 1.63791071e-07 1 3.17175761e-07 1.51964613e-07 1 -1.63891301e-07 0.121001437 0.992470622 -0.0189933199 0.123609371 0.992330968 2.74869734e-07 1.63791071e-07 1 3.17175761e-07 1.5469459e-07 1 9.15179754e-09 0.113931984 0.992878258 -0.0348179452 0.121001437 0.992470622 -0.0189933199 1.51964613e-07 1 -1.63891301e-07 1.57274755e-07 1 6.00708802e-07 0.104415946 0.993392706 -0.0476272739 0.113931984 0.992878258 -0.0348179452 1.5469459e-07 1 9.15179754e-09 1.53769278e-07 1 2.23001635e-07 0.0952649936 0.993414223 -0.0636622161 0.104415946 0.993392706 -0.0476272739 1.57274755e-07 1 6.00708802e-07 1.52408802e-07 1 5.79730795e-07 0.0931529701 0.987637401 -0.126075104 0.0952649936 0.993414223 -0.0636622161 1.53769278e-07 1 2.23001635e-07 1.67170796e-07 1 -6.3492655e-07 0.100115672 0.975180149 -0.197485968 0.0931529701 0.987637401 -0.126075104 1.52408802e-07 1 5.79730795e-07 0.0654029101 1.65507942e-07 -0.997859001 0.0765830353 2.9429367e-07 -0.997063279 0.0796476901 2.97211187e-07 -0.996823072 0.0654028878 1.65507942e-07 -0.997858942 -3.16897193e-08 -1 -1.08238078e-06 9.74676126e-08 -1 -2.58839395e-06 -1.25378634e-07 -1 -2.53153917e-06 -1.28787448e-07 -1 2.29369206e-07 -1.19788467e-07 -1 9.30527477e-08 -3.16897193e-08 -1 -1.08238078e-06 -1.28787448e-07 -1 2.29369206e-07 -1.38567799e-07 -1 -9.47384038e-08 -1.03794477e-07 -1 -2.47468449e-07 -1.19788467e-07 -1 9.30527477e-08 -1.38567799e-07 -1 -9.47384038e-08 -1.4899706e-07 -1 -3.75309213e-07 -9.68875753e-08 -1 -2.47782992e-07 -1.03794477e-07 -1 -2.47468449e-07 -1.4899706e-07 -1 -3.75309213e-07 -1.4402552e-07 -1 -1.36265697e-07 -9.44715026e-08 -1 -1.4351626e-07 -9.68875753e-08 -1 -2.47782992e-07 -1.4402552e-07 -1 -1.36265697e-07 -1.35839812e-07 -1 -1.20818157e-07 -9.45153076e-08 -1 -2.04311647e-07 -9.44715026e-08 -1 -1.4351626e-07 -1.35839812e-07 -1 -1.20818157e-07 -1.38592455e-07 -1 -2.37782587e-07 -9.34407538e-08 -1 -1.53679267e-07 -7.80667477e-08 -1 -1.59525712e-07 -6.04570829e-08 -1 -1.78694251e-07 -9.45153076e-08 -1 -2.04311647e-07 -9.44132807e-08 -1 -1.92455644e-07 -1.02863169e-07 -1 -1.86278839e-07 -7.80667477e-08 -1 -1.59525712e-07 -9.34407538e-08 -1 -1.53679267e-07 -9.15500564e-08 -1 -1.26974967e-07 -8.6240199e-08 -1 -1.16518732e-08 -1.02863169e-07 -1 -1.86278839e-07 -9.44132807e-08 -1 -1.92455644e-07 -1.0001186e-07 -1 5.9260663e-09 -8.07643801e-08 -1 8.64919514e-09 -8.6240199e-08 -1 -1.16518732e-08 -9.15500564e-08 -1 -1.26974967e-07 -1.14339123e-07 -1 -1.50688262e-08 -8.51182875e-08 -1 -1.03647206e-08 -8.07643801e-08 -1 8.64919514e-09 -1.0001186e-07 -1 5.9260663e-09 -1.04145251e-07 -1 5.97273697e-08 -8.1396756e-08 -1 1.22263558e-07 -8.51182875e-08 -1 -1.03647206e-08 -1.14339123e-07 -1 -1.50688262e-08 0.0796480402 -3.06162548e-07 0.996823072 0.0695395172 -3.26375783e-07 0.997579277 0.0760568008 -3.30907227e-07 0.997103572 0.076583378 -3.0290056e-07 0.99706322 0.154083043 0.902564883 0.402038604 0.145729318 0.8291592 0.539683282 0.100115992 0.975179851 0.19748725 0.0931531787 0.987637281 0.126076385 0.167723581 0.966445684 0.194554836 0.154083043 0.902564883 0.402038604 0.0931531787 0.987637281 0.126076385 0.0952650458 0.993414164 0.0636627972 0.179366291 0.974770248 0.132856369 0.167723581 0.966445684 0.194554836 0.0952650458 0.993414164 0.0636627972 0.104415908 0.993392646 0.0476277769 0.183679938 0.978874922 0.0898083821 0.179366291 0.974770248 0.132856369 0.104415908 0.993392646 0.0476277769 0.113931976 0.992878318 0.0348182619 0.178151712 0.982914865 0.0462644324 0.183679938 0.978874922 0.0898083821 0.113931976 0.992878318 0.0348182619 0.121001422 0.992470622 0.0189933833 0.172810256 0.984955251 1.96023421e-07 0.178151712 0.982914865 0.0462644324 0.121001422 0.992470622 0.0189933833 0.123609371 0.992330968 2.74869734e-07 0.121001437 0.992470622 -0.0189933199 0.178151682 0.982914865 -0.0462642387 0.172810256 0.984955251 1.96023421e-07 0.123609371 0.992330968 2.74869734e-07 0.113931984 0.992878258 -0.0348179452 0.183679789 0.978875101 -0.0898078158 0.178151682 0.982914865 -0.0462642387 0.121001437 0.992470622 -0.0189933199 0.104415946 0.993392706 -0.0476272739 0.179366171 0.974770248 -0.132856369 0.183679789 0.978875101 -0.0898078158 0.113931984 0.992878258 -0.0348179452 0.0952649936 0.993414223 -0.0636622161 0.167723447 0.966445744 -0.19455497 0.179366171 0.974770248 -0.132856369 0.104415946 0.993392706 -0.0476272739 0.0931529701 0.987637401 -0.126075104 0.154082745 0.9025653 -0.402037799 0.167723447 0.966445744 -0.19455497 0.0952649936 0.993414223 -0.0636622161 0.100115672 0.975180149 -0.197485968 0.145729169 0.829160571 -0.539681375 0.154082745 0.9025653 -0.402037799 0.0931529701 0.987637401 -0.126075104 0.0760564432 2.62980734e-07 -0.997103572 0.0695391819 2.54165997e-07 -0.997579217 0.0796476901 2.97211187e-07 -0.996823072 0.0765830353 2.9429367e-07 -0.997063279 -6.31466968e-09 -1 -1.04362698e-06 8.18373493e-08 -1 -1.90452533e-06 9.74676126e-08 -1 -2.58839395e-06 -3.16897193e-08 -1 -1.08238078e-06 -1.01567721e-07 -1 -3.91303558e-08 -6.31466968e-09 -1 -1.04362698e-06 -3.16897193e-08 -1 -1.08238078e-06 -1.19788467e-07 -1 9.30527477e-08 -6.20499634e-08 -1 -1.80044964e-07 -1.01567721e-07 -1 -3.91303558e-08 -1.19788467e-07 -1 9.30527477e-08 -1.03794477e-07 -1 -2.47468449e-07 -6.90087347e-08 -1 -2.63448499e-07 -6.20499634e-08 -1 -1.80044964e-07 -1.03794477e-07 -1 -2.47468449e-07 -9.68875753e-08 -1 -2.47782992e-07 -7.93930539e-08 -1 -1.98441114e-07 -6.90087347e-08 -1 -2.63448499e-07 -9.68875753e-08 -1 -2.47782992e-07 -9.44715026e-08 -1 -1.4351626e-07 -6.04570829e-08 -1 -1.78694251e-07 -7.93930539e-08 -1 -1.98441114e-07 -9.44715026e-08 -1 -1.4351626e-07 -9.45153076e-08 -1 -2.04311647e-07 -1.69319478e-07 -1 -1.46942568e-07 -0.200659469 -0.978184581 -0.053766612 -0.207738042 -0.978184581 -1.40681365e-07 -1.60028904e-07 -1 -1.82954324e-07 -1.32719606e-07 -1 -1.59724223e-07 -0.179906264 -0.978184521 -0.103869066 -0.200659469 -0.978184581 -0.053766612 -1.69319478e-07 -1 -1.46942568e-07 -1.25383266e-07 -1 -3.89838704e-08 -0.146892965 -0.978184581 -0.14689301 -0.179906264 -0.978184521 -0.103869066 -1.32719606e-07 -1 -1.59724223e-07 -1.12638226e-07 -1 -8.15481727e-08 -0.103869066 -0.978184581 -0.179906249 -0.146892965 -0.978184581 -0.14689301 -1.25383266e-07 -1 -3.89838704e-08 -1.1325757e-07 -1 -2.58883248e-09 -0.0537666604 -0.978184521 -0.200659364 -0.103869066 -0.978184581 -0.179906249 -1.12638226e-07 -1 -8.15481727e-08 -1.31356529e-07 -1 -3.23147646e-07 -1.35830263e-07 -0.978184521 -0.207737997 -0.0537666604 -0.978184521 -0.200659364 -1.1325757e-07 -1 -2.58883248e-09 -1.03807622e-07 -1 -3.03057647e-07 0.0537663661 -0.978184581 -0.200659528 -1.35830263e-07 -0.978184521 -0.207737997 -1.31356529e-07 -1 -3.23147646e-07 -1.66918298e-07 -1 -2.02090973e-07 0.103868693 -0.978184521 -0.179906368 0.0537663661 -0.978184581 -0.200659528 -1.03807622e-07 -1 -3.03057647e-07 -1.48129729e-07 -1 -1.35675066e-07 0.146892667 -0.978184521 -0.146893039 0.103868693 -0.978184521 -0.179906368 -1.66918298e-07 -1 -2.02090973e-07 -9.27133854e-08 -1 -1.78197567e-07 0.179906175 -0.978184521 -0.1038692 0.146892667 -0.978184521 -0.146893039 -1.48129729e-07 -1 -1.35675066e-07 -1.52003437e-07 -1 -2.135356e-07 0.200659335 -0.978184521 -0.0537668541 0.179906175 -0.978184521 -0.1038692 -9.27133854e-08 -1 -1.78197567e-07 -2.65864003e-07 -1 -1.78707424e-07 0.207737654 -0.978184581 -2.43766834e-07 0.200659335 -0.978184521 -0.0537668541 -1.52003437e-07 -1 -2.135356e-07 -2.3380457e-07 -1 -1.5464866e-07 0.200659201 -0.9781847 0.0537663028 0.207737654 -0.978184581 -2.43766834e-07 -2.65864003e-07 -1 -1.78707424e-07 -1.17507682e-07 -1 -1.45084925e-07 0.179906204 -0.97818464 0.10386876 0.200659201 -0.9781847 0.0537663028 -2.3380457e-07 -1 -1.5464866e-07 -1.29481052e-07 -1 -1.29480938e-07 0.146892801 -0.97818464 0.146892652 0.179906204 -0.97818464 0.10386876 -1.17507682e-07 -1 -1.45084925e-07 -1.45084968e-07 -1 -1.17507547e-07 0.103868827 -0.97818464 0.179906026 0.146892801 -0.97818464 0.146892652 -1.29481052e-07 -1 -1.29480938e-07 -1.54648831e-07 -1 -2.33804499e-07 0.0537664443 -0.9781847 0.200659037 0.103868827 -0.97818464 0.179906026 -1.45084968e-07 -1 -1.17507547e-07 -1.3298137e-07 -1 -3.87698663e-07 -4.60852796e-08 -0.97818464 0.207737654 0.0537664443 -0.9781847 0.200659037 -1.54648831e-07 -1 -2.33804499e-07 -1.10635455e-07 -1 -7.4358644e-07 -0.0537665859 -0.97818464 0.200659245 -4.60852796e-08 -0.97818464 0.207737654 -1.3298137e-07 -1 -3.87698663e-07 -1.3687584e-07 -1 -1.97071842e-07 -0.103868969 -0.978184581 0.179906189 -0.0537665859 -0.97818464 0.200659245 -1.10635455e-07 -1 -7.4358644e-07 -1.00473329e-07 -1 -1.64169165e-07 -0.14689289 -0.978184581 0.146892756 -0.103868969 -0.978184581 0.179906189 -1.3687584e-07 -1 -1.97071842e-07 -8.75875301e-08 -1 -2.06479356e-07 -0.179906324 -0.978184521 0.103868879 -0.14689289 -0.978184581 0.146892756 -1.00473329e-07 -1 -1.64169165e-07 -1.27934328e-07 -1 -2.15398799e-07 -0.20065929 -0.978184581 0.0537663624 -0.179906324 -0.978184521 0.103868879 -8.75875301e-08 -1 -2.06479356e-07 -1.60028904e-07 -1 -1.82954324e-07 -0.207738042 -0.978184581 -1.40681365e-07 -0.20065929 -0.978184581 0.0537663624 -1.27934328e-07 -1 -2.15398799e-07 0.054159794 0.998532355 1.71257028e-07 -0.207737803 0.978184521 2.59532868e-07 -0.200659171 0.9781847 -0.0537664108 0.0634466633 0.997540712 0.0297859963 0.0634466633 0.997540712 0.0297859963 -0.200659171 0.9781847 -0.0537664108 -0.179906011 0.9781847 -0.103868872 0.0782090202 0.995014846 0.0618774556 0.0782090202 0.995014846 0.0618774556 -0.179906011 0.9781847 -0.103868872 -0.146892726 0.978184581 -0.146892667 0.0832274482 0.991663575 0.0983697399 0.0832274482 0.991663575 0.0983697399 -0.146892726 0.978184581 -0.146892667 -0.10386882 0.9781847 -0.179905996 0.0785552263 0.984368563 0.157631487 0.0785552263 0.984368563 0.157631487 -0.10386882 0.9781847 -0.179905996 -0.0537663847 0.9781847 -0.200659171 0.0593612492 0.92514801 0.37493664 0.0593612492 0.92514801 0.37493664 -0.0537663847 0.9781847 -0.200659171 1.11574884e-07 0.97818464 -0.207737803 0.00604405254 0.999036372 0.0434738435 0.00604405254 0.999036372 0.0434738435 1.11574884e-07 0.97818464 -0.207737803 0.0537666269 0.978184581 -0.20065932 1.24669484e-07 1 5.16397485e-08 1.24669484e-07 1 5.16397485e-08 0.0537666269 0.978184581 -0.20065932 0.103869133 0.978184521 -0.17990607 2.3172565e-07 1 1.33786827e-07 2.3172565e-07 1 1.33786827e-07 0.103869133 0.978184521 -0.17990607 0.14689301 0.978184521 -0.146892667 1.89203121e-07 1 1.8920322e-07 1.89203121e-07 1 1.8920322e-07 0.14689301 0.978184521 -0.146892667 0.179906309 0.978184521 -0.103868887 2.70395191e-07 1 1.0211086e-07 2.70395191e-07 1 1.0211086e-07 0.179906309 0.978184521 -0.103868887 0.200659707 0.978184521 -0.0537666008 3.71361921e-07 1 3.90001205e-08 3.71361921e-07 1 3.90001205e-08 0.200659707 0.978184521 -0.0537666008 0.207738131 0.978184462 1.03085476e-07 1.65500282e-07 1 1.77732232e-07 1.65500282e-07 1 1.77732232e-07 0.207738131 0.978184462 1.03085476e-07 0.200659618 0.978184521 0.0537666529 -1.76133916e-08 1 1.33786756e-07 -1.76133916e-08 1 1.33786756e-07 0.200659618 0.978184521 0.0537666529 0.179906592 0.978184462 0.103869043 0 1 0 0 1 0 0.179906592 0.978184462 0.103869043 0.146892965 0.978184521 0.146892846 0 1 0 0 1 0 0.146892965 0.978184521 0.146892846 0.103869051 0.978184581 0.179906368 0 1 0 0 1 0 0.103869051 0.978184581 0.179906368 0.0537667722 0.978184581 0.200659513 1.33786912e-07 1 -1.76134236e-08 1.33786912e-07 1 -1.76134236e-08 0.0537667722 0.978184581 0.200659513 2.60745622e-07 0.978184521 0.207737893 0.00604405068 0.999036312 -0.043473836 0.00604405068 0.999036312 -0.043473836 2.60745622e-07 0.978184521 0.207737893 -0.0537663326 0.978184521 0.200659558 0.0593611673 0.925148249 -0.374936014 0.0593611673 0.925148249 -0.374936014 -0.0537663326 0.978184521 0.200659558 -0.103868678 0.978184521 0.179906517 0.0785553008 0.984368563 -0.157631621 0.0785553008 0.984368563 -0.157631621 -0.103868678 0.978184521 0.179906517 -0.146892622 0.978184521 0.146893173 0.0832273737 0.991663575 -0.0983698443 0.0832273737 0.991663575 -0.0983698443 -0.146892622 0.978184521 0.146893173 -0.17990613 0.978184521 0.103869207 0.078208968 0.995014966 -0.0618770421 0.078208968 0.995014966 -0.0618770421 -0.17990613 0.978184521 0.103869207 -0.200659201 0.97818464 0.0537667423 0.0634467751 0.997540712 -0.029785797 0.0634467751 0.997540712 -0.029785797 -0.200659201 0.97818464 0.0537667423 -0.207737803 0.978184521 2.59532868e-07 0.054159794 0.998532355 1.71257028e-07 -0.207738042 -0.978184581 -1.40681365e-07 -0.200659469 -0.978184581 -0.053766612 -0.608517408 -0.776608586 -0.163051739 -0.629983604 -0.776608407 -5.80767363e-08 -0.200659469 -0.978184581 -0.053766612 -0.179906264 -0.978184521 -0.103869066 -0.545581758 -0.776608527 -0.314991981 -0.608517408 -0.776608586 -0.163051739 -0.179906264 -0.978184521 -0.103869066 -0.146892965 -0.978184581 -0.14689301 -0.445465624 -0.776608407 -0.445465773 -0.545581758 -0.776608527 -0.314991981 -0.146892965 -0.978184581 -0.14689301 -0.103869066 -0.978184581 -0.179906249 -0.314991981 -0.776608527 -0.545581758 -0.445465624 -0.776608407 -0.445465773 -0.103869066 -0.978184581 -0.179906249 -0.0537666604 -0.978184521 -0.200659364 -0.163051903 -0.776608586 -0.608517408 -0.314991981 -0.776608527 -0.545581758 -0.0537666604 -0.978184521 -0.200659364 -1.35830263e-07 -0.978184521 -0.207737997 -1.06474033e-07 -0.776608586 -0.629983604 -0.163051903 -0.776608586 -0.608517408 -1.35830263e-07 -0.978184521 -0.207737997 0.0537663661 -0.978184581 -0.200659528 0.163051575 -0.776608586 -0.608517408 -1.06474033e-07 -0.776608586 -0.629983604 0.0537663661 -0.978184581 -0.200659528 0.103868693 -0.978184521 -0.179906368 0.314991504 -0.776608467 -0.545581937 0.163051575 -0.776608586 -0.608517408 0.103868693 -0.978184521 -0.179906368 0.146892667 -0.978184521 -0.146893039 0.445465416 -0.776608586 -0.445465982 0.314991504 -0.776608467 -0.545581937 0.146892667 -0.978184521 -0.146893039 0.179906175 -0.978184521 -0.1038692 0.545581639 -0.776608407 -0.314992219 0.445465416 -0.776608586 -0.445465982 0.179906175 -0.978184521 -0.1038692 0.200659335 -0.978184521 -0.0537668541 0.608517349 -0.776608407 -0.163052201 0.545581639 -0.776608407 -0.314992219 0.200659335 -0.978184521 -0.0537668541 0.207737654 -0.978184581 -2.43766834e-07 0.629983425 -0.776608527 -3.55720005e-07 0.608517349 -0.776608407 -0.163052201 0.207737654 -0.978184581 -2.43766834e-07 0.200659201 -0.9781847 0.0537663028 0.608517289 -0.776608586 0.163051531 0.629983425 -0.776608527 -3.55720005e-07 0.200659201 -0.9781847 0.0537663028 0.179906204 -0.97818464 0.10386876 0.545581758 -0.776608586 0.314991444 0.608517289 -0.776608586 0.163051531 0.179906204 -0.97818464 0.10386876 0.146892801 -0.97818464 0.146892652 0.445465684 -0.776608646 0.445465356 0.545581758 -0.776608586 0.314991444 0.146892801 -0.97818464 0.146892652 0.103868827 -0.97818464 0.179906026 0.314992011 -0.776608586 0.545581639 0.445465684 -0.776608646 0.445465356 0.103868827 -0.97818464 0.179906026 0.0537664443 -0.9781847 0.200659037 0.163052127 -0.776608527 0.608517349 0.314992011 -0.776608586 0.545581639 0.0537664443 -0.9781847 0.200659037 -4.60852796e-08 -0.97818464 0.207737654 2.03268613e-07 -0.776608586 0.629983544 0.163052127 -0.776608527 0.608517349 -4.60852796e-08 -0.97818464 0.207737654 -0.0537665859 -0.97818464 0.200659245 -0.163051739 -0.776608527 0.608517468 2.03268613e-07 -0.776608586 0.629983544 -0.0537665859 -0.97818464 0.200659245 -0.103868969 -0.978184581 0.179906189 -0.314991564 -0.776608586 0.545581937 -0.163051739 -0.776608527 0.608517468 -0.103868969 -0.978184581 0.179906189 -0.14689289 -0.978184581 0.146892756 -0.445465386 -0.776608646 0.445465773 -0.314991564 -0.776608586 0.545581937 -0.14689289 -0.978184581 0.146892756 -0.179906324 -0.978184521 0.103868879 -0.545581758 -0.776608467 0.314991981 -0.445465386 -0.776608646 0.445465773 -0.179906324 -0.978184521 0.103868879 -0.20065929 -0.978184581 0.0537663624 -0.608517289 -0.776608586 0.163051844 -0.545581758 -0.776608467 0.314991981 -0.20065929 -0.978184581 0.0537663624 -0.207738042 -0.978184581 -1.40681365e-07 -0.629983604 -0.776608407 -5.80767363e-08 -0.608517289 -0.776608586 0.163051844 -0.200659171 0.9781847 -0.0537664108 -0.207737803 0.978184521 2.59532868e-07 -0.629983604 0.776608467 3.72659059e-07 -0.60851717 0.776608765 -0.163051814 -0.179906011 0.9781847 -0.103868872 -0.200659171 0.9781847 -0.0537664108 -0.60851717 0.776608765 -0.163051814 -0.54558146 0.776608706 -0.314991921 -0.146892726 0.978184581 -0.146892667 -0.179906011 0.9781847 -0.103868872 -0.54558146 0.776608706 -0.314991921 -0.445465624 0.776608646 -0.445465386 -0.10386882 0.9781847 -0.179905996 -0.146892726 0.978184581 -0.146892667 -0.445465624 0.776608646 -0.445465386 -0.314991802 0.776608706 -0.5455814 -0.0537663847 0.9781847 -0.200659171 -0.10386882 0.9781847 -0.179905996 -0.314991802 0.776608706 -0.5455814 -0.163051754 0.776608706 -0.60851723 1.11574884e-07 0.97818464 -0.207737803 -0.0537663847 0.9781847 -0.200659171 -0.163051754 0.776608706 -0.60851723 6.53363372e-08 0.776608586 -0.629983604 0.0537666269 0.978184581 -0.20065932 1.11574884e-07 0.97818464 -0.207737803 6.53363372e-08 0.776608586 -0.629983604 0.163051814 0.776608586 -0.608517408 0.103869133 0.978184521 -0.17990607 0.0537666269 0.978184581 -0.20065932 0.163051814 0.776608586 -0.608517408 0.314991981 0.776608586 -0.545581698 0.14689301 0.978184521 -0.146892667 0.103869133 0.978184521 -0.17990607 0.314991981 0.776608586 -0.545581698 0.445465803 0.776608527 -0.445465565 0.179906309 0.978184521 -0.103868887 0.14689301 0.978184521 -0.146892667 0.445465803 0.776608527 -0.445465565 0.545581639 0.776608586 -0.314991951 0.200659707 0.978184521 -0.0537666008 0.179906309 0.978184521 -0.103868887 0.545581639 0.776608586 -0.314991951 0.608517349 0.776608467 -0.163052022 0.207738131 0.978184462 1.03085476e-07 0.200659707 0.978184521 -0.0537666008 0.608517349 0.776608467 -0.163052022 0.629983604 0.776608407 -9.43746841e-08 0.200659618 0.978184521 0.0537666529 0.207738131 0.978184462 1.03085476e-07 0.629983604 0.776608407 -9.43746841e-08 0.608517587 0.776608348 0.163051784 0.179906592 0.978184462 0.103869043 0.200659618 0.978184521 0.0537666529 0.608517587 0.776608348 0.163051784 0.545582175 0.776608169 0.314991713 0.146892965 0.978184521 0.146892846 0.179906592 0.978184462 0.103869043 0.545582175 0.776608169 0.314991713 0.445466071 0.776608288 0.445465624 0.103869051 0.978184581 0.179906368 0.146892965 0.978184521 0.146892846 0.445466071 0.776608288 0.445465624 0.31499207 0.776608288 0.545581877 0.0537667722 0.978184581 0.200659513 0.103869051 0.978184581 0.179906368 0.31499207 0.776608288 0.545581877 0.163052082 0.776608348 0.608517468 2.60745622e-07 0.978184521 0.207737893 0.0537667722 0.978184581 0.200659513 0.163052082 0.776608348 0.608517468 4.47674921e-07 0.776608407 0.629983783 -0.0537663326 0.978184521 0.200659558 2.60745622e-07 0.978184521 0.207737893 4.47674921e-07 0.776608407 0.629983783 -0.163051367 0.776608407 0.608517587 -0.103868678 0.978184521 0.179906517 -0.0537663326 0.978184521 0.200659558 -0.163051367 0.776608407 0.608517587 -0.314991474 0.776608348 0.545582116 -0.146892622 0.978184521 0.146893173 -0.103868678 0.978184521 0.179906517 -0.314991474 0.776608348 0.545582116 -0.445465237 0.776608467 0.445466161 -0.17990613 0.978184521 0.103869207 -0.146892622 0.978184521 0.146893173 -0.445465237 0.776608467 0.445466161 -0.545581639 0.776608467 0.314992368 -0.200659201 0.97818464 0.0537667423 -0.17990613 0.978184521 0.103869207 -0.545581639 0.776608467 0.314992368 -0.608517349 0.776608407 0.163052201 -0.207737803 0.978184521 2.59532868e-07 -0.200659201 0.97818464 0.0537667423 -0.608517349 0.776608407 0.163052201 -0.629983604 0.776608467 3.72659059e-07 -0.8208763 0.318667203 0.473934025 -0.670242369 0.318667233 0.670243502 -0.670242608 -0.318667382 0.670243323 -0.82087636 -0.318667144 0.473933905 -0.670242369 0.318667233 0.670243502 -0.473932892 0.318667263 0.820876837 -0.473932981 -0.318667352 0.820876837 -0.670242608 -0.318667382 0.670243323 -0.473932892 0.318667263 0.820876837 -0.245325565 0.318667144 0.915569127 -0.245325774 -0.318667322 0.915569007 -0.473932981 -0.318667352 0.820876837 -0.245325565 0.318667144 0.915569127 4.56161445e-07 0.318667084 0.947866678 4.04659318e-07 -0.318667293 0.947866619 -0.245325774 -0.318667322 0.915569007 4.56161445e-07 0.318667084 0.947866678 0.245326355 0.318667024 0.915568888 0.245326459 -0.318667173 0.915568829 4.04659318e-07 -0.318667293 0.947866619 0.245326355 0.318667024 0.915568888 0.473933667 0.318666965 0.820876539 0.473933667 -0.318667114 0.820876539 0.245326459 -0.318667173 0.915568829 0.473933667 0.318666965 0.820876539 0.670243382 0.318667024 0.670242608 0.670243323 -0.318667382 0.670242608 0.473933667 -0.318667114 0.820876539 0.670243382 0.318667024 0.670242608 0.820876837 0.318667114 0.473933041 0.820876837 -0.318667382 0.473932922 0.670243323 -0.318667382 0.670242608 0.820876837 0.318667114 0.473933041 0.915568888 0.318667263 0.245325848 0.915568888 -0.318667531 0.245325714 0.820876837 -0.318667382 0.473932922 0.915568888 0.318667263 0.245325848 0.947866619 0.318667322 -2.94297735e-07 0.947866619 -0.318667501 -3.99754413e-07 0.915568888 -0.318667531 0.245325714 0.947866619 0.318667322 -2.94297735e-07 0.915568829 0.318667263 -0.245326474 0.915568769 -0.318667352 -0.245326504 0.947866619 -0.318667501 -3.99754413e-07 0.915568829 0.318667263 -0.245326474 0.82087636 0.318667173 -0.473933727 0.82087642 -0.318667352 -0.473933816 0.915568769 -0.318667352 -0.245326504 0.82087636 0.318667173 -0.473933727 0.670242965 0.318667173 -0.670242965 0.670242667 -0.318667293 -0.670243263 0.82087642 -0.318667352 -0.473933816 0.670242965 0.318667173 -0.670242965 0.473933339 0.318667173 -0.820876598 0.47393316 -0.318667203 -0.820876837 0.670242667 -0.318667293 -0.670243263 0.473933339 0.318667173 -0.820876598 0.245325953 0.318667412 -0.915568888 0.245325819 -0.318667203 -0.915568948 0.47393316 -0.318667203 -0.820876837 0.245325953 0.318667412 -0.915568888 6.37644959e-08 0.318667322 -0.947866619 -1.96198489e-08 -0.318667114 -0.947866678 0.245325819 -0.318667203 -0.915568948 6.37644959e-08 0.318667322 -0.947866619 -0.245326042 0.318667352 -0.915568888 -0.245326072 -0.318667084 -0.915568888 -1.96198489e-08 -0.318667114 -0.947866678 -0.245326042 0.318667352 -0.915568888 -0.473933607 0.318667382 -0.82087642 -0.473933667 -0.318667084 -0.820876539 -0.245326072 -0.318667084 -0.915568888 -0.473933607 0.318667382 -0.82087642 -0.670243084 0.318667322 -0.670242846 -0.670242906 -0.318667114 -0.670243084 -0.473933667 -0.318667084 -0.820876539 -0.670243084 0.318667322 -0.670242846 -0.820876479 0.318667233 -0.473933756 -0.82087642 -0.318667203 -0.473933697 -0.670242906 -0.318667114 -0.670243084 -0.820876479 0.318667233 -0.473933756 -0.915568769 0.318667382 -0.245326102 -0.915568948 -0.318667084 -0.245325968 -0.82087642 -0.318667203 -0.473933697 -0.915568769 0.318667382 -0.245326102 -0.947866619 0.318667322 2.82035302e-07 -0.947866738 -0.318667054 1.15266609e-07 -0.915568948 -0.318667084 -0.245325968 -0.947866619 0.318667322 2.82035302e-07 -0.915568709 0.318667352 0.24532637 -0.915568888 -0.318667173 0.24532631 -0.947866738 -0.318667054 1.15266609e-07 -0.915568709 0.318667352 0.24532637 -0.8208763 0.318667203 0.473934025 -0.82087636 -0.318667144 0.473933905 -0.915568888 -0.318667173 0.24532631 -0.947866738 -0.318667054 1.15266609e-07 -0.629983604 -0.776608407 -5.80767363e-08 -0.608517408 -0.776608586 -0.163051739 -0.915568948 -0.318667084 -0.245325968 -0.915568948 -0.318667084 -0.245325968 -0.608517408 -0.776608586 -0.163051739 -0.545581758 -0.776608527 -0.314991981 -0.82087642 -0.318667203 -0.473933697 -0.82087642 -0.318667203 -0.473933697 -0.545581758 -0.776608527 -0.314991981 -0.445465624 -0.776608407 -0.445465773 -0.670242906 -0.318667114 -0.670243084 -0.670242906 -0.318667114 -0.670243084 -0.445465624 -0.776608407 -0.445465773 -0.314991981 -0.776608527 -0.545581758 -0.473933667 -0.318667084 -0.820876539 -0.473933667 -0.318667084 -0.820876539 -0.314991981 -0.776608527 -0.545581758 -0.163051903 -0.776608586 -0.608517408 -0.245326072 -0.318667084 -0.915568888 -0.245326072 -0.318667084 -0.915568888 -0.163051903 -0.776608586 -0.608517408 -1.06474033e-07 -0.776608586 -0.629983604 -1.96198489e-08 -0.318667114 -0.947866678 -1.96198489e-08 -0.318667114 -0.947866678 -1.06474033e-07 -0.776608586 -0.629983604 0.163051575 -0.776608586 -0.608517408 0.245325819 -0.318667203 -0.915568948 0.245325819 -0.318667203 -0.915568948 0.163051575 -0.776608586 -0.608517408 0.314991504 -0.776608467 -0.545581937 0.47393316 -0.318667203 -0.820876837 0.47393316 -0.318667203 -0.820876837 0.314991504 -0.776608467 -0.545581937 0.445465416 -0.776608586 -0.445465982 0.670242667 -0.318667293 -0.670243263 0.670242667 -0.318667293 -0.670243263 0.445465416 -0.776608586 -0.445465982 0.545581639 -0.776608407 -0.314992219 0.82087642 -0.318667352 -0.473933816 0.82087642 -0.318667352 -0.473933816 0.545581639 -0.776608407 -0.314992219 0.608517349 -0.776608407 -0.163052201 0.915568769 -0.318667352 -0.245326504 0.915568769 -0.318667352 -0.245326504 0.608517349 -0.776608407 -0.163052201 0.629983425 -0.776608527 -3.55720005e-07 0.947866619 -0.318667501 -3.99754413e-07 0.947866619 -0.318667501 -3.99754413e-07 0.629983425 -0.776608527 -3.55720005e-07 0.608517289 -0.776608586 0.163051531 0.915568888 -0.318667531 0.245325714 0.915568888 -0.318667531 0.245325714 0.608517289 -0.776608586 0.163051531 0.545581758 -0.776608586 0.314991444 0.820876837 -0.318667382 0.473932922 0.820876837 -0.318667382 0.473932922 0.545581758 -0.776608586 0.314991444 0.445465684 -0.776608646 0.445465356 0.670243323 -0.318667382 0.670242608 0.670243323 -0.318667382 0.670242608 0.445465684 -0.776608646 0.445465356 0.314992011 -0.776608586 0.545581639 0.473933667 -0.318667114 0.820876539 0.473933667 -0.318667114 0.820876539 0.314992011 -0.776608586 0.545581639 0.163052127 -0.776608527 0.608517349 0.245326459 -0.318667173 0.915568829 0.245326459 -0.318667173 0.915568829 0.163052127 -0.776608527 0.608517349 2.03268613e-07 -0.776608586 0.629983544 4.04659318e-07 -0.318667293 0.947866619 4.04659318e-07 -0.318667293 0.947866619 2.03268613e-07 -0.776608586 0.629983544 -0.163051739 -0.776608527 0.608517468 -0.245325774 -0.318667322 0.915569007 -0.245325774 -0.318667322 0.915569007 -0.163051739 -0.776608527 0.608517468 -0.314991564 -0.776608586 0.545581937 -0.473932981 -0.318667352 0.820876837 -0.473932981 -0.318667352 0.820876837 -0.314991564 -0.776608586 0.545581937 -0.445465386 -0.776608646 0.445465773 -0.670242608 -0.318667382 0.670243323 -0.670242608 -0.318667382 0.670243323 -0.445465386 -0.776608646 0.445465773 -0.545581758 -0.776608467 0.314991981 -0.82087636 -0.318667144 0.473933905 -0.82087636 -0.318667144 0.473933905 -0.545581758 -0.776608467 0.314991981 -0.608517289 -0.776608586 0.163051844 -0.915568888 -0.318667173 0.24532631 -0.915568888 -0.318667173 0.24532631 -0.608517289 -0.776608586 0.163051844 -0.629983604 -0.776608407 -5.80767363e-08 -0.947866738 -0.318667054 1.15266609e-07 -0.915568769 0.318667382 -0.245326102 -0.60851717 0.776608765 -0.163051814 -0.629983604 0.776608467 3.72659059e-07 -0.947866619 0.318667322 2.82035302e-07 -0.820876479 0.318667233 -0.473933756 -0.54558146 0.776608706 -0.314991921 -0.60851717 0.776608765 -0.163051814 -0.915568769 0.318667382 -0.245326102 -0.670243084 0.318667322 -0.670242846 -0.445465624 0.776608646 -0.445465386 -0.54558146 0.776608706 -0.314991921 -0.820876479 0.318667233 -0.473933756 -0.473933607 0.318667382 -0.82087642 -0.314991802 0.776608706 -0.5455814 -0.445465624 0.776608646 -0.445465386 -0.670243084 0.318667322 -0.670242846 -0.245326042 0.318667352 -0.915568888 -0.163051754 0.776608706 -0.60851723 -0.314991802 0.776608706 -0.5455814 -0.473933607 0.318667382 -0.82087642 6.37644959e-08 0.318667322 -0.947866619 6.53363372e-08 0.776608586 -0.629983604 -0.163051754 0.776608706 -0.60851723 -0.245326042 0.318667352 -0.915568888 0.245325953 0.318667412 -0.915568888 0.163051814 0.776608586 -0.608517408 6.53363372e-08 0.776608586 -0.629983604 6.37644959e-08 0.318667322 -0.947866619 0.473933339 0.318667173 -0.820876598 0.314991981 0.776608586 -0.545581698 0.163051814 0.776608586 -0.608517408 0.245325953 0.318667412 -0.915568888 0.670242965 0.318667173 -0.670242965 0.445465803 0.776608527 -0.445465565 0.314991981 0.776608586 -0.545581698 0.473933339 0.318667173 -0.820876598 0.82087636 0.318667173 -0.473933727 0.545581639 0.776608586 -0.314991951 0.445465803 0.776608527 -0.445465565 0.670242965 0.318667173 -0.670242965 0.915568829 0.318667263 -0.245326474 0.608517349 0.776608467 -0.163052022 0.545581639 0.776608586 -0.314991951 0.82087636 0.318667173 -0.473933727 0.947866619 0.318667322 -2.94297735e-07 0.629983604 0.776608407 -9.43746841e-08 0.608517349 0.776608467 -0.163052022 0.915568829 0.318667263 -0.245326474 0.915568888 0.318667263 0.245325848 0.608517587 0.776608348 0.163051784 0.629983604 0.776608407 -9.43746841e-08 0.947866619 0.318667322 -2.94297735e-07 0.820876837 0.318667114 0.473933041 0.545582175 0.776608169 0.314991713 0.608517587 0.776608348 0.163051784 0.915568888 0.318667263 0.245325848 0.670243382 0.318667024 0.670242608 0.445466071 0.776608288 0.445465624 0.545582175 0.776608169 0.314991713 0.820876837 0.318667114 0.473933041 0.473933667 0.318666965 0.820876539 0.31499207 0.776608288 0.545581877 0.445466071 0.776608288 0.445465624 0.670243382 0.318667024 0.670242608 0.245326355 0.318667024 0.915568888 0.163052082 0.776608348 0.608517468 0.31499207 0.776608288 0.545581877 0.473933667 0.318666965 0.820876539 4.56161445e-07 0.318667084 0.947866678 4.47674921e-07 0.776608407 0.629983783 0.163052082 0.776608348 0.608517468 0.245326355 0.318667024 0.915568888 -0.245325565 0.318667144 0.915569127 -0.163051367 0.776608407 0.608517587 4.47674921e-07 0.776608407 0.629983783 4.56161445e-07 0.318667084 0.947866678 -0.473932892 0.318667263 0.820876837 -0.314991474 0.776608348 0.545582116 -0.163051367 0.776608407 0.608517587 -0.245325565 0.318667144 0.915569127 -0.670242369 0.318667233 0.670243502 -0.445465237 0.776608467 0.445466161 -0.314991474 0.776608348 0.545582116 -0.473932892 0.318667263 0.820876837 -0.8208763 0.318667203 0.473934025 -0.545581639 0.776608467 0.314992368 -0.445465237 0.776608467 0.445466161 -0.670242369 0.318667233 0.670243502 -0.915568709 0.318667352 0.24532637 -0.608517349 0.776608407 0.163052201 -0.545581639 0.776608467 0.314992368 -0.8208763 0.318667203 0.473934025 -0.947866619 0.318667322 2.82035302e-07 -0.629983604 0.776608467 3.72659059e-07 -0.608517349 0.776608407 0.163052201 -0.915568709 0.318667352 0.24532637</float_array>
          <technique_common>
            <accessor count="1080" offset="0" source="#Cylinder001-normals-array" stride="3">
              <param name="X" type="float" />
              <param name="Y" type="float" />
              <param name="Z" type="float" />
            </accessor>
          </technique_common>
        </source>
        <source id="Cylinder001-tex0" name="Cylinder001-tex0">
          <float_array id="Cylinder001-tex0-array" count="2160"> 0.75 0 0.75 1 0.791666627 1 0.791666627 0 0.791666627 0 0.791666627 1 0.833333313 1 0.833333313 0 0.833333313 0 0.833333313 1 0.875 1 0.875 0 0.875 0 0.875 1 0.916666687 1 0.916666687 0 0.916666687 0 0.916666687 1 0.958333313 1 0.958333313 0 0.958333313 0 0.958333313 1 0.99999994 1 0.99999994 0 -5.96046448e-08 0 -5.96046448e-08 1 0.0416666567 1 0.0416666567 0 0.0416666567 0 0.0416666567 1 0.0833333135 1 0.0833333135 0 0.0833333135 0 0.0833333135 1 0.12499997 1 0.12499997 0 0.12499997 0 0.12499997 1 0.166666627 1 0.166666627 0 0.166666627 0 0.166666627 1 0.208333284 1 0.208333284 0 0.208333284 0 0.208333284 1 0.24999994 1 0.24999994 0 0.24999994 0 0.24999994 1 0.291666597 1 0.291666597 0 0.291666597 0 0.291666597 1 0.333333254 1 0.333333254 0 0.333333254 0 0.333333254 1 0.374999911 1 0.374999911 0 0.374999911 0 0.374999911 1 0.416666597 1 0.416666597 0 0.416666597 0 0.416666597 1 0.458333254 1 0.458333254 0 0.458333254 0 0.458333254 1 0.499999911 1 0.499999911 0 0.499999911 0 0.499999911 1 0.541666567 1 0.541666567 0 0.541666567 0 0.541666567 1 0.583333254 1 0.583333254 0 0.583333254 0 0.583333254 1 0.624999881 1 0.624999881 0 0.624999881 0 0.624999881 1 0.666666508 1 0.666666508 0 0.666666508 0 0.666666508 1 0.708333254 1 0.708333254 0 0.708333254 0 0.708333254 1 0.75 1 0.75 0 0.75 0 0.75 0 0.791666627 0 0.791666627 0 0.791666627 0 0.791666627 0 0.833333313 0 0.833333313 0 0.833333313 0 0.833333313 0 0.875 0 0.875 0 0.875 0 0.875 0 0.916666687 0 0.916666687 0 0.916666687 0 0.916666687 0 0.958333313 0 0.958333313 0 0.958333313 0 0.958333313 0 0.99999994 0 0.99999994 0 0.99999994 0 0.99999994 0 0.99999994 1 0.99999994 1 0.958333313 1 0.99999994 1 0.99999994 1 0.958333313 1 0.916666687 1 0.958333313 1 0.958333313 1 0.916666687 1 0.875 1 0.916666687 1 0.916666687 1 0.875 1 0.833333313 1 0.875 1 0.875 1 0.833333313 1 0.791666627 1 0.833333313 1 0.833333313 1 0.791666627 1 0.75 1 0.791666627 1 0.791666627 1 0.75 1 0.75 1 0.75 1 0.708333254 1 0.708333254 1 0.708333254 1 0.708333254 1 0.666666508 1 0.666666508 1 0.666666508 1 0.666666508 1 0.624999881 1 0.624999881 1 0.624999881 1 0.624999881 1 0.583333254 1 0.583333254 1 0.583333254 1 0.583333254 1 0.541666567 1 0.541666567 1 0.541666567 1 0.541666567 1 0.499999911 1 0.499999911 1 0.499999911 0 0.499999911 1 0.499999911 1 0.499999911 0 0.541666567 0 0.499999911 0 0.499999911 0 0.541666567 0 0.583333254 0 0.541666567 0 0.541666567 0 0.583333254 0 0.624999881 0 0.583333254 0 0.583333254 0 0.624999881 0 0.666666508 0 0.624999881 0 0.624999881 0 0.666666508 0 0.708333254 0 0.666666508 0 0.666666508 0 0.708333254 0 0.75 0 0.708333254 0 0.708333254 0 0.75 0 0.791666627 0 0.791666627 0 0.75 0 0.75 0 0.833333313 0 0.833333313 0 0.791666627 0 0.791666627 0 0.875 0 0.875 0 0.833333313 0 0.833333313 0 0.916666687 0 0.916666687 0 0.875 0 0.875 0 0.958333313 0 0.958333313 0 0.916666687 0 0.916666687 0 0.99999994 0 0.99999994 0 0.958333313 0 0.958333313 0 0.99999994 1 0.99999994 1 0.99999994 0 0.99999994 0 0.958333313 1 0.99999994 1 0.99999994 1 0.958333313 1 0.916666687 1 0.958333313 1 0.958333313 1 0.916666687 1 0.875 1 0.916666687 1 0.916666687 1 0.875 1 0.833333313 1 0.875 1 0.875 1 0.833333313 1 0.791666627 1 0.833333313 1 0.833333313 1 0.791666627 1 0.75 1 0.791666627 1 0.791666627 1 0.75 1 0.708333254 1 0.708333254 1 0.75 1 0.75 1 0.666666508 1 0.666666508 1 0.708333254 1 0.708333254 1 0.624999881 1 0.624999881 1 0.666666508 1 0.666666508 1 0.583333254 1 0.583333254 1 0.624999881 1 0.624999881 1 0.541666567 1 0.541666567 1 0.583333254 1 0.583333254 1 0.499999911 1 0.499999911 1 0.541666567 1 0.541666567 1 0.499999911 0 0.499999911 0 0.499999911 1 0.499999911 1 0.541666567 0 0.499999911 0 0.499999911 0 0.541666567 0 0.583333254 0 0.541666567 0 0.541666567 0 0.583333254 0 0.624999881 0 0.583333254 0 0.583333254 0 0.624999881 0 0.666666508 0 0.624999881 0 0.624999881 0 0.666666508 0 0.708333254 0 0.666666508 0 0.666666508 0 0.708333254 0 0.75 0 0.708333254 0 0.708333254 0 0.75 0 0.791666627 0 0.791666627 0 0.75 0 0.75 0 0.833333313 0 0.833333313 0 0.791666627 0 0.791666627 0 0.875 0 0.875 0 0.833333313 0 0.833333313 0 0.916666687 0 0.916666687 0 0.875 0 0.875 0 0.958333313 0 0.958333313 0 0.916666687 0 0.916666687 0 0.99999994 0 0.99999994 0 0.958333313 0 0.958333313 0 0.99999994 1 0.99999994 1 0.99999994 0 0.99999994 0 0.958333313 1 0.99999994 1 0.99999994 1 0.958333313 1 0.916666687 1 0.958333313 1 0.958333313 1 0.916666687 1 0.875 1 0.916666687 1 0.916666687 1 0.875 1 0.833333313 1 0.875 1 0.875 1 0.833333313 1 0.791666627 1 0.833333313 1 0.833333313 1 0.791666627 1 0.75 1 0.791666627 1 0.791666627 1 0.75 1 0.708333254 1 0.708333254 1 0.75 1 0.75 1 0.666666508 1 0.666666508 1 0.708333254 1 0.708333254 1 0.624999881 1 0.624999881 1 0.666666508 1 0.666666508 1 0.583333254 1 0.583333254 1 0.624999881 1 0.624999881 1 0.541666567 1 0.541666567 1 0.583333254 1 0.583333254 1 0.499999911 1 0.499999911 1 0.541666567 1 0.541666567 1 0.499999911 0 0.499999911 1 0.499999911 1 0.499999911 0 0.541666567 0 0.499999911 0 0.499999911 0 0.541666567 0 0.583333254 0 0.541666567 0 0.541666567 0 0.583333254 0 0.624999881 0 0.583333254 0 0.583333254 0 0.624999881 0 0.666666508 0 0.624999881 0 0.624999881 0 0.666666508 0 0.708333254 0 0.666666508 0 0.666666508 0 0.708333254 0 0.75 0 0.708333254 0 0.708333254 0 0.75 0 0.791666627 0 0.791666627 0 0.75 0 0.75 0 0.833333313 0 0.833333313 0 0.791666627 0 0.791666627 0 0.875 0 0.875 0 0.833333313 0 0.833333313 0 0.916666687 0 0.916666687 0 0.875 0 0.875 0 0.958333313 0 0.958333313 0 0.916666687 0 0.916666687 0 0.99999994 0 0.99999994 0 0.958333313 0 0.958333313 0 0.0416666567 0 0.0416666567 0 -5.96046448e-08 0 -5.96046448e-08 0 0.0833333135 0 0.0833333135 0 0.0416666567 0 0.0416666567 0 0.12499997 0 0.12499997 0 0.0833333135 0 0.0833333135 0 0.166666627 0 0.166666627 0 0.12499997 0 0.12499997 0 0.208333284 0 0.208333284 0 0.166666627 0 0.166666627 0 0.24999994 0 0.24999994 0 0.208333284 0 0.208333284 0 0.291666597 0 0.291666597 0 0.24999994 0 0.24999994 0 0.333333254 0 0.333333254 0 0.291666597 0 0.291666597 0 0.374999911 0 0.374999911 0 0.333333254 0 0.333333254 0 0.416666597 0 0.416666597 0 0.374999911 0 0.374999911 0 0.458333254 0 0.458333254 0 0.416666597 0 0.416666597 0 0.499999911 0 0.499999911 0 0.458333254 0 0.458333254 0 0.541666567 0 0.541666567 0 0.499999911 0 0.499999911 0 0.583333254 0 0.583333254 0 0.541666567 0 0.541666567 0 0.624999881 0 0.624999881 0 0.583333254 0 0.583333254 0 0.666666508 0 0.666666508 0 0.624999881 0 0.624999881 0 0.708333254 0 0.708333254 0 0.666666508 0 0.666666508 0 0.75 0 0.75 0 0.708333254 0 0.708333254 0 0.75 1 0.75 1 0.791666627 1 0.791666627 1 0.791666627 1 0.791666627 1 0.833333313 1 0.833333313 1 0.833333313 1 0.833333313 1 0.875 1 0.875 1 0.875 1 0.875 1 0.916666687 1 0.916666687 1 0.916666687 1 0.916666687 1 0.958333313 1 0.958333313 1 0.958333313 1 0.958333313 1 0.99999994 1 0.99999994 1 -5.96046448e-08 1 -5.96046448e-08 1 0.0416666567 1 0.0416666567 1 0.0416666567 1 0.0416666567 1 0.0833333135 1 0.0833333135 1 0.0833333135 1 0.0833333135 1 0.12499997 1 0.12499997 1 0.12499997 1 0.12499997 1 0.166666627 1 0.166666627 1 0.166666627 1 0.166666627 1 0.208333284 1 0.208333284 1 0.208333284 1 0.208333284 1 0.24999994 1 0.24999994 1 0.24999994 1 0.24999994 1 0.291666597 1 0.291666597 1 0.291666597 1 0.291666597 1 0.333333254 1 0.333333254 1 0.333333254 1 0.333333254 1 0.374999911 1 0.374999911 1 0.374999911 1 0.374999911 1 0.416666597 1 0.416666597 1 0.416666597 1 0.416666597 1 0.458333254 1 0.458333254 1 0.458333254 1 0.458333254 1 0.499999911 1 0.499999911 1 0.499999911 1 0.499999911 1 0.541666567 1 0.541666567 1 0.541666567 1 0.541666567 1 0.583333254 1 0.583333254 1 0.583333254 1 0.583333254 1 0.624999881 1 0.624999881 1 0.624999881 1 0.624999881 1 0.666666508 1 0.666666508 1 0.666666508 1 0.666666508 1 0.708333254 1 0.708333254 1 0.708333254 1 0.708333254 1 0.75 1 0.75 1 0.75 0 0.791666627 0 0.791666627 0 0.75 0 0.791666627 0 0.833333313 0 0.833333313 0 0.791666627 0 0.833333313 0 0.875 0 0.875 0 0.833333313 0 0.875 0 0.916666687 0 0.916666687 0 0.875 0 0.916666687 0 0.958333313 0 0.958333313 0 0.916666687 0 0.958333313 0 0.99999994 0 0.99999994 0 0.958333313 0 -5.96046448e-08 0 0.0416666567 0 0.0416666567 0 -5.96046448e-08 0 0.0416666567 0 0.0833333135 0 0.0833333135 0 0.0416666567 0 0.0833333135 0 0.12499997 0 0.12499997 0 0.0833333135 0 0.12499997 0 0.166666627 0 0.166666627 0 0.12499997 0 0.166666627 0 0.208333284 0 0.208333284 0 0.166666627 0 0.208333284 0 0.24999994 0 0.24999994 0 0.208333284 0 0.24999994 0 0.291666597 0 0.291666597 0 0.24999994 0 0.291666597 0 0.333333254 0 0.333333254 0 0.291666597 0 0.333333254 0 0.374999911 0 0.374999911 0 0.333333254 0 0.374999911 0 0.416666597 0 0.416666597 0 0.374999911 0 0.416666597 0 0.458333254 0 0.458333254 0 0.416666597 0 0.458333254 0 0.499999911 0 0.499999911 0 0.458333254 0 0.499999911 0 0.541666567 0 0.541666567 0 0.499999911 0 0.541666567 0 0.583333254 0 0.583333254 0 0.541666567 0 0.583333254 0 0.624999881 0 0.624999881 0 0.583333254 0 0.624999881 0 0.666666508 0 0.666666508 0 0.624999881 0 0.666666508 0 0.708333254 0 0.708333254 0 0.666666508 0 0.708333254 0 0.75 0 0.75 0 0.708333254 0 0.791666627 1 0.75 1 0.75 1 0.791666627 1 0.833333313 1 0.791666627 1 0.791666627 1 0.833333313 1 0.875 1 0.833333313 1 0.833333313 1 0.875 1 0.916666687 1 0.875 1 0.875 1 0.916666687 1 0.958333313 1 0.916666687 1 0.916666687 1 0.958333313 1 0.99999994 1 0.958333313 1 0.958333313 1 0.99999994 1 0.0416666567 1 -5.96046448e-08 1 -5.96046448e-08 1 0.0416666567 1 0.0833333135 1 0.0416666567 1 0.0416666567 1 0.0833333135 1 0.12499997 1 0.0833333135 1 0.0833333135 1 0.12499997 1 0.166666627 1 0.12499997 1 0.12499997 1 0.166666627 1 0.208333284 1 0.166666627 1 0.166666627 1 0.208333284 1 0.24999994 1 0.208333284 1 0.208333284 1 0.24999994 1 0.291666597 1 0.24999994 1 0.24999994 1 0.291666597 1 0.333333254 1 0.291666597 1 0.291666597 1 0.333333254 1 0.374999911 1 0.333333254 1 0.333333254 1 0.374999911 1 0.416666597 1 0.374999911 1 0.374999911 1 0.416666597 1 0.458333254 1 0.416666597 1 0.416666597 1 0.458333254 1 0.499999911 1 0.458333254 1 0.458333254 1 0.499999911 1 0.541666567 1 0.499999911 1 0.499999911 1 0.541666567 1 0.583333254 1 0.541666567 1 0.541666567 1 0.583333254 1 0.624999881 1 0.583333254 1 0.583333254 1 0.624999881 1 0.666666508 1 0.624999881 1 0.624999881 1 0.666666508 1 0.708333254 1 0.666666508 1 0.666666508 1 0.708333254 1 0.75 1 0.708333254 1 0.708333254 1 0.75 1 0.374999911 0 0.333333254 0 0.374999911 1 0.416666597 1 0.333333254 0 0.291666597 0 0.333333254 1 0.374999911 1 0.291666597 0 0.24999994 0 0.291666597 1 0.333333254 1 0.24999994 0 0.208333284 0 0.24999994 1 0.291666597 1 0.208333284 0 0.166666627 0 0.208333284 1 0.24999994 1 0.166666627 0 0.12499997 0 0.166666627 1 0.208333284 1 0.12499997 0 0.0833333135 0 0.12499997 1 0.166666627 1 0.0833333135 0 0.0416666567 0 0.0833333135 1 0.12499997 1 0.0416666567 0 -5.96046448e-08 0 -5.96046448e-08 1 0.0833333135 1 -5.96046448e-08 0 0.99999994 0 0.0416666567 1 -5.96046448e-08 1 0.99999994 0 0.958333313 0 0.99999994 1 0.0416666567 1 0.958333313 0 0.916666687 0 0.958333313 1 0.99999994 1 0.916666687 0 0.875 0 0.916666687 1 0.958333313 1 0.875 0 0.833333313 0 0.875 1 0.916666687 1 0.833333313 0 0.791666627 0 0.833333313 1 0.875 1 0.791666627 0 0.75 0 0.75 1 0.833333313 1 0.75 0 0.708333254 1 0.791666627 1 0.75 1 0.708333254 1 0.666666508 1 0.708333254 0 0.791666627 1 0.666666508 1 0.624999881 1 0.666666508 0 0.708333254 0 0.624999881 1 0.583333254 1 0.624999881 0 0.666666508 0 0.583333254 1 0.541666567 1 0.583333254 0 0.624999881 0 0.541666567 1 0.499999911 1 0.541666567 0 0.583333254 0 0.499999911 1 0.416666597 0 0.458333254 1 0.541666567 0 0.416666597 0 0.374999911 0 0.416666597 1 0.458333254 1 0.75 0 0.75 0 0.791666627 0 0.791666627 0 0.791666627 0 0.791666627 0 0.833333313 0 0.833333313 0 0.833333313 0 0.833333313 0 0.875 0 0.875 0 0.875 0 0.875 0 0.916666687 0 0.916666687 0 0.916666687 0 0.916666687 0 0.958333313 0 0.958333313 0 0.958333313 0 0.958333313 0 0.99999994 0 0.99999994 0 -5.96046448e-08 0 -5.96046448e-08 0 0.0416666567 0 0.0416666567 0 0.0416666567 0 0.0416666567 0 0.0833333135 0 0.0833333135 0 0.0833333135 0 0.0833333135 0 0.12499997 0 0.12499997 0 0.12499997 0 0.12499997 0 0.166666627 0 0.166666627 0 0.166666627 0 0.166666627 0 0.208333284 0 0.208333284 0 0.208333284 0 0.208333284 0 0.24999994 0 0.24999994 0 0.24999994 0 0.24999994 0 0.291666597 0 0.291666597 0 0.291666597 0 0.291666597 0 0.333333254 0 0.333333254 0 0.333333254 0 0.333333254 0 0.374999911 0 0.374999911 0 0.374999911 0 0.374999911 0 0.416666597 0 0.416666597 0 0.416666597 0 0.416666597 0 0.458333254 0 0.458333254 0 0.458333254 0 0.458333254 0 0.499999911 0 0.499999911 0 0.499999911 0 0.499999911 0 0.541666567 0 0.541666567 0 0.541666567 0 0.541666567 0 0.583333254 0 0.583333254 0 0.583333254 0 0.583333254 0 0.624999881 0 0.624999881 0 0.624999881 0 0.624999881 0 0.666666508 0 0.666666508 0 0.666666508 0 0.666666508 0 0.708333254 0 0.708333254 0 0.708333254 0 0.708333254 0 0.75 0 0.75 0 0.791666627 1 0.791666627 1 0.75 1 0.75 1 0.833333313 1 0.833333313 1 0.791666627 1 0.791666627 1 0.875 1 0.875 1 0.833333313 1 0.833333313 1 0.916666687 1 0.916666687 1 0.875 1 0.875 1 0.958333313 1 0.958333313 1 0.916666687 1 0.916666687 1 0.99999994 1 0.99999994 1 0.958333313 1 0.958333313 1 0.0416666567 1 0.0416666567 1 -5.96046448e-08 1 -5.96046448e-08 1 0.0833333135 1 0.0833333135 1 0.0416666567 1 0.0416666567 1 0.12499997 1 0.12499997 1 0.0833333135 1 0.0833333135 1 0.166666627 1 0.166666627 1 0.12499997 1 0.12499997 1 0.208333284 1 0.208333284 1 0.166666627 1 0.166666627 1 0.24999994 1 0.24999994 1 0.208333284 1 0.208333284 1 0.291666597 1 0.291666597 1 0.24999994 1 0.24999994 1 0.333333254 1 0.333333254 1 0.291666597 1 0.291666597 1 0.374999911 1 0.374999911 1 0.333333254 1 0.333333254 1 0.416666597 1 0.416666597 1 0.374999911 1 0.374999911 1 0.458333254 1 0.458333254 1 0.416666597 1 0.416666597 1 0.499999911 1 0.499999911 1 0.458333254 1 0.458333254 1 0.541666567 1 0.541666567 1 0.499999911 1 0.499999911 1 0.583333254 1 0.583333254 1 0.541666567 1 0.541666567 1 0.624999881 1 0.624999881 1 0.583333254 1 0.583333254 1 0.666666508 1 0.666666508 1 0.624999881 1 0.624999881 1 0.708333254 1 0.708333254 1 0.666666508 1 0.666666508 1 0.75 1 0.75 1 0.708333254 1 0.708333254 1 </float_array>
          <technique_common>
            <accessor count="1080" offset="0" source="#Cylinder001-tex0-array" stride="2">
              <param name="S" type="float" />
              <param name="T" type="float" />
            </accessor>
          </technique_common>
        </source>
        <vertices id="Cylinder001-vertices">
          <input semantic="POSITION" source="#Cylinder001-positions" />
        </vertices>
        <polylist count="270" material="defaultMaterial">
          <input offset="0" semantic="VERTEX" source="#Cylinder001-vertices" />
          <input offset="0" semantic="NORMAL" source="#Cylinder001-normals" />
          <input offset="0" semantic="TEXCOORD" source="#Cylinder001-tex0" set="0" />
          <vcount>4 4 4 4 4 4 4 4 4 4 4 4 4 4 4 4 4 4 4 4 4 4 4 4 4 4 4 4 4 4 4 4 4 4 4 4 4 4 4 4 4 4 4 4 4 4 4 4 4 4 4 4 4 4 4 4 4 4 4 4 4 4 4 4 4 4 4 4 4 4 4 4 4 4 4 4 4 4 4 4 4 4 4 4 4 4 4 4 4 4 4 4 4 4 4 4 4 4 4 4 4 4 4 4 4 4 4 4 4 4 4 4 4 4 4 4 4 4 4 4 4 4 4 4 4 4 4 4 4 4 4 4 4 4 4 4 4 4 4 4 4 4 4 4 4 4 4 4 4 4 4 4 4 4 4 4 4 4 4 4 4 4 4 4 4 4 4 4 4 4 4 4 4 4 4 4 4 4 4 4 4 4 4 4 4 4 4 4 4 4 4 4 4 4 4 4 4 4 4 4 4 4 4 4 4 4 4 4 4 4 4 4 4 4 4 4 4 4 4 4 4 4 4 4 4 4 4 4 4 4 4 4 4 4 4 4 4 4 4 4 4 4 4 4 4 4 4 4 4 4 4 4 4 4 4 4 4 4 4 4 4 4 4 4 4 4 4 4 4 4 </vcount>
          <p>0 1 2 3 4 5 6 7 8 9 10 11 12 13 14 15 16 17 18 19 20 21 22 23 24 25 26 27 28 29 30 31 32 33 34 35 36 37 38 39 40 41 42 43 44 45 46 47 48 49 50 51 52 53 54 55 56 57 58 59 60 61 62 63 64 65 66 67 68 69 70 71 72 73 74 75 76 77 78 79 80 81 82 83 84 85 86 87 88 89 90 91 92 93 94 95 96 97 98 99 100 101 102 103 104 105 106 107 108 109 110 111 112 113 114 115 116 117 118 119 120 121 122 123 124 125 126 127 128 129 130 131 132 133 134 135 136 137 138 139 140 141 142 143 144 145 146 147 148 149 150 151 152 153 154 155 156 157 158 159 160 161 162 163 164 165 166 167 168 169 170 171 172 173 174 175 176 177 178 179 180 181 182 183 184 185 186 187 188 189 190 191 192 193 194 195 196 197 198 199 200 201 202 203 204 205 206 207 208 209 210 211 212 213 214 215 216 217 218 219 220 221 222 223 224 225 226 227 228 229 230 231 232 233 234 235 236 237 238 239 240 241 242 243 244 245 246 247 248 249 250 251 252 253 254 255 256 257 258 259 260 261 262 263 264 265 266 267 268 269 270 271 272 273 274 275 276 277 278 279 280 281 282 283 284 285 286 287 288 289 290 291 292 293 294 295 296 297 298 299 300 301 302 303 304 305 306 307 308 309 310 311 312 313 314 315 316 317 318 319 320 321 322 323 324 325 326 327 328 329 330 331 332 333 334 335 336 337 338 339 340 341 342 343 344 345 346 347 348 349 350 351 352 353 354 355 356 357 358 359 360 361 362 363 364 365 366 367 368 369 370 371 372 373 374 375 376 377 378 379 380 381 382 383 384 385 386 387 388 389 390 391 392 393 394 395 396 397 398 399 400 401 402 403 404 405 406 407 408 409 410 411 412 413 414 415 416 417 418 419 420 421 422 423 424 425 426 427 428 429 430 431 432 433 434 435 436 437 438 439 440 441 442 443 444 445 446 447 448 449 450 451 452 453 454 455 456 457 458 459 460 461 462 463 464 465 466 467 468 469 470 471 472 473 474 475 476 477 478 479 480 481 482 483 484 485 486 487 488 489 490 491 492 493 494 495 496 497 498 499 500 501 502 503 504 505 506 507 508 509 510 511 512 513 514 515 516 517 518 519 520 521 522 523 524 525 526 527 528 529 530 531 532 533 534 535 536 537 538 539 540 541 542 543 544 545 546 547 548 549 550 551 552 553 554 555 556 557 558 559 560 561 562 563 564 565 566 567 568 569 570 571 572 573 574 575 576 577 578 579 580 581 582 583 584 585 586 587 588 589 590 591 592 593 594 595 596 597 598 599 600 601 602 603 604 605 606 607 608 609 610 611 612 613 614 615 616 617 618 619 620 621 622 623 624 625 626 627 628 629 630 631 632 633 634 635 636 637 638 639 640 641 642 643 644 645 646 647 648 649 650 651 652 653 654 655 656 657 658 659 660 661 662 663 664 665 666 667 668 669 670 671 672 673 674 675 676 677 678 679 680 681 682 683 684 685 686 687 688 689 690 691 692 693 694 695 696 697 698 699 700 701 702 703 704 705 706 707 708 709 710 711 712 713 714 715 716 717 718 719 720 721 722 723 724 725 726 727 728 729 730 731 732 733 734 735 736 737 738 739 740 741 742 743 744 745 746 747 748 749 750 751 752 753 754 755 756 757 758 759 760 761 762 763 764 765 766 767 768 769 770 771 772 773 774 775 776 777 778 779 780 781 782 783 784 785 786 787 788 789 790 791 792 793 794 795 796 797 798 799 800 801 802 803 804 805 806 807 808 809 810 811 812 813 814 815 816 817 818 819 820 821 822 823 824 825 826 827 828 829 830 831 832 833 834 835 836 837 838 839 840 841 842 843 844 845 846 847 848 849 850 851 852 853 854 855 856 857 858 859 860 861 862 863 864 865 866 867 868 869 870 871 872 873 874 875 876 877 878 879 880 881 882 883 884 885 886 887 888 889 890 891 892 893 894 895 896 897 898 899 900 901 902 903 904 905 906 907 908 909 910 911 912 913 914 915 916 917 918 919 920 921 922 923 924 925 926 927 928 929 930 931 932 933 934 935 936 937 938 939 940 941 942 943 944 945 946 947 948 949 950 951 952 953 954 955 956 957 958 959 960 961 962 963 964 965 966 967 968 969 970 971 972 973 974 975 976 977 978 979 980 981 982 983 984 985 986 987 988 989 990 991 992 993 994 995 996 997 998 999 1000 1001 1002 1003 1004 1005 1006 1007 1008 1009 1010 1011 1012 1013 1014 1015 1016 1017 1018 1019 1020 1021 1022 1023 1024 1025 1026 1027 1028 1029 1030 1031 1032 1033 1034 1035 1036 1037 1038 1039 1040 1041 1042 1043 1044 1045 1046 1047 1048 1049 1050 1051 1052 1053 1054 1055 1056 1057 1058 1059 1060 1061 1062 1063 1064 1065 1066 1067 1068 1069 1070 1071 1072 1073 1074 1075 1076 1077 1078 1079 </p>
        </polylist>
      </mesh>
    </geometry>
  </library_geometries>
  <library_controllers>
  </library_controllers>
  <library_visual_scenes>
    <visual_scene id="Scene" name="Scene">
      <node id="RootNode" name="RootNode" type="NODE">
        <matrix sid="matrix">1 0 0 0 0 1 0 0 0 0 1 0 0 0 0 1</matrix>
        <instance_geometry url="#Cylinder001">
          <bind_material>
            <technique_common>
              <instance_material symbol="defaultMaterial" target="#Material-YVFb1q__2_.040">
                <bind_vertex_input semantic="CHANNEL0" input_semantic="TEXCOORD" input_set="0"/>
              </instance_material>
            </technique_common>
          </bind_material>
        </instance_geometry>
      </node>
    </visual_scene>
  </library_visual_scenes>
  <scene>
    <instance_visual_scene url="#Scene" />
  </scene>
</COLLADA>
