<?xml version="1.0" encoding="utf-8"?>
<COLLADA xmlns="http://www.collada.org/2005/11/COLLADASchema" version="1.4.1">
  <asset>
    <contributor>
      <author/>
      <authoring_tool>FBX COLLADA exporter</authoring_tool>
      <comments/>
    </contributor>
    <created>2026-06-09T09:22:35Z</created>
    <keywords/>
    <modified>2026-06-09T09:22:35Z</modified>
    <revision/>
    <subject/>
    <title/>
    <unit meter="1.000000" name="centimeter"/>
    <up_axis>Z_UP</up_axis>
  </asset>
  <library_materials>
    <material id="white" name="white">
      <instance_effect url="#white-fx"/>
    </material>
  </library_materials>
  <library_effects>
    <effect id="white-fx" name="white">
      <profile_COMMON>
        <technique sid="standard">
          <phong>
            <emission>
              <color sid="emission">0.000000  0.000000 0.000000 1.000000</color>
            </emission>
            <ambient>
              <color sid="ambient">0.766000  0.766000 0.766000 1.000000</color>
            </ambient>
            <diffuse>
              <color sid="diffuse">0.766000  0.766000 0.766000 1.000000</color>
            </diffuse>
            <specular>
              <color sid="specular">2.763290  2.763290 2.763290 1.000000</color>
            </specular>
            <shininess>
              <float sid="shininess">13.928808</float>
            </shininess>
          </phong>
        </technique>
      </profile_COMMON>
    </effect>
  </library_effects>
  <library_geometries>
    <geometry id="arm_l_link5-lib" name="arm_l_link5Mesh">
      <mesh>
        <source id="arm_l_link5-POSITION">
          <float_array id="arm_l_link5-POSITION-array" count="4776">
-0.014221 -0.037643 0.045958
-0.017365 -0.037644 0.039034
-0.020503 -0.037647 0.040386
-0.018368 -0.037659 0.047561
-0.012692 -0.038576 0.046915
-0.009801 -0.038643 0.042522
-0.011015 -0.037643 0.041208
-0.013776 -0.037733 0.053152
-0.013030 -0.038643 0.053097
-0.015602 -0.037738 0.054576
-0.037744 -0.036806 -0.020752
-0.036143 -0.040263 -0.012343
-0.036082 -0.036765 -0.010719
-0.037346 -0.032339 -0.017166
-0.036820 -0.046157 -0.019352
-0.035619 -0.046192 -0.012380
-0.038387 -0.025047 -0.021812
-0.039057 -0.026936 -0.026227
-0.038895 -0.037095 -0.027873
-0.037858 -0.046143 -0.025474
-0.039937 -0.027896 -0.031861
-0.039483 -0.029871 -0.069392
-0.040527 -0.029846 -0.064707
-0.041893 -0.022977 -0.067028
-0.040613 -0.023466 -0.075310
-0.035873 -0.037810 -0.069256
-0.038632 -0.037768 -0.061390
-0.036500 -0.031295 -0.077061
-0.013825 -0.050245 -0.061147
-0.015337 -0.050506 -0.057036
-0.021261 -0.049747 -0.059481
-0.017392 -0.049674 -0.064535
-0.011754 -0.049768 -0.068326
-0.009672 -0.050385 -0.061999
-0.009775 -0.050894 -0.055943
-0.013899 0.039357 0.045428
-0.010756 0.039357 0.041036
-0.009613 0.040357 0.042357
-0.012524 0.040260 0.046536
-0.017329 0.039358 0.037708
-0.012687 0.039357 0.035559
-0.013141 0.040357 0.051237
-0.014159 0.039358 0.051257
-0.016583 0.039405 0.052257
-0.018701 0.039366 0.046178
-0.020785 0.039362 0.038700
-0.037910 0.037989 -0.021604
-0.036443 0.041598 -0.013988
-0.035939 0.047907 -0.014293
-0.037037 0.047861 -0.020586
-0.037549 0.033051 -0.018121
-0.036373 0.037653 -0.012219
-0.039213 0.027337 -0.026941
-0.038552 0.025285 -0.022582
-0.039067 0.038244 -0.028739
-0.040100 0.028378 -0.032659
-0.038010 0.047858 -0.026415
-0.038506 0.031049 -0.074071
-0.040724 0.030833 -0.064873
-0.038685 0.039281 -0.061427
-0.036176 0.040108 -0.067863
-0.041754 0.021141 -0.076029
-0.042247 0.022535 -0.067311
-0.030279 0.043077 -0.074496
-0.031733 0.037549 -0.079816
0.014154 -0.037643 0.045507
0.010897 -0.037643 0.040993
0.009723 -0.038643 0.042257
0.012647 -0.038535 0.046363
0.017398 -0.037644 0.038608
0.012792 -0.037643 0.036311
0.014368 -0.037643 0.051194
0.016760 -0.037692 0.052318
0.018720 -0.037652 0.046683
0.020758 -0.037647 0.039833
0.013349 -0.038643 0.051107
0.038298 -0.035712 -0.022531
0.036941 -0.039407 -0.015560
0.036460 -0.046184 -0.016128
0.037466 -0.046145 -0.021908
0.037979 -0.030273 -0.019177
0.036869 -0.035203 -0.013791
0.038391 -0.046151 -0.027717
0.039473 -0.035955 -0.029762
0.039763 -0.029386 -0.069906
0.040834 -0.029114 -0.065389
0.038567 -0.037309 -0.062608
0.035635 -0.037731 -0.070159
0.041236 -0.022102 -0.075643
0.042378 -0.021202 -0.067456
0.036797 -0.030955 -0.077314
0.009175 -0.048504 0.051221
0.010715 -0.047898 0.053651
0.006633 -0.047877 0.055306
0.006286 -0.048633 0.051441
0.010714 -0.048962 0.047772
0.014221 -0.048252 0.049604
0.007062 -0.049375 0.046738
0.012478 0.039357 0.042740
0.015122 0.039358 0.036033
0.019681 0.039359 0.037346
0.018339 0.039362 0.044423
0.014434 0.039357 0.049010
0.013295 0.040230 0.048841
0.010987 0.040318 0.043516
0.017572 0.039389 0.049819
0.036961 0.042631 -0.016295
0.038356 0.033492 -0.021801
0.039051 0.036015 -0.026700
0.037432 0.047860 -0.021702
0.036802 0.037623 -0.013577
0.037902 0.031121 -0.018555
0.035344 0.047907 -0.009491
0.035570 0.041839 -0.007622
0.039041 0.030604 -0.073742
0.032600 0.037065 -0.079273
0.031896 0.042454 -0.073234
0.037118 0.039625 -0.066629
0.041118 0.030190 -0.064277
0.042717 0.021092 -0.067228
0.042284 0.019861 -0.076070
0.039457 0.038938 -0.059966
0.012862 0.051960 -0.061980
0.014289 0.052211 -0.058036
0.019927 0.051474 -0.061285
0.015788 0.051396 -0.066043
0.009316 0.051562 -0.069163
0.008315 0.052100 -0.062733
0.008329 0.052578 -0.057075
0.008474 0.050205 0.051566
0.009808 0.050627 0.048534
0.005712 0.051052 0.047404
0.005230 0.050355 0.051651
0.005396 0.049611 0.055544
0.009928 0.049612 0.054045
0.013211 0.049917 0.050576
-0.006197 -0.049534 0.045948
-0.008265 -0.049065 0.048189
-0.011281 -0.049536 0.043640
-0.007388 -0.050054 0.042155
-0.003758 -0.050297 0.041299
-0.003504 -0.049577 0.046432
-0.004704 -0.048869 0.050431
-0.005401 0.051193 0.046552
-0.002477 0.051244 0.046903
-0.002332 0.051898 0.042544
-0.006331 0.051643 0.043353
-0.007236 0.050713 0.048941
-0.003304 0.050554 0.050919
-0.010071 0.051125 0.045189
-0.011653 0.034857 0.051569
-0.010608 0.034857 0.055903
-0.010633 0.040357 0.056069
-0.011656 0.040357 0.051259
-0.011038 0.040357 0.047156
-0.011248 0.034857 0.047809
-0.012138 0.052254 -0.058849
-0.013307 0.052507 -0.055092
-0.007187 0.052822 -0.054555
-0.008195 0.052283 -0.060526
-0.011742 0.051578 -0.067108
-0.016826 0.051590 -0.062924
-0.020090 0.051682 -0.058458
0.011080 -0.033143 0.046926
0.011852 -0.033143 0.050801
0.011850 -0.038643 0.051065
0.011090 -0.038643 0.046837
0.008861 -0.038643 0.043177
0.009211 -0.033143 0.043658
0.013477 -0.050569 -0.057780
0.014819 -0.050809 -0.053952
0.008684 -0.051173 -0.053263
0.009608 -0.050610 -0.059499
0.018885 -0.049896 -0.060912
0.021992 -0.050022 -0.056116
0.014469 -0.049847 -0.065359
0.011412 0.034857 0.047710
0.011692 0.040357 0.048555
0.011910 0.040357 0.052623
0.011861 0.034857 0.051810
0.009539 0.034857 0.043995
0.009768 0.040357 0.044110
0.005895 0.034857 0.040829
0.005827 0.040357 0.040726
0.006396 0.040357 0.039601
0.000571 0.040357 0.039324
0.000625 0.040357 0.038178
0.000692 0.039357 0.037224
0.007091 0.039357 0.038541
0.000805 0.039357 0.033022
0.008050 0.039357 0.033905
0.000864 0.039357 0.028288
0.008129 0.039357 0.028663
0.015008 0.039357 0.029565
0.008108 0.039354 0.023402
0.014894 0.039354 0.023754
0.020389 0.039355 0.024226
0.020165 0.039359 0.030399
0.023941 0.039360 0.024614
0.023194 0.039362 0.030949
0.022330 0.039365 0.037877
0.021296 0.039368 0.044969
0.025501 0.039371 0.031358
0.024557 0.039377 0.038233
0.023280 0.039384 0.045204
0.021058 0.039403 0.051381
0.019577 0.039384 0.050766
0.026610 0.039404 0.038492
0.025110 0.039429 0.045521
0.022540 0.039484 0.051929
0.018738 0.040067 0.057258
0.018126 0.039567 0.056768
0.026252 0.040518 0.045608
0.023258 0.040707 0.052058
0.018949 0.041241 0.057221
0.013515 0.042025 0.061191
0.013448 0.040941 0.061268
0.023323 0.042417 0.051788
0.018963 0.042790 0.057038
0.013533 0.043439 0.061053
0.018980 0.045194 0.056752
0.013564 0.045573 0.060860
0.006976 0.045929 0.063623
0.006945 0.044059 0.063775
0.006943 0.042764 0.063898
-0.000499 0.044266 0.064728
-0.000512 0.043027 0.064829
-0.000531 0.042105 0.064897
0.006921 0.041852 0.063954
-0.000513 0.041239 0.064745
0.006911 0.040949 0.063929
0.013326 0.040104 0.061098
0.006779 0.040185 0.063687
0.012818 0.039668 0.060419
0.017012 0.039420 0.055883
0.012164 0.039646 0.059406
0.015750 0.039454 0.054695
0.011511 0.039855 0.058236
0.013934 0.039460 0.053280
0.010909 0.040357 0.057788
0.013054 0.040357 0.052970
0.010236 0.040357 0.057238
0.006209 0.040357 0.061747
0.006010 0.040357 0.061220
0.006209 0.034857 0.061186
0.010437 0.034857 0.056891
-0.000469 0.040304 0.063285
-0.000401 0.040357 0.062840
-0.000398 0.034857 0.062866
-0.007078 0.040357 0.061214
-0.006802 0.040357 0.060709
-0.006833 0.034857 0.060789
-0.011577 0.040357 0.056512
-0.007301 0.039858 0.061524
-0.012357 0.039808 0.056922
-0.007529 0.039864 0.062292
-0.013150 0.039581 0.057934
-0.007841 0.040047 0.063010
-0.013980 0.039548 0.059058
-0.018261 0.039394 0.053381
-0.014771 0.039957 0.059934
-0.019499 0.039438 0.054111
-0.022865 0.039393 0.047245
-0.021088 0.039374 0.046696
-0.024854 0.039386 0.039655
-0.022879 0.039368 0.039224
-0.026073 0.039379 0.032408
-0.024072 0.039366 0.032003
-0.021880 0.039361 0.031506
-0.025135 0.039363 0.025378
-0.022718 0.039359 0.025016
-0.018813 0.039355 0.024535
-0.018485 0.039358 0.030684
-0.013196 0.039355 0.023957
-0.013198 0.039357 0.029650
-0.006364 0.039355 0.023462
-0.006354 0.039357 0.028667
-0.006263 0.039357 0.033691
-0.005520 0.039357 0.038114
-0.005135 0.040357 0.039262
-0.004743 0.040357 0.040378
-0.008795 0.040357 0.043302
-0.009250 0.034857 0.043910
-0.005115 0.034857 0.040574
0.000857 0.039353 0.023257
-0.006322 0.039337 0.018252
0.000825 0.039329 0.018126
0.007982 0.039334 0.018151
0.000762 0.039219 0.012984
0.007763 0.039245 0.012960
0.014560 0.039214 0.012924
0.014762 0.039330 0.018240
0.020573 0.039197 0.012712
0.020611 0.039331 0.018343
0.025181 0.039237 0.012498
0.024723 0.039344 0.018505
0.028252 0.039285 0.012494
0.027376 0.039355 0.018695
0.026438 0.039367 0.024920
0.029645 0.039393 0.018893
0.028661 0.039391 0.025183
0.027637 0.039390 0.031673
0.030155 0.040555 0.025319
0.029085 0.040620 0.031781
0.027915 0.040609 0.038557
0.028975 0.042661 0.031585
0.027829 0.042559 0.038303
0.026311 0.042389 0.045305
0.027708 0.045011 0.037950
0.026175 0.044904 0.044924
0.023299 0.044956 0.051471
0.026009 0.047906 0.044476
0.023326 0.047905 0.051072
0.018988 0.047905 0.056440
0.013533 0.047905 0.060614
0.019479 0.049212 0.048456
0.016164 0.048948 0.053289
0.011623 0.048796 0.057104
0.005985 0.048778 0.059393
0.006975 0.047905 0.063389
0.000023 0.048817 0.059997
-0.000425 0.047905 0.064378
-0.000472 0.046053 0.064566
-0.008131 0.047905 0.063020
-0.008143 0.045850 0.063184
-0.008152 0.043908 0.063321
-0.015215 0.045481 0.059752
-0.015191 0.043231 0.059916
-0.015127 0.041784 0.059936
-0.008148 0.042614 0.063378
-0.015156 0.040831 0.060224
-0.008140 0.041633 0.063418
-0.008091 0.040751 0.063451
-0.000504 0.040498 0.064553
-0.000488 0.039984 0.064024
0.006543 0.039889 0.062919
-0.000483 0.039857 0.063345
0.006338 0.039857 0.061994
-0.021001 0.041068 0.054750
-0.020754 0.039897 0.054857
-0.025238 0.040710 0.047827
-0.024407 0.039449 0.047718
-0.027371 0.040858 0.040033
-0.026579 0.039419 0.039972
-0.028693 0.040968 0.032754
-0.027876 0.039399 0.032688
-0.029815 0.040989 0.026013
-0.029088 0.039413 0.025976
-0.027260 0.039376 0.025704
-0.030140 0.039446 0.019531
-0.028331 0.039369 0.019338
-0.026145 0.039352 0.019112
-0.029333 0.039322 0.013056
-0.027074 0.039280 0.012955
-0.023999 0.039238 0.012953
-0.023483 0.039344 0.018889
-0.019278 0.039204 0.013069
-0.019187 0.039328 0.018668
-0.013045 0.039246 0.013151
-0.013151 0.039335 0.018469
-0.006219 0.039260 0.013069
-0.012774 0.038479 0.008057
-0.006087 0.038469 0.007957
0.000698 0.038396 0.007888
-0.005967 0.036183 0.003286
0.000640 0.036072 0.003249
0.007243 0.036111 0.003192
0.007498 0.038427 0.007864
0.013672 0.035941 0.003202
0.014165 0.038351 0.007862
0.019495 0.035770 0.002861
0.020121 0.038191 0.007471
0.024723 0.036186 0.002070
0.025063 0.038368 0.006921
0.028957 0.037002 0.001297
0.028874 0.038773 0.006557
0.031781 0.037757 0.000808
0.031362 0.039011 0.006474
0.030578 0.039348 0.012604
0.033300 0.040014 0.006483
0.032229 0.040365 0.012685
0.031191 0.040466 0.018985
0.032175 0.042466 0.012496
0.031122 0.042541 0.018814
0.030063 0.042614 0.025135
0.030927 0.045056 0.018626
0.029875 0.045075 0.024937
0.028810 0.045100 0.031305
0.029551 0.047906 0.024702
0.028498 0.047906 0.031033
0.027411 0.047906 0.037568
0.023815 0.050072 0.029912
0.022955 0.049936 0.036291
0.021651 0.049529 0.042563
0.018162 0.051435 0.035016
0.017101 0.050875 0.040809
0.015502 0.050371 0.046051
0.012292 0.051792 0.039267
0.011156 0.051204 0.044144
0.007282 0.052226 0.038064
0.006507 0.051714 0.042896
0.002332 0.052386 0.037543
0.001996 0.051923 0.042425
0.001522 0.051238 0.047044
0.000963 0.050476 0.051484
-0.004755 0.049768 0.054836
0.000477 0.049687 0.055780
-0.006342 0.048857 0.058859
-0.009859 0.049976 0.052072
-0.012532 0.048983 0.055538
-0.015250 0.047905 0.059543
-0.017384 0.049211 0.050650
-0.021043 0.047905 0.053947
-0.021062 0.045155 0.054288
-0.025066 0.047905 0.046876
-0.025156 0.045064 0.047240
-0.025299 0.042575 0.047583
-0.021054 0.042711 0.054558
-0.027198 0.045132 0.039592
-0.027329 0.042769 0.039859
-0.028407 0.045264 0.032369
-0.028570 0.042968 0.032633
-0.029522 0.045281 0.025669
-0.029710 0.042978 0.025855
-0.030598 0.045255 0.019229
-0.030791 0.042925 0.019391
-0.030888 0.040937 0.019543
-0.031851 0.042880 0.013022
-0.031930 0.040903 0.013189
-0.031147 0.039418 0.013195
-0.032996 0.040699 0.006949
-0.032150 0.039192 0.007034
-0.030179 0.038992 0.006987
-0.032981 0.038306 0.001212
-0.030772 0.037735 0.001439
-0.027969 0.037074 0.001847
-0.027732 0.038732 0.007071
-0.023731 0.036256 0.002569
-0.023971 0.038419 0.007392
-0.018415 0.035972 0.003200
-0.018902 0.038301 0.007856
-0.012442 0.036155 0.003368
-0.018097 0.032505 -0.000649
-0.012129 0.032599 -0.000547
-0.005853 0.032610 -0.000585
-0.011921 0.028135 -0.003439
-0.005753 0.028122 -0.003443
0.000521 0.028052 -0.003442
0.000580 0.032533 -0.000606
0.006780 0.027994 -0.003515
0.006994 0.032512 -0.000677
0.012907 0.027872 -0.003551
0.013220 0.032366 -0.000708
0.018860 0.027830 -0.003683
0.019095 0.032245 -0.000941
0.024241 0.028424 -0.004774
0.024428 0.032796 -0.001834
0.028578 0.029714 -0.006685
0.028802 0.034048 -0.003215
0.032133 0.031108 -0.008385
0.032006 0.035188 -0.004222
0.034833 0.032535 -0.009682
0.034440 0.036312 -0.004922
0.033975 0.038654 0.000496
0.035517 0.038707 -0.006072
0.034385 0.041037 -0.000140
0.033255 0.042069 0.006181
0.034292 0.043895 -0.000891
0.033102 0.044758 0.005771
0.032001 0.045032 0.012258
0.032853 0.047906 0.005441
0.031750 0.047906 0.012038
0.030596 0.047906 0.018416
0.026416 0.050325 0.011026
0.025509 0.050253 0.017367
0.024646 0.050180 0.023640
0.020144 0.052072 0.016492
0.019520 0.052006 0.022723
0.018926 0.051856 0.028902
0.014083 0.052927 0.021971
0.013669 0.052615 0.028006
0.013121 0.052227 0.033844
0.008262 0.052998 0.027321
0.007862 0.052610 0.032891
0.002690 0.053216 0.026971
0.002540 0.052797 0.032383
-0.002899 0.053198 0.027125
-0.002738 0.052774 0.032568
-0.002493 0.052370 0.037730
-0.007962 0.052553 0.033469
-0.007277 0.052155 0.038698
-0.012999 0.052132 0.034769
-0.011890 0.051678 0.040331
-0.017831 0.051340 0.036221
-0.016295 0.050796 0.042293
-0.013735 0.050340 0.047664
-0.020693 0.049505 0.044525
-0.022495 0.049859 0.037719
-0.026929 0.047906 0.039276
-0.023530 0.050022 0.030928
-0.028113 0.047906 0.032102
-0.024415 0.050139 0.024393
-0.029217 0.047906 0.025465
-0.025287 0.050222 0.017985
-0.030285 0.047906 0.019043
-0.026185 0.050298 0.011590
-0.031434 0.047906 0.012627
-0.031681 0.045267 0.012822
-0.032541 0.047906 0.006072
-0.032769 0.045122 0.006333
-0.032921 0.042649 0.006697
-0.033925 0.044500 -0.000250
-0.034027 0.041991 0.000353
-0.034078 0.039924 0.000874
-0.035187 0.040464 -0.005980
-0.035149 0.038100 -0.004860
-0.033647 0.036337 -0.004092
-0.035947 0.035023 -0.010351
-0.034366 0.033035 -0.008919
-0.031637 0.031615 -0.007767
-0.031227 0.035373 -0.003551
-0.027950 0.030120 -0.006124
-0.027967 0.034195 -0.002584
-0.023495 0.028758 -0.004321
-0.023582 0.032936 -0.001305
-0.017939 0.028175 -0.003490
-0.023527 0.023938 -0.006533
-0.017859 0.023368 -0.005502
-0.011823 0.023251 -0.005464
-0.017832 0.018277 -0.006905
-0.011780 0.018152 -0.006870
-0.005685 0.018067 -0.006880
-0.005702 0.023195 -0.005476
0.000426 0.017982 -0.006882
0.000470 0.023125 -0.005480
0.006525 0.017901 -0.006920
0.006629 0.023051 -0.005533
0.012582 0.017823 -0.006936
0.012712 0.022963 -0.005559
0.018555 0.017800 -0.007013
0.018672 0.022956 -0.005661
0.024199 0.018115 -0.008271
0.024170 0.023476 -0.006937
0.028661 0.018946 -0.011130
0.028577 0.024583 -0.009302
0.032446 0.019907 -0.013944
0.032240 0.025876 -0.011686
0.035563 0.020885 -0.016437
0.035183 0.027192 -0.013575
0.038007 0.022099 -0.019129
0.037288 0.028910 -0.015778
0.036453 0.034695 -0.011411
0.038780 0.023482 -0.022455
0.038453 0.015043 -0.021295
0.039363 0.015842 -0.025095
0.040132 0.016748 -0.029841
0.039432 0.024955 -0.026597
0.040978 0.017642 -0.035221
0.040217 0.026366 -0.031687
0.041816 0.018497 -0.041086
0.041077 0.027463 -0.037538
0.039975 0.037134 -0.032796
0.038504 0.047871 -0.028563
0.041816 0.028323 -0.043767
0.040836 0.037775 -0.039265
0.039404 0.047913 -0.035311
0.032726 0.050711 -0.034819
0.032026 0.050663 -0.028377
0.041201 0.038243 -0.046105
0.039862 0.047972 -0.042269
0.032894 0.050588 -0.041164
0.039078 0.048094 -0.049101
0.032294 0.050486 -0.047392
0.025267 0.052108 -0.045755
0.025761 0.052326 -0.040079
0.025706 0.052488 -0.034171
0.025229 0.052551 -0.028078
0.018499 0.053246 -0.038942
0.018555 0.053502 -0.033412
0.018248 0.053613 -0.027644
0.017763 0.053559 -0.021726
0.024560 0.052494 -0.021899
0.011344 0.053908 -0.032618
0.011155 0.053916 -0.027179
0.010839 0.053912 -0.021514
0.010463 0.053912 -0.015638
0.017216 0.053542 -0.015656
0.003949 0.053957 -0.026811
0.003788 0.053959 -0.021329
0.003617 0.053959 -0.015583
0.003453 0.053956 -0.009600
0.010089 0.053906 -0.009575
-0.003302 0.053959 -0.021187
-0.003254 0.053958 -0.015460
-0.003190 0.053959 -0.009492
-0.003143 0.053959 -0.003373
0.003302 0.053960 -0.003463
-0.010080 0.053923 -0.015266
-0.009805 0.053909 -0.009263
-0.009557 0.053896 -0.003105
-0.009311 0.053876 0.003150
-0.003109 0.053957 0.002834
-0.016351 0.053495 -0.008940
-0.015883 0.053414 -0.002696
-0.015412 0.053322 0.003643
-0.014944 0.053212 0.009984
-0.009055 0.053873 0.009440
-0.022067 0.052294 -0.002150
-0.021380 0.052207 0.004285
-0.020693 0.052105 0.010698
-0.020030 0.052038 0.017059
-0.014509 0.053102 0.016287
-0.027099 0.050382 0.005107
-0.028013 0.050453 -0.001455
-0.033662 0.047906 -0.000647
-0.028930 0.050522 -0.008053
-0.034805 0.047907 -0.007497
-0.035153 0.043425 -0.007076
-0.029837 0.050591 -0.014552
-0.022755 0.052376 -0.008535
-0.023440 0.052446 -0.014809
-0.024101 0.052509 -0.020869
-0.030709 0.050641 -0.020736
-0.024706 0.052579 -0.026728
-0.031507 0.050683 -0.026638
-0.025164 0.052563 -0.032487
-0.032199 0.050743 -0.032575
-0.038819 0.047896 -0.032475
-0.032580 0.050696 -0.038565
-0.039612 0.047937 -0.038867
-0.040768 0.038699 -0.041532
-0.040035 0.038445 -0.035069
-0.041651 0.029745 -0.045037
-0.040967 0.029136 -0.038730
-0.042315 0.021235 -0.047839
-0.041657 0.020471 -0.041714
-0.040824 0.019645 -0.035789
-0.042062 0.012123 -0.043600
-0.041237 0.011547 -0.037684
-0.040358 0.010944 -0.032021
-0.039956 0.018705 -0.030229
-0.039509 0.010325 -0.026818
-0.039167 0.017582 -0.025296
-0.038548 0.009738 -0.022554
-0.038345 0.016548 -0.021277
-0.037782 0.023518 -0.019044
-0.037025 0.030113 -0.015346
-0.035731 0.015612 -0.018037
-0.035402 0.022028 -0.016157
-0.034963 0.028107 -0.013051
-0.032144 0.020856 -0.013623
-0.031899 0.026631 -0.011186
-0.028227 0.019715 -0.010780
-0.028091 0.025177 -0.008820
-0.023631 0.018718 -0.007944
-0.028308 0.014012 -0.012005
-0.023565 0.013352 -0.008979
-0.017772 0.013054 -0.007848
-0.023395 0.007935 -0.009777
-0.017694 0.007747 -0.008491
-0.011715 0.007637 -0.008397
-0.011745 0.012935 -0.007816
-0.005687 0.007525 -0.008392
-0.005684 0.012831 -0.007821
0.000355 0.007414 -0.008388
0.000388 0.012732 -0.007819
0.006384 0.007311 -0.008409
0.006447 0.012643 -0.007852
0.012375 0.007210 -0.008425
0.012470 0.012562 -0.007869
0.018283 0.007111 -0.008545
0.018419 0.012508 -0.007939
0.023858 0.007096 -0.009946
0.024051 0.012639 -0.009240
0.028673 0.007263 -0.012912
0.028686 0.013097 -0.012278
0.032713 0.007504 -0.016169
0.032600 0.013693 -0.015377
0.036090 0.007746 -0.019220
0.035865 0.014317 -0.018208
0.038772 0.008041 -0.022519
0.036191 0.001235 -0.019618
0.038928 0.001124 -0.023008
0.039847 0.001018 -0.027322
0.039713 0.008394 -0.026681
0.040701 0.000898 -0.032544
0.040535 0.008782 -0.031707
0.041593 0.000728 -0.038218
0.041426 0.009188 -0.037350
0.042445 0.000526 -0.044181
0.042270 0.009599 -0.043286
0.043161 0.000290 -0.050193
0.042989 0.010039 -0.049331
0.042524 0.019322 -0.047167
0.043527 0.010478 -0.055487
0.042940 0.020178 -0.053529
0.042145 0.029091 -0.050356
0.043011 0.020931 -0.060076
0.041887 0.029766 -0.057166
0.040629 0.038612 -0.053004
0.037406 0.048266 -0.055803
0.030956 0.050390 -0.053420
0.034399 0.048519 -0.062403
0.028650 0.050301 -0.059220
0.029740 0.048860 -0.069124
0.024845 0.050332 -0.065192
0.022472 0.051647 -0.056381
0.024212 0.051888 -0.051193
0.015883 0.052467 -0.053791
0.017163 0.052729 -0.049160
0.018024 0.052990 -0.044188
0.010072 0.053297 -0.047561
0.010832 0.053618 -0.042781
0.011253 0.053868 -0.037810
0.003861 0.053930 -0.041752
0.004049 0.053963 -0.036928
0.004056 0.053961 -0.031981
-0.003151 0.053967 -0.036614
-0.003298 0.053963 -0.031732
-0.003336 0.053959 -0.026625
-0.010658 0.053920 -0.031897
-0.010577 0.053920 -0.026605
-0.010362 0.053918 -0.021061
-0.017702 0.053645 -0.026677
-0.017300 0.053582 -0.020961
-0.016834 0.053555 -0.015045
-0.017950 0.053553 -0.032219
-0.010488 0.053881 -0.036909
-0.017880 0.053370 -0.037515
-0.025296 0.052431 -0.038111
-0.017386 0.053134 -0.042568
-0.024923 0.052246 -0.043558
-0.032306 0.050584 -0.044515
-0.024020 0.052069 -0.048769
-0.031320 0.050492 -0.050335
-0.038332 0.048156 -0.051872
-0.039416 0.048023 -0.045398
-0.040119 0.039140 -0.054868
-0.040843 0.038949 -0.048169
-0.041476 0.030713 -0.058217
-0.041875 0.030285 -0.051570
-0.042597 0.022561 -0.060567
-0.042598 0.021972 -0.054128
-0.043482 0.013564 -0.061943
-0.043225 0.013251 -0.055722
-0.042745 0.012692 -0.049633
-0.043544 0.003967 -0.056385
-0.042975 0.003898 -0.050421
-0.042273 0.003790 -0.044425
-0.042925 -0.004849 -0.050295
-0.042230 -0.004457 -0.044298
-0.041393 -0.004127 -0.038360
-0.041430 0.003653 -0.038499
-0.040500 -0.003833 -0.032646
-0.040526 0.003496 -0.032751
-0.039636 -0.003569 -0.027364
-0.039664 0.003302 -0.027462
-0.038674 -0.003373 -0.022987
-0.038803 0.003143 -0.023042
-0.035980 -0.003208 -0.019528
-0.036004 0.002988 -0.019592
-0.035920 0.009241 -0.019151
-0.032502 0.002839 -0.016406
-0.032455 0.008789 -0.016031
-0.032347 0.014802 -0.015145
-0.028322 0.008322 -0.012709
-0.028317 0.002670 -0.013013
-0.023463 0.002528 -0.009817
-0.028297 -0.002968 -0.013001
-0.023386 -0.002901 -0.009981
-0.017680 -0.002953 -0.008691
-0.017653 0.002396 -0.008722
-0.011734 -0.003065 -0.008570
-0.011706 0.002287 -0.008647
-0.005725 -0.003183 -0.008552
-0.005699 0.002172 -0.008639
0.000303 -0.003310 -0.008535
0.000326 0.002053 -0.008630
0.006322 -0.003454 -0.008538
0.006341 0.001929 -0.008647
0.012305 -0.003609 -0.008540
0.012315 0.001801 -0.008655
0.018208 -0.003774 -0.008649
0.018206 0.001669 -0.008735
0.023827 -0.004014 -0.010009
0.023949 0.001549 -0.009883
0.028675 -0.004398 -0.013006
0.028662 0.001422 -0.013148
0.032777 -0.004854 -0.016291
0.032765 0.001323 -0.016490
0.036200 -0.005313 -0.019383
0.032702 -0.011066 -0.015596
0.036067 -0.011897 -0.018539
0.038609 -0.012883 -0.021839
0.038874 -0.005808 -0.022777
0.039494 -0.013941 -0.025870
0.039783 -0.006375 -0.027081
0.040297 -0.015203 -0.030874
0.040625 -0.007039 -0.032258
0.041159 -0.016307 -0.036465
0.041510 -0.007760 -0.037933
0.041979 -0.017364 -0.042394
0.042338 -0.008516 -0.043868
0.042615 -0.018424 -0.048509
0.043025 -0.009367 -0.049901
0.042896 -0.019539 -0.054775
0.043500 -0.010282 -0.055972
0.043749 0.000010 -0.056194
0.043750 -0.011034 -0.062117
0.044164 -0.000291 -0.062311
0.043858 0.010730 -0.061748
0.044478 -0.000601 -0.069301
0.044075 0.010449 -0.068835
0.044553 -0.000955 -0.078009
0.044094 0.009397 -0.077612
0.044325 -0.001435 -0.088906
0.043828 0.007953 -0.088908
0.041499 0.017193 -0.088908
0.037280 0.025862 -0.088908
0.022447 0.040073 -0.088908
0.011890 0.044545 -0.088908
0.012636 0.046045 -0.086124
0.023598 0.042411 -0.083613
0.031053 0.033559 -0.088908
0.012790 0.048030 -0.083256
0.023413 0.045749 -0.079146
0.012474 0.050004 -0.081083
0.022423 0.049354 -0.075858
0.010749 0.050878 -0.075061
0.019006 0.050475 -0.071001
0.001545 0.051145 -0.076441
0.001997 0.051706 -0.069987
0.001090 0.050392 -0.083208
-0.010207 0.050120 -0.081742
-0.007552 0.051022 -0.075618
0.000757 0.048933 -0.084851
-0.011092 0.048232 -0.083661
-0.021493 0.046181 -0.080034
-0.019963 0.049503 -0.077322
0.000397 0.047422 -0.086922
-0.011697 0.046211 -0.086270
-0.022457 0.042773 -0.083973
-0.011738 0.044527 -0.088908
-0.022265 0.040058 -0.088908
-0.030919 0.033494 -0.088908
-0.037005 0.025981 -0.088908
-0.040964 0.018178 -0.088908
-0.043239 0.010233 -0.088908
-0.043560 0.011998 -0.077563
-0.044174 0.002198 -0.088906
-0.044334 0.003031 -0.078098
-0.044246 0.003627 -0.069437
-0.043611 0.013239 -0.068847
-0.043942 0.003917 -0.062469
-0.044074 -0.005784 -0.069272
-0.043830 -0.005653 -0.062379
-0.043471 -0.005295 -0.056306
-0.043233 -0.014621 -0.061666
-0.043082 -0.013985 -0.055445
-0.042647 -0.013200 -0.049255
-0.042453 -0.021865 -0.053732
-0.042209 -0.021094 -0.047312
-0.041533 -0.020361 -0.041109
-0.041986 -0.012473 -0.043209
-0.040689 -0.019576 -0.035168
-0.041156 -0.011802 -0.037278
-0.039829 -0.018676 -0.029653
-0.040271 -0.011146 -0.031617
-0.039038 -0.017583 -0.024709
-0.039430 -0.010464 -0.026444
-0.038187 -0.016565 -0.020796
-0.038548 -0.009895 -0.022250
-0.035637 -0.015661 -0.017613
-0.035867 -0.009426 -0.018860
-0.032310 -0.014935 -0.014784
-0.032448 -0.008983 -0.015808
-0.032497 -0.003080 -0.016353
-0.028353 -0.008572 -0.012534
-0.028331 -0.014224 -0.011702
-0.023655 -0.013647 -0.008672
-0.023494 -0.008291 -0.009514
-0.017887 -0.013508 -0.007518
-0.017779 -0.008266 -0.008252
-0.011867 -0.013601 -0.007444
-0.011795 -0.008371 -0.008170
-0.005807 -0.013732 -0.007413
-0.005763 -0.008494 -0.008145
0.000267 -0.013877 -0.007371
0.000283 -0.008628 -0.008113
0.006337 -0.014040 -0.007354
0.006323 -0.008789 -0.008117
0.012382 -0.014226 -0.007322
0.012337 -0.008969 -0.008104
0.018373 -0.014469 -0.007337
0.018292 -0.009178 -0.008151
0.024081 -0.015033 -0.008504
0.023953 -0.009545 -0.009428
0.028659 -0.016079 -0.011394
0.028687 -0.010244 -0.012436
0.032559 -0.017279 -0.014271
0.028536 -0.021729 -0.009731
0.032296 -0.023304 -0.012144
0.035367 -0.024931 -0.014077
0.035835 -0.018541 -0.016870
0.037425 -0.027021 -0.016351
0.038237 -0.020104 -0.019786
0.038932 -0.021966 -0.023373
0.039592 -0.024273 -0.027759
0.040499 -0.025449 -0.033627
0.040445 -0.036174 -0.036290
0.041358 -0.026379 -0.039753
0.041064 -0.036472 -0.042797
0.041992 -0.027190 -0.046063
0.041047 -0.036814 -0.049465
0.042130 -0.027970 -0.052574
0.040267 -0.037125 -0.056109
0.041654 -0.028662 -0.059122
0.042834 -0.020568 -0.061082
0.043841 -0.011327 -0.068810
0.043622 -0.011131 -0.077428
0.039923 -0.019253 -0.088908
0.042977 -0.010553 -0.088908
-0.043686 -0.005770 -0.088908
-0.041960 -0.013480 -0.088908
-0.042872 -0.014259 -0.077097
-0.044076 -0.005713 -0.077955
-0.043203 -0.014751 -0.068468
-0.042387 -0.022549 -0.060275
-0.041384 -0.029749 -0.057984
-0.041783 -0.029464 -0.051085
-0.040071 -0.037754 -0.054502
-0.040807 -0.037654 -0.047600
-0.040678 -0.037505 -0.040807
-0.041533 -0.029044 -0.044392
-0.039883 -0.037320 -0.034247
-0.040830 -0.028556 -0.037972
-0.039570 -0.046216 -0.038102
-0.038705 -0.046176 -0.031617
-0.033117 -0.048813 -0.037744
-0.032647 -0.048813 -0.031488
-0.031902 -0.048752 -0.025378
-0.026297 -0.050641 -0.031181
-0.025745 -0.050606 -0.025143
-0.025082 -0.050532 -0.018991
-0.031046 -0.048705 -0.019160
-0.024349 -0.050461 -0.012568
-0.030092 -0.048650 -0.012512
-0.023592 -0.050386 -0.005999
-0.029117 -0.048583 -0.005650
-0.034427 -0.046192 -0.005233
-0.028142 -0.048519 0.001176
-0.033247 -0.046192 0.001839
-0.033496 -0.043097 0.002146
-0.034764 -0.042060 -0.004910
-0.033618 -0.040620 0.002655
-0.034816 -0.039356 -0.003996
-0.033683 -0.038642 0.003044
-0.034804 -0.037111 -0.003042
-0.035775 -0.034239 -0.008914
-0.036775 -0.029630 -0.014314
-0.033453 -0.035471 -0.002419
-0.034100 -0.032380 -0.007572
-0.034796 -0.027754 -0.012117
-0.035303 -0.021932 -0.015469
-0.037649 -0.023338 -0.018247
-0.031620 -0.031221 -0.006589
-0.031843 -0.026445 -0.010328
-0.032105 -0.020848 -0.013055
-0.028092 -0.025134 -0.008107
-0.028251 -0.019804 -0.010276
-0.023609 -0.024029 -0.005913
-0.023669 -0.018939 -0.007538
-0.018031 -0.023614 -0.004809
-0.017960 -0.018637 -0.006395
-0.012037 -0.023701 -0.004679
-0.011941 -0.018724 -0.006304
-0.005939 -0.023861 -0.004617
-0.005861 -0.018867 -0.006259
0.000240 -0.024002 -0.004542
0.000253 -0.019013 -0.006193
0.006423 -0.024156 -0.004509
0.006365 -0.019177 -0.006179
0.012512 -0.024288 -0.004445
0.012433 -0.019348 -0.006130
0.018491 -0.024500 -0.004452
0.018422 -0.019610 -0.006138
0.023989 -0.025311 -0.005394
0.024029 -0.020365 -0.007293
0.028401 -0.026811 -0.007290
0.024015 -0.029620 -0.002740
0.028321 -0.031063 -0.004127
0.031800 -0.032468 -0.005237
0.032063 -0.028469 -0.009054
0.034168 -0.033715 -0.005926
0.034824 -0.030049 -0.010251
0.035696 -0.035536 -0.006806
0.036506 -0.032292 -0.011813
0.035787 -0.038083 -0.008118
0.034728 -0.037671 -0.001553
0.034700 -0.039744 -0.002217
0.034618 -0.042395 -0.002965
0.035775 -0.041237 -0.009342
0.034332 -0.046192 -0.003424
0.035412 -0.046192 -0.009900
0.028995 -0.048612 -0.004162
0.029893 -0.048690 -0.010460
0.030750 -0.048731 -0.016583
0.031563 -0.048787 -0.022457
0.024111 -0.050497 -0.010977
0.024776 -0.050574 -0.017007
0.025401 -0.050646 -0.022874
0.025940 -0.050702 -0.028672
0.032303 -0.048836 -0.028286
0.018638 -0.051685 -0.017376
0.019080 -0.051740 -0.023173
0.019426 -0.051765 -0.028859
0.019504 -0.051632 -0.034418
0.026282 -0.050663 -0.034463
0.012699 -0.052214 -0.023398
0.012881 -0.052168 -0.028921
0.012813 -0.052145 -0.034240
0.012346 -0.052036 -0.039354
0.019165 -0.051419 -0.039793
0.006298 -0.052239 -0.028980
0.006176 -0.052240 -0.034110
0.005809 -0.052232 -0.039067
0.005185 -0.052056 -0.043987
0.011415 -0.051769 -0.044244
-0.000384 -0.052253 -0.034280
-0.000443 -0.052251 -0.039233
-0.000459 -0.052109 -0.044297
-0.000346 -0.051667 -0.049579
0.004624 -0.051665 -0.048968
-0.006602 -0.052198 -0.039870
-0.006098 -0.051948 -0.044951
-0.005469 -0.051541 -0.050102
-0.004881 -0.051058 -0.055862
-0.000006 -0.051145 -0.055492
-0.012174 -0.051585 -0.045933
-0.011052 -0.051253 -0.050849
-0.018685 -0.051009 -0.047199
-0.017291 -0.050756 -0.052291
-0.025388 -0.050186 -0.048583
-0.023743 -0.049947 -0.054126
-0.031992 -0.048632 -0.050059
-0.030091 -0.048544 -0.056064
-0.026937 -0.048559 -0.062214
-0.021823 -0.048664 -0.068414
-0.036229 -0.046637 -0.058188
-0.032556 -0.046929 -0.065092
-0.026432 -0.047357 -0.072368
-0.028233 -0.042343 -0.075989
-0.017990 -0.045416 -0.081464
-0.017348 -0.047962 -0.078901
-0.014430 -0.048960 -0.073654
-0.006353 -0.048577 -0.082646
-0.005626 -0.049349 -0.076096
-0.005065 -0.049953 -0.069710
0.003521 -0.049429 -0.076223
0.002020 -0.050018 -0.069612
0.000777 -0.050549 -0.062493
-0.004729 -0.050483 -0.062685
0.008774 -0.049931 -0.068318
0.005873 -0.050567 -0.061421
0.004537 -0.051193 -0.054405
0.010064 -0.051484 -0.048823
0.016944 -0.050987 -0.049755
0.018350 -0.051200 -0.044935
0.024189 -0.050193 -0.051026
0.025513 -0.050365 -0.045674
0.026186 -0.050546 -0.040154
0.032565 -0.048759 -0.046381
0.033120 -0.048830 -0.040359
0.032934 -0.048911 -0.034297
0.039871 -0.046235 -0.040396
0.039215 -0.046190 -0.033893
0.039393 -0.046338 -0.046958
0.031268 -0.048694 -0.052264
0.038088 -0.046486 -0.053453
0.035687 -0.046702 -0.060009
0.028977 -0.048641 -0.058105
0.025250 -0.048693 -0.064045
0.031631 -0.047013 -0.066793
0.025122 -0.047460 -0.073745
0.027526 -0.042577 -0.076720
0.019813 -0.048813 -0.069811
0.012285 -0.049125 -0.074209
0.016097 -0.048058 -0.079593
0.005255 -0.048613 -0.082845
0.005762 -0.047060 -0.084549
0.017289 -0.045568 -0.081831
0.006034 -0.045398 -0.086755
0.017817 -0.042861 -0.085249
0.028541 -0.038106 -0.081838
0.017288 -0.040930 -0.088908
0.027287 -0.035120 -0.088908
0.034874 -0.027538 -0.088908
-0.038900 -0.020990 -0.088908
-0.034016 -0.028407 -0.088908
-0.026686 -0.035410 -0.088908
-0.028522 -0.038076 -0.081645
-0.016948 -0.040985 -0.088908
-0.017913 -0.042790 -0.085155
-0.005799 -0.044018 -0.088908
-0.006222 -0.045363 -0.086723
-0.006387 -0.047021 -0.084443
0.005969 -0.044023 -0.088908
-0.038445 -0.046430 -0.051474
-0.032942 -0.048703 -0.043904
-0.039504 -0.046297 -0.044801
-0.026253 -0.050376 -0.042950
-0.026530 -0.050556 -0.037151
-0.019527 -0.051245 -0.041921
-0.019897 -0.051484 -0.036423
-0.019840 -0.051657 -0.030706
-0.013366 -0.052096 -0.035600
-0.013395 -0.052147 -0.030140
-0.013141 -0.052167 -0.024478
-0.019471 -0.051700 -0.024833
-0.012768 -0.052141 -0.018625
-0.018965 -0.051631 -0.018806
-0.012375 -0.052122 -0.012588
-0.018410 -0.051561 -0.012599
-0.011987 -0.052115 -0.006392
-0.017831 -0.051483 -0.006250
-0.011611 -0.052104 -0.000086
-0.017258 -0.051399 0.000182
-0.022824 -0.050326 0.000600
-0.016695 -0.051310 0.006614
-0.022044 -0.050226 0.007152
-0.027186 -0.048458 0.007841
-0.021270 -0.050125 0.013610
-0.026218 -0.048373 0.014349
-0.030956 -0.046191 0.015216
-0.032109 -0.046192 0.008661
-0.031257 -0.043541 0.015356
-0.032339 -0.043514 0.008872
-0.031441 -0.041203 0.015483
-0.032508 -0.041101 0.009099
-0.031544 -0.039238 0.015590
-0.032598 -0.039160 0.009292
-0.030830 -0.037736 0.015567
-0.031825 -0.037608 0.009318
-0.032792 -0.037080 0.003250
-0.029943 -0.037485 0.009207
-0.030702 -0.036605 0.003350
-0.031129 -0.034654 -0.001936
-0.027985 -0.036105 0.003656
-0.028054 -0.033635 -0.001130
-0.027989 -0.029868 -0.005053
-0.023705 -0.032590 -0.000019
-0.023627 -0.028645 -0.003361
-0.018396 -0.032246 0.000739
-0.018168 -0.028224 -0.002481
-0.012512 -0.032473 0.000970
-0.012218 -0.028391 -0.002325
-0.006223 -0.032624 0.001009
-0.006063 -0.028546 -0.002242
0.000232 -0.032637 0.001127
0.000235 -0.028626 -0.002116
0.006680 -0.032791 0.001170
0.006532 -0.028789 -0.002095
0.012982 -0.032791 0.001302
0.012694 -0.028848 -0.002003
0.018834 -0.032738 0.001207
0.018622 -0.028917 -0.002012
0.024087 -0.033262 0.000603
0.019235 -0.035570 0.005378
0.024324 -0.035843 0.004872
0.028272 -0.036390 0.004435
0.028372 -0.034279 -0.000220
0.030835 -0.036801 0.004276
0.031390 -0.035267 -0.000803
0.032811 -0.037186 0.004253
0.033528 -0.036005 -0.001092
0.033704 -0.038763 0.004100
0.031923 -0.037632 0.009969
0.032689 -0.039142 0.009961
0.032598 -0.041125 0.009783
0.033629 -0.040726 0.003783
0.032433 -0.043496 0.009556
0.033499 -0.043244 0.003291
0.032200 -0.046192 0.009355
0.033255 -0.046192 0.003028
0.027220 -0.048483 0.008444
0.028106 -0.048549 0.002159
0.022034 -0.050265 0.007634
0.022723 -0.050364 0.001410
0.023422 -0.050424 -0.004816
0.017122 -0.051438 0.000795
0.017624 -0.051524 -0.005363
0.018139 -0.051609 -0.011426
0.011742 -0.052129 -0.005799
0.012073 -0.052133 -0.011830
0.012402 -0.052143 -0.017695
0.005961 -0.052232 -0.012146
0.006107 -0.052233 -0.017988
0.006249 -0.052241 -0.023612
-0.000199 -0.052247 -0.018236
-0.000256 -0.052247 -0.023851
-0.000316 -0.052247 -0.029183
-0.006732 -0.052234 -0.024135
-0.006899 -0.052229 -0.029592
-0.006881 -0.052237 -0.034797
-0.012945 -0.051900 -0.040850
-0.006510 -0.052230 -0.018438
-0.000166 -0.052248 -0.012380
-0.006287 -0.052231 -0.012528
-0.000149 -0.052248 -0.006348
-0.006079 -0.052230 -0.006427
-0.000110 -0.052248 -0.000201
-0.005889 -0.052231 -0.000219
-0.000081 -0.052248 0.005989
-0.005683 -0.052224 0.006028
-0.011227 -0.052073 0.006252
-0.005485 -0.052231 0.012306
-0.010851 -0.052039 0.012579
-0.016110 -0.051216 0.013020
-0.010489 -0.051739 0.018874
-0.015564 -0.051120 0.019382
-0.020536 -0.050070 0.020029
-0.015027 -0.050890 0.025730
-0.019810 -0.049983 0.026465
-0.024356 -0.048237 0.027252
-0.025273 -0.048309 0.020776
-0.028779 -0.046191 0.028099
-0.029857 -0.046191 0.021616
-0.029102 -0.043563 0.028213
-0.030175 -0.043535 0.021740
-0.029291 -0.041261 0.028345
-0.030381 -0.041237 0.021838
-0.029416 -0.039329 0.028390
-0.030487 -0.039268 0.021924
-0.028808 -0.037720 0.028263
-0.029830 -0.037781 0.021861
-0.026957 -0.037663 0.027872
-0.028044 -0.037662 0.021601
-0.029069 -0.037636 0.015381
-0.025896 -0.037644 0.021294
-0.026843 -0.037612 0.015198
-0.027609 -0.037375 0.009191
-0.024029 -0.037591 0.015070
-0.024244 -0.037145 0.009370
-0.023924 -0.035543 0.004230
-0.019326 -0.037020 0.009765
-0.018787 -0.035376 0.004883
-0.013211 -0.037164 0.010019
-0.012865 -0.035552 0.005167
-0.006560 -0.037219 0.009978
-0.006389 -0.035646 0.005173
0.000214 -0.037120 0.010013
0.000223 -0.035598 0.005246
0.006985 -0.037241 0.010125
0.006832 -0.035722 0.005350
0.013647 -0.037196 0.010285
0.013313 -0.035694 0.005522
0.019715 -0.037094 0.010155
0.013858 -0.037580 0.015250
0.019904 -0.037559 0.015314
0.024276 -0.037596 0.015411
0.024549 -0.037234 0.009872
0.027024 -0.037616 0.015569
0.027838 -0.037427 0.009788
0.029237 -0.037638 0.015765
0.030085 -0.037520 0.009844
0.030986 -0.037730 0.015950
0.028232 -0.037663 0.021765
0.030017 -0.037787 0.022006
0.030674 -0.039279 0.022042
0.031681 -0.039237 0.015967
0.030569 -0.041246 0.021947
0.031584 -0.041217 0.015854
0.030363 -0.043558 0.021827
0.031400 -0.043544 0.015717
0.030053 -0.046191 0.021682
0.031099 -0.046191 0.015562
0.025424 -0.048332 0.020792
0.026313 -0.048402 0.014634
0.020630 -0.050106 0.020005
0.021305 -0.050168 0.013828
0.015589 -0.051150 0.019332
0.016079 -0.051252 0.013177
0.016598 -0.051350 0.006999
0.010745 -0.052058 0.012693
0.011093 -0.052088 0.006503
0.011429 -0.052118 0.000322
0.005515 -0.052231 0.006152
0.005666 -0.052235 -0.000023
0.005814 -0.052233 -0.006134
0.005344 -0.052226 0.012368
-0.000073 -0.052245 0.012243
0.005210 -0.052066 0.018513
-0.000063 -0.052132 0.018410
-0.005314 -0.052048 0.018543
-0.000026 -0.051725 0.024371
-0.005128 -0.051617 0.024609
-0.010131 -0.051331 0.025095
-0.004820 -0.051176 0.030410
-0.009619 -0.050929 0.031153
-0.014312 -0.050544 0.032057
-0.008754 -0.050541 0.036871
-0.013168 -0.050092 0.038109
-0.017596 -0.049231 0.039512
-0.018924 -0.049726 0.033018
-0.021969 -0.047919 0.040977
-0.023378 -0.048153 0.033962
-0.026432 -0.046191 0.042423
-0.027640 -0.046191 0.034945
-0.026613 -0.043350 0.042534
-0.027969 -0.043484 0.035065
-0.026789 -0.040909 0.042602
-0.028146 -0.041164 0.035159
-0.026845 -0.039041 0.042638
-0.028288 -0.039221 0.035174
-0.026048 -0.037709 0.042373
-0.027529 -0.037689 0.034972
-0.024395 -0.037674 0.041829
-0.025783 -0.037666 0.034557
-0.022598 -0.037655 0.041182
-0.023869 -0.037653 0.034006
-0.024888 -0.037650 0.027440
-0.021710 -0.037647 0.033308
-0.022581 -0.037645 0.026973
-0.023347 -0.037638 0.020957
-0.019010 -0.037642 0.026319
-0.019333 -0.037630 0.020578
-0.019577 -0.037549 0.015026
-0.013581 -0.037631 0.020221
-0.013473 -0.037576 0.015037
-0.006848 -0.037632 0.019932
-0.006723 -0.037590 0.014958
0.000168 -0.037627 0.019834
0.000201 -0.037559 0.014941
0.007179 -0.037632 0.020016
0.007116 -0.037591 0.015074
0.013908 -0.037632 0.020362
0.007168 -0.037641 0.024938
0.013828 -0.037641 0.025628
0.019181 -0.037642 0.026405
0.019602 -0.037632 0.020768
0.022770 -0.037645 0.027023
0.023568 -0.037639 0.021158
0.025084 -0.037650 0.027445
0.026086 -0.037645 0.021473
0.027163 -0.037663 0.027813
0.024087 -0.037653 0.033687
0.026043 -0.037666 0.034173
0.027794 -0.037688 0.034539
0.029038 -0.037722 0.028125
0.028576 -0.039248 0.034681
0.029652 -0.039339 0.028210
0.028445 -0.041229 0.034602
0.029532 -0.041306 0.028127
0.028280 -0.043538 0.034400
0.029335 -0.043602 0.028018
0.027964 -0.046191 0.034242
0.029023 -0.046191 0.027876
0.023711 -0.048147 0.033318
0.024575 -0.048252 0.026986
0.019244 -0.049769 0.032419
0.019983 -0.050008 0.026182
0.014564 -0.050586 0.031559
0.015115 -0.050918 0.025465
0.009758 -0.050959 0.030796
0.010152 -0.051359 0.024887
0.010436 -0.051764 0.018830
0.005088 -0.051634 0.024494
0.004902 -0.051196 0.030230
0.000024 -0.051277 0.030046
0.004550 -0.050780 0.035769
0.000073 -0.050843 0.035593
-0.004329 -0.050764 0.035967
0.000027 -0.050354 0.040989
0.004021 -0.050332 0.041114
0.003347 -0.049614 0.046332
-0.000294 -0.049647 0.046315
0.002744 -0.048781 0.051286
-0.001024 -0.048828 0.051112
0.002437 -0.047965 0.055715
-0.002119 -0.048016 0.055447
-0.006913 -0.048106 0.054015
-0.011598 -0.048355 0.050662
-0.003265 -0.047127 0.059641
-0.009329 -0.047167 0.057687
-0.015043 -0.047324 0.053533
-0.019434 -0.047573 0.047798
-0.015293 -0.048734 0.045542
-0.011841 -0.046190 0.061442
-0.018421 -0.046191 0.056764
-0.023564 -0.046191 0.050135
-0.018578 -0.043532 0.056938
-0.023755 -0.043306 0.050275
-0.018697 -0.041143 0.057089
-0.023939 -0.040779 0.050405
-0.018760 -0.039598 0.057195
-0.023994 -0.039121 0.050522
-0.018628 -0.038381 0.057179
-0.023291 -0.037815 0.050177
-0.018015 -0.037872 0.056629
-0.021855 -0.037684 0.049413
-0.016834 -0.037705 0.055705
-0.020463 -0.037666 0.048622
-0.011955 -0.038550 0.061782
-0.011412 -0.038056 0.061173
-0.010804 -0.038002 0.060196
-0.004714 -0.038663 0.064178
-0.004545 -0.038210 0.063480
-0.004379 -0.038143 0.062700
-0.010242 -0.038141 0.059248
-0.004295 -0.038643 0.062520
-0.009727 -0.038643 0.058892
-0.004128 -0.038643 0.062077
-0.009105 -0.038643 0.058377
-0.011597 -0.038643 0.052968
-0.011275 -0.038643 0.047644
-0.008885 -0.033143 0.058631
-0.011552 -0.033143 0.053437
-0.011399 -0.033143 0.048167
-0.008962 -0.038643 0.043452
-0.009244 -0.033143 0.043904
-0.005056 -0.038643 0.040502
-0.005497 -0.038643 0.039398
-0.005288 -0.033143 0.040651
-0.000035 -0.038643 0.038158
-0.000046 -0.037643 0.037246
-0.005943 -0.037643 0.038247
-0.000020 -0.038643 0.039320
0.005014 -0.038643 0.040403
0.005436 -0.038643 0.039273
-0.000011 -0.033143 0.039347
0.005342 -0.033143 0.040583
0.010825 -0.033143 0.055877
0.007463 -0.033143 0.060438
0.007625 -0.038643 0.060394
0.010894 -0.038643 0.055894
0.008005 -0.038643 0.060915
0.011893 -0.038643 0.056381
0.008293 -0.038143 0.061207
0.012640 -0.038074 0.056719
0.008529 -0.038129 0.061951
0.013522 -0.037854 0.057783
0.008875 -0.038297 0.062721
0.014352 -0.037823 0.058904
0.018403 -0.037680 0.053580
0.021092 -0.037661 0.047348
0.015145 -0.038130 0.059763
0.019581 -0.037730 0.054384
0.022783 -0.037682 0.048020
0.024774 -0.037673 0.041018
0.022854 -0.037654 0.040468
0.020728 -0.038222 0.055161
0.024333 -0.037761 0.048650
0.026482 -0.037708 0.041450
0.025016 -0.039034 0.048825
0.027278 -0.039108 0.041605
0.025010 -0.040847 0.048657
0.027240 -0.041000 0.041512
0.024845 -0.043333 0.048441
0.027085 -0.043390 0.041356
0.024685 -0.046191 0.048209
0.026841 -0.046191 0.041150
0.020715 -0.047593 0.046204
0.022599 -0.047922 0.039864
0.016645 -0.048729 0.044417
0.018209 -0.049286 0.038591
0.012430 -0.049558 0.042873
0.013719 -0.050133 0.037409
0.008179 -0.050085 0.041726
0.009128 -0.050568 0.036422
0.017435 -0.047285 0.051914
0.020752 -0.046191 0.054590
0.015412 -0.046191 0.059568
0.012961 -0.047091 0.056332
0.009295 -0.046190 0.062760
0.007735 -0.047047 0.058947
0.002444 -0.047091 0.059942
0.002567 -0.046191 0.064277
-0.004648 -0.046190 0.063963
0.009262 -0.044098 0.062895
0.002496 -0.044316 0.064424
-0.004746 -0.044278 0.064087
-0.011965 -0.043956 0.061606
0.002447 -0.042528 0.064602
-0.004796 -0.042440 0.064215
-0.012050 -0.041880 0.061756
-0.004838 -0.041189 0.064335
-0.012093 -0.040482 0.061832
-0.004852 -0.040260 0.064390
-0.012060 -0.039431 0.061841
-0.004824 -0.039405 0.064304
0.002389 -0.040372 0.064776
0.002370 -0.039503 0.064647
0.002358 -0.038757 0.064412
0.009141 -0.038962 0.063146
0.002293 -0.038248 0.063860
0.002246 -0.038143 0.063237
0.002195 -0.038588 0.063151
0.002143 -0.038643 0.062709
0.002309 -0.033143 0.062745
-0.004074 -0.033143 0.062107
0.009206 -0.039842 0.063103
0.015546 -0.039076 0.060137
0.009224 -0.040826 0.063076
0.015476 -0.040039 0.059851
0.020908 -0.039372 0.055115
0.015505 -0.041515 0.059842
0.020906 -0.041012 0.054996
0.015464 -0.043755 0.059726
0.020858 -0.043445 0.054814
0.009237 -0.042130 0.063031
0.002409 -0.041298 0.064704
0.021886 -0.037647 0.033098
0.018582 -0.037644 0.032248
0.013535 -0.037643 0.030995
0.007170 -0.037642 0.029727
0.006645 -0.037643 0.034252
0.000039 -0.037642 0.029234
0.000007 -0.037643 0.033451
0.005841 -0.037643 0.038150
-0.007029 -0.037642 0.029746
-0.006711 -0.037643 0.034354
-0.013441 -0.037643 0.031013
-0.012866 -0.037643 0.036545
-0.013596 -0.037641 0.025535
-0.018583 -0.037644 0.032337
-0.006935 -0.037641 0.024878
0.000105 -0.037640 0.024628
0.000058 0.046178 -0.088908
-0.027640 0.048990 -0.071184
-0.022181 0.050466 -0.067292
-0.015733 0.050678 -0.072527
-0.005286 0.051686 -0.069369
-0.003454 0.052240 -0.062475
0.002419 0.052195 -0.063228
-0.002461 0.052796 -0.056047
0.002827 0.052716 -0.056938
0.003221 0.053185 -0.051520
0.009070 0.052961 -0.052136
-0.002293 0.053254 -0.050842
-0.002464 0.053658 -0.046125
0.003575 0.053608 -0.046618
-0.007903 0.053153 -0.050387
-0.009043 0.053449 -0.046241
-0.009965 0.053728 -0.041693
-0.002821 0.053942 -0.041345
-0.015115 0.052682 -0.051545
-0.016469 0.052896 -0.047294
-0.022455 0.051863 -0.053753
-0.026669 0.050405 -0.061531
-0.029501 0.050417 -0.055983
-0.032860 0.048621 -0.064636
-0.036222 0.048352 -0.058206
-0.014110 0.052869 0.022554
-0.008635 0.053380 0.021854
-0.008822 0.053771 0.015705
-0.019424 0.051968 0.023422
-0.018772 0.051750 0.029821
-0.013672 0.052548 0.028756
-0.008407 0.052945 0.027803
-0.002965 0.053640 0.021385
0.002786 0.053647 0.021246
0.002873 0.053925 0.015204
-0.003006 0.053929 0.015324
0.002994 0.053961 0.008991
-0.003060 0.053959 0.009091
0.003145 0.053958 0.002753
0.009043 0.053885 0.009170
0.009388 0.053893 0.002899
0.009733 0.053898 -0.003367
0.015546 0.053341 0.003249
0.016097 0.053425 -0.003116
0.016648 0.053495 -0.009444
0.022313 0.052305 -0.002713
0.023079 0.052375 -0.009216
0.023884 0.052432 -0.015620
0.029387 0.050490 -0.008962
0.031366 0.050136 -0.015386
0.031268 0.050582 -0.021945
0.028313 0.050461 -0.002137
0.034018 0.047906 -0.001541
0.027355 0.050401 0.004523
0.021571 0.052230 0.003786
0.020839 0.052138 0.010194
0.015001 0.053251 0.009580
0.014510 0.053150 0.015824
0.008735 0.053815 0.015385
0.008492 0.053429 0.021465
0.000467 0.034857 0.039350
0.036342 0.047904 -0.015457
0.000545 -0.033143 0.050520
0.000051 0.034857 0.050371
-0.001343 0.000790 -0.088908
</float_array>
          <technique_common>
            <accessor source="#arm_l_link5-POSITION-array" count="1592" stride="3">
              <param name="X" type="float"/>
              <param name="Y" type="float"/>
              <param name="Z" type="float"/>
            </accessor>
          </technique_common>
        </source>
        <source id="arm_l_link5-Normal0">
          <float_array id="arm_l_link5-Normal0-array" count="28620">
0.190522 0.979180 0.070057
-0.000605 1.000000 0.000115
-0.002272 0.999997 0.001032
-0.002272 0.999997 0.001032
-0.000660 0.999979 0.006428
0.190522 0.979180 0.070057
0.190522 0.979180 0.070057
0.288031 0.954257 0.080201
0.202408 0.960525 0.190847
0.202408 0.960525 0.190847
0.159102 0.974380 0.158968
0.190522 0.979180 0.070057
0.190522 0.979180 0.070057
0.372785 0.924477 -0.079832
0.457479 0.879751 -0.129427
0.457479 0.879751 -0.129427
0.288031 0.954257 0.080201
0.190522 0.979180 0.070057
0.190522 0.979180 0.070057
-0.000660 0.999979 0.006428
0.020986 0.999707 0.012081
0.020986 0.999707 0.012081
0.372785 0.924477 -0.079832
0.190522 0.979180 0.070057
-0.985114 -0.056441 0.162371
-0.984218 -0.074788 0.160381
-0.984235 -0.036375 0.173085
-0.984235 -0.036375 0.173085
-0.984002 -0.024649 0.176446
-0.985114 -0.056441 0.162371
-0.985114 -0.056441 0.162371
-0.983186 -0.071938 0.167840
-0.983192 -0.083664 0.162275
-0.983192 -0.083664 0.162275
-0.984218 -0.074788 0.160381
-0.985114 -0.056441 0.162371
-0.985114 -0.056441 0.162371
-0.984002 -0.024649 0.176446
-0.982956 -0.020172 0.182732
-0.982956 -0.020172 0.182732
-0.986250 -0.033421 0.161846
-0.985114 -0.056441 0.162371
-0.985114 -0.056441 0.162371
-0.985805 -0.056749 0.158014
-0.984791 -0.076212 0.156135
-0.984791 -0.076212 0.156135
-0.983186 -0.071938 0.167840
-0.985114 -0.056441 0.162371
-0.985114 -0.056441 0.162371
-0.986250 -0.033421 0.161846
-0.987370 -0.036702 0.154123
-0.987370 -0.036702 0.154123
-0.985805 -0.056749 0.158014
-0.985114 -0.056441 0.162371
-0.908513 -0.358455 -0.214744
-0.944867 -0.275477 -0.177030
-0.971383 -0.211951 -0.107199
-0.971383 -0.211951 -0.107199
-0.934731 -0.315057 -0.164371
-0.908513 -0.358455 -0.214744
-0.809042 -0.468372 -0.355076
-0.899575 -0.349066 -0.262522
-0.944867 -0.275477 -0.177030
-0.944867 -0.275477 -0.177030
-0.908513 -0.358455 -0.214744
-0.809042 -0.468372 -0.355076
-0.908513 -0.358455 -0.214744
-0.934731 -0.315057 -0.164371
-0.811022 -0.502421 -0.299693
-0.811022 -0.502421 -0.299693
-0.809042 -0.468372 -0.355076
-0.908513 -0.358455 -0.214744
-0.066470 -0.994168 -0.084925
-0.072135 -0.993617 -0.086728
-0.122405 -0.987146 -0.102757
-0.122405 -0.987146 -0.102757
-0.104792 -0.989585 -0.098697
-0.066470 -0.994168 -0.084925
-0.066470 -0.994168 -0.084925
-0.104792 -0.989585 -0.098697
-0.062674 -0.992886 -0.101243
-0.062674 -0.992886 -0.101243
-0.041523 -0.995789 -0.081727
-0.066470 -0.994168 -0.084925
-0.066470 -0.994168 -0.084925
-0.041523 -0.995789 -0.081727
-0.042716 -0.995569 -0.083771
-0.042716 -0.995569 -0.083771
-0.072135 -0.993617 -0.086728
-0.066470 -0.994168 -0.084925
0.455886 -0.869978 0.187898
0.330403 -0.867886 0.370956
0.197762 -0.957800 0.208591
0.197762 -0.957800 0.208591
0.287325 -0.952485 0.101078
0.455886 -0.869978 0.187898
-0.002497 -0.999995 0.002076
-0.000585 -1.000000 0.000143
-0.000099 -1.000000 0.000022
-0.000099 -1.000000 0.000022
-0.000017 -1.000000 -0.000005
-0.002497 -0.999995 0.002076
0.455886 -0.869978 0.187898
0.287325 -0.952485 0.101078
0.409671 -0.910910 -0.049124
0.409671 -0.910910 -0.049124
0.689187 -0.721032 -0.071655
0.455886 -0.869978 0.187898
-0.002497 -0.999995 0.002076
-0.006535 -0.999476 0.031694
0.012634 -0.999747 0.018584
0.012634 -0.999747 0.018584
-0.001520 -0.999994 0.003147
-0.002497 -0.999995 0.002076
-0.002497 -0.999995 0.002076
-0.001520 -0.999994 0.003147
-0.002012 -0.999998 0.000692
-0.002012 -0.999998 0.000692
-0.000585 -1.000000 0.000143
-0.002497 -0.999995 0.002076
-0.985311 0.054847 0.161722
-0.984563 0.072295 0.159405
-0.983403 0.082186 0.161755
-0.983403 0.082186 0.161755
-0.983343 0.069573 0.167916
-0.985311 0.054847 0.161722
-0.985311 0.054847 0.161722
-0.984290 0.024780 0.174814
-0.983036 0.025192 0.181676
-0.983036 0.025192 0.181676
-0.984563 0.072295 0.159405
-0.985311 0.054847 0.161722
-0.985311 0.054847 0.161722
-0.986353 0.032202 0.161462
-0.982225 0.017328 0.186907
-0.982225 0.017328 0.186907
-0.984290 0.024780 0.174814
-0.985311 0.054847 0.161722
-0.985311 0.054847 0.161722
-0.986103 0.058478 0.155503
-0.987636 0.034270 0.152975
-0.987636 0.034270 0.152975
-0.986353 0.032202 0.161462
-0.985311 0.054847 0.161722
-0.985311 0.054847 0.161722
-0.983343 0.069573 0.167916
-0.985962 0.072590 0.150365
-0.985962 0.072590 0.150365
-0.986103 0.058478 0.155503
-0.985311 0.054847 0.161722
-0.872339 0.417548 -0.254321
-0.955213 0.250450 -0.157620
-0.919963 0.318745 -0.228187
-0.919963 0.318745 -0.228187
-0.813586 0.443940 -0.375493
-0.872339 0.417548 -0.254321
-0.872339 0.417548 -0.254321
-0.956152 0.271500 -0.109821
-0.973634 0.210455 -0.088012
-0.973634 0.210455 -0.088012
-0.955213 0.250450 -0.157620
-0.872339 0.417548 -0.254321
-0.872339 0.417548 -0.254321
-0.813586 0.443940 -0.375493
-0.662493 0.572612 -0.482927
-0.662493 0.572612 -0.482927
-0.704065 0.602980 -0.375110
-0.872339 0.417548 -0.254321
-0.190538 0.978534 0.078524
-0.150649 0.974207 0.168006
-0.198282 0.957227 0.210713
-0.198282 0.957227 0.210713
-0.276150 0.954913 0.109006
-0.190538 0.978534 0.078524
-0.190538 0.978534 0.078524
0.000580 1.000000 0.000126
0.000100 1.000000 0.000009
0.000100 1.000000 0.000009
-0.150649 0.974207 0.168006
-0.190538 0.978534 0.078524
-0.190538 0.978534 0.078524
-0.329497 0.944000 -0.017206
-0.013824 0.999741 0.018092
-0.013824 0.999741 0.018092
0.001337 0.999993 0.003513
-0.190538 0.978534 0.078524
-0.190538 0.978534 0.078524
0.001337 0.999993 0.003513
0.002086 0.999997 0.000767
0.002086 0.999997 0.000767
0.000580 1.000000 0.000126
-0.190538 0.978534 0.078524
-0.190538 0.978534 0.078524
-0.276150 0.954913 0.109006
-0.405321 0.913191 -0.042388
-0.405321 0.913191 -0.042388
-0.329497 0.944000 -0.017206
-0.190538 0.978534 0.078524
0.985489 -0.054157 0.160870
0.985011 -0.069394 0.157918
0.983553 -0.079723 0.162071
0.983553 -0.079723 0.162071
0.984052 -0.068648 0.164098
0.985489 -0.054157 0.160870
0.985489 -0.054157 0.160870
0.984169 -0.025332 0.175414
0.984060 -0.029880 0.175306
0.984060 -0.029880 0.175306
0.985011 -0.069394 0.157918
0.985489 -0.054157 0.160870
0.985489 -0.054157 0.160870
0.984052 -0.068648 0.164098
0.986323 -0.073754 0.147399
0.986323 -0.073754 0.147399
0.986316 -0.058670 0.154076
0.985489 -0.054157 0.160870
0.896392 -0.373719 -0.238359
0.952785 -0.270368 -0.138213
0.896314 -0.348581 -0.274068
0.896314 -0.348581 -0.274068
0.796131 -0.484754 -0.362202
0.896392 -0.373719 -0.238359
0.938638 -0.301464 -0.167567
0.979140 -0.184571 -0.084962
0.952785 -0.270368 -0.138213
0.952785 -0.270368 -0.138213
0.896392 -0.373719 -0.238359
0.938638 -0.301464 -0.167567
0.896392 -0.373719 -0.238359
0.796131 -0.484754 -0.362202
0.817982 -0.486266 -0.307330
0.817982 -0.486266 -0.307330
0.938638 -0.301464 -0.167567
0.896392 -0.373719 -0.238359
0.078155 -0.981046 0.177315
0.101519 -0.974869 0.198301
0.057973 -0.978203 0.199397
0.057973 -0.978203 0.199397
0.045149 -0.983535 0.174989
0.078155 -0.981046 0.177315
0.078155 -0.981046 0.177315
0.091168 -0.982591 0.161873
0.138192 -0.974286 0.177957
0.138192 -0.974286 0.177957
0.101519 -0.974869 0.198301
0.078155 -0.981046 0.177315
0.078155 -0.981046 0.177315
0.045149 -0.983535 0.174989
0.054332 -0.985903 0.158253
0.054332 -0.985903 0.158253
0.091168 -0.982591 0.161873
0.078155 -0.981046 0.177315
0.001079 -0.999999 0.000706
0.000244 -1.000000 0.000049
0.001211 -0.999999 0.000357
0.001211 -0.999999 0.000357
0.000513 -0.999997 0.002429
0.001079 -0.999999 0.000706
-0.428469 -0.854514 0.293631
-0.612036 -0.788932 0.054757
-0.397139 -0.915426 0.065399
-0.397139 -0.915426 0.065399
-0.247191 -0.952408 0.178372
-0.428469 -0.854514 0.293631
0.001079 -0.999999 0.000706
0.000513 -0.999997 0.002429
-0.000975 -0.999980 0.006176
-0.000975 -0.999980 0.006176
0.006335 -0.999968 0.004909
0.001079 -0.999999 0.000706
0.984263 0.070311 0.162121
0.985461 0.041358 0.164792
0.985826 0.050713 0.159924
0.985826 0.050713 0.159924
0.984441 0.075044 0.158885
0.984263 0.070311 0.162121
0.984263 0.070311 0.162121
0.984533 0.039306 0.170732
0.982596 0.020273 0.184646
0.982596 0.020273 0.184646
0.985461 0.041358 0.164792
0.984263 0.070311 0.162121
0.984263 0.070311 0.162121
0.982448 0.087717 0.164628
0.984390 0.069165 0.161844
0.984390 0.069165 0.161844
0.984533 0.039306 0.170732
0.984263 0.070311 0.162121
0.883395 0.400324 -0.243627
0.715556 0.584617 -0.382363
0.705356 0.548687 -0.448793
0.705356 0.548687 -0.448793
0.829962 0.433221 -0.351400
0.883395 0.400324 -0.243627
0.883395 0.400324 -0.243627
0.960521 0.233089 -0.151882
0.981274 0.177425 -0.074979
0.981274 0.177425 -0.074979
0.966944 0.238996 -0.088887
0.883395 0.400324 -0.243627
0.883395 0.400324 -0.243627
0.829962 0.433221 -0.351400
0.932351 0.297645 -0.205256
0.932351 0.297645 -0.205256
0.960521 0.233089 -0.151882
0.883395 0.400324 -0.243627
0.060315 0.994619 -0.084234
0.063765 0.994283 -0.085651
0.114680 0.988525 -0.098319
0.114680 0.988525 -0.098319
0.087389 0.990645 -0.104814
0.060315 0.994619 -0.084234
0.060315 0.994619 -0.084234
0.087389 0.990645 -0.104814
0.052101 0.994177 -0.094329
0.052101 0.994177 -0.094329
0.032941 0.996156 -0.081172
0.060315 0.994619 -0.084234
0.060315 0.994619 -0.084234
0.032941 0.996156 -0.081172
0.034524 0.995954 -0.082966
0.034524 0.995954 -0.082966
0.063765 0.994283 -0.085651
0.060315 0.994619 -0.084234
0.070421 0.981429 0.178434
0.083847 0.983238 0.161903
0.044374 0.986460 0.157888
0.044374 0.986460 0.157888
0.035742 0.983526 0.177196
0.070421 0.981429 0.178434
0.070421 0.981429 0.178434
0.035742 0.983526 0.177196
0.045035 0.979136 0.198152
0.045035 0.979136 0.198152
0.088873 0.976020 0.198712
0.070421 0.981429 0.178434
0.070421 0.981429 0.178434
0.088873 0.976020 0.198712
0.126014 0.976031 0.177437
0.126014 0.976031 0.177437
0.083847 0.983238 0.161903
0.070421 0.981429 0.178434
-0.050679 -0.987126 0.151704
-0.072868 -0.984054 0.162257
-0.100177 -0.983585 0.150088
-0.100177 -0.983585 0.150088
-0.055151 -0.990132 0.128827
-0.050679 -0.987126 0.151704
-0.050679 -0.987126 0.151704
-0.055151 -0.990132 0.128827
-0.022799 -0.993169 0.114438
-0.022799 -0.993169 0.114438
-0.026604 -0.987930 0.152602
-0.050679 -0.987126 0.151704
-0.050679 -0.987126 0.151704
-0.026604 -0.987930 0.152602
-0.035538 -0.983727 0.176120
-0.035538 -0.983727 0.176120
-0.072868 -0.984054 0.162257
-0.050679 -0.987126 0.151704
-0.044915 0.986843 0.155316
-0.019108 0.987444 0.156810
-0.020712 0.992361 0.121614
-0.020712 0.992361 0.121614
-0.051234 0.989831 0.132699
-0.044915 0.986843 0.155316
-0.044915 0.986843 0.155316
-0.062532 0.983693 0.168634
-0.026294 0.983707 0.177846
-0.026294 0.983707 0.177846
-0.019108 0.987444 0.156810
-0.044915 0.986843 0.155316
-0.044915 0.986843 0.155316
-0.051234 0.989831 0.132699
-0.082863 0.984663 0.153536
-0.082863 0.984663 0.153536
-0.062532 0.983693 0.168634
-0.044915 0.986843 0.155316
-0.998430 0.004892 0.055808
-0.903003 -0.017044 0.429297
-0.900180 -0.002233 0.435512
-0.900180 -0.002233 0.435512
-0.999723 0.000675 0.023545
-0.998430 0.004892 0.055808
-0.998430 0.004892 0.055808
-0.999723 0.000675 0.023545
-0.940784 -0.012739 -0.338768
-0.940784 -0.012739 -0.338768
-0.959069 0.014579 -0.282797
-0.998430 0.004892 0.055808
-0.056875 0.994892 -0.083403
-0.061094 0.994780 -0.081727
-0.033283 0.995894 -0.084182
-0.033283 0.995894 -0.084182
-0.034589 0.996028 -0.082053
-0.056875 0.994892 -0.083403
-0.056875 0.994892 -0.083403
-0.034589 0.996028 -0.082053
-0.061825 0.993085 -0.099795
-0.061825 0.993085 -0.099795
-0.096591 0.990890 -0.093845
-0.056875 0.994892 -0.083403
-0.056875 0.994892 -0.083403
-0.096591 0.990890 -0.093845
-0.109780 0.989112 -0.098007
-0.109780 0.989112 -0.098007
-0.061094 0.994780 -0.081727
-0.056875 0.994892 -0.083403
0.936465 -0.003202 -0.350747
0.999990 -0.000580 -0.004495
0.999916 0.005302 0.011830
0.999916 0.005302 0.011830
0.934386 0.007443 -0.356184
0.936465 -0.003202 -0.350747
0.936465 -0.003202 -0.350747
0.934386 0.007443 -0.356184
0.736064 0.005565 -0.676889
0.736064 0.005565 -0.676889
0.767133 0.007300 -0.641447
0.936465 -0.003202 -0.350747
0.061600 -0.994528 -0.084372
0.069438 -0.994178 -0.082386
0.036584 -0.995958 -0.082038
0.036584 -0.995958 -0.082038
0.040157 -0.995267 -0.088492
0.061600 -0.994528 -0.084372
0.061600 -0.994528 -0.084372
0.106637 -0.989780 -0.094677
0.124432 -0.987400 -0.097768
0.124432 -0.987400 -0.097768
0.069438 -0.994178 -0.082386
0.061600 -0.994528 -0.084372
0.061600 -0.994528 -0.084372
0.040157 -0.995267 -0.088492
0.074835 -0.991735 -0.104217
0.074835 -0.991735 -0.104217
0.106637 -0.989780 -0.094677
0.061600 -0.994528 -0.084372
0.960594 -0.010799 -0.277746
0.977218 -0.017165 -0.211544
0.987091 -0.043054 0.154265
0.987091 -0.043054 0.154265
0.996775 -0.004141 0.080136
0.960594 -0.010799 -0.277746
0.960594 -0.010799 -0.277746
0.785898 -0.019761 -0.618040
0.802093 -0.005810 -0.597171
0.802093 -0.005810 -0.597171
0.977218 -0.017165 -0.211544
0.960594 -0.010799 -0.277746
0.802093 -0.005810 -0.597171
0.785898 -0.019761 -0.618040
0.471213 -0.010764 -0.881954
0.471213 -0.010764 -0.881954
0.463771 -0.010801 -0.885889
0.802093 -0.005810 -0.597171
-0.029853 -0.999503 0.010162
0.000000 -1.000000 0.000000
-0.151781 -0.927981 0.340314
-0.151781 -0.927981 0.340314
-0.247191 -0.952408 0.178372
-0.029853 -0.999503 0.010162
-0.029853 -0.999503 0.010162
-0.247191 -0.952408 0.178372
-0.397139 -0.915426 0.065399
-0.397139 -0.915426 0.065399
-0.079329 -0.996364 0.031061
-0.029853 -0.999503 0.010162
-0.151781 -0.927981 0.340314
0.000000 -1.000000 0.000000
0.000000 -1.000000 0.000000
0.000000 -1.000000 0.000000
-0.019382 -0.901868 0.431576
-0.151781 -0.927981 0.340314
-0.151781 -0.927981 0.340314
-0.019382 -0.901868 0.431576
-0.034551 -0.697709 0.715548
-0.034551 -0.697709 0.715548
-0.269265 -0.782269 0.561740
-0.151781 -0.927981 0.340314
-0.151781 -0.927981 0.340314
-0.269265 -0.782269 0.561740
-0.428469 -0.854514 0.293631
-0.428469 -0.854514 0.293631
-0.247191 -0.952408 0.178372
-0.151781 -0.927981 0.340314
0.000023 -1.000000 0.000012
-0.000004 -1.000000 0.000036
-0.000001 -1.000000 0.000063
-0.000001 -1.000000 0.000063
0.000030 -1.000000 0.000042
0.000023 -1.000000 0.000012
0.000023 -1.000000 0.000012
0.000030 -1.000000 0.000042
0.000244 -1.000000 0.000049
0.000244 -1.000000 0.000049
0.001079 -0.999999 0.000706
0.000023 -1.000000 0.000012
0.000030 -1.000000 0.000042
-0.000001 -1.000000 0.000063
0.000001 -1.000000 0.000392
0.000001 -1.000000 0.000392
0.000036 -1.000000 0.000297
0.000030 -1.000000 0.000042
0.000030 -1.000000 0.000042
0.000036 -1.000000 0.000297
0.000127 -1.000000 0.000295
0.000127 -1.000000 0.000295
0.000244 -1.000000 0.000049
0.000030 -1.000000 0.000042
0.000127 -1.000000 0.000295
0.000036 -1.000000 0.000297
-0.000006 -0.999998 0.002211
-0.000006 -0.999998 0.002211
-0.000122 -0.999997 0.002455
0.000127 -1.000000 0.000295
0.000127 -1.000000 0.000295
-0.000122 -0.999997 0.002455
0.000491 -0.999997 0.002399
0.000491 -0.999997 0.002399
0.000718 -1.000000 0.000412
0.000127 -1.000000 0.000295
0.000127 -1.000000 0.000295
0.000718 -1.000000 0.000412
0.001211 -0.999999 0.000357
0.001211 -0.999999 0.000357
0.000244 -1.000000 0.000049
0.000127 -1.000000 0.000295
0.000718 -1.000000 0.000412
0.000491 -0.999997 0.002399
0.002048 -0.999996 0.001973
0.002048 -0.999996 0.001973
0.002375 -0.999997 0.000756
0.000718 -1.000000 0.000412
0.000718 -1.000000 0.000412
0.002375 -0.999997 0.000756
0.003491 -0.999993 0.001086
0.003491 -0.999993 0.001086
0.001211 -0.999999 0.000357
0.000718 -1.000000 0.000412
0.003491 -0.999993 0.001086
0.004723 -0.999985 0.002644
0.000513 -0.999997 0.002429
0.000513 -0.999997 0.002429
0.001211 -0.999999 0.000357
0.003491 -0.999993 0.001086
0.003491 -0.999993 0.001086
0.002375 -0.999997 0.000756
0.006169 -0.999980 0.001507
0.006169 -0.999980 0.001507
0.008724 -0.999959 0.002593
0.003491 -0.999993 0.001086
0.003491 -0.999993 0.001086
0.008724 -0.999959 0.002593
0.015909 -0.999838 0.008375
0.015909 -0.999838 0.008375
0.004723 -0.999985 0.002644
0.003491 -0.999993 0.001086
0.015909 -0.999838 0.008375
0.028673 -0.999270 0.025253
0.003121 -0.999972 0.006769
0.003121 -0.999972 0.006769
0.004723 -0.999985 0.002644
0.015909 -0.999838 0.008375
0.015909 -0.999838 0.008375
0.008724 -0.999959 0.002593
0.372048 -0.925545 0.070335
0.372048 -0.925545 0.070335
0.384741 -0.914233 0.127096
0.015909 -0.999838 0.008375
0.015909 -0.999838 0.008375
0.384741 -0.914233 0.127096
0.462458 -0.826505 0.320972
0.462458 -0.826505 0.320972
0.028673 -0.999270 0.025253
0.015909 -0.999838 0.008375
0.462458 -0.826505 0.320972
0.595973 -0.497792 0.630095
0.207700 -0.940415 0.269223
0.207700 -0.940415 0.269223
0.028673 -0.999270 0.025253
0.462458 -0.826505 0.320972
0.462458 -0.826505 0.320972
0.384741 -0.914233 0.127096
0.881859 -0.365681 0.297662
0.881859 -0.365681 0.297662
0.818499 -0.221548 0.530071
0.462458 -0.826505 0.320972
0.462458 -0.826505 0.320972
0.818499 -0.221548 0.530071
0.699666 -0.023520 0.714083
0.699666 -0.023520 0.714083
0.595973 -0.497792 0.630095
0.462458 -0.826505 0.320972
0.699666 -0.023520 0.714083
0.494384 0.054897 0.867508
0.475661 -0.106711 0.873132
0.475661 -0.106711 0.873132
0.595973 -0.497792 0.630095
0.699666 -0.023520 0.714083
0.699666 -0.023520 0.714083
0.818499 -0.221548 0.530071
0.846644 0.062102 0.528524
0.846644 0.062102 0.528524
0.690102 0.080622 0.719207
0.699666 -0.023520 0.714083
0.699666 -0.023520 0.714083
0.690102 0.080622 0.719207
0.497960 0.076373 0.863831
0.497960 0.076373 0.863831
0.494384 0.054897 0.867508
0.699666 -0.023520 0.714083
0.497960 0.076373 0.863831
0.690102 0.080622 0.719207
0.693483 0.079035 0.716125
0.693483 0.079035 0.716125
0.501676 0.083926 0.860975
0.497960 0.076373 0.863831
0.497960 0.076373 0.863831
0.501676 0.083926 0.860975
0.260074 0.094357 0.960967
0.260074 0.094357 0.960967
0.259385 0.082729 0.962224
0.497960 0.076373 0.863831
0.497960 0.076373 0.863831
0.259385 0.082729 0.962224
0.260186 0.071876 0.962880
0.260186 0.071876 0.962880
0.494384 0.054897 0.867508
0.497960 0.076373 0.863831
0.260186 0.071876 0.962880
0.259385 0.082729 0.962224
-0.028733 0.086795 0.995812
-0.028733 0.086795 0.995812
-0.030317 0.076527 0.996606
0.260186 0.071876 0.962880
0.260186 0.071876 0.962880
-0.030317 0.076527 0.996606
-0.033280 -0.046966 0.998342
-0.033280 -0.046966 0.998342
0.255610 0.006081 0.966761
0.260186 0.071876 0.962880
0.260186 0.071876 0.962880
0.255610 0.006081 0.966761
0.475661 -0.106711 0.873132
0.475661 -0.106711 0.873132
0.494384 0.054897 0.867508
0.260186 0.071876 0.962880
0.255610 0.006081 0.966761
-0.033280 -0.046966 0.998342
-0.027625 -0.203965 0.978588
-0.027625 -0.203965 0.978588
0.247076 -0.173803 0.953282
0.255610 0.006081 0.966761
0.255610 0.006081 0.966761
0.247076 -0.173803 0.953282
0.380772 -0.611071 0.693977
0.380772 -0.611071 0.693977
0.475661 -0.106711 0.873132
0.255610 0.006081 0.966761
0.380772 -0.611071 0.693977
0.207700 -0.940415 0.269223
0.595973 -0.497792 0.630095
0.595973 -0.497792 0.630095
0.475661 -0.106711 0.873132
0.380772 -0.611071 0.693977
0.380772 -0.611071 0.693977
0.247076 -0.173803 0.953282
0.154663 -0.682356 0.714472
0.154663 -0.682356 0.714472
0.127826 -0.961978 0.241370
0.380772 -0.611071 0.693977
0.380772 -0.611071 0.693977
0.127826 -0.961978 0.241370
0.016364 -0.997816 0.063993
0.016364 -0.997816 0.063993
0.207700 -0.940415 0.269223
0.380772 -0.611071 0.693977
0.016364 -0.997816 0.063993
0.127826 -0.961978 0.241370
-0.072191 -0.997048 -0.026133
-0.072191 -0.997048 -0.026133
-0.035747 -0.999225 0.016484
0.016364 -0.997816 0.063993
0.016364 -0.997816 0.063993
-0.035747 -0.999225 0.016484
-0.000975 -0.999980 0.006176
-0.000975 -0.999980 0.006176
0.003121 -0.999972 0.006769
0.016364 -0.997816 0.063993
0.016364 -0.997816 0.063993
0.003121 -0.999972 0.006769
0.028673 -0.999270 0.025253
0.028673 -0.999270 0.025253
0.207700 -0.940415 0.269223
0.016364 -0.997816 0.063993
-0.035747 -0.999225 0.016484
-0.072191 -0.997048 -0.026133
-0.125520 -0.989254 -0.074971
-0.125520 -0.989254 -0.074971
-0.030483 -0.998910 0.035340
-0.035747 -0.999225 0.016484
-0.035747 -0.999225 0.016484
-0.030483 -0.998910 0.035340
0.006335 -0.999968 0.004909
0.006335 -0.999968 0.004909
-0.000975 -0.999980 0.006176
-0.035747 -0.999225 0.016484
-0.660924 -0.734986 -0.151572
-0.448790 -0.830950 -0.328802
-0.270015 -0.940612 -0.205770
-0.270015 -0.940612 -0.205770
-0.404962 -0.910356 -0.085188
-0.660924 -0.734986 -0.151572
-0.660924 -0.734986 -0.151572
-0.404962 -0.910356 -0.085188
-0.397139 -0.915426 0.065399
-0.397139 -0.915426 0.065399
-0.612036 -0.788932 0.054757
-0.660924 -0.734986 -0.151572
-0.404962 -0.910356 -0.085188
-0.270015 -0.940612 -0.205770
0.000000 -1.000000 0.000000
0.000000 -1.000000 0.000000
0.000000 -1.000000 0.000000
-0.404962 -0.910356 -0.085188
-0.404962 -0.910356 -0.085188
0.000000 -1.000000 0.000000
-0.079329 -0.996364 0.031061
-0.079329 -0.996364 0.031061
-0.397139 -0.915426 0.065399
-0.404962 -0.910356 -0.085188
0.000000 -1.000000 0.000000
-0.270015 -0.940612 -0.205770
-0.245797 -0.829860 -0.500916
-0.245797 -0.829860 -0.500916
0.002754 -0.999991 -0.003334
0.000000 -1.000000 0.000000
0.844759 -0.010638 0.535041
0.476249 0.012189 0.879226
0.494357 0.002339 0.869256
0.494357 0.002339 0.869256
0.870879 0.000705 0.491497
0.844759 -0.010638 0.535041
0.844759 -0.010638 0.535041
0.870879 0.000705 0.491497
0.996775 -0.004141 0.080136
0.996775 -0.004141 0.080136
0.987091 -0.043054 0.154265
0.844759 -0.010638 0.535041
0.002754 -0.999991 -0.003334
-0.245797 -0.829860 -0.500916
0.034574 -0.667376 -0.743918
0.034574 -0.667376 -0.743918
-0.004124 -0.993043 -0.117676
0.002754 -0.999991 -0.003334
0.476249 0.012189 0.879226
0.245067 0.004641 0.969495
0.245685 0.003876 0.969342
0.245685 0.003876 0.969342
0.494357 0.002339 0.869256
0.476249 0.012189 0.879226
-0.004124 -0.993043 -0.117676
0.034574 -0.667376 -0.743918
0.251352 -0.864816 -0.434643
0.251352 -0.864816 -0.434643
-0.000000 -1.000000 -0.000000
-0.004124 -0.993043 -0.117676
-0.310979 0.009156 0.950373
-0.315883 0.015526 0.948671
-0.312108 0.010619 0.949987
-0.312108 0.010619 0.949987
-0.307193 0.004257 0.951638
-0.310979 0.009156 0.950373
-0.780705 -0.003222 0.624891
-0.771027 0.013562 0.636658
-0.900180 -0.002233 0.435512
-0.900180 -0.002233 0.435512
-0.903003 -0.017044 0.429297
-0.780705 -0.003222 0.624891
-0.000000 -1.000000 -0.000000
0.251352 -0.864816 -0.434643
0.282534 -0.945674 -0.160858
0.282534 -0.945674 -0.160858
0.000000 -1.000000 0.000000
-0.000000 -1.000000 -0.000000
0.282534 -0.945674 -0.160858
0.251352 -0.864816 -0.434643
0.404033 -0.619923 -0.672646
0.404033 -0.619923 -0.672646
0.467836 -0.848642 -0.246852
0.282534 -0.945674 -0.160858
0.282534 -0.945674 -0.160858
0.467836 -0.848642 -0.246852
0.689187 -0.721032 -0.071655
0.689187 -0.721032 -0.071655
0.409671 -0.910910 -0.049124
0.282534 -0.945674 -0.160858
0.282534 -0.945674 -0.160858
0.409671 -0.910910 -0.049124
0.000000 -1.000000 0.000000
0.000000 -1.000000 0.000000
0.000000 -1.000000 0.000000
0.282534 -0.945674 -0.160858
0.139745 -0.987585 -0.071744
-0.000150 -0.999962 0.008673
-0.028686 -0.989907 0.138787
-0.028686 -0.989907 0.138787
0.093904 -0.994981 -0.034565
0.139745 -0.987585 -0.071744
0.139745 -0.987585 -0.071744
0.093904 -0.994981 -0.034565
0.012634 -0.999747 0.018584
0.012634 -0.999747 0.018584
-0.006535 -0.999476 0.031694
0.139745 -0.987585 -0.071744
0.093904 -0.994981 -0.034565
-0.028686 -0.989907 0.138787
-0.177816 -0.814059 0.552892
-0.177816 -0.814059 0.552892
-0.076042 -0.981675 0.174734
0.093904 -0.994981 -0.034565
0.093904 -0.994981 -0.034565
-0.076042 -0.981675 0.174734
-0.003155 -0.999407 0.034273
-0.003155 -0.999407 0.034273
0.012634 -0.999747 0.018584
0.093904 -0.994981 -0.034565
-0.003155 -0.999407 0.034273
-0.076042 -0.981675 0.174734
-0.371649 -0.735293 0.566764
-0.371649 -0.735293 0.566764
-0.127876 -0.979651 0.154699
-0.003155 -0.999407 0.034273
-0.003155 -0.999407 0.034273
-0.127876 -0.979651 0.154699
-0.025138 -0.999330 0.026603
-0.025138 -0.999330 0.026603
-0.006042 -0.999974 0.003863
-0.003155 -0.999407 0.034273
-0.003155 -0.999407 0.034273
-0.006042 -0.999974 0.003863
-0.001520 -0.999994 0.003147
-0.001520 -0.999994 0.003147
0.012634 -0.999747 0.018584
-0.003155 -0.999407 0.034273
-0.006042 -0.999974 0.003863
-0.025138 -0.999330 0.026603
-0.013810 -0.999894 0.004590
-0.013810 -0.999894 0.004590
-0.005474 -0.999984 0.001731
-0.006042 -0.999974 0.003863
-0.006042 -0.999974 0.003863
-0.005474 -0.999984 0.001731
-0.002012 -0.999998 0.000692
-0.002012 -0.999998 0.000692
-0.001520 -0.999994 0.003147
-0.006042 -0.999974 0.003863
-0.005474 -0.999984 0.001731
-0.013810 -0.999894 0.004590
-0.008702 -0.999959 0.002466
-0.008702 -0.999959 0.002466
-0.004146 -0.999991 0.001071
-0.005474 -0.999984 0.001731
-0.005474 -0.999984 0.001731
-0.004146 -0.999991 0.001071
-0.001502 -0.999999 0.000517
-0.001502 -0.999999 0.000517
-0.002012 -0.999998 0.000692
-0.005474 -0.999984 0.001731
-0.001502 -0.999999 0.000517
-0.004146 -0.999991 0.001071
-0.003718 -0.999992 0.001652
-0.003718 -0.999992 0.001652
-0.001306 -0.999998 0.001447
-0.001502 -0.999999 0.000517
-0.001502 -0.999999 0.000517
-0.001306 -0.999998 0.001447
-0.000526 -0.999997 0.002210
-0.000526 -0.999997 0.002210
-0.000461 -1.000000 0.000308
-0.001502 -0.999999 0.000517
-0.001502 -0.999999 0.000517
-0.000461 -1.000000 0.000308
-0.000585 -1.000000 0.000143
-0.000585 -1.000000 0.000143
-0.002012 -0.999998 0.000692
-0.001502 -0.999999 0.000517
-0.000461 -1.000000 0.000308
-0.000526 -0.999997 0.002210
0.000260 -0.999998 0.002168
0.000260 -0.999998 0.002168
-0.000065 -1.000000 0.000235
-0.000461 -1.000000 0.000308
-0.000461 -1.000000 0.000308
-0.000065 -1.000000 0.000235
-0.000099 -1.000000 0.000022
-0.000099 -1.000000 0.000022
-0.000585 -1.000000 0.000143
-0.000461 -1.000000 0.000308
-0.000065 -1.000000 0.000235
0.000260 -0.999998 0.002168
0.000019 -0.999998 0.001988
0.000019 -0.999998 0.001988
-0.000030 -1.000000 0.000278
-0.000065 -1.000000 0.000235
-0.000065 -1.000000 0.000235
-0.000030 -1.000000 0.000278
-0.000015 -1.000000 0.000039
-0.000015 -1.000000 0.000039
-0.000099 -1.000000 0.000022
-0.000065 -1.000000 0.000235
-0.000015 -1.000000 0.000039
0.000006 -1.000000 0.000023
-0.000017 -1.000000 -0.000005
-0.000017 -1.000000 -0.000005
-0.000099 -1.000000 0.000022
-0.000015 -1.000000 0.000039
-0.000015 -1.000000 0.000039
-0.000030 -1.000000 0.000278
0.000001 -1.000000 0.000392
0.000001 -1.000000 0.000392
-0.000001 -1.000000 0.000063
-0.000015 -1.000000 0.000039
-0.000015 -1.000000 0.000039
-0.000001 -1.000000 0.000063
-0.000004 -1.000000 0.000036
-0.000004 -1.000000 0.000036
0.000006 -1.000000 0.000023
-0.000015 -1.000000 0.000039
0.231212 -0.777399 0.584971
0.148505 -0.925908 0.347332
0.197762 -0.957800 0.208591
0.197762 -0.957800 0.208591
0.330403 -0.867886 0.370956
0.231212 -0.777399 0.584971
0.231212 -0.777399 0.584971
-0.034551 -0.697709 0.715548
-0.019382 -0.901868 0.431576
-0.019382 -0.901868 0.431576
0.148505 -0.925908 0.347332
0.231212 -0.777399 0.584971
0.148505 -0.925908 0.347332
0.000000 -1.000000 0.000000
0.011431 -0.999931 -0.002851
0.011431 -0.999931 -0.002851
0.197762 -0.957800 0.208591
0.148505 -0.925908 0.347332
0.148505 -0.925908 0.347332
-0.019382 -0.901868 0.431576
0.000000 -1.000000 0.000000
0.000000 -1.000000 0.000000
0.000000 -1.000000 0.000000
0.148505 -0.925908 0.347332
-0.745289 -0.008582 -0.666686
-0.787185 -0.002991 -0.616710
-0.959069 0.014579 -0.282797
-0.959069 0.014579 -0.282797
-0.940784 -0.012739 -0.338768
-0.745289 -0.008582 -0.666686
0.011431 -0.999931 -0.002851
0.048121 -0.998490 0.026495
0.287325 -0.952485 0.101078
0.287325 -0.952485 0.101078
0.197762 -0.957800 0.208591
0.011431 -0.999931 -0.002851
-0.745289 -0.008582 -0.666686
-0.394481 -0.000582 -0.918904
-0.430721 -0.016939 -0.902326
-0.430721 -0.016939 -0.902326
-0.787185 -0.002991 -0.616710
-0.745289 -0.008582 -0.666686
-0.000030 -1.000000 0.000278
0.000019 -0.999998 0.001988
-0.000052 -0.999997 0.002476
-0.000052 -0.999997 0.002476
0.000001 -1.000000 0.000392
-0.000030 -1.000000 0.000278
-0.000052 -0.999997 0.002476
0.000019 -0.999998 0.001988
-0.000021 -0.999957 0.009294
-0.000021 -0.999957 0.009294
-0.000825 -0.999923 0.012410
-0.000052 -0.999997 0.002476
-0.000052 -0.999997 0.002476
-0.000825 -0.999923 0.012410
-0.000203 -0.999933 0.011602
-0.000203 -0.999933 0.011602
-0.000006 -0.999998 0.002211
-0.000052 -0.999997 0.002476
-0.000052 -0.999997 0.002476
-0.000006 -0.999998 0.002211
0.000036 -1.000000 0.000297
0.000036 -1.000000 0.000297
0.000001 -1.000000 0.000392
-0.000052 -0.999997 0.002476
-0.000203 -0.999933 0.011602
-0.000825 -0.999923 0.012410
-0.000818 -0.995903 0.090426
-0.000818 -0.995903 0.090426
0.000038 -0.996113 0.088081
-0.000203 -0.999933 0.011602
-0.000203 -0.999933 0.011602
0.000038 -0.996113 0.088081
-0.002236 -0.995651 0.093131
-0.002236 -0.995651 0.093131
-0.000688 -0.999910 0.013375
-0.000203 -0.999933 0.011602
-0.000203 -0.999933 0.011602
-0.000688 -0.999910 0.013375
-0.000122 -0.999997 0.002455
-0.000122 -0.999997 0.002455
-0.000006 -0.999998 0.002211
-0.000203 -0.999933 0.011602
-0.000688 -0.999910 0.013375
-0.002236 -0.995651 0.093131
0.005211 -0.994617 0.103489
0.005211 -0.994617 0.103489
0.001991 -0.999914 0.012974
-0.000688 -0.999910 0.013375
-0.000688 -0.999910 0.013375
0.001991 -0.999914 0.012974
0.000491 -0.999997 0.002399
0.000491 -0.999997 0.002399
-0.000122 -0.999997 0.002455
-0.000688 -0.999910 0.013375
0.001991 -0.999914 0.012974
0.005211 -0.994617 0.103489
0.018224 -0.995555 0.092407
0.018224 -0.995555 0.092407
0.003979 -0.999948 0.009431
0.001991 -0.999914 0.012974
0.001991 -0.999914 0.012974
0.003979 -0.999948 0.009431
0.002048 -0.999996 0.001973
0.002048 -0.999996 0.001973
0.000491 -0.999997 0.002399
0.001991 -0.999914 0.012974
0.003979 -0.999948 0.009431
0.018224 -0.995555 0.092407
0.029239 -0.997481 0.064628
0.029239 -0.997481 0.064628
0.010505 -0.999917 0.007451
0.003979 -0.999948 0.009431
0.003979 -0.999948 0.009431
0.010505 -0.999917 0.007451
0.007089 -0.999973 0.001823
0.007089 -0.999973 0.001823
0.002048 -0.999996 0.001973
0.003979 -0.999948 0.009431
0.007089 -0.999973 0.001823
0.006169 -0.999980 0.001507
0.002375 -0.999997 0.000756
0.002375 -0.999997 0.000756
0.002048 -0.999996 0.001973
0.007089 -0.999973 0.001823
0.007089 -0.999973 0.001823
0.010505 -0.999917 0.007451
0.303891 -0.951390 0.050081
0.303891 -0.951390 0.050081
0.323240 -0.944785 0.053831
0.007089 -0.999973 0.001823
0.007089 -0.999973 0.001823
0.323240 -0.944785 0.053831
0.343722 -0.937219 0.058953
0.343722 -0.937219 0.058953
0.006169 -0.999980 0.001507
0.007089 -0.999973 0.001823
0.343722 -0.937219 0.058953
0.372048 -0.925545 0.070335
0.008724 -0.999959 0.002593
0.008724 -0.999959 0.002593
0.006169 -0.999980 0.001507
0.343722 -0.937219 0.058953
0.343722 -0.937219 0.058953
0.323240 -0.944785 0.053831
0.899405 -0.410511 0.150170
0.899405 -0.410511 0.150170
0.908952 -0.386536 0.156196
0.343722 -0.937219 0.058953
0.343722 -0.937219 0.058953
0.908952 -0.386536 0.156196
0.913317 -0.367182 0.176149
0.913317 -0.367182 0.176149
0.372048 -0.925545 0.070335
0.343722 -0.937219 0.058953
0.913317 -0.367182 0.176149
0.881859 -0.365681 0.297662
0.384741 -0.914233 0.127096
0.384741 -0.914233 0.127096
0.372048 -0.925545 0.070335
0.913317 -0.367182 0.176149
0.913317 -0.367182 0.176149
0.908952 -0.386536 0.156196
0.982872 0.077347 0.167274
0.982872 0.077347 0.167274
0.979047 0.072553 0.190268
0.913317 -0.367182 0.176149
0.913317 -0.367182 0.176149
0.979047 0.072553 0.190268
0.946666 0.059113 0.316747
0.946666 0.059113 0.316747
0.881859 -0.365681 0.297662
0.913317 -0.367182 0.176149
0.946666 0.059113 0.316747
0.846644 0.062102 0.528524
0.818499 -0.221548 0.530071
0.818499 -0.221548 0.530071
0.881859 -0.365681 0.297662
0.946666 0.059113 0.316747
0.946666 0.059113 0.316747
0.979047 0.072553 0.190268
0.976802 0.100585 0.189052
0.976802 0.100585 0.189052
0.946840 0.100153 0.305718
0.946666 0.059113 0.316747
0.946666 0.059113 0.316747
0.946840 0.100153 0.305718
0.851047 0.073275 0.519952
0.851047 0.073275 0.519952
0.846644 0.062102 0.528524
0.946666 0.059113 0.316747
0.851047 0.073275 0.519952
0.693483 0.079035 0.716125
0.690102 0.080622 0.719207
0.690102 0.080622 0.719207
0.846644 0.062102 0.528524
0.851047 0.073275 0.519952
0.851047 0.073275 0.519952
0.946840 0.100153 0.305718
0.953068 0.088328 0.289587
0.953068 0.088328 0.289587
0.865401 0.059500 0.497534
0.851047 0.073275 0.519952
0.851047 0.073275 0.519952
0.865401 0.059500 0.497534
0.699080 0.081004 0.710440
0.699080 0.081004 0.710440
0.693483 0.079035 0.716125
0.851047 0.073275 0.519952
0.699080 0.081004 0.710440
0.503213 0.097087 0.858691
0.501676 0.083926 0.860975
0.501676 0.083926 0.860975
0.693483 0.079035 0.716125
0.699080 0.081004 0.710440
0.160823 0.970346 0.180459
0.235861 0.959890 0.151595
0.204420 0.966916 0.152597
0.204420 0.966916 0.152597
0.152233 0.970778 0.185513
0.160823 0.970346 0.180459
0.160823 0.970346 0.180459
0.152233 0.970778 0.185513
0.104580 0.974788 0.197109
0.104580 0.974788 0.197109
0.109027 0.976022 0.188401
0.160823 0.970346 0.180459
0.104580 0.974788 0.197109
0.152233 0.970778 0.185513
0.126014 0.976031 0.177437
0.126014 0.976031 0.177437
0.088873 0.976020 0.198712
0.104580 0.974788 0.197109
0.104580 0.974788 0.197109
0.088873 0.976020 0.198712
0.045035 0.979136 0.198152
0.045035 0.979136 0.198152
0.051083 0.978053 0.201997
0.104580 0.974788 0.197109
0.104580 0.974788 0.197109
0.051083 0.978053 0.201997
0.053098 0.977918 0.202131
0.053098 0.977918 0.202131
0.109027 0.976022 0.188401
0.104580 0.974788 0.197109
0.053098 0.977918 0.202131
0.051083 0.978053 0.201997
-0.001169 0.979202 0.202885
-0.001169 0.979202 0.202885
-0.004122 0.978746 0.205037
0.053098 0.977918 0.202131
0.263204 0.111427 0.958284
-0.018388 0.101015 0.994715
-0.025088 0.094740 0.995186
-0.025088 0.094740 0.995186
0.260074 0.094357 0.960967
0.263204 0.111427 0.958284
0.263204 0.111427 0.958284
0.260074 0.094357 0.960967
0.501676 0.083926 0.860975
0.501676 0.083926 0.860975
0.503213 0.097087 0.858691
0.263204 0.111427 0.958284
-0.025088 0.094740 0.995186
-0.018388 0.101015 0.994715
-0.312202 0.079147 0.946713
-0.312202 0.079147 0.946713
-0.311254 0.072822 0.947533
-0.025088 0.094740 0.995186
-0.025088 0.094740 0.995186
-0.311254 0.072822 0.947533
-0.315624 0.055029 0.947287
-0.315624 0.055029 0.947287
-0.028733 0.086795 0.995812
-0.025088 0.094740 0.995186
-0.025088 0.094740 0.995186
-0.028733 0.086795 0.995812
0.259385 0.082729 0.962224
0.259385 0.082729 0.962224
0.260074 0.094357 0.960967
-0.025088 0.094740 0.995186
-0.315624 0.055029 0.947287
-0.311254 0.072822 0.947533
-0.566995 0.058324 0.821654
-0.566995 0.058324 0.821654
-0.563652 0.021784 0.825725
-0.315624 0.055029 0.947287
-0.315624 0.055029 0.947287
-0.563652 0.021784 0.825725
-0.568292 0.127740 0.812851
-0.568292 0.127740 0.812851
-0.315155 0.043831 0.948027
-0.315624 0.055029 0.947287
-0.315624 0.055029 0.947287
-0.315155 0.043831 0.948027
-0.030317 0.076527 0.996606
-0.030317 0.076527 0.996606
-0.028733 0.086795 0.995812
-0.315624 0.055029 0.947287
-0.315155 0.043831 0.948027
-0.568292 0.127740 0.812851
-0.566204 -0.138069 0.812619
-0.566204 -0.138069 0.812619
-0.314360 0.014081 0.949199
-0.315155 0.043831 0.948027
-0.315155 0.043831 0.948027
-0.314360 0.014081 0.949199
-0.033280 -0.046966 0.998342
-0.033280 -0.046966 0.998342
-0.030317 0.076527 0.996606
-0.315155 0.043831 0.948027
-0.314360 0.014081 0.949199
-0.566204 -0.138069 0.812619
-0.371649 -0.735293 0.566764
-0.371649 -0.735293 0.566764
-0.311555 -0.291786 0.904320
-0.314360 0.014081 0.949199
-0.314360 0.014081 0.949199
-0.311555 -0.291786 0.904320
-0.027625 -0.203965 0.978588
-0.027625 -0.203965 0.978588
-0.033280 -0.046966 0.998342
-0.314360 0.014081 0.949199
-0.311555 -0.291786 0.904320
-0.371649 -0.735293 0.566764
-0.076042 -0.981675 0.174734
-0.076042 -0.981675 0.174734
-0.177816 -0.814059 0.552892
-0.311555 -0.291786 0.904320
-0.311555 -0.291786 0.904320
-0.177816 -0.814059 0.552892
-0.026996 -0.504021 0.863270
-0.026996 -0.504021 0.863270
-0.027625 -0.203965 0.978588
-0.311555 -0.291786 0.904320
-0.026996 -0.504021 0.863270
0.154663 -0.682356 0.714472
0.247076 -0.173803 0.953282
0.247076 -0.173803 0.953282
-0.027625 -0.203965 0.978588
-0.026996 -0.504021 0.863270
-0.026996 -0.504021 0.863270
-0.177816 -0.814059 0.552892
-0.028686 -0.989907 0.138787
-0.028686 -0.989907 0.138787
-0.019777 -0.872460 0.488285
-0.026996 -0.504021 0.863270
-0.026996 -0.504021 0.863270
-0.019777 -0.872460 0.488285
0.029782 -0.978063 0.206168
0.029782 -0.978063 0.206168
0.154663 -0.682356 0.714472
-0.026996 -0.504021 0.863270
0.029782 -0.978063 0.206168
-0.072191 -0.997048 -0.026133
0.127826 -0.961978 0.241370
0.127826 -0.961978 0.241370
0.154663 -0.682356 0.714472
0.029782 -0.978063 0.206168
0.029782 -0.978063 0.206168
-0.019777 -0.872460 0.488285
-0.006229 -0.985020 0.172327
-0.006229 -0.985020 0.172327
0.014417 -0.999424 0.030707
0.029782 -0.978063 0.206168
0.029782 -0.978063 0.206168
0.014417 -0.999424 0.030707
-0.125520 -0.989254 -0.074971
-0.125520 -0.989254 -0.074971
-0.072191 -0.997048 -0.026133
0.029782 -0.978063 0.206168
-0.384289 -0.499072 -0.776691
0.055490 -0.148620 -0.987336
0.034574 -0.667376 -0.743918
0.034574 -0.667376 -0.743918
-0.245797 -0.829860 -0.500916
-0.384289 -0.499072 -0.776691
-0.384289 -0.499072 -0.776691
-0.245797 -0.829860 -0.500916
-0.270015 -0.940612 -0.205770
-0.270015 -0.940612 -0.205770
-0.448790 -0.830950 -0.328802
-0.384289 -0.499072 -0.776691
-0.006229 -0.985020 0.172327
-0.019777 -0.872460 0.488285
-0.028686 -0.989907 0.138787
-0.028686 -0.989907 0.138787
-0.000150 -0.999962 0.008673
-0.006229 -0.985020 0.172327
0.055490 -0.148620 -0.987336
0.404033 -0.619923 -0.672646
0.251352 -0.864816 -0.434643
0.251352 -0.864816 -0.434643
0.034574 -0.667376 -0.743918
0.055490 -0.148620 -0.987336
-0.566204 -0.138069 0.812619
-0.568292 0.127740 0.812851
-0.773112 -0.023396 0.633838
-0.773112 -0.023396 0.633838
-0.585379 -0.622779 0.519112
-0.566204 -0.138069 0.812619
-0.566204 -0.138069 0.812619
-0.585379 -0.622779 0.519112
-0.127876 -0.979651 0.154699
-0.127876 -0.979651 0.154699
-0.371649 -0.735293 0.566764
-0.566204 -0.138069 0.812619
-0.585379 -0.622779 0.519112
-0.773112 -0.023396 0.633838
-0.889718 -0.261714 0.374041
-0.889718 -0.261714 0.374041
-0.471154 -0.856631 0.210233
-0.585379 -0.622779 0.519112
-0.585379 -0.622779 0.519112
-0.471154 -0.856631 0.210233
-0.025138 -0.999330 0.026603
-0.025138 -0.999330 0.026603
-0.127876 -0.979651 0.154699
-0.585379 -0.622779 0.519112
-0.471154 -0.856631 0.210233
-0.889718 -0.261714 0.374041
-0.949710 -0.229202 0.213347
-0.949710 -0.229202 0.213347
-0.516352 -0.847902 0.120180
-0.471154 -0.856631 0.210233
-0.471154 -0.856631 0.210233
-0.516352 -0.847902 0.120180
-0.013810 -0.999894 0.004590
-0.013810 -0.999894 0.004590
-0.025138 -0.999330 0.026603
-0.471154 -0.856631 0.210233
-0.516352 -0.847902 0.120180
-0.949710 -0.229202 0.213347
-0.964965 -0.203843 0.165199
-0.964965 -0.203843 0.165199
-0.517128 -0.851106 0.090536
-0.516352 -0.847902 0.120180
-0.516352 -0.847902 0.120180
-0.517128 -0.851106 0.090536
-0.008702 -0.999959 0.002466
-0.008702 -0.999959 0.002466
-0.013810 -0.999894 0.004590
-0.516352 -0.847902 0.120180
-0.517128 -0.851106 0.090536
-0.964965 -0.203843 0.165199
-0.969347 -0.182386 0.164629
-0.969347 -0.182386 0.164629
-0.541424 -0.835694 0.092063
-0.517128 -0.851106 0.090536
-0.517128 -0.851106 0.090536
-0.541424 -0.835694 0.092063
-0.013718 -0.999905 0.001417
-0.013718 -0.999905 0.001417
-0.008702 -0.999959 0.002466
-0.517128 -0.851106 0.090536
-0.013718 -0.999905 0.001417
-0.541424 -0.835694 0.092063
-0.538135 -0.838256 0.087962
-0.538135 -0.838256 0.087962
-0.024762 -0.999663 0.007747
-0.013718 -0.999905 0.001417
-0.013718 -0.999905 0.001417
-0.024762 -0.999663 0.007747
-0.005982 -0.999950 0.007974
-0.005982 -0.999950 0.007974
-0.003718 -0.999992 0.001652
-0.013718 -0.999905 0.001417
-0.013718 -0.999905 0.001417
-0.003718 -0.999992 0.001652
-0.004146 -0.999991 0.001071
-0.004146 -0.999991 0.001071
-0.008702 -0.999959 0.002466
-0.013718 -0.999905 0.001417
-0.005982 -0.999950 0.007974
-0.024762 -0.999663 0.007747
-0.033027 -0.998779 0.036744
-0.033027 -0.998779 0.036744
-0.020717 -0.998606 0.048543
-0.005982 -0.999950 0.007974
-0.005982 -0.999950 0.007974
-0.020717 -0.998606 0.048543
-0.018109 -0.997136 0.073436
-0.018109 -0.997136 0.073436
-0.002964 -0.999931 0.011384
-0.005982 -0.999950 0.007974
-0.005982 -0.999950 0.007974
-0.002964 -0.999931 0.011384
-0.001306 -0.999998 0.001447
-0.001306 -0.999998 0.001447
-0.003718 -0.999992 0.001652
-0.005982 -0.999950 0.007974
-0.002964 -0.999931 0.011384
-0.018109 -0.997136 0.073436
-0.004921 -0.995731 0.092167
-0.004921 -0.995731 0.092167
-0.000204 -0.999918 0.012770
-0.002964 -0.999931 0.011384
-0.002964 -0.999931 0.011384
-0.000204 -0.999918 0.012770
-0.000526 -0.999997 0.002210
-0.000526 -0.999997 0.002210
-0.001306 -0.999998 0.001447
-0.002964 -0.999931 0.011384
-0.000204 -0.999918 0.012770
-0.004921 -0.995731 0.092167
0.006316 -0.996285 0.085888
0.006316 -0.996285 0.085888
0.001156 -0.999949 0.009994
-0.000204 -0.999918 0.012770
-0.000204 -0.999918 0.012770
0.001156 -0.999949 0.009994
0.000260 -0.999998 0.002168
0.000260 -0.999998 0.002168
-0.000526 -0.999997 0.002210
-0.000204 -0.999918 0.012770
0.001156 -0.999949 0.009994
0.006316 -0.996285 0.085888
-0.001500 -0.996370 0.085116
-0.001500 -0.996370 0.085116
-0.000021 -0.999957 0.009294
0.001156 -0.999949 0.009994
0.001156 -0.999949 0.009994
-0.000021 -0.999957 0.009294
0.000019 -0.999998 0.001988
0.000019 -0.999998 0.001988
0.000260 -0.999998 0.002168
0.001156 -0.999949 0.009994
-0.001500 -0.996370 0.085116
0.006316 -0.996285 0.085888
0.010874 -0.954339 0.298529
0.010874 -0.954339 0.298529
-0.001469 -0.953860 0.300248
-0.001500 -0.996370 0.085116
-0.001500 -0.996370 0.085116
-0.001469 -0.953860 0.300248
-0.000785 -0.952171 0.305565
-0.000785 -0.952171 0.305565
-0.000818 -0.995903 0.090426
-0.001500 -0.996370 0.085116
-0.001500 -0.996370 0.085116
-0.000818 -0.995903 0.090426
-0.000825 -0.999923 0.012410
-0.000825 -0.999923 0.012410
-0.000021 -0.999957 0.009294
-0.001500 -0.996370 0.085116
-0.000785 -0.952171 0.305565
-0.001469 -0.953860 0.300248
0.001138 -0.824735 0.565518
0.001138 -0.824735 0.565518
-0.000095 -0.822907 0.568177
-0.000785 -0.952171 0.305565
-0.000785 -0.952171 0.305565
-0.000095 -0.822907 0.568177
-0.007614 -0.822750 0.568353
-0.007614 -0.822750 0.568353
-0.003665 -0.951499 0.307631
-0.000785 -0.952171 0.305565
-0.000785 -0.952171 0.305565
-0.003665 -0.951499 0.307631
0.000038 -0.996113 0.088081
0.000038 -0.996113 0.088081
-0.000818 -0.995903 0.090426
-0.000785 -0.952171 0.305565
-0.003665 -0.951499 0.307631
-0.007614 -0.822750 0.568353
-0.003602 -0.821920 0.569592
-0.003602 -0.821920 0.569592
-0.005644 -0.948159 0.317745
-0.003665 -0.951499 0.307631
-0.003665 -0.951499 0.307631
-0.005644 -0.948159 0.317745
-0.002236 -0.995651 0.093131
-0.002236 -0.995651 0.093131
0.000038 -0.996113 0.088081
-0.003665 -0.951499 0.307631
-0.005644 -0.948159 0.317745
-0.003602 -0.821920 0.569592
0.079153 -0.819457 0.567649
0.079153 -0.819457 0.567649
0.035359 -0.948757 0.314021
-0.005644 -0.948159 0.317745
-0.005644 -0.948159 0.317745
0.035359 -0.948757 0.314021
0.005211 -0.994617 0.103489
0.005211 -0.994617 0.103489
-0.002236 -0.995651 0.093131
-0.005644 -0.948159 0.317745
0.035359 -0.948757 0.314021
0.079153 -0.819457 0.567649
0.198008 -0.826145 0.527520
0.198008 -0.826145 0.527520
0.099800 -0.960974 0.258009
0.035359 -0.948757 0.314021
0.035359 -0.948757 0.314021
0.099800 -0.960974 0.258009
0.018224 -0.995555 0.092407
0.018224 -0.995555 0.092407
0.005211 -0.994617 0.103489
0.035359 -0.948757 0.314021
0.099800 -0.960974 0.258009
0.198008 -0.826145 0.527520
0.282650 -0.851632 0.441398
0.282650 -0.851632 0.441398
0.121343 -0.974836 0.187005
0.099800 -0.960974 0.258009
0.099800 -0.960974 0.258009
0.121343 -0.974836 0.187005
0.029239 -0.997481 0.064628
0.029239 -0.997481 0.064628
0.018224 -0.995555 0.092407
0.099800 -0.960974 0.258009
0.121343 -0.974836 0.187005
0.282650 -0.851632 0.441398
0.351577 -0.863501 0.361607
0.351577 -0.863501 0.361607
0.282817 -0.944804 0.165409
0.121343 -0.974836 0.187005
0.121343 -0.974836 0.187005
0.282817 -0.944804 0.165409
0.285949 -0.954471 0.084961
0.285949 -0.954471 0.084961
0.029239 -0.997481 0.064628
0.121343 -0.974836 0.187005
0.285949 -0.954471 0.084961
0.303891 -0.951390 0.050081
0.010505 -0.999917 0.007451
0.010505 -0.999917 0.007451
0.029239 -0.997481 0.064628
0.285949 -0.954471 0.084961
0.285949 -0.954471 0.084961
0.282817 -0.944804 0.165409
0.866784 -0.462740 0.185894
0.866784 -0.462740 0.185894
0.871413 -0.462367 0.163881
0.285949 -0.954471 0.084961
0.285949 -0.954471 0.084961
0.871413 -0.462367 0.163881
0.885020 -0.442120 0.145840
0.885020 -0.442120 0.145840
0.303891 -0.951390 0.050081
0.285949 -0.954471 0.084961
0.885020 -0.442120 0.145840
0.899405 -0.410511 0.150170
0.323240 -0.944785 0.053831
0.323240 -0.944785 0.053831
0.303891 -0.951390 0.050081
0.885020 -0.442120 0.145840
0.885020 -0.442120 0.145840
0.871413 -0.462367 0.163881
0.984592 0.061660 0.163638
0.984592 0.061660 0.163638
0.984170 0.066927 0.164104
0.885020 -0.442120 0.145840
0.885020 -0.442120 0.145840
0.984170 0.066927 0.164104
0.983924 0.072951 0.163007
0.983924 0.072951 0.163007
0.899405 -0.410511 0.150170
0.885020 -0.442120 0.145840
0.983924 0.072951 0.163007
0.982872 0.077347 0.167274
0.908952 -0.386536 0.156196
0.908952 -0.386536 0.156196
0.899405 -0.410511 0.150170
0.983924 0.072951 0.163007
0.983924 0.072951 0.163007
0.984170 0.066927 0.164104
0.980627 0.107050 0.164045
0.980627 0.107050 0.164045
0.980730 0.107065 0.163422
0.983924 0.072951 0.163007
0.983924 0.072951 0.163007
0.980730 0.107065 0.163422
0.980778 0.104737 0.164632
0.980778 0.104737 0.164632
0.982872 0.077347 0.167274
0.983924 0.072951 0.163007
0.980778 0.104737 0.164632
0.976802 0.100585 0.189052
0.979047 0.072553 0.190268
0.979047 0.072553 0.190268
0.982872 0.077347 0.167274
0.980778 0.104737 0.164632
0.980778 0.104737 0.164632
0.980730 0.107065 0.163422
0.978598 0.125680 0.162941
0.978598 0.125680 0.162941
0.978751 0.124685 0.162789
0.980778 0.104737 0.164632
0.980778 0.104737 0.164632
0.978751 0.124685 0.162789
0.975313 0.119853 0.185470
0.975313 0.119853 0.185470
0.976802 0.100585 0.189052
0.980778 0.104737 0.164632
0.975313 0.119853 0.185470
0.953068 0.088328 0.289587
0.946840 0.100153 0.305718
0.946840 0.100153 0.305718
0.976802 0.100585 0.189052
0.975313 0.119853 0.185470
0.376704 0.921919 0.090333
0.405899 0.911381 0.068041
0.367431 0.927701 0.066074
0.367431 0.927701 0.066074
0.336559 0.936050 0.102658
0.376704 0.921919 0.090333
0.376704 0.921919 0.090333
0.336559 0.936050 0.102658
0.274159 0.953811 0.122809
0.274159 0.953811 0.122809
0.310322 0.945788 0.095837
0.376704 0.921919 0.090333
0.274159 0.953811 0.122809
0.204420 0.966916 0.152597
0.235861 0.959890 0.151595
0.235861 0.959890 0.151595
0.310322 0.945788 0.095837
0.274159 0.953811 0.122809
0.274159 0.953811 0.122809
0.336559 0.936050 0.102658
0.198894 0.974108 0.107494
0.198894 0.974108 0.107494
0.186780 0.972888 0.136388
0.274159 0.953811 0.122809
0.274159 0.953811 0.122809
0.186780 0.972888 0.136388
0.160346 0.974912 0.154388
0.160346 0.974912 0.154388
0.204420 0.966916 0.152597
0.274159 0.953811 0.122809
0.160346 0.974912 0.154388
0.126014 0.976031 0.177437
0.152233 0.970778 0.185513
0.152233 0.970778 0.185513
0.204420 0.966916 0.152597
0.160346 0.974912 0.154388
0.160346 0.974912 0.154388
0.186780 0.972888 0.136388
0.103263 0.987836 0.116265
0.103263 0.987836 0.116265
0.092930 0.984753 0.147055
0.160346 0.974912 0.154388
0.160346 0.974912 0.154388
0.092930 0.984753 0.147055
0.083847 0.983238 0.161903
0.083847 0.983238 0.161903
0.126014 0.976031 0.177437
0.160346 0.974912 0.154388
0.092930 0.984753 0.147055
0.103263 0.987836 0.116265
0.043062 0.994245 0.098094
0.043062 0.994245 0.098094
0.050734 0.990135 0.130610
0.092930 0.984753 0.147055
0.092930 0.984753 0.147055
0.050734 0.990135 0.130610
0.044374 0.986460 0.157888
0.044374 0.986460 0.157888
0.083847 0.983238 0.161903
0.092930 0.984753 0.147055
0.050734 0.990135 0.130610
0.043062 0.994245 0.098094
0.013536 0.995990 0.088438
0.013536 0.995990 0.088438
0.015970 0.992492 0.121265
0.050734 0.990135 0.130610
0.050734 0.990135 0.130610
0.015970 0.992492 0.121265
0.012328 0.987290 0.158449
0.012328 0.987290 0.158449
0.044374 0.986460 0.157888
0.050734 0.990135 0.130610
0.012328 0.987290 0.158449
0.006491 0.984058 0.177731
0.035742 0.983526 0.177196
0.035742 0.983526 0.177196
0.044374 0.986460 0.157888
0.012328 0.987290 0.158449
0.012328 0.987290 0.158449
0.015970 0.992492 0.121265
-0.020712 0.992361 0.121614
-0.020712 0.992361 0.121614
-0.019108 0.987444 0.156810
0.012328 0.987290 0.158449
0.012328 0.987290 0.158449
-0.019108 0.987444 0.156810
-0.026294 0.983707 0.177846
-0.026294 0.983707 0.177846
0.006491 0.984058 0.177731
0.012328 0.987290 0.158449
0.006491 0.984058 0.177731
-0.026294 0.983707 0.177846
-0.039693 0.980219 0.193896
-0.039693 0.980219 0.193896
0.001451 0.981028 0.193861
0.006491 0.984058 0.177731
0.006491 0.984058 0.177731
0.001451 0.981028 0.193861
0.045035 0.979136 0.198152
0.045035 0.979136 0.198152
0.035742 0.983526 0.177196
0.006491 0.984058 0.177731
0.001451 0.981028 0.193861
-0.039693 0.980219 0.193896
-0.057016 0.977947 0.200918
-0.057016 0.977947 0.200918
-0.001169 0.979202 0.202885
0.001451 0.981028 0.193861
0.001451 0.981028 0.193861
-0.001169 0.979202 0.202885
0.051083 0.978053 0.201997
0.051083 0.978053 0.201997
0.045035 0.979136 0.198152
0.001451 0.981028 0.193861
-0.057016 0.977947 0.200918
-0.039693 0.980219 0.193896
-0.088356 0.978988 0.183780
-0.088356 0.978988 0.183780
-0.110817 0.974999 0.192606
-0.057016 0.977947 0.200918
-0.057016 0.977947 0.200918
-0.110817 0.974999 0.192606
-0.119467 0.974968 0.187524
-0.119467 0.974968 0.187524
-0.065205 0.978472 0.195809
-0.057016 0.977947 0.200918
-0.057016 0.977947 0.200918
-0.065205 0.978472 0.195809
-0.004122 0.978746 0.205037
-0.004122 0.978746 0.205037
-0.001169 0.979202 0.202885
-0.057016 0.977947 0.200918
-0.119467 0.974968 0.187524
-0.110817 0.974999 0.192606
-0.174547 0.970172 0.168228
-0.174547 0.970172 0.168228
-0.203303 0.964158 0.170494
-0.119467 0.974968 0.187524
-0.572970 0.066729 0.816855
-0.792632 0.080579 0.604352
-0.779797 0.075305 0.621486
-0.779797 0.075305 0.621486
-0.566995 0.058324 0.821654
-0.572970 0.066729 0.816855
-0.572970 0.066729 0.816855
-0.566995 0.058324 0.821654
-0.311254 0.072822 0.947533
-0.311254 0.072822 0.947533
-0.312202 0.079147 0.946713
-0.572970 0.066729 0.816855
-0.779797 0.075305 0.621486
-0.792632 0.080579 0.604352
-0.928959 0.073633 0.362784
-0.928959 0.073633 0.362784
-0.920945 0.094590 0.378039
-0.779797 0.075305 0.621486
-0.779797 0.075305 0.621486
-0.920945 0.094590 0.378039
-0.919780 0.060585 0.387729
-0.919780 0.060585 0.387729
-0.770965 0.055965 0.634414
-0.779797 0.075305 0.621486
-0.779797 0.075305 0.621486
-0.770965 0.055965 0.634414
-0.563652 0.021784 0.825725
-0.563652 0.021784 0.825725
-0.566995 0.058324 0.821654
-0.779797 0.075305 0.621486
-0.770965 0.055965 0.634414
-0.919780 0.060585 0.387729
-0.889718 -0.261714 0.374041
-0.889718 -0.261714 0.374041
-0.773112 -0.023396 0.633838
-0.770965 0.055965 0.634414
-0.770965 0.055965 0.634414
-0.773112 -0.023396 0.633838
-0.568292 0.127740 0.812851
-0.568292 0.127740 0.812851
-0.563652 0.021784 0.825725
-0.770965 0.055965 0.634414
-0.919780 0.060585 0.387729
-0.920945 0.094590 0.378039
-0.972436 0.098385 0.211398
-0.972436 0.098385 0.211398
-0.974790 0.061821 0.214387
-0.919780 0.060585 0.387729
-0.919780 0.060585 0.387729
-0.974790 0.061821 0.214387
-0.949710 -0.229202 0.213347
-0.949710 -0.229202 0.213347
-0.889718 -0.261714 0.374041
-0.919780 0.060585 0.387729
-0.974790 0.061821 0.214387
-0.972436 0.098385 0.211398
-0.980663 0.105667 0.164726
-0.980663 0.105667 0.164726
-0.982635 0.079763 0.167531
-0.974790 0.061821 0.214387
-0.974790 0.061821 0.214387
-0.982635 0.079763 0.167531
-0.964965 -0.203843 0.165199
-0.964965 -0.203843 0.165199
-0.949710 -0.229202 0.213347
-0.974790 0.061821 0.214387
-0.982635 0.079763 0.167531
-0.980663 0.105667 0.164726
-0.980407 0.109659 0.163636
-0.980407 0.109659 0.163636
-0.983218 0.079013 0.164434
-0.982635 0.079763 0.167531
-0.982635 0.079763 0.167531
-0.983218 0.079013 0.164434
-0.969347 -0.182386 0.164629
-0.969347 -0.182386 0.164629
-0.964965 -0.203843 0.165199
-0.982635 0.079763 0.167531
-0.983218 0.079013 0.164434
-0.980407 0.109659 0.163636
-0.980236 0.109846 0.164532
-0.980236 0.109846 0.164532
-0.983495 0.076195 0.164109
-0.983218 0.079013 0.164434
-0.983218 0.079013 0.164434
-0.983495 0.076195 0.164109
-0.967135 -0.198591 0.158778
-0.967135 -0.198591 0.158778
-0.969347 -0.182386 0.164629
-0.983218 0.079013 0.164434
-0.967135 -0.198591 0.158778
-0.983495 0.076195 0.164109
-0.984195 0.068776 0.163190
-0.984195 0.068776 0.163190
-0.963961 -0.208650 0.165061
-0.967135 -0.198591 0.158778
-0.967135 -0.198591 0.158778
-0.963961 -0.208650 0.165061
-0.535860 -0.837009 0.110770
-0.535860 -0.837009 0.110770
-0.538135 -0.838256 0.087962
-0.967135 -0.198591 0.158778
-0.967135 -0.198591 0.158778
-0.538135 -0.838256 0.087962
-0.541424 -0.835694 0.092063
-0.541424 -0.835694 0.092063
-0.969347 -0.182386 0.164629
-0.967135 -0.198591 0.158778
-0.535860 -0.837009 0.110770
-0.963961 -0.208650 0.165061
-0.961034 -0.206556 0.183710
-0.961034 -0.206556 0.183710
-0.548349 -0.819336 0.167338
-0.535860 -0.837009 0.110770
-0.535860 -0.837009 0.110770
-0.548349 -0.819336 0.167338
-0.118536 -0.980521 0.156615
-0.118536 -0.980521 0.156615
-0.033027 -0.998779 0.036744
-0.535860 -0.837009 0.110770
-0.535860 -0.837009 0.110770
-0.033027 -0.998779 0.036744
-0.024762 -0.999663 0.007747
-0.024762 -0.999663 0.007747
-0.538135 -0.838256 0.087962
-0.535860 -0.837009 0.110770
-0.118536 -0.980521 0.156615
-0.548349 -0.819336 0.167338
-0.588321 -0.755015 0.289534
-0.588321 -0.755015 0.289534
-0.275800 -0.903989 0.326709
-0.118536 -0.980521 0.156615
-0.118536 -0.980521 0.156615
-0.275800 -0.903989 0.326709
-0.257594 -0.883890 0.390364
-0.257594 -0.883890 0.390364
-0.115509 -0.966744 0.228177
-0.118536 -0.980521 0.156615
-0.118536 -0.980521 0.156615
-0.115509 -0.966744 0.228177
-0.020717 -0.998606 0.048543
-0.020717 -0.998606 0.048543
-0.033027 -0.998779 0.036744
-0.118536 -0.980521 0.156615
-0.115509 -0.966744 0.228177
-0.257594 -0.883890 0.390364
-0.179879 -0.849869 0.495344
-0.179879 -0.849869 0.495344
-0.078829 -0.955177 0.285345
-0.115509 -0.966744 0.228177
-0.115509 -0.966744 0.228177
-0.078829 -0.955177 0.285345
-0.018109 -0.997136 0.073436
-0.018109 -0.997136 0.073436
-0.020717 -0.998606 0.048543
-0.115509 -0.966744 0.228177
-0.078829 -0.955177 0.285345
-0.179879 -0.849869 0.495344
-0.047220 -0.831900 0.552912
-0.047220 -0.831900 0.552912
-0.018903 -0.951787 0.306177
-0.078829 -0.955177 0.285345
-0.078829 -0.955177 0.285345
-0.018903 -0.951787 0.306177
-0.004921 -0.995731 0.092167
-0.004921 -0.995731 0.092167
-0.018109 -0.997136 0.073436
-0.078829 -0.955177 0.285345
-0.018903 -0.951787 0.306177
-0.047220 -0.831900 0.552912
0.007532 -0.826827 0.562406
0.007532 -0.826827 0.562406
0.010874 -0.954339 0.298529
-0.018903 -0.951787 0.306177
-0.018903 -0.951787 0.306177
0.010874 -0.954339 0.298529
0.006316 -0.996285 0.085888
0.006316 -0.996285 0.085888
-0.004921 -0.995731 0.092167
-0.018903 -0.951787 0.306177
0.007532 -0.826827 0.562406
-0.047220 -0.831900 0.552912
-0.070941 -0.651413 0.755399
-0.070941 -0.651413 0.755399
0.000784 -0.648686 0.761056
0.007532 -0.826827 0.562406
0.007532 -0.826827 0.562406
0.000784 -0.648686 0.761056
-0.000396 -0.642914 0.765938
-0.000396 -0.642914 0.765938
0.001138 -0.824735 0.565518
0.007532 -0.826827 0.562406
0.007532 -0.826827 0.562406
0.001138 -0.824735 0.565518
-0.001469 -0.953860 0.300248
-0.001469 -0.953860 0.300248
0.010874 -0.954339 0.298529
0.007532 -0.826827 0.562406
-0.000396 -0.642914 0.765938
0.000784 -0.648686 0.761056
-0.004490 -0.464538 0.885542
-0.004490 -0.464538 0.885542
-0.003062 -0.461487 0.887142
-0.000396 -0.642914 0.765938
-0.000396 -0.642914 0.765938
-0.003062 -0.461487 0.887142
0.000849 -0.460551 0.887633
0.000849 -0.460551 0.887633
0.000995 -0.640449 0.768000
-0.000396 -0.642914 0.765938
-0.000396 -0.642914 0.765938
0.000995 -0.640449 0.768000
-0.000095 -0.822907 0.568177
-0.000095 -0.822907 0.568177
0.001138 -0.824735 0.565518
-0.000396 -0.642914 0.765938
0.000995 -0.640449 0.768000
0.000849 -0.460551 0.887633
0.000969 -0.457647 0.889134
0.000969 -0.457647 0.889134
-0.002897 -0.638636 0.769504
0.000995 -0.640449 0.768000
0.000995 -0.640449 0.768000
-0.002897 -0.638636 0.769504
-0.007614 -0.822750 0.568353
-0.007614 -0.822750 0.568353
-0.000095 -0.822907 0.568177
0.000995 -0.640449 0.768000
-0.002897 -0.638636 0.769504
0.000969 -0.457647 0.889134
0.005931 -0.458082 0.888890
0.005931 -0.458082 0.888890
0.002736 -0.641347 0.767246
-0.002897 -0.638636 0.769504
-0.002897 -0.638636 0.769504
0.002736 -0.641347 0.767246
-0.003602 -0.821920 0.569592
-0.003602 -0.821920 0.569592
-0.007614 -0.822750 0.568353
-0.002897 -0.638636 0.769504
0.002736 -0.641347 0.767246
0.005931 -0.458082 0.888890
0.122441 -0.455130 0.881966
0.122441 -0.455130 0.881966
0.105132 -0.642908 0.758694
0.002736 -0.641347 0.767246
0.002736 -0.641347 0.767246
0.105132 -0.642908 0.758694
0.079153 -0.819457 0.567649
0.079153 -0.819457 0.567649
-0.003602 -0.821920 0.569592
0.002736 -0.641347 0.767246
0.105132 -0.642908 0.758694
0.122441 -0.455130 0.881966
0.349669 -0.451643 0.820823
0.349669 -0.451643 0.820823
0.289972 -0.663454 0.689743
0.105132 -0.642908 0.758694
0.105132 -0.642908 0.758694
0.289972 -0.663454 0.689743
0.198008 -0.826145 0.527520
0.198008 -0.826145 0.527520
0.079153 -0.819457 0.567649
0.105132 -0.642908 0.758694
0.289972 -0.663454 0.689743
0.349669 -0.451643 0.820823
0.493702 -0.465805 0.734360
0.493702 -0.465805 0.734360
0.411846 -0.700369 0.582981
0.289972 -0.663454 0.689743
0.289972 -0.663454 0.689743
0.411846 -0.700369 0.582981
0.282650 -0.851632 0.441398
0.282650 -0.851632 0.441398
0.198008 -0.826145 0.527520
0.289972 -0.663454 0.689743
0.411846 -0.700369 0.582981
0.493702 -0.465805 0.734360
0.551239 -0.498377 0.669146
0.551239 -0.498377 0.669146
0.458679 -0.724038 0.515154
0.411846 -0.700369 0.582981
0.411846 -0.700369 0.582981
0.458679 -0.724038 0.515154
0.351577 -0.863501 0.361607
0.351577 -0.863501 0.361607
0.282650 -0.851632 0.441398
0.411846 -0.700369 0.582981
0.458679 -0.724038 0.515154
0.551239 -0.498377 0.669146
0.739102 -0.420679 0.526078
0.739102 -0.420679 0.526078
0.749070 -0.528492 0.399487
0.458679 -0.724038 0.515154
0.458679 -0.724038 0.515154
0.749070 -0.528492 0.399487
0.795952 -0.527562 0.296883
0.795952 -0.527562 0.296883
0.351577 -0.863501 0.361607
0.458679 -0.724038 0.515154
0.795952 -0.527562 0.296883
0.866784 -0.462740 0.185894
0.282817 -0.944804 0.165409
0.282817 -0.944804 0.165409
0.351577 -0.863501 0.361607
0.795952 -0.527562 0.296883
0.795952 -0.527562 0.296883
0.749070 -0.528492 0.399487
0.973352 -0.084797 0.213061
0.973352 -0.084797 0.213061
0.982686 -0.012294 0.184870
0.795952 -0.527562 0.296883
0.795952 -0.527562 0.296883
0.982686 -0.012294 0.184870
0.986481 0.051865 0.155449
0.986481 0.051865 0.155449
0.866784 -0.462740 0.185894
0.795952 -0.527562 0.296883
0.986481 0.051865 0.155449
0.984592 0.061660 0.163638
0.871413 -0.462367 0.163881
0.871413 -0.462367 0.163881
0.866784 -0.462740 0.185894
0.986481 0.051865 0.155449
0.986481 0.051865 0.155449
0.982686 -0.012294 0.184870
0.983272 0.084020 0.161609
0.983272 0.084020 0.161609
0.982571 0.088052 0.163709
0.986481 0.051865 0.155449
0.986481 0.051865 0.155449
0.982571 0.088052 0.163709
0.981770 0.092286 0.166168
0.981770 0.092286 0.166168
0.984592 0.061660 0.163638
0.986481 0.051865 0.155449
0.981770 0.092286 0.166168
0.980627 0.107050 0.164045
0.984170 0.066927 0.164104
0.984170 0.066927 0.164104
0.984592 0.061660 0.163638
0.981770 0.092286 0.166168
0.981770 0.092286 0.166168
0.982571 0.088052 0.163709
0.981923 0.095411 0.163478
0.981923 0.095411 0.163478
0.980407 0.098867 0.170376
0.981770 0.092286 0.166168
0.981770 0.092286 0.166168
0.980407 0.098867 0.170376
0.978635 0.122155 0.165384
0.978635 0.122155 0.165384
0.980627 0.107050 0.164045
0.981770 0.092286 0.166168
0.978635 0.122155 0.165384
0.978598 0.125680 0.162941
0.980730 0.107065 0.163422
0.980730 0.107065 0.163422
0.980627 0.107050 0.164045
0.978635 0.122155 0.165384
0.405384 0.911560 0.068723
0.401288 0.913253 0.070261
0.352302 0.933831 0.061989
0.352302 0.933831 0.061989
0.358875 0.931478 0.059649
0.405384 0.911560 0.068723
0.405384 0.911560 0.068723
0.358875 0.931478 0.059649
0.366179 0.928589 0.060295
0.366179 0.928589 0.060295
0.407604 0.910638 0.067802
0.405384 0.911560 0.068723
0.366179 0.928589 0.060295
0.367431 0.927701 0.066074
0.405899 0.911381 0.068041
0.405899 0.911381 0.068041
0.407604 0.910638 0.067802
0.366179 0.928589 0.060295
0.366179 0.928589 0.060295
0.358875 0.931478 0.059649
0.251101 0.967203 0.038290
0.251101 0.967203 0.038290
0.247789 0.967828 0.043707
0.366179 0.928589 0.060295
0.366179 0.928589 0.060295
0.247789 0.967828 0.043707
0.230045 0.970838 0.067479
0.230045 0.970838 0.067479
0.367431 0.927701 0.066074
0.366179 0.928589 0.060295
0.230045 0.970838 0.067479
0.198894 0.974108 0.107494
0.336559 0.936050 0.102658
0.336559 0.936050 0.102658
0.367431 0.927701 0.066074
0.230045 0.970838 0.067479
0.230045 0.970838 0.067479
0.247789 0.967828 0.043707
0.119788 0.991596 0.048861
0.119788 0.991596 0.048861
0.099121 0.992683 0.068961
0.230045 0.970838 0.067479
0.230045 0.970838 0.067479
0.099121 0.992683 0.068961
0.099069 0.991230 0.087450
0.099069 0.991230 0.087450
0.198894 0.974108 0.107494
0.230045 0.970838 0.067479
0.099069 0.991230 0.087450
0.103263 0.987836 0.116265
0.186780 0.972888 0.136388
0.186780 0.972888 0.136388
0.198894 0.974108 0.107494
0.099069 0.991230 0.087450
0.099069 0.991230 0.087450
0.099121 0.992683 0.068961
0.047640 0.996137 0.073767
0.047640 0.996137 0.073767
0.043650 0.996095 0.076737
0.099069 0.991230 0.087450
0.099069 0.991230 0.087450
0.043650 0.996095 0.076737
0.043062 0.994245 0.098094
0.043062 0.994245 0.098094
0.103263 0.987836 0.116265
0.099069 0.991230 0.087450
0.043650 0.996095 0.076737
0.047640 0.996137 0.073767
0.016224 0.996993 0.075776
0.016224 0.996993 0.075776
0.013216 0.996821 0.078577
0.043650 0.996095 0.076737
0.043650 0.996095 0.076737
0.013216 0.996821 0.078577
0.013536 0.995990 0.088438
0.013536 0.995990 0.088438
0.043062 0.994245 0.098094
0.043650 0.996095 0.076737
0.013216 0.996821 0.078577
0.016224 0.996993 0.075776
-0.018796 0.996814 0.077515
-0.018796 0.996814 0.077515
-0.016370 0.996863 0.077433
0.013216 0.996821 0.078577
0.013216 0.996821 0.078577
-0.016370 0.996863 0.077433
-0.015405 0.995861 0.089570
-0.015405 0.995861 0.089570
0.013536 0.995990 0.088438
0.013216 0.996821 0.078577
-0.015405 0.995861 0.089570
-0.020712 0.992361 0.121614
0.015970 0.992492 0.121265
0.015970 0.992492 0.121265
0.013536 0.995990 0.088438
-0.015405 0.995861 0.089570
-0.015405 0.995861 0.089570
-0.016370 0.996863 0.077433
-0.045922 0.995954 0.077245
-0.045922 0.995954 0.077245
-0.045337 0.993722 0.102278
-0.015405 0.995861 0.089570
-0.015405 0.995861 0.089570
-0.045337 0.993722 0.102278
-0.051234 0.989831 0.132699
-0.051234 0.989831 0.132699
-0.020712 0.992361 0.121614
-0.015405 0.995861 0.089570
-0.045337 0.993722 0.102278
-0.045922 0.995954 0.077245
-0.099920 0.991042 0.088608
-0.099920 0.991042 0.088608
-0.097602 0.987548 0.123376
-0.045337 0.993722 0.102278
-0.045337 0.993722 0.102278
-0.097602 0.987548 0.123376
-0.082863 0.984663 0.153536
-0.082863 0.984663 0.153536
-0.051234 0.989831 0.132699
-0.045337 0.993722 0.102278
-0.097602 0.987548 0.123376
-0.099920 0.991042 0.088608
-0.199743 0.973972 0.107153
-0.199743 0.973972 0.107153
-0.172493 0.974049 0.146541
-0.097602 0.987548 0.123376
-0.097602 0.987548 0.123376
-0.172493 0.974049 0.146541
-0.136493 0.976662 0.165833
-0.136493 0.976662 0.165833
-0.082863 0.984663 0.153536
-0.097602 0.987548 0.123376
-0.136493 0.976662 0.165833
-0.088356 0.978988 0.183780
-0.062532 0.983693 0.168634
-0.062532 0.983693 0.168634
-0.082863 0.984663 0.153536
-0.136493 0.976662 0.165833
-0.136493 0.976662 0.165833
-0.172493 0.974049 0.146541
-0.252764 0.957990 0.135519
-0.252764 0.957990 0.135519
-0.174547 0.970172 0.168228
-0.136493 0.976662 0.165833
-0.136493 0.976662 0.165833
-0.174547 0.970172 0.168228
-0.110817 0.974999 0.192606
-0.110817 0.974999 0.192606
-0.088356 0.978988 0.183780
-0.136493 0.976662 0.165833
-0.252764 0.957990 0.135519
-0.172493 0.974049 0.146541
-0.199743 0.973972 0.107153
-0.199743 0.973972 0.107153
-0.325554 0.939431 0.107163
-0.252764 0.957990 0.135519
-0.252764 0.957990 0.135519
-0.325554 0.939431 0.107163
-0.361320 0.927390 0.096930
-0.361320 0.927390 0.096930
-0.285408 0.951304 0.116459
-0.252764 0.957990 0.135519
-0.252764 0.957990 0.135519
-0.285408 0.951304 0.116459
-0.203303 0.964158 0.170494
-0.203303 0.964158 0.170494
-0.174547 0.970172 0.168228
-0.252764 0.957990 0.135519
-0.361320 0.927390 0.096930
-0.325554 0.939431 0.107163
-0.363652 0.928911 0.069867
-0.363652 0.928911 0.069867
-0.404748 0.911892 0.068067
-0.361320 0.927390 0.096930
-0.971921 0.112653 0.206587
-0.978726 0.125454 0.162348
-0.980663 0.105667 0.164726
-0.980663 0.105667 0.164726
-0.972436 0.098385 0.211398
-0.971921 0.112653 0.206587
-0.971921 0.112653 0.206587
-0.972436 0.098385 0.211398
-0.920945 0.094590 0.378039
-0.920945 0.094590 0.378039
-0.928959 0.073633 0.362784
-0.971921 0.112653 0.206587
-0.404748 0.911892 0.068067
-0.363652 0.928911 0.069867
-0.370537 0.926605 0.064068
-0.370537 0.926605 0.064068
-0.408062 0.910437 0.067743
-0.404748 0.911892 0.068067
-0.978726 0.125454 0.162348
-0.978527 0.126362 0.162839
-0.980407 0.109659 0.163636
-0.980407 0.109659 0.163636
-0.980663 0.105667 0.164726
-0.978726 0.125454 0.162348
-0.408062 0.910437 0.067743
-0.370537 0.926605 0.064068
-0.363902 0.929622 0.058126
-0.363902 0.929622 0.058126
-0.406256 0.911165 0.068812
-0.408062 0.910437 0.067743
-0.978527 0.126362 0.162839
-0.978384 0.124077 0.165436
-0.980236 0.109846 0.164532
-0.980236 0.109846 0.164532
-0.980407 0.109659 0.163636
-0.978527 0.126362 0.162839
-0.406256 0.911165 0.068812
-0.363902 0.929622 0.058126
-0.354208 0.933103 0.062095
-0.354208 0.933103 0.062095
-0.402214 0.912850 0.070206
-0.406256 0.911165 0.068812
-0.978384 0.124077 0.165436
-0.979869 0.104212 0.170281
-0.981454 0.095447 0.166246
-0.981454 0.095447 0.166246
-0.980236 0.109846 0.164532
-0.978384 0.124077 0.165436
-0.981454 0.095447 0.166246
-0.979869 0.104212 0.170281
-0.981788 0.096660 0.163554
-0.981788 0.096660 0.163554
-0.982432 0.090115 0.163421
-0.981454 0.095447 0.166246
-0.981454 0.095447 0.166246
-0.982432 0.090115 0.163421
-0.983664 0.071863 0.165046
-0.983664 0.071863 0.165046
-0.984195 0.068776 0.163190
-0.981454 0.095447 0.166246
-0.981454 0.095447 0.166246
-0.984195 0.068776 0.163190
-0.983495 0.076195 0.164109
-0.983495 0.076195 0.164109
-0.980236 0.109846 0.164532
-0.981454 0.095447 0.166246
-0.983664 0.071863 0.165046
-0.982432 0.090115 0.163421
-0.982683 0.087564 0.163298
-0.982683 0.087564 0.163298
-0.983791 0.072355 0.164073
-0.983664 0.071863 0.165046
-0.983664 0.071863 0.165046
-0.983791 0.072355 0.164073
-0.952063 -0.217168 0.215438
-0.952063 -0.217168 0.215438
-0.961034 -0.206556 0.183710
-0.983664 0.071863 0.165046
-0.983664 0.071863 0.165046
-0.961034 -0.206556 0.183710
-0.963961 -0.208650 0.165061
-0.963961 -0.208650 0.165061
-0.984195 0.068776 0.163190
-0.983664 0.071863 0.165046
-0.952063 -0.217168 0.215438
-0.983791 0.072355 0.164073
-0.986055 0.056767 0.156437
-0.986055 0.056767 0.156437
-0.940438 -0.223925 0.255803
-0.952063 -0.217168 0.215438
-0.952063 -0.217168 0.215438
-0.940438 -0.223925 0.255803
-0.636589 -0.632689 0.440974
-0.636589 -0.632689 0.440974
-0.588321 -0.755015 0.289534
-0.952063 -0.217168 0.215438
-0.952063 -0.217168 0.215438
-0.588321 -0.755015 0.289534
-0.548349 -0.819336 0.167338
-0.548349 -0.819336 0.167338
-0.961034 -0.206556 0.183710
-0.952063 -0.217168 0.215438
-0.636589 -0.632689 0.440974
-0.940438 -0.223925 0.255803
-0.932544 -0.173156 0.316825
-0.932544 -0.173156 0.316825
-0.715260 -0.460123 0.526013
-0.636589 -0.632689 0.440974
-0.636589 -0.632689 0.440974
-0.715260 -0.460123 0.526013
-0.531848 -0.553773 0.640682
-0.531848 -0.553773 0.640682
-0.418658 -0.722845 0.549746
-0.636589 -0.632689 0.440974
-0.636589 -0.632689 0.440974
-0.418658 -0.722845 0.549746
-0.275800 -0.903989 0.326709
-0.275800 -0.903989 0.326709
-0.588321 -0.755015 0.289534
-0.636589 -0.632689 0.440974
-0.418658 -0.722845 0.549746
-0.531848 -0.553773 0.640682
-0.485739 -0.512735 0.707927
-0.485739 -0.512735 0.707927
-0.398232 -0.676140 0.619876
-0.418658 -0.722845 0.549746
-0.418658 -0.722845 0.549746
-0.398232 -0.676140 0.619876
-0.257594 -0.883890 0.390364
-0.257594 -0.883890 0.390364
-0.275800 -0.903989 0.326709
-0.418658 -0.722845 0.549746
-0.398232 -0.676140 0.619876
-0.485739 -0.512735 0.707927
-0.318044 -0.493269 0.809651
-0.318044 -0.493269 0.809651
-0.265840 -0.650885 0.711111
-0.398232 -0.676140 0.619876
-0.398232 -0.676140 0.619876
-0.265840 -0.650885 0.711111
-0.179879 -0.849869 0.495344
-0.179879 -0.849869 0.495344
-0.257594 -0.883890 0.390364
-0.398232 -0.676140 0.619876
-0.265840 -0.650885 0.711111
-0.318044 -0.493269 0.809651
-0.093545 -0.475196 0.874893
-0.093545 -0.475196 0.874893
-0.070941 -0.651413 0.755399
-0.265840 -0.650885 0.711111
-0.265840 -0.650885 0.711111
-0.070941 -0.651413 0.755399
-0.047220 -0.831900 0.552912
-0.047220 -0.831900 0.552912
-0.179879 -0.849869 0.495344
-0.265840 -0.650885 0.711111
-0.093545 -0.475196 0.874893
-0.318044 -0.493269 0.809651
-0.348551 -0.310541 0.884350
-0.348551 -0.310541 0.884350
-0.105848 -0.324356 0.939994
-0.093545 -0.475196 0.874893
-0.093545 -0.475196 0.874893
-0.105848 -0.324356 0.939994
-0.006281 -0.324901 0.945727
-0.006281 -0.324901 0.945727
-0.004490 -0.464538 0.885542
-0.093545 -0.475196 0.874893
-0.093545 -0.475196 0.874893
-0.004490 -0.464538 0.885542
0.000784 -0.648686 0.761056
0.000784 -0.648686 0.761056
-0.070941 -0.651413 0.755399
-0.093545 -0.475196 0.874893
-0.006281 -0.324901 0.945727
-0.105848 -0.324356 0.939994
-0.100124 -0.221426 0.970024
-0.100124 -0.221426 0.970024
-0.005838 -0.222247 0.974973
-0.006281 -0.324901 0.945727
-0.006281 -0.324901 0.945727
-0.005838 -0.222247 0.974973
-0.002005 -0.221052 0.975260
-0.002005 -0.221052 0.975260
-0.002222 -0.323388 0.946264
-0.006281 -0.324901 0.945727
-0.006281 -0.324901 0.945727
-0.002222 -0.323388 0.946264
-0.003062 -0.461487 0.887142
-0.003062 -0.461487 0.887142
-0.004490 -0.464538 0.885542
-0.006281 -0.324901 0.945727
-0.002222 -0.323388 0.946264
-0.002005 -0.221052 0.975260
0.000157 -0.219839 0.975536
0.000157 -0.219839 0.975536
0.000748 -0.322536 0.946557
-0.002222 -0.323388 0.946264
-0.002222 -0.323388 0.946264
0.000748 -0.322536 0.946557
0.000849 -0.460551 0.887633
0.000849 -0.460551 0.887633
-0.003062 -0.461487 0.887142
-0.002222 -0.323388 0.946264
0.000748 -0.322536 0.946557
0.000157 -0.219839 0.975536
0.001711 -0.217992 0.975949
0.001711 -0.217992 0.975949
0.001616 -0.319593 0.947554
0.000748 -0.322536 0.946557
0.000748 -0.322536 0.946557
0.001616 -0.319593 0.947554
0.000969 -0.457647 0.889134
0.000969 -0.457647 0.889134
0.000849 -0.460551 0.887633
0.000748 -0.322536 0.946557
0.001616 -0.319593 0.947554
0.001711 -0.217992 0.975949
0.005920 -0.217111 0.976129
0.005920 -0.217111 0.976129
0.007286 -0.318509 0.947892
0.001616 -0.319593 0.947554
0.001616 -0.319593 0.947554
0.007286 -0.318509 0.947892
0.005931 -0.458082 0.888890
0.005931 -0.458082 0.888890
0.000969 -0.457647 0.889134
0.001616 -0.319593 0.947554
0.007286 -0.318509 0.947892
0.005920 -0.217111 0.976129
0.119333 -0.215165 0.969259
0.119333 -0.215165 0.969259
0.125474 -0.316124 0.940384
0.007286 -0.318509 0.947892
0.007286 -0.318509 0.947892
0.125474 -0.316124 0.940384
0.122441 -0.455130 0.881966
0.122441 -0.455130 0.881966
0.005931 -0.458082 0.888890
0.007286 -0.318509 0.947892
0.125474 -0.316124 0.940384
0.119333 -0.215165 0.969259
0.400721 -0.196447 0.894892
0.400721 -0.196447 0.894892
0.383331 -0.311599 0.869461
0.125474 -0.316124 0.940384
0.125474 -0.316124 0.940384
0.383331 -0.311599 0.869461
0.349669 -0.451643 0.820823
0.349669 -0.451643 0.820823
0.122441 -0.455130 0.881966
0.125474 -0.316124 0.940384
0.383331 -0.311599 0.869461
0.400721 -0.196447 0.894892
0.581079 -0.192385 0.790781
0.581079 -0.192385 0.790781
0.549395 -0.328740 0.768176
0.383331 -0.311599 0.869461
0.383331 -0.311599 0.869461
0.549395 -0.328740 0.768176
0.493702 -0.465805 0.734360
0.493702 -0.465805 0.734360
0.349669 -0.451643 0.820823
0.383331 -0.311599 0.869461
0.549395 -0.328740 0.768176
0.581079 -0.192385 0.790781
0.632502 -0.201698 0.747836
0.632502 -0.201698 0.747836
0.604801 -0.351224 0.714743
0.549395 -0.328740 0.768176
0.549395 -0.328740 0.768176
0.604801 -0.351224 0.714743
0.551239 -0.498377 0.669146
0.551239 -0.498377 0.669146
0.493702 -0.465805 0.734360
0.549395 -0.328740 0.768176
0.604801 -0.351224 0.714743
0.632502 -0.201698 0.747836
0.711589 -0.196014 0.674700
0.711589 -0.196014 0.674700
0.714238 -0.307948 0.628516
0.604801 -0.351224 0.714743
0.604801 -0.351224 0.714743
0.714238 -0.307948 0.628516
0.739102 -0.420679 0.526078
0.739102 -0.420679 0.526078
0.551239 -0.498377 0.669146
0.604801 -0.351224 0.714743
0.714238 -0.307948 0.628516
0.711589 -0.196014 0.674700
0.903137 -0.090821 0.419637
0.903137 -0.090821 0.419637
0.913493 -0.124218 0.387428
0.714238 -0.307948 0.628516
0.714238 -0.307948 0.628516
0.913493 -0.124218 0.387428
0.945975 -0.131036 0.296583
0.945975 -0.131036 0.296583
0.739102 -0.420679 0.526078
0.714238 -0.307948 0.628516
0.945975 -0.131036 0.296583
0.973352 -0.084797 0.213061
0.749070 -0.528492 0.399487
0.749070 -0.528492 0.399487
0.739102 -0.420679 0.526078
0.945975 -0.131036 0.296583
0.945975 -0.131036 0.296583
0.913493 -0.124218 0.387428
0.982596 0.020273 0.184646
0.982596 0.020273 0.184646
0.984533 0.039306 0.170732
0.945975 -0.131036 0.296583
0.945975 -0.131036 0.296583
0.984533 0.039306 0.170732
0.984390 0.069165 0.161844
0.984390 0.069165 0.161844
0.973352 -0.084797 0.213061
0.945975 -0.131036 0.296583
0.913493 -0.124218 0.387428
0.903137 -0.090821 0.419637
0.981204 0.010637 0.192679
0.981204 0.010637 0.192679
0.982596 0.020273 0.184646
0.913493 -0.124218 0.387428
0.981204 0.010637 0.192679
0.903137 -0.090821 0.419637
0.900463 -0.053657 0.431610
0.900463 -0.053657 0.431610
0.980698 0.007180 0.195395
0.981204 0.010637 0.192679
0.981204 0.010637 0.192679
0.980698 0.007180 0.195395
0.986938 0.016491 0.160254
0.986938 0.016491 0.160254
0.986437 0.027311 0.161852
0.981204 0.010637 0.192679
0.981204 0.010637 0.192679
0.986437 0.027311 0.161852
0.985461 0.041358 0.164792
0.985461 0.041358 0.164792
0.982596 0.020273 0.184646
0.981204 0.010637 0.192679
0.986437 0.027311 0.161852
0.986938 0.016491 0.160254
0.988343 0.019749 0.150956
0.988343 0.019749 0.150956
0.987384 0.030119 0.155451
0.986437 0.027311 0.161852
0.986437 0.027311 0.161852
0.987384 0.030119 0.155451
0.985826 0.050713 0.159924
0.985826 0.050713 0.159924
0.985461 0.041358 0.164792
0.986437 0.027311 0.161852
0.987384 0.030119 0.155451
0.988343 0.019749 0.150956
0.991013 0.024546 0.131497
0.991013 0.024546 0.131497
0.989943 0.036609 0.136647
0.987384 0.030119 0.155451
0.987384 0.030119 0.155451
0.989943 0.036609 0.136647
0.987455 0.059448 0.146280
0.987455 0.059448 0.146280
0.985826 0.050713 0.159924
0.987384 0.030119 0.155451
0.987455 0.059448 0.146280
0.986252 0.077676 0.145852
0.984441 0.075044 0.158885
0.984441 0.075044 0.158885
0.985826 0.050713 0.159924
0.987455 0.059448 0.146280
0.987455 0.059448 0.146280
0.989943 0.036609 0.136647
0.994474 0.053364 0.090411
0.994474 0.053364 0.090411
0.991955 0.078248 0.099515
0.987455 0.059448 0.146280
0.987455 0.059448 0.146280
0.991955 0.078248 0.099515
0.989643 0.094816 0.107780
0.989643 0.094816 0.107780
0.986252 0.077676 0.145852
0.987455 0.059448 0.146280
0.380088 0.924399 0.031926
0.319378 0.947491 0.016054
0.329657 0.943045 0.044629
0.329657 0.943045 0.044629
0.397605 0.915604 0.059830
0.380088 0.924399 0.031926
0.989643 0.094816 0.107780
0.991955 0.078248 0.099515
0.992538 0.121814 -0.005404
0.992538 0.121814 -0.005404
0.989970 0.141229 0.003822
0.989643 0.094816 0.107780
0.380088 0.924399 0.031926
0.351832 0.936061 0.001848
0.295150 0.955217 -0.021123
0.295150 0.955217 -0.021123
0.319378 0.947491 0.016054
0.380088 0.924399 0.031926
0.295150 0.955217 -0.021123
0.351832 0.936061 0.001848
0.327754 0.943697 -0.044867
0.327754 0.943697 -0.044867
0.262933 0.963253 -0.054872
0.295150 0.955217 -0.021123
0.295150 0.955217 -0.021123
0.262933 0.963253 -0.054872
0.164157 0.984662 -0.059107
0.164157 0.984662 -0.059107
0.175817 0.983613 -0.039925
0.295150 0.955217 -0.021123
0.295150 0.955217 -0.021123
0.175817 0.983613 -0.039925
0.193977 0.980968 -0.008634
0.193977 0.980968 -0.008634
0.319378 0.947491 0.016054
0.295150 0.955217 -0.021123
0.193977 0.980968 -0.008634
0.211447 0.977187 0.019885
0.329657 0.943045 0.044629
0.329657 0.943045 0.044629
0.319378 0.947491 0.016054
0.193977 0.980968 -0.008634
0.193977 0.980968 -0.008634
0.175817 0.983613 -0.039925
0.101024 0.993645 -0.049644
0.101024 0.993645 -0.049644
0.100773 0.994559 -0.026415
0.193977 0.980968 -0.008634
0.193977 0.980968 -0.008634
0.100773 0.994559 -0.026415
0.099569 0.995021 0.004468
0.099569 0.995021 0.004468
0.211447 0.977187 0.019885
0.193977 0.980968 -0.008634
0.099569 0.995021 0.004468
0.104826 0.994359 0.016180
0.214603 0.976178 0.031978
0.214603 0.976178 0.031978
0.211447 0.977187 0.019885
0.099569 0.995021 0.004468
0.099569 0.995021 0.004468
0.100773 0.994559 -0.026415
0.029431 0.999548 -0.006180
0.029431 0.999548 -0.006180
0.024662 0.999695 0.000929
0.099569 0.995021 0.004468
0.099569 0.995021 0.004468
0.024662 0.999695 0.000929
0.028304 0.999593 0.003436
0.028304 0.999593 0.003436
0.104826 0.994359 0.016180
0.099569 0.995021 0.004468
0.028304 0.999593 0.003436
0.031827 0.999487 0.003545
0.109025 0.993932 0.014595
0.109025 0.993932 0.014595
0.104826 0.994359 0.016180
0.028304 0.999593 0.003436
0.028304 0.999593 0.003436
0.024662 0.999695 0.000929
0.003158 0.999995 0.000408
0.003158 0.999995 0.000408
0.003341 0.999994 0.000020
0.028304 0.999593 0.003436
0.028304 0.999593 0.003436
0.003341 0.999994 0.000020
0.003537 0.999994 0.000394
0.003537 0.999994 0.000394
0.031827 0.999487 0.003545
0.028304 0.999593 0.003436
0.003537 0.999994 0.000394
0.004240 0.999991 0.000283
0.034930 0.999385 0.003089
0.034930 0.999385 0.003089
0.031827 0.999487 0.003545
0.003537 0.999994 0.000394
0.003537 0.999994 0.000394
0.003341 0.999994 0.000020
-0.002935 0.999996 0.000065
-0.002935 0.999996 0.000065
-0.002697 0.999996 -0.000079
0.003537 0.999994 0.000394
0.003537 0.999994 0.000394
-0.002697 0.999996 -0.000079
-0.003643 0.999993 0.000551
-0.003643 0.999993 0.000551
0.004240 0.999991 0.000283
0.003537 0.999994 0.000394
-0.003643 0.999993 0.000551
-0.004951 0.999988 0.000183
0.004828 0.999988 0.000026
0.004828 0.999988 0.000026
0.004240 0.999991 0.000283
-0.003643 0.999993 0.000551
-0.003643 0.999993 0.000551
-0.002697 0.999996 -0.000079
-0.030047 0.999547 0.001836
-0.030047 0.999547 0.001836
-0.033944 0.999412 0.004773
-0.003643 0.999993 0.000551
-0.003643 0.999993 0.000551
-0.033944 0.999412 0.004773
-0.042631 0.999066 0.007040
-0.042631 0.999066 0.007040
-0.004951 0.999988 0.000183
-0.003643 0.999993 0.000551
-0.042631 0.999066 0.007040
-0.051692 0.998656 0.003753
-0.006176 0.999981 0.000496
-0.006176 0.999981 0.000496
-0.004951 0.999988 0.000183
-0.042631 0.999066 0.007040
-0.042631 0.999066 0.007040
-0.033944 0.999412 0.004773
-0.118206 0.992811 0.018799
-0.118206 0.992811 0.018799
-0.124714 0.991911 0.023656
-0.042631 0.999066 0.007040
-0.042631 0.999066 0.007040
-0.124714 0.991911 0.023656
-0.135642 0.990498 0.022696
-0.135642 0.990498 0.022696
-0.051692 0.998656 0.003753
-0.042631 0.999066 0.007040
-0.135642 0.990498 0.022696
-0.147410 0.988687 0.027710
-0.061350 0.998040 0.012346
-0.061350 0.998040 0.012346
-0.051692 0.998656 0.003753
-0.135642 0.990498 0.022696
-0.135642 0.990498 0.022696
-0.124714 0.991911 0.023656
-0.234887 0.971270 0.038241
-0.234887 0.971270 0.038241
-0.239284 0.970131 0.039866
-0.135642 0.990498 0.022696
-0.135642 0.990498 0.022696
-0.239284 0.970131 0.039866
-0.245417 0.968556 0.040854
-0.245417 0.968556 0.040854
-0.147410 0.988687 0.027710
-0.135642 0.990498 0.022696
-0.245417 0.968556 0.040854
-0.252877 0.966843 0.035598
-0.142740 0.989096 0.036259
-0.142740 0.989096 0.036259
-0.147410 0.988687 0.027710
-0.245417 0.968556 0.040854
-0.245417 0.968556 0.040854
-0.239284 0.970131 0.039866
-0.350632 0.934686 0.058477
-0.350632 0.934686 0.058477
-0.354208 0.933103 0.062095
-0.245417 0.968556 0.040854
-0.245417 0.968556 0.040854
-0.354208 0.933103 0.062095
-0.363902 0.929622 0.058126
-0.363902 0.929622 0.058126
-0.252877 0.966843 0.035598
-0.245417 0.968556 0.040854
-0.350632 0.934686 0.058477
-0.239284 0.970131 0.039866
-0.234887 0.971270 0.038241
-0.234887 0.971270 0.038241
-0.346083 0.936459 0.057195
-0.350632 0.934686 0.058477
-0.350632 0.934686 0.058477
-0.346083 0.936459 0.057195
-0.402053 0.913212 0.066319
-0.402053 0.913212 0.066319
-0.403223 0.912594 0.067708
-0.350632 0.934686 0.058477
-0.350632 0.934686 0.058477
-0.403223 0.912594 0.067708
-0.402214 0.912850 0.070206
-0.402214 0.912850 0.070206
-0.354208 0.933103 0.062095
-0.350632 0.934686 0.058477
-0.402053 0.913212 0.066319
-0.346083 0.936459 0.057195
-0.342970 0.937562 0.057873
-0.342970 0.937562 0.057873
-0.400193 0.914016 0.066488
-0.402053 0.913212 0.066319
-0.982115 0.094203 0.163020
-0.982216 0.091645 0.163870
-0.983480 0.080211 0.162273
-0.983480 0.080211 0.162273
-0.982683 0.087564 0.163298
-0.982115 0.094203 0.163020
-0.982115 0.094203 0.163020
-0.982683 0.087564 0.163298
-0.982432 0.090115 0.163421
-0.982432 0.090115 0.163421
-0.981788 0.096660 0.163554
-0.982115 0.094203 0.163020
-0.983480 0.080211 0.162273
-0.982216 0.091645 0.163870
-0.983403 0.082186 0.161755
-0.983403 0.082186 0.161755
-0.984563 0.072295 0.159405
-0.983480 0.080211 0.162273
-0.983480 0.080211 0.162273
-0.984563 0.072295 0.159405
-0.983036 0.025192 0.181676
-0.983036 0.025192 0.181676
-0.986055 0.056767 0.156437
-0.983480 0.080211 0.162273
-0.983480 0.080211 0.162273
-0.986055 0.056767 0.156437
-0.983791 0.072355 0.164073
-0.983791 0.072355 0.164073
-0.982683 0.087564 0.163298
-0.983480 0.080211 0.162273
-0.400193 0.914016 0.066488
-0.342970 0.937562 0.057873
-0.339046 0.939174 0.054766
-0.339046 0.939174 0.054766
-0.399503 0.914441 0.064770
-0.400193 0.914016 0.066488
-0.339046 0.939174 0.054766
-0.342970 0.937562 0.057873
-0.227308 0.973129 0.036747
-0.227308 0.973129 0.036747
-0.221007 0.974655 0.034690
-0.339046 0.939174 0.054766
-0.339046 0.939174 0.054766
-0.221007 0.974655 0.034690
-0.215656 0.975896 0.033445
-0.215656 0.975896 0.033445
-0.335426 0.940540 0.053613
-0.339046 0.939174 0.054766
-0.339046 0.939174 0.054766
-0.335426 0.940540 0.053613
-0.399966 0.914223 0.064997
-0.399966 0.914223 0.064997
-0.399503 0.914441 0.064770
-0.339046 0.939174 0.054766
-0.335426 0.940540 0.053613
-0.215656 0.975896 0.033445
-0.211161 0.977166 0.023608
-0.211161 0.977166 0.023608
-0.330290 0.942682 0.047523
-0.335426 0.940540 0.053613
-0.335426 0.940540 0.053613
-0.330290 0.942682 0.047523
-0.397073 0.915769 0.060823
-0.397073 0.915769 0.060823
-0.399966 0.914223 0.064997
-0.335426 0.940540 0.053613
-0.330290 0.942682 0.047523
-0.211161 0.977166 0.023608
-0.198835 0.980031 -0.001811
-0.198835 0.980031 -0.001811
-0.321677 0.946455 0.027319
-0.330290 0.942682 0.047523
-0.330290 0.942682 0.047523
-0.321677 0.946455 0.027319
-0.386472 0.921131 0.046444
-0.386472 0.921131 0.046444
-0.397073 0.915769 0.060823
-0.330290 0.942682 0.047523
-0.386472 0.921131 0.046444
-0.321677 0.946455 0.027319
-0.305346 0.952226 -0.005391
-0.305346 0.952226 -0.005391
-0.357940 0.933583 0.017392
-0.386472 0.921131 0.046444
-0.987712 0.084206 0.131659
-0.992435 0.106633 0.060838
-0.993441 0.095480 0.062912
-0.993441 0.095480 0.062912
-0.988598 0.068804 0.133944
-0.987712 0.084206 0.131659
-0.987712 0.084206 0.131659
-0.988598 0.068804 0.133944
-0.986103 0.058478 0.155503
-0.986103 0.058478 0.155503
-0.985962 0.072590 0.150365
-0.987712 0.084206 0.131659
-0.988598 0.068804 0.133944
-0.993441 0.095480 0.062912
-0.995148 0.065739 0.073199
-0.995148 0.065739 0.073199
-0.990813 0.041965 0.128564
-0.988598 0.068804 0.133944
-0.988598 0.068804 0.133944
-0.990813 0.041965 0.128564
-0.987636 0.034270 0.152975
-0.987636 0.034270 0.152975
-0.986103 0.058478 0.155503
-0.988598 0.068804 0.133944
-0.990813 0.041965 0.128564
-0.995148 0.065739 0.073199
-0.995910 0.044607 0.078576
-0.995910 0.044607 0.078576
-0.991568 0.028027 0.126518
-0.990813 0.041965 0.128564
-0.990813 0.041965 0.128564
-0.991568 0.028027 0.126518
-0.988534 0.021636 0.149441
-0.988534 0.021636 0.149441
-0.987636 0.034270 0.152975
-0.990813 0.041965 0.128564
-0.988534 0.021636 0.149441
-0.991568 0.028027 0.126518
-0.991829 0.016260 0.126535
-0.991829 0.016260 0.126535
-0.989065 0.012792 0.146926
-0.988534 0.021636 0.149441
-0.988534 0.021636 0.149441
-0.989065 0.012792 0.146926
-0.987309 0.010583 0.158461
-0.987309 0.010583 0.158461
-0.987019 0.018893 0.159487
-0.988534 0.021636 0.149441
-0.988534 0.021636 0.149441
-0.987019 0.018893 0.159487
-0.986353 0.032202 0.161462
-0.986353 0.032202 0.161462
-0.987636 0.034270 0.152975
-0.988534 0.021636 0.149441
-0.987019 0.018893 0.159487
-0.987309 0.010583 0.158461
-0.981798 0.005503 0.189846
-0.981798 0.005503 0.189846
-0.983000 0.010097 0.183329
-0.987019 0.018893 0.159487
-0.987019 0.018893 0.159487
-0.983000 0.010097 0.183329
-0.982225 0.017328 0.186907
-0.982225 0.017328 0.186907
-0.986353 0.032202 0.161462
-0.987019 0.018893 0.159487
-0.983000 0.010097 0.183329
-0.981798 0.005503 0.189846
-0.910595 -0.023834 0.412611
-0.910595 -0.023834 0.412611
-0.912973 -0.051096 0.404807
-0.983000 0.010097 0.183329
-0.983000 0.010097 0.183329
-0.912973 -0.051096 0.404807
-0.917602 -0.081684 0.389017
-0.917602 -0.081684 0.389017
-0.982225 0.017328 0.186907
-0.983000 0.010097 0.183329
-0.917602 -0.081684 0.389017
-0.930243 -0.118073 0.347428
-0.984290 0.024780 0.174814
-0.984290 0.024780 0.174814
-0.982225 0.017328 0.186907
-0.917602 -0.081684 0.389017
-0.917602 -0.081684 0.389017
-0.912973 -0.051096 0.404807
-0.731350 -0.125432 0.670369
-0.731350 -0.125432 0.670369
-0.735310 -0.207732 0.645110
-0.917602 -0.081684 0.389017
-0.917602 -0.081684 0.389017
-0.735310 -0.207732 0.645110
-0.726777 -0.316584 0.609565
-0.726777 -0.316584 0.609565
-0.930243 -0.118073 0.347428
-0.917602 -0.081684 0.389017
-0.726777 -0.316584 0.609565
-0.715260 -0.460123 0.526013
-0.932544 -0.173156 0.316825
-0.932544 -0.173156 0.316825
-0.930243 -0.118073 0.347428
-0.726777 -0.316584 0.609565
-0.726777 -0.316584 0.609565
-0.735310 -0.207732 0.645110
-0.627403 -0.231469 0.743496
-0.627403 -0.231469 0.743496
-0.592424 -0.350434 0.725417
-0.726777 -0.316584 0.609565
-0.726777 -0.316584 0.609565
-0.592424 -0.350434 0.725417
-0.531848 -0.553773 0.640682
-0.531848 -0.553773 0.640682
-0.715260 -0.460123 0.526013
-0.726777 -0.316584 0.609565
-0.592424 -0.350434 0.725417
-0.627403 -0.231469 0.743496
-0.579740 -0.220065 0.784520
-0.579740 -0.220065 0.784520
-0.542288 -0.318245 0.777588
-0.592424 -0.350434 0.725417
-0.592424 -0.350434 0.725417
-0.542288 -0.318245 0.777588
-0.485739 -0.512735 0.707927
-0.485739 -0.512735 0.707927
-0.531848 -0.553773 0.640682
-0.592424 -0.350434 0.725417
-0.542288 -0.318245 0.777588
-0.579740 -0.220065 0.784520
-0.372260 -0.216666 0.902484
-0.372260 -0.216666 0.902484
-0.348551 -0.310541 0.884350
-0.542288 -0.318245 0.777588
-0.542288 -0.318245 0.777588
-0.348551 -0.310541 0.884350
-0.318044 -0.493269 0.809651
-0.318044 -0.493269 0.809651
-0.485739 -0.512735 0.707927
-0.542288 -0.318245 0.777588
-0.372260 -0.216666 0.902484
-0.579740 -0.220065 0.784520
-0.586215 -0.129496 0.799739
-0.586215 -0.129496 0.799739
-0.375902 -0.158308 0.913037
-0.372260 -0.216666 0.902484
-0.372260 -0.216666 0.902484
-0.375902 -0.158308 0.913037
-0.106922 -0.153177 0.982397
-0.106922 -0.153177 0.982397
-0.100124 -0.221426 0.970024
-0.372260 -0.216666 0.902484
-0.372260 -0.216666 0.902484
-0.100124 -0.221426 0.970024
-0.105848 -0.324356 0.939994
-0.105848 -0.324356 0.939994
-0.348551 -0.310541 0.884350
-0.372260 -0.216666 0.902484
-0.106922 -0.153177 0.982397
-0.375902 -0.158308 0.913037
-0.369811 -0.071009 0.926390
-0.369811 -0.071009 0.926390
-0.115405 -0.077737 0.990272
-0.106922 -0.153177 0.982397
-0.106922 -0.153177 0.982397
-0.115405 -0.077737 0.990272
-0.007913 -0.078817 0.996858
-0.007913 -0.078817 0.996858
-0.004954 -0.143416 0.989650
-0.106922 -0.153177 0.982397
-0.106922 -0.153177 0.982397
-0.004954 -0.143416 0.989650
-0.005838 -0.222247 0.974973
-0.005838 -0.222247 0.974973
-0.100124 -0.221426 0.970024
-0.106922 -0.153177 0.982397
-0.004954 -0.143416 0.989650
-0.007913 -0.078817 0.996858
-0.001985 -0.076867 0.997039
-0.001985 -0.076867 0.997039
-0.002010 -0.141825 0.989890
-0.004954 -0.143416 0.989650
-0.004954 -0.143416 0.989650
-0.002010 -0.141825 0.989890
-0.002005 -0.221052 0.975260
-0.002005 -0.221052 0.975260
-0.005838 -0.222247 0.974973
-0.004954 -0.143416 0.989650
-0.002010 -0.141825 0.989890
-0.001985 -0.076867 0.997039
-0.000004 -0.075942 0.997112
-0.000004 -0.075942 0.997112
0.000178 -0.140676 0.990056
-0.002010 -0.141825 0.989890
-0.002010 -0.141825 0.989890
0.000178 -0.140676 0.990056
0.000157 -0.219839 0.975536
0.000157 -0.219839 0.975536
-0.002005 -0.221052 0.975260
-0.002010 -0.141825 0.989890
0.000178 -0.140676 0.990056
-0.000004 -0.075942 0.997112
0.001997 -0.074501 0.997219
0.001997 -0.074501 0.997219
0.002066 -0.139260 0.990254
0.000178 -0.140676 0.990056
0.000178 -0.140676 0.990056
0.002066 -0.139260 0.990254
0.001711 -0.217992 0.975949
0.001711 -0.217992 0.975949
0.000157 -0.219839 0.975536
0.000178 -0.140676 0.990056
0.002066 -0.139260 0.990254
0.001997 -0.074501 0.997219
0.010057 -0.073388 0.997253
0.010057 -0.073388 0.997253
0.006938 -0.139850 0.990148
0.002066 -0.139260 0.990254
0.002066 -0.139260 0.990254
0.006938 -0.139850 0.990148
0.005920 -0.217111 0.976129
0.005920 -0.217111 0.976129
0.001711 -0.217992 0.975949
0.002066 -0.139260 0.990254
0.006938 -0.139850 0.990148
0.010057 -0.073388 0.997253
0.129825 -0.075095 0.988689
0.129825 -0.075095 0.988689
0.120886 -0.146315 0.981824
0.006938 -0.139850 0.990148
0.006938 -0.139850 0.990148
0.120886 -0.146315 0.981824
0.119333 -0.215165 0.969259
0.119333 -0.215165 0.969259
0.005920 -0.217111 0.976129
0.006938 -0.139850 0.990148
0.120886 -0.146315 0.981824
0.129825 -0.075095 0.988689
0.381071 -0.060716 0.922550
0.381071 -0.060716 0.922550
0.392968 -0.145443 0.907977
0.120886 -0.146315 0.981824
0.120886 -0.146315 0.981824
0.392968 -0.145443 0.907977
0.400721 -0.196447 0.894892
0.400721 -0.196447 0.894892
0.119333 -0.215165 0.969259
0.120886 -0.146315 0.981824
0.392968 -0.145443 0.907977
0.381071 -0.060716 0.922550
0.587296 -0.058767 0.807236
0.587296 -0.058767 0.807236
0.590067 -0.122876 0.797949
0.392968 -0.145443 0.907977
0.392968 -0.145443 0.907977
0.590067 -0.122876 0.797949
0.581079 -0.192385 0.790781
0.581079 -0.192385 0.790781
0.400721 -0.196447 0.894892
0.392968 -0.145443 0.907977
0.590067 -0.122876 0.797949
0.587296 -0.058767 0.807236
0.650827 -0.058714 0.756952
0.650827 -0.058714 0.756952
0.645483 -0.124557 0.753550
0.590067 -0.122876 0.797949
0.590067 -0.122876 0.797949
0.645483 -0.124557 0.753550
0.632502 -0.201698 0.747836
0.632502 -0.201698 0.747836
0.581079 -0.192385 0.790781
0.590067 -0.122876 0.797949
0.645483 -0.124557 0.753550
0.650827 -0.058714 0.756952
0.727279 -0.053833 0.684227
0.727279 -0.053833 0.684227
0.722143 -0.117393 0.681710
0.645483 -0.124557 0.753550
0.645483 -0.124557 0.753550
0.722143 -0.117393 0.681710
0.711589 -0.196014 0.674700
0.711589 -0.196014 0.674700
0.632502 -0.201698 0.747836
0.645483 -0.124557 0.753550
0.722143 -0.117393 0.681710
0.727279 -0.053833 0.684227
0.902883 -0.023599 0.429238
0.902883 -0.023599 0.429238
0.900463 -0.053657 0.431610
0.722143 -0.117393 0.681710
0.722143 -0.117393 0.681710
0.900463 -0.053657 0.431610
0.903137 -0.090821 0.419637
0.903137 -0.090821 0.419637
0.711589 -0.196014 0.674700
0.722143 -0.117393 0.681710
0.902883 -0.023599 0.429238
0.727279 -0.053833 0.684227
0.729487 -0.002566 0.683990
0.729487 -0.002566 0.683990
0.906695 0.000520 0.421787
0.902883 -0.023599 0.429238
0.902883 -0.023599 0.429238
0.906695 0.000520 0.421787
0.982758 0.000920 0.184896
0.982758 0.000920 0.184896
0.981749 0.003556 0.190148
0.902883 -0.023599 0.429238
0.902883 -0.023599 0.429238
0.981749 0.003556 0.190148
0.980698 0.007180 0.195395
0.980698 0.007180 0.195395
0.900463 -0.053657 0.431610
0.902883 -0.023599 0.429238
0.981749 0.003556 0.190148
0.982758 0.000920 0.184896
0.987415 0.000201 0.158152
0.987415 0.000201 0.158152
0.987230 0.008100 0.159095
0.981749 0.003556 0.190148
0.981749 0.003556 0.190148
0.987230 0.008100 0.159095
0.986938 0.016491 0.160254
0.986938 0.016491 0.160254
0.980698 0.007180 0.195395
0.981749 0.003556 0.190148
0.987230 0.008100 0.159095
0.987415 0.000201 0.158152
0.988973 0.000016 0.148093
0.988973 0.000016 0.148093
0.988814 0.009374 0.148861
0.987230 0.008100 0.159095
0.987230 0.008100 0.159095
0.988814 0.009374 0.148861
0.988343 0.019749 0.150956
0.988343 0.019749 0.150956
0.986938 0.016491 0.160254
0.987230 0.008100 0.159095
0.988814 0.009374 0.148861
0.988973 0.000016 0.148093
0.991640 -0.000129 0.129037
0.991640 -0.000129 0.129037
0.991493 0.012534 0.129552
0.988814 0.009374 0.148861
0.988814 0.009374 0.148861
0.991493 0.012534 0.129552
0.991013 0.024546 0.131497
0.991013 0.024546 0.131497
0.988343 0.019749 0.150956
0.988814 0.009374 0.148861
0.991493 0.012534 0.129552
0.991640 -0.000129 0.129037
0.994238 -0.000812 0.107196
0.994238 -0.000812 0.107196
0.994423 0.017936 0.103929
0.991493 0.012534 0.129552
0.991493 0.012534 0.129552
0.994423 0.017936 0.103929
0.994709 0.039540 0.094822
0.994709 0.039540 0.094822
0.991013 0.024546 0.131497
0.991493 0.012534 0.129552
0.994709 0.039540 0.094822
0.994474 0.053364 0.090411
0.989943 0.036609 0.136647
0.989943 0.036609 0.136647
0.991013 0.024546 0.131497
0.994709 0.039540 0.094822
0.994709 0.039540 0.094822
0.994423 0.017936 0.103929
0.997162 0.029858 0.069107
0.997162 0.029858 0.069107
0.996721 0.065196 0.047933
0.994709 0.039540 0.094822
0.994709 0.039540 0.094822
0.996721 0.065196 0.047933
0.994842 0.100237 0.015574
0.994842 0.100237 0.015574
0.994474 0.053364 0.090411
0.994709 0.039540 0.094822
0.994842 0.100237 0.015574
0.992538 0.121814 -0.005404
0.991955 0.078248 0.099515
0.991955 0.078248 0.099515
0.994474 0.053364 0.090411
0.994842 0.100237 0.015574
0.994842 0.100237 0.015574
0.996721 0.065196 0.047933
0.994450 0.104218 -0.014412
0.994450 0.104218 -0.014412
0.985276 0.161708 -0.055521
0.994842 0.100237 0.015574
0.994842 0.100237 0.015574
0.985276 0.161708 -0.055521
0.972782 0.202940 -0.111854
0.972782 0.202940 -0.111854
0.992538 0.121814 -0.005404
0.994842 0.100237 0.015574
0.972782 0.202940 -0.111854
0.962532 0.221744 -0.156082
0.989970 0.141229 0.003822
0.989970 0.141229 0.003822
0.992538 0.121814 -0.005404
0.972782 0.202940 -0.111854
0.972782 0.202940 -0.111854
0.985276 0.161708 -0.055521
0.960521 0.233089 -0.151882
0.960521 0.233089 -0.151882
0.932351 0.297645 -0.205256
0.972782 0.202940 -0.111854
0.972782 0.202940 -0.111854
0.932351 0.297645 -0.205256
0.915196 0.312297 -0.254728
0.915196 0.312297 -0.254728
0.962532 0.221744 -0.156082
0.972782 0.202940 -0.111854
0.283164 0.955502 -0.082668
0.237585 0.967388 -0.087834
0.262933 0.963253 -0.054872
0.262933 0.963253 -0.054872
0.327754 0.943697 -0.044867
0.283164 0.955502 -0.082668
0.915196 0.312297 -0.254728
0.932351 0.297645 -0.205256
0.829962 0.433221 -0.351400
0.829962 0.433221 -0.351400
0.793011 0.441792 -0.419468
0.915196 0.312297 -0.254728
0.283164 0.955502 -0.082668
0.245419 0.964594 -0.096585
0.207027 0.972763 -0.104274
0.207027 0.972763 -0.104274
0.237585 0.967388 -0.087834
0.283164 0.955502 -0.082668
0.207027 0.972763 -0.104274
0.245419 0.964594 -0.096585
0.201725 0.971528 -0.124261
0.201725 0.971528 -0.124261
0.166800 0.979285 -0.114799
0.207027 0.972763 -0.104274
0.207027 0.972763 -0.104274
0.166800 0.979285 -0.114799
0.114680 0.988525 -0.098319
0.114680 0.988525 -0.098319
0.129630 0.986963 -0.095397
0.207027 0.972763 -0.104274
0.207027 0.972763 -0.104274
0.129630 0.986963 -0.095397
0.146606 0.986143 -0.077648
0.146606 0.986143 -0.077648
0.237585 0.967388 -0.087834
0.207027 0.972763 -0.104274
0.146606 0.986143 -0.077648
0.164157 0.984662 -0.059107
0.262933 0.963253 -0.054872
0.262933 0.963253 -0.054872
0.237585 0.967388 -0.087834
0.146606 0.986143 -0.077648
0.146606 0.986143 -0.077648
0.129630 0.986963 -0.095397
0.072101 0.994224 -0.079498
0.072101 0.994224 -0.079498
0.079459 0.994163 -0.072981
0.146606 0.986143 -0.077648
0.146606 0.986143 -0.077648
0.079459 0.994163 -0.072981
0.090634 0.994001 -0.061218
0.090634 0.994001 -0.061218
0.164157 0.984662 -0.059107
0.146606 0.986143 -0.077648
0.090634 0.994001 -0.061218
0.101024 0.993645 -0.049644
0.175817 0.983613 -0.039925
0.175817 0.983613 -0.039925
0.164157 0.984662 -0.059107
0.090634 0.994001 -0.061218
0.090634 0.994001 -0.061218
0.079459 0.994163 -0.072981
0.050934 0.995653 -0.077978
0.050934 0.995653 -0.077978
0.055549 0.996359 -0.064678
0.090634 0.994001 -0.061218
0.090634 0.994001 -0.061218
0.055549 0.996359 -0.064678
0.044937 0.998530 -0.030292
0.044937 0.998530 -0.030292
0.101024 0.993645 -0.049644
0.090634 0.994001 -0.061218
0.044937 0.998530 -0.030292
0.029431 0.999548 -0.006180
0.100773 0.994559 -0.026415
0.100773 0.994559 -0.026415
0.101024 0.993645 -0.049644
0.044937 0.998530 -0.030292
0.044937 0.998530 -0.030292
0.055549 0.996359 -0.064678
0.013727 0.999069 -0.040901
0.013727 0.999069 -0.040901
0.006818 0.999972 -0.003150
0.044937 0.998530 -0.030292
0.044937 0.998530 -0.030292
0.006818 0.999972 -0.003150
0.004380 0.999990 -0.000359
0.004380 0.999990 -0.000359
0.029431 0.999548 -0.006180
0.044937 0.998530 -0.030292
0.004380 0.999990 -0.000359
0.003158 0.999995 0.000408
0.024662 0.999695 0.000929
0.024662 0.999695 0.000929
0.029431 0.999548 -0.006180
0.004380 0.999990 -0.000359
0.004380 0.999990 -0.000359
0.006818 0.999972 -0.003150
-0.005688 0.999981 -0.002479
-0.005688 0.999981 -0.002479
-0.003727 0.999993 -0.000095
0.004380 0.999990 -0.000359
0.004380 0.999990 -0.000359
-0.003727 0.999993 -0.000095
-0.002771 0.999996 0.000350
-0.002771 0.999996 0.000350
0.003158 0.999995 0.000408
0.004380 0.999990 -0.000359
-0.002771 0.999996 0.000350
-0.002935 0.999996 0.000065
0.003341 0.999994 0.000020
0.003341 0.999994 0.000020
0.003158 0.999995 0.000408
-0.002771 0.999996 0.000350
-0.002771 0.999996 0.000350
-0.003727 0.999993 -0.000095
-0.026336 0.999637 -0.005686
-0.026336 0.999637 -0.005686
-0.022085 0.999756 0.000781
-0.002771 0.999996 0.000350
-0.002771 0.999996 0.000350
-0.022085 0.999756 0.000781
-0.026431 0.999646 0.003023
-0.026431 0.999646 0.003023
-0.002935 0.999996 0.000065
-0.002771 0.999996 0.000350
-0.026431 0.999646 0.003023
-0.030047 0.999547 0.001836
-0.002697 0.999996 -0.000079
-0.002697 0.999996 -0.000079
-0.002935 0.999996 0.000065
-0.026431 0.999646 0.003023
-0.026431 0.999646 0.003023
-0.022085 0.999756 0.000781
-0.096049 0.995363 0.005141
-0.096049 0.995363 0.005141
-0.101474 0.994710 0.015983
-0.026431 0.999646 0.003023
-0.026431 0.999646 0.003023
-0.101474 0.994710 0.015983
-0.109358 0.993875 0.015914
-0.109358 0.993875 0.015914
-0.030047 0.999547 0.001836
-0.026431 0.999646 0.003023
-0.109358 0.993875 0.015914
-0.118206 0.992811 0.018799
-0.033944 0.999412 0.004773
-0.033944 0.999412 0.004773
-0.030047 0.999547 0.001836
-0.109358 0.993875 0.015914
-0.109358 0.993875 0.015914
-0.101474 0.994710 0.015983
-0.215656 0.975896 0.033445
-0.215656 0.975896 0.033445
-0.221007 0.974655 0.034690
-0.109358 0.993875 0.015914
-0.109358 0.993875 0.015914
-0.221007 0.974655 0.034690
-0.227308 0.973129 0.036747
-0.227308 0.973129 0.036747
-0.118206 0.992811 0.018799
-0.109358 0.993875 0.015914
-0.101474 0.994710 0.015983
-0.096049 0.995363 0.005141
-0.211161 0.977166 0.023608
-0.211161 0.977166 0.023608
-0.215656 0.975896 0.033445
-0.101474 0.994710 0.015983
-0.096049 0.995363 0.005141
-0.022085 0.999756 0.000781
-0.026336 0.999637 -0.005686
-0.026336 0.999637 -0.005686
-0.094150 0.995359 -0.019882
-0.096049 0.995363 0.005141
-0.096049 0.995363 0.005141
-0.094150 0.995359 -0.019882
-0.198835 0.980031 -0.001811
-0.198835 0.980031 -0.001811
-0.211161 0.977166 0.023608
-0.096049 0.995363 0.005141
-0.094150 0.995359 -0.019882
-0.026336 0.999637 -0.005686
-0.038426 0.999019 -0.022006
-0.038426 0.999019 -0.022006
-0.095810 0.994402 -0.044543
-0.094150 0.995359 -0.019882
-0.094150 0.995359 -0.019882
-0.095810 0.994402 -0.044543
-0.178841 0.983423 -0.029916
-0.178841 0.983423 -0.029916
-0.198835 0.980031 -0.001811
-0.094150 0.995359 -0.019882
-0.178841 0.983423 -0.029916
-0.095810 0.994402 -0.044543
-0.091949 0.993903 -0.060838
-0.091949 0.993903 -0.060838
-0.161272 0.985410 -0.054388
-0.178841 0.983423 -0.029916
-0.178841 0.983423 -0.029916
-0.161272 0.985410 -0.054388
-0.277337 0.959900 -0.040952
-0.277337 0.959900 -0.040952
-0.305346 0.952226 -0.005391
-0.178841 0.983423 -0.029916
-0.178841 0.983423 -0.029916
-0.305346 0.952226 -0.005391
-0.321677 0.946455 0.027319
-0.321677 0.946455 0.027319
-0.198835 0.980031 -0.001811
-0.178841 0.983423 -0.029916
-0.277337 0.959900 -0.040952
-0.161272 0.985410 -0.054388
-0.149746 0.986158 -0.071193
-0.149746 0.986158 -0.071193
-0.247610 0.965814 -0.076763
-0.277337 0.959900 -0.040952
-0.277337 0.959900 -0.040952
-0.247610 0.965814 -0.076763
-0.302356 0.950984 -0.064892
-0.302356 0.950984 -0.064892
-0.336919 0.941372 -0.017458
-0.277337 0.959900 -0.040952
-0.277337 0.959900 -0.040952
-0.336919 0.941372 -0.017458
-0.357940 0.933583 0.017392
-0.357940 0.933583 0.017392
-0.305346 0.952226 -0.005391
-0.277337 0.959900 -0.040952
-0.982949 0.172849 -0.062721
-0.941616 0.258358 -0.215897
-0.957143 0.238641 -0.164094
-0.957143 0.238641 -0.164094
-0.988351 0.148394 -0.033786
-0.982949 0.172849 -0.062721
-0.982949 0.172849 -0.062721
-0.988351 0.148394 -0.033786
-0.993441 0.095480 0.062912
-0.993441 0.095480 0.062912
-0.992435 0.106633 0.060838
-0.982949 0.172849 -0.062721
-0.988351 0.148394 -0.033786
-0.957143 0.238641 -0.164094
-0.977453 0.188971 -0.094216
-0.977453 0.188971 -0.094216
-0.994244 0.107140 0.000817
-0.988351 0.148394 -0.033786
-0.988351 0.148394 -0.033786
-0.994244 0.107140 0.000817
-0.995148 0.065739 0.073199
-0.995148 0.065739 0.073199
-0.993441 0.095480 0.062912
-0.988351 0.148394 -0.033786
-0.994244 0.107140 0.000817
-0.977453 0.188971 -0.094216
-0.990663 0.133207 -0.029035
-0.990663 0.133207 -0.029035
-0.996830 0.071224 0.035447
-0.994244 0.107140 0.000817
-0.994244 0.107140 0.000817
-0.996830 0.071224 0.035447
-0.995910 0.044607 0.078576
-0.995910 0.044607 0.078576
-0.995148 0.065739 0.073199
-0.994244 0.107140 0.000817
-0.996830 0.071224 0.035447
-0.990663 0.133207 -0.029035
-0.997406 0.067239 0.025712
-0.997406 0.067239 0.025712
-0.996805 0.047265 0.064381
-0.996830 0.071224 0.035447
-0.996830 0.071224 0.035447
-0.996805 0.047265 0.064381
-0.995036 0.028753 0.095269
-0.995036 0.028753 0.095269
-0.995910 0.044607 0.078576
-0.996830 0.071224 0.035447
-0.995036 0.028753 0.095269
-0.996805 0.047265 0.064381
-0.996880 0.009448 0.078360
-0.996880 0.009448 0.078360
-0.994464 0.005767 0.104916
-0.995036 0.028753 0.095269
-0.995036 0.028753 0.095269
-0.994464 0.005767 0.104916
-0.991816 0.004798 0.127589
-0.991816 0.004798 0.127589
-0.991829 0.016260 0.126535
-0.995036 0.028753 0.095269
-0.995036 0.028753 0.095269
-0.991829 0.016260 0.126535
-0.991568 0.028027 0.126518
-0.991568 0.028027 0.126518
-0.995910 0.044607 0.078576
-0.995036 0.028753 0.095269
-0.991816 0.004798 0.127589
-0.994464 0.005767 0.104916
-0.994583 -0.012118 0.103239
-0.994583 -0.012118 0.103239
-0.991884 -0.008775 0.126840
-0.991816 0.004798 0.127589
-0.991816 0.004798 0.127589
-0.991884 -0.008775 0.126840
-0.989100 -0.006109 0.147119
-0.989100 -0.006109 0.147119
-0.989024 0.003390 0.147716
-0.991816 0.004798 0.127589
-0.991816 0.004798 0.127589
-0.989024 0.003390 0.147716
-0.989065 0.012792 0.146926
-0.989065 0.012792 0.146926
-0.991829 0.016260 0.126535
-0.991816 0.004798 0.127589
-0.989024 0.003390 0.147716
-0.989100 -0.006109 0.147119
-0.987408 -0.004987 0.158113
-0.987408 -0.004987 0.158113
-0.987408 0.002803 0.158173
-0.989024 0.003390 0.147716
-0.989024 0.003390 0.147716
-0.987408 0.002803 0.158173
-0.987309 0.010583 0.158461
-0.987309 0.010583 0.158461
-0.989065 0.012792 0.146926
-0.989024 0.003390 0.147716
-0.987408 0.002803 0.158173
-0.987408 -0.004987 0.158113
-0.982338 -0.002849 0.187093
-0.982338 -0.002849 0.187093
-0.983581 0.002349 0.180454
-0.987408 0.002803 0.158173
-0.987408 0.002803 0.158173
-0.983581 0.002349 0.180454
-0.981798 0.005503 0.189846
-0.981798 0.005503 0.189846
-0.987309 0.010583 0.158461
-0.987408 0.002803 0.158173
-0.983581 0.002349 0.180454
-0.982338 -0.002849 0.187093
-0.909431 0.009024 0.415757
-0.909431 0.009024 0.415757
-0.911053 -0.005492 0.412253
-0.983581 0.002349 0.180454
-0.983581 0.002349 0.180454
-0.911053 -0.005492 0.412253
-0.910595 -0.023834 0.412611
-0.910595 -0.023834 0.412611
-0.981798 0.005503 0.189846
-0.983581 0.002349 0.180454
-0.911053 -0.005492 0.412253
-0.909431 0.009024 0.415757
-0.734170 0.029870 0.678308
-0.734170 0.029870 0.678308
-0.728363 -0.016943 0.684982
-0.911053 -0.005492 0.412253
-0.911053 -0.005492 0.412253
-0.728363 -0.016943 0.684982
-0.734612 -0.063119 0.675545
-0.734612 -0.063119 0.675545
-0.910595 -0.023834 0.412611
-0.911053 -0.005492 0.412253
-0.734612 -0.063119 0.675545
-0.731350 -0.125432 0.670369
-0.912973 -0.051096 0.404807
-0.912973 -0.051096 0.404807
-0.910595 -0.023834 0.412611
-0.734612 -0.063119 0.675545
-0.734612 -0.063119 0.675545
-0.728363 -0.016943 0.684982
-0.651982 -0.018281 0.758014
-0.651982 -0.018281 0.758014
-0.651869 -0.070777 0.755021
-0.734612 -0.063119 0.675545
-0.734612 -0.063119 0.675545
-0.651869 -0.070777 0.755021
-0.642717 -0.135192 0.754081
-0.642717 -0.135192 0.754081
-0.731350 -0.125432 0.670369
-0.734612 -0.063119 0.675545
-0.642717 -0.135192 0.754081
-0.627403 -0.231469 0.743496
-0.735310 -0.207732 0.645110
-0.735310 -0.207732 0.645110
-0.731350 -0.125432 0.670369
-0.642717 -0.135192 0.754081
-0.642717 -0.135192 0.754081
-0.651869 -0.070777 0.755021
-0.581742 -0.071826 0.810196
-0.581742 -0.071826 0.810196
-0.586215 -0.129496 0.799739
-0.642717 -0.135192 0.754081
-0.642717 -0.135192 0.754081
-0.586215 -0.129496 0.799739
-0.579740 -0.220065 0.784520
-0.579740 -0.220065 0.784520
-0.627403 -0.231469 0.743496
-0.642717 -0.135192 0.754081
-0.581742 -0.071826 0.810196
-0.651869 -0.070777 0.755021
-0.651982 -0.018281 0.758014
-0.651982 -0.018281 0.758014
-0.590562 -0.021173 0.806714
-0.581742 -0.071826 0.810196
-0.581742 -0.071826 0.810196
-0.590562 -0.021173 0.806714
-0.375735 -0.019433 0.926523
-0.375735 -0.019433 0.926523
-0.369811 -0.071009 0.926390
-0.581742 -0.071826 0.810196
-0.581742 -0.071826 0.810196
-0.369811 -0.071009 0.926390
-0.375902 -0.158308 0.913037
-0.375902 -0.158308 0.913037
-0.586215 -0.129496 0.799739
-0.581742 -0.071826 0.810196
-0.375735 -0.019433 0.926523
-0.590562 -0.021173 0.806714
-0.578870 0.032651 0.814766
-0.578870 0.032651 0.814766
-0.378701 0.025886 0.925157
-0.375735 -0.019433 0.926523
-0.375735 -0.019433 0.926523
-0.378701 0.025886 0.925157
-0.115078 0.041005 0.992510
-0.115078 0.041005 0.992510
-0.100928 -0.018118 0.994729
-0.375735 -0.019433 0.926523
-0.375735 -0.019433 0.926523
-0.100928 -0.018118 0.994729
-0.115405 -0.077737 0.990272
-0.115405 -0.077737 0.990272
-0.369811 -0.071009 0.926390
-0.375735 -0.019433 0.926523
-0.100928 -0.018118 0.994729
-0.115078 0.041005 0.992510
-0.008855 0.044718 0.998960
-0.008855 0.044718 0.998960
-0.007364 -0.015853 0.999847
-0.100928 -0.018118 0.994729
-0.100928 -0.018118 0.994729
-0.007364 -0.015853 0.999847
-0.007913 -0.078817 0.996858
-0.007913 -0.078817 0.996858
-0.115405 -0.077737 0.990272
-0.100928 -0.018118 0.994729
-0.007364 -0.015853 0.999847
-0.008855 0.044718 0.998960
-0.001855 0.045970 0.998941
-0.001855 0.045970 0.998941
-0.001745 -0.014647 0.999891
-0.007364 -0.015853 0.999847
-0.007364 -0.015853 0.999847
-0.001745 -0.014647 0.999891
-0.001985 -0.076867 0.997039
-0.001985 -0.076867 0.997039
-0.007913 -0.078817 0.996858
-0.007364 -0.015853 0.999847
-0.001745 -0.014647 0.999891
-0.001855 0.045970 0.998941
-0.000204 0.047931 0.998851
-0.000204 0.047931 0.998851
0.000242 -0.013343 0.999911
-0.001745 -0.014647 0.999891
-0.001745 -0.014647 0.999891
0.000242 -0.013343 0.999911
-0.000004 -0.075942 0.997112
-0.000004 -0.075942 0.997112
-0.001985 -0.076867 0.997039
-0.001745 -0.014647 0.999891
0.000242 -0.013343 0.999911
-0.000204 0.047931 0.998851
0.001949 0.049252 0.998784
0.001949 0.049252 0.998784
0.001940 -0.011723 0.999929
0.000242 -0.013343 0.999911
0.000242 -0.013343 0.999911
0.001940 -0.011723 0.999929
0.001997 -0.074501 0.997219
0.001997 -0.074501 0.997219
-0.000004 -0.075942 0.997112
0.000242 -0.013343 0.999911
0.001940 -0.011723 0.999929
0.001949 0.049252 0.998784
0.010597 0.050820 0.998652
0.010597 0.050820 0.998652
0.008771 -0.010426 0.999907
0.001940 -0.011723 0.999929
0.001940 -0.011723 0.999929
0.008771 -0.010426 0.999907
0.010057 -0.073388 0.997253
0.010057 -0.073388 0.997253
0.001997 -0.074501 0.997219
0.001940 -0.011723 0.999929
0.008771 -0.010426 0.999907
0.010597 0.050820 0.998652
0.127037 0.053663 0.990445
0.127037 0.053663 0.990445
0.116190 -0.009084 0.993185
0.008771 -0.010426 0.999907
0.008771 -0.010426 0.999907
0.116190 -0.009084 0.993185
0.129825 -0.075095 0.988689
0.129825 -0.075095 0.988689
0.010057 -0.073388 0.997253
0.008771 -0.010426 0.999907
0.116190 -0.009084 0.993185
0.127037 0.053663 0.990445
0.381019 0.041095 0.923653
0.381019 0.041095 0.923653
0.379748 -0.006518 0.925067
0.116190 -0.009084 0.993185
0.116190 -0.009084 0.993185
0.379748 -0.006518 0.925067
0.381071 -0.060716 0.922550
0.381071 -0.060716 0.922550
0.129825 -0.075095 0.988689
0.116190 -0.009084 0.993185
0.379748 -0.006518 0.925067
0.381019 0.041095 0.923653
0.586378 0.046405 0.808708
0.586378 0.046405 0.808708
0.600309 -0.005833 0.799747
0.379748 -0.006518 0.925067
0.379748 -0.006518 0.925067
0.600309 -0.005833 0.799747
0.587296 -0.058767 0.807236
0.587296 -0.058767 0.807236
0.381071 -0.060716 0.922550
0.379748 -0.006518 0.925067
0.600309 -0.005833 0.799747
0.586378 0.046405 0.808708
0.651509 0.050073 0.756987
0.651509 0.050073 0.756987
0.653062 -0.004065 0.757294
0.600309 -0.005833 0.799747
0.600309 -0.005833 0.799747
0.653062 -0.004065 0.757294
0.650827 -0.058714 0.756952
0.650827 -0.058714 0.756952
0.587296 -0.058767 0.807236
0.600309 -0.005833 0.799747
0.653062 -0.004065 0.757294
0.651509 0.050073 0.756987
0.734241 0.043907 0.677467
0.734241 0.043907 0.677467
0.729487 -0.002566 0.683990
0.653062 -0.004065 0.757294
0.653062 -0.004065 0.757294
0.729487 -0.002566 0.683990
0.727279 -0.053833 0.684227
0.727279 -0.053833 0.684227
0.650827 -0.058714 0.756952
0.653062 -0.004065 0.757294
0.734241 0.043907 0.677467
0.651509 0.050073 0.756987
0.650612 0.111337 0.751204
0.650612 0.111337 0.751204
0.739629 0.102290 0.665196
0.734241 0.043907 0.677467
0.734241 0.043907 0.677467
0.739629 0.102290 0.665196
0.912885 0.044643 0.405770
0.912885 0.044643 0.405770
0.909051 0.014916 0.416417
0.734241 0.043907 0.677467
0.734241 0.043907 0.677467
0.909051 0.014916 0.416417
0.906695 0.000520 0.421787
0.906695 0.000520 0.421787
0.729487 -0.002566 0.683990
0.734241 0.043907 0.677467
0.909051 0.014916 0.416417
0.912885 0.044643 0.405770
0.982724 -0.008424 0.184884
0.982724 -0.008424 0.184884
0.983031 -0.005461 0.183357
0.909051 0.014916 0.416417
0.909051 0.014916 0.416417
0.983031 -0.005461 0.183357
0.982758 0.000920 0.184896
0.982758 0.000920 0.184896
0.906695 0.000520 0.421787
0.909051 0.014916 0.416417
0.983031 -0.005461 0.183357
0.982724 -0.008424 0.184884
0.987182 -0.017089 0.158681
0.987182 -0.017089 0.158681
0.987366 -0.008453 0.158234
0.983031 -0.005461 0.183357
0.983031 -0.005461 0.183357
0.987366 -0.008453 0.158234
0.987415 0.000201 0.158152
0.987415 0.000201 0.158152
0.982758 0.000920 0.184896
0.983031 -0.005461 0.183357
0.987366 -0.008453 0.158234
0.987182 -0.017089 0.158681
0.988761 -0.020235 0.148128
0.988761 -0.020235 0.148128
0.989036 -0.010326 0.147314
0.987366 -0.008453 0.158234
0.987366 -0.008453 0.158234
0.989036 -0.010326 0.147314
0.988973 0.000016 0.148093
0.988973 0.000016 0.148093
0.987415 0.000201 0.158152
0.987366 -0.008453 0.158234
0.989036 -0.010326 0.147314
0.988761 -0.020235 0.148128
0.991931 -0.025803 0.124122
0.991931 -0.025803 0.124122
0.991848 -0.014687 0.126578
0.989036 -0.010326 0.147314
0.989036 -0.010326 0.147314
0.991848 -0.014687 0.126578
0.991640 -0.000129 0.129037
0.991640 -0.000129 0.129037
0.988973 0.000016 0.148093
0.989036 -0.010326 0.147314
0.991848 -0.014687 0.126578
0.991931 -0.025803 0.124122
0.996009 -0.039107 0.080228
0.996009 -0.039107 0.080228
0.994919 -0.026033 0.097254
0.991848 -0.014687 0.126578
0.991848 -0.014687 0.126578
0.994919 -0.026033 0.097254
0.994238 -0.000812 0.107196
0.994238 -0.000812 0.107196
0.991640 -0.000129 0.129037
0.991848 -0.014687 0.126578
0.994919 -0.026033 0.097254
0.996009 -0.039107 0.080228
0.997395 -0.066545 0.027825
0.997395 -0.066545 0.027825
0.997157 -0.045229 0.060261
0.994919 -0.026033 0.097254
0.994919 -0.026033 0.097254
0.997157 -0.045229 0.060261
0.997036 -0.003281 0.076866
0.997036 -0.003281 0.076866
0.994238 -0.000812 0.107196
0.994919 -0.026033 0.097254
0.997036 -0.003281 0.076866
0.997162 0.029858 0.069107
0.994423 0.017936 0.103929
0.994423 0.017936 0.103929
0.994238 -0.000812 0.107196
0.997036 -0.003281 0.076866
0.997036 -0.003281 0.076866
0.997157 -0.045229 0.060261
0.997417 -0.063396 0.033758
0.997417 -0.063396 0.033758
0.998510 -0.009407 0.053745
0.997036 -0.003281 0.076866
0.997036 -0.003281 0.076866
0.998510 -0.009407 0.053745
0.997791 0.057743 0.032840
0.997791 0.057743 0.032840
0.997162 0.029858 0.069107
0.997036 -0.003281 0.076866
0.997791 0.057743 0.032840
0.994450 0.104218 -0.014412
0.996721 0.065196 0.047933
0.996721 0.065196 0.047933
0.997162 0.029858 0.069107
0.997791 0.057743 0.032840
0.997791 0.057743 0.032840
0.998510 -0.009407 0.053745
0.999595 -0.012626 0.025495
0.999595 -0.012626 0.025495
0.995797 0.091562 0.001968
0.997791 0.057743 0.032840
0.997791 0.057743 0.032840
0.995797 0.091562 0.001968
0.981274 0.177425 -0.074979
0.981274 0.177425 -0.074979
0.994450 0.104218 -0.014412
0.997791 0.057743 0.032840
0.995797 0.091562 0.001968
0.999595 -0.012626 0.025495
0.999738 -0.020088 -0.010976
0.999738 -0.020088 -0.010976
0.992127 0.120480 -0.034172
0.995797 0.091562 0.001968
0.995797 0.091562 0.001968
0.992127 0.120480 -0.034172
0.966944 0.238996 -0.088887
0.966944 0.238996 -0.088887
0.981274 0.177425 -0.074979
0.995797 0.091562 0.001968
0.992127 0.120480 -0.034172
0.999738 -0.020088 -0.010976
0.998663 -0.038531 -0.034465
0.998663 -0.038531 -0.034465
0.989038 0.141741 -0.041392
0.992127 0.120480 -0.034172
0.992127 0.120480 -0.034172
0.989038 0.141741 -0.041392
0.947821 0.292186 -0.127522
0.947821 0.292186 -0.127522
0.966944 0.238996 -0.088887
0.992127 0.120480 -0.034172
0.947821 0.292186 -0.127522
0.823332 0.507407 -0.254289
0.883395 0.400324 -0.243627
0.883395 0.400324 -0.243627
0.966944 0.238996 -0.088887
0.947821 0.292186 -0.127522
0.481208 0.764966 -0.428095
0.225969 0.829157 -0.511309
0.252910 0.809586 -0.529723
0.252910 0.809586 -0.529723
0.502140 0.721937 -0.476090
0.481208 0.764966 -0.428095
0.481208 0.764966 -0.428095
0.502140 0.721937 -0.476090
0.715556 0.584617 -0.382363
0.715556 0.584617 -0.382363
0.677778 0.659113 -0.325863
0.481208 0.764966 -0.428095
0.502140 0.721937 -0.476090
0.252910 0.809586 -0.529723
0.266799 0.759287 -0.593549
0.266799 0.759287 -0.593549
0.488012 0.679408 -0.547949
0.502140 0.721937 -0.476090
0.502140 0.721937 -0.476090
0.488012 0.679408 -0.547949
0.705356 0.548687 -0.448793
0.705356 0.548687 -0.448793
0.715556 0.584617 -0.382363
0.502140 0.721937 -0.476090
0.488012 0.679408 -0.547949
0.266799 0.759287 -0.593549
0.273182 0.727269 -0.629644
0.273182 0.727269 -0.629644
0.469818 0.661847 -0.584149
0.488012 0.679408 -0.547949
0.488012 0.679408 -0.547949
0.469818 0.661847 -0.584149
0.685575 0.531856 -0.497107
0.685575 0.531856 -0.497107
0.705356 0.548687 -0.448793
0.488012 0.679408 -0.547949
0.141915 0.981516 -0.128402
0.088422 0.989044 -0.118213
0.076901 0.990988 -0.109675
0.076901 0.990988 -0.109675
0.120984 0.984882 -0.123979
0.141915 0.981516 -0.128402
0.141915 0.981516 -0.128402
0.120984 0.984882 -0.123979
0.166800 0.979285 -0.114799
0.166800 0.979285 -0.114799
0.201725 0.971528 -0.124261
0.141915 0.981516 -0.128402
0.120984 0.984882 -0.123979
0.076901 0.990988 -0.109675
0.052101 0.994177 -0.094329
0.052101 0.994177 -0.094329
0.087389 0.990645 -0.104814
0.120984 0.984882 -0.123979
0.120984 0.984882 -0.123979
0.087389 0.990645 -0.104814
0.114680 0.988525 -0.098319
0.114680 0.988525 -0.098319
0.166800 0.979285 -0.114799
0.120984 0.984882 -0.123979
0.076901 0.990988 -0.109675
0.012375 0.994730 -0.101775
0.012222 0.996511 -0.082557
0.012222 0.996511 -0.082557
0.052101 0.994177 -0.094329
0.076901 0.990988 -0.109675
0.076901 0.990988 -0.109675
0.088422 0.989044 -0.118213
0.007540 0.993003 -0.117845
0.007540 0.993003 -0.117845
0.012375 0.994730 -0.101775
0.076901 0.990988 -0.109675
0.007540 0.993003 -0.117845
-0.077226 0.990655 -0.112421
-0.058346 0.992742 -0.105160
-0.058346 0.992742 -0.105160
0.012375 0.994730 -0.101775
0.007540 0.993003 -0.117845
0.030489 0.743989 -0.667496
0.273182 0.727269 -0.629644
0.266799 0.759287 -0.593549
0.266799 0.759287 -0.593549
0.016252 0.778018 -0.628032
0.030489 0.743989 -0.667496
0.030489 0.743989 -0.667496
0.016252 0.778018 -0.628032
-0.231244 0.766271 -0.599462
-0.231244 0.766271 -0.599462
-0.201763 0.742888 -0.638287
0.030489 0.743989 -0.667496
-0.231244 0.766271 -0.599462
-0.458892 0.703947 -0.542104
-0.449735 0.668661 -0.592140
-0.449735 0.668661 -0.592140
-0.201763 0.742888 -0.638287
-0.231244 0.766271 -0.599462
-0.231244 0.766271 -0.599462
0.016252 0.778018 -0.628032
0.007433 0.828501 -0.559938
0.007433 0.828501 -0.559938
-0.244716 0.806835 -0.537710
-0.231244 0.766271 -0.599462
-0.231244 0.766271 -0.599462
-0.244716 0.806835 -0.537710
-0.467918 0.744392 -0.476375
-0.467918 0.744392 -0.476375
-0.458892 0.703947 -0.542104
-0.231244 0.766271 -0.599462
-0.467918 0.744392 -0.476375
-0.704065 0.602980 -0.375110
-0.662493 0.572612 -0.482927
-0.662493 0.572612 -0.482927
-0.458892 0.703947 -0.542104
-0.467918 0.744392 -0.476375
-0.467918 0.744392 -0.476375
-0.244716 0.806835 -0.537710
-0.247848 0.822610 -0.511746
-0.247848 0.822610 -0.511746
-0.463680 0.768488 -0.440938
-0.467918 0.744392 -0.476375
-0.467918 0.744392 -0.476375
-0.463680 0.768488 -0.440938
-0.682948 0.648241 -0.336698
-0.682948 0.648241 -0.336698
-0.704065 0.602980 -0.375110
-0.467918 0.744392 -0.476375
-0.682948 0.648241 -0.336698
-0.818512 0.513226 -0.258143
-0.872339 0.417548 -0.254321
-0.872339 0.417548 -0.254321
-0.704065 0.602980 -0.375110
-0.682948 0.648241 -0.336698
-0.938455 0.317199 -0.136702
-0.980449 0.188308 -0.057091
-0.987683 0.148799 -0.048388
-0.987683 0.148799 -0.048388
-0.956152 0.271500 -0.109821
-0.938455 0.317199 -0.136702
-0.938455 0.317199 -0.136702
-0.956152 0.271500 -0.109821
-0.872339 0.417548 -0.254321
-0.872339 0.417548 -0.254321
-0.818512 0.513226 -0.258143
-0.938455 0.317199 -0.136702
-0.987683 0.148799 -0.048388
-0.980449 0.188308 -0.057091
-0.999603 0.017225 -0.022280
-0.999603 0.017225 -0.022280
-0.999642 0.025600 -0.007784
-0.987683 0.148799 -0.048388
-0.987683 0.148799 -0.048388
-0.999642 0.025600 -0.007784
-0.999461 0.025352 0.020850
-0.999461 0.025352 0.020850
-0.995024 0.099373 -0.007275
-0.987683 0.148799 -0.048388
-0.987683 0.148799 -0.048388
-0.995024 0.099373 -0.007275
-0.973634 0.210455 -0.088012
-0.973634 0.210455 -0.088012
-0.956152 0.271500 -0.109821
-0.987683 0.148799 -0.048388
-0.995024 0.099373 -0.007275
-0.999461 0.025352 0.020850
-0.998701 0.017761 0.047747
-0.998701 0.017761 0.047747
-0.997406 0.067239 0.025712
-0.995024 0.099373 -0.007275
-0.995024 0.099373 -0.007275
-0.997406 0.067239 0.025712
-0.990663 0.133207 -0.029035
-0.990663 0.133207 -0.029035
-0.973634 0.210455 -0.088012
-0.995024 0.099373 -0.007275
-0.998701 0.017761 0.047747
-0.999461 0.025352 0.020850
-0.998264 -0.055916 0.018478
-0.998264 -0.055916 0.018478
-0.998135 -0.042107 0.044204
-0.998701 0.017761 0.047747
-0.998701 0.017761 0.047747
-0.998135 -0.042107 0.044204
-0.997130 -0.024531 0.071620
-0.997130 -0.024531 0.071620
-0.996880 0.009448 0.078360
-0.998701 0.017761 0.047747
-0.998701 0.017761 0.047747
-0.996880 0.009448 0.078360
-0.996805 0.047265 0.064381
-0.996805 0.047265 0.064381
-0.997406 0.067239 0.025712
-0.998701 0.017761 0.047747
-0.997130 -0.024531 0.071620
-0.998135 -0.042107 0.044204
-0.996542 -0.081307 0.017109
-0.996542 -0.081307 0.017109
-0.997065 -0.058868 0.048954
-0.997130 -0.024531 0.071620
-0.997130 -0.024531 0.071620
-0.997065 -0.058868 0.048954
-0.995264 -0.033074 0.091407
-0.995264 -0.033074 0.091407
-0.994583 -0.012118 0.103239
-0.997130 -0.024531 0.071620
-0.997130 -0.024531 0.071620
-0.994583 -0.012118 0.103239
-0.994464 0.005767 0.104916
-0.994464 0.005767 0.104916
-0.996880 0.009448 0.078360
-0.997130 -0.024531 0.071620
-0.995264 -0.033074 0.091407
-0.997065 -0.058868 0.048954
-0.997018 -0.073100 0.024730
-0.997018 -0.073100 0.024730
-0.995918 -0.047165 0.076955
-0.995264 -0.033074 0.091407
-0.995264 -0.033074 0.091407
-0.995918 -0.047165 0.076955
-0.991399 -0.029963 0.127399
-0.991399 -0.029963 0.127399
-0.991930 -0.018576 0.125416
-0.995264 -0.033074 0.091407
-0.995264 -0.033074 0.091407
-0.991930 -0.018576 0.125416
-0.991884 -0.008775 0.126840
-0.991884 -0.008775 0.126840
-0.994583 -0.012118 0.103239
-0.995264 -0.033074 0.091407
-0.991930 -0.018576 0.125416
-0.991399 -0.029963 0.127399
-0.988328 -0.023300 0.150548
-0.988328 -0.023300 0.150548
-0.988908 -0.014574 0.147811
-0.991930 -0.018576 0.125416
-0.991930 -0.018576 0.125416
-0.988908 -0.014574 0.147811
-0.989100 -0.006109 0.147119
-0.989100 -0.006109 0.147119
-0.991884 -0.008775 0.126840
-0.991930 -0.018576 0.125416
-0.988908 -0.014574 0.147811
-0.988328 -0.023300 0.150548
-0.986922 -0.021015 0.159822
-0.986922 -0.021015 0.159822
-0.987242 -0.012455 0.158741
-0.988908 -0.014574 0.147811
-0.988908 -0.014574 0.147811
-0.987242 -0.012455 0.158741
-0.987408 -0.004987 0.158113
-0.987408 -0.004987 0.158113
-0.989100 -0.006109 0.147119
-0.988908 -0.014574 0.147811
-0.987242 -0.012455 0.158741
-0.986922 -0.021015 0.159822
-0.982548 -0.011118 0.185676
-0.982548 -0.011118 0.185676
-0.982778 -0.006694 0.184668
-0.987242 -0.012455 0.158741
-0.987242 -0.012455 0.158741
-0.982778 -0.006694 0.184668
-0.982338 -0.002849 0.187093
-0.982338 -0.002849 0.187093
-0.987408 -0.004987 0.158113
-0.987242 -0.012455 0.158741
-0.982778 -0.006694 0.184668
-0.982548 -0.011118 0.185676
-0.911458 0.060008 0.406992
-0.911458 0.060008 0.406992
-0.910163 0.034501 0.412811
-0.982778 -0.006694 0.184668
-0.982778 -0.006694 0.184668
-0.910163 0.034501 0.412811
-0.909431 0.009024 0.415757
-0.909431 0.009024 0.415757
-0.982338 -0.002849 0.187093
-0.982778 -0.006694 0.184668
-0.910163 0.034501 0.412811
-0.911458 0.060008 0.406992
-0.728761 0.143616 0.669538
-0.728761 0.143616 0.669538
-0.732035 0.081386 0.676388
-0.910163 0.034501 0.412811
-0.910163 0.034501 0.412811
-0.732035 0.081386 0.676388
-0.734170 0.029870 0.678308
-0.734170 0.029870 0.678308
-0.909431 0.009024 0.415757
-0.910163 0.034501 0.412811
-0.732035 0.081386 0.676388
-0.728761 0.143616 0.669538
-0.643412 0.155693 0.749521
-0.643412 0.155693 0.749521
-0.649147 0.089381 0.755394
-0.732035 0.081386 0.676388
-0.732035 0.081386 0.676388
-0.649147 0.089381 0.755394
-0.650260 0.035541 0.758880
-0.650260 0.035541 0.758880
-0.734170 0.029870 0.678308
-0.732035 0.081386 0.676388
-0.650260 0.035541 0.758880
-0.651982 -0.018281 0.758014
-0.728363 -0.016943 0.684982
-0.728363 -0.016943 0.684982
-0.734170 0.029870 0.678308
-0.650260 0.035541 0.758880
-0.650260 0.035541 0.758880
-0.649147 0.089381 0.755394
-0.580724 0.099123 0.808043
-0.580724 0.099123 0.808043
-0.578870 0.032651 0.814766
-0.650260 0.035541 0.758880
-0.650260 0.035541 0.758880
-0.578870 0.032651 0.814766
-0.590562 -0.021173 0.806714
-0.590562 -0.021173 0.806714
-0.651982 -0.018281 0.758014
-0.650260 0.035541 0.758880
-0.580724 0.099123 0.808043
-0.649147 0.089381 0.755394
-0.643412 0.155693 0.749521
-0.643412 0.155693 0.749521
-0.586080 0.156374 0.795020
-0.580724 0.099123 0.808043
-0.580724 0.099123 0.808043
-0.586080 0.156374 0.795020
-0.377508 0.174586 0.909400
-0.377508 0.174586 0.909400
-0.376675 0.118540 0.918730
-0.580724 0.099123 0.808043
-0.580724 0.099123 0.808043
-0.376675 0.118540 0.918730
-0.378701 0.025886 0.925157
-0.378701 0.025886 0.925157
-0.578870 0.032651 0.814766
-0.580724 0.099123 0.808043
-0.376675 0.118540 0.918730
-0.377508 0.174586 0.909400
-0.107231 0.178551 0.978070
-0.107231 0.178551 0.978070
-0.114714 0.111035 0.987174
-0.376675 0.118540 0.918730
-0.376675 0.118540 0.918730
-0.114714 0.111035 0.987174
-0.115078 0.041005 0.992510
-0.115078 0.041005 0.992510
-0.378701 0.025886 0.925157
-0.376675 0.118540 0.918730
-0.114714 0.111035 0.987174
-0.107231 0.178551 0.978070
-0.005828 0.177254 0.984148
-0.005828 0.177254 0.984148
-0.006778 0.106637 0.994275
-0.114714 0.111035 0.987174
-0.114714 0.111035 0.987174
-0.006778 0.106637 0.994275
-0.008855 0.044718 0.998960
-0.008855 0.044718 0.998960
-0.115078 0.041005 0.992510
-0.114714 0.111035 0.987174
-0.006778 0.106637 0.994275
-0.005828 0.177254 0.984148
-0.002035 0.178614 0.983917
-0.002035 0.178614 0.983917
-0.002260 0.107944 0.994154
-0.006778 0.106637 0.994275
-0.006778 0.106637 0.994275
-0.002260 0.107944 0.994154
-0.001855 0.045970 0.998941
-0.001855 0.045970 0.998941
-0.008855 0.044718 0.998960
-0.006778 0.106637 0.994275
-0.002260 0.107944 0.994154
-0.002035 0.178614 0.983917
-0.000504 0.181240 0.983439
-0.000504 0.181240 0.983439
-0.000110 0.109982 0.993934
-0.002260 0.107944 0.994154
-0.002260 0.107944 0.994154
-0.000110 0.109982 0.993934
-0.000204 0.047931 0.998851
-0.000204 0.047931 0.998851
-0.001855 0.045970 0.998941
-0.002260 0.107944 0.994154
-0.000110 0.109982 0.993934
-0.000504 0.181240 0.983439
0.001833 0.183135 0.983086
0.001833 0.183135 0.983086
0.002317 0.111915 0.993715
-0.000110 0.109982 0.993934
-0.000110 0.109982 0.993934
0.002317 0.111915 0.993715
0.001949 0.049252 0.998784
0.001949 0.049252 0.998784
-0.000204 0.047931 0.998851
-0.000110 0.109982 0.993934
0.002317 0.111915 0.993715
0.001833 0.183135 0.983086
0.005213 0.186241 0.982490
0.005213 0.186241 0.982490
0.007409 0.116011 0.993220
0.002317 0.111915 0.993715
0.002317 0.111915 0.993715
0.007409 0.116011 0.993220
0.010597 0.050820 0.998652
0.010597 0.050820 0.998652
0.001949 0.049252 0.998784
0.002317 0.111915 0.993715
0.007409 0.116011 0.993220
0.005213 0.186241 0.982490
0.113826 0.189081 0.975342
0.113826 0.189081 0.975342
0.119980 0.126527 0.984681
0.007409 0.116011 0.993220
0.007409 0.116011 0.993220
0.119980 0.126527 0.984681
0.127037 0.053663 0.990445
0.127037 0.053663 0.990445
0.010597 0.050820 0.998652
0.007409 0.116011 0.993220
0.119980 0.126527 0.984681
0.113826 0.189081 0.975342
0.396110 0.180067 0.900374
0.396110 0.180067 0.900374
0.391424 0.130054 0.910974
0.119980 0.126527 0.984681
0.119980 0.126527 0.984681
0.391424 0.130054 0.910974
0.381019 0.041095 0.923653
0.381019 0.041095 0.923653
0.127037 0.053663 0.990445
0.119980 0.126527 0.984681
0.391424 0.130054 0.910974
0.396110 0.180067 0.900374
0.581956 0.173930 0.794402
0.581956 0.173930 0.794402
0.586785 0.112008 0.801958
0.391424 0.130054 0.910974
0.391424 0.130054 0.910974
0.586785 0.112008 0.801958
0.586378 0.046405 0.808708
0.586378 0.046405 0.808708
0.381019 0.041095 0.923653
0.391424 0.130054 0.910974
0.586785 0.112008 0.801958
0.581956 0.173930 0.794402
0.634777 0.193403 0.748100
0.634777 0.193403 0.748100
0.650612 0.111337 0.751204
0.586785 0.112008 0.801958
0.586785 0.112008 0.801958
0.650612 0.111337 0.751204
0.651509 0.050073 0.756987
0.651509 0.050073 0.756987
0.586378 0.046405 0.808708
0.586785 0.112008 0.801958
0.634777 0.193403 0.748100
0.581956 0.173930 0.794402
0.566063 0.287528 0.772593
0.566063 0.287528 0.772593
0.603119 0.306884 0.736254
0.634777 0.193403 0.748100
0.634777 0.193403 0.748100
0.603119 0.306884 0.736254
0.731213 0.279737 0.622154
0.731213 0.279737 0.622154
0.737294 0.182830 0.650362
0.634777 0.193403 0.748100
0.634777 0.193403 0.748100
0.737294 0.182830 0.650362
0.739629 0.102290 0.665196
0.739629 0.102290 0.665196
0.650612 0.111337 0.751204
0.634777 0.193403 0.748100
0.737294 0.182830 0.650362
0.731213 0.279737 0.622154
0.926855 0.106613 0.359964
0.926855 0.106613 0.359964
0.919483 0.071678 0.386540
0.737294 0.182830 0.650362
0.737294 0.182830 0.650362
0.919483 0.071678 0.386540
0.912885 0.044643 0.405770
0.912885 0.044643 0.405770
0.739629 0.102290 0.665196
0.737294 0.182830 0.650362
0.919483 0.071678 0.386540
0.926855 0.106613 0.359964
0.984169 -0.025332 0.175414
0.984169 -0.025332 0.175414
0.983856 -0.019723 0.177873
0.919483 0.071678 0.386540
0.919483 0.071678 0.386540
0.983856 -0.019723 0.177873
0.982724 -0.008424 0.184884
0.982724 -0.008424 0.184884
0.912885 0.044643 0.405770
0.919483 0.071678 0.386540
0.983856 -0.019723 0.177873
0.984169 -0.025332 0.175414
0.985489 -0.054157 0.160870
0.985489 -0.054157 0.160870
0.986471 -0.030000 0.161167
0.983856 -0.019723 0.177873
0.983856 -0.019723 0.177873
0.986471 -0.030000 0.161167
0.987182 -0.017089 0.158681
0.987182 -0.017089 0.158681
0.982724 -0.008424 0.184884
0.983856 -0.019723 0.177873
0.986471 -0.030000 0.161167
0.985489 -0.054157 0.160870
0.986316 -0.058670 0.154076
0.986316 -0.058670 0.154076
0.987962 -0.032141 0.151320
0.986471 -0.030000 0.161167
0.986471 -0.030000 0.161167
0.987962 -0.032141 0.151320
0.988761 -0.020235 0.148128
0.988761 -0.020235 0.148128
0.987182 -0.017089 0.158681
0.986471 -0.030000 0.161167
0.987962 -0.032141 0.151320
0.986316 -0.058670 0.154076
0.989788 -0.070283 0.124014
0.989788 -0.070283 0.124014
0.991368 -0.042124 0.124156
0.987962 -0.032141 0.151320
0.987962 -0.032141 0.151320
0.991368 -0.042124 0.124156
0.991931 -0.025803 0.124122
0.991931 -0.025803 0.124122
0.988761 -0.020235 0.148128
0.987962 -0.032141 0.151320
0.991368 -0.042124 0.124156
0.989788 -0.070283 0.124014
0.994254 -0.092885 0.053210
0.994254 -0.092885 0.053210
0.995200 -0.070834 0.067530
0.991368 -0.042124 0.124156
0.991368 -0.042124 0.124156
0.995200 -0.070834 0.067530
0.996009 -0.039107 0.080228
0.996009 -0.039107 0.080228
0.991931 -0.025803 0.124122
0.991368 -0.042124 0.124156
0.995200 -0.070834 0.067530
0.994254 -0.092885 0.053210
0.987247 -0.150208 -0.052734
0.987247 -0.150208 -0.052734
0.992151 -0.124442 -0.012243
0.995200 -0.070834 0.067530
0.995200 -0.070834 0.067530
0.992151 -0.124442 -0.012243
0.997395 -0.066545 0.027825
0.997395 -0.066545 0.027825
0.996009 -0.039107 0.080228
0.995200 -0.070834 0.067530
0.992151 -0.124442 -0.012243
0.987247 -0.150208 -0.052734
0.958515 -0.227951 -0.171134
0.958515 -0.227951 -0.171134
0.974959 -0.199595 -0.098064
0.992151 -0.124442 -0.012243
0.992151 -0.124442 -0.012243
0.974959 -0.199595 -0.098064
0.991064 -0.130449 -0.027832
0.991064 -0.130449 -0.027832
0.997395 -0.066545 0.027825
0.992151 -0.124442 -0.012243
0.991064 -0.130449 -0.027832
0.997417 -0.063396 0.033758
0.997157 -0.045229 0.060261
0.997157 -0.045229 0.060261
0.997395 -0.066545 0.027825
0.991064 -0.130449 -0.027832
0.991064 -0.130449 -0.027832
0.974959 -0.199595 -0.098064
0.952785 -0.270368 -0.138213
0.952785 -0.270368 -0.138213
0.979140 -0.184571 -0.084962
0.991064 -0.130449 -0.027832
0.991064 -0.130449 -0.027832
0.979140 -0.184571 -0.084962
0.993679 -0.111103 -0.016061
0.993679 -0.111103 -0.016061
0.997417 -0.063396 0.033758
0.991064 -0.130449 -0.027832
0.993679 -0.111103 -0.016061
0.999595 -0.012626 0.025495
0.998510 -0.009407 0.053745
0.998510 -0.009407 0.053745
0.997417 -0.063396 0.033758
0.993679 -0.111103 -0.016061
0.993679 -0.111103 -0.016061
0.979140 -0.184571 -0.084962
0.938638 -0.301464 -0.167567
0.938638 -0.301464 -0.167567
0.982709 -0.176672 -0.055402
0.993679 -0.111103 -0.016061
0.993679 -0.111103 -0.016061
0.982709 -0.176672 -0.055402
0.999738 -0.020088 -0.010976
0.999738 -0.020088 -0.010976
0.999595 -0.012626 0.025495
0.993679 -0.111103 -0.016061
0.982709 -0.176672 -0.055402
0.938638 -0.301464 -0.167567
0.908867 -0.390538 -0.146426
0.908867 -0.390538 -0.146426
0.969188 -0.237213 -0.066367
0.982709 -0.176672 -0.055402
0.982709 -0.176672 -0.055402
0.969188 -0.237213 -0.066367
0.998663 -0.038531 -0.034465
0.998663 -0.038531 -0.034465
0.999738 -0.020088 -0.010976
0.982709 -0.176672 -0.055402
-0.991949 -0.118552 -0.044527
-0.950778 -0.295621 -0.092899
-0.972610 -0.218980 -0.077957
-0.972610 -0.218980 -0.077957
-0.996622 -0.079185 -0.021763
-0.991949 -0.118552 -0.044527
-0.991949 -0.118552 -0.044527
-0.996622 -0.079185 -0.021763
-0.999642 0.025600 -0.007784
-0.999642 0.025600 -0.007784
-0.999603 0.017225 -0.022280
-0.991949 -0.118552 -0.044527
-0.996622 -0.079185 -0.021763
-0.972610 -0.218980 -0.077957
-0.989539 -0.140038 -0.034667
-0.989539 -0.140038 -0.034667
-0.998264 -0.055916 0.018478
-0.996622 -0.079185 -0.021763
-0.996622 -0.079185 -0.021763
-0.998264 -0.055916 0.018478
-0.999461 0.025352 0.020850
-0.999461 0.025352 0.020850
-0.999642 0.025600 -0.007784
-0.996622 -0.079185 -0.021763
-0.989539 -0.140038 -0.034667
-0.972610 -0.218980 -0.077957
-0.934731 -0.315057 -0.164371
-0.934731 -0.315057 -0.164371
-0.971383 -0.211951 -0.107199
-0.989539 -0.140038 -0.034667
-0.989539 -0.140038 -0.034667
-0.971383 -0.211951 -0.107199
-0.989780 -0.138153 -0.035345
-0.989780 -0.138153 -0.035345
-0.996542 -0.081307 0.017109
-0.989539 -0.140038 -0.034667
-0.989539 -0.140038 -0.034667
-0.996542 -0.081307 0.017109
-0.998135 -0.042107 0.044204
-0.998135 -0.042107 0.044204
-0.998264 -0.055916 0.018478
-0.989539 -0.140038 -0.034667
-0.989780 -0.138153 -0.035345
-0.971383 -0.211951 -0.107199
-0.944867 -0.275477 -0.177030
-0.944867 -0.275477 -0.177030
-0.979505 -0.181720 -0.086883
-0.989780 -0.138153 -0.035345
-0.989780 -0.138153 -0.035345
-0.979505 -0.181720 -0.086883
-0.993022 -0.117658 -0.008029
-0.993022 -0.117658 -0.008029
-0.997018 -0.073100 0.024730
-0.989780 -0.138153 -0.035345
-0.989780 -0.138153 -0.035345
-0.997018 -0.073100 0.024730
-0.997065 -0.058868 0.048954
-0.997065 -0.058868 0.048954
-0.996542 -0.081307 0.017109
-0.989780 -0.138153 -0.035345
-0.993022 -0.117658 -0.008029
-0.979505 -0.181720 -0.086883
-0.960204 -0.238013 -0.146143
-0.960204 -0.238013 -0.146143
-0.986863 -0.155477 -0.043907
-0.993022 -0.117658 -0.008029
-0.993022 -0.117658 -0.008029
-0.986863 -0.155477 -0.043907
-0.993155 -0.092244 0.071660
-0.993155 -0.092244 0.071660
-0.995012 -0.062703 0.077581
-0.993022 -0.117658 -0.008029
-0.993022 -0.117658 -0.008029
-0.995012 -0.062703 0.077581
-0.995918 -0.047165 0.076955
-0.995918 -0.047165 0.076955
-0.997018 -0.073100 0.024730
-0.993022 -0.117658 -0.008029
-0.995012 -0.062703 0.077581
-0.993155 -0.092244 0.071660
-0.988277 -0.065332 0.137987
-0.988277 -0.065332 0.137987
-0.990474 -0.044384 0.130351
-0.995012 -0.062703 0.077581
-0.995012 -0.062703 0.077581
-0.990474 -0.044384 0.130351
-0.991399 -0.029963 0.127399
-0.991399 -0.029963 0.127399
-0.995918 -0.047165 0.076955
-0.995012 -0.062703 0.077581
-0.990474 -0.044384 0.130351
-0.988277 -0.065332 0.137987
-0.985805 -0.056749 0.158014
-0.985805 -0.056749 0.158014
-0.987370 -0.036702 0.154123
-0.990474 -0.044384 0.130351
-0.990474 -0.044384 0.130351
-0.987370 -0.036702 0.154123
-0.988328 -0.023300 0.150548
-0.988328 -0.023300 0.150548
-0.991399 -0.029963 0.127399
-0.990474 -0.044384 0.130351
-0.988277 -0.065332 0.137987
-0.993155 -0.092244 0.071660
-0.991656 -0.106186 0.073100
-0.991656 -0.106186 0.073100
-0.986662 -0.091230 0.134817
-0.988277 -0.065332 0.137987
-0.988277 -0.065332 0.137987
-0.986662 -0.091230 0.134817
-0.984791 -0.076212 0.156135
-0.984791 -0.076212 0.156135
-0.985805 -0.056749 0.158014
-0.988277 -0.065332 0.137987
-0.393046 -0.918119 0.050720
-0.374532 -0.926729 0.029989
-0.316712 -0.948495 0.007048
-0.316712 -0.948495 0.007048
-0.337293 -0.940749 0.035013
-0.393046 -0.918119 0.050720
-0.393046 -0.918119 0.050720
-0.337293 -0.940749 0.035013
-0.345442 -0.937015 0.051707
-0.345442 -0.937015 0.051707
-0.401375 -0.913760 0.062781
-0.393046 -0.918119 0.050720
-0.345442 -0.937015 0.051707
-0.337293 -0.940749 0.035013
-0.219503 -0.975539 0.011901
-0.219503 -0.975539 0.011901
-0.229471 -0.972875 0.029281
-0.345442 -0.937015 0.051707
-0.345442 -0.937015 0.051707
-0.229471 -0.972875 0.029281
-0.235114 -0.971257 0.037155
-0.235114 -0.971257 0.037155
-0.350514 -0.934886 0.055939
-0.345442 -0.937015 0.051707
-0.345442 -0.937015 0.051707
-0.350514 -0.934886 0.055939
-0.403714 -0.912599 0.064644
-0.403714 -0.912599 0.064644
-0.401375 -0.913760 0.062781
-0.345442 -0.937015 0.051707
-0.350514 -0.934886 0.055939
-0.235114 -0.971257 0.037155
-0.240188 -0.969956 0.038668
-0.240188 -0.969956 0.038668
-0.353411 -0.933650 0.058291
-0.350514 -0.934886 0.055939
-0.350514 -0.934886 0.055939
-0.353411 -0.933650 0.058291
-0.404165 -0.912279 0.066310
-0.404165 -0.912279 0.066310
-0.403714 -0.912599 0.064644
-0.350514 -0.934886 0.055939
-0.353411 -0.933650 0.058291
-0.240188 -0.969956 0.038668
-0.245751 -0.968556 0.038800
-0.245751 -0.968556 0.038800
-0.357602 -0.932026 0.058719
-0.353411 -0.933650 0.058291
-0.353411 -0.933650 0.058291
-0.357602 -0.932026 0.058719
-0.405230 -0.911759 0.066956
-0.405230 -0.911759 0.066956
-0.404165 -0.912279 0.066310
-0.353411 -0.933650 0.058291
-0.405230 -0.911759 0.066956
-0.357602 -0.932026 0.058719
-0.361590 -0.930367 0.060580
-0.361590 -0.930367 0.060580
-0.406854 -0.910988 0.067606
-0.405230 -0.911759 0.066956
-0.982434 -0.092040 0.162335
-0.981879 -0.095276 0.163815
-0.982471 -0.088721 0.163949
-0.982471 -0.088721 0.163949
-0.983375 -0.082749 0.161638
-0.982434 -0.092040 0.162335
-0.982434 -0.092040 0.162335
-0.983375 -0.082749 0.161638
-0.984218 -0.074788 0.160381
-0.984218 -0.074788 0.160381
-0.983192 -0.083664 0.162275
-0.982434 -0.092040 0.162335
-0.983375 -0.082749 0.161638
-0.982471 -0.088721 0.163949
-0.983645 -0.073480 0.164450
-0.983645 -0.073480 0.164450
-0.985306 -0.063272 0.158645
-0.983375 -0.082749 0.161638
-0.983375 -0.082749 0.161638
-0.985306 -0.063272 0.158645
-0.984235 -0.036375 0.173085
-0.984235 -0.036375 0.173085
-0.984218 -0.074788 0.160381
-0.983375 -0.082749 0.161638
-0.985306 -0.063272 0.158645
-0.983645 -0.073480 0.164450
-0.959937 0.191970 0.204131
-0.959937 0.191970 0.204131
-0.944094 0.223112 0.242709
-0.985306 -0.063272 0.158645
-0.985306 -0.063272 0.158645
-0.944094 0.223112 0.242709
-0.932929 0.189067 0.306425
-0.932929 0.189067 0.306425
-0.984235 -0.036375 0.173085
-0.985306 -0.063272 0.158645
-0.932929 0.189067 0.306425
-0.930547 0.131539 0.341730
-0.984002 -0.024649 0.176446
-0.984002 -0.024649 0.176446
-0.984235 -0.036375 0.173085
-0.932929 0.189067 0.306425
-0.932929 0.189067 0.306425
-0.944094 0.223112 0.242709
-0.616438 0.692802 0.374205
-0.616438 0.692802 0.374205
-0.675332 0.521739 0.521262
-0.932929 0.189067 0.306425
-0.932929 0.189067 0.306425
-0.675332 0.521739 0.521262
-0.721455 0.353412 0.595485
-0.721455 0.353412 0.595485
-0.930547 0.131539 0.341730
-0.932929 0.189067 0.306425
-0.721455 0.353412 0.595485
-0.725535 0.241048 0.644589
-0.917636 0.092279 0.386560
-0.917636 0.092279 0.386560
-0.930547 0.131539 0.341730
-0.721455 0.353412 0.595485
-0.721455 0.353412 0.595485
-0.675332 0.521739 0.521262
-0.514778 0.599017 0.613337
-0.514778 0.599017 0.613337
-0.576266 0.405053 0.709824
-0.721455 0.353412 0.595485
-0.721455 0.353412 0.595485
-0.576266 0.405053 0.709824
-0.620193 0.262402 0.739261
-0.620193 0.262402 0.739261
-0.725535 0.241048 0.644589
-0.721455 0.353412 0.595485
-0.620193 0.262402 0.739261
-0.643412 0.155693 0.749521
-0.728761 0.143616 0.669538
-0.728761 0.143616 0.669538
-0.725535 0.241048 0.644589
-0.620193 0.262402 0.739261
-0.620193 0.262402 0.739261
-0.576266 0.405053 0.709824
-0.530791 0.386013 0.754489
-0.530791 0.386013 0.754489
-0.568774 0.236467 0.787769
-0.620193 0.262402 0.739261
-0.620193 0.262402 0.739261
-0.568774 0.236467 0.787769
-0.586080 0.156374 0.795020
-0.586080 0.156374 0.795020
-0.643412 0.155693 0.749521
-0.620193 0.262402 0.739261
-0.568774 0.236467 0.787769
-0.530791 0.386013 0.754489
-0.351067 0.382649 0.854595
-0.351067 0.382649 0.854595
-0.374887 0.237737 0.896070
-0.568774 0.236467 0.787769
-0.568774 0.236467 0.787769
-0.374887 0.237737 0.896070
-0.377508 0.174586 0.909400
-0.377508 0.174586 0.909400
-0.586080 0.156374 0.795020
-0.568774 0.236467 0.787769
-0.374887 0.237737 0.896070
-0.351067 0.382649 0.854595
-0.106876 0.380903 0.918417
-0.106876 0.380903 0.918417
-0.108080 0.259904 0.959567
-0.374887 0.237737 0.896070
-0.374887 0.237737 0.896070
-0.108080 0.259904 0.959567
-0.107231 0.178551 0.978070
-0.107231 0.178551 0.978070
-0.377508 0.174586 0.909400
-0.374887 0.237737 0.896070
-0.108080 0.259904 0.959567
-0.106876 0.380903 0.918417
-0.005794 0.380019 0.924961
-0.005794 0.380019 0.924961
-0.005773 0.264548 0.964355
-0.108080 0.259904 0.959567
-0.108080 0.259904 0.959567
-0.005773 0.264548 0.964355
-0.005828 0.177254 0.984148
-0.005828 0.177254 0.984148
-0.107231 0.178551 0.978070
-0.108080 0.259904 0.959567
-0.005773 0.264548 0.964355
-0.005794 0.380019 0.924961
-0.001137 0.382778 0.923840
-0.001137 0.382778 0.923840
-0.002176 0.266788 0.963753
-0.005773 0.264548 0.964355
-0.005773 0.264548 0.964355
-0.002176 0.266788 0.963753
-0.002035 0.178614 0.983917
-0.002035 0.178614 0.983917
-0.005828 0.177254 0.984148
-0.005773 0.264548 0.964355
-0.002176 0.266788 0.963753
-0.001137 0.382778 0.923840
-0.000225 0.389033 0.921224
-0.000225 0.389033 0.921224
-0.000038 0.269485 0.963005
-0.002176 0.266788 0.963753
-0.002176 0.266788 0.963753
-0.000038 0.269485 0.963005
-0.000504 0.181240 0.983439
-0.000504 0.181240 0.983439
-0.002035 0.178614 0.983917
-0.002176 0.266788 0.963753
-0.000038 0.269485 0.963005
-0.000225 0.389033 0.921224
0.002554 0.391163 0.920318
0.002554 0.391163 0.920318
0.002347 0.271767 0.962360
-0.000038 0.269485 0.963005
-0.000038 0.269485 0.963005
0.002347 0.271767 0.962360
0.001833 0.183135 0.983086
0.001833 0.183135 0.983086
-0.000504 0.181240 0.983439
-0.000038 0.269485 0.963005
0.002347 0.271767 0.962360
0.002554 0.391163 0.920318
0.006261 0.396965 0.917812
0.006261 0.396965 0.917812
0.006351 0.275415 0.961305
0.002347 0.271767 0.962360
0.002347 0.271767 0.962360
0.006351 0.275415 0.961305
0.005213 0.186241 0.982490
0.005213 0.186241 0.982490
0.001833 0.183135 0.983086
0.002347 0.271767 0.962360
0.006351 0.275415 0.961305
0.006261 0.396965 0.917812
0.113085 0.403129 0.908129
0.113085 0.403129 0.908129
0.117769 0.277797 0.953394
0.006351 0.275415 0.961305
0.006351 0.275415 0.961305
0.117769 0.277797 0.953394
0.113826 0.189081 0.975342
0.113826 0.189081 0.975342
0.005213 0.186241 0.982490
0.006351 0.275415 0.961305
0.117769 0.277797 0.953394
0.113085 0.403129 0.908129
0.346239 0.406976 0.845275
0.346239 0.406976 0.845275
0.381260 0.279240 0.881287
0.117769 0.277797 0.953394
0.117769 0.277797 0.953394
0.381260 0.279240 0.881287
0.396110 0.180067 0.900374
0.396110 0.180067 0.900374
0.113826 0.189081 0.975342
0.117769 0.277797 0.953394
0.381260 0.279240 0.881287
0.346239 0.406976 0.845275
0.510170 0.442399 0.737571
0.510170 0.442399 0.737571
0.566063 0.287528 0.772593
0.381260 0.279240 0.881287
0.381260 0.279240 0.881287
0.566063 0.287528 0.772593
0.581956 0.173930 0.794402
0.581956 0.173930 0.794402
0.396110 0.180067 0.900374
0.381260 0.279240 0.881287
0.510170 0.442399 0.737571
0.346239 0.406976 0.845275
0.314207 0.582141 0.749924
0.314207 0.582141 0.749924
0.423223 0.611068 0.668938
0.510170 0.442399 0.737571
0.510170 0.442399 0.737571
0.423223 0.611068 0.668938
0.485057 0.640135 0.595774
0.485057 0.640135 0.595774
0.561452 0.495075 0.663078
0.510170 0.442399 0.737571
0.510170 0.442399 0.737571
0.561452 0.495075 0.663078
0.603119 0.306884 0.736254
0.603119 0.306884 0.736254
0.566063 0.287528 0.772593
0.510170 0.442399 0.737571
0.561452 0.495075 0.663078
0.485057 0.640135 0.595774
0.664069 0.566103 0.488405
0.664069 0.566103 0.488405
0.720791 0.425553 0.547142
0.561452 0.495075 0.663078
0.561452 0.495075 0.663078
0.720791 0.425553 0.547142
0.731213 0.279737 0.622154
0.731213 0.279737 0.622154
0.603119 0.306884 0.736254
0.561452 0.495075 0.663078
0.720791 0.425553 0.547142
0.664069 0.566103 0.488405
0.939885 0.198536 0.277848
0.939885 0.198536 0.277848
0.940283 0.148156 0.306460
0.720791 0.425553 0.547142
0.720791 0.425553 0.547142
0.940283 0.148156 0.306460
0.926855 0.106613 0.359964
0.926855 0.106613 0.359964
0.731213 0.279737 0.622154
0.720791 0.425553 0.547142
0.940283 0.148156 0.306460
0.939885 0.198536 0.277848
0.985551 -0.052479 0.161045
0.985551 -0.052479 0.161045
0.984060 -0.029880 0.175306
0.940283 0.148156 0.306460
0.940283 0.148156 0.306460
0.984060 -0.029880 0.175306
0.984169 -0.025332 0.175414
0.984169 -0.025332 0.175414
0.926855 0.106613 0.359964
0.940283 0.148156 0.306460
0.985551 -0.052479 0.161045
0.939885 0.198536 0.277848
0.947317 0.212920 0.239282
0.947317 0.212920 0.239282
0.984096 -0.071039 0.162813
0.985551 -0.052479 0.161045
0.985551 -0.052479 0.161045
0.984096 -0.071039 0.162813
0.983092 -0.084686 0.162350
0.983092 -0.084686 0.162350
0.983319 -0.078780 0.163945
0.985551 -0.052479 0.161045
0.985551 -0.052479 0.161045
0.983319 -0.078780 0.163945
0.985011 -0.069394 0.157918
0.985011 -0.069394 0.157918
0.984060 -0.029880 0.175306
0.985551 -0.052479 0.161045
0.983319 -0.078780 0.163945
0.983092 -0.084686 0.162350
0.982255 -0.093285 0.162705
0.982255 -0.093285 0.162705
0.982222 -0.090377 0.164537
0.983319 -0.078780 0.163945
0.983319 -0.078780 0.163945
0.982222 -0.090377 0.164537
0.983553 -0.079723 0.162071
0.983553 -0.079723 0.162071
0.985011 -0.069394 0.157918
0.983319 -0.078780 0.163945
0.404481 -0.912128 0.066468
0.404296 -0.912136 0.067480
0.354507 -0.933084 0.060662
0.354507 -0.933084 0.060662
0.351634 -0.934376 0.057410
0.404481 -0.912128 0.066468
0.404481 -0.912128 0.066468
0.351634 -0.934376 0.057410
0.347628 -0.936000 0.055301
0.347628 -0.936000 0.055301
0.402189 -0.913240 0.065092
0.404481 -0.912128 0.066468
0.347628 -0.936000 0.055301
0.345160 -0.936977 0.054206
0.401282 -0.913791 0.062923
0.401282 -0.913791 0.062923
0.402189 -0.913240 0.065092
0.347628 -0.936000 0.055301
0.347628 -0.936000 0.055301
0.351634 -0.934376 0.057410
0.237569 -0.970597 0.038761
0.237569 -0.970597 0.038761
0.235000 -0.971287 0.037091
0.347628 -0.936000 0.055301
0.347628 -0.936000 0.055301
0.235000 -0.971287 0.037091
0.227790 -0.973151 0.033012
0.227790 -0.973151 0.033012
0.345160 -0.936977 0.054206
0.347628 -0.936000 0.055301
0.227790 -0.973151 0.033012
0.217465 -0.975831 0.021513
0.341348 -0.938650 0.049166
0.341348 -0.938650 0.049166
0.345160 -0.936977 0.054206
0.227790 -0.973151 0.033012
0.227790 -0.973151 0.033012
0.235000 -0.971287 0.037091
0.123738 -0.992073 0.021924
0.123738 -0.992073 0.021924
0.121883 -0.992426 0.015309
0.227790 -0.973151 0.033012
0.227790 -0.973151 0.033012
0.121883 -0.992426 0.015309
0.114121 -0.993466 -0.001162
0.114121 -0.993466 -0.001162
0.217465 -0.975831 0.021513
0.227790 -0.973151 0.033012
0.114121 -0.993466 -0.001162
0.106203 -0.993851 -0.031321
0.202321 -0.979250 -0.011634
0.202321 -0.979250 -0.011634
0.217465 -0.975831 0.021513
0.114121 -0.993466 -0.001162
0.114121 -0.993466 -0.001162
0.121883 -0.992426 0.015309
0.037452 -0.999284 0.005339
0.037452 -0.999284 0.005339
0.035693 -0.999349 -0.005194
0.114121 -0.993466 -0.001162
0.114121 -0.993466 -0.001162
0.035693 -0.999349 -0.005194
0.047211 -0.998743 -0.016839
0.047211 -0.998743 -0.016839
0.106203 -0.993851 -0.031321
0.114121 -0.993466 -0.001162
0.047211 -0.998743 -0.016839
0.056813 -0.997413 -0.044039
0.102464 -0.993448 -0.050623
0.102464 -0.993448 -0.050623
0.106203 -0.993851 -0.031321
0.047211 -0.998743 -0.016839
0.047211 -0.998743 -0.016839
0.035693 -0.999349 -0.005194
0.006595 -0.999978 -0.000654
0.006595 -0.999978 -0.000654
0.008186 -0.999966 -0.000940
0.047211 -0.998743 -0.016839
0.047211 -0.998743 -0.016839
0.008186 -0.999966 -0.000940
0.017220 -0.999575 -0.023517
0.017220 -0.999575 -0.023517
0.056813 -0.997413 -0.044039
0.047211 -0.998743 -0.016839
0.017220 -0.999575 -0.023517
0.026863 -0.997923 -0.058545
0.056580 -0.995979 -0.069463
0.056580 -0.995979 -0.069463
0.056813 -0.997413 -0.044039
0.017220 -0.999575 -0.023517
0.017220 -0.999575 -0.023517
0.008186 -0.999966 -0.000940
-0.000115 -1.000000 0.000242
-0.000115 -1.000000 0.000242
-0.000876 -0.999891 -0.014743
0.017220 -0.999575 -0.023517
0.017220 -0.999575 -0.023517
-0.000876 -0.999891 -0.014743
-0.002856 -0.998304 -0.058152
-0.002856 -0.998304 -0.058152
0.026863 -0.997923 -0.058545
0.017220 -0.999575 -0.023517
-0.002856 -0.998304 -0.058152
-0.002654 -0.996316 -0.085713
0.023154 -0.996176 -0.084243
0.023154 -0.996176 -0.084243
0.026863 -0.997923 -0.058545
-0.002856 -0.998304 -0.058152
-0.002856 -0.998304 -0.058152
-0.000876 -0.999891 -0.014743
-0.027017 -0.999253 -0.027636
-0.027017 -0.999253 -0.027636
-0.032670 -0.997082 -0.068990
-0.002856 -0.998304 -0.058152
-0.002856 -0.998304 -0.058152
-0.032670 -0.997082 -0.068990
-0.027851 -0.996123 -0.083442
-0.027851 -0.996123 -0.083442
-0.002654 -0.996316 -0.085713
-0.002856 -0.998304 -0.058152
-0.027851 -0.996123 -0.083442
-0.021405 -0.996145 -0.085065
-0.001163 -0.996333 -0.085550
-0.001163 -0.996333 -0.085550
-0.002654 -0.996316 -0.085713
-0.027851 -0.996123 -0.083442
-0.027851 -0.996123 -0.083442
-0.032670 -0.997082 -0.068990
-0.059698 -0.995286 -0.076428
-0.059698 -0.995286 -0.076428
-0.051868 -0.995561 -0.078539
-0.027851 -0.996123 -0.083442
-0.027851 -0.996123 -0.083442
-0.051868 -0.995561 -0.078539
-0.042716 -0.995569 -0.083771
-0.042716 -0.995569 -0.083771
-0.021405 -0.996145 -0.085065
-0.027851 -0.996123 -0.083442
-0.051868 -0.995561 -0.078539
-0.059698 -0.995286 -0.076428
-0.091744 -0.993344 -0.069642
-0.091744 -0.993344 -0.069642
-0.081859 -0.993669 -0.076947
-0.051868 -0.995561 -0.078539
-0.051868 -0.995561 -0.078539
-0.081859 -0.993669 -0.076947
-0.072135 -0.993617 -0.086728
-0.072135 -0.993617 -0.086728
-0.042716 -0.995569 -0.083771
-0.051868 -0.995561 -0.078539
-0.081859 -0.993669 -0.076947
-0.091744 -0.993344 -0.069642
-0.165685 -0.983441 -0.073432
-0.165685 -0.983441 -0.073432
-0.145683 -0.985462 -0.087416
-0.081859 -0.993669 -0.076947
-0.081859 -0.993669 -0.076947
-0.145683 -0.985462 -0.087416
-0.122405 -0.987146 -0.102757
-0.122405 -0.987146 -0.102757
-0.072135 -0.993617 -0.086728
-0.081859 -0.993669 -0.076947
-0.145683 -0.985462 -0.087416
-0.165685 -0.983441 -0.073432
-0.256317 -0.964098 -0.069409
-0.256317 -0.964098 -0.069409
-0.226676 -0.968877 -0.099472
-0.145683 -0.985462 -0.087416
-0.145683 -0.985462 -0.087416
-0.226676 -0.968877 -0.099472
-0.191825 -0.975148 -0.110854
-0.191825 -0.975148 -0.110854
-0.122405 -0.987146 -0.102757
-0.145683 -0.985462 -0.087416
-0.191825 -0.975148 -0.110854
-0.145735 -0.981495 -0.124214
-0.104792 -0.989585 -0.098697
-0.104792 -0.989585 -0.098697
-0.122405 -0.987146 -0.102757
-0.191825 -0.975148 -0.110854
-0.191825 -0.975148 -0.110854
-0.226676 -0.968877 -0.099472
-0.267699 -0.958795 -0.095131
-0.267699 -0.958795 -0.095131
-0.227778 -0.968196 -0.103505
-0.191825 -0.975148 -0.110854
-0.191825 -0.975148 -0.110854
-0.227778 -0.968196 -0.103505
-0.169691 -0.976985 -0.129247
-0.169691 -0.976985 -0.129247
-0.145735 -0.981495 -0.124214
-0.191825 -0.975148 -0.110854
-0.609695 -0.580896 -0.539288
-0.769470 -0.450891 -0.452342
-0.809042 -0.468372 -0.355076
-0.809042 -0.468372 -0.355076
-0.619651 -0.619220 -0.482285
-0.609695 -0.580896 -0.539288
-0.609695 -0.580896 -0.539288
-0.619651 -0.619220 -0.482285
-0.380537 -0.722529 -0.577186
-0.380537 -0.722529 -0.577186
-0.368039 -0.705137 -0.606076
-0.609695 -0.580896 -0.539288
-0.169691 -0.976985 -0.129247
-0.122199 -0.985273 -0.119600
-0.101632 -0.987953 -0.116706
-0.101632 -0.987953 -0.116706
-0.145735 -0.981495 -0.124214
-0.169691 -0.976985 -0.129247
-0.101632 -0.987953 -0.116706
-0.122199 -0.985273 -0.119600
-0.042908 -0.992195 -0.117078
-0.042908 -0.992195 -0.117078
-0.039631 -0.993864 -0.103261
-0.101632 -0.987953 -0.116706
-0.101632 -0.987953 -0.116706
-0.039631 -0.993864 -0.103261
-0.030071 -0.995711 -0.087490
-0.030071 -0.995711 -0.087490
-0.062674 -0.992886 -0.101243
-0.101632 -0.987953 -0.116706
-0.101632 -0.987953 -0.116706
-0.062674 -0.992886 -0.101243
-0.104792 -0.989585 -0.098697
-0.104792 -0.989585 -0.098697
-0.145735 -0.981495 -0.124214
-0.101632 -0.987953 -0.116706
-0.030071 -0.995711 -0.087490
-0.039631 -0.993864 -0.103261
0.026965 -0.994239 -0.103739
0.026965 -0.994239 -0.103739
0.013470 -0.996496 -0.082550
-0.030071 -0.995711 -0.087490
-0.030071 -0.995711 -0.087490
0.013470 -0.996496 -0.082550
0.003621 -0.996721 -0.080838
0.003621 -0.996721 -0.080838
-0.020013 -0.996651 -0.079281
-0.030071 -0.995711 -0.087490
-0.030071 -0.995711 -0.087490
-0.020013 -0.996651 -0.079281
-0.041523 -0.995789 -0.081727
-0.041523 -0.995789 -0.081727
-0.062674 -0.992886 -0.101243
-0.030071 -0.995711 -0.087490
-0.020013 -0.996651 -0.079281
0.003621 -0.996721 -0.080838
-0.001163 -0.996333 -0.085550
-0.001163 -0.996333 -0.085550
-0.021405 -0.996145 -0.085065
-0.020013 -0.996651 -0.079281
-0.020013 -0.996651 -0.079281
-0.021405 -0.996145 -0.085065
-0.042716 -0.995569 -0.083771
-0.042716 -0.995569 -0.083771
-0.041523 -0.995789 -0.081727
-0.020013 -0.996651 -0.079281
0.003621 -0.996721 -0.080838
0.013470 -0.996496 -0.082550
0.048328 -0.994498 -0.092943
0.048328 -0.994498 -0.092943
0.025795 -0.996034 -0.085149
0.003621 -0.996721 -0.080838
0.003621 -0.996721 -0.080838
0.025795 -0.996034 -0.085149
0.020080 -0.996169 -0.085113
0.020080 -0.996169 -0.085113
-0.001163 -0.996333 -0.085550
0.003621 -0.996721 -0.080838
0.020080 -0.996169 -0.085113
0.025795 -0.996034 -0.085149
0.040157 -0.995267 -0.088492
0.040157 -0.995267 -0.088492
0.036584 -0.995958 -0.082038
0.020080 -0.996169 -0.085113
0.020080 -0.996169 -0.085113
0.036584 -0.995958 -0.082038
0.048926 -0.995667 -0.079083
0.048926 -0.995667 -0.079083
0.023154 -0.996176 -0.084243
0.020080 -0.996169 -0.085113
0.020080 -0.996169 -0.085113
0.023154 -0.996176 -0.084243
-0.002654 -0.996316 -0.085713
-0.002654 -0.996316 -0.085713
-0.001163 -0.996333 -0.085550
0.020080 -0.996169 -0.085113
0.048926 -0.995667 -0.079083
0.036584 -0.995958 -0.082038
0.069438 -0.994178 -0.082386
0.069438 -0.994178 -0.082386
0.079582 -0.994012 -0.074876
0.048926 -0.995667 -0.079083
0.048926 -0.995667 -0.079083
0.079582 -0.994012 -0.074876
0.092401 -0.993714 -0.063202
0.092401 -0.993714 -0.063202
0.056580 -0.995979 -0.069463
0.048926 -0.995667 -0.079083
0.048926 -0.995667 -0.079083
0.056580 -0.995979 -0.069463
0.026863 -0.997923 -0.058545
0.026863 -0.997923 -0.058545
0.023154 -0.996176 -0.084243
0.048926 -0.995667 -0.079083
0.092401 -0.993714 -0.063202
0.079582 -0.994012 -0.074876
0.143366 -0.986468 -0.079549
0.143366 -0.986468 -0.079549
0.161917 -0.985056 -0.058723
0.092401 -0.993714 -0.063202
0.092401 -0.993714 -0.063202
0.161917 -0.985056 -0.058723
0.182523 -0.982503 -0.037060
0.182523 -0.982503 -0.037060
0.102464 -0.993448 -0.050623
0.092401 -0.993714 -0.063202
0.092401 -0.993714 -0.063202
0.102464 -0.993448 -0.050623
0.056813 -0.997413 -0.044039
0.056813 -0.997413 -0.044039
0.056580 -0.995979 -0.069463
0.092401 -0.993714 -0.063202
0.182523 -0.982503 -0.037060
0.161917 -0.985056 -0.058723
0.282403 -0.957788 -0.053763
0.282403 -0.957788 -0.053763
0.301918 -0.953095 -0.021331
0.182523 -0.982503 -0.037060
0.182523 -0.982503 -0.037060
0.301918 -0.953095 -0.021331
0.323618 -0.945923 0.022387
0.323618 -0.945923 0.022387
0.202321 -0.979250 -0.011634
0.182523 -0.982503 -0.037060
0.182523 -0.982503 -0.037060
0.202321 -0.979250 -0.011634
0.106203 -0.993851 -0.031321
0.106203 -0.993851 -0.031321
0.102464 -0.993448 -0.050623
0.182523 -0.982503 -0.037060
0.323618 -0.945923 0.022387
0.301918 -0.953095 -0.021331
0.361312 -0.932445 -0.000491
0.361312 -0.932445 -0.000491
0.394120 -0.917583 0.052061
0.323618 -0.945923 0.022387
0.323618 -0.945923 0.022387
0.394120 -0.917583 0.052061
0.396844 -0.915924 0.059979
0.396844 -0.915924 0.059979
0.341348 -0.938650 0.049166
0.323618 -0.945923 0.022387
0.323618 -0.945923 0.022387
0.341348 -0.938650 0.049166
0.217465 -0.975831 0.021513
0.217465 -0.975831 0.021513
0.202321 -0.979250 -0.011634
0.323618 -0.945923 0.022387
0.988657 -0.087586 0.122005
0.991361 -0.124840 0.040233
0.994254 -0.092885 0.053210
0.994254 -0.092885 0.053210
0.989788 -0.070283 0.124014
0.988657 -0.087586 0.122005
0.988657 -0.087586 0.122005
0.989788 -0.070283 0.124014
0.986316 -0.058670 0.154076
0.986316 -0.058670 0.154076
0.986323 -0.073754 0.147399
0.988657 -0.087586 0.122005
0.991361 -0.124840 0.040233
0.971458 -0.212427 -0.105564
0.987247 -0.150208 -0.052734
0.987247 -0.150208 -0.052734
0.994254 -0.092885 0.053210
0.991361 -0.124840 0.040233
0.361312 -0.932445 -0.000491
0.301918 -0.953095 -0.021331
0.282403 -0.957788 -0.053763
0.282403 -0.957788 -0.053763
0.323627 -0.945610 -0.032979
0.361312 -0.932445 -0.000491
0.323627 -0.945610 -0.032979
0.282403 -0.957788 -0.053763
0.252786 -0.963795 -0.084838
0.252786 -0.963795 -0.084838
0.288175 -0.955532 -0.062564
0.323627 -0.945610 -0.032979
0.971458 -0.212427 -0.105564
0.926805 -0.298127 -0.228368
0.958515 -0.227951 -0.171134
0.958515 -0.227951 -0.171134
0.987247 -0.150208 -0.052734
0.971458 -0.212427 -0.105564
0.926805 -0.298127 -0.228368
0.847165 -0.366292 -0.384892
0.896314 -0.348581 -0.274068
0.896314 -0.348581 -0.274068
0.958515 -0.227951 -0.171134
0.926805 -0.298127 -0.228368
0.288175 -0.955532 -0.062564
0.252786 -0.963795 -0.084838
0.210547 -0.972438 -0.100169
0.210547 -0.972438 -0.100169
0.255255 -0.963417 -0.081682
0.288175 -0.955532 -0.062564
0.210547 -0.972438 -0.100169
0.169524 -0.978379 -0.118477
0.208024 -0.970749 -0.119889
0.208024 -0.970749 -0.119889
0.255255 -0.963417 -0.081682
0.210547 -0.972438 -0.100169
0.210547 -0.972438 -0.100169
0.252786 -0.963795 -0.084838
0.143366 -0.986468 -0.079549
0.143366 -0.986468 -0.079549
0.124432 -0.987400 -0.097768
0.210547 -0.972438 -0.100169
0.210547 -0.972438 -0.100169
0.124432 -0.987400 -0.097768
0.106637 -0.989780 -0.094677
0.106637 -0.989780 -0.094677
0.169524 -0.978379 -0.118477
0.210547 -0.972438 -0.100169
0.749496 -0.477756 -0.458262
0.527964 -0.616113 -0.584516
0.584842 -0.627928 -0.513485
0.584842 -0.627928 -0.513485
0.796131 -0.484754 -0.362202
0.749496 -0.477756 -0.458262
0.749496 -0.477756 -0.458262
0.796131 -0.484754 -0.362202
0.896314 -0.348581 -0.274068
0.896314 -0.348581 -0.274068
0.847165 -0.366292 -0.384892
0.749496 -0.477756 -0.458262
0.208024 -0.970749 -0.119889
0.169524 -0.978379 -0.118477
0.132151 -0.984290 -0.117083
0.132151 -0.984290 -0.117083
0.165071 -0.979634 -0.114320
0.208024 -0.970749 -0.119889
0.132151 -0.984290 -0.117083
0.078441 -0.990403 -0.113793
0.103568 -0.986712 -0.125195
0.103568 -0.986712 -0.125195
0.165071 -0.979634 -0.114320
0.132151 -0.984290 -0.117083
0.132151 -0.984290 -0.117083
0.169524 -0.978379 -0.118477
0.106637 -0.989780 -0.094677
0.106637 -0.989780 -0.094677
0.074835 -0.991735 -0.104217
0.132151 -0.984290 -0.117083
0.132151 -0.984290 -0.117083
0.074835 -0.991735 -0.104217
0.048328 -0.994498 -0.092943
0.048328 -0.994498 -0.092943
0.078441 -0.990403 -0.113793
0.132151 -0.984290 -0.117083
0.353639 -0.702857 -0.617196
0.099463 -0.750991 -0.652779
0.117796 -0.775389 -0.620400
0.117796 -0.775389 -0.620400
0.371434 -0.734493 -0.567940
0.353639 -0.702857 -0.617196
0.353639 -0.702857 -0.617196
0.371434 -0.734493 -0.567940
0.584842 -0.627928 -0.513485
0.584842 -0.627928 -0.513485
0.527964 -0.616113 -0.584516
0.353639 -0.702857 -0.617196
0.103568 -0.986712 -0.125195
0.078441 -0.990403 -0.113793
0.026965 -0.994239 -0.103739
0.026965 -0.994239 -0.103739
0.040270 -0.993075 -0.110368
0.103568 -0.986712 -0.125195
0.371434 -0.734493 -0.567940
0.117796 -0.775389 -0.620400
0.123250 -0.817365 -0.562783
0.123250 -0.817365 -0.562783
0.372633 -0.776039 -0.508830
0.371434 -0.734493 -0.567940
0.371434 -0.734493 -0.567940
0.372633 -0.776039 -0.508830
0.601590 -0.678167 -0.422112
0.601590 -0.678167 -0.422112
0.584842 -0.627928 -0.513485
0.371434 -0.734493 -0.567940
0.601590 -0.678167 -0.422112
0.372633 -0.776039 -0.508830
0.358609 -0.808870 -0.465971
0.358609 -0.808870 -0.465971
0.564388 -0.719873 -0.404040
0.601590 -0.678167 -0.422112
0.601590 -0.678167 -0.422112
0.564388 -0.719873 -0.404040
0.787431 -0.550431 -0.277450
0.787431 -0.550431 -0.277450
0.817982 -0.486266 -0.307330
0.601590 -0.678167 -0.422112
0.601590 -0.678167 -0.422112
0.817982 -0.486266 -0.307330
0.796131 -0.484754 -0.362202
0.796131 -0.484754 -0.362202
0.584842 -0.627928 -0.513485
0.601590 -0.678167 -0.422112
0.787431 -0.550431 -0.277450
0.908867 -0.390538 -0.146426
0.938638 -0.301464 -0.167567
0.938638 -0.301464 -0.167567
0.817982 -0.486266 -0.307330
0.787431 -0.550431 -0.277450
-0.894490 -0.406144 -0.186906
-0.744062 -0.586129 -0.320662
-0.811022 -0.502421 -0.299693
-0.811022 -0.502421 -0.299693
-0.934731 -0.315057 -0.164371
-0.894490 -0.406144 -0.186906
-0.894490 -0.406144 -0.186906
-0.934731 -0.315057 -0.164371
-0.972610 -0.218980 -0.077957
-0.972610 -0.218980 -0.077957
-0.950778 -0.295621 -0.092899
-0.894490 -0.406144 -0.186906
-0.744062 -0.586129 -0.320662
-0.547381 -0.731333 -0.406849
-0.603323 -0.676133 -0.422901
-0.603323 -0.676133 -0.422901
-0.811022 -0.502421 -0.299693
-0.744062 -0.586129 -0.320662
-0.603323 -0.676133 -0.422901
-0.547381 -0.731333 -0.406849
-0.351967 -0.812837 -0.464128
-0.351967 -0.812837 -0.464128
-0.377493 -0.770280 -0.513972
-0.603323 -0.676133 -0.422901
-0.603323 -0.676133 -0.422901
-0.377493 -0.770280 -0.513972
-0.380537 -0.722529 -0.577186
-0.380537 -0.722529 -0.577186
-0.619651 -0.619220 -0.482285
-0.603323 -0.676133 -0.422901
-0.603323 -0.676133 -0.422901
-0.619651 -0.619220 -0.482285
-0.809042 -0.468372 -0.355076
-0.809042 -0.468372 -0.355076
-0.811022 -0.502421 -0.299693
-0.603323 -0.676133 -0.422901
-0.377493 -0.770280 -0.513972
-0.351967 -0.812837 -0.464128
-0.117024 -0.840200 -0.529498
-0.117024 -0.840200 -0.529498
-0.131232 -0.814710 -0.564823
-0.377493 -0.770280 -0.513972
-0.377493 -0.770280 -0.513972
-0.131232 -0.814710 -0.564823
-0.135354 -0.773897 -0.618678
-0.135354 -0.773897 -0.618678
-0.380537 -0.722529 -0.577186
-0.377493 -0.770280 -0.513972
-0.135354 -0.773897 -0.618678
-0.131232 -0.814710 -0.564823
0.123250 -0.817365 -0.562783
0.123250 -0.817365 -0.562783
0.117796 -0.775389 -0.620400
-0.135354 -0.773897 -0.618678
-0.135354 -0.773897 -0.618678
0.117796 -0.775389 -0.620400
0.099463 -0.750991 -0.652779
0.099463 -0.750991 -0.652779
-0.142658 -0.749534 -0.646412
-0.135354 -0.773897 -0.618678
-0.135354 -0.773897 -0.618678
-0.142658 -0.749534 -0.646412
-0.368039 -0.705137 -0.606076
-0.368039 -0.705137 -0.606076
-0.380537 -0.722529 -0.577186
-0.135354 -0.773897 -0.618678
-0.131232 -0.814710 -0.564823
-0.117024 -0.840200 -0.529498
0.122885 -0.838408 -0.531010
0.122885 -0.838408 -0.531010
0.123250 -0.817365 -0.562783
-0.131232 -0.814710 -0.564823
0.122885 -0.838408 -0.531010
0.358609 -0.808870 -0.465971
0.372633 -0.776039 -0.508830
0.372633 -0.776039 -0.508830
0.123250 -0.817365 -0.562783
0.122885 -0.838408 -0.531010
0.040270 -0.993075 -0.110368
0.026965 -0.994239 -0.103739
-0.039631 -0.993864 -0.103261
-0.039631 -0.993864 -0.103261
-0.042908 -0.992195 -0.117078
0.040270 -0.993075 -0.110368
0.078441 -0.990403 -0.113793
0.048328 -0.994498 -0.092943
0.013470 -0.996496 -0.082550
0.013470 -0.996496 -0.082550
0.026965 -0.994239 -0.103739
0.078441 -0.990403 -0.113793
0.252786 -0.963795 -0.084838
0.282403 -0.957788 -0.053763
0.161917 -0.985056 -0.058723
0.161917 -0.985056 -0.058723
0.143366 -0.986468 -0.079549
0.252786 -0.963795 -0.084838
0.143366 -0.986468 -0.079549
0.079582 -0.994012 -0.074876
0.069438 -0.994178 -0.082386
0.069438 -0.994178 -0.082386
0.124432 -0.987400 -0.097768
0.143366 -0.986468 -0.079549
0.025795 -0.996034 -0.085149
0.048328 -0.994498 -0.092943
0.074835 -0.991735 -0.104217
0.074835 -0.991735 -0.104217
0.040157 -0.995267 -0.088492
0.025795 -0.996034 -0.085149
-0.769470 -0.450891 -0.452342
-0.883358 -0.331952 -0.330888
-0.899575 -0.349066 -0.262522
-0.899575 -0.349066 -0.262522
-0.809042 -0.468372 -0.355076
-0.769470 -0.450891 -0.452342
-0.267699 -0.958795 -0.095131
-0.226676 -0.968877 -0.099472
-0.256317 -0.964098 -0.069409
-0.256317 -0.964098 -0.069409
-0.317294 -0.946489 -0.059011
-0.267699 -0.958795 -0.095131
-0.883358 -0.331952 -0.330888
-0.951406 -0.234233 -0.199905
-0.960204 -0.238013 -0.146143
-0.960204 -0.238013 -0.146143
-0.899575 -0.349066 -0.262522
-0.883358 -0.331952 -0.330888
-0.317294 -0.946489 -0.059011
-0.256317 -0.964098 -0.069409
-0.286593 -0.957207 -0.040250
-0.286593 -0.957207 -0.040250
-0.349002 -0.936863 -0.022025
-0.317294 -0.946489 -0.059011
-0.951406 -0.234233 -0.199905
-0.985387 -0.159474 -0.059835
-0.986863 -0.155477 -0.043907
-0.986863 -0.155477 -0.043907
-0.960204 -0.238013 -0.146143
-0.951406 -0.234233 -0.199905
-0.349002 -0.936863 -0.022025
-0.286593 -0.957207 -0.040250
-0.316712 -0.948495 0.007048
-0.316712 -0.948495 0.007048
-0.374532 -0.926729 0.029989
-0.349002 -0.936863 -0.022025
-0.985387 -0.159474 -0.059835
-0.991656 -0.106186 0.073100
-0.993155 -0.092244 0.071660
-0.993155 -0.092244 0.071660
-0.986863 -0.155477 -0.043907
-0.985387 -0.159474 -0.059835
-0.286593 -0.957207 -0.040250
-0.256317 -0.964098 -0.069409
-0.165685 -0.983441 -0.073432
-0.165685 -0.983441 -0.073432
-0.180312 -0.982348 -0.049798
-0.286593 -0.957207 -0.040250
-0.286593 -0.957207 -0.040250
-0.180312 -0.982348 -0.049798
-0.198224 -0.979925 -0.021292
-0.198224 -0.979925 -0.021292
-0.316712 -0.948495 0.007048
-0.286593 -0.957207 -0.040250
-0.198224 -0.979925 -0.021292
-0.180312 -0.982348 -0.049798
-0.106102 -0.992962 -0.052616
-0.106102 -0.992962 -0.052616
-0.112457 -0.992882 -0.039220
-0.198224 -0.979925 -0.021292
-0.198224 -0.979925 -0.021292
-0.112457 -0.992882 -0.039220
-0.117962 -0.992992 -0.007205
-0.117962 -0.992992 -0.007205
-0.219503 -0.975539 0.011901
-0.198224 -0.979925 -0.021292
-0.198224 -0.979925 -0.021292
-0.219503 -0.975539 0.011901
-0.337293 -0.940749 0.035013
-0.337293 -0.940749 0.035013
-0.316712 -0.948495 0.007048
-0.198224 -0.979925 -0.021292
-0.117962 -0.992992 -0.007205
-0.112457 -0.992882 -0.039220
-0.052396 -0.998237 -0.027890
-0.052396 -0.998237 -0.027890
-0.045697 -0.998946 -0.004248
-0.117962 -0.992992 -0.007205
-0.117962 -0.992992 -0.007205
-0.045697 -0.998946 -0.004248
-0.042959 -0.999073 0.002848
-0.042959 -0.999073 0.002848
-0.125245 -0.992066 0.010933
-0.117962 -0.992992 -0.007205
-0.117962 -0.992992 -0.007205
-0.125245 -0.992066 0.010933
-0.229471 -0.972875 0.029281
-0.229471 -0.972875 0.029281
-0.219503 -0.975539 0.011901
-0.117962 -0.992992 -0.007205
-0.125245 -0.992066 0.010933
-0.042959 -0.999073 0.002848
-0.046861 -0.998875 0.007323
-0.046861 -0.998875 0.007323
-0.131951 -0.991010 0.022107
-0.125245 -0.992066 0.010933
-0.125245 -0.992066 0.010933
-0.131951 -0.991010 0.022107
-0.235114 -0.971257 0.037155
-0.235114 -0.971257 0.037155
-0.229471 -0.972875 0.029281
-0.125245 -0.992066 0.010933
-0.131951 -0.991010 0.022107
-0.046861 -0.998875 0.007323
-0.053505 -0.998548 0.006324
-0.053505 -0.998548 0.006324
-0.139453 -0.989960 0.023075
-0.131951 -0.991010 0.022107
-0.131951 -0.991010 0.022107
-0.139453 -0.989960 0.023075
-0.240188 -0.969956 0.038668
-0.240188 -0.969956 0.038668
-0.235114 -0.971257 0.037155
-0.131951 -0.991010 0.022107
-0.139453 -0.989960 0.023075
-0.053505 -0.998548 0.006324
-0.061375 -0.998092 0.006717
-0.061375 -0.998092 0.006717
-0.148397 -0.988631 0.024207
-0.139453 -0.989960 0.023075
-0.139453 -0.989960 0.023075
-0.148397 -0.988631 0.024207
-0.245751 -0.968556 0.038800
-0.245751 -0.968556 0.038800
-0.240188 -0.969956 0.038668
-0.139453 -0.989960 0.023075
-0.148397 -0.988631 0.024207
-0.061375 -0.998092 0.006717
-0.070472 -0.997472 0.009121
-0.070472 -0.997472 0.009121
-0.156585 -0.987336 0.025477
-0.148397 -0.988631 0.024207
-0.148397 -0.988631 0.024207
-0.156585 -0.987336 0.025477
-0.252126 -0.966794 0.041738
-0.252126 -0.966794 0.041738
-0.245751 -0.968556 0.038800
-0.148397 -0.988631 0.024207
-0.252126 -0.966794 0.041738
-0.156585 -0.987336 0.025477
-0.165019 -0.985837 0.029912
-0.165019 -0.985837 0.029912
-0.258095 -0.965079 0.044829
-0.252126 -0.966794 0.041738
-0.252126 -0.966794 0.041738
-0.258095 -0.965079 0.044829
-0.363645 -0.929456 0.062250
-0.363645 -0.929456 0.062250
-0.361590 -0.930367 0.060580
-0.252126 -0.966794 0.041738
-0.252126 -0.966794 0.041738
-0.361590 -0.930367 0.060580
-0.357602 -0.932026 0.058719
-0.357602 -0.932026 0.058719
-0.245751 -0.968556 0.038800
-0.252126 -0.966794 0.041738
-0.363645 -0.929456 0.062250
-0.258095 -0.965079 0.044829
-0.264177 -0.963488 0.043603
-0.264177 -0.963488 0.043603
-0.368047 -0.927646 0.063354
-0.363645 -0.929456 0.062250
-0.363645 -0.929456 0.062250
-0.368047 -0.927646 0.063354
-0.406947 -0.910714 0.070674
-0.406947 -0.910714 0.070674
-0.407449 -0.910553 0.069844
-0.363645 -0.929456 0.062250
-0.363645 -0.929456 0.062250
-0.407449 -0.910553 0.069844
-0.406854 -0.910988 0.067606
-0.406854 -0.910988 0.067606
-0.361590 -0.930367 0.060580
-0.363645 -0.929456 0.062250
-0.981371 -0.099593 0.164293
-0.978082 -0.120198 0.170027
-0.980684 -0.102061 0.166860
-0.980684 -0.102061 0.166860
-0.982421 -0.090697 0.163166
-0.981371 -0.099593 0.164293
-0.981371 -0.099593 0.164293
-0.982421 -0.090697 0.163166
-0.982471 -0.088721 0.163949
-0.982471 -0.088721 0.163949
-0.981879 -0.095276 0.163815
-0.981371 -0.099593 0.164293
-0.982421 -0.090697 0.163166
-0.980684 -0.102061 0.166860
-0.983668 -0.073744 0.164189
-0.983668 -0.073744 0.164189
-0.983743 -0.073442 0.163878
-0.982421 -0.090697 0.163166
-0.982421 -0.090697 0.163166
-0.983743 -0.073442 0.163878
-0.983645 -0.073480 0.164450
-0.983645 -0.073480 0.164450
-0.982471 -0.088721 0.163949
-0.982421 -0.090697 0.163166
-0.983743 -0.073442 0.163878
-0.983668 -0.073744 0.164189
-0.968496 0.187992 0.163325
-0.968496 0.187992 0.163325
-0.966804 0.189751 0.171129
-0.983743 -0.073442 0.163878
-0.983743 -0.073442 0.163878
-0.966804 0.189751 0.171129
-0.959937 0.191970 0.204131
-0.959937 0.191970 0.204131
-0.983645 -0.073480 0.164450
-0.983743 -0.073442 0.163878
-0.966804 0.189751 0.171129
-0.968496 0.187992 0.163325
-0.551643 0.827860 0.101676
-0.551643 0.827860 0.101676
-0.550184 0.824315 0.133426
-0.966804 0.189751 0.171129
-0.966804 0.189751 0.171129
-0.550184 0.824315 0.133426
-0.604474 0.752257 0.262147
-0.604474 0.752257 0.262147
-0.959937 0.191970 0.204131
-0.966804 0.189751 0.171129
-0.604474 0.752257 0.262147
-0.616438 0.692802 0.374205
-0.944094 0.223112 0.242709
-0.944094 0.223112 0.242709
-0.959937 0.191970 0.204131
-0.604474 0.752257 0.262147
-0.604474 0.752257 0.262147
-0.550184 0.824315 0.133426
-0.062685 0.994446 0.084543
-0.062685 0.994446 0.084543
-0.207384 0.938816 0.274985
-0.604474 0.752257 0.262147
-0.604474 0.752257 0.262147
-0.207384 0.938816 0.274985
-0.385409 0.797276 0.464555
-0.385409 0.797276 0.464555
-0.616438 0.692802 0.374205
-0.604474 0.752257 0.262147
-0.385409 0.797276 0.464555
-0.514778 0.599017 0.613337
-0.675332 0.521739 0.521262
-0.675332 0.521739 0.521262
-0.616438 0.692802 0.374205
-0.385409 0.797276 0.464555
-0.385409 0.797276 0.464555
-0.207384 0.938816 0.274985
-0.206823 0.921737 0.328061
-0.206823 0.921737 0.328061
-0.346889 0.754095 0.557682
-0.385409 0.797276 0.464555
-0.385409 0.797276 0.464555
-0.346889 0.754095 0.557682
-0.458604 0.566893 0.684335
-0.458604 0.566893 0.684335
-0.514778 0.599017 0.613337
-0.385409 0.797276 0.464555
-0.458604 0.566893 0.684335
-0.530791 0.386013 0.754489
-0.576266 0.405053 0.709824
-0.576266 0.405053 0.709824
-0.514778 0.599017 0.613337
-0.458604 0.566893 0.684335
-0.458604 0.566893 0.684335
-0.346889 0.754095 0.557682
-0.250370 0.729368 0.636661
-0.250370 0.729368 0.636661
-0.308949 0.536227 0.785500
-0.458604 0.566893 0.684335
-0.458604 0.566893 0.684335
-0.308949 0.536227 0.785500
-0.351067 0.382649 0.854595
-0.351067 0.382649 0.854595
-0.530791 0.386013 0.754489
-0.458604 0.566893 0.684335
-0.308949 0.536227 0.785500
-0.250370 0.729368 0.636661
-0.069770 0.723080 0.687232
-0.069770 0.723080 0.687232
-0.091792 0.540959 0.836025
-0.308949 0.536227 0.785500
-0.308949 0.536227 0.785500
-0.091792 0.540959 0.836025
-0.106876 0.380903 0.918417
-0.106876 0.380903 0.918417
-0.351067 0.382649 0.854595
-0.308949 0.536227 0.785500
-0.091792 0.540959 0.836025
-0.069770 0.723080 0.687232
0.005641 0.722555 0.691291
0.005641 0.722555 0.691291
-0.001052 0.541506 0.840696
-0.091792 0.540959 0.836025
-0.091792 0.540959 0.836025
-0.001052 0.541506 0.840696
-0.005794 0.380019 0.924961
-0.005794 0.380019 0.924961
-0.106876 0.380903 0.918417
-0.091792 0.540959 0.836025
-0.001052 0.541506 0.840696
0.005641 0.722555 0.691291
-0.000364 0.723153 0.690688
-0.000364 0.723153 0.690688
-0.002945 0.542727 0.839904
-0.001052 0.541506 0.840696
-0.001052 0.541506 0.840696
-0.002945 0.542727 0.839904
-0.001137 0.382778 0.923840
-0.001137 0.382778 0.923840
-0.005794 0.380019 0.924961
-0.001052 0.541506 0.840696
-0.002945 0.542727 0.839904
-0.000364 0.723153 0.690688
0.001089 0.725891 0.687809
0.001089 0.725891 0.687809
-0.000038 0.549444 0.835530
-0.002945 0.542727 0.839904
-0.002945 0.542727 0.839904
-0.000038 0.549444 0.835530
-0.000225 0.389033 0.921224
-0.000225 0.389033 0.921224
-0.001137 0.382778 0.923840
-0.002945 0.542727 0.839904
-0.000038 0.549444 0.835530
0.001089 0.725891 0.687809
-0.001594 0.731250 0.682108
-0.001594 0.731250 0.682108
0.002033 0.552418 0.833565
-0.000038 0.549444 0.835530
-0.000038 0.549444 0.835530
0.002033 0.552418 0.833565
0.002554 0.391163 0.920318
0.002554 0.391163 0.920318
-0.000225 0.389033 0.921224
-0.000038 0.549444 0.835530
0.002033 0.552418 0.833565
-0.001594 0.731250 0.682108
-0.004537 0.739100 0.673581
-0.004537 0.739100 0.673581
0.001732 0.561883 0.827215
0.002033 0.552418 0.833565
0.002033 0.552418 0.833565
0.001732 0.561883 0.827215
0.006261 0.396965 0.917812
0.006261 0.396965 0.917812
0.002554 0.391163 0.920318
0.002033 0.552418 0.833565
0.001732 0.561883 0.827215
-0.004537 0.739100 0.673581
0.076024 0.743026 0.664931
0.076024 0.743026 0.664931
0.096715 0.574004 0.813121
0.001732 0.561883 0.827215
0.001732 0.561883 0.827215
0.096715 0.574004 0.813121
0.113085 0.403129 0.908129
0.113085 0.403129 0.908129
0.006261 0.396965 0.917812
0.001732 0.561883 0.827215
0.096715 0.574004 0.813121
0.076024 0.743026 0.664931
0.225011 0.771144 0.595573
0.225011 0.771144 0.595573
0.314207 0.582141 0.749924
0.096715 0.574004 0.813121
0.096715 0.574004 0.813121
0.314207 0.582141 0.749924
0.346239 0.406976 0.845275
0.346239 0.406976 0.845275
0.113085 0.403129 0.908129
0.096715 0.574004 0.813121
0.225011 0.771144 0.595573
0.076024 0.743026 0.664931
0.047062 0.903340 0.426336
0.047062 0.903340 0.426336
0.124941 0.911145 0.392689
0.225011 0.771144 0.595573
0.225011 0.771144 0.595573
0.124941 0.911145 0.392689
0.174483 0.927872 0.329558
0.174483 0.927872 0.329558
0.322153 0.818581 0.475545
0.225011 0.771144 0.595573
0.225011 0.771144 0.595573
0.322153 0.818581 0.475545
0.423223 0.611068 0.668938
0.423223 0.611068 0.668938
0.314207 0.582141 0.749924
0.225011 0.771144 0.595573
0.322153 0.818581 0.475545
0.174483 0.927872 0.329558
0.189189 0.947876 0.256395
0.189189 0.947876 0.256395
0.355652 0.849247 0.390246
0.322153 0.818581 0.475545
0.322153 0.818581 0.475545
0.355652 0.849247 0.390246
0.485057 0.640135 0.595774
0.485057 0.640135 0.595774
0.423223 0.611068 0.668938
0.322153 0.818581 0.475545
0.355652 0.849247 0.390246
0.189189 0.947876 0.256395
0.591832 0.773438 0.227002
0.591832 0.773438 0.227002
0.620077 0.708439 0.337072
0.355652 0.849247 0.390246
0.355652 0.849247 0.390246
0.620077 0.708439 0.337072
0.664069 0.566103 0.488405
0.664069 0.566103 0.488405
0.485057 0.640135 0.595774
0.355652 0.849247 0.390246
0.620077 0.708439 0.337072
0.591832 0.773438 0.227002
0.960830 0.202385 0.189332
0.960830 0.202385 0.189332
0.947317 0.212920 0.239282
0.620077 0.708439 0.337072
0.620077 0.708439 0.337072
0.947317 0.212920 0.239282
0.939885 0.198536 0.277848
0.939885 0.198536 0.277848
0.664069 0.566103 0.488405
0.620077 0.708439 0.337072
0.960830 0.202385 0.189332
0.591832 0.773438 0.227002
0.543968 0.829428 0.127072
0.543968 0.829428 0.127072
0.965965 0.194266 0.170797
0.960830 0.202385 0.189332
0.960830 0.202385 0.189332
0.965965 0.194266 0.170797
0.983789 -0.072225 0.164143
0.983789 -0.072225 0.164143
0.983635 -0.073548 0.164475
0.960830 0.202385 0.189332
0.960830 0.202385 0.189332
0.983635 -0.073548 0.164475
0.984096 -0.071039 0.162813
0.984096 -0.071039 0.162813
0.947317 0.212920 0.239282
0.960830 0.202385 0.189332
0.983635 -0.073548 0.164475
0.983789 -0.072225 0.164143
0.982378 -0.090734 0.163406
0.982378 -0.090734 0.163406
0.982416 -0.089340 0.163945
0.983635 -0.073548 0.164475
0.983635 -0.073548 0.164475
0.982416 -0.089340 0.163945
0.983092 -0.084686 0.162350
0.983092 -0.084686 0.162350
0.984096 -0.071039 0.162813
0.983635 -0.073548 0.164475
0.982416 -0.089340 0.163945
0.982378 -0.090734 0.163406
0.981247 -0.100012 0.164780
0.981247 -0.100012 0.164780
0.981829 -0.095811 0.163806
0.982416 -0.089340 0.163945
0.982416 -0.089340 0.163945
0.981829 -0.095811 0.163806
0.982255 -0.093285 0.162705
0.982255 -0.093285 0.162705
0.983092 -0.084686 0.162350
0.982416 -0.089340 0.163945
0.405745 -0.911523 0.067057
0.406369 -0.911025 0.069981
0.361947 -0.930056 0.063169
0.361947 -0.930056 0.063169
0.359294 -0.931399 0.058344
0.405745 -0.911523 0.067057
0.405745 -0.911523 0.067057
0.359294 -0.931399 0.058344
0.354507 -0.933084 0.060662
0.354507 -0.933084 0.060662
0.404296 -0.912136 0.067480
0.405745 -0.911523 0.067057
0.359294 -0.931399 0.058344
0.361947 -0.930056 0.063169
0.255134 -0.965819 0.045840
0.255134 -0.965819 0.045840
0.250457 -0.967328 0.039351
0.359294 -0.931399 0.058344
0.359294 -0.931399 0.058344
0.250457 -0.967328 0.039351
0.243844 -0.969003 0.039664
0.243844 -0.969003 0.039664
0.354507 -0.933084 0.060662
0.359294 -0.931399 0.058344
0.243844 -0.969003 0.039664
0.237569 -0.970597 0.038761
0.351634 -0.934376 0.057410
0.351634 -0.934376 0.057410
0.354507 -0.933084 0.060662
0.243844 -0.969003 0.039664
0.243844 -0.969003 0.039664
0.250457 -0.967328 0.039351
0.150839 -0.988200 0.026612
0.150839 -0.988200 0.026612
0.144333 -0.989242 0.023840
0.243844 -0.969003 0.039664
0.243844 -0.969003 0.039664
0.144333 -0.989242 0.023840
0.133224 -0.990845 0.021856
0.133224 -0.990845 0.021856
0.237569 -0.970597 0.038761
0.243844 -0.969003 0.039664
0.133224 -0.990845 0.021856
0.123738 -0.992073 0.021924
0.235000 -0.971287 0.037091
0.235000 -0.971287 0.037091
0.237569 -0.970597 0.038761
0.133224 -0.990845 0.021856
0.133224 -0.990845 0.021856
0.144333 -0.989242 0.023840
0.057424 -0.998330 0.006300
0.057424 -0.998330 0.006300
0.051086 -0.998687 0.003864
0.133224 -0.990845 0.021856
0.133224 -0.990845 0.021856
0.051086 -0.998687 0.003864
0.044023 -0.998986 0.009414
0.044023 -0.998986 0.009414
0.123738 -0.992073 0.021924
0.133224 -0.990845 0.021856
0.044023 -0.998986 0.009414
0.037452 -0.999284 0.005339
0.121883 -0.992426 0.015309
0.121883 -0.992426 0.015309
0.123738 -0.992073 0.021924
0.044023 -0.998986 0.009414
0.044023 -0.998986 0.009414
0.051086 -0.998687 0.003864
0.009138 -0.999958 0.000495
0.009138 -0.999958 0.000495
0.008289 -0.999965 0.000980
0.044023 -0.998986 0.009414
0.044023 -0.998986 0.009414
0.008289 -0.999965 0.000980
0.005018 -0.999987 0.000850
0.005018 -0.999987 0.000850
0.037452 -0.999284 0.005339
0.044023 -0.998986 0.009414
0.005018 -0.999987 0.000850
0.006595 -0.999978 -0.000654
0.035693 -0.999349 -0.005194
0.035693 -0.999349 -0.005194
0.037452 -0.999284 0.005339
0.005018 -0.999987 0.000850
0.005018 -0.999987 0.000850
0.008289 -0.999965 0.000980
-0.000360 -1.000000 0.000195
-0.000360 -1.000000 0.000195
-0.000580 -1.000000 -0.000009
0.005018 -0.999987 0.000850
0.005018 -0.999987 0.000850
-0.000580 -1.000000 -0.000009
-0.000568 -1.000000 0.000400
-0.000568 -1.000000 0.000400
0.006595 -0.999978 -0.000654
0.005018 -0.999987 0.000850
-0.000568 -1.000000 0.000400
-0.000115 -1.000000 0.000242
0.008186 -0.999966 -0.000940
0.008186 -0.999966 -0.000940
0.006595 -0.999978 -0.000654
-0.000568 -1.000000 0.000400
-0.000568 -1.000000 0.000400
-0.000580 -1.000000 -0.000009
-0.006994 -0.999975 0.000653
-0.006994 -0.999975 0.000653
-0.007439 -0.999972 0.000137
-0.000568 -1.000000 0.000400
-0.000568 -1.000000 0.000400
-0.007439 -0.999972 0.000137
-0.014259 -0.999872 -0.007194
-0.014259 -0.999872 -0.007194
-0.000115 -1.000000 0.000242
-0.000568 -1.000000 0.000400
-0.014259 -0.999872 -0.007194
-0.027017 -0.999253 -0.027636
-0.000876 -0.999891 -0.014743
-0.000876 -0.999891 -0.014743
-0.000115 -1.000000 0.000242
-0.014259 -0.999872 -0.007194
-0.014259 -0.999872 -0.007194
-0.007439 -0.999972 0.000137
-0.045697 -0.998946 -0.004248
-0.045697 -0.998946 -0.004248
-0.052396 -0.998237 -0.027890
-0.014259 -0.999872 -0.007194
-0.014259 -0.999872 -0.007194
-0.052396 -0.998237 -0.027890
-0.061403 -0.996824 -0.050717
-0.061403 -0.996824 -0.050717
-0.027017 -0.999253 -0.027636
-0.014259 -0.999872 -0.007194
-0.061403 -0.996824 -0.050717
-0.059698 -0.995286 -0.076428
-0.032670 -0.997082 -0.068990
-0.032670 -0.997082 -0.068990
-0.027017 -0.999253 -0.027636
-0.061403 -0.996824 -0.050717
-0.061403 -0.996824 -0.050717
-0.052396 -0.998237 -0.027890
-0.112457 -0.992882 -0.039220
-0.112457 -0.992882 -0.039220
-0.106102 -0.992962 -0.052616
-0.061403 -0.996824 -0.050717
-0.061403 -0.996824 -0.050717
-0.106102 -0.992962 -0.052616
-0.091744 -0.993344 -0.069642
-0.091744 -0.993344 -0.069642
-0.059698 -0.995286 -0.076428
-0.061403 -0.996824 -0.050717
-0.007439 -0.999972 0.000137
-0.006994 -0.999975 0.000653
-0.042959 -0.999073 0.002848
-0.042959 -0.999073 0.002848
-0.045697 -0.998946 -0.004248
-0.007439 -0.999972 0.000137
-0.006994 -0.999975 0.000653
-0.000580 -1.000000 -0.000009
-0.000360 -1.000000 0.000195
-0.000360 -1.000000 0.000195
-0.009025 -0.999959 0.001082
-0.006994 -0.999975 0.000653
-0.006994 -0.999975 0.000653
-0.009025 -0.999959 0.001082
-0.046861 -0.998875 0.007323
-0.046861 -0.998875 0.007323
-0.042959 -0.999073 0.002848
-0.006994 -0.999975 0.000653
-0.009025 -0.999959 0.001082
-0.000360 -1.000000 0.000195
-0.000163 -1.000000 0.000015
-0.000163 -1.000000 0.000015
-0.010583 -0.999944 0.000576
-0.009025 -0.999959 0.001082
-0.009025 -0.999959 0.001082
-0.010583 -0.999944 0.000576
-0.053505 -0.998548 0.006324
-0.053505 -0.998548 0.006324
-0.046861 -0.998875 0.007323
-0.009025 -0.999959 0.001082
-0.010583 -0.999944 0.000576
-0.000163 -1.000000 0.000015
-0.000272 -1.000000 0.000055
-0.000272 -1.000000 0.000055
-0.011547 -0.999933 0.000715
-0.010583 -0.999944 0.000576
-0.010583 -0.999944 0.000576
-0.011547 -0.999933 0.000715
-0.061375 -0.998092 0.006717
-0.061375 -0.998092 0.006717
-0.053505 -0.998548 0.006324
-0.010583 -0.999944 0.000576
-0.011547 -0.999933 0.000715
-0.000272 -1.000000 0.000055
-0.000378 -1.000000 -0.000048
-0.000378 -1.000000 -0.000048
-0.013223 -0.999912 0.001329
-0.011547 -0.999933 0.000715
-0.011547 -0.999933 0.000715
-0.013223 -0.999912 0.001329
-0.070472 -0.997472 0.009121
-0.070472 -0.997472 0.009121
-0.061375 -0.998092 0.006717
-0.011547 -0.999933 0.000715
-0.013223 -0.999912 0.001329
-0.000378 -1.000000 -0.000048
-0.000564 -1.000000 0.000458
-0.000564 -1.000000 0.000458
-0.015499 -0.999880 0.000659
-0.013223 -0.999912 0.001329
-0.013223 -0.999912 0.001329
-0.015499 -0.999880 0.000659
-0.082550 -0.996514 0.012073
-0.082550 -0.996514 0.012073
-0.070472 -0.997472 0.009121
-0.013223 -0.999912 0.001329
-0.082550 -0.996514 0.012073
-0.015499 -0.999880 0.000659
-0.017655 -0.999725 0.015457
-0.017655 -0.999725 0.015457
-0.095783 -0.994978 0.029066
-0.082550 -0.996514 0.012073
-0.082550 -0.996514 0.012073
-0.095783 -0.994978 0.029066
-0.171039 -0.984721 0.032721
-0.171039 -0.984721 0.032721
-0.165019 -0.985837 0.029912
-0.082550 -0.996514 0.012073
-0.082550 -0.996514 0.012073
-0.165019 -0.985837 0.029912
-0.156585 -0.987336 0.025477
-0.156585 -0.987336 0.025477
-0.070472 -0.997472 0.009121
-0.082550 -0.996514 0.012073
-0.171039 -0.984721 0.032721
-0.095783 -0.994978 0.029066
-0.089601 -0.994335 0.057180
-0.089601 -0.994335 0.057180
-0.155564 -0.986922 0.042255
-0.171039 -0.984721 0.032721
-0.171039 -0.984721 0.032721
-0.155564 -0.986922 0.042255
-0.268877 -0.962048 0.046576
-0.268877 -0.962048 0.046576
-0.264177 -0.963488 0.043603
-0.171039 -0.984721 0.032721
-0.171039 -0.984721 0.032721
-0.264177 -0.963488 0.043603
-0.258095 -0.965079 0.044829
-0.258095 -0.965079 0.044829
-0.165019 -0.985837 0.029912
-0.171039 -0.984721 0.032721
-0.268877 -0.962048 0.046576
-0.155564 -0.986922 0.042255
-0.133036 -0.989565 0.055349
-0.133036 -0.989565 0.055349
-0.262914 -0.962980 0.059542
-0.268877 -0.962048 0.046576
-0.268877 -0.962048 0.046576
-0.262914 -0.962980 0.059542
-0.374462 -0.924826 0.066900
-0.374462 -0.924826 0.066900
-0.373902 -0.925265 0.063888
-0.268877 -0.962048 0.046576
-0.268877 -0.962048 0.046576
-0.373902 -0.925265 0.063888
-0.368047 -0.927646 0.063354
-0.368047 -0.927646 0.063354
-0.264177 -0.963488 0.043603
-0.268877 -0.962048 0.046576
-0.373902 -0.925265 0.063888
-0.374462 -0.924826 0.066900
-0.407157 -0.910773 0.068675
-0.407157 -0.910773 0.068675
-0.407922 -0.910410 0.068947
-0.373902 -0.925265 0.063888
-0.373902 -0.925265 0.063888
-0.407922 -0.910410 0.068947
-0.406947 -0.910714 0.070674
-0.406947 -0.910714 0.070674
-0.368047 -0.927646 0.063354
-0.373902 -0.925265 0.063888
-0.978529 -0.124510 0.164252
-0.978408 -0.127423 0.162732
-0.980656 -0.108556 0.162879
-0.980656 -0.108556 0.162879
-0.980427 -0.109147 0.163861
-0.978529 -0.124510 0.164252
-0.978529 -0.124510 0.164252
-0.980427 -0.109147 0.163861
-0.980684 -0.102061 0.166860
-0.980684 -0.102061 0.166860
-0.978082 -0.120198 0.170027
-0.978529 -0.124510 0.164252
-0.980427 -0.109147 0.163861
-0.980656 -0.108556 0.162879
-0.983244 -0.078541 0.164509
-0.983244 -0.078541 0.164509
-0.983438 -0.077976 0.163612
-0.980427 -0.109147 0.163861
-0.980427 -0.109147 0.163861
-0.983438 -0.077976 0.163612
-0.983668 -0.073744 0.164189
-0.983668 -0.073744 0.164189
-0.980684 -0.102061 0.166860
-0.980427 -0.109147 0.163861
-0.983438 -0.077976 0.163612
-0.983244 -0.078541 0.164509
-0.975589 0.147977 0.162264
-0.975589 0.147977 0.162264
-0.971364 0.176919 0.158592
-0.983438 -0.077976 0.163612
-0.983438 -0.077976 0.163612
-0.971364 0.176919 0.158592
-0.968496 0.187992 0.163325
-0.968496 0.187992 0.163325
-0.983668 -0.073744 0.164189
-0.983438 -0.077976 0.163612
-0.971364 0.176919 0.158592
-0.975589 0.147977 0.162264
-0.569454 0.817040 0.090380
-0.569454 0.817040 0.090380
-0.564885 0.820157 0.090819
-0.971364 0.176919 0.158592
-0.971364 0.176919 0.158592
-0.564885 0.820157 0.090819
-0.551643 0.827860 0.101676
-0.551643 0.827860 0.101676
-0.968496 0.187992 0.163325
-0.971364 0.176919 0.158592
-0.564885 0.820157 0.090819
-0.569454 0.817040 0.090380
-0.019148 0.999817 0.000551
-0.019148 0.999817 0.000551
-0.036061 0.999314 0.008378
-0.564885 0.820157 0.090819
-0.564885 0.820157 0.090819
-0.036061 0.999314 0.008378
-0.034810 0.999133 0.022847
-0.034810 0.999133 0.022847
-0.551643 0.827860 0.101676
-0.564885 0.820157 0.090819
-0.034810 0.999133 0.022847
-0.062685 0.994446 0.084543
-0.550184 0.824315 0.133426
-0.550184 0.824315 0.133426
-0.551643 0.827860 0.101676
-0.034810 0.999133 0.022847
-0.034810 0.999133 0.022847
-0.036061 0.999314 0.008378
-0.005130 0.999980 0.003754
-0.005130 0.999980 0.003754
-0.007387 0.999684 0.024044
-0.034810 0.999133 0.022847
-0.034810 0.999133 0.022847
-0.007387 0.999684 0.024044
-0.074743 0.987483 0.138893
-0.074743 0.987483 0.138893
-0.062685 0.994446 0.084543
-0.034810 0.999133 0.022847
-0.074743 0.987483 0.138893
-0.206823 0.921737 0.328061
-0.207384 0.938816 0.274985
-0.207384 0.938816 0.274985
-0.062685 0.994446 0.084543
-0.074743 0.987483 0.138893
-0.074743 0.987483 0.138893
-0.007387 0.999684 0.024044
-0.013062 0.999203 0.037729
-0.013062 0.999203 0.037729
-0.056999 0.979890 0.191227
-0.074743 0.987483 0.138893
-0.074743 0.987483 0.138893
-0.056999 0.979890 0.191227
-0.142952 0.899787 0.412248
-0.142952 0.899787 0.412248
-0.206823 0.921737 0.328061
-0.074743 0.987483 0.138893
-0.142952 0.899787 0.412248
-0.250370 0.729368 0.636661
-0.346889 0.754095 0.557682
-0.346889 0.754095 0.557682
-0.206823 0.921737 0.328061
-0.142952 0.899787 0.412248
-0.142952 0.899787 0.412248
-0.056999 0.979890 0.191227
-0.016584 0.978463 0.205755
-0.016584 0.978463 0.205755
-0.040058 0.887138 0.459763
-0.142952 0.899787 0.412248
-0.142952 0.899787 0.412248
-0.040058 0.887138 0.459763
-0.069770 0.723080 0.687232
-0.069770 0.723080 0.687232
-0.250370 0.729368 0.636661
-0.142952 0.899787 0.412248
-0.040058 0.887138 0.459763
-0.016584 0.978463 0.205755
0.010283 0.979475 0.201303
0.010283 0.979475 0.201303
0.008414 0.889778 0.456317
-0.040058 0.887138 0.459763
-0.040058 0.887138 0.459763
0.008414 0.889778 0.456317
0.005641 0.722555 0.691291
0.005641 0.722555 0.691291
-0.069770 0.723080 0.687232
-0.040058 0.887138 0.459763
0.008414 0.889778 0.456317
0.010283 0.979475 0.201303
-0.003273 0.980691 0.195539
-0.003273 0.980691 0.195539
0.000234 0.891147 0.453715
0.008414 0.889778 0.456317
0.008414 0.889778 0.456317
0.000234 0.891147 0.453715
-0.000364 0.723153 0.690688
-0.000364 0.723153 0.690688
0.005641 0.722555 0.691291
0.008414 0.889778 0.456317
0.000234 0.891147 0.453715
-0.003273 0.980691 0.195539
0.001818 0.980294 0.197537
0.001818 0.980294 0.197537
0.000332 0.893617 0.448830
0.000234 0.891147 0.453715
0.000234 0.891147 0.453715
0.000332 0.893617 0.448830
0.001089 0.725891 0.687809
0.001089 0.725891 0.687809
-0.000364 0.723153 0.690688
0.000234 0.891147 0.453715
0.000332 0.893617 0.448830
0.001818 0.980294 0.197537
-0.000391 0.981725 0.190306
-0.000391 0.981725 0.190306
-0.002080 0.896664 0.442706
0.000332 0.893617 0.448830
0.000332 0.893617 0.448830
-0.002080 0.896664 0.442706
-0.001594 0.731250 0.682108
-0.001594 0.731250 0.682108
0.001089 0.725891 0.687809
0.000332 0.893617 0.448830
-0.002080 0.896664 0.442706
-0.000391 0.981725 0.190306
-0.010669 0.982010 0.188528
-0.010669 0.982010 0.188528
-0.010524 0.899584 0.436622
-0.002080 0.896664 0.442706
-0.002080 0.896664 0.442706
-0.010524 0.899584 0.436622
-0.004537 0.739100 0.673581
-0.004537 0.739100 0.673581
-0.001594 0.731250 0.682108
-0.002080 0.896664 0.442706
-0.010524 0.899584 0.436622
-0.010669 0.982010 0.188528
0.016510 0.982355 0.186295
0.016510 0.982355 0.186295
0.047062 0.903340 0.426336
-0.010524 0.899584 0.436622
-0.010524 0.899584 0.436622
0.047062 0.903340 0.426336
0.076024 0.743026 0.664931
0.076024 0.743026 0.664931
-0.004537 0.739100 0.673581
-0.010524 0.899584 0.436622
0.016510 0.982355 0.186295
-0.010669 0.982010 0.188528
-0.004881 0.998968 0.045149
-0.004881 0.998968 0.045149
0.002129 0.998673 0.051462
0.016510 0.982355 0.186295
0.016510 0.982355 0.186295
0.002129 0.998673 0.051462
0.008703 0.999111 0.041244
0.008703 0.999111 0.041244
0.056347 0.986818 0.151709
0.016510 0.982355 0.186295
0.016510 0.982355 0.186295
0.056347 0.986818 0.151709
0.124941 0.911145 0.392689
0.124941 0.911145 0.392689
0.047062 0.903340 0.426336
0.016510 0.982355 0.186295
0.056347 0.986818 0.151709
0.008703 0.999111 0.041244
0.011362 0.999581 0.026614
0.011362 0.999581 0.026614
0.056858 0.992809 0.105349
0.056347 0.986818 0.151709
0.056347 0.986818 0.151709
0.056858 0.992809 0.105349
0.174483 0.927872 0.329558
0.174483 0.927872 0.329558
0.124941 0.911145 0.392689
0.056347 0.986818 0.151709
0.056858 0.992809 0.105349
0.011362 0.999581 0.026614
0.031361 0.999316 0.019587
0.031361 0.999316 0.019587
0.054754 0.995871 0.072405
0.056858 0.992809 0.105349
0.056858 0.992809 0.105349
0.054754 0.995871 0.072405
0.189189 0.947876 0.256395
0.189189 0.947876 0.256395
0.174483 0.927872 0.329558
0.056858 0.992809 0.105349
0.054754 0.995871 0.072405
0.031361 0.999316 0.019587
0.554898 0.825703 0.101504
0.554898 0.825703 0.101504
0.543968 0.829428 0.127072
0.054754 0.995871 0.072405
0.054754 0.995871 0.072405
0.543968 0.829428 0.127072
0.591832 0.773438 0.227002
0.591832 0.773438 0.227002
0.189189 0.947876 0.256395
0.054754 0.995871 0.072405
0.554898 0.825703 0.101504
0.031361 0.999316 0.019587
0.037051 0.999269 0.009383
0.037051 0.999269 0.009383
0.568057 0.817703 0.093131
0.554898 0.825703 0.101504
0.554898 0.825703 0.101504
0.568057 0.817703 0.093131
0.971802 0.174291 0.158817
0.971802 0.174291 0.158817
0.969294 0.183386 0.163826
0.554898 0.825703 0.101504
0.554898 0.825703 0.101504
0.969294 0.183386 0.163826
0.965965 0.194266 0.170797
0.965965 0.194266 0.170797
0.543968 0.829428 0.127072
0.554898 0.825703 0.101504
0.969294 0.183386 0.163826
0.971802 0.174291 0.158817
0.983463 -0.078333 0.163291
0.983463 -0.078333 0.163291
0.983730 -0.072761 0.164257
0.969294 0.183386 0.163826
0.969294 0.183386 0.163826
0.983730 -0.072761 0.164257
0.983789 -0.072225 0.164143
0.983789 -0.072225 0.164143
0.965965 0.194266 0.170797
0.969294 0.183386 0.163826
0.983730 -0.072761 0.164257
0.983463 -0.078333 0.163291
0.980420 -0.109422 0.163716
0.980420 -0.109422 0.163716
0.980540 -0.103098 0.167067
0.983730 -0.072761 0.164257
0.983730 -0.072761 0.164257
0.980540 -0.103098 0.167067
0.982378 -0.090734 0.163406
0.982378 -0.090734 0.163406
0.983789 -0.072225 0.164143
0.983730 -0.072761 0.164257
0.980540 -0.103098 0.167067
0.980420 -0.109422 0.163716
0.978594 -0.124239 0.164071
0.978594 -0.124239 0.164071
0.977888 -0.121276 0.170374
0.980540 -0.103098 0.167067
0.980540 -0.103098 0.167067
0.977888 -0.121276 0.170374
0.981247 -0.100012 0.164780
0.981247 -0.100012 0.164780
0.982378 -0.090734 0.163406
0.980540 -0.103098 0.167067
0.406948 -0.910721 0.070573
0.407792 -0.910482 0.068759
0.373052 -0.925609 0.063870
0.373052 -0.925609 0.063870
0.366862 -0.928206 0.062010
0.406948 -0.910721 0.070573
0.406948 -0.910721 0.070573
0.366862 -0.928206 0.062010
0.361947 -0.930056 0.063169
0.361947 -0.930056 0.063169
0.406369 -0.911025 0.069981
0.406948 -0.910721 0.070573
0.366862 -0.928206 0.062010
0.373052 -0.925609 0.063870
0.268392 -0.962296 0.044188
0.268392 -0.962296 0.044188
0.261613 -0.964287 0.041340
0.366862 -0.928206 0.062010
0.366862 -0.928206 0.062010
0.261613 -0.964287 0.041340
0.255134 -0.965819 0.045840
0.255134 -0.965819 0.045840
0.361947 -0.930056 0.063169
0.366862 -0.928206 0.062010
0.261613 -0.964287 0.041340
0.268392 -0.962296 0.044188
0.154393 -0.987331 0.036614
0.154393 -0.987331 0.036614
0.169168 -0.985014 0.033611
0.261613 -0.964287 0.041340
0.261613 -0.964287 0.041340
0.169168 -0.985014 0.033611
0.161707 -0.986484 0.026479
0.161707 -0.986484 0.026479
0.255134 -0.965819 0.045840
0.261613 -0.964287 0.041340
0.161707 -0.986484 0.026479
0.150839 -0.988200 0.026612
0.250457 -0.967328 0.039351
0.250457 -0.967328 0.039351
0.255134 -0.965819 0.045840
0.161707 -0.986484 0.026479
0.161707 -0.986484 0.026479
0.169168 -0.985014 0.033611
0.085084 -0.995860 0.031981
0.085084 -0.995860 0.031981
0.078617 -0.996862 0.009199
0.161707 -0.986484 0.026479
0.161707 -0.986484 0.026479
0.078617 -0.996862 0.009199
0.068694 -0.997591 0.009686
0.068694 -0.997591 0.009686
0.150839 -0.988200 0.026612
0.161707 -0.986484 0.026479
0.068694 -0.997591 0.009686
0.057424 -0.998330 0.006300
0.144333 -0.989242 0.023840
0.144333 -0.989242 0.023840
0.150839 -0.988200 0.026612
0.068694 -0.997591 0.009686
0.068694 -0.997591 0.009686
0.078617 -0.996862 0.009199
0.014213 -0.999896 0.002363
0.014213 -0.999896 0.002363
0.011322 -0.999936 0.000349
0.068694 -0.997591 0.009686
0.068694 -0.997591 0.009686
0.011322 -0.999936 0.000349
0.010108 -0.999949 0.000533
0.010108 -0.999949 0.000533
0.057424 -0.998330 0.006300
0.068694 -0.997591 0.009686
0.010108 -0.999949 0.000533
0.009138 -0.999958 0.000495
0.051086 -0.998687 0.003864
0.051086 -0.998687 0.003864
0.057424 -0.998330 0.006300
0.010108 -0.999949 0.000533
0.010108 -0.999949 0.000533
0.011322 -0.999936 0.000349
-0.000378 -1.000000 -0.000048
-0.000378 -1.000000 -0.000048
-0.000272 -1.000000 0.000055
0.010108 -0.999949 0.000533
0.010108 -0.999949 0.000533
-0.000272 -1.000000 0.000055
-0.000163 -1.000000 0.000015
-0.000163 -1.000000 0.000015
0.009138 -0.999958 0.000495
0.010108 -0.999949 0.000533
0.011322 -0.999936 0.000349
0.014213 -0.999896 0.002363
-0.000564 -1.000000 0.000458
-0.000564 -1.000000 0.000458
-0.000378 -1.000000 -0.000048
0.011322 -0.999936 0.000349
0.014213 -0.999896 0.002363
0.078617 -0.996862 0.009199
0.085084 -0.995860 0.031981
0.085084 -0.995860 0.031981
0.019467 -0.999670 0.016787
0.014213 -0.999896 0.002363
0.014213 -0.999896 0.002363
0.019467 -0.999670 0.016787
-0.000272 -0.999931 0.011721
-0.000272 -0.999931 0.011721
-0.000564 -1.000000 0.000458
0.014213 -0.999896 0.002363
-0.000272 -0.999931 0.011721
0.019467 -0.999670 0.016787
0.032073 -0.998320 0.048254
0.032073 -0.998320 0.048254
-0.001063 -0.999056 0.043435
-0.000272 -0.999931 0.011721
-0.000272 -0.999931 0.011721
-0.001063 -0.999056 0.043435
-0.031122 -0.998212 0.051036
-0.031122 -0.998212 0.051036
-0.017655 -0.999725 0.015457
-0.000272 -0.999931 0.011721
-0.000272 -0.999931 0.011721
-0.017655 -0.999725 0.015457
-0.015499 -0.999880 0.000659
-0.015499 -0.999880 0.000659
-0.000564 -1.000000 0.000458
-0.000272 -0.999931 0.011721
-0.031122 -0.998212 0.051036
-0.001063 -0.999056 0.043435
-0.000455 -0.997279 0.073719
-0.000455 -0.997279 0.073719
-0.033499 -0.996624 0.074955
-0.031122 -0.998212 0.051036
-0.031122 -0.998212 0.051036
-0.033499 -0.996624 0.074955
-0.067953 -0.995456 0.066709
-0.067953 -0.995456 0.066709
-0.089601 -0.994335 0.057180
-0.031122 -0.998212 0.051036
-0.031122 -0.998212 0.051036
-0.089601 -0.994335 0.057180
-0.095783 -0.994978 0.029066
-0.095783 -0.994978 0.029066
-0.017655 -0.999725 0.015457
-0.031122 -0.998212 0.051036
-0.067953 -0.995456 0.066709
-0.033499 -0.996624 0.074955
-0.028697 -0.996728 0.075568
-0.028697 -0.996728 0.075568
-0.053458 -0.995857 0.073560
-0.067953 -0.995456 0.066709
-0.067953 -0.995456 0.066709
-0.053458 -0.995857 0.073560
-0.117842 -0.989791 0.080173
-0.117842 -0.989791 0.080173
-0.133036 -0.989565 0.055349
-0.067953 -0.995456 0.066709
-0.067953 -0.995456 0.066709
-0.133036 -0.989565 0.055349
-0.155564 -0.986922 0.042255
-0.155564 -0.986922 0.042255
-0.089601 -0.994335 0.057180
-0.067953 -0.995456 0.066709
-0.117842 -0.989791 0.080173
-0.053458 -0.995857 0.073560
-0.052544 -0.994430 0.091366
-0.052544 -0.994430 0.091366
-0.114338 -0.987082 0.112228
-0.117842 -0.989791 0.080173
-0.117842 -0.989791 0.080173
-0.114338 -0.987082 0.112228
-0.197839 -0.971075 0.133688
-0.197839 -0.971075 0.133688
-0.235976 -0.967993 0.085470
-0.117842 -0.989791 0.080173
-0.117842 -0.989791 0.080173
-0.235976 -0.967993 0.085470
-0.262914 -0.962980 0.059542
-0.262914 -0.962980 0.059542
-0.133036 -0.989565 0.055349
-0.117842 -0.989791 0.080173
-0.235976 -0.967993 0.085470
-0.197839 -0.971075 0.133688
-0.282386 -0.951570 0.121541
-0.282386 -0.951570 0.121541
-0.355660 -0.931599 0.075034
-0.235976 -0.967993 0.085470
-0.235976 -0.967993 0.085470
-0.355660 -0.931599 0.075034
-0.374462 -0.924826 0.066900
-0.374462 -0.924826 0.066900
-0.262914 -0.962980 0.059542
-0.235976 -0.967993 0.085470
-0.355660 -0.931599 0.075034
-0.282386 -0.951570 0.121541
-0.341514 -0.934139 0.103690
-0.341514 -0.934139 0.103690
-0.404478 -0.912143 0.066283
-0.355660 -0.931599 0.075034
-0.355660 -0.931599 0.075034
-0.404478 -0.912143 0.066283
-0.407157 -0.910773 0.068675
-0.407157 -0.910773 0.068675
-0.374462 -0.924826 0.066900
-0.355660 -0.931599 0.075034
-0.978333 -0.119729 0.168907
-0.964761 -0.071196 0.253314
-0.962353 -0.077434 0.260538
-0.962353 -0.077434 0.260538
-0.979500 -0.104147 0.172435
-0.978333 -0.119729 0.168907
-0.978333 -0.119729 0.168907
-0.979500 -0.104147 0.172435
-0.980656 -0.108556 0.162879
-0.980656 -0.108556 0.162879
-0.978408 -0.127423 0.162732
-0.978333 -0.119729 0.168907
-0.979500 -0.104147 0.172435
-0.962353 -0.077434 0.260538
-0.963150 -0.055769 0.263118
-0.963150 -0.055769 0.263118
-0.981527 -0.075949 0.175606
-0.979500 -0.104147 0.172435
-0.979500 -0.104147 0.172435
-0.981527 -0.075949 0.175606
-0.983244 -0.078541 0.164509
-0.983244 -0.078541 0.164509
-0.980656 -0.108556 0.162879
-0.979500 -0.104147 0.172435
-0.981527 -0.075949 0.175606
-0.963150 -0.055769 0.263118
-0.931960 0.258033 0.254695
-0.931960 0.258033 0.254695
-0.964095 0.195881 0.179308
-0.981527 -0.075949 0.175606
-0.981527 -0.075949 0.175606
-0.964095 0.195881 0.179308
-0.975589 0.147977 0.162264
-0.975589 0.147977 0.162264
-0.983244 -0.078541 0.164509
-0.981527 -0.075949 0.175606
-0.964095 0.195881 0.179308
-0.931960 0.258033 0.254695
-0.491876 0.859758 0.137381
-0.491876 0.859758 0.137381
-0.518744 0.848913 0.101254
-0.964095 0.195881 0.179308
-0.964095 0.195881 0.179308
-0.518744 0.848913 0.101254
-0.569454 0.817040 0.090380
-0.569454 0.817040 0.090380
-0.975589 0.147977 0.162264
-0.964095 0.195881 0.179308
-0.518744 0.848913 0.101254
-0.491876 0.859758 0.137381
-0.015066 0.999851 0.008377
-0.015066 0.999851 0.008377
-0.009435 0.999953 0.002278
-0.518744 0.848913 0.101254
-0.518744 0.848913 0.101254
-0.009435 0.999953 0.002278
-0.019148 0.999817 0.000551
-0.019148 0.999817 0.000551
-0.569454 0.817040 0.090380
-0.518744 0.848913 0.101254
-0.009435 0.999953 0.002278
-0.015066 0.999851 0.008377
-0.006115 0.999978 0.002473
-0.006115 0.999978 0.002473
-0.004602 0.999989 0.001129
-0.009435 0.999953 0.002278
-0.009435 0.999953 0.002278
-0.004602 0.999989 0.001129
-0.004085 0.999991 0.001214
-0.004085 0.999991 0.001214
-0.019148 0.999817 0.000551
-0.009435 0.999953 0.002278
-0.004085 0.999991 0.001214
-0.005130 0.999980 0.003754
-0.036061 0.999314 0.008378
-0.036061 0.999314 0.008378
-0.019148 0.999817 0.000551
-0.004085 0.999991 0.001214
-0.004085 0.999991 0.001214
-0.004602 0.999989 0.001129
-0.001737 0.999998 0.000512
-0.001737 0.999998 0.000512
-0.001301 0.999999 0.000909
-0.004085 0.999991 0.001214
-0.004085 0.999991 0.001214
-0.001301 0.999999 0.000909
-0.002750 0.999981 0.005540
-0.002750 0.999981 0.005540
-0.005130 0.999980 0.003754
-0.004085 0.999991 0.001214
-0.002750 0.999981 0.005540
-0.013062 0.999203 0.037729
-0.007387 0.999684 0.024044
-0.007387 0.999684 0.024044
-0.005130 0.999980 0.003754
-0.002750 0.999981 0.005540
-0.002750 0.999981 0.005540
-0.001301 0.999999 0.000909
-0.000469 0.999999 0.001068
-0.000469 0.999999 0.001068
-0.000221 0.999964 0.008451
-0.002750 0.999981 0.005540
-0.002750 0.999981 0.005540
-0.000221 0.999964 0.008451
-0.002929 0.998685 0.051179
-0.002929 0.998685 0.051179
-0.013062 0.999203 0.037729
-0.002750 0.999981 0.005540
-0.002929 0.998685 0.051179
-0.016584 0.978463 0.205755
-0.056999 0.979890 0.191227
-0.056999 0.979890 0.191227
-0.013062 0.999203 0.037729
-0.002929 0.998685 0.051179
-0.002929 0.998685 0.051179
-0.000221 0.999964 0.008451
0.000994 0.999977 0.006779
0.000994 0.999977 0.006779
0.004067 0.998965 0.045300
-0.002929 0.998685 0.051179
-0.002929 0.998685 0.051179
0.004067 0.998965 0.045300
0.010283 0.979475 0.201303
0.010283 0.979475 0.201303
-0.016584 0.978463 0.205755
-0.002929 0.998685 0.051179
0.004067 0.998965 0.045300
0.000994 0.999977 0.006779
0.000135 0.999985 0.005426
0.000135 0.999985 0.005426
-0.001854 0.999057 0.043387
0.004067 0.998965 0.045300
0.004067 0.998965 0.045300
-0.001854 0.999057 0.043387
-0.003273 0.980691 0.195539
-0.003273 0.980691 0.195539
0.010283 0.979475 0.201303
0.004067 0.998965 0.045300
-0.001854 0.999057 0.043387
0.000135 0.999985 0.005426
-0.000566 0.999970 0.007702
-0.000566 0.999970 0.007702
0.001134 0.998787 0.049234
-0.001854 0.999057 0.043387
-0.001854 0.999057 0.043387
0.001134 0.998787 0.049234
0.001818 0.980294 0.197537
0.001818 0.980294 0.197537
-0.003273 0.980691 0.195539
-0.001854 0.999057 0.043387
0.001134 0.998787 0.049234
-0.000566 0.999970 0.007702
0.000607 0.999984 0.005700
0.000607 0.999984 0.005700
-0.000044 0.999182 0.040433
0.001134 0.998787 0.049234
0.001134 0.998787 0.049234
-0.000044 0.999182 0.040433
-0.000391 0.981725 0.190306
-0.000391 0.981725 0.190306
0.001818 0.980294 0.197537
0.001134 0.998787 0.049234
-0.000044 0.999182 0.040433
0.000607 0.999984 0.005700
-0.000988 0.999980 0.006234
-0.000988 0.999980 0.006234
-0.004881 0.998968 0.045149
-0.000044 0.999182 0.040433
-0.000044 0.999182 0.040433
-0.004881 0.998968 0.045149
-0.010669 0.982010 0.188528
-0.010669 0.982010 0.188528
-0.000391 0.981725 0.190306
-0.000044 0.999182 0.040433
-0.000988 0.999980 0.006234
0.000607 0.999984 0.005700
0.000020 0.999999 0.001086
0.000020 0.999999 0.001086
-0.000034 0.999999 0.001047
-0.000988 0.999980 0.006234
-0.000988 0.999980 0.006234
-0.000034 0.999999 0.001047
0.000349 0.999999 0.001088
0.000349 0.999999 0.001088
0.001025 0.999977 0.006712
-0.000988 0.999980 0.006234
-0.000988 0.999980 0.006234
0.001025 0.999977 0.006712
0.002129 0.998673 0.051462
0.002129 0.998673 0.051462
-0.004881 0.998968 0.045149
-0.000988 0.999980 0.006234
0.001025 0.999977 0.006712
0.000349 0.999999 0.001088
0.001367 0.999999 0.000989
0.001367 0.999999 0.000989
0.001964 0.999990 0.004093
0.001025 0.999977 0.006712
0.001025 0.999977 0.006712
0.001964 0.999990 0.004093
0.008703 0.999111 0.041244
0.008703 0.999111 0.041244
0.002129 0.998673 0.051462
0.001025 0.999977 0.006712
0.001964 0.999990 0.004093
0.001367 0.999999 0.000989
0.003884 0.999992 0.001284
0.003884 0.999992 0.001284
0.004990 0.999982 0.003401
0.001964 0.999990 0.004093
0.001964 0.999990 0.004093
0.004990 0.999982 0.003401
0.011362 0.999581 0.026614
0.011362 0.999581 0.026614
0.008703 0.999111 0.041244
0.001964 0.999990 0.004093
0.004990 0.999982 0.003401
0.003884 0.999992 0.001284
0.019842 0.999803 0.000507
0.019842 0.999803 0.000507
0.037051 0.999269 0.009383
0.004990 0.999982 0.003401
0.004990 0.999982 0.003401
0.037051 0.999269 0.009383
0.031361 0.999316 0.019587
0.031361 0.999316 0.019587
0.011362 0.999581 0.026614
0.004990 0.999982 0.003401
0.019842 0.999803 0.000507
0.003884 0.999992 0.001284
0.004462 0.999989 0.001132
0.004462 0.999989 0.001132
0.009516 0.999951 0.002725
0.019842 0.999803 0.000507
0.019842 0.999803 0.000507
0.009516 0.999951 0.002725
0.517807 0.849669 0.099693
0.517807 0.849669 0.099693
0.570784 0.816108 0.090404
0.019842 0.999803 0.000507
0.019842 0.999803 0.000507
0.570784 0.816108 0.090404
0.568057 0.817703 0.093131
0.568057 0.817703 0.093131
0.037051 0.999269 0.009383
0.019842 0.999803 0.000507
0.570784 0.816108 0.090404
0.517807 0.849669 0.099693
0.964846 0.194963 0.176241
0.964846 0.194963 0.176241
0.975690 0.147169 0.162392
0.570784 0.816108 0.090404
0.570784 0.816108 0.090404
0.975690 0.147169 0.162392
0.971802 0.174291 0.158817
0.971802 0.174291 0.158817
0.568057 0.817703 0.093131
0.570784 0.816108 0.090404
0.975690 0.147169 0.162392
0.964846 0.194963 0.176241
0.982133 -0.076636 0.171876
0.982133 -0.076636 0.171876
0.983214 -0.079323 0.164312
0.975690 0.147169 0.162392
0.975690 0.147169 0.162392
0.983214 -0.079323 0.164312
0.983463 -0.078333 0.163291
0.983463 -0.078333 0.163291
0.971802 0.174291 0.158817
0.975690 0.147169 0.162392
0.983214 -0.079323 0.164312
0.982133 -0.076636 0.171876
0.980108 -0.105629 0.168020
0.980108 -0.105629 0.168020
0.980587 -0.109286 0.162803
0.983214 -0.079323 0.164312
0.983214 -0.079323 0.164312
0.980587 -0.109286 0.162803
0.980420 -0.109422 0.163716
0.980420 -0.109422 0.163716
0.983463 -0.078333 0.163291
0.983214 -0.079323 0.164312
0.980587 -0.109286 0.162803
0.980108 -0.105629 0.168020
0.978530 -0.122985 0.165391
0.978530 -0.122985 0.165391
0.978447 -0.127109 0.162739
0.980587 -0.109286 0.162803
0.980587 -0.109286 0.162803
0.978447 -0.127109 0.162739
0.978594 -0.124239 0.164071
0.978594 -0.124239 0.164071
0.980420 -0.109422 0.163716
0.980587 -0.109286 0.162803
0.407275 -0.910730 0.068541
0.405000 -0.911889 0.066582
0.362070 -0.929260 0.073357
0.362070 -0.929260 0.073357
0.374771 -0.924779 0.065799
0.407275 -0.910730 0.068541
0.407275 -0.910730 0.068541
0.374771 -0.924779 0.065799
0.373052 -0.925609 0.063870
0.373052 -0.925609 0.063870
0.407792 -0.910482 0.068759
0.407275 -0.910730 0.068541
0.374771 -0.924779 0.065799
0.362070 -0.929260 0.073357
0.239761 -0.967365 0.081971
0.239761 -0.967365 0.081971
0.263076 -0.962960 0.059159
0.374771 -0.924779 0.065799
0.374771 -0.924779 0.065799
0.263076 -0.962960 0.059159
0.268392 -0.962296 0.044188
0.268392 -0.962296 0.044188
0.373052 -0.925609 0.063870
0.374771 -0.924779 0.065799
0.263076 -0.962960 0.059159
0.239761 -0.967365 0.081971
0.114309 -0.990431 0.077324
0.114309 -0.990431 0.077324
0.130151 -0.989581 0.061562
0.263076 -0.962960 0.059159
0.263076 -0.962960 0.059159
0.130151 -0.989581 0.061562
0.154393 -0.987331 0.036614
0.154393 -0.987331 0.036614
0.268392 -0.962296 0.044188
0.263076 -0.962960 0.059159
0.130151 -0.989581 0.061562
0.114309 -0.990431 0.077324
0.056855 -0.995644 0.073891
0.056855 -0.995644 0.073891
0.064561 -0.995415 0.070571
0.130151 -0.989581 0.061562
0.130151 -0.989581 0.061562
0.064561 -0.995415 0.070571
0.080911 -0.995415 0.051016
0.080911 -0.995415 0.051016
0.154393 -0.987331 0.036614
0.130151 -0.989581 0.061562
0.080911 -0.995415 0.051016
0.085084 -0.995860 0.031981
0.169168 -0.985014 0.033611
0.169168 -0.985014 0.033611
0.154393 -0.987331 0.036614
0.080911 -0.995415 0.051016
0.080911 -0.995415 0.051016
0.064561 -0.995415 0.070571
0.031167 -0.996848 0.072957
0.031167 -0.996848 0.072957
0.032073 -0.998320 0.048254
0.080911 -0.995415 0.051016
0.080911 -0.995415 0.051016
0.032073 -0.998320 0.048254
0.019467 -0.999670 0.016787
0.019467 -0.999670 0.016787
0.085084 -0.995860 0.031981
0.080911 -0.995415 0.051016
0.031167 -0.996848 0.072957
0.064561 -0.995415 0.070571
0.056855 -0.995644 0.073891
0.056855 -0.995644 0.073891
0.026368 -0.996737 0.076293
0.031167 -0.996848 0.072957
0.031167 -0.996848 0.072957
0.026368 -0.996737 0.076293
-0.000638 -0.997022 0.077110
-0.000638 -0.997022 0.077110
-0.000455 -0.997279 0.073719
0.031167 -0.996848 0.072957
0.031167 -0.996848 0.072957
-0.000455 -0.997279 0.073719
-0.001063 -0.999056 0.043435
-0.001063 -0.999056 0.043435
0.032073 -0.998320 0.048254
0.031167 -0.996848 0.072957
-0.000638 -0.997022 0.077110
0.026368 -0.996737 0.076293
0.022294 -0.996387 0.081952
0.022294 -0.996387 0.081952
0.000039 -0.996473 0.083918
-0.000638 -0.997022 0.077110
-0.000638 -0.997022 0.077110
0.000039 -0.996473 0.083918
-0.023832 -0.996180 0.084012
-0.023832 -0.996180 0.084012
-0.028697 -0.996728 0.075568
-0.000638 -0.997022 0.077110
-0.000638 -0.997022 0.077110
-0.028697 -0.996728 0.075568
-0.033499 -0.996624 0.074955
-0.033499 -0.996624 0.074955
-0.000455 -0.997279 0.073719
-0.000638 -0.997022 0.077110
-0.023832 -0.996180 0.084012
0.000039 -0.996473 0.083918
-0.001616 -0.993841 0.110808
-0.001616 -0.993841 0.110808
-0.022799 -0.993169 0.114438
-0.023832 -0.996180 0.084012
-0.023832 -0.996180 0.084012
-0.022799 -0.993169 0.114438
-0.055151 -0.990132 0.128827
-0.055151 -0.990132 0.128827
-0.052544 -0.994430 0.091366
-0.023832 -0.996180 0.084012
-0.023832 -0.996180 0.084012
-0.052544 -0.994430 0.091366
-0.053458 -0.995857 0.073560
-0.053458 -0.995857 0.073560
-0.028697 -0.996728 0.075568
-0.023832 -0.996180 0.084012
-0.001616 -0.993841 0.110808
0.000039 -0.996473 0.083918
0.022294 -0.996387 0.081952
0.022294 -0.996387 0.081952
0.020618 -0.993404 0.112795
-0.001616 -0.993841 0.110808
-0.001616 -0.993841 0.110808
0.020618 -0.993404 0.112795
0.025164 -0.987768 0.153889
0.025164 -0.987768 0.153889
-0.004393 -0.988787 0.149271
-0.001616 -0.993841 0.110808
-0.001616 -0.993841 0.110808
-0.004393 -0.988787 0.149271
-0.026604 -0.987930 0.152602
-0.026604 -0.987930 0.152602
-0.022799 -0.993169 0.114438
-0.001616 -0.993841 0.110808
-0.004393 -0.988787 0.149271
0.025164 -0.987768 0.153889
0.020100 -0.984425 0.174654
0.020100 -0.984425 0.174654
-0.010366 -0.984429 0.175476
-0.004393 -0.988787 0.149271
-0.004393 -0.988787 0.149271
-0.010366 -0.984429 0.175476
-0.035538 -0.983727 0.176120
-0.035538 -0.983727 0.176120
-0.026604 -0.987930 0.152602
-0.004393 -0.988787 0.149271
-0.010366 -0.984429 0.175476
0.020100 -0.984425 0.174654
0.019984 -0.980675 0.194622
0.019984 -0.980675 0.194622
-0.019359 -0.981390 0.191048
-0.010366 -0.984429 0.175476
-0.010366 -0.984429 0.175476
-0.019359 -0.981390 0.191048
-0.064757 -0.979415 0.191186
-0.064757 -0.979415 0.191186
-0.035538 -0.983727 0.176120
-0.010366 -0.984429 0.175476
-0.064757 -0.979415 0.191186
-0.109062 -0.977174 0.182312
-0.072868 -0.984054 0.162257
-0.072868 -0.984054 0.162257
-0.035538 -0.983727 0.176120
-0.064757 -0.979415 0.191186
-0.064757 -0.979415 0.191186
-0.019359 -0.981390 0.191048
-0.029368 -0.978827 0.202573
-0.029368 -0.978827 0.202573
-0.084897 -0.977401 0.193595
-0.064757 -0.979415 0.191186
-0.064757 -0.979415 0.191186
-0.084897 -0.977401 0.193595
-0.148201 -0.971887 0.182952
-0.148201 -0.971887 0.182952
-0.109062 -0.977174 0.182312
-0.064757 -0.979415 0.191186
-0.148201 -0.971887 0.182952
-0.209225 -0.964530 0.160956
-0.158956 -0.975006 0.155230
-0.158956 -0.975006 0.155230
-0.109062 -0.977174 0.182312
-0.148201 -0.971887 0.182952
-0.148201 -0.971887 0.182952
-0.084897 -0.977401 0.193595
-0.097132 -0.975764 0.196088
-0.097132 -0.975764 0.196088
-0.163787 -0.971796 0.169667
-0.148201 -0.971887 0.182952
-0.148201 -0.971887 0.182952
-0.163787 -0.971796 0.169667
-0.237315 -0.958846 0.155869
-0.237315 -0.958846 0.155869
-0.209225 -0.964530 0.160956
-0.148201 -0.971887 0.182952
-0.237315 -0.958846 0.155869
-0.341514 -0.934139 0.103690
-0.282386 -0.951570 0.121541
-0.282386 -0.951570 0.121541
-0.209225 -0.964530 0.160956
-0.237315 -0.958846 0.155869
-0.872033 -0.080964 0.482705
-0.689976 -0.088241 0.718433
-0.690702 -0.083555 0.718296
-0.690702 -0.083555 0.718296
-0.871442 -0.083926 0.483266
-0.872033 -0.080964 0.482705
-0.872033 -0.080964 0.482705
-0.871442 -0.083926 0.483266
-0.962353 -0.077434 0.260538
-0.962353 -0.077434 0.260538
-0.964761 -0.071196 0.253314
-0.872033 -0.080964 0.482705
-0.871442 -0.083926 0.483266
-0.690702 -0.083555 0.718296
-0.690636 -0.079216 0.718852
-0.690636 -0.079216 0.718852
-0.873514 -0.074578 0.481052
-0.871442 -0.083926 0.483266
-0.871442 -0.083926 0.483266
-0.873514 -0.074578 0.481052
-0.963150 -0.055769 0.263118
-0.963150 -0.055769 0.263118
-0.962353 -0.077434 0.260538
-0.871442 -0.083926 0.483266
-0.873514 -0.074578 0.481052
-0.690636 -0.079216 0.718852
-0.688382 0.004943 0.725331
-0.688382 0.004943 0.725331
-0.855460 0.225245 0.466319
-0.873514 -0.074578 0.481052
-0.873514 -0.074578 0.481052
-0.855460 0.225245 0.466319
-0.931960 0.258033 0.254695
-0.931960 0.258033 0.254695
-0.963150 -0.055769 0.263118
-0.873514 -0.074578 0.481052
-0.855460 0.225245 0.466319
-0.688382 0.004943 0.725331
-0.563806 0.513287 0.647039
-0.563806 0.513287 0.647039
-0.487467 0.832440 0.263477
-0.855460 0.225245 0.466319
-0.855460 0.225245 0.466319
-0.487467 0.832440 0.263477
-0.491876 0.859758 0.137381
-0.491876 0.859758 0.137381
-0.931960 0.258033 0.254695
-0.855460 0.225245 0.466319
-0.487467 0.832440 0.263477
-0.563806 0.513287 0.647039
-0.205542 0.934497 0.290633
-0.205542 0.934497 0.290633
-0.042587 0.998724 0.027131
-0.487467 0.832440 0.263477
-0.487467 0.832440 0.263477
-0.042587 0.998724 0.027131
-0.015066 0.999851 0.008377
-0.015066 0.999851 0.008377
-0.491876 0.859758 0.137381
-0.487467 0.832440 0.263477
-0.042587 0.998724 0.027131
-0.205542 0.934497 0.290633
-0.019782 0.997526 0.067465
-0.019782 0.997526 0.067465
-0.004072 0.999973 0.006103
-0.042587 0.998724 0.027131
-0.042587 0.998724 0.027131
-0.004072 0.999973 0.006103
-0.006115 0.999978 0.002473
-0.006115 0.999978 0.002473
-0.015066 0.999851 0.008377
-0.042587 0.998724 0.027131
-0.004072 0.999973 0.006103
-0.019782 0.997526 0.067465
0.020986 0.999707 0.012081
0.020986 0.999707 0.012081
-0.000660 0.999979 0.006428
-0.004072 0.999973 0.006103
-0.004072 0.999973 0.006103
-0.000660 0.999979 0.006428
-0.002272 0.999997 0.001032
-0.002272 0.999997 0.001032
-0.006115 0.999978 0.002473
-0.004072 0.999973 0.006103
-0.019782 0.997526 0.067465
-0.205542 0.934497 0.290633
-0.399349 0.524961 0.751623
-0.399349 0.524961 0.751623
-0.116482 0.939685 0.321596
-0.019782 0.997526 0.067465
-0.019782 0.997526 0.067465
-0.116482 0.939685 0.321596
0.053538 0.998381 0.019211
0.053538 0.998381 0.019211
0.020986 0.999707 0.012081
-0.019782 0.997526 0.067465
0.053538 0.998381 0.019211
-0.116482 0.939685 0.321596
-0.172715 0.548038 0.818428
-0.172715 0.548038 0.818428
-0.072815 0.936990 0.341684
0.053538 0.998381 0.019211
0.053538 0.998381 0.019211
-0.072815 0.936990 0.341684
0.157437 0.885116 -0.437930
0.157437 0.885116 -0.437930
0.293572 0.926870 -0.233940
0.053538 0.998381 0.019211
0.053538 0.998381 0.019211
0.293572 0.926870 -0.233940
0.372785 0.924477 -0.079832
0.372785 0.924477 -0.079832
0.020986 0.999707 0.012081
0.053538 0.998381 0.019211
0.293572 0.926870 -0.233940
0.157437 0.885116 -0.437930
0.179693 0.790323 -0.585747
0.179693 0.790323 -0.585747
0.270454 0.926343 -0.262189
0.293572 0.926870 -0.233940
0.293572 0.926870 -0.233940
0.270454 0.926343 -0.262189
0.457479 0.879751 -0.129427
0.457479 0.879751 -0.129427
0.372785 0.924477 -0.079832
0.293572 0.926870 -0.233940
0.270454 0.926343 -0.262189
0.179693 0.790323 -0.585747
-0.003661 0.999986 -0.003773
-0.003661 0.999986 -0.003773
0.000000 1.000000 0.000000
0.270454 0.926343 -0.262189
0.270454 0.926343 -0.262189
0.000000 1.000000 0.000000
0.003426 0.999983 0.004631
0.003426 0.999983 0.004631
0.457479 0.879751 -0.129427
0.270454 0.926343 -0.262189
0.003426 0.999983 0.004631
0.041212 0.999132 0.006087
0.288031 0.954257 0.080201
0.288031 0.954257 0.080201
0.457479 0.879751 -0.129427
0.003426 0.999983 0.004631
-0.981816 -0.005958 0.189743
-0.780434 0.005769 0.625211
-0.759603 -0.010603 0.650301
-0.759603 -0.010603 0.650301
-0.972183 -0.012060 0.233911
-0.981816 -0.005958 0.189743
-0.981816 -0.005958 0.189743
-0.972183 -0.012060 0.233911
-0.970531 0.009338 -0.240797
-0.970531 0.009338 -0.240797
-0.959014 -0.004110 -0.283328
-0.981816 -0.005958 0.189743
0.041212 0.999132 0.006087
0.000000 1.000000 0.000000
0.202408 0.960525 0.190847
0.202408 0.960525 0.190847
0.288031 0.954257 0.080201
0.041212 0.999132 0.006087
-0.959014 -0.004110 -0.283328
-0.970531 0.009338 -0.240797
-0.782802 0.020255 -0.621941
-0.782802 0.020255 -0.621941
-0.754259 0.004364 -0.656563
-0.959014 -0.004110 -0.283328
0.000000 1.000000 0.000000
0.000000 1.000000 0.000000
0.128669 0.930280 0.343546
0.128669 0.930280 0.343546
0.202408 0.960525 0.190847
0.000000 1.000000 0.000000
-0.754259 0.004364 -0.656563
-0.782802 0.020255 -0.621941
-0.443571 0.013132 -0.896143
-0.443571 0.013132 -0.896143
-0.418792 0.006864 -0.908056
-0.754259 0.004364 -0.656563
0.128669 0.930280 0.343546
0.015185 0.896721 0.442335
0.010653 0.932035 0.362211
0.010653 0.932035 0.362211
0.102539 0.954240 0.280911
0.128669 0.930280 0.343546
0.128669 0.930280 0.343546
0.102539 0.954240 0.280911
0.159102 0.974380 0.158968
0.159102 0.974380 0.158968
0.202408 0.960525 0.190847
0.128669 0.930280 0.343546
0.128669 0.930280 0.343546
0.000000 1.000000 0.000000
0.000000 1.000000 0.000000
0.000000 1.000000 0.000000
0.015185 0.896721 0.442335
0.128669 0.930280 0.343546
0.000000 1.000000 0.000000
0.000000 1.000000 0.000000
-0.151921 0.924958 0.348386
-0.151921 0.924958 0.348386
0.015185 0.896721 0.442335
0.000000 1.000000 0.000000
-0.008703 0.011677 -0.999894
-0.007375 0.004825 -0.999961
0.429806 0.012069 -0.902841
0.429806 0.012069 -0.902841
0.398104 0.006181 -0.917319
-0.008703 0.011677 -0.999894
0.429806 0.012069 -0.902841
0.767133 0.007300 -0.641447
0.736064 0.005565 -0.676889
0.736064 0.005565 -0.676889
0.398104 0.006181 -0.917319
0.429806 0.012069 -0.902841
0.915013 0.013498 0.403199
0.804800 0.018922 0.593245
0.806847 0.015523 0.590557
0.806847 0.015523 0.590557
0.916418 0.012780 0.400018
0.915013 0.013498 0.403199
0.915013 0.013498 0.403199
0.916418 0.012780 0.400018
0.999916 0.005302 0.011830
0.999916 0.005302 0.011830
0.999990 -0.000580 -0.004495
0.915013 0.013498 0.403199
0.000000 1.000000 0.000000
0.002504 0.999986 -0.004765
-0.261756 0.873127 -0.411257
-0.261756 0.873127 -0.411257
-0.305480 0.938162 -0.162892
0.000000 1.000000 0.000000
0.000000 1.000000 0.000000
-0.305480 0.938162 -0.162892
-0.405321 0.913191 -0.042388
-0.405321 0.913191 -0.042388
0.000000 1.000000 0.000000
0.000000 1.000000 0.000000
-0.305480 0.938162 -0.162892
-0.261756 0.873127 -0.411257
-0.224531 0.925409 -0.305292
-0.224531 0.925409 -0.305292
-0.304157 0.941335 -0.146207
-0.305480 0.938162 -0.162892
-0.305480 0.938162 -0.162892
-0.304157 0.941335 -0.146207
-0.329497 0.944000 -0.017206
-0.329497 0.944000 -0.017206
-0.405321 0.913191 -0.042388
-0.305480 0.938162 -0.162892
-0.304157 0.941335 -0.146207
-0.224531 0.925409 -0.305292
0.012766 0.993693 0.111409
0.012766 0.993693 0.111409
-0.089680 0.995595 -0.027370
-0.304157 0.941335 -0.146207
-0.304157 0.941335 -0.146207
-0.089680 0.995595 -0.027370
-0.013824 0.999741 0.018092
-0.013824 0.999741 0.018092
-0.329497 0.944000 -0.017206
-0.304157 0.941335 -0.146207
-0.089680 0.995595 -0.027370
0.012766 0.993693 0.111409
0.185519 0.829138 0.527365
0.185519 0.829138 0.527365
0.047087 0.988218 0.145632
-0.089680 0.995595 -0.027370
-0.089680 0.995595 -0.027370
0.047087 0.988218 0.145632
0.003842 0.999520 0.030757
0.003842 0.999520 0.030757
-0.013824 0.999741 0.018092
-0.089680 0.995595 -0.027370
0.003842 0.999520 0.030757
0.006675 0.999969 0.004226
0.001337 0.999993 0.003513
0.001337 0.999993 0.003513
-0.013824 0.999741 0.018092
0.003842 0.999520 0.030757
0.003842 0.999520 0.030757
0.047087 0.988218 0.145632
0.356617 0.776964 0.518798
0.356617 0.776964 0.518798
0.145662 0.975875 0.162638
0.003842 0.999520 0.030757
0.003842 0.999520 0.030757
0.145662 0.975875 0.162638
0.029464 0.999064 0.031662
0.029464 0.999064 0.031662
0.006675 0.999969 0.004226
0.003842 0.999520 0.030757
0.029464 0.999064 0.031662
0.014088 0.999891 0.004432
0.005932 0.999980 0.002130
0.005932 0.999980 0.002130
0.006675 0.999969 0.004226
0.029464 0.999064 0.031662
0.029464 0.999064 0.031662
0.145662 0.975875 0.162638
0.605760 0.603687 0.518282
0.605760 0.603687 0.518282
0.495695 0.829057 0.258750
0.029464 0.999064 0.031662
0.029464 0.999064 0.031662
0.495695 0.829057 0.258750
0.507392 0.852773 0.123823
0.507392 0.852773 0.123823
0.014088 0.999891 0.004432
0.029464 0.999064 0.031662
0.507392 0.852773 0.123823
0.517807 0.849669 0.099693
0.009516 0.999951 0.002725
0.009516 0.999951 0.002725
0.014088 0.999891 0.004432
0.507392 0.852773 0.123823
0.507392 0.852773 0.123823
0.495695 0.829057 0.258750
0.879820 0.225631 0.418340
0.879820 0.225631 0.418340
0.943104 0.240805 0.229277
0.507392 0.852773 0.123823
0.507392 0.852773 0.123823
0.943104 0.240805 0.229277
0.964846 0.194963 0.176241
0.964846 0.194963 0.176241
0.517807 0.849669 0.099693
0.507392 0.852773 0.123823
0.943104 0.240805 0.229277
0.879820 0.225631 0.418340
0.903654 -0.068391 0.422767
0.903654 -0.068391 0.422767
0.970068 -0.055578 0.236388
0.943104 0.240805 0.229277
0.943104 0.240805 0.229277
0.970068 -0.055578 0.236388
0.982133 -0.076636 0.171876
0.982133 -0.076636 0.171876
0.964846 0.194963 0.176241
0.943104 0.240805 0.229277
0.970068 -0.055578 0.236388
0.903654 -0.068391 0.422767
0.903539 -0.087863 0.419401
0.903539 -0.087863 0.419401
0.968516 -0.089588 0.232271
0.970068 -0.055578 0.236388
0.970068 -0.055578 0.236388
0.968516 -0.089588 0.232271
0.980108 -0.105629 0.168020
0.980108 -0.105629 0.168020
0.982133 -0.076636 0.171876
0.970068 -0.055578 0.236388
0.968516 -0.089588 0.232271
0.903539 -0.087863 0.419401
0.907076 -0.085856 0.412118
0.907076 -0.085856 0.412118
0.969471 -0.100954 0.223459
0.968516 -0.089588 0.232271
0.968516 -0.089588 0.232271
0.969471 -0.100954 0.223459
0.978530 -0.122985 0.165391
0.978530 -0.122985 0.165391
0.980108 -0.105629 0.168020
0.968516 -0.089588 0.232271
0.345057 -0.932774 0.104247
0.260328 -0.956771 0.129686
0.244498 -0.958761 0.144904
0.244498 -0.958761 0.144904
0.305061 -0.944562 0.121414
0.345057 -0.932774 0.104247
0.345057 -0.932774 0.104247
0.305061 -0.944562 0.121414
0.362070 -0.929260 0.073357
0.362070 -0.929260 0.073357
0.405000 -0.911889 0.066582
0.345057 -0.932774 0.104247
0.305061 -0.944562 0.121414
0.244498 -0.958761 0.144904
0.177713 -0.973153 0.146256
0.177713 -0.973153 0.146256
0.206114 -0.970015 0.128796
0.305061 -0.944562 0.121414
0.305061 -0.944562 0.121414
0.206114 -0.970015 0.128796
0.239761 -0.967365 0.081971
0.239761 -0.967365 0.081971
0.362070 -0.929260 0.073357
0.305061 -0.944562 0.121414
0.206114 -0.970015 0.128796
0.177713 -0.973153 0.146256
0.112392 -0.983610 0.140995
0.112392 -0.983610 0.140995
0.115810 -0.987396 0.107879
0.206114 -0.970015 0.128796
0.206114 -0.970015 0.128796
0.115810 -0.987396 0.107879
0.114309 -0.990431 0.077324
0.114309 -0.990431 0.077324
0.239761 -0.967365 0.081971
0.206114 -0.970015 0.128796
0.115810 -0.987396 0.107879
0.112392 -0.983610 0.140995
0.061301 -0.990036 0.126772
0.061301 -0.990036 0.126772
0.056756 -0.994602 0.086870
0.115810 -0.987396 0.107879
0.115810 -0.987396 0.107879
0.056756 -0.994602 0.086870
0.056855 -0.995644 0.073891
0.056855 -0.995644 0.073891
0.114309 -0.990431 0.077324
0.115810 -0.987396 0.107879
0.056756 -0.994602 0.086870
0.061301 -0.990036 0.126772
0.020618 -0.993404 0.112795
0.020618 -0.993404 0.112795
0.022294 -0.996387 0.081952
0.056756 -0.994602 0.086870
0.056756 -0.994602 0.086870
0.022294 -0.996387 0.081952
0.026368 -0.996737 0.076293
0.026368 -0.996737 0.076293
0.056855 -0.995644 0.073891
0.056756 -0.994602 0.086870
0.061301 -0.990036 0.126772
0.112392 -0.983610 0.140995
0.091168 -0.982591 0.161873
0.091168 -0.982591 0.161873
0.054332 -0.985903 0.158253
0.061301 -0.990036 0.126772
0.061301 -0.990036 0.126772
0.054332 -0.985903 0.158253
0.025164 -0.987768 0.153889
0.025164 -0.987768 0.153889
0.020618 -0.993404 0.112795
0.061301 -0.990036 0.126772
0.112392 -0.983610 0.140995
0.177713 -0.973153 0.146256
0.138192 -0.974286 0.177957
0.138192 -0.974286 0.177957
0.091168 -0.982591 0.161873
0.112392 -0.983610 0.140995
0.177713 -0.973153 0.146256
0.244498 -0.958761 0.144904
0.177363 -0.968761 0.173331
0.177363 -0.968761 0.173331
0.138192 -0.974286 0.177957
0.177713 -0.973153 0.146256
0.177363 -0.968761 0.173331
0.244498 -0.958761 0.144904
0.260328 -0.956771 0.129686
0.260328 -0.956771 0.129686
0.192365 -0.968605 0.157481
0.177363 -0.968761 0.173331
0.177363 -0.968761 0.173331
0.192365 -0.968605 0.157481
0.124124 -0.974685 0.185964
0.124124 -0.974685 0.185964
0.112409 -0.975760 0.187768
0.177363 -0.968761 0.173331
0.177363 -0.968761 0.173331
0.112409 -0.975760 0.187768
0.101519 -0.974869 0.198301
0.101519 -0.974869 0.198301
0.138192 -0.974286 0.177957
0.177363 -0.968761 0.173331
0.112409 -0.975760 0.187768
0.124124 -0.974685 0.185964
0.068950 -0.978360 0.195085
0.068950 -0.978360 0.195085
0.065219 -0.978222 0.197051
0.112409 -0.975760 0.187768
0.112409 -0.975760 0.187768
0.065219 -0.978222 0.197051
0.057973 -0.978203 0.199397
0.057973 -0.978203 0.199397
0.101519 -0.974869 0.198301
0.112409 -0.975760 0.187768
0.065219 -0.978222 0.197051
0.020995 -0.978959 0.202975
0.019984 -0.980675 0.194622
0.019984 -0.980675 0.194622
0.057973 -0.978203 0.199397
0.065219 -0.978222 0.197051
0.065219 -0.978222 0.197051
0.068950 -0.978360 0.195085
0.018573 -0.978804 0.203954
0.018573 -0.978804 0.203954
0.020995 -0.978959 0.202975
0.065219 -0.978222 0.197051
0.018573 -0.978804 0.203954
-0.037945 -0.978334 0.203528
-0.029368 -0.978827 0.202573
-0.029368 -0.978827 0.202573
0.020995 -0.978959 0.202975
0.018573 -0.978804 0.203954
0.092242 -0.072116 0.993122
0.344135 -0.056841 0.937198
0.341424 -0.057988 0.938119
0.341424 -0.057988 0.938119
0.089692 -0.083964 0.992424
0.092242 -0.072116 0.993122
0.092242 -0.072116 0.993122
0.089692 -0.083964 0.992424
-0.191062 -0.075740 0.978652
-0.191062 -0.075740 0.978652
-0.185151 -0.073254 0.979976
0.092242 -0.072116 0.993122
-0.191062 -0.075740 0.978652
-0.457564 -0.086418 0.884967
-0.455667 -0.089414 0.885648
-0.455667 -0.089414 0.885648
-0.185151 -0.073254 0.979976
-0.191062 -0.075740 0.978652
-0.191062 -0.075740 0.978652
0.089692 -0.083964 0.992424
0.090173 -0.087030 0.992116
0.090173 -0.087030 0.992116
-0.191307 -0.086046 0.977751
-0.191062 -0.075740 0.978652
-0.191062 -0.075740 0.978652
-0.191307 -0.086046 0.977751
-0.457492 -0.073760 0.886149
-0.457492 -0.073760 0.886149
-0.457564 -0.086418 0.884967
-0.191062 -0.075740 0.978652
-0.457492 -0.073760 0.886149
-0.690636 -0.079216 0.718852
-0.690702 -0.083555 0.718296
-0.690702 -0.083555 0.718296
-0.457564 -0.086418 0.884967
-0.457492 -0.073760 0.886149
-0.457492 -0.073760 0.886149
-0.191307 -0.086046 0.977751
-0.192708 -0.079863 0.978001
-0.192708 -0.079863 0.978001
-0.459866 -0.027710 0.887556
-0.457492 -0.073760 0.886149
-0.457492 -0.073760 0.886149
-0.459866 -0.027710 0.887556
-0.688382 0.004943 0.725331
-0.688382 0.004943 0.725331
-0.690636 -0.079216 0.718852
-0.457492 -0.073760 0.886149
-0.459866 -0.027710 0.887556
-0.192708 -0.079863 0.978001
-0.192224 0.019902 0.981149
-0.192224 0.019902 0.981149
-0.471121 0.075271 0.878851
-0.459866 -0.027710 0.887556
-0.459866 -0.027710 0.887556
-0.471121 0.075271 0.878851
-0.563806 0.513287 0.647039
-0.563806 0.513287 0.647039
-0.688382 0.004943 0.725331
-0.459866 -0.027710 0.887556
-0.471121 0.075271 0.878851
-0.192224 0.019902 0.981149
-0.200542 0.164083 0.965847
-0.200542 0.164083 0.965847
-0.399349 0.524961 0.751623
-0.471121 0.075271 0.878851
-0.471121 0.075271 0.878851
-0.399349 0.524961 0.751623
-0.205542 0.934497 0.290633
-0.205542 0.934497 0.290633
-0.563806 0.513287 0.647039
-0.471121 0.075271 0.878851
-0.200542 0.164083 0.965847
-0.192224 0.019902 0.981149
0.088074 0.028692 0.995701
0.088074 0.028692 0.995701
0.075443 0.221360 0.972269
-0.200542 0.164083 0.965847
-0.200542 0.164083 0.965847
0.075443 0.221360 0.972269
0.074842 0.536558 0.840538
0.074842 0.536558 0.840538
-0.172715 0.548038 0.818428
-0.200542 0.164083 0.965847
-0.200542 0.164083 0.965847
-0.172715 0.548038 0.818428
-0.116482 0.939685 0.321596
-0.116482 0.939685 0.321596
-0.399349 0.524961 0.751623
-0.200542 0.164083 0.965847
0.074842 0.536558 0.840538
0.075443 0.221360 0.972269
0.326657 0.315807 0.890820
0.326657 0.315807 0.890820
0.185519 0.829138 0.527365
0.074842 0.536558 0.840538
0.074842 0.536558 0.840538
0.185519 0.829138 0.527365
0.012766 0.993693 0.111409
0.012766 0.993693 0.111409
0.052167 0.887673 0.457510
0.074842 0.536558 0.840538
0.074842 0.536558 0.840538
0.052167 0.887673 0.457510
-0.072815 0.936990 0.341684
-0.072815 0.936990 0.341684
-0.172715 0.548038 0.818428
0.074842 0.536558 0.840538
0.052167 0.887673 0.457510
0.012766 0.993693 0.111409
-0.224531 0.925409 -0.305292
-0.224531 0.925409 -0.305292
-0.073207 0.872863 -0.482443
0.052167 0.887673 0.457510
0.052167 0.887673 0.457510
-0.073207 0.872863 -0.482443
0.157437 0.885116 -0.437930
0.157437 0.885116 -0.437930
-0.072815 0.936990 0.341684
0.052167 0.887673 0.457510
-0.073207 0.872863 -0.482443
-0.224531 0.925409 -0.305292
-0.261756 0.873127 -0.411257
-0.261756 0.873127 -0.411257
-0.088978 0.695300 -0.713191
-0.073207 0.872863 -0.482443
-0.073207 0.872863 -0.482443
-0.088978 0.695300 -0.713191
0.179693 0.790323 -0.585747
0.179693 0.790323 -0.585747
0.157437 0.885116 -0.437930
-0.073207 0.872863 -0.482443
-0.088978 0.695300 -0.713191
-0.261756 0.873127 -0.411257
0.002504 0.999986 -0.004765
0.002504 0.999986 -0.004765
-0.018978 0.992545 -0.120391
-0.088978 0.695300 -0.713191
-0.088978 0.695300 -0.713191
-0.018978 0.992545 -0.120391
-0.003661 0.999986 -0.003773
-0.003661 0.999986 -0.003773
0.179693 0.790323 -0.585747
-0.088978 0.695300 -0.713191
0.150007 -0.005871 0.988668
0.389013 0.003982 0.921223
0.398296 -0.006643 0.917233
0.398296 -0.006643 0.917233
0.164572 -0.011513 0.986298
0.150007 -0.005871 0.988668
0.150007 -0.005871 0.988668
0.164572 -0.011513 0.986298
-0.099860 -0.004123 0.994993
-0.099860 -0.004123 0.994993
-0.100248 -0.004566 0.994952
0.150007 -0.005871 0.988668
0.326657 0.315807 0.890820
0.075443 0.221360 0.972269
0.088074 0.028692 0.995701
0.088074 0.028692 0.995701
0.334744 -0.021205 0.942071
0.326657 0.315807 0.890820
0.326657 0.315807 0.890820
0.334744 -0.021205 0.942071
0.580314 0.138637 0.802505
0.580314 0.138637 0.802505
0.356617 0.776964 0.518798
0.326657 0.315807 0.890820
0.326657 0.315807 0.890820
0.356617 0.776964 0.518798
0.047087 0.988218 0.145632
0.047087 0.988218 0.145632
0.185519 0.829138 0.527365
0.326657 0.315807 0.890820
0.580314 0.138637 0.802505
0.605760 0.603687 0.518282
0.145662 0.975875 0.162638
0.145662 0.975875 0.162638
0.356617 0.776964 0.518798
0.580314 0.138637 0.802505
0.580314 0.138637 0.802505
0.334744 -0.021205 0.942071
0.342741 -0.030481 0.938935
0.342741 -0.030481 0.938935
0.570034 -0.137682 0.810003
0.580314 0.138637 0.802505
0.580314 0.138637 0.802505
0.570034 -0.137682 0.810003
0.774479 0.031819 0.631799
0.774479 0.031819 0.631799
0.605760 0.603687 0.518282
0.580314 0.138637 0.802505
0.774479 0.031819 0.631799
0.879820 0.225631 0.418340
0.495695 0.829057 0.258750
0.495695 0.829057 0.258750
0.605760 0.603687 0.518282
0.774479 0.031819 0.631799
0.774479 0.031819 0.631799
0.570034 -0.137682 0.810003
0.564539 -0.025309 0.825018
0.564539 -0.025309 0.825018
0.763701 -0.056851 0.643062
0.774479 0.031819 0.631799
0.774479 0.031819 0.631799
0.763701 -0.056851 0.643062
0.903654 -0.068391 0.422767
0.903654 -0.068391 0.422767
0.879820 0.225631 0.418340
0.774479 0.031819 0.631799
0.763701 -0.056851 0.643062
0.564539 -0.025309 0.825018
0.570221 -0.059282 0.819349
0.570221 -0.059282 0.819349
0.768911 -0.071601 0.635334
0.763701 -0.056851 0.643062
0.763701 -0.056851 0.643062
0.768911 -0.071601 0.635334
0.903539 -0.087863 0.419401
0.903539 -0.087863 0.419401
0.903654 -0.068391 0.422767
0.763701 -0.056851 0.643062
0.768911 -0.071601 0.635334
0.570221 -0.059282 0.819349
0.574697 -0.068143 0.815524
0.574697 -0.068143 0.815524
0.773041 -0.081112 0.629150
0.768911 -0.071601 0.635334
0.768911 -0.071601 0.635334
0.773041 -0.081112 0.629150
0.907076 -0.085856 0.412118
0.907076 -0.085856 0.412118
0.903539 -0.087863 0.419401
0.768911 -0.071601 0.635334
0.570221 -0.059282 0.819349
0.564539 -0.025309 0.825018
0.345548 -0.046021 0.937272
0.345548 -0.046021 0.937272
0.341424 -0.057988 0.938119
0.570221 -0.059282 0.819349
0.570221 -0.059282 0.819349
0.341424 -0.057988 0.938119
0.344135 -0.056841 0.937198
0.344135 -0.056841 0.937198
0.574697 -0.068143 0.815524
0.570221 -0.059282 0.819349
0.345548 -0.046021 0.937272
0.090173 -0.087030 0.992116
0.089692 -0.083964 0.992424
0.089692 -0.083964 0.992424
0.341424 -0.057988 0.938119
0.345548 -0.046021 0.937272
0.345548 -0.046021 0.937272
0.564539 -0.025309 0.825018
0.570034 -0.137682 0.810003
0.570034 -0.137682 0.810003
0.342741 -0.030481 0.938935
0.345548 -0.046021 0.937272
0.345548 -0.046021 0.937272
0.342741 -0.030481 0.938935
0.091375 -0.075228 0.992971
0.091375 -0.075228 0.992971
0.090173 -0.087030 0.992116
0.345548 -0.046021 0.937272
0.091375 -0.075228 0.992971
-0.192708 -0.079863 0.978001
-0.191307 -0.086046 0.977751
-0.191307 -0.086046 0.977751
0.090173 -0.087030 0.992116
0.091375 -0.075228 0.992971
0.091375 -0.075228 0.992971
0.342741 -0.030481 0.938935
0.334744 -0.021205 0.942071
0.334744 -0.021205 0.942071
0.088074 0.028692 0.995701
0.091375 -0.075228 0.992971
0.091375 -0.075228 0.992971
0.088074 0.028692 0.995701
-0.192224 0.019902 0.981149
-0.192224 0.019902 0.981149
-0.192708 -0.079863 0.978001
0.091375 -0.075228 0.992971
-0.457564 -0.086418 0.884967
-0.690702 -0.083555 0.718296
-0.689976 -0.088241 0.718433
-0.689976 -0.088241 0.718433
-0.455667 -0.089414 0.885648
-0.457564 -0.086418 0.884967
-0.037945 -0.978334 0.203528
-0.097132 -0.975764 0.196088
-0.084897 -0.977401 0.193595
-0.084897 -0.977401 0.193595
-0.029368 -0.978827 0.202573
-0.037945 -0.978334 0.203528
0.020995 -0.978959 0.202975
-0.029368 -0.978827 0.202573
-0.019359 -0.981390 0.191048
-0.019359 -0.981390 0.191048
0.019984 -0.980675 0.194622
0.020995 -0.978959 0.202975
0.005932 0.999980 0.002130
0.004462 0.999989 0.001132
0.001657 0.999999 0.000480
0.001657 0.999999 0.000480
0.002086 0.999997 0.000767
0.005932 0.999980 0.002130
0.005932 0.999980 0.002130
0.002086 0.999997 0.000767
0.001337 0.999993 0.003513
0.001337 0.999993 0.003513
0.006675 0.999969 0.004226
0.005932 0.999980 0.002130
0.005932 0.999980 0.002130
0.014088 0.999891 0.004432
0.009516 0.999951 0.002725
0.009516 0.999951 0.002725
0.004462 0.999989 0.001132
0.005932 0.999980 0.002130
0.001657 0.999999 0.000480
0.001367 0.999999 0.000989
0.000349 0.999999 0.001088
0.000349 0.999999 0.001088
0.000525 1.000000 0.000209
0.001657 0.999999 0.000480
0.001657 0.999999 0.000480
0.000525 1.000000 0.000209
0.000580 1.000000 0.000126
0.000580 1.000000 0.000126
0.002086 0.999997 0.000767
0.001657 0.999999 0.000480
0.001657 0.999999 0.000480
0.004462 0.999989 0.001132
0.003884 0.999992 0.001284
0.003884 0.999992 0.001284
0.001367 0.999999 0.000989
0.001657 0.999999 0.000480
0.000525 1.000000 0.000209
0.000349 0.999999 0.001088
-0.000034 0.999999 0.001047
-0.000034 0.999999 0.001047
0.000074 1.000000 0.000162
0.000525 1.000000 0.000209
0.000525 1.000000 0.000209
0.000074 1.000000 0.000162
0.000100 1.000000 0.000009
0.000100 1.000000 0.000009
0.000580 1.000000 0.000126
0.000525 1.000000 0.000209
0.000074 1.000000 0.000162
-0.000034 0.999999 0.001047
0.000020 0.999999 0.001086
0.000020 0.999999 0.001086
0.000034 1.000000 0.000187
0.000074 1.000000 0.000162
0.000074 1.000000 0.000162
0.000034 1.000000 0.000187
0.000017 1.000000 0.000032
0.000017 1.000000 0.000032
0.000100 1.000000 0.000009
0.000074 1.000000 0.000162
0.000017 1.000000 0.000032
0.000034 1.000000 0.000187
-0.000028 1.000000 0.000270
-0.000028 1.000000 0.000270
-0.000003 1.000000 0.000054
0.000017 1.000000 0.000032
0.000017 1.000000 0.000032
-0.000003 1.000000 0.000054
0.010653 0.932035 0.362211
0.010653 0.932035 0.362211
-0.113732 0.953277 0.279870
0.000017 1.000000 0.000032
0.000017 1.000000 0.000032
-0.113732 0.953277 0.279870
-0.150649 0.974207 0.168006
-0.150649 0.974207 0.168006
0.000100 1.000000 0.000009
0.000017 1.000000 0.000032
-0.113732 0.953277 0.279870
0.010653 0.932035 0.362211
0.015185 0.896721 0.442335
0.015185 0.896721 0.442335
-0.151921 0.924958 0.348386
-0.113732 0.953277 0.279870
-0.113732 0.953277 0.279870
-0.151921 0.924958 0.348386
-0.198282 0.957227 0.210713
-0.198282 0.957227 0.210713
-0.150649 0.974207 0.168006
-0.113732 0.953277 0.279870
-0.000003 1.000000 0.000054
-0.000028 1.000000 0.000270
-0.000012 1.000000 0.000171
-0.000012 1.000000 0.000171
-0.000017 1.000000 0.000027
-0.000003 1.000000 0.000054
-0.000003 1.000000 0.000054
-0.000017 1.000000 0.000027
0.102539 0.954240 0.280911
0.102539 0.954240 0.280911
0.010653 0.932035 0.362211
-0.000003 1.000000 0.000054
-0.000017 1.000000 0.000027
-0.000012 1.000000 0.000171
-0.000087 1.000000 0.000164
-0.000087 1.000000 0.000164
-0.000124 1.000000 0.000006
-0.000017 1.000000 0.000027
-0.000017 1.000000 0.000027
-0.000124 1.000000 0.000006
0.159102 0.974380 0.158968
0.159102 0.974380 0.158968
0.102539 0.954240 0.280911
-0.000017 1.000000 0.000027
-0.000087 1.000000 0.000164
0.000061 0.999999 0.001119
-0.000469 0.999999 0.001068
-0.000469 0.999999 0.001068
-0.000535 1.000000 0.000223
-0.000087 1.000000 0.000164
-0.000087 1.000000 0.000164
-0.000535 1.000000 0.000223
-0.000605 1.000000 0.000115
-0.000605 1.000000 0.000115
-0.000124 1.000000 0.000006
-0.000087 1.000000 0.000164
-0.000087 1.000000 0.000164
-0.000012 1.000000 0.000171
-0.000065 0.999999 0.001193
-0.000065 0.999999 0.001193
0.000061 0.999999 0.001119
-0.000087 1.000000 0.000164
-0.000065 0.999999 0.001193
0.000135 0.999985 0.005426
0.000994 0.999977 0.006779
0.000994 0.999977 0.006779
0.000061 0.999999 0.001119
-0.000065 0.999999 0.001193
-0.000065 0.999999 0.001193
-0.000012 1.000000 0.000171
-0.000028 1.000000 0.000270
-0.000028 1.000000 0.000270
0.000062 0.999999 0.001501
-0.000065 0.999999 0.001193
-0.000065 0.999999 0.001193
0.000062 0.999999 0.001501
-0.000566 0.999970 0.007702
-0.000566 0.999970 0.007702
0.000135 0.999985 0.005426
-0.000065 0.999999 0.001193
0.000062 0.999999 0.001501
-0.000028 1.000000 0.000270
0.000034 1.000000 0.000187
0.000034 1.000000 0.000187
0.000020 0.999999 0.001086
0.000062 0.999999 0.001501
0.000062 0.999999 0.001501
0.000020 0.999999 0.001086
0.000607 0.999984 0.005700
0.000607 0.999984 0.005700
-0.000566 0.999970 0.007702
0.000062 0.999999 0.001501
-0.000535 1.000000 0.000223
-0.000469 0.999999 0.001068
-0.001301 0.999999 0.000909
-0.001301 0.999999 0.000909
-0.001737 0.999998 0.000512
-0.000535 1.000000 0.000223
-0.000535 1.000000 0.000223
-0.001737 0.999998 0.000512
-0.002272 0.999997 0.001032
-0.002272 0.999997 0.001032
-0.000605 1.000000 0.000115
-0.000535 1.000000 0.000223
0.000061 0.999999 0.001119
0.000994 0.999977 0.006779
-0.000221 0.999964 0.008451
-0.000221 0.999964 0.008451
-0.000469 0.999999 0.001068
0.000061 0.999999 0.001119
-0.151921 0.924958 0.348386
0.000000 1.000000 0.000000
-0.012138 0.999921 -0.003125
-0.012138 0.999921 -0.003125
-0.198282 0.957227 0.210713
-0.151921 0.924958 0.348386
-0.780434 0.005769 0.625211
-0.596585 0.001368 0.802548
-0.591542 -0.005759 0.806254
-0.591542 -0.005759 0.806254
-0.759603 -0.010603 0.650301
-0.780434 0.005769 0.625211
-0.158956 -0.975006 0.155230
-0.197839 -0.971075 0.133688
-0.114338 -0.987082 0.112228
-0.114338 -0.987082 0.112228
-0.100177 -0.983585 0.150088
-0.158956 -0.975006 0.155230
-0.158956 -0.975006 0.155230
-0.100177 -0.983585 0.150088
-0.072868 -0.984054 0.162257
-0.072868 -0.984054 0.162257
-0.109062 -0.977174 0.182312
-0.158956 -0.975006 0.155230
-0.158956 -0.975006 0.155230
-0.209225 -0.964530 0.160956
-0.282386 -0.951570 0.121541
-0.282386 -0.951570 0.121541
-0.197839 -0.971075 0.133688
-0.158956 -0.975006 0.155230
0.019984 -0.980675 0.194622
0.020100 -0.984425 0.174654
0.045149 -0.983535 0.174989
0.045149 -0.983535 0.174989
0.057973 -0.978203 0.199397
0.019984 -0.980675 0.194622
0.020100 -0.984425 0.174654
0.025164 -0.987768 0.153889
0.054332 -0.985903 0.158253
0.054332 -0.985903 0.158253
0.045149 -0.983535 0.174989
0.020100 -0.984425 0.174654
-0.001737 0.999998 0.000512
-0.004602 0.999989 0.001129
-0.006115 0.999978 0.002473
-0.006115 0.999978 0.002473
-0.002272 0.999997 0.001032
-0.001737 0.999998 0.000512
-0.114338 -0.987082 0.112228
-0.052544 -0.994430 0.091366
-0.055151 -0.990132 0.128827
-0.055151 -0.990132 0.128827
-0.100177 -0.983585 0.150088
-0.114338 -0.987082 0.112228
-0.000163 -1.000000 0.000015
-0.000360 -1.000000 0.000195
0.008289 -0.999965 0.000980
0.008289 -0.999965 0.000980
0.009138 -0.999958 0.000495
-0.000163 -1.000000 0.000015
-0.106102 -0.992962 -0.052616
-0.180312 -0.982348 -0.049798
-0.165685 -0.983441 -0.073432
-0.165685 -0.983441 -0.073432
-0.091744 -0.993344 -0.069642
-0.106102 -0.992962 -0.052616
0.341348 -0.938650 0.049166
0.396844 -0.915924 0.059979
0.401282 -0.913791 0.062923
0.401282 -0.913791 0.062923
0.345160 -0.936977 0.054206
0.341348 -0.938650 0.049166
-0.917636 0.092279 0.386560
-0.911458 0.060008 0.406992
-0.982548 -0.011118 0.185676
-0.982548 -0.011118 0.185676
-0.982956 -0.020172 0.182732
-0.917636 0.092279 0.386560
-0.917636 0.092279 0.386560
-0.982956 -0.020172 0.182732
-0.984002 -0.024649 0.176446
-0.984002 -0.024649 0.176446
-0.930547 0.131539 0.341730
-0.917636 0.092279 0.386560
-0.917636 0.092279 0.386560
-0.725535 0.241048 0.644589
-0.728761 0.143616 0.669538
-0.728761 0.143616 0.669538
-0.911458 0.060008 0.406992
-0.917636 0.092279 0.386560
-0.960204 -0.238013 -0.146143
-0.979505 -0.181720 -0.086883
-0.944867 -0.275477 -0.177030
-0.944867 -0.275477 -0.177030
-0.899575 -0.349066 -0.262522
-0.960204 -0.238013 -0.146143
0.974959 -0.199595 -0.098064
0.958515 -0.227951 -0.171134
0.896314 -0.348581 -0.274068
0.896314 -0.348581 -0.274068
0.952785 -0.270368 -0.138213
0.974959 -0.199595 -0.098064
-0.982548 -0.011118 0.185676
-0.986922 -0.021015 0.159822
-0.986250 -0.033421 0.161846
-0.986250 -0.033421 0.161846
-0.982956 -0.020172 0.182732
-0.982548 -0.011118 0.185676
-0.986922 -0.021015 0.159822
-0.988328 -0.023300 0.150548
-0.987370 -0.036702 0.154123
-0.987370 -0.036702 0.154123
-0.986250 -0.033421 0.161846
-0.986922 -0.021015 0.159822
-0.247848 0.822610 -0.511746
-0.244716 0.806835 -0.537710
0.007433 0.828501 -0.559938
0.007433 0.828501 -0.559938
-0.012291 0.848255 -0.529446
-0.247848 0.822610 -0.511746
0.007433 0.828501 -0.559938
0.016252 0.778018 -0.628032
0.266799 0.759287 -0.593549
0.266799 0.759287 -0.593549
0.252910 0.809586 -0.529723
0.007433 0.828501 -0.559938
0.007433 0.828501 -0.559938
0.252910 0.809586 -0.529723
0.225969 0.829157 -0.511309
0.225969 0.829157 -0.511309
-0.012291 0.848255 -0.529446
0.007433 0.828501 -0.559938
-0.128770 0.983378 -0.128011
-0.183170 0.976521 -0.113378
-0.152626 0.981763 -0.113346
-0.152626 0.981763 -0.113346
-0.101135 0.987167 -0.123583
-0.128770 0.983378 -0.128011
-0.128770 0.983378 -0.128011
-0.101135 0.987167 -0.123583
-0.058346 0.992742 -0.105160
-0.058346 0.992742 -0.105160
-0.077226 0.990655 -0.112421
-0.128770 0.983378 -0.128011
-0.449735 0.668661 -0.592140
-0.458892 0.703947 -0.542104
-0.662493 0.572612 -0.482927
-0.662493 0.572612 -0.482927
-0.597994 0.577926 -0.555342
-0.449735 0.668661 -0.592140
-0.101135 0.987167 -0.123583
-0.152626 0.981763 -0.113346
-0.096591 0.990890 -0.093845
-0.096591 0.990890 -0.093845
-0.061825 0.993085 -0.099795
-0.101135 0.987167 -0.123583
-0.101135 0.987167 -0.123583
-0.061825 0.993085 -0.099795
-0.031596 0.995741 -0.086617
-0.031596 0.995741 -0.086617
-0.058346 0.992742 -0.105160
-0.101135 0.987167 -0.123583
-0.031596 0.995741 -0.086617
-0.061825 0.993085 -0.099795
-0.034589 0.996028 -0.082053
-0.034589 0.996028 -0.082053
-0.012679 0.996698 -0.080199
-0.031596 0.995741 -0.086617
-0.031596 0.995741 -0.086617
-0.012679 0.996698 -0.080199
0.010334 0.996751 -0.079876
0.010334 0.996751 -0.079876
0.012222 0.996511 -0.082557
-0.031596 0.995741 -0.086617
-0.031596 0.995741 -0.086617
0.012222 0.996511 -0.082557
0.012375 0.994730 -0.101775
0.012375 0.994730 -0.101775
-0.058346 0.992742 -0.105160
-0.031596 0.995741 -0.086617
0.010334 0.996751 -0.079876
-0.012679 0.996698 -0.080199
-0.011116 0.996247 -0.085843
-0.011116 0.996247 -0.085843
0.012773 0.996333 -0.084595
0.010334 0.996751 -0.079876
0.010334 0.996751 -0.079876
0.012773 0.996333 -0.084595
0.034524 0.995954 -0.082966
0.034524 0.995954 -0.082966
0.032941 0.996156 -0.081172
0.010334 0.996751 -0.079876
0.010334 0.996751 -0.079876
0.032941 0.996156 -0.081172
0.052101 0.994177 -0.094329
0.052101 0.994177 -0.094329
0.012222 0.996511 -0.082557
0.010334 0.996751 -0.079876
0.012773 0.996333 -0.084595
0.015358 0.996080 -0.087119
0.041679 0.995686 -0.082899
0.041679 0.995686 -0.082899
0.034524 0.995954 -0.082966
0.012773 0.996333 -0.084595
0.012773 0.996333 -0.084595
-0.011116 0.996247 -0.085843
-0.011826 0.996282 -0.085334
-0.011826 0.996282 -0.085334
0.015358 0.996080 -0.087119
0.012773 0.996333 -0.084595
-0.011826 0.996282 -0.085334
-0.013759 0.997264 -0.072627
0.017415 0.996973 -0.075771
0.017415 0.996973 -0.075771
0.015358 0.996080 -0.087119
-0.011826 0.996282 -0.085334
-0.011826 0.996282 -0.085334
-0.011116 0.996247 -0.085843
-0.033283 0.995894 -0.084182
-0.033283 0.995894 -0.084182
-0.037390 0.995835 -0.083159
-0.011826 0.996282 -0.085334
-0.011826 0.996282 -0.085334
-0.037390 0.995835 -0.083159
-0.045142 0.996240 -0.073943
-0.045142 0.996240 -0.073943
-0.013759 0.997264 -0.072627
-0.011826 0.996282 -0.085334
-0.045142 0.996240 -0.073943
-0.049240 0.997258 -0.055253
-0.011328 0.999285 -0.036064
-0.011328 0.999285 -0.036064
-0.013759 0.997264 -0.072627
-0.045142 0.996240 -0.073943
-0.045142 0.996240 -0.073943
-0.037390 0.995835 -0.083159
-0.070713 0.994202 -0.081012
-0.070713 0.994202 -0.081012
-0.081451 0.994361 -0.067908
-0.045142 0.996240 -0.073943
-0.045142 0.996240 -0.073943
-0.081451 0.994361 -0.067908
-0.091949 0.993903 -0.060838
-0.091949 0.993903 -0.060838
-0.049240 0.997258 -0.055253
-0.045142 0.996240 -0.073943
-0.081451 0.994361 -0.067908
-0.070713 0.994202 -0.081012
-0.130585 0.987652 -0.086546
-0.130585 0.987652 -0.086546
-0.149746 0.986158 -0.071193
-0.081451 0.994361 -0.067908
-0.081451 0.994361 -0.067908
-0.149746 0.986158 -0.071193
-0.161272 0.985410 -0.054388
-0.161272 0.985410 -0.054388
-0.091949 0.993903 -0.060838
-0.081451 0.994361 -0.067908
-0.130585 0.987652 -0.086546
-0.070713 0.994202 -0.081012
-0.061094 0.994780 -0.081727
-0.061094 0.994780 -0.081727
-0.109780 0.989112 -0.098007
-0.130585 0.987652 -0.086546
-0.130585 0.987652 -0.086546
-0.109780 0.989112 -0.098007
-0.182097 0.976211 -0.117699
-0.182097 0.976211 -0.117699
-0.221709 0.971068 -0.088729
-0.130585 0.987652 -0.086546
-0.130585 0.987652 -0.086546
-0.221709 0.971068 -0.088729
-0.247610 0.965814 -0.076763
-0.247610 0.965814 -0.076763
-0.149746 0.986158 -0.071193
-0.130585 0.987652 -0.086546
-0.221709 0.971068 -0.088729
-0.182097 0.976211 -0.117699
-0.223435 0.968003 -0.114225
-0.223435 0.968003 -0.114225
-0.269037 0.959931 -0.078437
-0.221709 0.971068 -0.088729
-0.221709 0.971068 -0.088729
-0.269037 0.959931 -0.078437
-0.302356 0.950984 -0.064892
-0.302356 0.950984 -0.064892
-0.247610 0.965814 -0.076763
-0.221709 0.971068 -0.088729
-0.885413 0.350844 -0.304881
-0.757479 0.486475 -0.435395
-0.813586 0.443940 -0.375493
-0.813586 0.443940 -0.375493
-0.919963 0.318745 -0.228187
-0.885413 0.350844 -0.304881
-0.885413 0.350844 -0.304881
-0.919963 0.318745 -0.228187
-0.957143 0.238641 -0.164094
-0.957143 0.238641 -0.164094
-0.941616 0.258358 -0.215897
-0.885413 0.350844 -0.304881
-0.223435 0.968003 -0.114225
-0.182097 0.976211 -0.117699
-0.152626 0.981763 -0.113346
-0.152626 0.981763 -0.113346
-0.183170 0.976521 -0.113378
-0.223435 0.968003 -0.114225
-0.757479 0.486475 -0.435395
-0.597994 0.577926 -0.555342
-0.662493 0.572612 -0.482927
-0.662493 0.572612 -0.482927
-0.813586 0.443940 -0.375493
-0.757479 0.486475 -0.435395
-0.182097 0.976211 -0.117699
-0.109780 0.989112 -0.098007
-0.096591 0.990890 -0.093845
-0.096591 0.990890 -0.093845
-0.152626 0.981763 -0.113346
-0.182097 0.976211 -0.117699
-0.070713 0.994202 -0.081012
-0.037390 0.995835 -0.083159
-0.033283 0.995894 -0.084182
-0.033283 0.995894 -0.084182
-0.061094 0.994780 -0.081727
-0.070713 0.994202 -0.081012
-0.011328 0.999285 -0.036064
-0.005688 0.999981 -0.002479
0.006818 0.999972 -0.003150
0.006818 0.999972 -0.003150
0.013727 0.999069 -0.040901
-0.011328 0.999285 -0.036064
-0.011328 0.999285 -0.036064
0.013727 0.999069 -0.040901
0.017415 0.996973 -0.075771
0.017415 0.996973 -0.075771
-0.013759 0.997264 -0.072627
-0.011328 0.999285 -0.036064
-0.011328 0.999285 -0.036064
-0.049240 0.997258 -0.055253
-0.038426 0.999019 -0.022006
-0.038426 0.999019 -0.022006
-0.005688 0.999981 -0.002479
-0.011328 0.999285 -0.036064
-0.049240 0.997258 -0.055253
-0.091949 0.993903 -0.060838
-0.095810 0.994402 -0.044543
-0.095810 0.994402 -0.044543
-0.038426 0.999019 -0.022006
-0.049240 0.997258 -0.055253
0.017415 0.996973 -0.075771
0.013727 0.999069 -0.040901
0.055549 0.996359 -0.064678
0.055549 0.996359 -0.064678
0.050934 0.995653 -0.077978
0.017415 0.996973 -0.075771
0.017415 0.996973 -0.075771
0.050934 0.995653 -0.077978
0.041679 0.995686 -0.082899
0.041679 0.995686 -0.082899
0.015358 0.996080 -0.087119
0.017415 0.996973 -0.075771
0.041679 0.995686 -0.082899
0.050934 0.995653 -0.077978
0.079459 0.994163 -0.072981
0.079459 0.994163 -0.072981
0.072101 0.994224 -0.079498
0.041679 0.995686 -0.082899
0.041679 0.995686 -0.082899
0.072101 0.994224 -0.079498
0.063765 0.994283 -0.085651
0.063765 0.994283 -0.085651
0.034524 0.995954 -0.082966
0.041679 0.995686 -0.082899
-0.011116 0.996247 -0.085843
-0.012679 0.996698 -0.080199
-0.034589 0.996028 -0.082053
-0.034589 0.996028 -0.082053
-0.033283 0.995894 -0.084182
-0.011116 0.996247 -0.085843
0.677778 0.659113 -0.325863
0.715556 0.584617 -0.382363
0.883395 0.400324 -0.243627
0.883395 0.400324 -0.243627
0.823332 0.507407 -0.254289
0.677778 0.659113 -0.325863
-0.990663 0.133207 -0.029035
-0.977453 0.188971 -0.094216
-0.955213 0.250450 -0.157620
-0.955213 0.250450 -0.157620
-0.973634 0.210455 -0.088012
-0.990663 0.133207 -0.029035
-0.977453 0.188971 -0.094216
-0.957143 0.238641 -0.164094
-0.919963 0.318745 -0.228187
-0.919963 0.318745 -0.228187
-0.955213 0.250450 -0.157620
-0.977453 0.188971 -0.094216
-0.038426 0.999019 -0.022006
-0.026336 0.999637 -0.005686
-0.003727 0.999993 -0.000095
-0.003727 0.999993 -0.000095
-0.005688 0.999981 -0.002479
-0.038426 0.999019 -0.022006
0.072101 0.994224 -0.079498
0.129630 0.986963 -0.095397
0.114680 0.988525 -0.098319
0.114680 0.988525 -0.098319
0.063765 0.994283 -0.085651
0.072101 0.994224 -0.079498
0.685575 0.531856 -0.497107
0.793011 0.441792 -0.419468
0.829962 0.433221 -0.351400
0.829962 0.433221 -0.351400
0.705356 0.548687 -0.448793
0.685575 0.531856 -0.497107
0.985276 0.161708 -0.055521
0.994450 0.104218 -0.014412
0.981274 0.177425 -0.074979
0.981274 0.177425 -0.074979
0.960521 0.233089 -0.151882
0.985276 0.161708 -0.055521
-0.930243 -0.118073 0.347428
-0.932544 -0.173156 0.316825
-0.983036 0.025192 0.181676
-0.983036 0.025192 0.181676
-0.984290 0.024780 0.174814
-0.930243 -0.118073 0.347428
-0.227308 0.973129 0.036747
-0.234887 0.971270 0.038241
-0.124714 0.991911 0.023656
-0.124714 0.991911 0.023656
-0.118206 0.992811 0.018799
-0.227308 0.973129 0.036747
-0.227308 0.973129 0.036747
-0.342970 0.937562 0.057873
-0.346083 0.936459 0.057195
-0.346083 0.936459 0.057195
-0.234887 0.971270 0.038241
-0.227308 0.973129 0.036747
-0.142740 0.989096 0.036259
-0.122514 0.991092 0.052225
-0.063570 0.995889 0.064525
-0.063570 0.995889 0.064525
-0.070647 0.996711 0.039709
-0.142740 0.989096 0.036259
-0.142740 0.989096 0.036259
-0.070647 0.996711 0.039709
-0.061350 0.998040 0.012346
-0.061350 0.998040 0.012346
-0.147410 0.988687 0.027710
-0.142740 0.989096 0.036259
-0.142740 0.989096 0.036259
-0.252877 0.966843 0.035598
-0.245906 0.967893 0.052088
-0.245906 0.967893 0.052088
-0.122514 0.991092 0.052225
-0.142740 0.989096 0.036259
-0.245906 0.967893 0.052088
-0.230359 0.970521 0.070876
-0.106265 0.991908 0.069471
-0.106265 0.991908 0.069471
-0.122514 0.991092 0.052225
-0.245906 0.967893 0.052088
-0.245906 0.967893 0.052088
-0.252877 0.966843 0.035598
-0.363902 0.929622 0.058126
-0.363902 0.929622 0.058126
-0.370537 0.926605 0.064068
-0.245906 0.967893 0.052088
-0.245906 0.967893 0.052088
-0.370537 0.926605 0.064068
-0.363652 0.928911 0.069867
-0.363652 0.928911 0.069867
-0.230359 0.970521 0.070876
-0.245906 0.967893 0.052088
-0.106265 0.991908 0.069471
-0.099920 0.991042 0.088608
-0.045922 0.995954 0.077245
-0.045922 0.995954 0.077245
-0.048591 0.996000 0.074991
-0.106265 0.991908 0.069471
-0.106265 0.991908 0.069471
-0.048591 0.996000 0.074991
-0.063570 0.995889 0.064525
-0.063570 0.995889 0.064525
-0.122514 0.991092 0.052225
-0.106265 0.991908 0.069471
-0.106265 0.991908 0.069471
-0.230359 0.970521 0.070876
-0.199743 0.973972 0.107153
-0.199743 0.973972 0.107153
-0.099920 0.991042 0.088608
-0.106265 0.991908 0.069471
-0.048591 0.996000 0.074991
-0.045922 0.995954 0.077245
-0.016370 0.996863 0.077433
-0.016370 0.996863 0.077433
-0.018796 0.996814 0.077515
-0.048591 0.996000 0.074991
-0.048591 0.996000 0.074991
-0.018796 0.996814 0.077515
-0.017431 0.997821 0.063642
-0.017431 0.997821 0.063642
-0.063570 0.995889 0.064525
-0.048591 0.996000 0.074991
-0.017431 0.997821 0.063642
-0.018796 0.996814 0.077515
0.016224 0.996993 0.075776
0.016224 0.996993 0.075776
0.018047 0.998003 0.060540
-0.017431 0.997821 0.063642
-0.017431 0.997821 0.063642
0.018047 0.998003 0.060540
0.011606 0.999535 0.028210
0.011606 0.999535 0.028210
-0.010490 0.999560 0.027757
-0.017431 0.997821 0.063642
-0.017431 0.997821 0.063642
-0.010490 0.999560 0.027757
-0.070647 0.996711 0.039709
-0.070647 0.996711 0.039709
-0.063570 0.995889 0.064525
-0.017431 0.997821 0.063642
-0.010490 0.999560 0.027757
0.011606 0.999535 0.028210
0.006931 0.999970 0.003419
0.006931 0.999970 0.003419
-0.007014 0.999973 0.002395
-0.010490 0.999560 0.027757
-0.010490 0.999560 0.027757
-0.007014 0.999973 0.002395
-0.061350 0.998040 0.012346
-0.061350 0.998040 0.012346
-0.070647 0.996711 0.039709
-0.010490 0.999560 0.027757
-0.007014 0.999973 0.002395
0.006931 0.999970 0.003419
0.005259 0.999986 0.000450
0.005259 0.999986 0.000450
-0.006176 0.999981 0.000496
-0.007014 0.999973 0.002395
-0.007014 0.999973 0.002395
-0.006176 0.999981 0.000496
-0.051692 0.998656 0.003753
-0.051692 0.998656 0.003753
-0.061350 0.998040 0.012346
-0.007014 0.999973 0.002395
0.005259 0.999986 0.000450
0.006931 0.999970 0.003419
0.059283 0.998190 0.010094
0.059283 0.998190 0.010094
0.051543 0.998653 0.005899
0.005259 0.999986 0.000450
0.005259 0.999986 0.000450
0.051543 0.998653 0.005899
0.041883 0.999102 0.006350
0.041883 0.999102 0.006350
0.004828 0.999988 0.000026
0.005259 0.999986 0.000450
0.005259 0.999986 0.000450
0.004828 0.999988 0.000026
-0.004951 0.999988 0.000183
-0.004951 0.999988 0.000183
-0.006176 0.999981 0.000496
0.005259 0.999986 0.000450
0.041883 0.999102 0.006350
0.051543 0.998653 0.005899
0.132421 0.990910 0.023725
0.132421 0.990910 0.023725
0.125010 0.991883 0.023260
0.041883 0.999102 0.006350
0.041883 0.999102 0.006350
0.125010 0.991883 0.023260
0.116662 0.992995 0.018734
0.116662 0.992995 0.018734
0.034930 0.999385 0.003089
0.041883 0.999102 0.006350
0.041883 0.999102 0.006350
0.034930 0.999385 0.003089
0.004240 0.999991 0.000283
0.004240 0.999991 0.000283
0.004828 0.999988 0.000026
0.041883 0.999102 0.006350
0.116662 0.992995 0.018734
0.125010 0.991883 0.023260
0.232159 0.971911 0.038627
0.232159 0.971911 0.038627
0.227684 0.973022 0.037263
0.116662 0.992995 0.018734
0.116662 0.992995 0.018734
0.227684 0.973022 0.037263
0.225068 0.973723 0.034755
0.225068 0.973723 0.034755
0.109025 0.993932 0.014595
0.116662 0.992995 0.018734
0.116662 0.992995 0.018734
0.109025 0.993932 0.014595
0.031827 0.999487 0.003545
0.031827 0.999487 0.003545
0.034930 0.999385 0.003089
0.116662 0.992995 0.018734
0.225068 0.973723 0.034755
0.227684 0.973022 0.037263
0.342831 0.937732 0.055906
0.342831 0.937732 0.055906
0.356304 0.932580 0.057818
0.225068 0.973723 0.034755
0.225068 0.973723 0.034755
0.356304 0.932580 0.057818
0.337590 0.939788 0.053208
0.337590 0.939788 0.053208
0.214603 0.976178 0.031978
0.225068 0.973723 0.034755
0.225068 0.973723 0.034755
0.214603 0.976178 0.031978
0.104826 0.994359 0.016180
0.104826 0.994359 0.016180
0.109025 0.993932 0.014595
0.225068 0.973723 0.034755
0.337590 0.939788 0.053208
0.401152 0.913783 0.063859
0.397605 0.915604 0.059830
0.397605 0.915604 0.059830
0.329657 0.943045 0.044629
0.337590 0.939788 0.053208
0.337590 0.939788 0.053208
0.329657 0.943045 0.044629
0.211447 0.977187 0.019885
0.211447 0.977187 0.019885
0.214603 0.976178 0.031978
0.337590 0.939788 0.053208
0.342831 0.937732 0.055906
0.345926 0.936450 0.058275
0.402159 0.913125 0.066857
0.402159 0.913125 0.066857
0.403832 0.912195 0.069428
0.342831 0.937732 0.055906
0.342831 0.937732 0.055906
0.227684 0.973022 0.037263
0.232159 0.971911 0.038627
0.232159 0.971911 0.038627
0.345926 0.936450 0.058275
0.342831 0.937732 0.055906
0.982497 0.091956 0.162000
0.981923 0.095411 0.163478
0.982571 0.088052 0.163709
0.982571 0.088052 0.163709
0.983272 0.084020 0.161609
0.982497 0.091956 0.162000
0.982497 0.091956 0.162000
0.983272 0.084020 0.161609
0.984390 0.069165 0.161844
0.984390 0.069165 0.161844
0.982448 0.087717 0.164628
0.982497 0.091956 0.162000
0.402159 0.913125 0.066857
0.345926 0.936450 0.058275
0.349473 0.935130 0.058323
0.349473 0.935130 0.058323
0.402907 0.912761 0.067329
0.402159 0.913125 0.066857
0.349473 0.935130 0.058323
0.352302 0.933831 0.061989
0.401288 0.913253 0.070261
0.401288 0.913253 0.070261
0.402907 0.912761 0.067329
0.349473 0.935130 0.058323
0.349473 0.935130 0.058323
0.345926 0.936450 0.058275
0.232159 0.971911 0.038627
0.232159 0.971911 0.038627
0.237201 0.970669 0.039212
0.349473 0.935130 0.058323
0.349473 0.935130 0.058323
0.237201 0.970669 0.039212
0.243273 0.969094 0.040925
0.243273 0.969094 0.040925
0.352302 0.933831 0.061989
0.349473 0.935130 0.058323
0.243273 0.969094 0.040925
0.251101 0.967203 0.038290
0.358875 0.931478 0.059649
0.358875 0.931478 0.059649
0.352302 0.933831 0.061989
0.243273 0.969094 0.040925
0.243273 0.969094 0.040925
0.237201 0.970669 0.039212
0.132421 0.990910 0.023725
0.132421 0.990910 0.023725
0.142309 0.989514 0.024714
0.243273 0.969094 0.040925
0.243273 0.969094 0.040925
0.142309 0.989514 0.024714
0.141103 0.989344 0.035888
0.141103 0.989344 0.035888
0.251101 0.967203 0.038290
0.243273 0.969094 0.040925
0.141103 0.989344 0.035888
0.119788 0.991596 0.048861
0.247789 0.967828 0.043707
0.247789 0.967828 0.043707
0.251101 0.967203 0.038290
0.141103 0.989344 0.035888
0.141103 0.989344 0.035888
0.142309 0.989514 0.024714
0.059283 0.998190 0.010094
0.059283 0.998190 0.010094
0.063488 0.997223 0.038931
0.141103 0.989344 0.035888
0.141103 0.989344 0.035888
0.063488 0.997223 0.038931
0.058146 0.996349 0.062513
0.058146 0.996349 0.062513
0.119788 0.991596 0.048861
0.141103 0.989344 0.035888
0.058146 0.996349 0.062513
0.047640 0.996137 0.073767
0.099121 0.992683 0.068961
0.099121 0.992683 0.068961
0.119788 0.991596 0.048861
0.058146 0.996349 0.062513
0.058146 0.996349 0.062513
0.063488 0.997223 0.038931
0.011606 0.999535 0.028210
0.011606 0.999535 0.028210
0.018047 0.998003 0.060540
0.058146 0.996349 0.062513
0.058146 0.996349 0.062513
0.018047 0.998003 0.060540
0.016224 0.996993 0.075776
0.016224 0.996993 0.075776
0.047640 0.996137 0.073767
0.058146 0.996349 0.062513
0.063488 0.997223 0.038931
0.059283 0.998190 0.010094
0.006931 0.999970 0.003419
0.006931 0.999970 0.003419
0.011606 0.999535 0.028210
0.063488 0.997223 0.038931
0.142309 0.989514 0.024714
0.132421 0.990910 0.023725
0.051543 0.998653 0.005899
0.051543 0.998653 0.005899
0.059283 0.998190 0.010094
0.142309 0.989514 0.024714
0.237201 0.970669 0.039212
0.232159 0.971911 0.038627
0.125010 0.991883 0.023260
0.125010 0.991883 0.023260
0.132421 0.990910 0.023725
0.237201 0.970669 0.039212
-0.230359 0.970521 0.070876
-0.363652 0.928911 0.069867
-0.325554 0.939431 0.107163
-0.325554 0.939431 0.107163
-0.199743 0.973972 0.107153
-0.230359 0.970521 0.070876
-0.932544 -0.173156 0.316825
-0.940438 -0.223925 0.255803
-0.986055 0.056767 0.156437
-0.986055 0.056767 0.156437
-0.983036 0.025192 0.181676
-0.932544 -0.173156 0.316825
0.983272 0.084020 0.161609
0.982686 -0.012294 0.184870
0.973352 -0.084797 0.213061
0.973352 -0.084797 0.213061
0.984390 0.069165 0.161844
0.983272 0.084020 0.161609
-0.088356 0.978988 0.183780
-0.039693 0.980219 0.193896
-0.026294 0.983707 0.177846
-0.026294 0.983707 0.177846
-0.062532 0.983693 0.168634
-0.088356 0.978988 0.183780
0.003121 -0.999972 0.006769
-0.000975 -0.999980 0.006176
0.000513 -0.999997 0.002429
0.000513 -0.999997 0.002429
0.004723 -0.999985 0.002644
0.003121 -0.999972 0.006769
0.036522 -0.006740 -0.999310
0.463771 -0.010801 -0.885889
0.471213 -0.010764 -0.881954
0.471213 -0.010764 -0.881954
0.027295 -0.010365 -0.999574
0.036522 -0.006740 -0.999310
-0.012138 0.999921 -0.003125
-0.053484 0.998097 0.030706
-0.276150 0.954913 0.109006
-0.276150 0.954913 0.109006
-0.198282 0.957227 0.210713
-0.012138 0.999921 -0.003125
-0.053484 0.998097 0.030706
0.000000 1.000000 0.000000
-0.405321 0.913191 -0.042388
-0.405321 0.913191 -0.042388
-0.276150 0.954913 0.109006
-0.053484 0.998097 0.030706
0.048121 -0.998490 0.026495
0.000000 -1.000000 0.000000
0.409671 -0.910910 -0.049124
0.409671 -0.910910 -0.049124
0.287325 -0.952485 0.101078
0.048121 -0.998490 0.026495
0.190522 0.979180 0.070057
0.159102 0.974380 0.158968
-0.000124 1.000000 0.000006
-0.000124 1.000000 0.000006
-0.000605 1.000000 0.000115
0.190522 0.979180 0.070057
-0.394481 -0.000582 -0.918904
0.036522 -0.006740 -0.999310
0.027295 -0.010365 -0.999574
0.027295 -0.010365 -0.999574
-0.430721 -0.016939 -0.902326
-0.394481 -0.000582 -0.918904
-0.008703 0.011677 -0.999894
-0.418792 0.006864 -0.908056
-0.443571 0.013132 -0.896143
-0.443571 0.013132 -0.896143
-0.007375 0.004825 -0.999961
-0.008703 0.011677 -0.999894
0.337590 0.939788 0.053208
0.356304 0.932580 0.057818
0.406890 0.911270 0.063459
0.406890 0.911270 0.063459
0.401152 0.913783 0.063859
0.337590 0.939788 0.053208
0.981940 0.088699 0.167112
0.984263 0.070311 0.162121
0.984441 0.075044 0.158885
0.356304 0.932580 0.057818
0.342831 0.937732 0.055906
0.403832 0.912195 0.069428
0.403832 0.912195 0.069428
0.406890 0.911270 0.063459
0.356304 0.932580 0.057818
0.982448 0.087717 0.164628
0.984263 0.070311 0.162121
0.981940 0.088699 0.167112
0.000000 1.000000 0.000000
0.000000 1.000000 0.000000
-0.000000 1.000000 -0.000000
-0.000001 1.000000 -0.000001
0.000000 1.000000 -0.000001
-0.000000 1.000000 -0.000000
0.000000 1.000000 0.000000
-0.000001 1.000000 -0.000001
-0.000000 1.000000 -0.000000
0.000000 1.000000 0.000000
0.000000 1.000000 0.000000
-0.000000 1.000000 -0.000000
0.000000 1.000000 -0.000001
0.000001 1.000000 -0.000001
-0.000000 1.000000 -0.000000
0.000001 1.000000 -0.000001
0.000000 1.000000 0.000000
-0.000000 1.000000 -0.000000
0.000000 1.000000 0.000000
0.000000 1.000000 0.000000
-0.000000 1.000000 -0.000000
0.000000 1.000000 0.000000
0.000000 1.000000 0.000000
-0.000000 1.000000 -0.000000
0.000000 1.000000 0.000000
0.000000 1.000000 0.000000
-0.000000 1.000000 -0.000000
0.000000 1.000000 0.000000
0.000000 1.000000 0.000000
-0.000000 1.000000 -0.000000
0.000000 1.000000 0.000000
0.000000 1.000000 0.000000
-0.000000 1.000000 -0.000000
0.000000 1.000000 0.000000
0.000000 1.000000 0.000000
-0.000000 1.000000 -0.000000
0.000000 1.000000 0.000000
0.000000 1.000000 0.000000
-0.000000 1.000000 -0.000000
0.000000 1.000000 0.000000
0.000000 1.000000 0.000000
-0.000000 1.000000 -0.000000
-0.000001 -1.000000 -0.000001
0.000000 -1.000000 0.000000
0.000000 -1.000000 -0.000000
0.000000 -1.000000 0.000000
0.000000 -1.000000 0.000000
0.000000 -1.000000 -0.000000
0.000000 -1.000000 -0.000000
-0.000000 -1.000000 -0.000000
0.000000 -1.000000 -0.000000
-0.000000 -1.000000 -0.000000
0.000000 -1.000000 0.000000
0.000000 -1.000000 -0.000000
0.000000 -1.000000 0.000000
0.000000 -1.000000 0.000000
0.000000 -1.000000 -0.000000
-0.000000 -1.000000 -0.000001
-0.000001 -1.000000 -0.000001
0.000000 -1.000000 -0.000000
0.000000 -1.000000 0.000000
0.000001 -1.000000 -0.000000
0.000000 -1.000000 -0.000000
0.000000 -1.000000 0.000000
0.000000 -1.000000 -0.000000
0.000000 -1.000000 -0.000000
0.000000 -1.000000 -0.000000
0.000000 -1.000000 -0.000000
0.000000 -1.000000 -0.000000
0.000000 -1.000000 0.000000
0.000000 -1.000000 0.000000
0.000000 -1.000000 -0.000000
0.000000 -1.000000 0.000000
0.000000 -1.000000 0.000000
0.000000 -1.000000 -0.000000
0.000000 -1.000000 0.000000
0.000000 -1.000000 0.000000
0.000000 -1.000000 -0.000000
0.000000 -1.000000 0.000000
0.000000 -1.000000 0.000000
0.000000 -1.000000 -0.000000
0.000001 -1.000000 -0.000000
-0.000000 -1.000000 -0.000001
0.000000 -1.000000 -0.000000
0.000009 -0.000072 -1.000000
0.000028 0.000000 -1.000000
-0.000001 -0.000000 -1.000000
-0.000002 -0.000001 -1.000000
0.000009 -0.000072 -1.000000
-0.000001 -0.000000 -1.000000
-0.000002 -0.000001 -1.000000
-0.000002 -0.000001 -1.000000
-0.000001 -0.000000 -1.000000
-0.000001 -0.000002 -1.000000
-0.000002 -0.000002 -1.000000
-0.000001 -0.000000 -1.000000
0.000001 -0.000002 -1.000000
-0.000000 -0.000002 -1.000000
-0.000001 -0.000000 -1.000000
0.000002 -0.000002 -1.000000
0.000001 -0.000002 -1.000000
-0.000001 -0.000000 -1.000000
0.000002 -0.000001 -1.000000
0.000002 -0.000002 -1.000000
-0.000001 -0.000000 -1.000000
-0.000045 0.000002 -1.000000
-0.000025 -0.000122 -1.000000
-0.000001 -0.000000 -1.000000
0.000016 0.000073 -1.000000
-0.000002 0.000001 -1.000000
-0.000001 -0.000000 -1.000000
0.000028 0.000000 -1.000000
0.000016 0.000073 -1.000000
-0.000001 -0.000000 -1.000000
-0.000001 0.000002 -1.000000
-0.000001 0.000002 -1.000000
-0.000001 -0.000000 -1.000000
-0.000002 0.000001 -1.000000
-0.000001 0.000002 -1.000000
-0.000001 -0.000000 -1.000000
-0.000002 0.000001 -1.000000
-0.000002 0.000001 -1.000000
-0.000001 -0.000000 -1.000000
0.000001 0.000002 -1.000000
0.000001 0.000002 -1.000000
-0.000001 -0.000000 -1.000000
0.000000 0.000002 -1.000000
0.000001 0.000002 -1.000000
-0.000001 -0.000000 -1.000000
-0.000000 0.000002 -1.000000
0.000000 0.000002 -1.000000
-0.000001 -0.000000 -1.000000
-0.000000 -0.000002 -1.000000
0.000000 -0.000003 -1.000000
-0.000001 -0.000000 -1.000000
-0.000002 -0.000002 -1.000000
-0.000002 -0.000001 -1.000000
-0.000001 -0.000000 -1.000000
0.000000 -0.000003 -1.000000
-0.000000 -0.000002 -1.000000
-0.000001 -0.000000 -1.000000
-0.000000 -0.000002 -1.000000
-0.000001 -0.000002 -1.000000
-0.000001 -0.000000 -1.000000
0.000002 -0.000001 -1.000000
0.000002 -0.000001 -1.000000
-0.000001 -0.000000 -1.000000
-0.000025 -0.000122 -1.000000
0.000002 -0.000001 -1.000000
-0.000001 -0.000000 -1.000000
-0.000017 0.000126 -1.000000
-0.000045 0.000002 -1.000000
-0.000001 -0.000000 -1.000000
0.000002 0.000001 -1.000000
-0.000017 0.000126 -1.000000
-0.000001 -0.000000 -1.000000
0.000002 0.000002 -1.000000
0.000002 0.000001 -1.000000
-0.000001 -0.000000 -1.000000
0.000002 0.000001 -1.000000
0.000002 0.000001 -1.000000
-0.000001 -0.000000 -1.000000
0.000001 0.000002 -1.000000
0.000002 0.000002 -1.000000
-0.000001 -0.000000 -1.000000
-0.000001 0.000002 -1.000000
-0.000000 0.000002 -1.000000
-0.000001 -0.000000 -1.000000
</float_array>
          <technique_common>
            <accessor source="#arm_l_link5-Normal0-array" count="9540" stride="3">
              <param name="X" type="float"/>
              <param name="Y" type="float"/>
              <param name="Z" type="float"/>
            </accessor>
          </technique_common>
        </source>
        <vertices id="arm_l_link5-VERTEX">
          <input semantic="POSITION" source="#arm_l_link5-POSITION"/>
        </vertices>
        <triangles count="3180" material="white">
          <input semantic="VERTEX" offset="0" source="#arm_l_link5-VERTEX"/>
          <input semantic="NORMAL" offset="1" source="#arm_l_link5-Normal0"/>
          <p> 0 0 1 1 2 2 2 3 3 4 0 5 0 6 4 7 5 8 5 9 6 10 0 11 0 12 7 13 8 14 8 15 4 16 0 17 0 18 3 19 9 20 9 21 7 22 0 23 10 24 11 25 12 26 12 27 13 28 10 29 10 30 14 31 15 32 15 33 11 34 10 35 10 36 13 37 16 38 16 39 17 40 10 41 10 42 18 43 19 44 19 45 14 46 10 47 10 48 17 49 20 50 20 51 18 52 10 53 21 54 22 55 23 56 23 57 24 58 21 59 25 60 26 61 22 62 22 63 21 64 25 65 21 66 24 67 27 68 27 69 25 70 21 71 28 72 29 73 30 74 30 75 31 76 28 77 28 78 31 79 32 80 32 81 33 82 28 83 28 84 33 85 34 86 34 87 29 88 28 89 35 90 36 91 37 92 37 93 38 94 35 95 35 96 39 97 40 98 40 99 36 100 35 101 35 102 38 103 41 104 41 105 42 106 35 107 35 108 42 109 43 110 43 111 44 112 35 113 35 114 44 115 45 116 45 117 39 118 35 119 46 120 47 121 48 122 48 123 49 124 46 125 46 126 50 127 51 128 51 129 47 130 46 131 46 132 52 133 53 134 53 135 50 136 46 137 46 138 54 139 55 140 55 141 52 142 46 143 46 144 49 145 56 146 56 147 54 148 46 149 57 150 58 151 59 152 59 153 60 154 57 155 57 156 61 157 62 158 62 159 58 160 57 161 57 162 60 163 63 164 63 165 64 166 57 167 65 168 66 169 67 170 67 171 68 172 65 173 65 174 69 175 70 176 70 177 66 178 65 179 65 180 71 181 72 182 72 183 73 184 65 185 65 186 73 187 74 188 74 189 69 190 65 191 65 192 68 193 75 194 75 195 71 196 65 197 76 198 77 199 78 200 78 201 79 202 76 203 76 204 80 205 81 206 81 207 77 208 76 209 76 210 79 211 82 212 82 213 83 214 76 215 84 216 85 217 86 218 86 219 87 220 84 221 88 222 89 223 85 224 85 225 84 226 88 227 84 228 87 229 90 230 90 231 88 232 84 233 91 234 92 235 93 236 93 237 94 238 91 239 91 240 95 241 96 242 96 243 92 244 91 245 91 246 94 247 97 248 97 249 95 250 91 251 98 252 99 253 100 254 100 255 101 256 98 257 98 258 102 259 103 260 103 261 104 262 98 263 98 264 101 265 105 266 105 267 102 268 98 269 106 270 107 271 108 272 108 273 109 274 106 275 106 276 110 277 111 278 111 279 107 280 106 281 106 282 112 283 113 284 113 285 110 286 106 287 114 288 115 289 116 290 116 291 117 292 114 293 114 294 118 295 119 296 119 297 120 298 114 299 114 300 117 301 121 302 121 303 118 304 114 305 122 306 123 307 124 308 124 309 125 310 122 311 122 312 125 313 126 314 126 315 127 316 122 317 122 318 127 319 128 320 128 321 123 322 122 323 129 324 130 325 131 326 131 327 132 328 129 329 129 330 132 331 133 332 133 333 134 334 129 335 129 336 134 337 135 338 135 339 130 340 129 341 136 342 137 343 138 344 138 345 139 346 136 347 136 348 139 349 140 350 140 351 141 352 136 353 136 354 141 355 142 356 142 357 137 358 136 359 143 360 144 361 145 362 145 363 146 364 143 365 143 366 147 367 148 368 148 369 144 370 143 371 143 372 146 373 149 374 149 375 147 376 143 377 150 378 151 379 152 380 152 381 153 382 150 383 150 384 153 385 154 386 154 387 155 388 150 389 156 390 157 391 158 392 158 393 159 394 156 395 156 396 159 397 160 398 160 399 161 400 156 401 156 402 161 403 162 404 162 405 157 406 156 407 163 408 164 409 165 410 165 411 166 412 163 413 163 414 166 415 167 416 167 417 168 418 163 419 169 420 170 421 171 422 171 423 172 424 169 425 169 426 173 427 174 428 174 429 170 430 169 431 169 432 172 433 175 434 175 435 173 436 169 437 176 438 177 439 178 440 178 441 179 442 176 443 176 444 180 445 181 446 181 447 177 448 176 449 181 450 180 451 182 452 182 453 183 454 181 455 181 456 183 457 184 458 184 459 104 460 181 461 181 462 104 463 103 464 103 465 177 466 181 467 184 468 183 469 185 470 185 471 186 472 184 473 184 474 186 475 187 476 187 477 188 478 184 479 184 480 188 481 98 482 98 483 104 484 184 485 188 486 187 487 189 488 189 489 190 490 188 491 188 492 190 493 99 494 99 495 98 496 188 497 190 498 189 499 191 500 191 501 192 502 190 503 190 504 192 505 193 506 193 507 99 508 190 509 193 510 192 511 194 512 194 513 195 514 193 515 193 516 195 517 196 518 196 519 197 520 193 521 193 522 197 523 100 524 100 525 99 526 193 527 197 528 196 529 198 530 198 531 199 532 197 533 197 534 199 535 200 536 200 537 100 538 197 539 200 540 201 541 101 542 101 543 100 544 200 545 200 546 199 547 202 548 202 549 203 550 200 551 200 552 203 553 204 554 204 555 201 556 200 557 204 558 205 559 206 560 206 561 201 562 204 563 204 564 203 565 207 566 207 567 208 568 204 569 204 570 208 571 209 572 209 573 205 574 204 575 209 576 210 577 211 578 211 579 205 580 209 581 209 582 208 583 212 584 212 585 213 586 209 587 209 588 213 589 214 590 214 591 210 592 209 593 214 594 215 595 216 596 216 597 210 598 214 599 214 600 213 601 217 602 217 603 218 604 214 605 214 606 218 607 219 608 219 609 215 610 214 611 219 612 218 613 220 614 220 615 221 616 219 617 219 618 221 619 222 620 222 621 223 622 219 623 219 624 223 625 224 626 224 627 215 628 219 629 224 630 223 631 225 632 225 633 226 634 224 635 224 636 226 637 227 638 227 639 228 640 224 641 224 642 228 643 216 644 216 645 215 646 224 647 228 648 227 649 229 650 229 651 230 652 228 653 228 654 230 655 231 656 231 657 216 658 228 659 231 660 211 661 210 662 210 663 216 664 231 665 231 666 230 667 232 668 232 669 233 670 231 671 231 672 233 673 234 674 234 675 211 676 231 677 234 678 233 679 235 680 235 681 236 682 234 683 234 684 236 685 105 686 105 687 206 688 234 689 234 690 206 691 205 692 205 693 211 694 234 695 236 696 235 697 237 698 237 699 238 700 236 701 236 702 238 703 102 704 102 705 105 706 236 707 238 708 237 709 239 710 239 711 240 712 238 713 238 714 240 715 103 716 103 717 102 718 238 719 240 720 239 721 241 722 241 723 178 724 240 725 240 726 178 727 177 728 177 729 103 730 240 731 241 732 239 733 242 734 242 735 243 736 241 737 241 738 243 739 244 740 244 741 245 742 241 743 241 744 245 745 179 746 179 747 178 748 241 749 243 750 242 751 246 752 246 753 247 754 243 755 243 756 247 757 248 758 248 759 244 760 243 761 247 762 246 763 249 764 249 765 250 766 247 767 247 768 250 769 251 770 251 771 248 772 247 773 251 774 250 775 152 776 152 777 151 778 251 779 250 780 249 781 252 782 252 783 152 784 250 785 252 786 249 787 253 788 253 789 254 790 252 791 252 792 254 793 42 794 42 795 41 796 252 797 252 798 41 799 153 800 153 801 152 802 252 803 254 804 253 805 255 806 255 807 256 808 254 809 254 810 256 811 43 812 43 813 42 814 254 815 256 816 255 817 257 818 257 819 258 820 256 821 256 822 258 823 259 824 259 825 43 826 256 827 259 828 258 829 260 830 260 831 261 832 259 833 259 834 261 835 262 836 262 837 263 838 259 839 259 840 263 841 44 842 44 843 43 844 259 845 263 846 262 847 264 848 264 849 265 850 263 851 263 852 265 853 45 854 45 855 44 856 263 857 265 858 264 859 266 860 266 861 267 862 265 863 265 864 267 865 268 866 268 867 45 868 265 869 268 870 267 871 269 872 269 873 270 874 268 875 268 876 270 877 271 878 271 879 272 880 268 881 268 882 272 883 39 884 39 885 45 886 268 887 272 888 271 889 273 890 273 891 274 892 272 893 272 894 274 895 40 896 40 897 39 898 272 899 274 900 273 901 275 902 275 903 276 904 274 905 274 906 276 907 277 908 277 909 40 910 274 911 277 912 278 913 36 914 36 915 40 916 277 917 277 918 276 919 191 920 191 921 189 922 277 923 277 924 189 925 187 926 187 927 278 928 277 929 278 930 279 931 37 932 37 933 36 934 278 935 278 936 187 937 186 938 186 939 279 940 278 941 279 942 280 943 281 944 281 945 37 946 279 947 279 948 186 949 185 950 185 951 280 952 279 953 281 954 282 955 155 956 155 957 154 958 281 959 281 960 154 961 38 962 38 963 37 964 281 965 281 966 280 967 283 968 283 969 282 970 281 971 276 972 275 973 284 974 284 975 191 976 276 977 284 978 275 979 285 980 285 981 286 982 284 983 284 984 286 985 287 986 287 987 194 988 284 989 284 990 194 991 192 992 192 993 191 994 284 995 287 996 286 997 288 998 288 999 289 1000 287 1001 287 1002 289 1003 290 1004 290 1005 291 1006 287 1007 287 1008 291 1009 195 1010 195 1011 194 1012 287 1013 291 1014 290 1015 292 1016 292 1017 293 1018 291 1019 291 1020 293 1021 196 1022 196 1023 195 1024 291 1025 293 1026 292 1027 294 1028 294 1029 295 1030 293 1031 293 1032 295 1033 198 1034 198 1035 196 1036 293 1037 295 1038 294 1039 296 1040 296 1041 297 1042 295 1043 295 1044 297 1045 298 1046 298 1047 198 1048 295 1049 298 1050 202 1051 199 1052 199 1053 198 1054 298 1055 298 1056 297 1057 299 1058 299 1059 300 1060 298 1061 298 1062 300 1063 301 1064 301 1065 202 1066 298 1067 301 1068 207 1069 203 1070 203 1071 202 1072 301 1073 301 1074 300 1075 302 1076 302 1077 303 1078 301 1079 301 1080 303 1081 304 1082 304 1083 207 1084 301 1085 304 1086 212 1087 208 1088 208 1089 207 1090 304 1091 304 1092 303 1093 305 1094 305 1095 306 1096 304 1097 304 1098 306 1099 307 1100 307 1101 212 1102 304 1103 307 1104 217 1105 213 1106 213 1107 212 1108 307 1109 307 1110 306 1111 308 1112 308 1113 309 1114 307 1115 307 1116 309 1117 310 1118 310 1119 217 1120 307 1121 310 1122 220 1123 218 1124 218 1125 217 1126 310 1127 310 1128 309 1129 311 1130 311 1131 312 1132 310 1133 310 1134 312 1135 313 1136 313 1137 220 1138 310 1139 313 1140 314 1141 221 1142 221 1143 220 1144 313 1145 313 1146 312 1147 315 1148 315 1149 316 1150 313 1151 313 1152 316 1153 317 1154 317 1155 314 1156 313 1157 317 1158 316 1159 135 1160 135 1161 134 1162 317 1163 317 1164 134 1165 133 1166 133 1167 318 1168 317 1169 317 1170 318 1171 319 1172 319 1173 314 1174 317 1175 319 1176 318 1177 320 1178 320 1179 321 1180 319 1181 319 1182 321 1183 322 1184 322 1185 222 1186 319 1187 319 1188 222 1189 221 1190 221 1191 314 1192 319 1193 322 1194 321 1195 323 1196 323 1197 324 1198 322 1199 322 1200 324 1201 325 1202 325 1203 225 1204 322 1205 322 1206 225 1207 223 1208 223 1209 222 1210 322 1211 325 1212 324 1213 326 1214 326 1215 327 1216 325 1217 325 1218 327 1219 328 1220 328 1221 329 1222 325 1223 325 1224 329 1225 226 1226 226 1227 225 1228 325 1229 329 1230 328 1231 330 1232 330 1233 331 1234 329 1235 329 1236 331 1237 227 1238 227 1239 226 1240 329 1241 331 1242 330 1243 260 1244 260 1245 332 1246 331 1247 331 1248 332 1249 229 1250 229 1251 227 1252 331 1253 332 1254 260 1255 258 1256 258 1257 257 1258 332 1259 332 1260 257 1261 333 1262 333 1263 229 1264 332 1265 333 1266 232 1267 230 1268 230 1269 229 1270 333 1271 333 1272 257 1273 255 1274 255 1275 334 1276 333 1277 333 1278 334 1279 335 1280 335 1281 232 1282 333 1283 335 1284 235 1285 233 1286 233 1287 232 1288 335 1289 335 1290 334 1291 336 1292 336 1293 337 1294 335 1295 335 1296 337 1297 237 1298 237 1299 235 1300 335 1301 337 1302 336 1303 246 1304 246 1305 242 1306 337 1307 337 1308 242 1309 239 1310 239 1311 237 1312 337 1313 336 1314 334 1315 255 1316 255 1317 253 1318 336 1319 336 1320 253 1321 249 1322 249 1323 246 1324 336 1325 330 1326 328 1327 338 1328 338 1329 339 1330 330 1331 330 1332 339 1333 261 1334 261 1335 260 1336 330 1337 339 1338 338 1339 340 1340 340 1341 341 1342 339 1343 339 1344 341 1345 262 1346 262 1347 261 1348 339 1349 341 1350 340 1351 342 1352 342 1353 343 1354 341 1355 341 1356 343 1357 264 1358 264 1359 262 1360 341 1361 343 1362 342 1363 344 1364 344 1365 345 1366 343 1367 343 1368 345 1369 266 1370 266 1371 264 1372 343 1373 345 1374 344 1375 346 1376 346 1377 347 1378 345 1379 345 1380 347 1381 348 1382 348 1383 266 1384 345 1385 348 1386 347 1387 349 1388 349 1389 350 1390 348 1391 348 1392 350 1393 351 1394 351 1395 269 1396 348 1397 348 1398 269 1399 267 1400 267 1401 266 1402 348 1403 351 1404 350 1405 352 1406 352 1407 353 1408 351 1409 351 1410 353 1411 354 1412 354 1413 355 1414 351 1415 351 1416 355 1417 270 1418 270 1419 269 1420 351 1421 355 1422 354 1423 356 1424 356 1425 357 1426 355 1427 355 1428 357 1429 271 1430 271 1431 270 1432 355 1433 357 1434 356 1435 358 1436 358 1437 359 1438 357 1439 357 1440 359 1441 273 1442 273 1443 271 1444 357 1445 359 1446 358 1447 360 1448 360 1449 285 1450 359 1451 359 1452 285 1453 275 1454 275 1455 273 1456 359 1457 360 1458 358 1459 361 1460 361 1461 362 1462 360 1463 360 1464 362 1465 363 1466 363 1467 288 1468 360 1469 360 1470 288 1471 286 1472 286 1473 285 1474 360 1475 363 1476 362 1477 364 1478 364 1479 365 1480 363 1481 363 1482 365 1483 366 1484 366 1485 367 1486 363 1487 363 1488 367 1489 289 1490 289 1491 288 1492 363 1493 367 1494 366 1495 368 1496 368 1497 369 1498 367 1499 367 1500 369 1501 290 1502 290 1503 289 1504 367 1505 369 1506 368 1507 370 1508 370 1509 371 1510 369 1511 369 1512 371 1513 292 1514 292 1515 290 1516 369 1517 371 1518 370 1519 372 1520 372 1521 373 1522 371 1523 371 1524 373 1525 294 1526 294 1527 292 1528 371 1529 373 1530 372 1531 374 1532 374 1533 375 1534 373 1535 373 1536 375 1537 296 1538 296 1539 294 1540 373 1541 375 1542 374 1543 376 1544 376 1545 377 1546 375 1547 375 1548 377 1549 378 1550 378 1551 296 1552 375 1553 378 1554 299 1555 297 1556 297 1557 296 1558 378 1559 378 1560 377 1561 379 1562 379 1563 380 1564 378 1565 378 1566 380 1567 381 1568 381 1569 299 1570 378 1571 381 1572 302 1573 300 1574 300 1575 299 1576 381 1577 381 1578 380 1579 382 1580 382 1581 383 1582 381 1583 381 1584 383 1585 384 1586 384 1587 302 1588 381 1589 384 1590 305 1591 303 1592 303 1593 302 1594 384 1595 384 1596 383 1597 385 1598 385 1599 386 1600 384 1601 384 1602 386 1603 387 1604 387 1605 305 1606 384 1607 387 1608 308 1609 306 1610 306 1611 305 1612 387 1613 387 1614 386 1615 388 1616 388 1617 389 1618 387 1619 387 1620 389 1621 390 1622 390 1623 308 1624 387 1625 390 1626 311 1627 309 1628 309 1629 308 1630 390 1631 390 1632 389 1633 391 1634 391 1635 392 1636 390 1637 390 1638 392 1639 393 1640 393 1641 311 1642 390 1643 393 1644 315 1645 312 1646 312 1647 311 1648 393 1649 393 1650 392 1651 394 1652 394 1653 395 1654 393 1655 393 1656 395 1657 396 1658 396 1659 315 1660 393 1661 396 1662 135 1663 316 1664 316 1665 315 1666 396 1667 396 1668 395 1669 397 1670 397 1671 398 1672 396 1673 396 1674 398 1675 130 1676 130 1677 135 1678 396 1679 398 1680 397 1681 399 1682 399 1683 400 1684 398 1685 398 1686 400 1687 131 1688 131 1689 130 1690 398 1691 400 1692 399 1693 401 1694 401 1695 402 1696 400 1697 400 1698 402 1699 403 1700 403 1701 131 1702 400 1703 403 1704 404 1705 132 1706 132 1707 131 1708 403 1709 403 1710 402 1711 145 1712 145 1713 144 1714 403 1715 403 1716 144 1717 148 1718 148 1719 404 1720 403 1721 404 1722 148 1723 405 1724 405 1725 406 1726 404 1727 404 1728 406 1729 133 1730 133 1731 132 1732 404 1733 406 1734 405 1735 407 1736 407 1737 320 1738 406 1739 406 1740 320 1741 318 1742 318 1743 133 1744 406 1745 407 1746 405 1747 408 1748 408 1749 409 1750 407 1751 407 1752 409 1753 410 1754 410 1755 323 1756 407 1757 407 1758 323 1759 321 1760 321 1761 320 1762 407 1763 410 1764 409 1765 411 1766 411 1767 412 1768 410 1769 410 1770 412 1771 413 1772 413 1773 326 1774 410 1775 410 1776 326 1777 324 1778 324 1779 323 1780 410 1781 413 1782 412 1783 414 1784 414 1785 415 1786 413 1787 413 1788 415 1789 416 1790 416 1791 417 1792 413 1793 413 1794 417 1795 327 1796 327 1797 326 1798 413 1799 417 1800 416 1801 340 1802 340 1803 338 1804 417 1805 417 1806 338 1807 328 1808 328 1809 327 1810 417 1811 416 1812 415 1813 418 1814 418 1815 419 1816 416 1817 416 1818 419 1819 342 1820 342 1821 340 1822 416 1823 419 1824 418 1825 420 1826 420 1827 421 1828 419 1829 419 1830 421 1831 344 1832 344 1833 342 1834 419 1835 421 1836 420 1837 422 1838 422 1839 423 1840 421 1841 421 1842 423 1843 346 1844 346 1845 344 1846 421 1847 423 1848 422 1849 424 1850 424 1851 425 1852 423 1853 423 1854 425 1855 426 1856 426 1857 346 1858 423 1859 426 1860 425 1861 427 1862 427 1863 428 1864 426 1865 426 1866 428 1867 429 1868 429 1869 349 1870 426 1871 426 1872 349 1873 347 1874 347 1875 346 1876 426 1877 429 1878 428 1879 430 1880 430 1881 431 1882 429 1883 429 1884 431 1885 432 1886 432 1887 352 1888 429 1889 429 1890 352 1891 350 1892 350 1893 349 1894 429 1895 432 1896 431 1897 433 1898 433 1899 434 1900 432 1901 432 1902 434 1903 435 1904 435 1905 436 1906 432 1907 432 1908 436 1909 353 1910 353 1911 352 1912 432 1913 436 1914 435 1915 437 1916 437 1917 438 1918 436 1919 436 1920 438 1921 354 1922 354 1923 353 1924 436 1925 438 1926 437 1927 439 1928 439 1929 440 1930 438 1931 438 1932 440 1933 356 1934 356 1935 354 1936 438 1937 440 1938 439 1939 441 1940 441 1941 361 1942 440 1943 440 1944 361 1945 358 1946 358 1947 356 1948 440 1949 441 1950 439 1951 442 1952 442 1953 443 1954 441 1955 441 1956 443 1957 444 1958 444 1959 364 1960 441 1961 441 1962 364 1963 362 1964 362 1965 361 1966 441 1967 444 1968 443 1969 445 1970 445 1971 446 1972 444 1973 444 1974 446 1975 447 1976 447 1977 448 1978 444 1979 444 1980 448 1981 365 1982 365 1983 364 1984 444 1985 448 1986 447 1987 449 1988 449 1989 450 1990 448 1991 448 1992 450 1993 366 1994 366 1995 365 1996 448 1997 450 1998 449 1999 451 2000 451 2001 452 2002 450 2003 450 2004 452 2005 368 2006 368 2007 366 2008 450 2009 452 2010 451 2011 453 2012 453 2013 454 2014 452 2015 452 2016 454 2017 370 2018 370 2019 368 2020 452 2021 454 2022 453 2023 455 2024 455 2025 456 2026 454 2027 454 2028 456 2029 372 2030 372 2031 370 2032 454 2033 456 2034 455 2035 457 2036 457 2037 458 2038 456 2039 456 2040 458 2041 374 2042 374 2043 372 2044 456 2045 458 2046 457 2047 459 2048 459 2049 460 2050 458 2051 458 2052 460 2053 376 2054 376 2055 374 2056 458 2057 460 2058 459 2059 461 2060 461 2061 462 2062 460 2063 460 2064 462 2065 463 2066 463 2067 376 2068 460 2069 463 2070 379 2071 377 2072 377 2073 376 2074 463 2075 463 2076 462 2077 464 2078 464 2079 465 2080 463 2081 463 2082 465 2083 466 2084 466 2085 379 2086 463 2087 466 2088 382 2089 380 2090 380 2091 379 2092 466 2093 466 2094 465 2095 467 2096 467 2097 468 2098 466 2099 466 2100 468 2101 469 2102 469 2103 382 2104 466 2105 469 2106 385 2107 383 2108 383 2109 382 2110 469 2111 469 2112 468 2113 470 2114 470 2115 471 2116 469 2117 469 2118 471 2119 472 2120 472 2121 385 2122 469 2123 472 2124 388 2125 386 2126 386 2127 385 2128 472 2129 472 2130 471 2131 473 2132 473 2133 474 2134 472 2135 472 2136 474 2137 475 2138 475 2139 388 2140 472 2141 475 2142 391 2143 389 2144 389 2145 388 2146 475 2147 475 2148 474 2149 476 2150 476 2151 477 2152 475 2153 475 2154 477 2155 478 2156 478 2157 391 2158 475 2159 478 2160 394 2161 392 2162 392 2163 391 2164 478 2165 478 2166 477 2167 479 2168 479 2169 480 2170 478 2171 478 2172 480 2173 481 2174 481 2175 394 2176 478 2177 481 2178 397 2179 395 2180 395 2181 394 2182 481 2183 481 2184 480 2185 482 2186 482 2187 483 2188 481 2189 481 2190 483 2191 399 2192 399 2193 397 2194 481 2195 483 2196 482 2197 484 2198 484 2199 485 2200 483 2201 483 2202 485 2203 401 2204 401 2205 399 2206 483 2207 485 2208 484 2209 486 2210 486 2211 487 2212 485 2213 485 2214 487 2215 488 2216 488 2217 401 2218 485 2219 488 2220 145 2221 402 2222 402 2223 401 2224 488 2225 488 2226 487 2227 489 2228 489 2229 490 2230 488 2231 488 2232 490 2233 146 2234 146 2235 145 2236 488 2237 490 2238 489 2239 491 2240 491 2241 492 2242 490 2243 490 2244 492 2245 149 2246 149 2247 146 2248 490 2249 492 2250 491 2251 493 2252 493 2253 494 2254 492 2255 492 2256 494 2257 495 2258 495 2259 149 2260 492 2261 495 2262 408 2263 147 2264 147 2265 149 2266 495 2267 495 2268 494 2269 496 2270 496 2271 411 2272 495 2273 495 2274 411 2275 409 2276 409 2277 408 2278 495 2279 496 2280 494 2281 493 2282 493 2283 497 2284 496 2285 496 2286 497 2287 498 2288 498 2289 414 2290 496 2291 496 2292 414 2293 412 2294 412 2295 411 2296 496 2297 498 2298 497 2299 499 2300 499 2301 500 2302 498 2303 498 2304 500 2305 420 2306 420 2307 418 2308 498 2309 498 2310 418 2311 415 2312 415 2313 414 2314 498 2315 500 2316 499 2317 501 2318 501 2319 502 2320 500 2321 500 2322 502 2323 422 2324 422 2325 420 2326 500 2327 502 2328 501 2329 503 2330 503 2331 504 2332 502 2333 502 2334 504 2335 424 2336 424 2337 422 2338 502 2339 504 2340 503 2341 505 2342 505 2343 506 2344 504 2345 504 2346 506 2347 507 2348 507 2349 424 2350 504 2351 507 2352 506 2353 508 2354 508 2355 509 2356 507 2357 507 2358 509 2359 510 2360 510 2361 427 2362 507 2363 507 2364 427 2365 425 2366 425 2367 424 2368 507 2369 510 2370 509 2371 511 2372 511 2373 512 2374 510 2375 510 2376 512 2377 513 2378 513 2379 430 2380 510 2381 510 2382 430 2383 428 2384 428 2385 427 2386 510 2387 513 2388 512 2389 514 2390 514 2391 515 2392 513 2393 513 2394 515 2395 516 2396 516 2397 433 2398 513 2399 513 2400 433 2401 431 2402 431 2403 430 2404 513 2405 516 2406 515 2407 517 2408 517 2409 518 2410 516 2411 516 2412 518 2413 519 2414 519 2415 520 2416 516 2417 516 2418 520 2419 434 2420 434 2421 433 2422 516 2423 520 2424 519 2425 521 2426 521 2427 522 2428 520 2429 520 2430 522 2431 435 2432 435 2433 434 2434 520 2435 522 2436 521 2437 523 2438 523 2439 524 2440 522 2441 522 2442 524 2443 437 2444 437 2445 435 2446 522 2447 524 2448 523 2449 525 2450 525 2451 442 2452 524 2453 524 2454 442 2455 439 2456 439 2457 437 2458 524 2459 525 2460 523 2461 526 2462 526 2463 527 2464 525 2465 525 2466 527 2467 528 2468 528 2469 445 2470 525 2471 525 2472 445 2473 443 2474 443 2475 442 2476 525 2477 528 2478 527 2479 529 2480 529 2481 530 2482 528 2483 528 2484 530 2485 531 2486 531 2487 532 2488 528 2489 528 2490 532 2491 446 2492 446 2493 445 2494 528 2495 532 2496 531 2497 533 2498 533 2499 534 2500 532 2501 532 2502 534 2503 447 2504 447 2505 446 2506 532 2507 534 2508 533 2509 535 2510 535 2511 536 2512 534 2513 534 2514 536 2515 449 2516 449 2517 447 2518 534 2519 536 2520 535 2521 537 2522 537 2523 538 2524 536 2525 536 2526 538 2527 451 2528 451 2529 449 2530 536 2531 538 2532 537 2533 539 2534 539 2535 540 2536 538 2537 538 2538 540 2539 453 2540 453 2541 451 2542 538 2543 540 2544 539 2545 541 2546 541 2547 542 2548 540 2549 540 2550 542 2551 455 2552 455 2553 453 2554 540 2555 542 2556 541 2557 543 2558 543 2559 544 2560 542 2561 542 2562 544 2563 457 2564 457 2565 455 2566 542 2567 544 2568 543 2569 545 2570 545 2571 546 2572 544 2573 544 2574 546 2575 459 2576 459 2577 457 2578 544 2579 546 2580 545 2581 547 2582 547 2583 548 2584 546 2585 546 2586 548 2587 461 2588 461 2589 459 2590 546 2591 548 2592 547 2593 549 2594 549 2595 550 2596 548 2597 548 2598 550 2599 551 2600 551 2601 461 2602 548 2603 551 2604 464 2605 462 2606 462 2607 461 2608 551 2609 551 2610 550 2611 111 2612 111 2613 110 2614 551 2615 551 2616 110 2617 113 2618 113 2619 464 2620 551 2621 550 2622 549 2623 552 2624 552 2625 111 2626 550 2627 552 2628 549 2629 553 2630 553 2631 554 2632 552 2633 552 2634 554 2635 555 2636 555 2637 556 2638 552 2639 552 2640 556 2641 107 2642 107 2643 111 2644 552 2645 556 2646 555 2647 557 2648 557 2649 558 2650 556 2651 556 2652 558 2653 108 2654 108 2655 107 2656 556 2657 558 2658 557 2659 559 2660 559 2661 560 2662 558 2663 558 2664 560 2665 561 2666 561 2667 108 2668 558 2669 561 2670 562 2671 109 2672 109 2673 108 2674 561 2675 561 2676 560 2677 563 2678 563 2679 564 2680 561 2681 561 2682 564 2683 565 2684 565 2685 562 2686 561 2687 565 2688 566 2689 567 2690 567 2691 562 2692 565 2693 565 2694 564 2695 568 2696 568 2697 569 2698 565 2699 565 2700 569 2701 570 2702 570 2703 566 2704 565 2705 570 2706 569 2707 571 2708 571 2709 572 2710 570 2711 570 2712 572 2713 573 2714 573 2715 574 2716 570 2717 570 2718 574 2719 575 2720 575 2721 566 2722 570 2723 575 2724 576 2725 567 2726 567 2727 566 2728 575 2729 575 2730 574 2731 577 2732 577 2733 578 2734 575 2735 575 2736 578 2737 579 2738 579 2739 576 2740 575 2741 579 2742 580 2743 581 2744 581 2745 576 2746 579 2747 579 2748 578 2749 582 2750 582 2751 583 2752 579 2753 579 2754 583 2755 584 2756 584 2757 580 2758 579 2759 584 2760 585 2761 586 2762 586 2763 580 2764 584 2765 584 2766 583 2767 587 2768 587 2769 588 2770 584 2771 584 2772 588 2773 589 2774 589 2775 585 2776 584 2777 589 2778 590 2779 591 2780 591 2781 585 2782 589 2783 589 2784 588 2785 592 2786 592 2787 593 2788 589 2789 589 2790 593 2791 594 2792 594 2793 590 2794 589 2795 594 2796 595 2797 596 2798 596 2799 590 2800 594 2801 594 2802 593 2803 597 2804 597 2805 598 2806 594 2807 594 2808 598 2809 599 2810 599 2811 595 2812 594 2813 599 2814 600 2815 601 2816 601 2817 595 2818 599 2819 599 2820 598 2821 602 2822 602 2823 603 2824 599 2825 599 2826 603 2827 604 2828 604 2829 600 2830 599 2831 604 2832 605 2833 606 2834 606 2835 600 2836 604 2837 604 2838 603 2839 607 2840 607 2841 608 2842 604 2843 604 2844 608 2845 609 2846 609 2847 605 2848 604 2849 609 2850 610 2851 611 2852 611 2853 605 2854 609 2855 609 2856 608 2857 612 2858 612 2859 505 2860 609 2861 609 2862 505 2863 503 2864 503 2865 610 2866 609 2867 612 2868 608 2869 607 2870 607 2871 613 2872 612 2873 612 2874 613 2875 614 2876 614 2877 508 2878 612 2879 612 2880 508 2881 506 2882 506 2883 505 2884 612 2885 614 2886 613 2887 615 2888 615 2889 616 2890 614 2891 614 2892 616 2893 617 2894 617 2895 511 2896 614 2897 614 2898 511 2899 509 2900 509 2901 508 2902 614 2903 617 2904 616 2905 48 2906 48 2907 47 2908 617 2909 617 2910 47 2911 51 2912 51 2913 514 2914 617 2915 617 2916 514 2917 512 2918 512 2919 511 2920 617 2921 616 2922 615 2923 618 2924 618 2925 48 2926 616 2927 618 2928 615 2929 619 2930 619 2931 620 2932 618 2933 618 2934 620 2935 621 2936 621 2937 622 2938 618 2939 618 2940 622 2941 49 2942 49 2943 48 2944 618 2945 622 2946 621 2947 623 2948 623 2949 624 2950 622 2951 622 2952 624 2953 56 2954 56 2955 49 2956 622 2957 624 2958 623 2959 625 2960 625 2961 626 2962 624 2963 624 2964 626 2965 627 2966 627 2967 56 2968 624 2969 627 2970 626 2971 628 2972 628 2973 629 2974 627 2975 627 2976 629 2977 630 2978 630 2979 631 2980 627 2981 627 2982 631 2983 54 2984 54 2985 56 2986 627 2987 631 2988 630 2989 632 2990 632 2991 633 2992 631 2993 631 2994 633 2995 55 2996 55 2997 54 2998 631 2999 633 3000 632 3001 634 3002 634 3003 635 3004 633 3005 633 3006 635 3007 636 3008 636 3009 55 3010 633 3011 636 3012 635 3013 637 3014 637 3015 638 3016 636 3017 636 3018 638 3019 639 3020 639 3021 640 3022 636 3023 636 3024 640 3025 52 3026 52 3027 55 3028 636 3029 640 3030 639 3031 641 3032 641 3033 642 3034 640 3035 640 3036 642 3037 53 3038 53 3039 52 3040 640 3041 642 3042 641 3043 643 3044 643 3045 644 3046 642 3047 642 3048 644 3049 645 3050 645 3051 53 3052 642 3053 645 3054 646 3055 50 3056 50 3057 53 3058 645 3059 645 3060 644 3061 647 3062 647 3063 648 3064 645 3065 645 3066 648 3067 649 3068 649 3069 646 3070 645 3071 649 3072 518 3073 517 3074 517 3075 646 3076 649 3077 649 3078 648 3079 650 3080 650 3081 651 3082 649 3083 649 3084 651 3085 519 3086 519 3087 518 3088 649 3089 651 3090 650 3091 652 3092 652 3093 653 3094 651 3095 651 3096 653 3097 521 3098 521 3099 519 3100 651 3101 653 3102 652 3103 654 3104 654 3105 526 3106 653 3107 653 3108 526 3109 523 3110 523 3111 521 3112 653 3113 654 3114 652 3115 655 3116 655 3117 656 3118 654 3119 654 3120 656 3121 657 3122 657 3123 529 3124 654 3125 654 3126 529 3127 527 3128 527 3129 526 3130 654 3131 657 3132 656 3133 658 3134 658 3135 659 3136 657 3137 657 3138 659 3139 660 3140 660 3141 661 3142 657 3143 657 3144 661 3145 530 3146 530 3147 529 3148 657 3149 661 3150 660 3151 662 3152 662 3153 663 3154 661 3155 661 3156 663 3157 531 3158 531 3159 530 3160 661 3161 663 3162 662 3163 664 3164 664 3165 665 3166 663 3167 663 3168 665 3169 533 3170 533 3171 531 3172 663 3173 665 3174 664 3175 666 3176 666 3177 667 3178 665 3179 665 3180 667 3181 535 3182 535 3183 533 3184 665 3185 667 3186 666 3187 668 3188 668 3189 669 3190 667 3191 667 3192 669 3193 537 3194 537 3195 535 3196 667 3197 669 3198 668 3199 670 3200 670 3201 671 3202 669 3203 669 3204 671 3205 539 3206 539 3207 537 3208 669 3209 671 3210 670 3211 672 3212 672 3213 673 3214 671 3215 671 3216 673 3217 541 3218 541 3219 539 3220 671 3221 673 3222 672 3223 674 3224 674 3225 675 3226 673 3227 673 3228 675 3229 543 3230 543 3231 541 3232 673 3233 675 3234 674 3235 676 3236 676 3237 677 3238 675 3239 675 3240 677 3241 545 3242 545 3243 543 3244 675 3245 677 3246 676 3247 678 3248 678 3249 679 3250 677 3251 677 3252 679 3253 547 3254 547 3255 545 3256 677 3257 679 3258 678 3259 680 3260 680 3261 553 3262 679 3263 679 3264 553 3265 549 3266 549 3267 547 3268 679 3269 680 3270 678 3271 681 3272 681 3273 682 3274 680 3275 680 3276 682 3277 683 3278 683 3279 684 3280 680 3281 680 3282 684 3283 554 3284 554 3285 553 3286 680 3287 684 3288 683 3289 685 3290 685 3291 686 3292 684 3293 684 3294 686 3295 555 3296 555 3297 554 3298 684 3299 686 3300 685 3301 687 3302 687 3303 688 3304 686 3305 686 3306 688 3307 557 3308 557 3309 555 3310 686 3311 688 3312 687 3313 689 3314 689 3315 690 3316 688 3317 688 3318 690 3319 559 3320 559 3321 557 3322 688 3323 690 3324 689 3325 691 3326 691 3327 692 3328 690 3329 690 3330 692 3331 693 3332 693 3333 559 3334 690 3335 693 3336 563 3337 560 3338 560 3339 559 3340 693 3341 693 3342 692 3343 694 3344 694 3345 695 3346 693 3347 693 3348 695 3349 696 3350 696 3351 563 3352 693 3353 696 3354 568 3355 564 3356 564 3357 563 3358 696 3359 696 3360 695 3361 697 3362 697 3363 698 3364 696 3365 696 3366 698 3367 699 3368 699 3369 568 3370 696 3371 699 3372 571 3373 569 3374 569 3375 568 3376 699 3377 699 3378 698 3379 118 3380 118 3381 121 3382 699 3383 699 3384 121 3385 700 3386 700 3387 571 3388 699 3389 700 3390 701 3391 572 3392 572 3393 571 3394 700 3395 700 3396 121 3397 117 3398 117 3399 702 3400 700 3401 700 3402 702 3403 703 3404 703 3405 701 3406 700 3407 703 3408 702 3409 704 3410 704 3411 705 3412 703 3413 703 3414 705 3415 124 3416 124 3417 706 3418 703 3419 703 3420 706 3421 707 3422 707 3423 701 3424 703 3425 707 3426 573 3427 572 3428 572 3429 701 3430 707 3431 707 3432 706 3433 708 3434 708 3435 709 3436 707 3437 707 3438 709 3439 710 3440 710 3441 573 3442 707 3443 710 3444 577 3445 574 3446 574 3447 573 3448 710 3449 710 3450 709 3451 711 3452 711 3453 712 3454 710 3455 710 3456 712 3457 713 3458 713 3459 577 3460 710 3461 713 3462 582 3463 578 3464 578 3465 577 3466 713 3467 713 3468 712 3469 714 3470 714 3471 715 3472 713 3473 713 3474 715 3475 716 3476 716 3477 582 3478 713 3479 716 3480 587 3481 583 3482 583 3483 582 3484 716 3485 716 3486 715 3487 717 3488 717 3489 718 3490 716 3491 716 3492 718 3493 719 3494 719 3495 587 3496 716 3497 719 3498 592 3499 588 3500 588 3501 587 3502 719 3503 719 3504 718 3505 720 3506 720 3507 721 3508 719 3509 719 3510 721 3511 722 3512 722 3513 592 3514 719 3515 722 3516 597 3517 593 3518 593 3519 592 3520 722 3521 722 3522 721 3523 723 3524 723 3525 724 3526 722 3527 722 3528 724 3529 725 3530 725 3531 597 3532 722 3533 725 3534 602 3535 598 3536 598 3537 597 3538 725 3539 725 3540 724 3541 621 3542 621 3543 620 3544 725 3545 725 3546 620 3547 619 3548 619 3549 602 3550 725 3551 724 3552 723 3553 623 3554 623 3555 621 3556 724 3557 723 3558 721 3559 720 3560 720 3561 726 3562 723 3563 723 3564 726 3565 625 3566 625 3567 623 3568 723 3569 726 3570 720 3571 727 3572 727 3573 728 3574 726 3575 726 3576 728 3577 729 3578 729 3579 625 3580 726 3581 729 3582 728 3583 730 3584 730 3585 731 3586 729 3587 729 3588 731 3589 732 3590 732 3591 628 3592 729 3593 729 3594 628 3595 626 3596 626 3597 625 3598 729 3599 732 3600 731 3601 733 3602 733 3603 734 3604 732 3605 732 3606 734 3607 735 3608 735 3609 736 3610 732 3611 732 3612 736 3613 629 3614 629 3615 628 3616 732 3617 736 3618 735 3619 737 3620 737 3621 738 3622 736 3623 736 3624 738 3625 630 3626 630 3627 629 3628 736 3629 738 3630 737 3631 739 3632 739 3633 740 3634 738 3635 738 3636 740 3637 632 3638 632 3639 630 3640 738 3641 740 3642 739 3643 741 3644 741 3645 742 3646 740 3647 740 3648 742 3649 634 3650 634 3651 632 3652 740 3653 742 3654 741 3655 743 3656 743 3657 744 3658 742 3659 742 3660 744 3661 745 3662 745 3663 634 3664 742 3665 745 3666 744 3667 746 3668 746 3669 747 3670 745 3671 745 3672 747 3673 748 3674 748 3675 637 3676 745 3677 745 3678 637 3679 635 3680 635 3681 634 3682 745 3683 748 3684 747 3685 749 3686 749 3687 750 3688 748 3689 748 3690 750 3691 751 3692 751 3693 752 3694 748 3695 748 3696 752 3697 638 3698 638 3699 637 3700 748 3701 752 3702 751 3703 753 3704 753 3705 754 3706 752 3707 752 3708 754 3709 639 3710 639 3711 638 3712 752 3713 754 3714 753 3715 755 3716 755 3717 756 3718 754 3719 754 3720 756 3721 641 3722 641 3723 639 3724 754 3725 756 3726 755 3727 757 3728 757 3729 758 3730 756 3731 756 3732 758 3733 643 3734 643 3735 641 3736 756 3737 758 3738 757 3739 759 3740 759 3741 760 3742 758 3743 758 3744 760 3745 761 3746 761 3747 643 3748 758 3749 761 3750 647 3751 644 3752 644 3753 643 3754 761 3755 761 3756 760 3757 762 3758 762 3759 763 3760 761 3761 761 3762 763 3763 764 3764 764 3765 647 3766 761 3767 764 3768 650 3769 648 3770 648 3771 647 3772 764 3773 764 3774 763 3775 765 3776 765 3777 655 3778 764 3779 764 3780 655 3781 652 3782 652 3783 650 3784 764 3785 765 3786 763 3787 762 3788 762 3789 766 3790 765 3791 765 3792 766 3793 767 3794 767 3795 658 3796 765 3797 765 3798 658 3799 656 3800 656 3801 655 3802 765 3803 767 3804 766 3805 768 3806 768 3807 769 3808 767 3809 767 3810 769 3811 770 3812 770 3813 771 3814 767 3815 767 3816 771 3817 659 3818 659 3819 658 3820 767 3821 771 3822 770 3823 772 3824 772 3825 773 3826 771 3827 771 3828 773 3829 660 3830 660 3831 659 3832 771 3833 773 3834 772 3835 774 3836 774 3837 775 3838 773 3839 773 3840 775 3841 662 3842 662 3843 660 3844 773 3845 775 3846 774 3847 776 3848 776 3849 777 3850 775 3851 775 3852 777 3853 664 3854 664 3855 662 3856 775 3857 777 3858 776 3859 778 3860 778 3861 779 3862 777 3863 777 3864 779 3865 666 3866 666 3867 664 3868 777 3869 779 3870 778 3871 780 3872 780 3873 781 3874 779 3875 779 3876 781 3877 668 3878 668 3879 666 3880 779 3881 781 3882 780 3883 782 3884 782 3885 783 3886 781 3887 781 3888 783 3889 670 3890 670 3891 668 3892 781 3893 783 3894 782 3895 784 3896 784 3897 785 3898 783 3899 783 3900 785 3901 672 3902 672 3903 670 3904 783 3905 785 3906 784 3907 786 3908 786 3909 787 3910 785 3911 785 3912 787 3913 674 3914 674 3915 672 3916 785 3917 787 3918 786 3919 788 3920 788 3921 789 3922 787 3923 787 3924 789 3925 676 3926 676 3927 674 3928 787 3929 789 3930 788 3931 790 3932 790 3933 681 3934 789 3935 789 3936 681 3937 678 3938 678 3939 676 3940 789 3941 790 3942 788 3943 791 3944 791 3945 792 3946 790 3947 790 3948 792 3949 793 3950 793 3951 794 3952 790 3953 790 3954 794 3955 682 3956 682 3957 681 3958 790 3959 794 3960 793 3961 795 3962 795 3963 796 3964 794 3965 794 3966 796 3967 683 3968 683 3969 682 3970 794 3971 796 3972 795 3973 797 3974 797 3975 798 3976 796 3977 796 3978 798 3979 685 3980 685 3981 683 3982 796 3983 798 3984 797 3985 799 3986 799 3987 800 3988 798 3989 798 3990 800 3991 687 3992 687 3993 685 3994 798 3995 800 3996 799 3997 801 3998 801 3999 802 4000 800 4001 800 4002 802 4003 689 4004 689 4005 687 4006 800 4007 802 4008 801 4009 803 4010 803 4011 804 4012 802 4013 802 4014 804 4015 691 4016 691 4017 689 4018 802 4019 804 4020 803 4021 805 4022 805 4023 806 4024 804 4025 804 4026 806 4027 807 4028 807 4029 691 4030 804 4031 807 4032 694 4033 692 4034 692 4035 691 4036 807 4037 807 4038 806 4039 808 4040 808 4041 809 4042 807 4043 807 4044 809 4045 810 4046 810 4047 694 4048 807 4049 810 4050 697 4051 695 4052 695 4053 694 4054 810 4055 810 4056 809 4057 811 4058 811 4059 812 4060 810 4061 810 4062 812 4063 119 4064 119 4065 697 4066 810 4067 812 4068 811 4069 813 4070 813 4071 814 4072 812 4073 812 4074 814 4075 120 4076 120 4077 119 4078 812 4079 814 4080 813 4081 815 4082 815 4083 816 4084 814 4085 814 4086 816 4087 817 4088 817 4089 120 4090 814 4091 817 4092 818 4093 114 4094 114 4095 120 4096 817 4097 819 4098 820 4099 821 4100 821 4101 822 4102 819 4103 819 4104 822 4105 115 4106 115 4107 823 4108 819 4109 822 4110 821 4111 824 4112 824 4113 825 4114 822 4115 822 4116 825 4117 116 4118 116 4119 115 4120 822 4121 825 4122 824 4123 826 4124 826 4125 827 4126 825 4127 825 4128 827 4129 704 4130 704 4131 116 4132 825 4133 827 4134 826 4135 828 4136 828 4137 829 4138 827 4139 827 4140 829 4141 705 4142 705 4143 704 4144 827 4145 829 4146 828 4147 126 4148 126 4149 125 4150 829 4151 829 4152 125 4153 124 4154 124 4155 705 4156 829 4157 828 4158 830 4159 831 4160 831 4161 126 4162 828 4163 828 4164 826 4165 832 4166 832 4167 830 4168 828 4169 832 4170 833 4171 834 4172 834 4173 830 4174 832 4175 832 4176 826 4177 824 4178 824 4179 835 4180 832 4181 832 4182 835 4183 836 4184 836 4185 833 4186 832 4187 836 4188 837 4189 838 4190 838 4191 833 4192 836 4193 836 4194 835 4195 839 4196 839 4197 840 4198 836 4199 836 4200 840 4201 841 4202 841 4203 837 4204 836 4205 841 4206 64 4207 63 4208 63 4209 837 4210 841 4211 841 4212 840 4213 842 4214 842 4215 843 4216 841 4217 841 4218 843 4219 844 4220 844 4221 64 4222 841 4223 844 4224 845 4225 57 4226 57 4227 64 4228 844 4229 846 4230 847 4231 848 4232 848 4233 61 4234 846 4235 846 4236 61 4237 57 4238 57 4239 845 4240 846 4241 848 4242 847 4243 849 4244 849 4245 850 4246 848 4247 848 4248 850 4249 851 4250 851 4251 852 4252 848 4253 848 4254 852 4255 62 4256 62 4257 61 4258 848 4259 852 4260 851 4261 853 4262 853 4263 743 4264 852 4265 852 4266 743 4267 741 4268 741 4269 62 4270 852 4271 853 4272 851 4273 854 4274 854 4275 855 4276 853 4277 853 4278 855 4279 856 4280 856 4281 746 4282 853 4283 853 4284 746 4285 744 4286 744 4287 743 4288 853 4289 856 4290 855 4291 857 4292 857 4293 858 4294 856 4295 856 4296 858 4297 859 4298 859 4299 749 4300 856 4301 856 4302 749 4303 747 4304 747 4305 746 4306 856 4307 859 4308 858 4309 860 4310 860 4311 861 4312 859 4313 859 4314 861 4315 862 4316 862 4317 863 4318 859 4319 859 4320 863 4321 750 4322 750 4323 749 4324 859 4325 863 4326 862 4327 864 4328 864 4329 865 4330 863 4331 863 4332 865 4333 751 4334 751 4335 750 4336 863 4337 865 4338 864 4339 866 4340 866 4341 867 4342 865 4343 865 4344 867 4345 753 4346 753 4347 751 4348 865 4349 867 4350 866 4351 868 4352 868 4353 869 4354 867 4355 867 4356 869 4357 755 4358 755 4359 753 4360 867 4361 869 4362 868 4363 870 4364 870 4365 871 4366 869 4367 869 4368 871 4369 757 4370 757 4371 755 4372 869 4373 871 4374 870 4375 872 4376 872 4377 873 4378 871 4379 871 4380 873 4381 759 4382 759 4383 757 4384 871 4385 873 4386 872 4387 874 4388 874 4389 875 4390 873 4391 873 4392 875 4393 876 4394 876 4395 759 4396 873 4397 876 4398 762 4399 760 4400 760 4401 759 4402 876 4403 876 4404 875 4405 877 4406 877 4407 768 4408 876 4409 876 4410 768 4411 766 4412 766 4413 762 4414 876 4415 877 4416 875 4417 874 4418 874 4419 878 4420 877 4421 877 4422 878 4423 879 4424 879 4425 880 4426 877 4427 877 4428 880 4429 769 4430 769 4431 768 4432 877 4433 880 4434 879 4435 881 4436 881 4437 882 4438 880 4439 880 4440 882 4441 770 4442 770 4443 769 4444 880 4445 882 4446 881 4447 883 4448 883 4449 884 4450 882 4451 882 4452 884 4453 772 4454 772 4455 770 4456 882 4457 884 4458 883 4459 885 4460 885 4461 886 4462 884 4463 884 4464 886 4465 774 4466 774 4467 772 4468 884 4469 886 4470 885 4471 887 4472 887 4473 888 4474 886 4475 886 4476 888 4477 776 4478 776 4479 774 4480 886 4481 888 4482 887 4483 889 4484 889 4485 890 4486 888 4487 888 4488 890 4489 778 4490 778 4491 776 4492 888 4493 890 4494 889 4495 891 4496 891 4497 892 4498 890 4499 890 4500 892 4501 780 4502 780 4503 778 4504 890 4505 892 4506 891 4507 893 4508 893 4509 894 4510 892 4511 892 4512 894 4513 782 4514 782 4515 780 4516 892 4517 894 4518 893 4519 895 4520 895 4521 896 4522 894 4523 894 4524 896 4525 784 4526 784 4527 782 4528 894 4529 896 4530 895 4531 897 4532 897 4533 898 4534 896 4535 896 4536 898 4537 786 4538 786 4539 784 4540 896 4541 898 4542 897 4543 899 4544 899 4545 791 4546 898 4547 898 4548 791 4549 788 4550 788 4551 786 4552 898 4553 899 4554 897 4555 900 4556 900 4557 901 4558 899 4559 899 4560 901 4561 902 4562 902 4563 903 4564 899 4565 899 4566 903 4567 792 4568 792 4569 791 4570 899 4571 903 4572 902 4573 904 4574 904 4575 905 4576 903 4577 903 4578 905 4579 793 4580 793 4581 792 4582 903 4583 905 4584 904 4585 80 4586 80 4587 906 4588 905 4589 905 4590 906 4591 795 4592 795 4593 793 4594 905 4595 906 4596 80 4597 76 4598 76 4599 907 4600 906 4601 906 4602 907 4603 797 4604 797 4605 795 4606 906 4607 907 4608 76 4609 83 4610 83 4611 908 4612 907 4613 907 4614 908 4615 799 4616 799 4617 797 4618 907 4619 908 4620 83 4621 909 4622 909 4623 910 4624 908 4625 908 4626 910 4627 801 4628 801 4629 799 4630 908 4631 910 4632 909 4633 911 4634 911 4635 912 4636 910 4637 910 4638 912 4639 803 4640 803 4641 801 4642 910 4643 912 4644 911 4645 913 4646 913 4647 914 4648 912 4649 912 4650 914 4651 805 4652 805 4653 803 4654 912 4655 914 4656 913 4657 915 4658 915 4659 916 4660 914 4661 914 4662 916 4663 917 4664 917 4665 805 4666 914 4667 917 4668 808 4669 806 4670 806 4671 805 4672 917 4673 917 4674 916 4675 85 4676 85 4677 89 4678 917 4679 917 4680 89 4681 918 4682 918 4683 808 4684 917 4685 918 4686 811 4687 809 4688 809 4689 808 4690 918 4691 918 4692 89 4693 88 4694 88 4695 919 4696 918 4697 918 4698 919 4699 813 4700 813 4701 811 4702 918 4703 919 4704 88 4705 920 4706 920 4707 921 4708 919 4709 919 4710 921 4711 815 4712 815 4713 813 4714 919 4715 922 4716 923 4717 924 4718 924 4719 925 4720 922 4721 922 4722 925 4723 850 4724 850 4725 849 4726 922 4727 925 4728 924 4729 926 4730 926 4731 854 4732 925 4733 925 4734 854 4735 851 4736 851 4737 850 4738 925 4739 926 4740 924 4741 24 4742 24 4743 23 4744 926 4745 926 4746 23 4747 927 4748 927 4749 857 4750 926 4751 926 4752 857 4753 855 4754 855 4755 854 4756 926 4757 927 4758 23 4759 22 4760 22 4761 928 4762 927 4763 927 4764 928 4765 929 4766 929 4767 860 4768 927 4769 927 4770 860 4771 858 4772 858 4773 857 4774 927 4775 929 4776 928 4777 930 4778 930 4779 931 4780 929 4781 929 4782 931 4783 932 4784 932 4785 933 4786 929 4787 929 4788 933 4789 861 4790 861 4791 860 4792 929 4793 933 4794 932 4795 934 4796 934 4797 935 4798 933 4799 933 4800 935 4801 862 4802 862 4803 861 4804 933 4805 935 4806 934 4807 18 4808 18 4809 20 4810 935 4811 935 4812 20 4813 864 4814 864 4815 862 4816 935 4817 934 4818 932 4819 936 4820 936 4821 937 4822 934 4823 934 4824 937 4825 19 4826 19 4827 18 4828 934 4829 937 4830 936 4831 938 4832 938 4833 939 4834 937 4835 937 4836 939 4837 940 4838 940 4839 19 4840 937 4841 940 4842 939 4843 941 4844 941 4845 942 4846 940 4847 940 4848 942 4849 943 4850 943 4851 944 4852 940 4853 940 4854 944 4855 14 4856 14 4857 19 4858 940 4859 944 4860 943 4861 945 4862 945 4863 946 4864 944 4865 944 4866 946 4867 15 4868 15 4869 14 4870 944 4871 946 4872 945 4873 947 4874 947 4875 948 4876 946 4877 946 4878 948 4879 949 4880 949 4881 15 4882 946 4883 949 4884 948 4885 950 4886 950 4887 951 4888 949 4889 949 4890 951 4891 952 4892 952 4893 953 4894 949 4895 949 4896 953 4897 11 4898 11 4899 15 4900 949 4901 953 4902 952 4903 954 4904 954 4905 955 4906 953 4907 953 4908 955 4909 12 4910 12 4911 11 4912 953 4913 955 4914 954 4915 956 4916 956 4917 957 4918 955 4919 955 4920 957 4921 958 4922 958 4923 12 4924 955 4925 958 4926 959 4927 13 4928 13 4929 12 4930 958 4931 958 4932 957 4933 960 4934 960 4935 961 4936 958 4937 958 4938 961 4939 962 4940 962 4941 959 4942 958 4943 962 4944 963 4945 964 4946 964 4947 959 4948 962 4949 962 4950 961 4951 965 4952 965 4953 966 4954 962 4955 962 4956 966 4957 967 4958 967 4959 963 4960 962 4961 967 4962 874 4963 872 4964 872 4965 963 4966 967 4967 967 4968 966 4969 968 4970 968 4971 969 4972 967 4973 967 4974 969 4975 878 4976 878 4977 874 4978 967 4979 969 4980 968 4981 970 4982 970 4983 971 4984 969 4985 969 4986 971 4987 879 4988 879 4989 878 4990 969 4991 971 4992 970 4993 972 4994 972 4995 973 4996 971 4997 971 4998 973 4999 881 5000 881 5001 879 5002 971 5003 973 5004 972 5005 974 5006 974 5007 975 5008 973 5009 973 5010 975 5011 883 5012 883 5013 881 5014 973 5015 975 5016 974 5017 976 5018 976 5019 977 5020 975 5021 975 5022 977 5023 885 5024 885 5025 883 5026 975 5027 977 5028 976 5029 978 5030 978 5031 979 5032 977 5033 977 5034 979 5035 887 5036 887 5037 885 5038 977 5039 979 5040 978 5041 980 5042 980 5043 981 5044 979 5045 979 5046 981 5047 889 5048 889 5049 887 5050 979 5051 981 5052 980 5053 982 5054 982 5055 983 5056 981 5057 981 5058 983 5059 891 5060 891 5061 889 5062 981 5063 983 5064 982 5065 984 5066 984 5067 985 5068 983 5069 983 5070 985 5071 893 5072 893 5073 891 5074 983 5075 985 5076 984 5077 986 5078 986 5079 987 5080 985 5081 985 5082 987 5083 895 5084 895 5085 893 5086 985 5087 987 5088 986 5089 988 5090 988 5091 900 5092 987 5093 987 5094 900 5095 897 5096 897 5097 895 5098 987 5099 988 5100 986 5101 989 5102 989 5103 990 5104 988 5105 988 5106 990 5107 991 5108 991 5109 992 5110 988 5111 988 5112 992 5113 901 5114 901 5115 900 5116 988 5117 992 5118 991 5119 993 5120 993 5121 994 5122 992 5123 992 5124 994 5125 902 5126 902 5127 901 5128 992 5129 994 5130 993 5131 995 5132 995 5133 996 5134 994 5135 994 5136 996 5137 904 5138 904 5139 902 5140 994 5141 996 5142 995 5143 997 5144 997 5145 81 5146 996 5147 996 5148 81 5149 80 5150 80 5151 904 5152 996 5153 997 5154 995 5155 998 5156 998 5157 999 5158 997 5159 997 5160 999 5161 1000 5162 1000 5163 1001 5164 997 5165 997 5166 1001 5167 77 5168 77 5169 81 5170 997 5171 1001 5172 1000 5173 1002 5174 1002 5175 1003 5176 1001 5177 1001 5178 1003 5179 78 5180 78 5181 77 5182 1001 5183 1003 5184 1002 5185 1004 5186 1004 5187 1005 5188 1003 5189 1003 5190 1005 5191 1006 5192 1006 5193 78 5194 1003 5195 1006 5196 1007 5197 79 5198 79 5199 78 5200 1006 5201 1006 5202 1005 5203 1008 5204 1008 5205 1009 5206 1006 5207 1006 5208 1009 5209 1010 5210 1010 5211 1007 5212 1006 5213 1010 5214 1011 5215 1012 5216 1012 5217 1007 5218 1010 5219 1010 5220 1009 5221 1013 5222 1013 5223 1014 5224 1010 5225 1010 5226 1014 5227 1015 5228 1015 5229 1011 5230 1010 5231 1015 5232 1016 5233 1017 5234 1017 5235 1011 5236 1015 5237 1015 5238 1014 5239 1018 5240 1018 5241 1019 5242 1015 5243 1015 5244 1019 5245 1020 5246 1020 5247 1016 5248 1015 5249 1020 5250 1021 5251 1022 5252 1022 5253 1016 5254 1020 5255 1020 5256 1019 5257 1023 5258 1023 5259 1024 5260 1020 5261 1020 5262 1024 5263 1025 5264 1025 5265 1021 5266 1020 5267 1025 5268 1026 5269 1027 5270 1027 5271 1021 5272 1025 5273 1025 5274 1024 5275 1028 5276 1028 5277 1029 5278 1025 5279 1025 5280 1029 5281 1030 5282 1030 5283 1026 5284 1025 5285 1030 5286 1031 5287 1032 5288 1032 5289 1026 5290 1030 5291 1030 5292 1029 5293 1033 5294 1033 5295 1034 5296 1030 5297 1030 5298 1034 5299 1035 5300 1035 5301 1031 5302 1030 5303 1035 5304 1036 5305 1037 5306 1037 5307 1031 5308 1035 5309 1035 5310 1034 5311 1038 5312 1038 5313 1039 5314 1035 5315 1035 5316 1039 5317 34 5318 34 5319 1036 5320 1035 5321 1039 5322 1038 5323 1040 5324 1040 5325 1041 5326 1039 5327 1039 5328 1041 5329 29 5330 29 5331 34 5332 1039 5333 1041 5334 1040 5335 1042 5336 1042 5337 1043 5338 1041 5339 1041 5340 1043 5341 30 5342 30 5343 29 5344 1041 5345 1043 5346 1042 5347 1044 5348 1044 5349 1045 5350 1043 5351 1043 5352 1045 5353 1046 5354 1046 5355 30 5356 1043 5357 1046 5358 1047 5359 31 5360 31 5361 30 5362 1046 5363 1046 5364 1045 5365 1048 5366 1048 5367 1049 5368 1046 5369 1046 5370 1049 5371 1050 5372 1050 5373 1047 5374 1046 5375 1050 5376 1049 5377 25 5378 25 5379 1051 5380 1050 5381 1050 5382 1051 5383 1052 5384 1052 5385 1053 5386 1050 5387 1050 5388 1053 5389 1054 5390 1054 5391 1047 5392 1050 5393 1054 5394 1053 5395 1055 5396 1055 5397 1056 5398 1054 5399 1054 5400 1056 5401 1057 5402 1057 5403 32 5404 1054 5405 1054 5406 32 5407 31 5408 31 5409 1047 5410 1054 5411 1057 5412 1056 5413 1058 5414 1058 5415 1059 5416 1057 5417 1057 5418 1059 5419 1060 5420 1060 5421 1061 5422 1057 5423 1057 5424 1061 5425 33 5426 33 5427 32 5428 1057 5429 1061 5430 1060 5431 1037 5432 1037 5433 1036 5434 1061 5435 1061 5436 1036 5437 34 5438 34 5439 33 5440 1061 5441 1060 5442 1059 5443 1062 5444 1062 5445 1063 5446 1060 5447 1060 5448 1063 5449 1064 5450 1064 5451 1037 5452 1060 5453 1064 5454 1063 5455 172 5456 172 5457 171 5458 1064 5459 1064 5460 171 5461 1065 5462 1065 5463 1032 5464 1064 5465 1064 5466 1032 5467 1031 5468 1031 5469 1037 5470 1064 5471 1065 5472 171 5473 170 5474 170 5475 1066 5476 1065 5477 1065 5478 1066 5479 1067 5480 1067 5481 1027 5482 1065 5483 1065 5484 1027 5485 1026 5486 1026 5487 1032 5488 1065 5489 1067 5490 1066 5491 1068 5492 1068 5493 1069 5494 1067 5495 1067 5496 1069 5497 1070 5498 1070 5499 1022 5500 1067 5501 1067 5502 1022 5503 1021 5504 1021 5505 1027 5506 1067 5507 1070 5508 1069 5509 1071 5510 1071 5511 1072 5512 1070 5513 1070 5514 1072 5515 1073 5516 1073 5517 1017 5518 1070 5519 1070 5520 1017 5521 1016 5522 1016 5523 1022 5524 1070 5525 1073 5526 1072 5527 1074 5528 1074 5529 1075 5530 1073 5531 1073 5532 1075 5533 82 5534 82 5535 1012 5536 1073 5537 1073 5538 1012 5539 1011 5540 1011 5541 1017 5542 1073 5543 1075 5544 1074 5545 911 5546 911 5547 909 5548 1075 5549 1075 5550 909 5551 83 5552 83 5553 82 5554 1075 5555 1074 5556 1076 5557 913 5558 913 5559 911 5560 1074 5561 1074 5562 1072 5563 1071 5564 1071 5565 1076 5566 1074 5567 1076 5568 1071 5569 1077 5570 1077 5571 1078 5572 1076 5573 1076 5574 1078 5575 915 5576 915 5577 913 5578 1076 5579 1078 5580 1079 5581 86 5582 86 5583 915 5584 1078 5585 1078 5586 1077 5587 1080 5588 1080 5589 1079 5590 1078 5591 1080 5592 1081 5593 1082 5594 1082 5595 1079 5596 1080 5597 1080 5598 1077 5599 1068 5600 1068 5601 174 5602 1080 5603 1080 5604 174 5605 173 5606 173 5607 1081 5608 1080 5609 1082 5610 1083 5611 1084 5612 1084 5613 87 5614 1082 5615 1082 5616 87 5617 86 5618 86 5619 1079 5620 1082 5621 1082 5622 1081 5623 1085 5624 1085 5625 1083 5626 1082 5627 1085 5628 1086 5629 1087 5630 1087 5631 1083 5632 1085 5633 1085 5634 1081 5635 173 5636 173 5637 175 5638 1085 5639 1085 5640 175 5641 1062 5642 1062 5643 1086 5644 1085 5645 1087 5646 1088 5647 1089 5648 1089 5649 1090 5650 1087 5651 1087 5652 1090 5653 1084 5654 1084 5655 1083 5656 1087 5657 1087 5658 1086 5659 1058 5660 1058 5661 1088 5662 1087 5663 1090 5664 1089 5665 1091 5666 1091 5667 1092 5668 1090 5669 1090 5670 1092 5671 1093 5672 1093 5673 1084 5674 1090 5675 1093 5676 1092 5677 1094 5678 1094 5679 1095 5680 1093 5681 1093 5682 1095 5683 1096 5684 1096 5685 90 5686 1093 5687 1093 5688 90 5689 87 5690 87 5691 1084 5692 1093 5693 1096 5694 920 5695 88 5696 88 5697 90 5698 1096 5699 1097 5700 1098 5701 27 5702 27 5703 24 5704 1097 5705 1097 5706 24 5707 924 5708 924 5709 923 5710 1097 5711 1098 5712 1099 5713 1100 5714 1100 5715 27 5716 1098 5717 1100 5718 1099 5719 1101 5720 1101 5721 1102 5722 1100 5723 1100 5724 1102 5725 1052 5726 1052 5727 1051 5728 1100 5729 1100 5730 1051 5731 25 5732 25 5733 27 5734 1100 5735 1102 5736 1101 5737 1103 5738 1103 5739 1104 5740 1102 5741 1102 5742 1104 5743 1105 5744 1105 5745 1052 5746 1102 5747 1105 5748 1104 5749 1091 5750 1091 5751 1089 5752 1105 5753 1105 5754 1089 5755 1088 5756 1088 5757 1055 5758 1105 5759 1105 5760 1055 5761 1053 5762 1053 5763 1052 5764 1105 5765 1104 5766 1103 5767 1106 5768 1106 5769 1091 5770 1104 5771 1106 5772 1094 5773 1092 5774 1092 5775 1091 5776 1106 5777 1088 5778 1058 5779 1056 5780 1056 5781 1055 5782 1088 5783 1086 5784 1062 5785 1059 5786 1059 5787 1058 5788 1086 5789 1077 5790 1071 5791 1069 5792 1069 5793 1068 5794 1077 5795 1068 5796 1066 5797 170 5798 170 5799 174 5800 1068 5801 1063 5802 1062 5803 175 5804 175 5805 172 5806 1063 5807 1049 5808 1048 5809 26 5810 26 5811 25 5812 1049 5813 1048 5814 1045 5815 1044 5816 1044 5817 1107 5818 1048 5819 1048 5820 1107 5821 930 5822 930 5823 26 5824 1048 5825 1107 5826 1044 5827 1108 5828 1108 5829 1109 5830 1107 5831 1107 5832 1109 5833 931 5834 931 5835 930 5836 1107 5837 1109 5838 1108 5839 938 5840 938 5841 936 5842 1109 5843 1109 5844 936 5845 932 5846 932 5847 931 5848 1109 5849 1108 5850 1044 5851 1042 5852 1042 5853 1110 5854 1108 5855 1108 5856 1110 5857 1111 5858 1111 5859 938 5860 1108 5861 1111 5862 1110 5863 1112 5864 1112 5865 1113 5866 1111 5867 1111 5868 1113 5869 1114 5870 1114 5871 941 5872 1111 5873 1111 5874 941 5875 939 5876 939 5877 938 5878 1111 5879 1114 5880 1113 5881 1115 5882 1115 5883 1116 5884 1114 5885 1114 5886 1116 5887 1117 5888 1117 5889 1118 5890 1114 5891 1114 5892 1118 5893 942 5894 942 5895 941 5896 1114 5897 1118 5898 1117 5899 1119 5900 1119 5901 1120 5902 1118 5903 1118 5904 1120 5905 943 5906 943 5907 942 5908 1118 5909 1120 5910 1119 5911 1121 5912 1121 5913 1122 5914 1120 5915 1120 5916 1122 5917 945 5918 945 5919 943 5920 1120 5921 1122 5922 1121 5923 1123 5924 1123 5925 1124 5926 1122 5927 1122 5928 1124 5929 947 5930 947 5931 945 5932 1122 5933 1124 5934 1123 5935 1125 5936 1125 5937 1126 5938 1124 5939 1124 5940 1126 5941 1127 5942 1127 5943 947 5944 1124 5945 1127 5946 1126 5947 1128 5948 1128 5949 1129 5950 1127 5951 1127 5952 1129 5953 1130 5954 1130 5955 950 5956 1127 5957 1127 5958 950 5959 948 5960 948 5961 947 5962 1127 5963 1130 5964 1129 5965 1131 5966 1131 5967 1132 5968 1130 5969 1130 5970 1132 5971 1133 5972 1133 5973 1134 5974 1130 5975 1130 5976 1134 5977 951 5978 951 5979 950 5980 1130 5981 1134 5982 1133 5983 1135 5984 1135 5985 1136 5986 1134 5987 1134 5988 1136 5989 952 5990 952 5991 951 5992 1134 5993 1136 5994 1135 5995 1137 5996 1137 5997 1138 5998 1136 5999 1136 6000 1138 6001 954 6002 954 6003 952 6004 1136 6005 1138 6006 1137 6007 1139 6008 1139 6009 1140 6010 1138 6011 1138 6012 1140 6013 956 6014 956 6015 954 6016 1138 6017 1140 6018 1139 6019 1141 6020 1141 6021 1142 6022 1140 6023 1140 6024 1142 6025 1143 6026 1143 6027 956 6028 1140 6029 1143 6030 960 6031 957 6032 957 6033 956 6034 1143 6035 1143 6036 1142 6037 1144 6038 1144 6039 1145 6040 1143 6041 1143 6042 1145 6043 1146 6044 1146 6045 960 6046 1143 6047 1146 6048 965 6049 961 6050 961 6051 960 6052 1146 6053 1146 6054 1145 6055 1147 6056 1147 6057 1148 6058 1146 6059 1146 6060 1148 6061 1149 6062 1149 6063 965 6064 1146 6065 1149 6066 968 6067 966 6068 966 6069 965 6070 1149 6071 1149 6072 1148 6073 1150 6074 1150 6075 1151 6076 1149 6077 1149 6078 1151 6079 970 6080 970 6081 968 6082 1149 6083 1151 6084 1150 6085 1152 6086 1152 6087 1153 6088 1151 6089 1151 6090 1153 6091 972 6092 972 6093 970 6094 1151 6095 1153 6096 1152 6097 1154 6098 1154 6099 1155 6100 1153 6101 1153 6102 1155 6103 974 6104 974 6105 972 6106 1153 6107 1155 6108 1154 6109 1156 6110 1156 6111 1157 6112 1155 6113 1155 6114 1157 6115 976 6116 976 6117 974 6118 1155 6119 1157 6120 1156 6121 1158 6122 1158 6123 1159 6124 1157 6125 1157 6126 1159 6127 978 6128 978 6129 976 6130 1157 6131 1159 6132 1158 6133 1160 6134 1160 6135 1161 6136 1159 6137 1159 6138 1161 6139 980 6140 980 6141 978 6142 1159 6143 1161 6144 1160 6145 1162 6146 1162 6147 1163 6148 1161 6149 1161 6150 1163 6151 982 6152 982 6153 980 6154 1161 6155 1163 6156 1162 6157 1164 6158 1164 6159 1165 6160 1163 6161 1163 6162 1165 6163 984 6164 984 6165 982 6166 1163 6167 1165 6168 1164 6169 1166 6170 1166 6171 989 6172 1165 6173 1165 6174 989 6175 986 6176 986 6177 984 6178 1165 6179 1166 6180 1164 6181 1167 6182 1167 6183 1168 6184 1166 6185 1166 6186 1168 6187 1169 6188 1169 6189 1170 6190 1166 6191 1166 6192 1170 6193 990 6194 990 6195 989 6196 1166 6197 1170 6198 1169 6199 1171 6200 1171 6201 1172 6202 1170 6203 1170 6204 1172 6205 991 6206 991 6207 990 6208 1170 6209 1172 6210 1171 6211 1173 6212 1173 6213 1174 6214 1172 6215 1172 6216 1174 6217 993 6218 993 6219 991 6220 1172 6221 1174 6222 1173 6223 1175 6224 1175 6225 998 6226 1174 6227 1174 6228 998 6229 995 6230 995 6231 993 6232 1174 6233 1175 6234 1173 6235 1176 6236 1176 6237 1177 6238 1175 6239 1175 6240 1177 6241 1178 6242 1178 6243 1179 6244 1175 6245 1175 6246 1179 6247 999 6248 999 6249 998 6250 1175 6251 1179 6252 1178 6253 1180 6254 1180 6255 1181 6256 1179 6257 1179 6258 1181 6259 1000 6260 1000 6261 999 6262 1179 6263 1181 6264 1180 6265 1182 6266 1182 6267 1183 6268 1181 6269 1181 6270 1183 6271 1002 6272 1002 6273 1000 6274 1181 6275 1183 6276 1182 6277 1184 6278 1184 6279 1185 6280 1183 6281 1183 6282 1185 6283 1004 6284 1004 6285 1002 6286 1183 6287 1185 6288 1184 6289 1186 6290 1186 6291 1187 6292 1185 6293 1185 6294 1187 6295 1188 6296 1188 6297 1004 6298 1185 6299 1188 6300 1008 6301 1005 6302 1005 6303 1004 6304 1188 6305 1188 6306 1187 6307 1189 6308 1189 6309 1190 6310 1188 6311 1188 6312 1190 6313 1191 6314 1191 6315 1008 6316 1188 6317 1191 6318 1013 6319 1009 6320 1009 6321 1008 6322 1191 6323 1191 6324 1190 6325 1192 6326 1192 6327 1193 6328 1191 6329 1191 6330 1193 6331 1194 6332 1194 6333 1013 6334 1191 6335 1194 6336 1018 6337 1014 6338 1014 6339 1013 6340 1194 6341 1194 6342 1193 6343 1195 6344 1195 6345 1196 6346 1194 6347 1194 6348 1196 6349 1197 6350 1197 6351 1018 6352 1194 6353 1197 6354 1023 6355 1019 6356 1019 6357 1018 6358 1197 6359 1197 6360 1196 6361 1198 6362 1198 6363 1199 6364 1197 6365 1197 6366 1199 6367 1200 6368 1200 6369 1023 6370 1197 6371 1200 6372 1028 6373 1024 6374 1024 6375 1023 6376 1200 6377 1200 6378 1199 6379 1201 6380 1201 6381 1202 6382 1200 6383 1200 6384 1202 6385 1203 6386 1203 6387 1028 6388 1200 6389 1203 6390 1033 6391 1029 6392 1029 6393 1028 6394 1203 6395 1203 6396 1202 6397 1116 6398 1116 6399 1115 6400 1203 6401 1203 6402 1115 6403 1204 6404 1204 6405 1033 6406 1203 6407 1204 6408 1038 6409 1034 6410 1034 6411 1033 6412 1204 6413 1204 6414 1115 6415 1113 6416 1113 6417 1112 6418 1204 6419 1204 6420 1112 6421 1040 6422 1040 6423 1038 6424 1204 6425 1202 6426 1201 6427 1117 6428 1117 6429 1116 6430 1202 6431 1201 6432 1199 6433 1198 6434 1198 6435 1205 6436 1201 6437 1201 6438 1205 6439 1119 6440 1119 6441 1117 6442 1201 6443 1205 6444 1198 6445 1206 6446 1206 6447 1207 6448 1205 6449 1205 6450 1207 6451 1121 6452 1121 6453 1119 6454 1205 6455 1207 6456 1206 6457 1208 6458 1208 6459 1209 6460 1207 6461 1207 6462 1209 6463 1123 6464 1123 6465 1121 6466 1207 6467 1209 6468 1208 6469 1210 6470 1210 6471 1211 6472 1209 6473 1209 6474 1211 6475 1125 6476 1125 6477 1123 6478 1209 6479 1211 6480 1210 6481 1212 6482 1212 6483 1213 6484 1211 6485 1211 6486 1213 6487 1214 6488 1214 6489 1125 6490 1211 6491 1214 6492 1213 6493 1215 6494 1215 6495 1216 6496 1214 6497 1214 6498 1216 6499 1217 6500 1217 6501 1128 6502 1214 6503 1214 6504 1128 6505 1126 6506 1126 6507 1125 6508 1214 6509 1217 6510 1216 6511 1218 6512 1218 6513 1219 6514 1217 6515 1217 6516 1219 6517 1220 6518 1220 6519 1131 6520 1217 6521 1217 6522 1131 6523 1129 6524 1129 6525 1128 6526 1217 6527 1220 6528 1219 6529 1221 6530 1221 6531 1222 6532 1220 6533 1220 6534 1222 6535 1223 6536 1223 6537 1224 6538 1220 6539 1220 6540 1224 6541 1132 6542 1132 6543 1131 6544 1220 6545 1224 6546 1223 6547 1225 6548 1225 6549 1226 6550 1224 6551 1224 6552 1226 6553 1133 6554 1133 6555 1132 6556 1224 6557 1226 6558 1225 6559 1227 6560 1227 6561 1228 6562 1226 6563 1226 6564 1228 6565 1135 6566 1135 6567 1133 6568 1226 6569 1228 6570 1227 6571 1229 6572 1229 6573 1230 6574 1228 6575 1228 6576 1230 6577 1137 6578 1137 6579 1135 6580 1228 6581 1230 6582 1229 6583 1231 6584 1231 6585 1232 6586 1230 6587 1230 6588 1232 6589 1139 6590 1139 6591 1137 6592 1230 6593 1232 6594 1231 6595 1233 6596 1233 6597 1234 6598 1232 6599 1232 6600 1234 6601 1141 6602 1141 6603 1139 6604 1232 6605 1234 6606 1233 6607 1235 6608 1235 6609 1236 6610 1234 6611 1234 6612 1236 6613 1237 6614 1237 6615 1141 6616 1234 6617 1237 6618 1144 6619 1142 6620 1142 6621 1141 6622 1237 6623 1237 6624 1236 6625 1238 6626 1238 6627 1239 6628 1237 6629 1237 6630 1239 6631 1240 6632 1240 6633 1144 6634 1237 6635 1240 6636 1147 6637 1145 6638 1145 6639 1144 6640 1240 6641 1240 6642 1239 6643 1241 6644 1241 6645 1242 6646 1240 6647 1240 6648 1242 6649 1243 6650 1243 6651 1147 6652 1240 6653 1243 6654 1150 6655 1148 6656 1148 6657 1147 6658 1243 6659 1243 6660 1242 6661 1244 6662 1244 6663 1245 6664 1243 6665 1243 6666 1245 6667 1152 6668 1152 6669 1150 6670 1243 6671 1245 6672 1244 6673 1246 6674 1246 6675 1247 6676 1245 6677 1245 6678 1247 6679 1154 6680 1154 6681 1152 6682 1245 6683 1247 6684 1246 6685 1248 6686 1248 6687 1249 6688 1247 6689 1247 6690 1249 6691 1156 6692 1156 6693 1154 6694 1247 6695 1249 6696 1248 6697 1250 6698 1250 6699 1251 6700 1249 6701 1249 6702 1251 6703 1158 6704 1158 6705 1156 6706 1249 6707 1251 6708 1250 6709 1252 6710 1252 6711 1253 6712 1251 6713 1251 6714 1253 6715 1160 6716 1160 6717 1158 6718 1251 6719 1253 6720 1252 6721 1254 6722 1254 6723 1255 6724 1253 6725 1253 6726 1255 6727 1162 6728 1162 6729 1160 6730 1253 6731 1255 6732 1254 6733 1256 6734 1256 6735 1167 6736 1255 6737 1255 6738 1167 6739 1164 6740 1164 6741 1162 6742 1255 6743 1256 6744 1254 6745 1257 6746 1257 6747 1258 6748 1256 6749 1256 6750 1258 6751 1259 6752 1259 6753 1260 6754 1256 6755 1256 6756 1260 6757 1168 6758 1168 6759 1167 6760 1256 6761 1260 6762 1259 6763 1261 6764 1261 6765 1262 6766 1260 6767 1260 6768 1262 6769 1169 6770 1169 6771 1168 6772 1260 6773 1262 6774 1261 6775 1263 6776 1263 6777 1264 6778 1262 6779 1262 6780 1264 6781 1171 6782 1171 6783 1169 6784 1262 6785 1264 6786 1263 6787 1265 6788 1265 6789 1176 6790 1264 6791 1264 6792 1176 6793 1173 6794 1173 6795 1171 6796 1264 6797 1265 6798 1263 6799 1266 6800 1266 6801 1267 6802 1265 6803 1265 6804 1267 6805 1268 6806 1268 6807 1269 6808 1265 6809 1265 6810 1269 6811 1177 6812 1177 6813 1176 6814 1265 6815 1269 6816 1268 6817 1270 6818 1270 6819 1271 6820 1269 6821 1269 6822 1271 6823 1178 6824 1178 6825 1177 6826 1269 6827 1271 6828 1270 6829 1272 6830 1272 6831 1273 6832 1271 6833 1271 6834 1273 6835 1180 6836 1180 6837 1178 6838 1271 6839 1273 6840 1272 6841 1274 6842 1274 6843 1275 6844 1273 6845 1273 6846 1275 6847 1182 6848 1182 6849 1180 6850 1273 6851 1275 6852 1274 6853 1276 6854 1276 6855 1277 6856 1275 6857 1275 6858 1277 6859 1184 6860 1184 6861 1182 6862 1275 6863 1277 6864 1276 6865 1278 6866 1278 6867 1279 6868 1277 6869 1277 6870 1279 6871 1186 6872 1186 6873 1184 6874 1277 6875 1279 6876 1278 6877 1280 6878 1280 6879 1281 6880 1279 6881 1279 6882 1281 6883 1282 6884 1282 6885 1186 6886 1279 6887 1282 6888 1189 6889 1187 6890 1187 6891 1186 6892 1282 6893 1282 6894 1281 6895 1283 6896 1283 6897 1284 6898 1282 6899 1282 6900 1284 6901 1285 6902 1285 6903 1189 6904 1282 6905 1285 6906 1192 6907 1190 6908 1190 6909 1189 6910 1285 6911 1285 6912 1284 6913 1286 6914 1286 6915 1287 6916 1285 6917 1285 6918 1287 6919 1288 6920 1288 6921 1192 6922 1285 6923 1288 6924 1195 6925 1193 6926 1193 6927 1192 6928 1288 6929 1288 6930 1287 6931 1210 6932 1210 6933 1208 6934 1288 6935 1288 6936 1208 6937 1206 6938 1206 6939 1195 6940 1288 6941 1287 6942 1286 6943 1212 6944 1212 6945 1210 6946 1287 6947 1286 6948 1284 6949 1283 6950 1283 6951 1289 6952 1286 6953 1286 6954 1289 6955 1290 6956 1290 6957 1212 6958 1286 6959 1290 6960 1289 6961 1291 6962 1291 6963 1292 6964 1290 6965 1290 6966 1292 6967 1293 6968 1293 6969 1215 6970 1290 6971 1290 6972 1215 6973 1213 6974 1213 6975 1212 6976 1290 6977 1293 6978 1292 6979 1294 6980 1294 6981 1295 6982 1293 6983 1293 6984 1295 6985 1296 6986 1296 6987 1218 6988 1293 6989 1293 6990 1218 6991 1216 6992 1216 6993 1215 6994 1293 6995 1296 6996 1295 6997 1297 6998 1297 6999 1298 7000 1296 7001 1296 7002 1298 7003 1299 7004 1299 7005 1221 7006 1296 7007 1296 7008 1221 7009 1219 7010 1219 7011 1218 7012 1296 7013 1299 7014 1298 7015 1300 7016 1300 7017 1301 7018 1299 7019 1299 7020 1301 7021 1302 7022 1302 7023 1303 7024 1299 7025 1299 7026 1303 7027 1222 7028 1222 7029 1221 7030 1299 7031 1303 7032 1302 7033 1304 7034 1304 7035 1305 7036 1303 7037 1303 7038 1305 7039 1223 7040 1223 7041 1222 7042 1303 7043 1305 7044 1304 7045 1306 7046 1306 7047 1307 7048 1305 7049 1305 7050 1307 7051 1225 7052 1225 7053 1223 7054 1305 7055 1307 7056 1306 7057 1308 7058 1308 7059 1309 7060 1307 7061 1307 7062 1309 7063 1227 7064 1227 7065 1225 7066 1307 7067 1309 7068 1308 7069 1310 7070 1310 7071 1311 7072 1309 7073 1309 7074 1311 7075 1229 7076 1229 7077 1227 7078 1309 7079 1311 7080 1310 7081 1312 7082 1312 7083 1313 7084 1311 7085 1311 7086 1313 7087 1231 7088 1231 7089 1229 7090 1311 7091 1313 7092 1312 7093 1314 7094 1314 7095 1315 7096 1313 7097 1313 7098 1315 7099 1233 7100 1233 7101 1231 7102 1313 7103 1315 7104 1314 7105 1316 7106 1316 7107 1317 7108 1315 7109 1315 7110 1317 7111 1235 7112 1235 7113 1233 7114 1315 7115 1317 7116 1316 7117 1318 7118 1318 7119 1319 7120 1317 7121 1317 7122 1319 7123 1320 7124 1320 7125 1235 7126 1317 7127 1320 7128 1238 7129 1236 7130 1236 7131 1235 7132 1320 7133 1320 7134 1319 7135 1321 7136 1321 7137 1322 7138 1320 7139 1320 7140 1322 7141 1323 7142 1323 7143 1238 7144 1320 7145 1323 7146 1241 7147 1239 7148 1239 7149 1238 7150 1323 7151 1323 7152 1322 7153 1324 7154 1324 7155 1325 7156 1323 7157 1323 7158 1325 7159 1326 7160 1326 7161 1241 7162 1323 7163 1326 7164 1244 7165 1242 7166 1242 7167 1241 7168 1326 7169 1326 7170 1325 7171 1327 7172 1327 7173 1328 7174 1326 7175 1326 7176 1328 7177 1246 7178 1246 7179 1244 7180 1326 7181 1328 7182 1327 7183 1329 7184 1329 7185 1330 7186 1328 7187 1328 7188 1330 7189 1248 7190 1248 7191 1246 7192 1328 7193 1330 7194 1329 7195 1331 7196 1331 7197 1332 7198 1330 7199 1330 7200 1332 7201 1250 7202 1250 7203 1248 7204 1330 7205 1332 7206 1331 7207 1333 7208 1333 7209 1334 7210 1332 7211 1332 7212 1334 7213 1252 7214 1252 7215 1250 7216 1332 7217 1334 7218 1333 7219 1335 7220 1335 7221 1257 7222 1334 7223 1334 7224 1257 7225 1254 7226 1254 7227 1252 7228 1334 7229 1335 7230 1333 7231 1336 7232 1336 7233 1337 7234 1335 7235 1335 7236 1337 7237 1338 7238 1338 7239 1339 7240 1335 7241 1335 7242 1339 7243 1258 7244 1258 7245 1257 7246 1335 7247 1339 7248 1338 7249 1340 7250 1340 7251 1341 7252 1339 7253 1339 7254 1341 7255 1259 7256 1259 7257 1258 7258 1339 7259 1341 7260 1340 7261 1342 7262 1342 7263 1343 7264 1341 7265 1341 7266 1343 7267 1261 7268 1261 7269 1259 7270 1341 7271 1343 7272 1342 7273 1344 7274 1344 7275 1266 7276 1343 7277 1343 7278 1266 7279 1263 7280 1263 7281 1261 7282 1343 7283 1344 7284 1342 7285 1345 7286 1345 7287 1346 7288 1344 7289 1344 7290 1346 7291 1347 7292 1347 7293 1348 7294 1344 7295 1344 7296 1348 7297 1267 7298 1267 7299 1266 7300 1344 7301 1348 7302 1347 7303 1349 7304 1349 7305 1350 7306 1348 7307 1348 7308 1350 7309 1268 7310 1268 7311 1267 7312 1348 7313 1350 7314 1349 7315 1351 7316 1351 7317 1352 7318 1350 7319 1350 7320 1352 7321 1270 7322 1270 7323 1268 7324 1350 7325 1352 7326 1351 7327 1353 7328 1353 7329 1354 7330 1352 7331 1352 7332 1354 7333 1272 7334 1272 7335 1270 7336 1352 7337 1354 7338 1353 7339 1355 7340 1355 7341 1356 7342 1354 7343 1354 7344 1356 7345 1274 7346 1274 7347 1272 7348 1354 7349 1356 7350 1355 7351 1357 7352 1357 7353 1358 7354 1356 7355 1356 7356 1358 7357 1276 7358 1276 7359 1274 7360 1356 7361 1358 7362 1357 7363 1359 7364 1359 7365 1360 7366 1358 7367 1358 7368 1360 7369 1278 7370 1278 7371 1276 7372 1358 7373 1360 7374 1359 7375 1361 7376 1361 7377 1362 7378 1360 7379 1360 7380 1362 7381 1280 7382 1280 7383 1278 7384 1360 7385 1362 7386 1361 7387 1363 7388 1363 7389 1364 7390 1362 7391 1362 7392 1364 7393 1365 7394 1365 7395 1280 7396 1362 7397 1365 7398 1283 7399 1281 7400 1281 7401 1280 7402 1365 7403 1365 7404 1364 7405 1366 7406 1366 7407 1291 7408 1365 7409 1365 7410 1291 7411 1289 7412 1289 7413 1283 7414 1365 7415 1366 7416 1364 7417 1363 7418 1363 7419 1367 7420 1366 7421 1366 7422 1367 7423 1368 7424 1368 7425 1294 7426 1366 7427 1366 7428 1294 7429 1292 7430 1292 7431 1291 7432 1366 7433 1368 7434 1367 7435 1369 7436 1369 7437 1370 7438 1368 7439 1368 7440 1370 7441 1371 7442 1371 7443 1297 7444 1368 7445 1368 7446 1297 7447 1295 7448 1295 7449 1294 7450 1368 7451 1371 7452 1370 7453 1372 7454 1372 7455 140 7456 1371 7457 1371 7458 140 7459 139 7460 139 7461 1300 7462 1371 7463 1371 7464 1300 7465 1298 7466 1298 7467 1297 7468 1371 7469 1372 7470 1370 7471 1369 7472 1369 7473 1373 7474 1372 7475 1372 7476 1373 7477 1374 7478 1374 7479 1375 7480 1372 7481 1372 7482 1375 7483 141 7484 141 7485 140 7486 1372 7487 1375 7488 1374 7489 1376 7490 1376 7491 1377 7492 1375 7493 1375 7494 1377 7495 142 7496 142 7497 141 7498 1375 7499 1377 7500 1376 7501 1378 7502 1378 7503 1379 7504 1377 7505 1377 7506 1379 7507 1380 7508 1380 7509 142 7510 1377 7511 1380 7512 1381 7513 137 7514 137 7515 142 7516 1380 7517 1380 7518 1379 7519 1382 7520 1382 7521 1383 7522 1380 7523 1380 7524 1383 7525 1384 7526 1384 7527 1381 7528 1380 7529 1384 7530 1385 7531 1386 7532 1386 7533 1381 7534 1384 7535 1384 7536 1383 7537 1387 7538 1387 7539 1388 7540 1384 7541 1384 7542 1388 7543 1389 7544 1389 7545 1385 7546 1384 7547 1389 7548 1306 7549 1304 7550 1304 7551 1385 7552 1389 7553 1389 7554 1388 7555 1390 7556 1390 7557 1391 7558 1389 7559 1389 7560 1391 7561 1308 7562 1308 7563 1306 7564 1389 7565 1391 7566 1390 7567 1392 7568 1392 7569 1393 7570 1391 7571 1391 7572 1393 7573 1310 7574 1310 7575 1308 7576 1391 7577 1393 7578 1392 7579 1394 7580 1394 7581 1395 7582 1393 7583 1393 7584 1395 7585 1312 7586 1312 7587 1310 7588 1393 7589 1395 7590 1394 7591 1396 7592 1396 7593 1397 7594 1395 7595 1395 7596 1397 7597 1314 7598 1314 7599 1312 7600 1395 7601 1397 7602 1396 7603 1398 7604 1398 7605 1399 7606 1397 7607 1397 7608 1399 7609 1316 7610 1316 7611 1314 7612 1397 7613 1399 7614 1398 7615 1400 7616 1400 7617 1401 7618 1399 7619 1399 7620 1401 7621 1318 7622 1318 7623 1316 7624 1399 7625 1401 7626 1400 7627 9 7628 9 7629 3 7630 1401 7631 1401 7632 3 7633 2 7634 2 7635 1318 7636 1401 7637 1400 7638 1398 7639 1402 7640 1402 7641 1403 7642 1400 7643 1400 7644 1403 7645 1404 7646 1404 7647 9 7648 1400 7649 1404 7650 1403 7651 1405 7652 1405 7653 1406 7654 1404 7655 1404 7656 1406 7657 1407 7658 1407 7659 1408 7660 1404 7661 1404 7662 1408 7663 7 7664 7 7665 9 7666 1404 7667 1408 7668 1407 7669 1409 7670 1409 7671 1410 7672 1408 7673 1408 7674 1410 7675 8 7676 8 7677 7 7678 1408 7679 1410 7680 1409 7681 1411 7682 1411 7683 1412 7684 1410 7685 1410 7686 1412 7687 1413 7688 1413 7689 8 7690 1410 7691 1413 7692 1414 7693 4 7694 4 7695 8 7696 1413 7697 1413 7698 1412 7699 1415 7700 1415 7701 1416 7702 1413 7703 1413 7704 1416 7705 1417 7706 1417 7707 1414 7708 1413 7709 1414 7710 1418 7711 5 7712 5 7713 4 7714 1414 7715 1414 7716 1417 7717 1419 7718 1419 7719 1418 7720 1414 7721 1418 7722 1420 7723 1421 7724 1421 7725 5 7726 1418 7727 1418 7728 1419 7729 1422 7730 1422 7731 1420 7732 1418 7733 1421 7734 1423 7735 1424 7736 1424 7737 1425 7738 1421 7739 1421 7740 1425 7741 6 7742 6 7743 5 7744 1421 7745 1421 7746 1420 7747 1426 7748 1426 7749 1423 7750 1421 7751 1426 7752 1427 7753 1428 7754 1428 7755 1423 7756 1426 7757 1426 7758 1429 7759 1430 7760 1430 7761 1427 7762 1426 7763 1430 7764 168 7765 167 7766 167 7767 1427 7768 1430 7769 1431 7770 1432 7771 1433 7772 1433 7773 1434 7774 1431 7775 1431 7776 1434 7777 165 7778 165 7779 164 7780 1431 7781 1434 7782 1433 7783 1435 7784 1435 7785 1436 7786 1434 7787 1434 7788 1436 7789 75 7790 75 7791 165 7792 1434 7793 1436 7794 1435 7795 1437 7796 1437 7797 1438 7798 1436 7799 1436 7800 1438 7801 71 7802 71 7803 75 7804 1436 7805 1438 7806 1437 7807 1439 7808 1439 7809 1440 7810 1438 7811 1438 7812 1440 7813 72 7814 72 7815 71 7816 1438 7817 1440 7818 1439 7819 1441 7820 1441 7821 1442 7822 1440 7823 1440 7824 1442 7825 1443 7826 1443 7827 72 7828 1440 7829 1443 7830 1444 7831 73 7832 73 7833 72 7834 1443 7835 1443 7836 1442 7837 1445 7838 1445 7839 1446 7840 1443 7841 1443 7842 1446 7843 1447 7844 1447 7845 1444 7846 1443 7847 1447 7848 1448 7849 1449 7850 1449 7851 1444 7852 1447 7853 1447 7854 1446 7855 1450 7856 1450 7857 1451 7858 1447 7859 1447 7860 1451 7861 1452 7862 1452 7863 1448 7864 1447 7865 1452 7866 1347 7867 1346 7868 1346 7869 1448 7870 1452 7871 1452 7872 1451 7873 1453 7874 1453 7875 1454 7876 1452 7877 1452 7878 1454 7879 1349 7880 1349 7881 1347 7882 1452 7883 1454 7884 1453 7885 1455 7886 1455 7887 1456 7888 1454 7889 1454 7890 1456 7891 1351 7892 1351 7893 1349 7894 1454 7895 1456 7896 1455 7897 1457 7898 1457 7899 1458 7900 1456 7901 1456 7902 1458 7903 1353 7904 1353 7905 1351 7906 1456 7907 1458 7908 1457 7909 1459 7910 1459 7911 1460 7912 1458 7913 1458 7914 1460 7915 1355 7916 1355 7917 1353 7918 1458 7919 1460 7920 1459 7921 1461 7922 1461 7923 1462 7924 1460 7925 1460 7926 1462 7927 1357 7928 1357 7929 1355 7930 1460 7931 1462 7932 1461 7933 1463 7934 1463 7935 1464 7936 1462 7937 1462 7938 1464 7939 1359 7940 1359 7941 1357 7942 1462 7943 1464 7944 1463 7945 1465 7946 1465 7947 1466 7948 1464 7949 1464 7950 1466 7951 1361 7952 1361 7953 1359 7954 1464 7955 1466 7956 1465 7957 1467 7958 1467 7959 1468 7960 1466 7961 1466 7962 1468 7963 1363 7964 1363 7965 1361 7966 1466 7967 1468 7968 1467 7969 1373 7970 1373 7971 1369 7972 1468 7973 1468 7974 1369 7975 1367 7976 1367 7977 1363 7978 1468 7979 1467 7980 1465 7981 95 7982 95 7983 97 7984 1467 7985 1467 7986 97 7987 1374 7988 1374 7989 1373 7990 1467 7991 1465 7992 1463 7993 96 7994 96 7995 95 7996 1465 7997 1463 7998 1461 7999 1469 8000 1469 8001 96 8002 1463 8003 1469 8004 1461 8005 1459 8006 1459 8007 1470 8008 1469 8009 1469 8010 1470 8011 1471 8012 1471 8013 1472 8014 1469 8015 1469 8016 1472 8017 92 8018 92 8019 96 8020 1469 8021 1472 8022 1471 8023 1473 8024 1473 8025 1474 8026 1472 8027 1472 8028 1474 8029 93 8030 93 8031 92 8032 1472 8033 1474 8034 1475 8035 1378 8036 1378 8037 93 8038 1474 8039 1474 8040 1473 8041 1476 8042 1476 8043 1475 8044 1474 8045 1476 8046 1477 8047 1382 8048 1382 8049 1475 8050 1476 8051 1476 8052 1473 8053 1478 8054 1478 8055 1479 8056 1476 8057 1476 8058 1479 8059 1480 8060 1480 8061 1477 8062 1476 8063 1480 8064 1481 8065 1387 8066 1387 8067 1477 8068 1480 8069 1480 8070 1479 8071 1482 8072 1482 8073 1483 8074 1480 8075 1480 8076 1483 8077 1484 8078 1484 8079 1481 8080 1480 8081 1484 8082 1392 8083 1390 8084 1390 8085 1481 8086 1484 8087 1484 8088 1483 8089 1485 8090 1485 8091 1486 8092 1484 8093 1484 8094 1486 8095 1394 8096 1394 8097 1392 8098 1484 8099 1486 8100 1485 8101 1487 8102 1487 8103 1488 8104 1486 8105 1486 8106 1488 8107 1396 8108 1396 8109 1394 8110 1486 8111 1488 8112 1487 8113 1489 8114 1489 8115 1402 8116 1488 8117 1488 8118 1402 8119 1398 8120 1398 8121 1396 8122 1488 8123 1489 8124 1487 8125 1490 8126 1490 8127 1491 8128 1489 8129 1489 8130 1491 8131 1492 8132 1492 8133 1405 8134 1489 8135 1489 8136 1405 8137 1403 8138 1403 8139 1402 8140 1489 8141 1492 8142 1491 8143 1493 8144 1493 8145 1441 8146 1492 8147 1492 8148 1441 8149 1439 8150 1439 8151 1494 8152 1492 8153 1492 8154 1494 8155 1406 8156 1406 8157 1405 8158 1492 8159 1494 8160 1439 8161 1437 8162 1437 8163 1495 8164 1494 8165 1494 8166 1495 8167 1407 8168 1407 8169 1406 8170 1494 8171 1495 8172 1437 8173 1435 8174 1435 8175 1496 8176 1495 8177 1495 8178 1496 8179 1409 8180 1409 8181 1407 8182 1495 8183 1496 8184 1435 8185 1433 8186 1433 8187 1497 8188 1496 8189 1496 8190 1497 8191 1411 8192 1411 8193 1409 8194 1496 8195 1497 8196 1433 8197 1432 8198 1432 8199 1498 8200 1497 8201 1497 8202 1498 8203 1499 8204 1499 8205 1411 8206 1497 8207 1493 8208 1491 8209 1490 8210 1490 8211 1500 8212 1493 8213 1493 8214 1500 8215 1501 8216 1501 8217 1445 8218 1493 8219 1493 8220 1445 8221 1442 8222 1442 8223 1441 8224 1493 8225 1501 8226 1450 8227 1446 8228 1446 8229 1445 8230 1501 8231 1501 8232 1500 8233 1502 8234 1502 8235 1503 8236 1501 8237 1501 8238 1503 8239 1504 8240 1504 8241 1450 8242 1501 8243 1504 8244 1453 8245 1451 8246 1451 8247 1450 8248 1504 8249 1504 8250 1503 8251 1505 8252 1505 8253 1506 8254 1504 8255 1504 8256 1506 8257 1455 8258 1455 8259 1453 8260 1504 8261 1506 8262 1505 8263 1507 8264 1507 8265 1508 8266 1506 8267 1506 8268 1508 8269 1457 8270 1457 8271 1455 8272 1506 8273 1508 8274 1507 8275 1471 8276 1471 8277 1470 8278 1508 8279 1508 8280 1470 8281 1459 8282 1459 8283 1457 8284 1508 8285 1507 8286 1505 8287 1509 8288 1509 8289 1478 8290 1507 8291 1507 8292 1478 8293 1473 8294 1473 8295 1471 8296 1507 8297 1509 8298 1482 8299 1479 8300 1479 8301 1478 8302 1509 8303 1509 8304 1505 8305 1503 8306 1503 8307 1502 8308 1509 8309 1509 8310 1502 8311 1510 8312 1510 8313 1482 8314 1509 8315 1510 8316 1485 8317 1483 8318 1483 8319 1482 8320 1510 8321 1510 8322 1502 8323 1500 8324 1500 8325 1490 8326 1510 8327 1510 8328 1490 8329 1487 8330 1487 8331 1485 8332 1510 8333 1481 8334 1390 8335 1388 8336 1388 8337 1387 8338 1481 8339 1477 8340 1387 8341 1383 8342 1383 8343 1382 8344 1477 8345 1475 8346 1382 8347 1379 8348 1379 8349 1378 8350 1475 8351 1449 8352 1345 8353 1511 8354 1511 8355 74 8356 1449 8357 1449 8358 74 8359 73 8360 73 8361 1444 8362 1449 8363 1449 8364 1448 8365 1346 8366 1346 8367 1345 8368 1449 8369 1511 8370 1340 8371 1338 8372 1338 8373 1512 8374 1511 8375 1511 8376 1512 8377 69 8378 69 8379 74 8380 1511 8381 1511 8382 1345 8383 1342 8384 1342 8385 1340 8386 1511 8387 1512 8388 1338 8389 1337 8390 1337 8391 1513 8392 1512 8393 1512 8394 1513 8395 70 8396 70 8397 69 8398 1512 8399 1513 8400 1337 8401 1336 8402 1336 8403 1514 8404 1513 8405 1513 8406 1514 8407 1515 8408 1515 8409 70 8410 1513 8411 1515 8412 1514 8413 1516 8414 1516 8415 1517 8416 1515 8417 1515 8418 1517 8419 1424 8420 1424 8421 1518 8422 1515 8423 1515 8424 1518 8425 66 8426 66 8427 70 8428 1515 8429 1518 8430 1424 8431 1423 8432 1423 8433 1428 8434 1518 8435 1518 8436 1428 8437 67 8438 67 8439 66 8440 1518 8441 1517 8442 1516 8443 1519 8444 1519 8445 1520 8446 1517 8447 1517 8448 1520 8449 1425 8450 1425 8451 1424 8452 1517 8453 1520 8454 1519 8455 1521 8456 1521 8457 1522 8458 1520 8459 1520 8460 1522 8461 6 8462 6 8463 1425 8464 1520 8465 1521 8466 1523 8467 1324 8468 1324 8469 1524 8470 1521 8471 1521 8472 1524 8473 1 8474 1 8475 1522 8476 1521 8477 1521 8478 1519 8479 1525 8480 1525 8481 1523 8482 1521 8483 1525 8484 1329 8485 1327 8486 1327 8487 1523 8488 1525 8489 1525 8490 1519 8491 1516 8492 1516 8493 1526 8494 1525 8495 1525 8496 1526 8497 1331 8498 1331 8499 1329 8500 1525 8501 1526 8502 1516 8503 1514 8504 1514 8505 1336 8506 1526 8507 1526 8508 1336 8509 1333 8510 1333 8511 1331 8512 1526 8513 1524 8514 1324 8515 1322 8516 1322 8517 1321 8518 1524 8519 1524 8520 1321 8521 2 8522 2 8523 1 8524 1524 8525 1523 8526 1327 8527 1325 8528 1325 8529 1324 8530 1523 8531 1428 8532 1427 8533 167 8534 167 8535 67 8536 1428 8537 1412 8538 1411 8539 1499 8540 1499 8541 1415 8542 1412 8543 1386 8544 1302 8545 1301 8546 1301 8547 138 8548 1386 8549 1386 8550 138 8551 137 8552 137 8553 1381 8554 1386 8555 1386 8556 1385 8557 1304 8558 1304 8559 1302 8560 1386 8561 1378 8562 1376 8563 94 8564 94 8565 93 8566 1378 8567 1376 8568 1374 8569 97 8570 97 8571 94 8572 1376 8573 1321 8574 1319 8575 1318 8576 1318 8577 2 8578 1321 8579 1301 8580 1300 8581 139 8582 139 8583 138 8584 1301 8585 1206 8586 1198 8587 1196 8588 1196 8589 1195 8590 1206 8591 1112 8592 1110 8593 1042 8594 1042 8595 1040 8596 1112 8597 1012 8598 82 8599 79 8600 79 8601 1007 8602 1012 8603 964 8604 870 8605 868 8606 868 8607 16 8608 964 8609 964 8610 16 8611 13 8612 13 8613 959 8614 964 8615 964 8616 963 8617 872 8618 872 8619 870 8620 964 8621 930 8622 928 8623 22 8624 22 8625 26 8626 930 8627 916 8628 915 8629 86 8630 86 8631 85 8632 916 8633 868 8634 866 8635 17 8636 17 8637 16 8638 868 8639 866 8640 864 8641 20 8642 20 8643 17 8644 866 8645 842 8646 840 8647 839 8648 839 8649 1527 8650 842 8651 839 8652 835 8653 824 8654 824 8655 821 8656 839 8657 839 8658 821 8659 820 8660 820 8661 1527 8662 839 8663 838 8664 1528 8665 1529 8666 1529 8667 1530 8668 838 8669 838 8670 1530 8671 834 8672 834 8673 833 8674 838 8675 838 8676 837 8677 63 8678 63 8679 1528 8680 838 8681 1530 8682 1529 8683 161 8684 161 8685 160 8686 1530 8687 1530 8688 160 8689 1531 8690 1531 8691 834 8692 1530 8693 1531 8694 160 8695 159 8696 159 8697 1532 8698 1531 8699 1531 8700 1532 8701 1533 8702 1533 8703 831 8704 1531 8705 1531 8706 831 8707 830 8708 830 8709 834 8710 1531 8711 1533 8712 1532 8713 1534 8714 1534 8715 1535 8716 1533 8717 1533 8718 1535 8719 128 8720 128 8721 127 8722 1533 8723 1533 8724 127 8725 126 8726 126 8727 831 8728 1533 8729 1535 8730 1536 8731 1537 8732 1537 8733 128 8734 1535 8735 1535 8736 1534 8737 1538 8738 1538 8739 1536 8740 1535 8741 1538 8742 1539 8743 1540 8744 1540 8745 1536 8746 1538 8747 1538 8748 1534 8749 158 8750 158 8751 1541 8752 1538 8753 1538 8754 1541 8755 1542 8756 1542 8757 1539 8758 1538 8759 1542 8760 1543 8761 1544 8762 1544 8763 1539 8764 1542 8765 1542 8766 1541 8767 1545 8768 1545 8769 1546 8770 1542 8771 1542 8772 1546 8773 730 8774 730 8775 1543 8776 1542 8777 1546 8778 1545 8779 1547 8780 1547 8781 733 8782 1546 8783 1546 8784 733 8785 731 8786 731 8787 730 8788 1546 8789 1547 8790 1545 8791 157 8792 157 8793 162 8794 1547 8795 1547 8796 162 8797 1548 8798 1548 8799 1549 8800 1547 8801 1547 8802 1549 8803 734 8804 734 8805 733 8806 1547 8807 1549 8808 1548 8809 1550 8810 1550 8811 1551 8812 1549 8813 1549 8814 1551 8815 735 8816 735 8817 734 8818 1549 8819 1551 8820 1550 8821 60 8822 60 8823 59 8824 1551 8825 1551 8826 59 8827 737 8828 737 8829 735 8830 1551 8831 1550 8832 1548 8833 1529 8834 1529 8835 1528 8836 1550 8837 1550 8838 1528 8839 63 8840 63 8841 60 8842 1550 8843 1548 8844 162 8845 161 8846 161 8847 1529 8848 1548 8849 1545 8850 1541 8851 158 8852 158 8853 157 8854 1545 8855 1544 8856 717 8857 715 8858 715 8859 714 8860 1544 8861 1544 8862 714 8863 1540 8864 1540 8865 1539 8866 1544 8867 1544 8868 1543 8869 727 8870 727 8871 717 8872 1544 8873 1543 8874 730 8875 728 8876 728 8877 727 8878 1543 8879 1540 8880 714 8881 712 8882 712 8883 711 8884 1540 8885 1540 8886 711 8887 1537 8888 1537 8889 1536 8890 1540 8891 1537 8892 711 8893 709 8894 709 8895 708 8896 1537 8897 1537 8898 708 8899 123 8900 123 8901 128 8902 1537 8903 1534 8904 1532 8905 159 8906 159 8907 158 8908 1534 8909 823 8910 115 8911 114 8912 114 8913 818 8914 823 8915 741 8916 739 8917 58 8918 58 8919 62 8920 741 8921 739 8922 737 8923 59 8924 59 8925 58 8926 739 8927 727 8928 720 8929 718 8930 718 8931 717 8932 727 8933 708 8934 706 8935 124 8936 124 8937 123 8938 708 8939 704 8940 702 8941 117 8942 117 8943 116 8944 704 8945 698 8946 697 8947 119 8948 119 8949 118 8950 698 8951 646 8952 517 8953 51 8954 51 8955 50 8956 646 8957 619 8958 607 8959 603 8960 603 8961 602 8962 619 8963 619 8964 615 8965 613 8966 613 8967 607 8968 619 8969 611 8970 1552 8971 1553 8972 1553 8973 1554 8974 611 8975 611 8976 1554 8977 606 8978 606 8979 605 8980 611 8981 611 8982 610 8983 1555 8984 1555 8985 1552 8986 611 8987 1555 8988 1556 8989 1557 8990 1557 8991 1552 8992 1555 8993 1555 8994 610 8995 503 8996 503 8997 501 8998 1555 8999 1555 9000 501 9001 499 9002 499 9003 1556 9004 1555 9005 1557 9006 491 9007 489 9008 489 9009 1558 9010 1557 9011 1557 9012 1558 9013 1553 9014 1553 9015 1552 9016 1557 9017 1557 9018 1556 9019 493 9020 493 9021 491 9022 1557 9023 1558 9024 489 9025 487 9026 487 9027 486 9028 1558 9029 1558 9030 486 9031 1559 9032 1559 9033 1553 9034 1558 9035 1559 9036 486 9037 484 9038 484 9039 1560 9040 1559 9041 1559 9042 1560 9043 1561 9044 1561 9045 1562 9046 1559 9047 1559 9048 1562 9049 1554 9050 1554 9051 1553 9052 1559 9053 1562 9054 1561 9055 1563 9056 1563 9057 1564 9058 1562 9059 1562 9060 1564 9061 606 9062 606 9063 1554 9064 1562 9065 1564 9066 1563 9067 1565 9068 1565 9069 601 9070 1564 9071 1564 9072 601 9073 600 9074 600 9075 606 9076 1564 9077 1565 9078 1563 9079 1566 9080 1566 9081 1567 9082 1565 9083 1565 9084 1567 9085 1568 9086 1568 9087 596 9088 1565 9089 1565 9090 596 9091 595 9092 595 9093 601 9094 1565 9095 1568 9096 1567 9097 1569 9098 1569 9099 1570 9100 1568 9101 1568 9102 1570 9103 1571 9104 1571 9105 591 9106 1568 9107 1568 9108 591 9109 590 9110 590 9111 596 9112 1568 9113 1571 9114 1570 9115 1572 9116 1572 9117 1573 9118 1571 9119 1571 9120 1573 9121 1574 9122 1574 9123 586 9124 1571 9125 1571 9126 586 9127 585 9128 585 9129 591 9130 1571 9131 1574 9132 1573 9133 1575 9134 1575 9135 1576 9136 1574 9137 1574 9138 1576 9139 1577 9140 1577 9141 581 9142 1574 9143 1574 9144 581 9145 580 9146 580 9147 586 9148 1574 9149 1577 9150 109 9151 562 9152 562 9153 567 9154 1577 9155 1577 9156 567 9157 576 9158 576 9159 581 9160 1577 9161 1575 9162 1578 9163 1579 9164 1579 9165 112 9166 1575 9167 1575 9168 1573 9169 1572 9170 1572 9171 1578 9172 1575 9173 1579 9174 470 9175 468 9176 468 9177 467 9178 1579 9179 1579 9180 467 9181 113 9182 113 9183 112 9184 1579 9185 1579 9186 1578 9187 1580 9188 1580 9189 470 9190 1579 9191 1580 9192 473 9193 471 9194 471 9195 470 9196 1580 9197 1580 9198 1578 9199 1572 9200 1572 9201 1581 9202 1580 9203 1580 9204 1581 9205 1582 9206 1582 9207 473 9208 1580 9209 1582 9210 476 9211 474 9212 474 9213 473 9214 1582 9215 1582 9216 1581 9217 1569 9218 1569 9219 1583 9220 1582 9221 1582 9222 1583 9223 1584 9224 1584 9225 476 9226 1582 9227 1584 9228 479 9229 477 9230 477 9231 476 9232 1584 9233 1584 9234 1583 9235 1566 9236 1566 9237 1585 9238 1584 9239 1584 9240 1585 9241 1586 9242 1586 9243 479 9244 1584 9245 1586 9246 482 9247 480 9248 480 9249 479 9250 1586 9251 1586 9252 1585 9253 1561 9254 1561 9255 1560 9256 1586 9257 1586 9258 1560 9259 484 9260 484 9261 482 9262 1586 9263 1585 9264 1566 9265 1563 9266 1563 9267 1561 9268 1585 9269 1583 9270 1569 9271 1567 9272 1567 9273 1566 9274 1583 9275 1581 9276 1572 9277 1570 9278 1570 9279 1569 9280 1581 9281 1556 9282 499 9283 497 9284 497 9285 493 9286 1556 9287 517 9288 515 9289 514 9290 514 9291 51 9292 517 9293 467 9294 465 9295 464 9296 464 9297 113 9298 467 9299 408 9300 405 9301 148 9302 148 9303 147 9304 408 9305 206 9306 105 9307 101 9308 101 9309 201 9310 206 9311 185 9312 183 9313 182 9314 182 9315 1587 9316 185 9317 167 9318 166 9319 68 9320 68 9321 67 9322 167 9323 166 9324 165 9325 75 9326 75 9327 68 9328 166 9329 154 9330 153 9331 41 9332 41 9333 38 9334 154 9335 0 9336 6 9337 1522 9338 1522 9339 1 9340 0 9341 280 9342 185 9343 1587 9344 1587 9345 283 9346 280 9347 1426 9348 1420 9349 1422 9350 1422 9351 1429 9352 1426 9353 1577 9354 1576 9355 1588 9356 1588 9357 109 9358 1577 9359 1588 9360 106 9361 109 9362 1576 9363 1575 9364 112 9365 112 9366 1588 9367 1576 9368 112 9369 106 9370 1588 9371 1419 9372 1417 9373 1589 9374 1430 9375 1429 9376 1589 9377 168 9378 1430 9379 1589 9380 1415 9381 1499 9382 1589 9383 1429 9384 1422 9385 1589 9386 1422 9387 1419 9388 1589 9389 1416 9390 1415 9391 1589 9392 1417 9393 1416 9394 1589 9395 163 9396 168 9397 1589 9398 164 9399 163 9400 1589 9401 1499 9402 1498 9403 1589 9404 1498 9405 1432 9406 1589 9407 1432 9408 1431 9409 1589 9410 1431 9411 164 9412 1589 9413 182 9414 180 9415 1590 9416 179 9417 245 9418 1590 9419 248 9420 251 9421 1590 9422 251 9423 151 9424 1590 9425 155 9426 282 9427 1590 9428 1587 9429 182 9430 1590 9431 282 9432 283 9433 1590 9434 245 9435 244 9436 1590 9437 244 9438 248 9439 1590 9440 150 9441 155 9442 1590 9443 151 9444 150 9445 1590 9446 176 9447 179 9448 1590 9449 180 9450 176 9451 1590 9452 283 9453 1587 9454 1590 9455 816 9456 815 9457 1591 9458 817 9459 816 9460 1591 9461 818 9462 817 9463 1591 9464 819 9465 823 9466 1591 9467 843 9468 842 9469 1591 9470 844 9471 843 9472 1591 9473 845 9474 844 9475 1591 9476 849 9477 847 9478 1591 9479 921 9480 920 9481 1591 9482 815 9483 921 9484 1591 9485 1095 9486 1094 9487 1591 9488 1096 9489 1095 9490 1591 9491 920 9492 1096 9493 1591 9494 1101 9495 1099 9496 1591 9497 1103 9498 1101 9499 1591 9500 1106 9501 1103 9502 1591 9503 842 9504 1527 9505 1591 9506 823 9507 818 9508 1591 9509 1527 9510 820 9511 1591 9512 820 9513 819 9514 1591 9515 846 9516 845 9517 1591 9518 847 9519 846 9520 1591 9521 922 9522 849 9523 1591 9524 923 9525 922 9526 1591 9527 1098 9528 1097 9529 1591 9530 1097 9531 923 9532 1591 9533 1099 9534 1098 9535 1591 9536 1094 9537 1106 9538 1591 9539</p>
        </triangles>
      </mesh>
    </geometry>
  </library_geometries>
  <library_visual_scenes>
    <visual_scene id="arm_l_link5" name="arm_l_link5">
      <node name="arm_l_link5" id="arm_l_link5" sid="arm_l_link5">
        <node id="arm_l_link5-Pivot" name="arm_l_link5-Pivot">
          <translate>-0.000103 -0.000857 0.226908</translate>
          <rotate>0.000000 0.000000 0.000000 0.000000</rotate>
          <instance_geometry url="#arm_l_link5-lib">
            <bind_material>
              <technique_common>
                <instance_material symbol="white" target="#white"/>
              </technique_common>
            </bind_material>
          </instance_geometry>
        </node>
        <extra>
          <technique profile="FCOLLADA">
            <visibility>1.000000</visibility>
          </technique>
        </extra>
      </node>
      <extra>
        <technique profile="MAX3D">
          <frame_rate>30.000000</frame_rate>
        </technique>
        <technique profile="FCOLLADA">
          <start_time>0.000000</start_time>
          <end_time>3.333333</end_time>
        </technique>
      </extra>
    </visual_scene>
  </library_visual_scenes>
  <scene>
    <instance_visual_scene url="#arm_l_link5"/>
  </scene>
</COLLADA>
