<?xml version="1.0" encoding="utf-8"?>
<COLLADA xmlns="http://www.collada.org/2005/11/COLLADASchema" version="1.4.1">
  <asset>
    <contributor>
      <author/>
      <authoring_tool>FBX COLLADA exporter</authoring_tool>
      <comments/>
    </contributor>
    <created>2026-06-09T06:35:37Z</created>
    <keywords/>
    <modified>2026-06-09T06:35:37Z</modified>
    <revision/>
    <subject/>
    <title/>
    <unit meter="1.000000" name="centimeter"/>
    <up_axis>Z_UP</up_axis>
  </asset>
  <library_materials>
    <material id="white" name="white">
      <instance_effect url="#white-fx"/>
    </material>
  </library_materials>
  <library_effects>
    <effect id="white-fx" name="white">
      <profile_COMMON>
        <technique sid="standard">
          <phong>
            <emission>
              <color sid="emission">0.000000  0.000000 0.000000 1.000000</color>
            </emission>
            <ambient>
              <color sid="ambient">0.766000  0.766000 0.766000 1.000000</color>
            </ambient>
            <diffuse>
              <color sid="diffuse">0.766000  0.766000 0.766000 1.000000</color>
            </diffuse>
            <specular>
              <color sid="specular">2.763290  2.763290 2.763290 1.000000</color>
            </specular>
            <shininess>
              <float sid="shininess">13.928808</float>
            </shininess>
          </phong>
        </technique>
      </profile_COMMON>
    </effect>
  </library_effects>
  <library_geometries>
    <geometry id="arm_r_link3-lib" name="arm_r_link3Mesh">
      <mesh>
        <source id="arm_r_link3-POSITION">
          <float_array id="arm_r_link3-POSITION-array" count="3873">
-0.020678 -0.048153 0.006066
-0.019467 -0.046083 -0.002423
-0.009280 -0.046965 -0.004178
-0.007450 -0.048503 0.001880
-0.029794 -0.045705 0.005434
-0.027466 -0.043575 -0.001723
-0.028343 -0.048452 0.015157
-0.033985 -0.046702 0.013967
-0.005899 -0.049369 0.005846
-0.016217 -0.049369 0.010836
0.042449 0.002151 -0.086053
0.041139 0.008577 -0.077990
0.040651 0.001869 -0.072624
0.041170 -0.004624 -0.077910
0.041458 -0.009159 -0.089598
0.041967 -0.007601 -0.098574
0.042811 0.002721 -0.097534
0.040031 -0.012652 -0.082137
0.040950 0.013884 -0.089584
0.039695 0.017004 -0.082208
0.041323 0.013126 -0.098568
-0.022432 0.049833 0.003339
-0.031711 0.046876 0.004104
-0.036195 0.047966 0.012517
-0.031224 0.050052 0.012816
-0.019350 0.047698 -0.005493
-0.028397 0.045180 -0.003735
-0.027701 0.050636 0.013647
-0.018606 0.050636 0.005808
0.027004 0.001501 -0.050590
0.027820 -0.001972 -0.052494
0.030195 0.001608 -0.056105
0.027896 0.005000 -0.052273
0.025818 0.006511 -0.048196
0.025482 0.001281 -0.047301
0.025636 -0.004045 -0.048433
0.007618 -0.048581 -0.000285
0.021240 -0.048879 0.003453
0.017987 -0.049369 0.005987
0.006248 -0.049369 0.004078
0.001484 -0.046856 -0.006367
0.009464 -0.045845 -0.008767
0.016157 -0.047197 -0.003861
0.025902 -0.047556 0.000846
0.012112 0.049791 -0.004300
0.010466 0.050636 -0.001136
0.023191 0.050636 0.001974
0.026196 0.049446 0.000233
0.006147 0.047914 -0.010419
-0.006625 0.048639 -0.008421
-0.005754 0.050115 -0.002540
-0.004837 0.050636 -0.000150
0.022290 0.045646 -0.006309
0.015664 0.044677 -0.011457
-0.019524 0.053736 0.027345
-0.020096 0.041636 0.028203
-0.023224 0.041636 0.035256
-0.022860 0.053736 0.034381
-0.014380 0.053736 0.021354
-0.015154 0.041636 0.022010
-0.007767 0.053736 0.016793
-0.008537 0.041636 0.017150
-0.000574 0.041636 0.014153
-0.000073 0.053736 0.014058
0.007901 0.041636 0.013510
0.007999 0.053736 0.013517
0.015837 0.041636 0.015117
0.015602 0.053736 0.015019
0.022720 0.041636 0.018509
0.022272 0.053736 0.018149
0.028238 0.041636 0.023198
0.027674 0.053736 0.022604
0.032312 0.041636 0.028801
0.031805 0.053736 0.027933
0.035082 0.041636 0.034993
0.034795 0.053736 0.033933
0.036317 0.041636 0.041569
0.036169 0.053736 0.040505
0.036050 0.041636 0.048197
0.036157 0.053736 0.047210
0.034418 0.041636 0.054660
0.034708 0.053736 0.053797
0.031255 0.041636 0.060655
0.031728 0.053736 0.059936
0.027409 0.053736 0.065319
0.026859 0.041636 0.065876
-0.023780 0.053736 0.049626
-0.023677 0.041636 0.050194
-0.021202 0.041636 0.057182
-0.021372 0.053736 0.056813
-0.024311 0.053736 0.041957
-0.024390 0.041636 0.042715
-0.032192 0.042922 0.022587
-0.036280 0.042830 0.032764
-0.025568 0.042907 0.013466
-0.016395 0.042947 0.006146
-0.004147 0.043022 0.001242
0.009190 0.042793 0.000333
0.021053 0.042722 0.003008
0.031334 0.042810 0.008274
0.039209 0.042928 0.015361
0.044715 0.042927 0.023558
0.048228 0.042867 0.032428
0.049608 0.042748 0.041786
0.048975 0.042719 0.051301
0.046439 0.042790 0.060525
0.041847 0.042878 0.068933
0.035465 0.042932 0.076219
0.021946 0.053736 0.069663
0.021398 0.041636 0.070064
0.015028 0.041636 0.072838
0.015537 0.053736 0.072627
0.008138 0.041636 0.074088
0.008542 0.053736 0.074109
0.001089 0.041636 0.073759
0.001316 0.053736 0.073855
-0.005662 0.053736 0.071798
-0.005744 0.041636 0.071765
-0.012001 0.053736 0.068156
-0.011954 0.041636 0.068196
-0.017343 0.053736 0.063094
-0.017202 0.041636 0.063271
-0.036541 0.042906 0.053907
-0.032960 0.042914 0.063633
-0.037813 0.042826 0.043455
-0.037506 0.050136 0.033168
-0.038872 0.050136 0.043975
-0.033598 0.050136 0.022921
-0.027230 0.050136 0.013866
-0.018193 0.050136 0.006132
-0.004718 0.050136 0.000329
0.010245 0.050136 -0.000676
0.022806 0.050136 0.002362
0.033033 0.050135 0.008162
0.040764 0.050122 0.015437
0.046102 0.050109 0.023856
0.049491 0.050107 0.032909
0.050872 0.050107 0.042422
0.050142 0.050107 0.052034
0.047358 0.050107 0.061333
0.042521 0.050107 0.069830
0.035898 0.050107 0.077168
0.027597 0.042922 0.082086
0.027802 0.050107 0.083013
0.018427 0.042956 0.085823
0.008614 0.042893 0.087445
-0.001381 0.042875 0.086932
-0.011023 0.042902 0.084116
-0.019804 0.042888 0.079129
-0.027310 0.042903 0.072227
-0.033775 0.050125 0.064454
-0.027902 0.050113 0.073063
-0.037567 0.050136 0.054623
-0.038048 0.050636 0.054785
-0.034232 0.050623 0.064733
-0.039370 0.050636 0.044028
-0.041888 0.049701 0.044617
-0.040305 0.049306 0.055842
-0.038003 0.050636 0.033114
-0.040772 0.050043 0.033132
-0.034085 0.050636 0.022782
-0.037071 0.050191 0.022309
-0.040394 0.048478 0.022255
-0.043310 0.048194 0.033485
-0.043552 0.044659 0.023255
-0.045431 0.044520 0.034564
-0.040665 0.044139 0.013291
-0.045076 0.038843 0.015788
-0.046454 0.039619 0.025547
-0.037993 0.042844 0.004845
-0.043879 0.037609 0.007270
-0.035863 0.041466 -0.002418
-0.042226 0.036428 -0.000498
-0.034215 0.040447 -0.009793
-0.040650 0.035685 -0.008255
-0.026509 0.043699 -0.011120
-0.025165 0.042975 -0.018236
-0.032854 0.039968 -0.017226
-0.017608 0.045845 -0.012628
-0.016624 0.044850 -0.019245
-0.007171 0.046811 -0.014143
-0.007398 0.045610 -0.020222
0.003203 0.046265 -0.015484
0.001634 0.044987 -0.021056
0.011822 0.043529 -0.016311
0.009639 0.042484 -0.021557
0.018234 0.038650 -0.016251
0.015755 0.038002 -0.021470
0.022014 0.039502 -0.011226
0.025973 0.033078 -0.009972
0.022282 0.032581 -0.015342
0.027348 0.040019 -0.005820
0.030688 0.033611 -0.004477
0.034041 0.040203 0.000048
0.036337 0.033934 0.001486
0.030975 0.045365 -0.000725
0.039181 0.044968 0.005998
0.040833 0.039919 0.006867
0.036450 0.048843 0.006388
0.043964 0.048285 0.014228
0.045893 0.044366 0.014063
0.033464 0.050635 0.007859
0.041248 0.050620 0.015186
0.046635 0.050606 0.023693
0.049454 0.047927 0.023041
0.050046 0.050604 0.032846
0.053005 0.047740 0.032598
0.051429 0.050604 0.042464
0.054123 0.047600 0.042738
0.050677 0.050604 0.052185
0.053439 0.047788 0.052966
0.047841 0.050604 0.061587
0.050553 0.047998 0.062990
0.042951 0.050604 0.070185
0.045473 0.048108 0.072193
0.036246 0.050604 0.077606
0.038270 0.048179 0.080126
0.028046 0.050604 0.083511
0.029466 0.048218 0.086425
0.018625 0.050604 0.087394
0.019445 0.048220 0.090521
0.018492 0.050107 0.086855
0.008506 0.050107 0.088528
0.008523 0.050604 0.089082
-0.001635 0.050107 0.087982
-0.011420 0.050107 0.085131
-0.020315 0.050108 0.080047
-0.020628 0.050604 0.080505
-0.011637 0.050604 0.085648
-0.028299 0.050610 0.073442
-0.030222 0.048725 0.075337
-0.022272 0.048487 0.082947
-0.036197 0.048916 0.066123
-0.037459 0.046171 0.067178
-0.031147 0.045814 0.076418
-0.041959 0.046819 0.056777
-0.042682 0.043037 0.057602
-0.037956 0.042393 0.067851
-0.043939 0.047571 0.045329
-0.045207 0.043893 0.046316
-0.045844 0.038816 0.047667
-0.042890 0.037925 0.058470
-0.046868 0.039449 0.036457
-0.047895 0.032970 0.038798
-0.046212 0.032343 0.049229
-0.048377 0.033028 0.028670
-0.049351 0.025623 0.031307
-0.048371 0.025621 0.040845
-0.048212 0.032407 0.019267
-0.049647 0.025164 0.022142
-0.047611 0.031314 0.010516
-0.049488 0.024404 0.013272
-0.046618 0.030294 0.002034
-0.049046 0.023696 0.004378
-0.045387 0.029809 -0.006403
-0.048335 0.023390 -0.004541
-0.044364 0.029929 -0.014772
-0.047707 0.023591 -0.013363
-0.039383 0.035589 -0.016106
-0.038281 0.036016 -0.024010
-0.043597 0.030533 -0.023057
-0.031591 0.040070 -0.024800
-0.030400 0.040876 -0.032395
-0.037146 0.036747 -0.031889
-0.023990 0.042893 -0.025482
-0.022813 0.043623 -0.032810
-0.015753 0.044577 -0.026099
-0.014743 0.045002 -0.033150
-0.007249 0.045051 -0.026632
-0.006617 0.045188 -0.033358
0.001042 0.044251 -0.027043
0.001178 0.044143 -0.033407
0.008458 0.041842 -0.027235
0.008173 0.041556 -0.033216
0.014282 0.037576 -0.026992
0.013714 0.037281 -0.032744
0.018171 0.031934 -0.026273
0.017633 0.031845 -0.031964
0.019749 0.032210 -0.020737
0.022146 0.025874 -0.019670
0.020540 0.025746 -0.025304
0.024715 0.026097 -0.014110
0.026233 0.019442 -0.012942
0.023601 0.019364 -0.018588
0.028362 0.026398 -0.008569
0.029900 0.019600 -0.007356
0.032864 0.026702 -0.002961
0.034314 0.019768 -0.001783
0.038086 0.026962 0.002873
0.039270 0.019885 0.003947
0.043596 0.026923 0.009279
0.044530 0.019907 0.010167
0.042321 0.033709 0.008099
0.047894 0.033290 0.015671
0.048780 0.026684 0.016558
0.046946 0.039304 0.014746
0.051816 0.038694 0.023576
0.052442 0.032833 0.024260
0.051051 0.043780 0.023054
0.054465 0.043496 0.032770
0.054952 0.038423 0.033249
0.055503 0.043506 0.043099
0.056032 0.038604 0.043504
0.054684 0.043904 0.053552
0.055001 0.039149 0.053949
0.051469 0.044220 0.063644
0.051724 0.039602 0.064049
0.046109 0.044441 0.072923
0.046310 0.039949 0.073343
0.038821 0.044543 0.080969
0.038942 0.040179 0.081377
0.029807 0.044626 0.087262
0.029878 0.040321 0.087678
0.019583 0.044663 0.091441
0.019597 0.040391 0.091864
0.008636 0.044671 0.093324
0.008584 0.040440 0.093705
0.008630 0.048174 0.092243
-0.002315 0.048278 0.091565
-0.002510 0.044811 0.092594
-0.001736 0.050604 0.088523
-0.012764 0.048394 0.088445
-0.013211 0.045095 0.089458
-0.022926 0.045457 0.083930
-0.023100 0.041694 0.084327
-0.013345 0.041175 0.089819
-0.031387 0.042139 0.076891
-0.031434 0.036747 0.077275
-0.023159 0.036331 0.084629
-0.038075 0.037185 0.068434
-0.038082 0.030818 0.069042
-0.031464 0.030309 0.077679
-0.042961 0.031522 0.059424
-0.042912 0.024358 0.060249
-0.038020 0.023740 0.069540
-0.046273 0.025088 0.050574
-0.046189 0.017459 0.051584
-0.042813 0.016880 0.060885
-0.048357 0.017930 0.042343
-0.048270 0.010077 0.043281
-0.046079 0.009662 0.052238
-0.049553 0.018047 0.033224
-0.049520 0.010266 0.034468
-0.050071 0.017769 0.024281
-0.050114 0.010268 0.025674
-0.050198 0.017286 0.015361
-0.050371 0.010182 0.016715
-0.050161 0.016897 0.006239
-0.050575 0.010103 0.007510
-0.049950 0.016805 -0.002961
-0.050798 0.010210 -0.001856
-0.049897 0.017096 -0.012102
-0.051045 0.010546 -0.011158
-0.049901 0.017688 -0.021000
-0.051308 0.011059 -0.020248
-0.047374 0.024271 -0.021983
-0.046912 0.025143 -0.030399
-0.049798 0.018482 -0.029628
-0.042737 0.031380 -0.031210
-0.041713 0.032325 -0.039188
-0.046252 0.026065 -0.038608
-0.035904 0.037726 -0.039686
-0.034503 0.038718 -0.047365
-0.040626 0.033339 -0.046974
-0.029058 0.041988 -0.040034
-0.027385 0.042936 -0.047616
-0.021390 0.044712 -0.040246
-0.019618 0.045884 -0.047707
-0.013359 0.046020 -0.040336
-0.011517 0.047279 -0.047649
-0.005451 0.045855 -0.040263
-0.003563 0.046903 -0.047354
0.002062 0.044469 -0.039971
0.003765 0.045111 -0.046748
0.008809 0.041672 -0.039497
0.010312 0.041997 -0.045919
0.014203 0.037266 -0.038759
0.015614 0.037433 -0.044889
0.018014 0.031822 -0.037780
0.019280 0.031873 -0.043723
0.020224 0.025750 -0.036713
0.021353 0.025655 -0.042445
0.019849 0.025709 -0.030992
0.021167 0.019423 -0.029986
0.021374 0.019483 -0.035619
0.021882 0.019362 -0.024297
0.022693 0.012892 -0.023460
0.021918 0.013041 -0.029086
0.024403 0.012789 -0.017726
0.024797 0.006114 -0.017231
0.023042 0.006312 -0.022917
0.027032 0.012729 -0.012022
0.027497 0.005942 -0.011545
0.030674 0.012728 -0.006432
0.031121 0.005824 -0.005991
0.035123 0.012764 -0.000971
0.035567 0.005730 -0.000561
0.040015 0.012792 0.004653
0.040389 0.005644 0.005030
0.045133 0.012785 0.010773
0.045415 0.005570 0.011101
0.049889 0.012742 0.017836
0.050124 0.005537 0.018122
0.049436 0.019814 0.017308
0.053429 0.019702 0.025531
0.053705 0.012708 0.025977
0.052967 0.026444 0.024948
0.055698 0.026366 0.034324
0.056005 0.019702 0.034789
0.055341 0.032648 0.033792
0.056330 0.032878 0.043954
0.056568 0.026572 0.044394
0.055183 0.033421 0.054345
0.055363 0.027048 0.054728
0.051855 0.034023 0.064427
0.051981 0.027623 0.064793
0.046385 0.034413 0.073703
0.046465 0.028065 0.074061
0.038965 0.034653 0.081708
0.038992 0.028333 0.082051
0.029862 0.034801 0.087983
0.029840 0.028528 0.088291
0.019547 0.034903 0.092146
0.019484 0.028667 0.092428
0.008511 0.035065 0.093958
0.008425 0.028824 0.094220
-0.002689 0.035362 0.093229
-0.002775 0.029089 0.093475
-0.002610 0.040692 0.092984
-0.013421 0.035793 0.090073
-0.013500 0.029477 0.090323
-0.023214 0.029920 0.084936
-0.023257 0.022882 0.085187
-0.013576 0.022507 0.090531
-0.031458 0.023266 0.078010
-0.031445 0.015931 0.078259
-0.023303 0.015579 0.085388
-0.037946 0.016359 0.069923
-0.037885 0.008784 0.070155
-0.031446 0.008440 0.078395
-0.042705 0.009205 0.061290
-0.042665 0.001401 0.061435
-0.037873 0.001116 0.070205
-0.046022 0.001738 0.052506
-0.046047 -0.006218 0.052368
-0.042702 -0.006431 0.061298
-0.048224 0.002084 0.043687
-0.048237 -0.005898 0.043547
-0.049520 0.002421 0.035009
-0.049524 -0.005440 0.034870
-0.050125 0.002743 0.026251
-0.050129 -0.004809 0.026126
-0.050424 0.003037 0.017251
-0.050403 -0.004074 0.017237
-0.050688 0.003349 0.008135
-0.050653 -0.003372 0.008110
-0.051053 0.003675 -0.001287
-0.050996 -0.002817 -0.001256
-0.051515 0.004045 -0.010666
-0.051476 -0.002404 -0.010617
-0.051932 0.004454 -0.019832
-0.051895 -0.002094 -0.019772
-0.052234 0.004882 -0.028683
-0.052238 -0.001873 -0.028616
-0.051492 0.011681 -0.029028
-0.051484 0.012338 -0.037509
-0.052374 0.005311 -0.037216
-0.049418 0.019303 -0.038004
-0.048981 0.020156 -0.046037
-0.051268 0.012995 -0.045650
-0.045483 0.027040 -0.046505
-0.044649 0.027994 -0.054165
-0.048467 0.020992 -0.053785
-0.039453 0.034359 -0.054543
-0.038313 0.035388 -0.061905
-0.043809 0.028971 -0.061591
-0.033020 0.039757 -0.054861
-0.031517 0.040732 -0.062188
-0.025599 0.043911 -0.055075
-0.023745 0.044813 -0.062394
-0.017529 0.046702 -0.055165
-0.015300 0.047431 -0.062499
-0.009179 0.048039 -0.055042
-0.006542 0.048413 -0.062406
-0.000960 0.047764 -0.054553
0.002054 0.047878 -0.061962
0.006508 0.045821 -0.053726
0.010095 0.045824 -0.061034
0.012680 0.042227 -0.052616
0.016677 0.042017 -0.059536
0.017821 0.037515 -0.051276
0.021469 0.037093 -0.057627
0.021335 0.031682 -0.049779
0.024699 0.031165 -0.055696
0.023395 0.025308 -0.048098
0.026259 0.024488 -0.053741
0.023982 0.018978 -0.046643
0.026632 0.018028 -0.051882
0.022304 0.019395 -0.041193
0.022729 0.013213 -0.039948
0.024361 0.012904 -0.045041
0.021967 0.013195 -0.034608
0.022145 0.006777 -0.033911
0.022844 0.006958 -0.038974
0.022245 0.006544 -0.028494
0.022276 -0.000049 -0.028375
0.022181 0.000247 -0.033724
0.023144 -0.000312 -0.022821
0.022918 -0.006881 -0.023167
0.022055 -0.006556 -0.028783
0.024880 -0.000580 -0.017153
0.024621 -0.007232 -0.017500
0.027589 -0.000854 -0.011491
0.027312 -0.007636 -0.011847
0.031178 -0.001127 -0.005962
0.030862 -0.008062 -0.006307
0.035596 -0.001373 -0.000541
0.035255 -0.008460 -0.000886
0.040392 -0.001575 0.005034
0.040049 -0.008813 0.004694
0.045438 -0.001713 0.011090
0.045118 -0.009050 0.010804
0.050130 -0.001764 0.018127
0.049921 -0.009122 0.017841
0.053897 -0.001729 0.026222
0.053743 -0.009065 0.026004
0.053879 0.005547 0.026213
0.056286 0.005625 0.035350
0.056296 -0.001613 0.035376
0.056164 0.012748 0.035149
0.056903 0.012907 0.045074
0.056993 0.005787 0.045252
0.056768 0.019875 0.044779
0.055511 0.020224 0.055068
0.055596 0.013179 0.055325
0.052078 0.020657 0.065112
0.052117 0.013513 0.065351
0.046527 0.021048 0.074378
0.046536 0.013846 0.074618
0.038985 0.021342 0.082348
0.038970 0.014132 0.082598
0.029789 0.021561 0.088561
0.029738 0.014367 0.088800
0.019405 0.021739 0.092668
0.019316 0.014564 0.092863
0.008329 0.021926 0.094430
0.008223 0.014760 0.094595
-0.002872 0.022176 0.093684
-0.002975 0.014991 0.093846
-0.013656 0.015267 0.090695
-0.013736 0.007902 0.090742
-0.003082 0.007684 0.093895
-0.023337 0.008152 0.085455
-0.023402 0.000667 0.085415
-0.013838 0.000497 0.090707
-0.031477 0.000870 0.078387
-0.031569 -0.006725 0.078259
-0.023510 -0.006825 0.085289
-0.037937 -0.006597 0.070069
-0.038054 -0.014278 0.069741
-0.031703 -0.014290 0.078000
-0.042808 -0.014234 0.060880
-0.042943 -0.021915 0.060204
-0.038194 -0.021850 0.069239
-0.046133 -0.014119 0.051819
-0.046226 -0.021891 0.050884
-0.048282 -0.013841 0.042830
-0.048263 -0.021613 0.041571
-0.049523 -0.013211 0.033990
-0.049411 -0.020794 0.032439
-0.050106 -0.012233 0.025214
-0.049835 -0.019547 0.023608
-0.050292 -0.011128 0.016427
-0.049921 -0.018118 0.014914
-0.050419 -0.010101 0.007362
-0.049861 -0.016751 0.006037
-0.050610 -0.009296 -0.001850
-0.049597 -0.015755 -0.002941
-0.050873 -0.008800 -0.011052
-0.049564 -0.015234 -0.011883
-0.051204 -0.008623 -0.020083
-0.049769 -0.015151 -0.020700
-0.051485 -0.008614 -0.028844
-0.049867 -0.015292 -0.029315
-0.051604 -0.008653 -0.037329
-0.049799 -0.015532 -0.037706
-0.052435 -0.001694 -0.037150
-0.052497 -0.001525 -0.045358
-0.051590 -0.008730 -0.045496
-0.052411 0.005742 -0.045412
-0.052274 0.006157 -0.053284
-0.052421 -0.001357 -0.053241
-0.050985 0.013650 -0.053473
-0.050727 0.014306 -0.061020
-0.052183 0.006575 -0.060859
-0.047972 0.021842 -0.061279
-0.047487 0.022712 -0.068573
-0.050425 0.014939 -0.068357
-0.042996 0.029917 -0.068821
-0.042295 0.030847 -0.075866
-0.047005 0.023517 -0.075662
-0.037178 0.036358 -0.069074
-0.036141 0.037309 -0.076075
-0.030084 0.041701 -0.069310
-0.028681 0.042551 -0.076268
-0.021938 0.045675 -0.069518
-0.020192 0.046369 -0.076443
-0.013052 0.047993 -0.069648
-0.010916 0.048421 -0.076558
-0.003841 0.048596 -0.069606
-0.001294 0.048634 -0.076493
0.005245 0.047516 -0.069205
0.008203 0.046932 -0.076117
0.013681 0.044763 -0.068285
0.017006 0.043407 -0.075248
0.020952 0.040580 -0.066613
0.024572 0.038352 -0.073653
0.026299 0.035260 -0.064327
0.030307 0.032207 -0.071231
0.029317 0.029125 -0.061736
0.034057 0.025644 -0.068199
0.030055 0.022602 -0.059448
0.035082 0.019009 -0.065157
0.029916 0.016088 -0.057155
0.034091 0.012615 -0.062358
0.029182 0.010145 -0.054700
0.032509 0.006722 -0.059308
0.026396 0.012062 -0.049965
0.024117 0.006945 -0.043779
0.023979 0.000938 -0.043309
0.022820 0.000575 -0.038707
0.022655 -0.005781 -0.039373
0.023937 -0.005130 -0.044143
0.021973 -0.006212 -0.034222
0.021536 -0.012442 -0.035141
0.022442 -0.011901 -0.040547
0.021507 -0.012863 -0.029541
0.020759 -0.018942 -0.030463
0.021127 -0.018504 -0.036167
0.022412 -0.013273 -0.023872
0.021408 -0.019444 -0.024736
0.024040 -0.013747 -0.018184
0.022959 -0.020073 -0.019067
0.026632 -0.014317 -0.012547
0.025430 -0.020846 -0.013500
0.030138 -0.014945 -0.007021
0.028895 -0.021739 -0.008075
0.034469 -0.015572 -0.001616
0.033186 -0.022603 -0.002722
0.039318 -0.016087 0.003993
0.038175 -0.023336 0.002944
0.044528 -0.016397 0.010146
0.043586 -0.023699 0.009229
0.049463 -0.016481 0.017260
0.048748 -0.023735 0.016482
0.053452 -0.016383 0.025549
0.053000 -0.023552 0.024932
0.056043 -0.016154 0.034894
0.055763 -0.023237 0.034444
0.056208 -0.008900 0.035222
0.056932 -0.008669 0.045202
0.056815 -0.015865 0.044982
0.057000 -0.001427 0.045294
0.055634 -0.001187 0.055549
0.055578 -0.008403 0.055504
0.055640 0.006025 0.055490
0.052128 0.006308 0.065513
0.052108 -0.000918 0.065589
0.046508 0.006598 0.074784
0.046457 -0.000648 0.074869
0.038912 0.006866 0.082770
0.038836 -0.000397 0.082862
0.029647 0.007097 0.088937
0.029547 -0.000176 0.089024
0.019210 0.007298 0.092990
0.019085 0.000015 0.093056
0.008106 0.007488 0.094696
0.007963 0.000186 0.094736
-0.003216 0.000342 0.093900
-0.003366 -0.006993 0.093832
0.007808 -0.007101 0.094696
-0.013970 -0.006909 0.090607
-0.014130 -0.014261 0.090444
-0.003535 -0.014269 0.093705
-0.023656 -0.014277 0.085080
-0.023801 -0.021574 0.084765
-0.014284 -0.021460 0.090176
-0.031849 -0.021718 0.077614
-0.031966 -0.028679 0.077126
-0.023911 -0.028423 0.084355
-0.038318 -0.028987 0.068601
-0.038352 -0.035105 0.067895
-0.032036 -0.034755 0.076621
-0.043004 -0.029241 0.059283
-0.042976 -0.035480 0.058265
-0.046144 -0.029362 0.049522
-0.045810 -0.035762 0.047982
-0.047959 -0.029118 0.039681
-0.047131 -0.035637 0.037524
-0.048755 -0.028225 0.030169
-0.047286 -0.034879 0.027456
-0.048937 -0.026766 0.021248
-0.046890 -0.033338 0.018249
-0.048828 -0.024942 0.012712
-0.046253 -0.031338 0.009943
-0.048488 -0.023287 0.004208
-0.045529 -0.029568 0.001943
-0.047754 -0.022128 -0.004385
-0.044578 -0.028277 -0.006051
-0.047395 -0.021577 -0.012967
-0.043964 -0.027647 -0.014170
-0.047336 -0.021536 -0.021508
-0.043627 -0.027565 -0.022376
-0.047209 -0.021805 -0.029934
-0.043249 -0.027860 -0.030576
-0.046924 -0.022184 -0.038184
-0.042754 -0.028311 -0.038670
-0.046501 -0.022597 -0.046171
-0.042142 -0.028847 -0.046574
-0.049631 -0.015814 -0.045789
-0.049342 -0.016089 -0.053598
-0.046014 -0.023028 -0.053917
-0.051455 -0.008806 -0.053352
-0.051367 -0.008899 -0.060924
-0.049129 -0.016401 -0.061131
-0.052389 -0.001198 -0.060826
-0.052318 -0.001041 -0.068200
-0.051267 -0.008987 -0.068283
-0.052068 0.006988 -0.068226
-0.051997 0.007408 -0.075386
-0.052309 -0.000879 -0.075368
-0.050211 0.015608 -0.075493
-0.050003 0.016216 -0.082480
-0.051945 0.007806 -0.082395
-0.046569 0.024277 -0.082614
-0.046113 0.024980 -0.089459
-0.049785 0.016785 -0.089355
-0.041590 0.031694 -0.082775
-0.040875 0.032467 -0.089580
-0.035127 0.038155 -0.082939
-0.034161 0.038922 -0.089699
-0.027345 0.043315 -0.083095
-0.026092 0.043977 -0.089809
-0.018530 0.046943 -0.083218
-0.016988 0.047406 -0.089889
-0.008959 0.048723 -0.083267
-0.007166 0.048904 -0.089879
0.000958 0.048563 -0.083160
0.002934 0.048336 -0.089722
0.010715 0.046279 -0.082779
0.012809 0.045585 -0.089307
0.019772 0.041965 -0.081964
0.021924 0.040739 -0.088500
0.027528 0.035959 -0.080514
0.029685 0.033979 -0.087193
0.033419 0.028787 -0.078249
0.035724 0.025853 -0.085209
0.037225 0.021296 -0.075126
0.039055 0.014131 -0.071301
0.038518 0.007730 -0.067214
0.035555 0.001785 -0.063412
0.038472 -0.004049 -0.067145
0.032246 -0.003319 -0.059431
0.034154 -0.009186 -0.062409
0.028930 -0.007136 -0.055112
0.030087 -0.013106 -0.057407
0.026249 -0.009636 -0.050454
0.026879 -0.015508 -0.052295
0.030639 -0.019613 -0.059674
0.035528 -0.015427 -0.065191
0.026648 -0.022014 -0.054295
0.024211 -0.017016 -0.047164
0.023480 -0.023261 -0.048800
0.024930 -0.028513 -0.056299
0.029739 -0.025998 -0.062362
0.021641 -0.029298 -0.050261
0.021163 -0.023883 -0.043009
0.019183 -0.029673 -0.044139
0.018149 -0.034948 -0.051499
0.022031 -0.034312 -0.058025
0.015596 -0.034813 -0.045144
0.017611 -0.029942 -0.038079
0.014015 -0.034837 -0.038789
0.010710 -0.039095 -0.045938
0.013225 -0.039294 -0.052657
0.009125 -0.038737 -0.039260
0.013303 -0.034981 -0.032535
0.008401 -0.038697 -0.032731
0.003236 -0.041434 -0.039545
0.004797 -0.042069 -0.046566
0.002476 -0.041097 -0.032677
0.008594 -0.039072 -0.026429
0.002551 -0.041274 -0.025989
-0.004078 -0.042256 -0.032490
-0.003285 -0.042858 -0.039677
-0.004105 -0.042265 -0.025430
0.003583 -0.042160 -0.019625
-0.003355 -0.043077 -0.018587
-0.011235 -0.042269 -0.024868
-0.011011 -0.042453 -0.032253
-0.011002 -0.042989 -0.017609
-0.001670 -0.044850 -0.012115
-0.010373 -0.044814 -0.010643
-0.018658 -0.041976 -0.016903
-0.018465 -0.041433 -0.024412
-0.018904 -0.043554 -0.009584
-0.026482 -0.041446 -0.009018
-0.025951 -0.040142 -0.016431
-0.033564 -0.038332 -0.008489
-0.032919 -0.037275 -0.015942
-0.034654 -0.039968 -0.001362
-0.036339 -0.041728 0.005643
-0.040878 -0.035297 -0.000148
-0.039763 -0.033830 -0.007510
-0.041981 -0.037044 0.007202
-0.038980 -0.043427 0.014097
-0.043308 -0.038978 0.015516
-0.037973 -0.047233 0.023617
-0.041797 -0.044404 0.023823
-0.044866 -0.040228 0.025110
-0.043697 -0.044601 0.034519
-0.045779 -0.040624 0.035717
-0.040588 -0.047245 0.034019
-0.041161 -0.047144 0.044751
-0.043652 -0.044341 0.045587
-0.045162 -0.040456 0.046658
-0.041722 -0.044047 0.056369
-0.042684 -0.040171 0.057317
-0.039588 -0.047037 0.055234
-0.036109 -0.046916 0.065146
-0.037943 -0.043770 0.066537
-0.038310 -0.039879 0.067254
-0.031677 -0.043378 0.075414
-0.032019 -0.039575 0.076119
-0.030302 -0.046518 0.073897
-0.022859 -0.046434 0.081264
-0.023863 -0.043221 0.082954
-0.024045 -0.039395 0.083553
-0.014584 -0.043125 0.088640
-0.014641 -0.039214 0.089200
-0.024008 -0.034449 0.083950
-0.014553 -0.034220 0.089530
-0.004142 -0.039027 0.092661
-0.004026 -0.034072 0.092962
-0.014429 -0.028231 0.089861
-0.003876 -0.028108 0.093253
0.007118 -0.033983 0.093980
0.007281 -0.028051 0.094235
-0.003707 -0.021390 0.093505
0.007455 -0.021386 0.094449
0.018426 -0.028099 0.092647
0.018601 -0.021469 0.092838
0.007631 -0.014324 0.094591
0.018772 -0.014434 0.092962
0.029112 -0.021612 0.088863
0.029272 -0.014593 0.088974
0.018937 -0.007243 0.093035
0.029419 -0.007418 0.089030
0.038598 -0.014785 0.082811
0.038729 -0.007627 0.082872
0.038455 -0.021780 0.082701
0.046147 -0.021990 0.074681
0.046271 -0.015009 0.074806
0.046375 -0.007866 0.074872
0.051958 -0.015272 0.065484
0.052048 -0.008129 0.065576
0.051824 -0.022247 0.065316
0.055348 -0.022550 0.055140
0.055488 -0.015563 0.055362
0.051658 -0.028777 0.065096
0.055171 -0.029069 0.054868
0.045982 -0.028539 0.074488
0.045814 -0.034354 0.074278
0.051496 -0.034546 0.064864
0.038283 -0.028360 0.082527
0.038101 -0.034205 0.082321
0.028933 -0.028227 0.088686
0.028749 -0.034089 0.088472
0.018258 -0.033991 0.092415
0.018106 -0.039006 0.092182
0.028575 -0.039099 0.088232
0.006979 -0.038955 0.093712
0.006838 -0.042820 0.093182
0.017894 -0.042884 0.091706
-0.004130 -0.042899 0.092005
-0.003834 -0.046208 0.090022
0.006703 -0.046226 0.091261
-0.013928 -0.046400 0.086781
-0.012680 -0.048463 0.083631
-0.003326 -0.048436 0.086789
-0.021029 -0.048413 0.078439
-0.018651 -0.049369 0.074984
-0.011031 -0.049369 0.079603
-0.027977 -0.048379 0.071598
-0.024941 -0.049369 0.068686
-0.033208 -0.048571 0.063273
-0.029722 -0.049369 0.061179
-0.036327 -0.048720 0.053869
-0.032755 -0.049369 0.052634
-0.037593 -0.048903 0.044011
-0.033799 -0.049369 0.043461
-0.036661 -0.048685 0.033969
-0.032540 -0.049369 0.034244
-0.033593 -0.048617 0.024189
-0.029200 -0.049369 0.025535
-0.023930 -0.049368 0.017612
-0.029162 -0.051068 0.025496
-0.032510 -0.051068 0.034187
-0.023898 -0.051068 0.017519
-0.016117 -0.051068 0.010792
-0.018449 -0.051068 0.007059
-0.027178 -0.051068 0.014406
-0.005898 -0.051068 0.005830
-0.007340 -0.051068 0.001608
0.005957 -0.051068 0.004087
0.005251 -0.051068 -0.000316
0.017534 -0.051068 0.005779
0.017774 -0.051068 0.001215
0.027745 -0.051069 0.010525
0.029237 -0.051069 0.006171
0.028130 -0.049369 0.010764
0.035711 -0.049369 0.017485
0.035551 -0.051069 0.017155
0.031455 -0.048747 0.008844
0.039192 -0.048650 0.015893
0.034970 -0.047322 0.007022
0.042490 -0.047091 0.014478
0.037658 -0.044602 0.006058
0.044908 -0.044289 0.013799
0.029576 -0.044959 -0.000604
0.021533 -0.044331 -0.005857
0.032343 -0.040943 -0.000601
0.039570 -0.040920 0.006053
0.025565 -0.040083 -0.006209
0.015691 -0.042823 -0.010460
0.020601 -0.038760 -0.010877
0.028702 -0.035326 -0.005344
0.034480 -0.036473 0.000288
0.024271 -0.033863 -0.010351
0.017223 -0.037512 -0.015740
0.020995 -0.032639 -0.015409
0.027020 -0.028208 -0.009351
0.031307 -0.029471 -0.004046
0.023656 -0.027028 -0.014582
0.018712 -0.031578 -0.020691
0.021375 -0.026078 -0.020019
0.017374 -0.030769 -0.026247
0.019889 -0.025320 -0.025598
0.014913 -0.036329 -0.020926
0.013627 -0.035492 -0.026549
0.009791 -0.039931 -0.020523
0.012051 -0.041203 -0.015166
0.005710 -0.043584 -0.013727
0.017010 -0.030248 -0.032079
0.019435 -0.024785 -0.031350
0.019806 -0.024336 -0.037181
0.022223 -0.017915 -0.041757
0.024100 -0.011070 -0.045648
0.036504 -0.030497 0.001539
0.042307 -0.030758 0.008021
0.040909 -0.036687 0.006866
0.047849 -0.030600 0.015543
0.046944 -0.036332 0.014657
0.052430 -0.030204 0.024211
0.051854 -0.035787 0.023549
0.055416 -0.029779 0.033922
0.055034 -0.035365 0.033424
0.056391 -0.029411 0.044292
0.056128 -0.035080 0.043909
0.056633 -0.022893 0.044666
0.054975 -0.034805 0.054579
0.054777 -0.039566 0.054312
0.055874 -0.039675 0.043586
0.051325 -0.039400 0.064637
0.050868 -0.043231 0.064295
0.054297 -0.043307 0.054014
0.045633 -0.039241 0.074071
0.045111 -0.043081 0.073630
0.037926 -0.039173 0.082118
0.037590 -0.043013 0.081746
0.028290 -0.042947 0.087739
0.027429 -0.046279 0.086099
0.036360 -0.046339 0.080265
0.017354 -0.046192 0.089837
0.016517 -0.048320 0.086549
0.025859 -0.048388 0.083107
0.006594 -0.048435 0.087867
0.006430 -0.049369 0.083477
0.015421 -0.049369 0.082431
-0.002581 -0.049369 0.082673
-0.002659 -0.051069 0.082687
0.006379 -0.051069 0.083467
-0.011113 -0.051069 0.079568
-0.013250 -0.051069 0.083455
-0.003845 -0.051069 0.086997
-0.018742 -0.051069 0.074946
-0.021712 -0.051069 0.078229
-0.024987 -0.051069 0.068602
-0.028576 -0.051069 0.071136
-0.029774 -0.051069 0.061096
-0.033871 -0.051069 0.062758
-0.032774 -0.051069 0.052541
-0.037130 -0.051069 0.053271
-0.033800 -0.051069 0.043383
-0.038178 -0.051069 0.043137
-0.036708 -0.051068 0.033003
-0.036655 -0.057419 0.032793
-0.038166 -0.057419 0.042885
-0.033075 -0.051068 0.023306
-0.033127 -0.057418 0.023122
-0.027039 -0.057418 0.014434
-0.018488 -0.057418 0.007115
-0.007729 -0.057418 0.001753
0.004379 -0.057418 -0.000264
0.016659 -0.057418 0.000940
0.028127 -0.057419 0.005479
0.038268 -0.051069 0.013503
0.037541 -0.057419 0.012674
0.044599 -0.051069 0.022214
0.044159 -0.057419 0.021457
0.041071 -0.051069 0.024921
0.044461 -0.051069 0.033436
0.048529 -0.051069 0.031751
0.041204 -0.049369 0.025154
0.044520 -0.049369 0.033624
0.044864 -0.048567 0.024083
0.048427 -0.048457 0.033157
0.048150 -0.046886 0.023152
0.051705 -0.046637 0.032812
0.050330 -0.043887 0.022809
0.053796 -0.043598 0.032765
0.051332 -0.040135 0.023029
0.054649 -0.039833 0.033016
0.046174 -0.040545 0.013982
0.055294 -0.043408 0.043300
0.053218 -0.046523 0.043021
0.052458 -0.046554 0.053411
0.049181 -0.048531 0.052494
0.049901 -0.048459 0.042747
0.049100 -0.046498 0.063348
0.046087 -0.048479 0.061856
0.043576 -0.046325 0.072413
0.041023 -0.048423 0.070417
0.034210 -0.048363 0.077615
0.031446 -0.049369 0.074289
0.037843 -0.049369 0.067869
0.023875 -0.049369 0.079202
0.023870 -0.051069 0.079222
0.031462 -0.051069 0.074298
0.015428 -0.051069 0.082585
0.016401 -0.051069 0.086885
0.025819 -0.051069 0.083159
0.006283 -0.051069 0.087847
0.006089 -0.057419 0.087846
0.016344 -0.057419 0.086904
-0.004152 -0.057419 0.086898
-0.013577 -0.057419 0.083283
-0.021986 -0.057419 0.077944
-0.028779 -0.057419 0.070833
-0.033997 -0.057419 0.062474
-0.037192 -0.057419 0.052999
0.048325 -0.057419 0.031070
0.050110 -0.051069 0.041773
0.050089 -0.057419 0.041207
0.049481 -0.051069 0.051880
0.049533 -0.057419 0.051462
0.045687 -0.051069 0.042350
0.045063 -0.051069 0.051306
0.045656 -0.049369 0.042497
0.045060 -0.049369 0.051412
0.042320 -0.049369 0.059987
0.042343 -0.051069 0.059926
0.037837 -0.051069 0.067816
0.041438 -0.051069 0.070413
0.046447 -0.051069 0.061550
0.034328 -0.051069 0.077678
0.034339 -0.057419 0.077675
0.041488 -0.057419 0.070285
0.025785 -0.057419 0.083155
0.046549 -0.057419 0.061302
-0.039064 -0.033019 -0.015201
-0.038608 -0.032882 -0.023112
-0.032477 -0.036981 -0.023645
-0.038142 -0.033192 -0.031128
-0.032013 -0.037368 -0.031509
-0.037495 -0.033693 -0.039095
-0.031278 -0.038009 -0.039401
-0.036684 -0.034300 -0.046931
-0.030300 -0.038706 -0.047203
-0.035775 -0.034937 -0.054592
-0.029155 -0.039422 -0.054859
-0.041455 -0.029394 -0.054266
-0.040869 -0.030024 -0.061717
-0.034913 -0.035640 -0.062019
-0.045625 -0.023523 -0.061410
-0.045205 -0.023985 -0.068706
-0.040245 -0.030645 -0.068975
-0.048925 -0.016712 -0.068462
-0.048750 -0.017018 -0.075594
-0.044862 -0.024464 -0.075804
-0.051211 -0.009075 -0.075441
-0.051194 -0.009156 -0.082443
-0.048602 -0.017287 -0.082573
-0.052312 -0.000723 -0.082381
-0.052317 -0.000563 -0.089281
-0.051150 -0.009218 -0.089332
-0.051906 0.008194 -0.089288
-0.051861 0.008557 -0.096087
-0.052343 -0.000412 -0.096084
-0.049623 0.017337 -0.096133
-0.049424 0.017854 -0.102853
-0.051805 0.008897 -0.102823
-0.045721 0.025654 -0.096209
-0.045347 0.026289 -0.102902
-0.040207 0.033180 -0.096292
-0.039605 0.033844 -0.102955
-0.033227 0.039607 -0.096375
-0.032371 0.040213 -0.103006
-0.024909 0.044538 -0.096450
-0.023820 0.045032 -0.103046
-0.015567 0.047763 -0.096486
-0.014285 0.048052 -0.103054
-0.005567 0.048978 -0.096442
-0.004152 0.048996 -0.102996
0.004621 0.048067 -0.096250
0.006074 0.047769 -0.102835
0.014470 0.044901 -0.095848
0.015807 0.044323 -0.102504
0.023449 0.039662 -0.095094
0.024582 0.038829 -0.101929
0.031147 0.032608 -0.093930
0.031982 0.031594 -0.101063
0.037045 0.023871 -0.092137
0.037668 0.022908 -0.099891
0.037914 0.022465 -0.108012
0.032482 0.030930 -0.108553
0.041380 0.013049 -0.107474
0.041571 0.013185 -0.116194
0.038115 0.022322 -0.116194
0.042843 0.003140 -0.107175
0.043067 0.003415 -0.116194
0.042107 -0.006906 -0.107474
0.042349 -0.006525 -0.116194
0.039200 -0.016843 -0.108029
0.039512 -0.016404 -0.116194
0.038837 -0.017679 -0.099944
0.038108 -0.019132 -0.092205
0.033515 -0.027006 -0.101186
0.034099 -0.026176 -0.108611
0.032543 -0.028185 -0.094086
0.036718 -0.021498 -0.085230
0.031053 -0.029861 -0.087389
0.024984 -0.035789 -0.095378
0.026119 -0.034904 -0.102111
0.023403 -0.036977 -0.088851
0.028750 -0.032111 -0.080810
0.021211 -0.038358 -0.082367
0.014422 -0.042186 -0.089708
0.015988 -0.041467 -0.096173
0.012402 -0.042926 -0.083195
0.018376 -0.039933 -0.075677
0.009940 -0.043698 -0.076516
0.002953 -0.045536 -0.083559
0.004720 -0.045266 -0.090095
0.000840 -0.045732 -0.076838
0.007032 -0.044446 -0.069475
-0.001532 -0.045805 -0.069886
-0.008354 -0.045970 -0.076866
-0.006644 -0.046162 -0.083614
-0.010271 -0.045643 -0.069878
-0.004081 -0.045702 -0.062526
-0.012275 -0.045189 -0.062636
-0.018767 -0.043956 -0.069736
-0.017293 -0.044510 -0.076724
-0.020330 -0.043336 -0.062507
-0.014260 -0.044625 -0.055065
-0.021876 -0.042664 -0.055032
-0.027990 -0.040127 -0.062294
-0.026787 -0.040794 -0.069507
-0.033994 -0.036268 -0.069250
-0.033182 -0.036903 -0.076282
-0.025638 -0.041384 -0.076515
-0.039645 -0.031187 -0.076037
-0.039116 -0.031693 -0.082943
-0.032422 -0.037461 -0.083145
-0.044561 -0.024894 -0.082748
-0.044260 -0.025264 -0.089574
-0.038612 -0.032138 -0.089733
-0.048498 -0.017551 -0.089433
-0.048377 -0.017772 -0.096199
-0.044012 -0.025609 -0.096302
-0.051151 -0.009277 -0.096124
-0.051147 -0.009326 -0.102849
-0.048258 -0.017968 -0.102899
-0.052385 -0.000275 -0.102823
-0.052315 -0.000136 -0.109519
-0.051068 -0.009366 -0.109533
-0.051720 0.009225 -0.109520
-0.051849 0.009584 -0.116194
-0.052506 -0.000016 -0.116194
-0.049225 0.018343 -0.109534
-0.049189 0.018894 -0.116194
-0.044947 0.026862 -0.109557
-0.044766 0.027552 -0.116194
-0.038953 0.034395 -0.109583
-0.038524 0.035100 -0.116194
-0.031564 0.040755 -0.109611
-0.030884 0.041382 -0.116194
-0.022804 0.045415 -0.109628
-0.021903 0.045886 -0.116194
-0.013113 0.048276 -0.109618
-0.012058 0.048710 -0.116194
-0.002896 0.048928 -0.109585
-0.001765 0.048999 -0.116194
0.007290 0.047394 -0.109493
0.008383 0.047233 -0.116194
0.016880 0.043729 -0.109291
0.017822 0.043385 -0.116194
0.025393 0.038159 -0.108981
0.026169 0.037866 -0.116194
0.032937 0.030620 -0.116194
0.034635 -0.025807 -0.116194
0.026887 -0.034212 -0.109092
0.027494 -0.033876 -0.116194
0.018040 -0.040422 -0.109425
0.018768 -0.040268 -0.116194
0.017180 -0.040895 -0.102739
0.007360 -0.044691 -0.103071
0.008241 -0.044419 -0.109605
0.006194 -0.044995 -0.096567
-0.003846 -0.046297 -0.096719
-0.002775 -0.046272 -0.103201
-0.005136 -0.046248 -0.090197
-0.014708 -0.045234 -0.090155
-0.013636 -0.045458 -0.096719
-0.015937 -0.044909 -0.083503
-0.024616 -0.041948 -0.083339
-0.023657 -0.042384 -0.090035
-0.031706 -0.037945 -0.089890
-0.031054 -0.038344 -0.096533
-0.022805 -0.042742 -0.096640
-0.038171 -0.032537 -0.096421
-0.037808 -0.032914 -0.103044
-0.030520 -0.038696 -0.103118
-0.043771 -0.025919 -0.102967
-0.043540 -0.026183 -0.109590
-0.037434 -0.033175 -0.109628
-0.048136 -0.018153 -0.109558
-0.048254 -0.018426 -0.116194
-0.043532 -0.026573 -0.116194
-0.051221 -0.009457 -0.116194
0.008968 -0.044362 -0.116194
-0.001930 -0.046194 -0.109691
-0.001244 -0.046307 -0.116194
-0.011992 -0.045711 -0.109713
-0.011400 -0.045947 -0.116194
-0.012733 -0.045612 -0.103225
-0.022086 -0.043007 -0.103183
-0.021470 -0.043207 -0.109700
-0.030030 -0.038947 -0.109667
-0.029739 -0.039362 -0.116194
-0.021018 -0.043532 -0.116194
-0.037263 -0.033582 -0.116194
-0.006615 -0.045408 -0.054910
-0.008759 -0.044529 -0.047260
-0.016072 -0.044005 -0.047348
-0.023331 -0.041922 -0.047347
-0.017354 -0.042740 -0.039662
-0.024487 -0.041068 -0.039568
-0.010221 -0.043268 -0.039698
-0.018120 -0.041788 -0.032012
-0.025190 -0.040146 -0.031767
-0.025605 -0.039730 -0.024035
-0.001703 -0.043857 -0.047008
0.000805 -0.044799 -0.054504
0.007501 -0.042612 -0.053752
0.003879 -0.044899 -0.062096
0.011324 -0.042707 -0.061164
0.014994 -0.041528 -0.068587
0.021868 -0.037253 -0.067042
0.017469 -0.039026 -0.059802
0.025605 -0.034618 -0.074099
0.031245 -0.028458 -0.071599
0.027193 -0.032106 -0.064763
0.034409 -0.024736 -0.078388
0.037807 -0.017194 -0.075135
0.034669 -0.021886 -0.068431
0.039155 -0.010242 -0.071256
0.007099 0.053736 0.044367
0.005712 -0.057418 0.045682
-0.005577 0.001456 -0.116194
</float_array>
          <technique_common>
            <accessor source="#arm_r_link3-POSITION-array" count="1291" stride="3">
              <param name="X" type="float"/>
              <param name="Y" type="float"/>
              <param name="Z" type="float"/>
            </accessor>
          </technique_common>
        </source>
        <source id="arm_r_link3-Normal0">
          <float_array id="arm_r_link3-Normal0-array" count="23202">
-0.169578 -0.960619 -0.220126
-0.219072 -0.929022 -0.298205
-0.090437 -0.958678 -0.269735
-0.090437 -0.958678 -0.269735
-0.063454 -0.975774 -0.209375
-0.169578 -0.960619 -0.220126
-0.169578 -0.960619 -0.220126
-0.352320 -0.882463 -0.311656
-0.353066 -0.876134 -0.328228
-0.353066 -0.876134 -0.328228
-0.219072 -0.929022 -0.298205
-0.169578 -0.960619 -0.220126
-0.169578 -0.960619 -0.220126
-0.196749 -0.966019 -0.167624
-0.396992 -0.880359 -0.259551
-0.396992 -0.880359 -0.259551
-0.352320 -0.882463 -0.311656
-0.169578 -0.960619 -0.220126
-0.169578 -0.960619 -0.220126
-0.063454 -0.975774 -0.209375
-0.056977 -0.980344 -0.188890
-0.056977 -0.980344 -0.188890
-0.100314 -0.982551 -0.156625
-0.169578 -0.960619 -0.220126
0.997595 0.014613 0.067751
0.982493 0.142269 0.120278
0.969449 0.002061 0.245285
0.969449 0.002061 0.245285
0.984630 -0.124810 0.122175
0.997595 0.014613 0.067751
0.997595 0.014613 0.067751
0.975633 -0.211694 0.057669
0.982083 -0.188247 0.008729
0.982083 -0.188247 0.008729
0.999322 0.031362 0.019306
0.997595 0.014613 0.067751
0.997595 0.014613 0.067751
0.984630 -0.124810 0.122175
0.957668 -0.275833 0.082392
0.957668 -0.275833 0.082392
0.975633 -0.211694 0.057669
0.997595 0.014613 0.067751
0.997595 0.014613 0.067751
0.968582 0.245671 0.038658
0.947137 0.309333 0.085115
0.947137 0.309333 0.085115
0.982493 0.142269 0.120278
0.997595 0.014613 0.067751
0.997595 0.014613 0.067751
0.999322 0.031362 0.019306
0.968823 0.247304 0.014910
0.968823 0.247304 0.014910
0.968582 0.245671 0.038658
0.997595 0.014613 0.067751
-0.200064 0.949174 -0.242986
-0.430162 0.837582 -0.336775
-0.509573 0.793875 -0.331809
-0.509573 0.793875 -0.331809
-0.253264 0.942458 -0.218242
-0.200064 0.949174 -0.242986
-0.200064 0.949174 -0.242986
-0.213381 0.932997 -0.289802
-0.392862 0.867109 -0.306236
-0.392862 0.867109 -0.306236
-0.430162 0.837582 -0.336775
-0.200064 0.949174 -0.242986
-0.200064 0.949174 -0.242986
-0.253264 0.942458 -0.218242
-0.131798 0.983219 -0.126132
-0.131798 0.983219 -0.126132
-0.095835 0.980686 -0.170499
-0.200064 0.949174 -0.242986
0.888575 -0.024081 0.458099
0.868271 -0.057206 0.492780
0.836016 -0.014885 0.548502
0.836016 -0.014885 0.548502
0.875554 0.017875 0.482789
0.888575 -0.024081 0.458099
0.888575 -0.024081 0.458099
0.875554 0.017875 0.482789
0.917338 0.017489 0.397725
0.917338 0.017489 0.397725
0.923684 -0.024085 0.382397
0.888575 -0.024081 0.458099
0.888575 -0.024081 0.458099
0.923684 -0.024085 0.382397
0.913670 -0.054844 0.402739
0.913670 -0.054844 0.402739
0.868271 -0.057206 0.492780
0.888575 -0.024081 0.458099
0.012484 -0.972429 -0.232864
0.073466 -0.970110 -0.231277
0.034142 -0.988278 -0.148799
0.034142 -0.988278 -0.148799
-0.004384 -0.983851 -0.178935
0.012484 -0.972429 -0.232864
0.012484 -0.972429 -0.232864
-0.063454 -0.975774 -0.209375
-0.090437 -0.958678 -0.269735
-0.090437 -0.958678 -0.269735
-0.007225 -0.952658 -0.303958
0.012484 -0.972429 -0.232864
0.012484 -0.972429 -0.232864
-0.004384 -0.983851 -0.178935
-0.056977 -0.980344 -0.188890
-0.056977 -0.980344 -0.188890
-0.063454 -0.975774 -0.209375
0.012484 -0.972429 -0.232864
0.012484 -0.972429 -0.232864
-0.007225 -0.952658 -0.303958
0.114006 -0.896190 -0.428772
0.114006 -0.896190 -0.428772
0.145066 -0.908875 -0.391028
0.012484 -0.972429 -0.232864
0.012484 -0.972429 -0.232864
0.145066 -0.908875 -0.391028
0.223134 -0.870810 -0.438065
0.223134 -0.870810 -0.438065
0.073466 -0.970110 -0.231277
0.012484 -0.972429 -0.232864
0.123159 0.921994 -0.367095
0.011430 0.967545 -0.252439
0.163923 0.923844 -0.345893
0.163923 0.923844 -0.345893
0.273071 0.771719 -0.574354
0.123159 0.921994 -0.367095
0.123159 0.921994 -0.367095
0.117738 0.919624 -0.374739
-0.060434 0.960014 -0.273352
-0.060434 0.960014 -0.273352
-0.050049 0.974838 -0.217225
0.123159 0.921994 -0.367095
0.123159 0.921994 -0.367095
-0.050049 0.974838 -0.217225
-0.040036 0.978624 -0.201724
-0.040036 0.978624 -0.201724
0.011430 0.967545 -0.252439
0.123159 0.921994 -0.367095
0.123159 0.921994 -0.367095
0.408024 0.709063 -0.575106
0.375510 0.751470 -0.542480
0.375510 0.751470 -0.542480
0.117738 0.919624 -0.374739
0.123159 0.921994 -0.367095
-0.840774 0.004393 -0.541369
-0.858441 0.004152 -0.512896
-0.959798 0.013506 -0.280367
-0.959798 0.013506 -0.280367
-0.950348 -0.000517 -0.311189
-0.840774 0.004393 -0.541369
-0.840774 0.004393 -0.541369
-0.663635 0.001922 -0.748054
-0.689062 0.002720 -0.724698
-0.689062 0.002720 -0.724698
-0.858441 0.004152 -0.512896
-0.840774 0.004393 -0.541369
-0.689062 0.002720 -0.724698
-0.663635 0.001922 -0.748054
-0.458242 0.001090 -0.888827
-0.458242 0.001090 -0.888827
-0.481870 0.004783 -0.876230
-0.689062 0.002720 -0.724698
-0.216410 -0.002770 -0.976299
-0.481870 0.004783 -0.876230
-0.458242 0.001090 -0.888827
-0.458242 0.001090 -0.888827
-0.200969 0.002559 -0.979594
-0.216410 -0.002770 -0.976299
0.062947 -0.001799 -0.998015
-0.216410 -0.002770 -0.976299
-0.200969 0.002559 -0.979594
-0.200969 0.002559 -0.979594
0.065603 -0.000946 -0.997845
0.062947 -0.001799 -0.998015
0.323787 -0.000394 -0.946130
0.062947 -0.001799 -0.998015
0.065603 -0.000946 -0.997845
0.065603 -0.000946 -0.997845
0.313335 -0.005443 -0.949627
0.323787 -0.000394 -0.946130
0.549330 -0.000801 -0.835605
0.323787 -0.000394 -0.946130
0.313335 -0.005443 -0.949627
0.313335 -0.005443 -0.949627
0.533636 -0.008194 -0.845675
0.549330 -0.000801 -0.835605
0.735182 0.003766 -0.677859
0.549330 -0.000801 -0.835605
0.533636 -0.008194 -0.845675
0.533636 -0.008194 -0.845675
0.717763 -0.006339 -0.696259
0.735182 0.003766 -0.677859
0.865862 0.005896 -0.500248
0.735182 0.003766 -0.677859
0.717763 -0.006339 -0.696259
0.717763 -0.006339 -0.696259
0.847423 -0.010074 -0.530822
0.865862 0.005896 -0.500248
0.954500 0.003866 -0.298187
0.865862 0.005896 -0.500248
0.847423 -0.010074 -0.530822
0.847423 -0.010074 -0.530822
0.943228 -0.010394 -0.331984
0.954500 0.003866 -0.298187
0.997538 0.009693 -0.069459
0.954500 0.003866 -0.298187
0.943228 -0.010394 -0.331984
0.943228 -0.010394 -0.331984
0.994783 -0.003598 -0.101947
0.997538 0.009693 -0.069459
0.989711 0.009744 0.142748
0.997538 0.009693 -0.069459
0.994783 -0.003598 -0.101947
0.994783 -0.003598 -0.101947
0.994122 -0.005428 0.108132
0.989711 0.009744 0.142748
0.933267 0.008835 0.359074
0.989711 0.009744 0.142748
0.994122 -0.005428 0.108132
0.994122 -0.005428 0.108132
0.944768 -0.005282 0.327698
0.933267 0.008835 0.359074
0.829697 0.006876 0.558171
0.933267 0.008835 0.359074
0.944768 -0.005282 0.327698
0.944768 -0.005282 0.327698
0.845811 -0.005627 0.533453
0.829697 0.006876 0.558171
0.845811 -0.005627 0.533453
0.708798 0.000290 0.705411
0.692507 0.002551 0.721407
0.692507 0.002551 0.721407
0.829697 0.006876 0.558171
0.845811 -0.005627 0.533453
-0.980065 0.003079 0.198655
-0.975589 0.001989 0.219596
-0.895879 0.004382 0.444276
-0.895879 0.004382 0.444276
-0.902161 -0.001589 0.431397
-0.980065 0.003079 0.198655
-0.980065 0.003079 0.198655
-0.997872 0.002398 -0.065154
-0.999344 0.005414 -0.035801
-0.999344 0.005414 -0.035801
-0.975589 0.001989 0.219596
-0.980065 0.003079 0.198655
-0.999344 0.005414 -0.035801
-0.997872 0.002398 -0.065154
-0.950348 -0.000517 -0.311189
-0.950348 -0.000517 -0.311189
-0.959798 0.013506 -0.280367
-0.999344 0.005414 -0.035801
0.087218 0.995803 0.027752
0.082174 0.995311 0.051021
0.081039 0.995526 0.048586
0.081039 0.995526 0.048586
0.085938 0.995934 0.027013
0.087218 0.995803 0.027752
0.081039 0.995526 0.048586
0.082174 0.995311 0.051021
0.066570 0.995415 0.068686
0.066570 0.995415 0.068686
0.067861 0.995552 0.065356
0.081039 0.995526 0.048586
0.045635 0.995242 0.086080
0.067861 0.995552 0.065356
0.066570 0.995415 0.068686
0.066570 0.995415 0.068686
0.044912 0.995140 0.087628
0.045635 0.995242 0.086080
0.028975 0.994765 0.098001
0.045635 0.995242 0.086080
0.044912 0.995140 0.087628
0.044912 0.995140 0.087628
0.025537 0.995113 0.095387
0.028975 0.994765 0.098001
0.001857 0.995859 0.090888
0.028975 0.994765 0.098001
0.025537 0.995113 0.095387
0.025537 0.995113 0.095387
-0.003995 0.996276 0.086134
0.001857 0.995859 0.090888
-0.030150 0.996561 0.077186
0.001857 0.995859 0.090888
-0.003995 0.996276 0.086134
-0.003995 0.996276 0.086134
-0.028722 0.996446 0.079188
-0.030150 0.996561 0.077186
-0.055767 0.996308 0.065276
-0.030150 0.996561 0.077186
-0.028722 0.996446 0.079188
-0.028722 0.996446 0.079188
-0.051573 0.995878 0.074613
-0.055767 0.996308 0.065276
-0.072991 0.995647 0.057954
-0.055767 0.996308 0.065276
-0.051573 0.995878 0.074613
-0.051573 0.995878 0.074613
-0.070862 0.995293 0.066107
-0.072991 0.995647 0.057954
-0.082964 0.995426 0.047379
-0.072991 0.995647 0.057954
-0.070862 0.995293 0.066107
-0.070862 0.995293 0.066107
-0.082366 0.995388 0.049179
-0.082964 0.995426 0.047379
-0.087248 0.995655 0.032552
-0.082964 0.995426 0.047379
-0.082366 0.995388 0.049179
-0.082366 0.995388 0.049179
-0.085628 0.995887 0.029614
-0.087248 0.995655 0.032552
-0.085070 0.996328 0.009639
-0.087248 0.995655 0.032552
-0.085628 0.995887 0.029614
-0.085628 0.995887 0.029614
-0.083338 0.996498 0.006864
-0.085070 0.996328 0.009639
-0.079743 0.996682 -0.016334
-0.085070 0.996328 0.009639
-0.083338 0.996498 0.006864
-0.083338 0.996498 0.006864
-0.082246 0.996523 -0.013290
-0.079743 0.996682 -0.016334
-0.075154 0.996425 -0.038587
-0.079743 0.996682 -0.016334
-0.082246 0.996523 -0.013290
-0.082246 0.996523 -0.013290
-0.081884 0.996092 -0.033094
-0.075154 0.996425 -0.038587
-0.070220 0.995916 -0.056744
-0.075154 0.996425 -0.038587
-0.081884 0.996092 -0.033094
-0.081884 0.996092 -0.033094
-0.077126 0.995599 -0.053241
-0.070220 0.995916 -0.056744
-0.063243 0.995499 -0.070585
-0.070220 0.995916 -0.056744
-0.077126 0.995599 -0.053241
-0.077126 0.995599 -0.053241
-0.066802 0.995364 -0.069188
-0.063243 0.995499 -0.070585
0.692507 0.002551 0.721407
0.708798 0.000290 0.705411
0.522776 0.003935 0.852461
0.522776 0.003935 0.852461
0.503913 0.005828 0.863735
0.692507 0.002551 0.721407
0.291125 0.008683 0.956646
0.503913 0.005828 0.863735
0.522776 0.003935 0.852461
0.522776 0.003935 0.852461
0.314010 -0.002177 0.949417
0.291125 0.008683 0.956646
0.068955 0.001546 0.997619
0.291125 0.008683 0.956646
0.314010 -0.002177 0.949417
0.314010 -0.002177 0.949417
0.087413 -0.006863 0.996149
0.068955 0.001546 0.997619
-0.164072 -0.002487 0.986445
0.068955 0.001546 0.997619
0.087413 -0.006863 0.996149
0.087413 -0.006863 0.996149
-0.158218 -0.004300 0.987395
-0.164072 -0.002487 0.986445
-0.158218 -0.004300 0.987395
-0.392665 0.000114 0.919682
-0.392952 -0.000360 0.919559
-0.392952 -0.000360 0.919559
-0.164072 -0.002487 0.986445
-0.158218 -0.004300 0.987395
-0.392665 0.000114 0.919682
-0.596822 0.001279 0.802373
-0.594962 0.000351 0.803754
-0.594962 0.000351 0.803754
-0.392952 -0.000360 0.919559
-0.392665 0.000114 0.919682
-0.596822 0.001279 0.802373
-0.771342 0.000363 0.636421
-0.766220 0.001671 0.642576
-0.766220 0.001671 0.642576
-0.594962 0.000351 0.803754
-0.596822 0.001279 0.802373
-0.766220 0.001671 0.642576
-0.771342 0.000363 0.636421
-0.902161 -0.001589 0.431397
-0.902161 -0.001589 0.431397
-0.895879 0.004382 0.444276
-0.766220 0.001671 0.642576
0.084489 0.995547 -0.041813
0.092556 0.995508 -0.019935
0.089758 0.995663 -0.024451
0.089758 0.995663 -0.024451
0.084736 0.995486 -0.042755
0.084489 0.995547 -0.041813
0.089758 0.995663 -0.024451
0.092556 0.995508 -0.019935
0.090496 0.995896 0.001117
0.090496 0.995896 0.001117
0.087984 0.996117 -0.003185
0.089758 0.995663 -0.024451
0.087984 0.996117 -0.003185
0.090496 0.995896 0.001117
0.087218 0.995803 0.027752
0.087218 0.995803 0.027752
0.085938 0.995934 0.027013
0.087984 0.996117 -0.003185
0.956151 0.147574 0.252976
0.961020 0.148429 0.233259
0.989018 0.147790 0.001279
0.989018 0.147790 0.001279
0.989681 0.142330 0.016517
0.956151 0.147574 0.252976
0.956151 0.147574 0.252976
0.862576 0.150299 0.483087
0.875602 0.143553 0.461209
0.875602 0.143553 0.461209
0.961020 0.148429 0.233259
0.956151 0.147574 0.252976
0.862576 0.150299 0.483087
0.713399 0.137020 0.687232
0.740113 0.128905 0.660012
0.740113 0.128905 0.660012
0.875602 0.143553 0.461209
0.862576 0.150299 0.483087
0.713399 0.137020 0.687232
0.490764 0.132978 0.861085
0.530530 0.123065 0.838685
0.530530 0.123065 0.838685
0.740113 0.128905 0.660012
0.713399 0.137020 0.687232
0.490764 0.132978 0.861085
0.214610 0.140258 0.966577
0.228530 0.133982 0.964273
0.228530 0.133982 0.964273
0.530530 0.123065 0.838685
0.490764 0.132978 0.861085
0.214610 0.140258 0.966577
-0.068395 0.141084 0.987632
-0.095144 0.149857 0.984119
-0.095144 0.149857 0.984119
0.228530 0.133982 0.964273
0.214610 0.140258 0.966577
-0.068395 0.141084 0.987632
-0.333330 0.149311 0.930912
-0.372641 0.172005 0.911895
-0.372641 0.172005 0.911895
-0.095144 0.149857 0.984119
-0.068395 0.141084 0.987632
-0.333330 0.149311 0.930912
-0.554530 0.136049 0.820967
-0.587141 0.159241 0.793667
-0.587141 0.159241 0.793667
-0.372641 0.172005 0.911895
-0.333330 0.149311 0.930912
-0.554530 0.136049 0.820967
-0.744320 0.147280 0.651380
-0.763885 0.163855 0.624204
-0.763885 0.163855 0.624204
-0.587141 0.159241 0.793667
-0.554530 0.136049 0.820967
-0.744320 0.147280 0.651380
-0.874153 0.144402 0.463685
-0.884185 0.159261 0.439150
-0.884185 0.159261 0.439150
-0.763885 0.163855 0.624204
-0.744320 0.147280 0.651380
-0.874153 0.144402 0.463685
-0.953385 0.147692 0.263143
-0.957227 0.155837 0.243787
-0.957227 0.155837 0.243787
-0.884185 0.159261 0.439150
-0.874153 0.144402 0.463685
-0.953385 0.147692 0.263143
-0.985658 0.162992 0.043719
-0.985386 0.167908 0.028663
-0.985386 0.167908 0.028663
-0.957227 0.155837 0.243787
-0.953385 0.147692 0.263143
-0.985658 0.162992 0.043719
-0.972345 0.164430 -0.165853
-0.967994 0.173470 -0.181373
-0.967994 0.173470 -0.181373
-0.985386 0.167908 0.028663
-0.985658 0.162992 0.043719
-0.972345 0.164430 -0.165853
-0.915954 0.151722 -0.371495
-0.908095 0.162286 -0.386041
-0.908095 0.162286 -0.386041
-0.967994 0.173470 -0.181373
-0.972345 0.164430 -0.165853
-0.915954 0.151722 -0.371495
-0.810786 0.142320 -0.567778
-0.802002 0.150859 -0.577957
-0.802002 0.150859 -0.577957
-0.908095 0.162286 -0.386041
-0.915954 0.151722 -0.371495
-0.810786 0.142320 -0.567778
-0.671554 0.132723 -0.728971
-0.661747 0.141095 -0.736331
-0.661747 0.141095 -0.736331
-0.802002 0.150859 -0.577957
-0.810786 0.142320 -0.567778
-0.671554 0.132723 -0.728971
-0.491472 0.126564 -0.861648
-0.484103 0.129698 -0.865345
-0.484103 0.129698 -0.865345
-0.661747 0.141095 -0.736331
-0.671554 0.132723 -0.728971
-0.063243 0.995499 -0.070585
-0.066802 0.995364 -0.069188
-0.047959 0.995390 -0.083059
-0.047959 0.995390 -0.083059
-0.045230 0.995508 -0.083171
-0.063243 0.995499 -0.070585
-0.028427 0.995289 -0.092696
-0.045230 0.995508 -0.083171
-0.047959 0.995390 -0.083059
-0.047959 0.995390 -0.083059
-0.029515 0.995287 -0.092376
-0.028427 0.995289 -0.092696
-0.008596 0.995513 -0.094228
-0.028427 0.995289 -0.092696
-0.029515 0.995287 -0.092376
-0.029515 0.995287 -0.092376
-0.006739 0.995629 -0.093156
-0.008596 0.995513 -0.094228
0.016167 0.995732 -0.090861
-0.008596 0.995513 -0.094228
-0.006739 0.995629 -0.093156
-0.006739 0.995629 -0.093156
0.015697 0.995699 -0.091312
0.016167 0.995732 -0.090861
0.036683 0.995632 -0.085856
0.016167 0.995732 -0.090861
0.015697 0.995699 -0.091312
0.015697 0.995699 -0.091312
0.036234 0.995624 -0.086135
0.036683 0.995632 -0.085856
0.036234 0.995624 -0.086135
0.055251 0.995698 -0.074385
0.054958 0.995660 -0.075107
0.054958 0.995660 -0.075107
0.036683 0.995632 -0.085856
0.036234 0.995624 -0.086135
0.054958 0.995660 -0.075107
0.055251 0.995698 -0.074385
0.071619 0.995636 -0.059832
0.071619 0.995636 -0.059832
0.071958 0.995609 -0.059881
0.054958 0.995660 -0.075107
0.071958 0.995609 -0.059881
0.071619 0.995636 -0.059832
0.084489 0.995547 -0.041813
0.084489 0.995547 -0.041813
0.084736 0.995486 -0.042755
0.071958 0.995609 -0.059881
0.879856 0.150432 -0.450804
0.873746 0.151358 -0.462233
0.750835 0.141101 -0.645242
0.750835 0.141101 -0.645242
0.756774 0.136357 -0.639296
0.879856 0.150432 -0.450804
0.879856 0.150432 -0.450804
0.960687 0.158897 -0.227666
0.958363 0.155314 -0.239620
0.958363 0.155314 -0.239620
0.873746 0.151358 -0.462233
0.879856 0.150432 -0.450804
0.682769 0.711464 -0.166271
0.681338 0.711386 -0.172361
0.603745 0.730941 -0.318148
0.603745 0.730941 -0.318148
0.605670 0.731201 -0.313861
0.682769 0.711464 -0.166271
0.682769 0.711464 -0.166271
0.709285 0.704896 0.005982
0.708692 0.705513 -0.002575
0.708692 0.705513 -0.002575
0.681338 0.711386 -0.172361
0.682769 0.711464 -0.166271
0.958363 0.155314 -0.239620
0.960687 0.158897 -0.227666
0.989681 0.142330 0.016517
0.989681 0.142330 0.016517
0.989018 0.147790 0.001279
0.958363 0.155314 -0.239620
-0.341681 0.939383 0.028529
-0.556335 0.829884 0.042224
-0.632761 0.751828 0.185384
-0.632761 0.751828 0.185384
-0.469497 0.873993 0.125339
-0.341681 0.939383 0.028529
-0.341681 0.939383 0.028529
-0.203494 0.978083 -0.044093
-0.435249 0.896734 -0.080165
-0.435249 0.896734 -0.080165
-0.556335 0.829884 0.042224
-0.341681 0.939383 0.028529
0.708692 0.705513 -0.002575
0.709285 0.704896 0.005982
0.688550 0.703100 0.177623
0.688550 0.703100 0.177623
0.689938 0.704322 0.167083
0.708692 0.705513 -0.002575
-0.203494 0.978083 -0.044093
-0.135553 0.987650 -0.078564
-0.308491 0.941506 -0.135649
-0.308491 0.941506 -0.135649
-0.435249 0.896734 -0.080165
-0.203494 0.978083 -0.044093
0.689938 0.704322 0.167083
0.688550 0.703100 0.177623
0.624714 0.702099 0.341744
0.624714 0.702099 0.341744
0.630417 0.704681 0.325575
0.689938 0.704322 0.167083
-0.135553 0.987650 -0.078564
-0.131798 0.983219 -0.126132
-0.253264 0.942458 -0.218242
-0.253264 0.942458 -0.218242
-0.308491 0.941506 -0.135649
-0.135553 0.987650 -0.078564
0.630417 0.704681 0.325575
0.624714 0.702099 0.341744
0.519186 0.700999 0.488924
0.519186 0.700999 0.488924
0.532288 0.705921 0.467274
0.630417 0.704681 0.325575
-0.308491 0.941506 -0.135649
-0.627374 0.753832 -0.195292
-0.753061 0.649291 -0.106403
-0.753061 0.649291 -0.106403
-0.435249 0.896734 -0.080165
-0.308491 0.941506 -0.135649
-0.308491 0.941506 -0.135649
-0.253264 0.942458 -0.218242
-0.509573 0.793875 -0.331809
-0.509573 0.793875 -0.331809
-0.627374 0.753832 -0.195292
-0.308491 0.941506 -0.135649
-0.627374 0.753832 -0.195292
-0.844923 0.499701 -0.190797
-0.928319 0.361995 -0.084758
-0.928319 0.361995 -0.084758
-0.753061 0.649291 -0.106403
-0.627374 0.753832 -0.195292
-0.627374 0.753832 -0.195292
-0.509573 0.793875 -0.331809
-0.718393 0.634847 -0.284395
-0.718393 0.634847 -0.284395
-0.844923 0.499701 -0.190797
-0.627374 0.753832 -0.195292
-0.718393 0.634847 -0.284395
-0.868463 0.468488 -0.162147
-0.925619 0.363003 -0.107044
-0.925619 0.363003 -0.107044
-0.844923 0.499701 -0.190797
-0.718393 0.634847 -0.284395
-0.718393 0.634847 -0.284395
-0.605492 0.733768 -0.308163
-0.818814 0.522815 -0.237084
-0.818814 0.522815 -0.237084
-0.868463 0.468488 -0.162147
-0.718393 0.634847 -0.284395
-0.718393 0.634847 -0.284395
-0.509573 0.793875 -0.331809
-0.430162 0.837582 -0.336775
-0.430162 0.837582 -0.336775
-0.605492 0.733768 -0.308163
-0.718393 0.634847 -0.284395
-0.605492 0.733768 -0.308163
-0.548583 0.791005 -0.270865
-0.762507 0.603224 -0.233890
-0.762507 0.603224 -0.233890
-0.818814 0.522815 -0.237084
-0.605492 0.733768 -0.308163
-0.605492 0.733768 -0.308163
-0.430162 0.837582 -0.336775
-0.392862 0.867109 -0.306236
-0.392862 0.867109 -0.306236
-0.548583 0.791005 -0.270865
-0.605492 0.733768 -0.308163
-0.548583 0.791005 -0.270865
-0.507521 0.842568 -0.180282
-0.718562 0.675377 -0.165935
-0.718562 0.675377 -0.165935
-0.762507 0.603224 -0.233890
-0.548583 0.791005 -0.270865
-0.548583 0.791005 -0.270865
-0.392862 0.867109 -0.306236
-0.342514 0.915092 -0.212817
-0.342514 0.915092 -0.212817
-0.507521 0.842568 -0.180282
-0.548583 0.791005 -0.270865
-0.342514 0.915092 -0.212817
-0.297458 0.949188 -0.102761
-0.478458 0.871112 -0.110643
-0.478458 0.871112 -0.110643
-0.507521 0.842568 -0.180282
-0.342514 0.915092 -0.212817
-0.342514 0.915092 -0.212817
-0.192715 0.952558 -0.235571
-0.160387 0.981006 -0.109105
-0.160387 0.981006 -0.109105
-0.297458 0.949188 -0.102761
-0.342514 0.915092 -0.212817
-0.342514 0.915092 -0.212817
-0.392862 0.867109 -0.306236
-0.213381 0.932997 -0.289802
-0.213381 0.932997 -0.289802
-0.192715 0.952558 -0.235571
-0.342514 0.915092 -0.212817
-0.192715 0.952558 -0.235571
-0.052184 0.966912 -0.249715
-0.019296 0.990844 -0.133626
-0.019296 0.990844 -0.133626
-0.160387 0.981006 -0.109105
-0.192715 0.952558 -0.235571
-0.192715 0.952558 -0.235571
-0.213381 0.932997 -0.289802
-0.060434 0.960014 -0.273352
-0.060434 0.960014 -0.273352
-0.052184 0.966912 -0.249715
-0.192715 0.952558 -0.235571
-0.052184 0.966912 -0.249715
0.129277 0.941156 -0.312269
0.161908 0.968206 -0.190693
0.161908 0.968206 -0.190693
-0.019296 0.990844 -0.133626
-0.052184 0.966912 -0.249715
-0.052184 0.966912 -0.249715
-0.060434 0.960014 -0.273352
0.117738 0.919624 -0.374739
0.117738 0.919624 -0.374739
0.129277 0.941156 -0.312269
-0.052184 0.966912 -0.249715
0.129277 0.941156 -0.312269
0.395796 0.824687 -0.404026
0.424330 0.866879 -0.261657
0.424330 0.866879 -0.261657
0.161908 0.968206 -0.190693
0.129277 0.941156 -0.312269
0.129277 0.941156 -0.312269
0.117738 0.919624 -0.374739
0.375510 0.751470 -0.542480
0.375510 0.751470 -0.542480
0.395796 0.824687 -0.404026
0.129277 0.941156 -0.312269
0.395796 0.824687 -0.404026
0.654240 0.585648 -0.478525
0.690705 0.648150 -0.320669
0.690705 0.648150 -0.320669
0.424330 0.866879 -0.261657
0.395796 0.824687 -0.404026
0.395796 0.824687 -0.404026
0.375510 0.751470 -0.542480
0.629204 0.459173 -0.627106
0.629204 0.459173 -0.627106
0.654240 0.585648 -0.478525
0.395796 0.824687 -0.404026
0.629204 0.459173 -0.627106
0.757631 0.247650 -0.603874
0.805390 0.319447 -0.499300
0.805390 0.319447 -0.499300
0.654240 0.585648 -0.478525
0.629204 0.459173 -0.627106
0.629204 0.459173 -0.627106
0.630610 0.297544 -0.716797
0.723978 0.171028 -0.668286
0.723978 0.171028 -0.668286
0.757631 0.247650 -0.603874
0.629204 0.459173 -0.627106
0.629204 0.459173 -0.627106
0.375510 0.751470 -0.542480
0.408024 0.709063 -0.575106
0.408024 0.709063 -0.575106
0.630610 0.297544 -0.716797
0.629204 0.459173 -0.627106
0.630610 0.297544 -0.716797
0.677925 0.184705 -0.711549
0.726645 0.093339 -0.680643
0.726645 0.093339 -0.680643
0.723978 0.171028 -0.668286
0.630610 0.297544 -0.716797
0.630610 0.297544 -0.716797
0.408024 0.709063 -0.575106
0.522986 0.469322 -0.711493
0.522986 0.469322 -0.711493
0.677925 0.184705 -0.711549
0.630610 0.297544 -0.716797
0.522986 0.469322 -0.711493
0.682859 0.306782 -0.663015
0.741966 0.100277 -0.662896
0.741966 0.100277 -0.662896
0.677925 0.184705 -0.711549
0.522986 0.469322 -0.711493
0.522986 0.469322 -0.711493
0.273071 0.771719 -0.574354
0.483050 0.693728 -0.534232
0.483050 0.693728 -0.534232
0.682859 0.306782 -0.663015
0.522986 0.469322 -0.711493
0.522986 0.469322 -0.711493
0.408024 0.709063 -0.575106
0.123159 0.921994 -0.367095
0.123159 0.921994 -0.367095
0.273071 0.771719 -0.574354
0.522986 0.469322 -0.711493
0.483050 0.693728 -0.534232
0.659658 0.580203 -0.477719
0.796148 0.253737 -0.549332
0.796148 0.253737 -0.549332
0.682859 0.306782 -0.663015
0.483050 0.693728 -0.534232
0.483050 0.693728 -0.534232
0.298167 0.851364 -0.431597
0.510815 0.771664 -0.378950
0.510815 0.771664 -0.378950
0.659658 0.580203 -0.477719
0.483050 0.693728 -0.534232
0.483050 0.693728 -0.534232
0.273071 0.771719 -0.574354
0.163923 0.923844 -0.345893
0.163923 0.923844 -0.345893
0.298167 0.851364 -0.431597
0.483050 0.693728 -0.534232
-0.427147 0.709498 0.560498
-0.409872 0.704544 0.579330
-0.520990 0.729328 0.443452
-0.520990 0.729328 0.443452
-0.530329 0.731080 0.429271
-0.427147 0.709498 0.560498
-0.427147 0.709498 0.560498
-0.275543 0.712845 0.644925
-0.244055 0.704606 0.666309
-0.244055 0.704606 0.666309
-0.409872 0.704544 0.579330
-0.427147 0.709498 0.560498
0.510815 0.771664 -0.378950
0.619155 0.721331 -0.310369
0.760248 0.537154 -0.365360
0.760248 0.537154 -0.365360
0.659658 0.580203 -0.477719
0.510815 0.771664 -0.378950
-0.530329 0.731080 0.429271
-0.520990 0.729328 0.443452
-0.598145 0.741286 0.304495
-0.598145 0.741286 0.304495
-0.602372 0.741914 0.294469
-0.530329 0.731080 0.429271
0.619155 0.721331 -0.310369
0.685033 0.708783 -0.168397
0.830359 0.524483 -0.188206
0.830359 0.524483 -0.188206
0.760248 0.537154 -0.365360
0.619155 0.721331 -0.310369
-0.602372 0.741914 0.294469
-0.598145 0.741286 0.304495
-0.645974 0.744067 0.170534
-0.645974 0.744067 0.170534
-0.648043 0.744304 0.161406
-0.602372 0.741914 0.294469
0.685033 0.708783 -0.168397
0.741746 0.669661 -0.036968
0.865377 0.500478 -0.025386
0.865377 0.500478 -0.025386
0.830359 0.524483 -0.188206
0.685033 0.708783 -0.168397
-0.648043 0.744304 0.161406
-0.645974 0.744067 0.170534
-0.666641 0.744909 0.026463
-0.666641 0.744909 0.026463
-0.666874 0.744933 0.018786
-0.648043 0.744304 0.161406
0.741746 0.669661 -0.036968
0.687900 0.716455 0.116130
0.840957 0.522556 0.140451
0.840957 0.522556 0.140451
0.865377 0.500478 -0.025386
0.741746 0.669661 -0.036968
-0.666874 0.744933 0.018786
-0.666641 0.744909 0.026463
-0.657096 0.744376 -0.118866
-0.657096 0.744376 -0.118866
-0.656163 0.744172 -0.125134
-0.666874 0.744933 0.018786
0.687900 0.716455 0.116130
0.598205 0.762487 0.246505
0.781309 0.533604 0.323764
0.781309 0.533604 0.323764
0.840957 0.522556 0.140451
0.687900 0.716455 0.116130
-0.656163 0.744172 -0.125134
-0.657096 0.744376 -0.118866
-0.620729 0.738628 -0.262914
-0.620729 0.738628 -0.262914
-0.618476 0.738627 -0.268175
-0.656163 0.744172 -0.125134
0.598205 0.762487 0.246505
0.497777 0.790924 0.355889
0.684897 0.538873 0.490441
0.684897 0.538873 0.490441
0.781309 0.533604 0.323764
0.598205 0.762487 0.246505
-0.618476 0.738627 -0.268175
-0.620729 0.738628 -0.262914
-0.541278 0.745926 -0.388089
-0.541278 0.745926 -0.388089
-0.538537 0.746040 -0.391667
-0.618476 0.738627 -0.268175
0.497777 0.790924 0.355889
0.402167 0.799628 0.445934
0.556886 0.551662 0.620924
0.556886 0.551662 0.620924
0.684897 0.538873 0.490441
0.497777 0.790924 0.355889
-0.538537 0.746040 -0.391667
-0.541278 0.745926 -0.388089
-0.445317 0.746936 -0.493741
-0.445317 0.746936 -0.493741
-0.442440 0.746796 -0.496530
-0.538537 0.746040 -0.391667
0.402167 0.799628 0.445934
0.289890 0.804603 0.518245
0.403669 0.546728 0.733580
0.403669 0.546728 0.733580
0.556886 0.551662 0.620924
0.402167 0.799628 0.445934
-0.442440 0.746796 -0.496530
-0.445317 0.746936 -0.493741
-0.326582 0.744271 -0.582585
-0.326582 0.744271 -0.582585
-0.323257 0.744143 -0.584598
-0.442440 0.746796 -0.496530
0.289890 0.804603 0.518245
0.161207 0.803338 0.573289
0.225607 0.549448 0.804492
0.225607 0.549448 0.804492
0.403669 0.546728 0.733580
0.289890 0.804603 0.518245
-0.323257 0.744143 -0.584598
-0.326582 0.744271 -0.582585
-0.184669 0.744799 -0.641226
-0.184669 0.744799 -0.641226
-0.182133 0.744842 -0.641902
-0.323257 0.744143 -0.584598
-0.184669 0.744799 -0.641226
-0.038131 0.744497 -0.666537
-0.036426 0.744654 -0.666456
-0.036426 0.744654 -0.666456
-0.182133 0.744842 -0.641902
-0.184669 0.744799 -0.641226
-0.268682 0.139051 -0.953140
-0.271449 0.139947 -0.952224
-0.057073 0.146256 -0.987599
-0.057073 0.146256 -0.987599
-0.053851 0.147381 -0.987613
-0.268682 0.139051 -0.953140
-0.268682 0.139051 -0.953140
-0.484103 0.129698 -0.865345
-0.491472 0.126564 -0.861648
-0.491472 0.126564 -0.861648
-0.271449 0.139947 -0.952224
-0.268682 0.139051 -0.953140
-0.057073 0.146256 -0.987599
0.164089 0.147656 -0.975332
0.165932 0.148130 -0.974948
0.165932 0.148130 -0.974948
-0.053851 0.147381 -0.987613
-0.057073 0.146256 -0.987599
0.164089 0.147656 -0.975332
0.386530 0.148732 -0.910205
0.386284 0.149225 -0.910229
0.386284 0.149225 -0.910229
0.165932 0.148130 -0.974948
0.164089 0.147656 -0.975332
0.386530 0.148732 -0.910205
0.584100 0.143092 -0.798969
0.582578 0.143755 -0.799961
0.582578 0.143755 -0.799961
0.386284 0.149225 -0.910229
0.386530 0.148732 -0.910205
0.395577 0.744427 -0.537911
0.393668 0.744419 -0.539321
0.258645 0.748563 -0.610538
0.258645 0.748563 -0.610538
0.258976 0.748506 -0.610467
0.395577 0.744427 -0.537911
0.395577 0.744427 -0.537911
0.509838 0.740847 -0.437277
0.507565 0.740825 -0.439950
0.507565 0.740825 -0.439950
0.393668 0.744419 -0.539321
0.395577 0.744427 -0.537911
0.582578 0.143755 -0.799961
0.584100 0.143092 -0.798969
0.756774 0.136357 -0.639296
0.756774 0.136357 -0.639296
0.750835 0.141101 -0.645242
0.582578 0.143755 -0.799961
-0.434510 0.818288 0.376305
-0.583989 0.636296 0.504067
-0.473168 0.602010 0.643192
-0.473168 0.602010 0.643192
-0.345179 0.810964 0.472429
-0.434510 0.818288 0.376305
-0.434510 0.818288 0.376305
-0.517883 0.812928 0.266356
-0.644870 0.673446 0.361405
-0.644870 0.673446 0.361405
-0.583989 0.636296 0.504067
-0.434510 0.818288 0.376305
0.507565 0.740825 -0.439950
0.509838 0.740847 -0.437277
0.605670 0.731201 -0.313861
0.605670 0.731201 -0.313861
0.603745 0.730941 -0.318148
0.507565 0.740825 -0.439950
-0.644870 0.673446 0.361405
-0.810455 0.350550 0.469337
-0.720524 0.288483 0.630574
-0.720524 0.288483 0.630574
-0.583989 0.636296 0.504067
-0.644870 0.673446 0.361405
-0.644870 0.673446 0.361405
-0.632761 0.751828 0.185384
-0.858741 0.427951 0.281819
-0.858741 0.427951 0.281819
-0.810455 0.350550 0.469337
-0.644870 0.673446 0.361405
-0.644870 0.673446 0.361405
-0.517883 0.812928 0.266356
-0.469497 0.873993 0.125339
-0.469497 0.873993 0.125339
-0.632761 0.751828 0.185384
-0.644870 0.673446 0.361405
-0.858741 0.427951 0.281819
-0.929860 0.166414 0.328125
-0.853559 0.140295 0.501751
-0.853559 0.140295 0.501751
-0.810455 0.350550 0.469337
-0.858741 0.427951 0.281819
-0.858741 0.427951 0.281819
-0.832760 0.546793 0.086761
-0.956151 0.256574 0.141229
-0.956151 0.256574 0.141229
-0.929860 0.166414 0.328125
-0.858741 0.427951 0.281819
-0.858741 0.427951 0.281819
-0.632761 0.751828 0.185384
-0.556335 0.829884 0.042224
-0.556335 0.829884 0.042224
-0.832760 0.546793 0.086761
-0.858741 0.427951 0.281819
-0.832760 0.546793 0.086761
-0.753061 0.649291 -0.106403
-0.928319 0.361995 -0.084758
-0.928319 0.361995 -0.084758
-0.956151 0.256574 0.141229
-0.832760 0.546793 0.086761
-0.832760 0.546793 0.086761
-0.556335 0.829884 0.042224
-0.435249 0.896734 -0.080165
-0.435249 0.896734 -0.080165
-0.753061 0.649291 -0.106403
-0.832760 0.546793 0.086761
-0.956151 0.256574 0.141229
-0.972755 0.131814 0.190717
-0.933240 0.086046 0.348796
-0.933240 0.086046 0.348796
-0.929860 0.166414 0.328125
-0.956151 0.256574 0.141229
-0.956151 0.256574 0.141229
-0.928319 0.361995 -0.084758
-0.972018 0.233504 0.025624
-0.972018 0.233504 0.025624
-0.972755 0.131814 0.190717
-0.956151 0.256574 0.141229
-0.972018 0.233504 0.025624
-0.983347 0.141028 0.114628
-0.969269 0.089286 0.229230
-0.969269 0.089286 0.229230
-0.972755 0.131814 0.190717
-0.972018 0.233504 0.025624
-0.972018 0.233504 0.025624
-0.925619 0.363003 -0.107044
-0.978811 0.204671 -0.006228
-0.978811 0.204671 -0.006228
-0.983347 0.141028 0.114628
-0.972018 0.233504 0.025624
-0.972018 0.233504 0.025624
-0.928319 0.361995 -0.084758
-0.844923 0.499701 -0.190797
-0.844923 0.499701 -0.190797
-0.925619 0.363003 -0.107044
-0.972018 0.233504 0.025624
-0.978811 0.204671 -0.006228
-0.992895 0.096789 0.069219
-0.985373 0.074339 0.153340
-0.985373 0.074339 0.153340
-0.983347 0.141028 0.114628
-0.978811 0.204671 -0.006228
-0.978811 0.204671 -0.006228
-0.949266 0.307292 -0.066827
-0.993626 0.112599 -0.005306
-0.993626 0.112599 -0.005306
-0.992895 0.096789 0.069219
-0.978811 0.204671 -0.006228
-0.978811 0.204671 -0.006228
-0.925619 0.363003 -0.107044
-0.868463 0.468488 -0.162147
-0.868463 0.468488 -0.162147
-0.949266 0.307292 -0.066827
-0.978811 0.204671 -0.006228
-0.949266 0.307292 -0.066827
-0.925566 0.356993 -0.126029
-0.987439 0.149719 -0.050487
-0.987439 0.149719 -0.050487
-0.993626 0.112599 -0.005306
-0.949266 0.307292 -0.066827
-0.949266 0.307292 -0.066827
-0.868463 0.468488 -0.162147
-0.818814 0.522815 -0.237084
-0.818814 0.522815 -0.237084
-0.925566 0.356993 -0.126029
-0.949266 0.307292 -0.066827
-0.925566 0.356993 -0.126029
-0.889541 0.431526 -0.150007
-0.974285 0.210428 -0.080551
-0.974285 0.210428 -0.080551
-0.987439 0.149719 -0.050487
-0.925566 0.356993 -0.126029
-0.925566 0.356993 -0.126029
-0.818814 0.522815 -0.237084
-0.762507 0.603224 -0.233890
-0.762507 0.603224 -0.233890
-0.889541 0.431526 -0.150007
-0.925566 0.356993 -0.126029
-0.889541 0.431526 -0.150007
-0.854188 0.505525 -0.121686
-0.953629 0.290898 -0.077266
-0.953629 0.290898 -0.077266
-0.974285 0.210428 -0.080551
-0.889541 0.431526 -0.150007
-0.889541 0.431526 -0.150007
-0.762507 0.603224 -0.233890
-0.718562 0.675377 -0.165935
-0.718562 0.675377 -0.165935
-0.854188 0.505525 -0.121686
-0.889541 0.431526 -0.150007
-0.854188 0.505525 -0.121686
-0.824101 0.563714 -0.055531
-0.927162 0.373316 -0.031703
-0.927162 0.373316 -0.031703
-0.953629 0.290898 -0.077266
-0.854188 0.505525 -0.121686
-0.854188 0.505525 -0.121686
-0.718562 0.675377 -0.165935
-0.668326 0.739034 -0.084676
-0.668326 0.739034 -0.084676
-0.824101 0.563714 -0.055531
-0.854188 0.505525 -0.121686
-0.668326 0.739034 -0.084676
-0.622059 0.782559 -0.025369
-0.799383 0.599898 -0.033305
-0.799383 0.599898 -0.033305
-0.824101 0.563714 -0.055531
-0.668326 0.739034 -0.084676
-0.668326 0.739034 -0.084676
-0.478458 0.871112 -0.110643
-0.444659 0.895532 -0.017337
-0.444659 0.895532 -0.017337
-0.622059 0.782559 -0.025369
-0.668326 0.739034 -0.084676
-0.668326 0.739034 -0.084676
-0.718562 0.675377 -0.165935
-0.507521 0.842568 -0.180282
-0.507521 0.842568 -0.180282
-0.478458 0.871112 -0.110643
-0.668326 0.739034 -0.084676
-0.444659 0.895532 -0.017337
-0.433319 0.900362 0.039787
-0.611642 0.791112 -0.005929
-0.611642 0.791112 -0.005929
-0.622059 0.782559 -0.025369
-0.444659 0.895532 -0.017337
-0.444659 0.895532 -0.017337
-0.275562 0.961252 -0.007738
-0.252673 0.964603 0.075476
-0.252673 0.964603 0.075476
-0.433319 0.900362 0.039787
-0.444659 0.895532 -0.017337
-0.444659 0.895532 -0.017337
-0.478458 0.871112 -0.110643
-0.297458 0.949188 -0.102761
-0.297458 0.949188 -0.102761
-0.275562 0.961252 -0.007738
-0.444659 0.895532 -0.017337
-0.275562 0.961252 -0.007738
-0.131214 0.991235 -0.015360
-0.096911 0.991372 0.088265
-0.096911 0.991372 0.088265
-0.252673 0.964603 0.075476
-0.275562 0.961252 -0.007738
-0.275562 0.961252 -0.007738
-0.297458 0.949188 -0.102761
-0.160387 0.981006 -0.109105
-0.160387 0.981006 -0.109105
-0.131214 0.991235 -0.015360
-0.275562 0.961252 -0.007738
-0.131214 0.991235 -0.015360
0.015801 0.999040 -0.040847
0.056379 0.995519 0.075911
0.056379 0.995519 0.075911
-0.096911 0.991372 0.088265
-0.131214 0.991235 -0.015360
-0.131214 0.991235 -0.015360
-0.160387 0.981006 -0.109105
-0.019296 0.990844 -0.133626
-0.019296 0.990844 -0.133626
0.015801 0.999040 -0.040847
-0.131214 0.991235 -0.015360
0.015801 0.999040 -0.040847
0.199898 0.976325 -0.082647
0.238948 0.969901 0.046857
0.238948 0.969901 0.046857
0.056379 0.995519 0.075911
0.015801 0.999040 -0.040847
0.015801 0.999040 -0.040847
-0.019296 0.990844 -0.133626
0.161908 0.968206 -0.190693
0.161908 0.968206 -0.190693
0.199898 0.976325 -0.082647
0.015801 0.999040 -0.040847
0.199898 0.976325 -0.082647
0.450274 0.883172 -0.131380
0.478795 0.877840 0.012340
0.478795 0.877840 0.012340
0.238948 0.969901 0.046857
0.199898 0.976325 -0.082647
0.199898 0.976325 -0.082647
0.161908 0.968206 -0.190693
0.424330 0.866879 -0.261657
0.424330 0.866879 -0.261657
0.450274 0.883172 -0.131380
0.199898 0.976325 -0.082647
0.450274 0.883172 -0.131380
0.709222 0.684365 -0.169260
0.715933 0.697986 -0.015989
0.715933 0.697986 -0.015989
0.478795 0.877840 0.012340
0.450274 0.883172 -0.131380
0.450274 0.883172 -0.131380
0.424330 0.866879 -0.261657
0.690705 0.648150 -0.320669
0.690705 0.648150 -0.320669
0.709222 0.684365 -0.169260
0.450274 0.883172 -0.131380
0.709222 0.684365 -0.169260
0.880783 0.436874 -0.182652
0.886153 0.463041 -0.018066
0.886153 0.463041 -0.018066
0.715933 0.697986 -0.015989
0.709222 0.684365 -0.169260
0.709222 0.684365 -0.169260
0.690705 0.648150 -0.320669
0.852227 0.393610 -0.344646
0.852227 0.393610 -0.344646
0.880783 0.436874 -0.182652
0.709222 0.684365 -0.169260
0.852227 0.393610 -0.344646
0.912731 0.213961 -0.348055
0.948553 0.247969 -0.196872
0.948553 0.247969 -0.196872
0.880783 0.436874 -0.182652
0.852227 0.393610 -0.344646
0.852227 0.393610 -0.344646
0.805390 0.319447 -0.499300
0.855711 0.164348 -0.490662
0.855711 0.164348 -0.490662
0.912731 0.213961 -0.348055
0.852227 0.393610 -0.344646
0.852227 0.393610 -0.344646
0.690705 0.648150 -0.320669
0.654240 0.585648 -0.478525
0.654240 0.585648 -0.478525
0.805390 0.319447 -0.499300
0.852227 0.393610 -0.344646
0.855711 0.164348 -0.490662
0.869783 0.074911 -0.487714
0.928214 0.106953 -0.356343
0.928214 0.106953 -0.356343
0.912731 0.213961 -0.348055
0.855711 0.164348 -0.490662
0.855711 0.164348 -0.490662
0.797122 0.109791 -0.593753
0.808567 0.045731 -0.586624
0.808567 0.045731 -0.586624
0.869783 0.074911 -0.487714
0.855711 0.164348 -0.490662
0.855711 0.164348 -0.490662
0.805390 0.319447 -0.499300
0.757631 0.247650 -0.603874
0.757631 0.247650 -0.603874
0.797122 0.109791 -0.593753
0.855711 0.164348 -0.490662
0.797122 0.109791 -0.593753
0.757238 0.064633 -0.649933
0.767373 0.031957 -0.640404
0.767373 0.031957 -0.640404
0.808567 0.045731 -0.586624
0.797122 0.109791 -0.593753
0.797122 0.109791 -0.593753
0.757631 0.247650 -0.603874
0.723978 0.171028 -0.668286
0.723978 0.171028 -0.668286
0.757238 0.064633 -0.649933
0.797122 0.109791 -0.593753
0.757238 0.064633 -0.649933
0.748918 0.035698 -0.661701
0.758214 0.023021 -0.651599
0.758214 0.023021 -0.651599
0.767373 0.031957 -0.640404
0.757238 0.064633 -0.649933
0.757238 0.064633 -0.649933
0.723978 0.171028 -0.668286
0.726645 0.093339 -0.680643
0.726645 0.093339 -0.680643
0.748918 0.035698 -0.661701
0.757238 0.064633 -0.649933
0.748918 0.035698 -0.661701
0.788940 0.032698 -0.613599
0.795198 0.024380 -0.605860
0.795198 0.024380 -0.605860
0.758214 0.023021 -0.651599
0.748918 0.035698 -0.661701
0.748918 0.035698 -0.661701
0.726645 0.093339 -0.680643
0.771976 0.050672 -0.633629
0.771976 0.050672 -0.633629
0.788940 0.032698 -0.613599
0.748918 0.035698 -0.661701
0.771976 0.050672 -0.633629
0.848985 0.045292 -0.526472
0.856663 0.037724 -0.514496
0.856663 0.037724 -0.514496
0.788940 0.032698 -0.613599
0.771976 0.050672 -0.633629
0.771976 0.050672 -0.633629
0.741966 0.100277 -0.662896
0.834643 0.077368 -0.545330
0.834643 0.077368 -0.545330
0.848985 0.045292 -0.526472
0.771976 0.050672 -0.633629
0.771976 0.050672 -0.633629
0.726645 0.093339 -0.680643
0.677925 0.184705 -0.711549
0.677925 0.184705 -0.711549
0.741966 0.100277 -0.662896
0.771976 0.050672 -0.633629
0.834643 0.077368 -0.545330
0.917379 0.072384 -0.391379
0.923302 0.046532 -0.381246
0.923302 0.046532 -0.381246
0.848985 0.045292 -0.526472
0.834643 0.077368 -0.545330
0.834643 0.077368 -0.545330
0.796148 0.253737 -0.549332
0.890418 0.213184 -0.402130
0.890418 0.213184 -0.402130
0.917379 0.072384 -0.391379
0.834643 0.077368 -0.545330
0.834643 0.077368 -0.545330
0.741966 0.100277 -0.662896
0.682859 0.306782 -0.663015
0.682859 0.306782 -0.663015
0.796148 0.253737 -0.549332
0.834643 0.077368 -0.545330
0.890418 0.213184 -0.402130
0.958118 0.190655 -0.213684
0.975494 0.062899 -0.210845
0.975494 0.062899 -0.210845
0.917379 0.072384 -0.391379
0.890418 0.213184 -0.402130
0.890418 0.213184 -0.402130
0.760248 0.537154 -0.365360
0.830359 0.524483 -0.188206
0.830359 0.524483 -0.188206
0.958118 0.190655 -0.213684
0.890418 0.213184 -0.402130
0.890418 0.213184 -0.402130
0.796148 0.253737 -0.549332
0.659658 0.580203 -0.477719
0.659658 0.580203 -0.477719
0.760248 0.537154 -0.365360
0.890418 0.213184 -0.402130
0.958118 0.190655 -0.213684
0.978099 0.207762 -0.012530
0.996858 0.079130 -0.003667
0.996858 0.079130 -0.003667
0.975494 0.062899 -0.210845
0.958118 0.190655 -0.213684
0.958118 0.190655 -0.213684
0.830359 0.524483 -0.188206
0.865377 0.500478 -0.025386
0.865377 0.500478 -0.025386
0.978099 0.207762 -0.012530
0.958118 0.190655 -0.213684
0.978099 0.207762 -0.012530
0.963797 0.198206 0.178351
0.977478 0.067835 0.199836
0.977478 0.067835 0.199836
0.996858 0.079130 -0.003667
0.978099 0.207762 -0.012530
0.978099 0.207762 -0.012530
0.865377 0.500478 -0.025386
0.840957 0.522556 0.140451
0.840957 0.522556 0.140451
0.963797 0.198206 0.178351
0.978099 0.207762 -0.012530
0.963797 0.198206 0.178351
0.902656 0.179671 0.391063
0.911657 0.068639 0.405179
0.911657 0.068639 0.405179
0.977478 0.067835 0.199836
0.963797 0.198206 0.178351
0.963797 0.198206 0.178351
0.840957 0.522556 0.140451
0.781309 0.533604 0.323764
0.781309 0.533604 0.323764
0.902656 0.179671 0.391063
0.963797 0.198206 0.178351
0.902656 0.179671 0.391063
0.796996 0.169483 0.579718
0.803903 0.071362 0.590464
0.803903 0.071362 0.590464
0.911657 0.068639 0.405179
0.902656 0.179671 0.391063
0.902656 0.179671 0.391063
0.781309 0.533604 0.323764
0.684897 0.538873 0.490441
0.684897 0.538873 0.490441
0.796996 0.169483 0.579718
0.902656 0.179671 0.391063
0.796996 0.169483 0.579718
0.653401 0.174066 0.736728
0.657105 0.069526 0.750585
0.657105 0.069526 0.750585
0.803903 0.071362 0.590464
0.796996 0.169483 0.579718
0.796996 0.169483 0.579718
0.684897 0.538873 0.490441
0.556886 0.551662 0.620924
0.556886 0.551662 0.620924
0.653401 0.174066 0.736728
0.796996 0.169483 0.579718
0.653401 0.174066 0.736728
0.472259 0.167069 0.865482
0.475819 0.070543 0.876709
0.475819 0.070543 0.876709
0.657105 0.069526 0.750585
0.653401 0.174066 0.736728
0.653401 0.174066 0.736728
0.556886 0.551662 0.620924
0.403669 0.546728 0.733580
0.403669 0.546728 0.733580
0.472259 0.167069 0.865482
0.653401 0.174066 0.736728
0.472259 0.167069 0.865482
0.268135 0.174481 0.947449
0.272001 0.071897 0.959608
0.272001 0.071897 0.959608
0.475819 0.070543 0.876709
0.472259 0.167069 0.865482
0.472259 0.167069 0.865482
0.403669 0.546728 0.733580
0.225607 0.549448 0.804492
0.225607 0.549448 0.804492
0.268135 0.174481 0.947449
0.472259 0.167069 0.865482
0.268135 0.174481 0.947449
0.053304 0.191332 0.980077
0.051765 0.068365 0.996317
0.051765 0.068365 0.996317
0.272001 0.071897 0.959608
0.268135 0.174481 0.947449
0.268135 0.174481 0.947449
0.225607 0.549448 0.804492
0.044807 0.559390 0.827693
0.044807 0.559390 0.827693
0.053304 0.191332 0.980077
0.268135 0.174481 0.947449
0.044807 0.559390 0.827693
-0.139473 0.562313 0.815077
-0.168543 0.194105 0.966394
-0.168543 0.194105 0.966394
0.053304 0.191332 0.980077
0.044807 0.559390 0.827693
0.044807 0.559390 0.827693
0.034649 0.792878 0.608394
-0.097050 0.799594 0.592647
-0.097050 0.799594 0.592647
-0.139473 0.562313 0.815077
0.044807 0.559390 0.827693
0.044807 0.559390 0.827693
0.225607 0.549448 0.804492
0.161207 0.803338 0.573289
0.161207 0.803338 0.573289
0.034649 0.792878 0.608394
0.044807 0.559390 0.827693
-0.097050 0.799594 0.592647
-0.231473 0.806526 0.544001
-0.313560 0.580187 0.751707
-0.313560 0.580187 0.751707
-0.139473 0.562313 0.815077
-0.097050 0.799594 0.592647
0.112883 0.742878 -0.659841
0.111789 0.742649 -0.660285
0.258976 0.748506 -0.610467
0.258976 0.748506 -0.610467
0.258645 0.748563 -0.610538
0.112883 0.742878 -0.659841
0.112883 0.742878 -0.659841
-0.036426 0.744654 -0.666456
-0.038131 0.744497 -0.666537
-0.038131 0.744497 -0.666537
0.111789 0.742649 -0.660285
0.112883 0.742878 -0.659841
-0.313560 0.580187 0.751707
-0.376911 0.207300 0.902754
-0.168543 0.194105 0.966394
-0.168543 0.194105 0.966394
-0.139473 0.562313 0.815077
-0.313560 0.580187 0.751707
-0.313560 0.580187 0.751707
-0.473168 0.602010 0.643192
-0.569054 0.239237 0.786730
-0.569054 0.239237 0.786730
-0.376911 0.207300 0.902754
-0.313560 0.580187 0.751707
-0.313560 0.580187 0.751707
-0.231473 0.806526 0.544001
-0.345179 0.810964 0.472429
-0.345179 0.810964 0.472429
-0.473168 0.602010 0.643192
-0.313560 0.580187 0.751707
-0.569054 0.239237 0.786730
-0.577512 0.081628 0.812291
-0.386167 0.074008 0.919455
-0.386167 0.074008 0.919455
-0.376911 0.207300 0.902754
-0.569054 0.239237 0.786730
-0.569054 0.239237 0.786730
-0.720524 0.288483 0.630574
-0.739012 0.098245 0.666490
-0.739012 0.098245 0.666490
-0.577512 0.081628 0.812291
-0.569054 0.239237 0.786730
-0.569054 0.239237 0.786730
-0.473168 0.602010 0.643192
-0.583989 0.636296 0.504067
-0.583989 0.636296 0.504067
-0.720524 0.288483 0.630574
-0.569054 0.239237 0.786730
-0.739012 0.098245 0.666490
-0.732823 0.049647 0.678606
-0.577692 0.048810 0.814794
-0.577692 0.048810 0.814794
-0.577512 0.081628 0.812291
-0.739012 0.098245 0.666490
-0.739012 0.098245 0.666490
-0.853559 0.140295 0.501751
-0.850980 0.065622 0.521083
-0.850980 0.065622 0.521083
-0.732823 0.049647 0.678606
-0.739012 0.098245 0.666490
-0.739012 0.098245 0.666490
-0.720524 0.288483 0.630574
-0.810455 0.350550 0.469337
-0.810455 0.350550 0.469337
-0.853559 0.140295 0.501751
-0.739012 0.098245 0.666490
-0.850980 0.065622 0.521083
-0.843881 0.040432 0.535004
-0.729794 0.040218 0.682483
-0.729794 0.040218 0.682483
-0.732823 0.049647 0.678606
-0.850980 0.065622 0.521083
-0.850980 0.065622 0.521083
-0.933240 0.086046 0.348796
-0.923208 0.056371 0.380144
-0.923208 0.056371 0.380144
-0.843881 0.040432 0.535004
-0.850980 0.065622 0.521083
-0.850980 0.065622 0.521083
-0.853559 0.140295 0.501751
-0.929860 0.166414 0.328125
-0.929860 0.166414 0.328125
-0.933240 0.086046 0.348796
-0.850980 0.065622 0.521083
-0.923208 0.056371 0.380144
-0.915430 0.029832 0.401371
-0.840793 0.027105 0.540677
-0.840793 0.027105 0.540677
-0.843881 0.040432 0.535004
-0.923208 0.056371 0.380144
-0.923208 0.056371 0.380144
-0.969269 0.089286 0.229230
-0.962746 0.044457 0.266729
-0.962746 0.044457 0.266729
-0.915430 0.029832 0.401371
-0.923208 0.056371 0.380144
-0.923208 0.056371 0.380144
-0.933240 0.086046 0.348796
-0.972755 0.131814 0.190717
-0.972755 0.131814 0.190717
-0.969269 0.089286 0.229230
-0.923208 0.056371 0.380144
-0.962746 0.044457 0.266729
-0.957438 0.018198 0.288066
-0.912603 0.017453 0.408474
-0.912603 0.017453 0.408474
-0.915430 0.029832 0.401371
-0.962746 0.044457 0.266729
-0.962746 0.044457 0.266729
-0.985373 0.074339 0.153340
-0.983866 0.022525 0.177484
-0.983866 0.022525 0.177484
-0.957438 0.018198 0.288066
-0.962746 0.044457 0.266729
-0.962746 0.044457 0.266729
-0.969269 0.089286 0.229230
-0.983347 0.141028 0.114628
-0.983347 0.141028 0.114628
-0.985373 0.074339 0.153340
-0.962746 0.044457 0.266729
-0.983866 0.022525 0.177484
-0.981527 0.007598 0.191175
-0.955760 0.008411 0.294028
-0.955760 0.008411 0.294028
-0.957438 0.018198 0.288066
-0.983866 0.022525 0.177484
-0.983866 0.022525 0.177484
-0.995040 0.035135 0.093060
-0.994502 0.007402 0.104459
-0.994502 0.007402 0.104459
-0.981527 0.007598 0.191175
-0.983866 0.022525 0.177484
-0.983866 0.022525 0.177484
-0.985373 0.074339 0.153340
-0.992895 0.096789 0.069219
-0.992895 0.096789 0.069219
-0.995040 0.035135 0.093060
-0.983866 0.022525 0.177484
-0.995040 0.035135 0.093060
-0.998417 0.045490 0.033074
-0.998845 0.008106 0.047365
-0.998845 0.008106 0.047365
-0.994502 0.007402 0.104459
-0.995040 0.035135 0.093060
-0.995040 0.035135 0.093060
-0.992895 0.096789 0.069219
-0.993626 0.112599 -0.005306
-0.993626 0.112599 -0.005306
-0.998417 0.045490 0.033074
-0.995040 0.035135 0.093060
-0.998417 0.045490 0.033074
-0.997464 0.071169 0.000554
-0.999595 0.015859 0.023646
-0.999595 0.015859 0.023646
-0.998845 0.008106 0.047365
-0.998417 0.045490 0.033074
-0.998417 0.045490 0.033074
-0.993626 0.112599 -0.005306
-0.987439 0.149719 -0.050487
-0.987439 0.149719 -0.050487
-0.997464 0.071169 0.000554
-0.998417 0.045490 0.033074
-0.997464 0.071169 0.000554
-0.992517 0.121151 -0.015272
-0.999167 0.035828 0.019513
-0.999167 0.035828 0.019513
-0.999595 0.015859 0.023646
-0.997464 0.071169 0.000554
-0.997464 0.071169 0.000554
-0.987439 0.149719 -0.050487
-0.974285 0.210428 -0.080551
-0.974285 0.210428 -0.080551
-0.992517 0.121151 -0.015272
-0.997464 0.071169 0.000554
-0.992517 0.121151 -0.015272
-0.981356 0.191666 -0.014312
-0.996906 0.075744 0.021015
-0.996906 0.075744 0.021015
-0.999167 0.035828 0.019513
-0.992517 0.121151 -0.015272
-0.992517 0.121151 -0.015272
-0.974285 0.210428 -0.080551
-0.953629 0.290898 -0.077266
-0.953629 0.290898 -0.077266
-0.981356 0.191666 -0.014312
-0.992517 0.121151 -0.015272
-0.981356 0.191666 -0.014312
-0.966848 0.255139 0.010402
-0.992612 0.117381 0.030696
-0.992612 0.117381 0.030696
-0.996906 0.075744 0.021015
-0.981356 0.191666 -0.014312
-0.981356 0.191666 -0.014312
-0.953629 0.290898 -0.077266
-0.927162 0.373316 -0.031703
-0.927162 0.373316 -0.031703
-0.966848 0.255139 0.010402
-0.981356 0.191666 -0.014312
-0.966848 0.255139 0.010402
-0.956853 0.289744 0.021909
-0.988519 0.147669 0.031995
-0.988519 0.147669 0.031995
-0.992612 0.117381 0.030696
-0.966848 0.255139 0.010402
-0.966848 0.255139 0.010402
-0.927162 0.373316 -0.031703
-0.899576 0.436738 -0.004783
-0.899576 0.436738 -0.004783
-0.956853 0.289744 0.021909
-0.966848 0.255139 0.010402
-0.899576 0.436738 -0.004783
-0.876449 0.481484 -0.003230
-0.949024 0.315192 -0.002671
-0.949024 0.315192 -0.002671
-0.956853 0.289744 0.021909
-0.899576 0.436738 -0.004783
-0.899576 0.436738 -0.004783
-0.799383 0.599898 -0.033305
-0.769276 0.638732 -0.015379
-0.769276 0.638732 -0.015379
-0.876449 0.481484 -0.003230
-0.899576 0.436738 -0.004783
-0.899576 0.436738 -0.004783
-0.927162 0.373316 -0.031703
-0.824101 0.563714 -0.055531
-0.824101 0.563714 -0.055531
-0.799383 0.599898 -0.033305
-0.899576 0.436738 -0.004783
-0.769276 0.638732 -0.015379
-0.746808 0.664912 -0.013065
-0.864983 0.501267 -0.023169
-0.864983 0.501267 -0.023169
-0.876449 0.481484 -0.003230
-0.769276 0.638732 -0.015379
-0.769276 0.638732 -0.015379
-0.611642 0.791112 -0.005929
-0.603080 0.797674 0.003307
-0.603080 0.797674 0.003307
-0.746808 0.664912 -0.013065
-0.769276 0.638732 -0.015379
-0.769276 0.638732 -0.015379
-0.799383 0.599898 -0.033305
-0.622059 0.782559 -0.025369
-0.622059 0.782559 -0.025369
-0.611642 0.791112 -0.005929
-0.769276 0.638732 -0.015379
-0.603080 0.797674 0.003307
-0.585066 0.810985 0.000770
-0.733084 0.679777 -0.022165
-0.733084 0.679777 -0.022165
-0.746808 0.664912 -0.013065
-0.603080 0.797674 0.003307
-0.603080 0.797674 0.003307
-0.436684 0.898877 0.036416
-0.432580 0.901330 0.021874
-0.432580 0.901330 0.021874
-0.585066 0.810985 0.000770
-0.603080 0.797674 0.003307
-0.603080 0.797674 0.003307
-0.611642 0.791112 -0.005929
-0.433319 0.900362 0.039787
-0.433319 0.900362 0.039787
-0.436684 0.898877 0.036416
-0.603080 0.797674 0.003307
-0.436684 0.898877 0.036416
-0.249338 0.963938 0.093026
-0.257194 0.964246 0.063879
-0.257194 0.964246 0.063879
-0.432580 0.901330 0.021874
-0.436684 0.898877 0.036416
-0.436684 0.898877 0.036416
-0.433319 0.900362 0.039787
-0.252673 0.964603 0.075476
-0.252673 0.964603 0.075476
-0.249338 0.963938 0.093026
-0.436684 0.898877 0.036416
-0.249338 0.963938 0.093026
-0.074857 0.988643 0.130310
-0.063640 0.991033 0.117491
-0.063640 0.991033 0.117491
-0.257194 0.964246 0.063879
-0.249338 0.963938 0.093026
-0.249338 0.963938 0.093026
-0.252673 0.964603 0.075476
-0.096911 0.991372 0.088265
-0.096911 0.991372 0.088265
-0.074857 0.988643 0.130310
-0.249338 0.963938 0.093026
-0.074857 0.988643 0.130310
0.094473 0.987050 0.129643
0.122695 0.978069 0.168309
0.122695 0.978069 0.168309
-0.063640 0.991033 0.117491
-0.074857 0.988643 0.130310
-0.074857 0.988643 0.130310
-0.096911 0.991372 0.088265
0.056379 0.995519 0.075911
0.056379 0.995519 0.075911
0.094473 0.987050 0.129643
-0.074857 0.988643 0.130310
0.094473 0.987050 0.129643
0.273382 0.955326 0.112310
0.302344 0.932672 0.196750
0.302344 0.932672 0.196750
0.122695 0.978069 0.168309
0.094473 0.987050 0.129643
0.094473 0.987050 0.129643
0.056379 0.995519 0.075911
0.238948 0.969901 0.046857
0.238948 0.969901 0.046857
0.273382 0.955326 0.112310
0.094473 0.987050 0.129643
0.273382 0.955326 0.112310
0.497432 0.860712 0.108334
0.512347 0.834439 0.203010
0.512347 0.834439 0.203010
0.302344 0.932672 0.196750
0.273382 0.955326 0.112310
0.273382 0.955326 0.112310
0.238948 0.969901 0.046857
0.478795 0.877840 0.012340
0.478795 0.877840 0.012340
0.497432 0.860712 0.108334
0.273382 0.955326 0.112310
0.497432 0.860712 0.108334
0.716172 0.688112 0.116621
0.705329 0.673081 0.222428
0.705329 0.673081 0.222428
0.512347 0.834439 0.203010
0.497432 0.860712 0.108334
0.497432 0.860712 0.108334
0.478795 0.877840 0.012340
0.715933 0.697986 -0.015989
0.715933 0.697986 -0.015989
0.716172 0.688112 0.116621
0.497432 0.860712 0.108334
0.716172 0.688112 0.116621
0.872182 0.474093 0.120558
0.852100 0.466353 0.237571
0.852100 0.466353 0.237571
0.705329 0.673081 0.222428
0.716172 0.688112 0.116621
0.716172 0.688112 0.116621
0.715933 0.697986 -0.015989
0.886153 0.463041 -0.018066
0.886153 0.463041 -0.018066
0.872182 0.474093 0.120558
0.716172 0.688112 0.116621
0.872182 0.474093 0.120558
0.953096 0.277702 0.120372
0.927040 0.280055 0.249333
0.927040 0.280055 0.249333
0.852100 0.466353 0.237571
0.872182 0.474093 0.120558
0.872182 0.474093 0.120558
0.886153 0.463041 -0.018066
0.962572 0.269613 -0.027627
0.962572 0.269613 -0.027627
0.953096 0.277702 0.120372
0.872182 0.474093 0.120558
0.962572 0.269613 -0.027627
0.886153 0.463041 -0.018066
0.880783 0.436874 -0.182652
0.880783 0.436874 -0.182652
0.948553 0.247969 -0.196872
0.962572 0.269613 -0.027627
0.962572 0.269613 -0.027627
0.987426 0.151328 -0.045713
0.982133 0.157727 0.102650
0.982133 0.157727 0.102650
0.953096 0.277702 0.120372
0.962572 0.269613 -0.027627
0.962572 0.269613 -0.027627
0.948553 0.247969 -0.196872
0.969680 0.132684 -0.205221
0.969680 0.132684 -0.205221
0.987426 0.151328 -0.045713
0.962572 0.269613 -0.027627
0.969680 0.132684 -0.205221
0.975205 0.063760 -0.211919
0.995069 0.077745 -0.061585
0.995069 0.077745 -0.061585
0.987426 0.151328 -0.045713
0.969680 0.132684 -0.205221
0.969680 0.132684 -0.205221
0.928214 0.106953 -0.356343
0.932934 0.047345 -0.356920
0.932934 0.047345 -0.356920
0.975205 0.063760 -0.211919
0.969680 0.132684 -0.205221
0.969680 0.132684 -0.205221
0.948553 0.247969 -0.196872
0.912731 0.213961 -0.348055
0.912731 0.213961 -0.348055
0.928214 0.106953 -0.356343
0.969680 0.132684 -0.205221
0.932934 0.047345 -0.356920
0.931353 0.017780 -0.363684
0.975514 0.023795 -0.218645
0.975514 0.023795 -0.218645
0.975205 0.063760 -0.211919
0.932934 0.047345 -0.356920
0.932934 0.047345 -0.356920
0.873818 0.030795 -0.485278
0.872033 0.014996 -0.489218
0.872033 0.014996 -0.489218
0.931353 0.017780 -0.363684
0.932934 0.047345 -0.356920
0.932934 0.047345 -0.356920
0.928214 0.106953 -0.356343
0.869783 0.074911 -0.487714
0.869783 0.074911 -0.487714
0.873818 0.030795 -0.485278
0.932934 0.047345 -0.356920
0.873818 0.030795 -0.485278
0.807708 0.015285 -0.589384
0.806202 0.009452 -0.591564
0.806202 0.009452 -0.591564
0.872033 0.014996 -0.489218
0.873818 0.030795 -0.485278
0.873818 0.030795 -0.485278
0.869783 0.074911 -0.487714
0.808567 0.045731 -0.586624
0.808567 0.045731 -0.586624
0.807708 0.015285 -0.589384
0.873818 0.030795 -0.485278
0.807708 0.015285 -0.589384
0.765234 0.012072 -0.643639
0.765756 0.006103 -0.643102
0.765756 0.006103 -0.643102
0.806202 0.009452 -0.591564
0.807708 0.015285 -0.589384
0.807708 0.015285 -0.589384
0.808567 0.045731 -0.586624
0.767373 0.031957 -0.640404
0.767373 0.031957 -0.640404
0.765234 0.012072 -0.643639
0.807708 0.015285 -0.589384
0.765234 0.012072 -0.643639
0.760826 0.008997 -0.648894
0.763752 0.003593 -0.645500
0.763752 0.003593 -0.645500
0.765756 0.006103 -0.643102
0.765234 0.012072 -0.643639
0.765234 0.012072 -0.643639
0.767373 0.031957 -0.640404
0.758214 0.023021 -0.651599
0.758214 0.023021 -0.651599
0.760826 0.008997 -0.648894
0.765234 0.012072 -0.643639
0.760826 0.008997 -0.648894
0.799239 0.008755 -0.600950
0.801333 0.004025 -0.598206
0.801333 0.004025 -0.598206
0.763752 0.003593 -0.645500
0.760826 0.008997 -0.648894
0.760826 0.008997 -0.648894
0.758214 0.023021 -0.651599
0.795198 0.024380 -0.605860
0.795198 0.024380 -0.605860
0.799239 0.008755 -0.600950
0.760826 0.008997 -0.648894
0.799239 0.008755 -0.600950
0.870799 0.013590 -0.491452
0.872102 0.005292 -0.489296
0.872102 0.005292 -0.489296
0.801333 0.004025 -0.598206
0.799239 0.008755 -0.600950
0.799239 0.008755 -0.600950
0.795198 0.024380 -0.605860
0.864419 0.022888 -0.502250
0.864419 0.022888 -0.502250
0.870799 0.013590 -0.491452
0.799239 0.008755 -0.600950
0.864419 0.022888 -0.502250
0.935869 0.022955 -0.351600
0.938901 0.015109 -0.343855
0.938901 0.015109 -0.343855
0.870799 0.013590 -0.491452
0.864419 0.022888 -0.502250
0.864419 0.022888 -0.502250
0.856663 0.037724 -0.514496
0.930360 0.035976 -0.364878
0.930360 0.035976 -0.364878
0.935869 0.022955 -0.351600
0.864419 0.022888 -0.502250
0.864419 0.022888 -0.502250
0.795198 0.024380 -0.605860
0.788940 0.032698 -0.613599
0.788940 0.032698 -0.613599
0.856663 0.037724 -0.514496
0.864419 0.022888 -0.502250
0.930360 0.035976 -0.364878
0.982664 0.035115 -0.182042
0.984395 0.024865 -0.174209
0.984395 0.024865 -0.174209
0.935869 0.022955 -0.351600
0.930360 0.035976 -0.364878
0.930360 0.035976 -0.364878
0.923302 0.046532 -0.381246
0.979786 0.044880 -0.194949
0.979786 0.044880 -0.194949
0.982664 0.035115 -0.182042
0.930360 0.035976 -0.364878
0.930360 0.035976 -0.364878
0.856663 0.037724 -0.514496
0.848985 0.045292 -0.526472
0.848985 0.045292 -0.526472
0.923302 0.046532 -0.381246
0.930360 0.035976 -0.364878
0.979786 0.044880 -0.194949
0.999089 0.042476 0.004095
0.999273 0.036066 0.012344
0.999273 0.036066 0.012344
0.982664 0.035115 -0.182042
0.979786 0.044880 -0.194949
0.979786 0.044880 -0.194949
0.975494 0.062899 -0.210845
0.996858 0.079130 -0.003667
0.996858 0.079130 -0.003667
0.999089 0.042476 0.004095
0.979786 0.044880 -0.194949
0.979786 0.044880 -0.194949
0.923302 0.046532 -0.381246
0.917379 0.072384 -0.391379
0.917379 0.072384 -0.391379
0.975494 0.062899 -0.210845
0.979786 0.044880 -0.194949
0.999089 0.042476 0.004095
0.976662 0.041530 0.210729
0.975537 0.037935 0.216536
0.975537 0.037935 0.216536
0.999273 0.036066 0.012344
0.999089 0.042476 0.004095
0.999089 0.042476 0.004095
0.996858 0.079130 -0.003667
0.977478 0.067835 0.199836
0.977478 0.067835 0.199836
0.976662 0.041530 0.210729
0.999089 0.042476 0.004095
0.976662 0.041530 0.210729
0.910642 0.043974 0.410849
0.908742 0.038192 0.415607
0.908742 0.038192 0.415607
0.975537 0.037935 0.216536
0.976662 0.041530 0.210729
0.976662 0.041530 0.210729
0.977478 0.067835 0.199836
0.911657 0.068639 0.405179
0.911657 0.068639 0.405179
0.910642 0.043974 0.410849
0.976662 0.041530 0.210729
0.910642 0.043974 0.410849
0.801961 0.045265 0.595658
0.799560 0.039949 0.599256
0.799560 0.039949 0.599256
0.908742 0.038192 0.415607
0.910642 0.043974 0.410849
0.910642 0.043974 0.410849
0.911657 0.068639 0.405179
0.803903 0.071362 0.590464
0.803903 0.071362 0.590464
0.801961 0.045265 0.595658
0.910642 0.043974 0.410849
0.801961 0.045265 0.595658
0.654165 0.044605 0.755035
0.650648 0.039214 0.758366
0.650648 0.039214 0.758366
0.799560 0.039949 0.599256
0.801961 0.045265 0.595658
0.801961 0.045265 0.595658
0.803903 0.071362 0.590464
0.657105 0.069526 0.750585
0.657105 0.069526 0.750585
0.654165 0.044605 0.755035
0.801961 0.045265 0.595658
0.654165 0.044605 0.755035
0.473649 0.043471 0.879640
0.470202 0.037519 0.881761
0.470202 0.037519 0.881761
0.650648 0.039214 0.758366
0.654165 0.044605 0.755035
0.654165 0.044605 0.755035
0.657105 0.069526 0.750585
0.475819 0.070543 0.876709
0.475819 0.070543 0.876709
0.473649 0.043471 0.879640
0.654165 0.044605 0.755035
0.473649 0.043471 0.879640
0.270094 0.043209 0.961864
0.267328 0.036480 0.962915
0.267328 0.036480 0.962915
0.470202 0.037519 0.881761
0.473649 0.043471 0.879640
0.473649 0.043471 0.879640
0.475819 0.070543 0.876709
0.272001 0.071897 0.959608
0.272001 0.071897 0.959608
0.270094 0.043209 0.961864
0.473649 0.043471 0.879640
0.270094 0.043209 0.961864
0.049492 0.043404 0.997831
0.047604 0.036156 0.998212
0.047604 0.036156 0.998212
0.267328 0.036480 0.962915
0.270094 0.043209 0.961864
0.270094 0.043209 0.961864
0.272001 0.071897 0.959608
0.051765 0.068365 0.996317
0.051765 0.068365 0.996317
0.049492 0.043404 0.997831
0.270094 0.043209 0.961864
0.049492 0.043404 0.997831
-0.172996 0.044327 0.983925
-0.173748 0.036799 0.984102
-0.173748 0.036799 0.984102
0.047604 0.036156 0.998212
0.049492 0.043404 0.997831
0.049492 0.043404 0.997831
0.051765 0.068365 0.996317
-0.172265 0.071993 0.982416
-0.172265 0.071993 0.982416
-0.172996 0.044327 0.983925
0.049492 0.043404 0.997831
-0.172265 0.071993 0.982416
-0.386167 0.074008 0.919455
-0.385262 0.045885 0.921666
-0.385262 0.045885 0.921666
-0.172996 0.044327 0.983925
-0.172265 0.071993 0.982416
-0.172265 0.071993 0.982416
-0.168543 0.194105 0.966394
-0.376911 0.207300 0.902754
-0.376911 0.207300 0.902754
-0.386167 0.074008 0.919455
-0.172265 0.071993 0.982416
-0.172265 0.071993 0.982416
0.051765 0.068365 0.996317
0.053304 0.191332 0.980077
0.053304 0.191332 0.980077
-0.168543 0.194105 0.966394
-0.172265 0.071993 0.982416
-0.385262 0.045885 0.921666
-0.384347 0.036631 0.922462
-0.173748 0.036799 0.984102
-0.173748 0.036799 0.984102
-0.172996 0.044327 0.983925
-0.385262 0.045885 0.921666
-0.385262 0.045885 0.921666
-0.577692 0.048810 0.814794
-0.574823 0.038730 0.817360
-0.574823 0.038730 0.817360
-0.384347 0.036631 0.922462
-0.385262 0.045885 0.921666
-0.385262 0.045885 0.921666
-0.386167 0.074008 0.919455
-0.577512 0.081628 0.812291
-0.577512 0.081628 0.812291
-0.577692 0.048810 0.814794
-0.385262 0.045885 0.921666
-0.574823 0.038730 0.817360
-0.572843 0.029252 0.819143
-0.384361 0.028728 0.922736
-0.384361 0.028728 0.922736
-0.384347 0.036631 0.922462
-0.574823 0.038730 0.817360
-0.574823 0.038730 0.817360
-0.729794 0.040218 0.682483
-0.727222 0.027633 0.685846
-0.727222 0.027633 0.685846
-0.572843 0.029252 0.819143
-0.574823 0.038730 0.817360
-0.574823 0.038730 0.817360
-0.577692 0.048810 0.814794
-0.732823 0.049647 0.678606
-0.732823 0.049647 0.678606
-0.729794 0.040218 0.682483
-0.574823 0.038730 0.817360
-0.727222 0.027633 0.685846
-0.725838 0.016907 0.687658
-0.572911 0.018009 0.819420
-0.572911 0.018009 0.819420
-0.572843 0.029252 0.819143
-0.727222 0.027633 0.685846
-0.727222 0.027633 0.685846
-0.840793 0.027105 0.540677
-0.837277 0.016162 0.546540
-0.837277 0.016162 0.546540
-0.725838 0.016907 0.687658
-0.727222 0.027633 0.685846
-0.727222 0.027633 0.685846
-0.729794 0.040218 0.682483
-0.843881 0.040432 0.535004
-0.843881 0.040432 0.535004
-0.840793 0.027105 0.540677
-0.727222 0.027633 0.685846
-0.837277 0.016162 0.546540
-0.835602 0.006188 0.549300
-0.725166 0.007550 0.688533
-0.725166 0.007550 0.688533
-0.725838 0.016907 0.687658
-0.837277 0.016162 0.546540
-0.837277 0.016162 0.546540
-0.912603 0.017453 0.408474
-0.910027 0.006745 0.414495
-0.910027 0.006745 0.414495
-0.835602 0.006188 0.549300
-0.837277 0.016162 0.546540
-0.837277 0.016162 0.546540
-0.840793 0.027105 0.540677
-0.915430 0.029832 0.401371
-0.915430 0.029832 0.401371
-0.912603 0.017453 0.408474
-0.837277 0.016162 0.546540
-0.910027 0.006745 0.414495
-0.908813 0.000404 0.417204
-0.835275 0.000024 0.549833
-0.835275 0.000024 0.549833
-0.835602 0.006188 0.549300
-0.910027 0.006745 0.414495
-0.910027 0.006745 0.414495
-0.955760 0.008411 0.294028
-0.954818 0.000747 0.297191
-0.954818 0.000747 0.297191
-0.908813 0.000404 0.417204
-0.910027 0.006745 0.414495
-0.910027 0.006745 0.414495
-0.912603 0.017453 0.408474
-0.957438 0.018198 0.288066
-0.957438 0.018198 0.288066
-0.955760 0.008411 0.294028
-0.910027 0.006745 0.414495
-0.954818 0.000747 0.297191
-0.955109 -0.005306 0.296207
-0.909404 -0.006630 0.415861
-0.909404 -0.006630 0.415861
-0.908813 0.000404 0.417204
-0.954818 0.000747 0.297191
-0.954818 0.000747 0.297191
-0.980757 0.002059 0.195219
-0.981008 -0.005521 0.193890
-0.981008 -0.005521 0.193890
-0.955109 -0.005306 0.296207
-0.954818 0.000747 0.297191
-0.954818 0.000747 0.297191
-0.955760 0.008411 0.294028
-0.981527 0.007598 0.191175
-0.981527 0.007598 0.191175
-0.980757 0.002059 0.195219
-0.954818 0.000747 0.297191
-0.980757 0.002059 0.195219
-0.993996 0.003353 0.109364
-0.994161 -0.005599 0.107763
-0.994161 -0.005599 0.107763
-0.981008 -0.005521 0.193890
-0.980757 0.002059 0.195219
-0.980757 0.002059 0.195219
-0.981527 0.007598 0.191175
-0.994502 0.007402 0.104459
-0.994502 0.007402 0.104459
-0.993996 0.003353 0.109364
-0.980757 0.002059 0.195219
-0.993996 0.003353 0.109364
-0.998709 0.002764 0.050714
-0.998751 -0.004272 0.049776
-0.998751 -0.004272 0.049776
-0.994161 -0.005599 0.107763
-0.993996 0.003353 0.109364
-0.993996 0.003353 0.109364
-0.994502 0.007402 0.104459
-0.998845 0.008106 0.047365
-0.998845 0.008106 0.047365
-0.998709 0.002764 0.050714
-0.993996 0.003353 0.109364
-0.998709 0.002764 0.050714
-0.999541 0.003961 0.030027
-0.999585 -0.009008 0.027378
-0.999585 -0.009008 0.027378
-0.998751 -0.004272 0.049776
-0.998709 0.002764 0.050714
-0.998709 0.002764 0.050714
-0.998845 0.008106 0.047365
-0.999595 0.015859 0.023646
-0.999595 0.015859 0.023646
-0.999541 0.003961 0.030027
-0.998709 0.002764 0.050714
-0.999541 0.003961 0.030027
-0.999466 0.008741 0.031487
-0.999408 -0.019026 0.028653
-0.999408 -0.019026 0.028653
-0.999585 -0.009008 0.027378
-0.999541 0.003961 0.030027
-0.999541 0.003961 0.030027
-0.999595 0.015859 0.023646
-0.999167 0.035828 0.019513
-0.999167 0.035828 0.019513
-0.999466 0.008741 0.031487
-0.999541 0.003961 0.030027
-0.999466 0.008741 0.031487
-0.998929 0.020043 0.041707
-0.998677 -0.032714 0.039677
-0.998677 -0.032714 0.039677
-0.999408 -0.019026 0.028653
-0.999466 0.008741 0.031487
-0.999466 0.008741 0.031487
-0.999167 0.035828 0.019513
-0.996906 0.075744 0.021015
-0.996906 0.075744 0.021015
-0.998929 0.020043 0.041707
-0.999466 0.008741 0.031487
-0.998929 0.020043 0.041707
-0.998222 0.036919 0.046792
-0.997938 -0.047906 0.042713
-0.997938 -0.047906 0.042713
-0.998677 -0.032714 0.039677
-0.998929 0.020043 0.041707
-0.998929 0.020043 0.041707
-0.996906 0.075744 0.021015
-0.992612 0.117381 0.030696
-0.992612 0.117381 0.030696
-0.998222 0.036919 0.046792
-0.998929 0.020043 0.041707
-0.998222 0.036919 0.046792
-0.998006 0.047732 0.041297
-0.997707 -0.055028 0.039397
-0.997707 -0.055028 0.039397
-0.997938 -0.047906 0.042713
-0.998222 0.036919 0.046792
-0.998222 0.036919 0.046792
-0.992612 0.117381 0.030696
-0.988519 0.147669 0.031995
-0.988519 0.147669 0.031995
-0.998006 0.047732 0.041297
-0.998222 0.036919 0.046792
-0.998006 0.047732 0.041297
-0.997985 0.056408 0.029061
-0.998048 -0.055607 0.028424
-0.998048 -0.055607 0.028424
-0.997707 -0.055028 0.039397
-0.998006 0.047732 0.041297
-0.998006 0.047732 0.041297
-0.988519 0.147669 0.031995
-0.983936 0.177625 0.017834
-0.983936 0.177625 0.017834
-0.997985 0.056408 0.029061
-0.998006 0.047732 0.041297
-0.983936 0.177625 0.017834
-0.977761 0.209596 0.007221
-0.997772 0.065670 0.011787
-0.997772 0.065670 0.011787
-0.997985 0.056408 0.029061
-0.983936 0.177625 0.017834
-0.983936 0.177625 0.017834
-0.949024 0.315192 -0.002671
-0.935782 0.352420 -0.010609
-0.935782 0.352420 -0.010609
-0.977761 0.209596 0.007221
-0.983936 0.177625 0.017834
-0.983936 0.177625 0.017834
-0.988519 0.147669 0.031995
-0.956853 0.289744 0.021909
-0.956853 0.289744 0.021909
-0.949024 0.315192 -0.002671
-0.983936 0.177625 0.017834
-0.935782 0.352420 -0.010609
-0.924155 0.381832 -0.011919
-0.973705 0.227347 -0.014536
-0.973705 0.227347 -0.014536
-0.977761 0.209596 0.007221
-0.935782 0.352420 -0.010609
-0.935782 0.352420 -0.010609
-0.864983 0.501267 -0.023169
-0.846052 0.532694 -0.020784
-0.846052 0.532694 -0.020784
-0.924155 0.381832 -0.011919
-0.935782 0.352420 -0.010609
-0.935782 0.352420 -0.010609
-0.949024 0.315192 -0.002671
-0.876449 0.481484 -0.003230
-0.876449 0.481484 -0.003230
-0.864983 0.501267 -0.023169
-0.935782 0.352420 -0.010609
-0.846052 0.532694 -0.020784
-0.827811 0.560786 -0.015744
-0.917024 0.398292 -0.020753
-0.917024 0.398292 -0.020753
-0.924155 0.381832 -0.011919
-0.846052 0.532694 -0.020784
-0.846052 0.532694 -0.020784
-0.733084 0.679777 -0.022165
-0.711642 0.702400 -0.014158
-0.711642 0.702400 -0.014158
-0.827811 0.560786 -0.015744
-0.846052 0.532694 -0.020784
-0.846052 0.532694 -0.020784
-0.864983 0.501267 -0.023169
-0.746808 0.664912 -0.013065
-0.746808 0.664912 -0.013065
-0.733084 0.679777 -0.022165
-0.846052 0.532694 -0.020784
-0.711642 0.702400 -0.014158
-0.689172 0.724586 -0.004136
-0.817111 0.576132 -0.020014
-0.817111 0.576132 -0.020014
-0.827811 0.560786 -0.015744
-0.711642 0.702400 -0.014158
-0.711642 0.702400 -0.014158
-0.569106 0.822205 -0.009839
-0.543625 0.839276 0.009364
-0.543625 0.839276 0.009364
-0.689172 0.724586 -0.004136
-0.711642 0.702400 -0.014158
-0.711642 0.702400 -0.014158
-0.733084 0.679777 -0.022165
-0.585066 0.810985 0.000770
-0.585066 0.810985 0.000770
-0.569106 0.822205 -0.009839
-0.711642 0.702400 -0.014158
-0.569106 0.822205 -0.009839
-0.410393 0.911887 0.006320
-0.379672 0.924798 0.024452
-0.379672 0.924798 0.024452
-0.543625 0.839276 0.009364
-0.569106 0.822205 -0.009839
-0.569106 0.822205 -0.009839
-0.585066 0.810985 0.000770
-0.432580 0.901330 0.021874
-0.432580 0.901330 0.021874
-0.410393 0.911887 0.006320
-0.569106 0.822205 -0.009839
-0.410393 0.911887 0.006320
-0.240869 0.970266 0.023794
-0.200626 0.979005 0.036034
-0.200626 0.979005 0.036034
-0.379672 0.924798 0.024452
-0.410393 0.911887 0.006320
-0.410393 0.911887 0.006320
-0.432580 0.901330 0.021874
-0.257194 0.964246 0.063879
-0.257194 0.964246 0.063879
-0.240869 0.970266 0.023794
-0.410393 0.911887 0.006320
-0.240869 0.970266 0.023794
-0.061052 0.996654 0.054338
-0.023660 0.998833 0.042098
-0.023660 0.998833 0.042098
-0.200626 0.979005 0.036034
-0.240869 0.970266 0.023794
-0.240869 0.970266 0.023794
-0.257194 0.964246 0.063879
-0.063640 0.991033 0.117491
-0.063640 0.991033 0.117491
-0.061052 0.996654 0.054338
-0.240869 0.970266 0.023794
-0.061052 0.996654 0.054338
0.128059 0.985299 0.113082
0.154860 0.986071 0.060686
0.154860 0.986071 0.060686
-0.023660 0.998833 0.042098
-0.061052 0.996654 0.054338
-0.061052 0.996654 0.054338
-0.063640 0.991033 0.117491
0.122695 0.978069 0.168309
0.122695 0.978069 0.168309
0.128059 0.985299 0.113082
-0.061052 0.996654 0.054338
0.128059 0.985299 0.113082
0.335679 0.923613 0.185088
0.363387 0.923913 0.119725
0.363387 0.923913 0.119725
0.154860 0.986071 0.060686
0.128059 0.985299 0.113082
0.128059 0.985299 0.113082
0.122695 0.978069 0.168309
0.302344 0.932672 0.196750
0.302344 0.932672 0.196750
0.335679 0.923613 0.185088
0.128059 0.985299 0.113082
0.335679 0.923613 0.185088
0.534655 0.809005 0.244242
0.549327 0.804805 0.224785
0.549327 0.804805 0.224785
0.363387 0.923913 0.119725
0.335679 0.923613 0.185088
0.335679 0.923613 0.185088
0.302344 0.932672 0.196750
0.512347 0.834439 0.203010
0.512347 0.834439 0.203010
0.534655 0.809005 0.244242
0.335679 0.923613 0.185088
0.534655 0.809005 0.244242
0.692423 0.658325 0.295226
0.688018 0.644272 0.333982
0.688018 0.644272 0.333982
0.549327 0.804805 0.224785
0.534655 0.809005 0.244242
0.534655 0.809005 0.244242
0.512347 0.834439 0.203010
0.705329 0.673081 0.222428
0.705329 0.673081 0.222428
0.692423 0.658325 0.295226
0.534655 0.809005 0.244242
0.692423 0.658325 0.295226
0.822204 0.457647 0.338438
0.785815 0.443938 0.430596
0.785815 0.443938 0.430596
0.688018 0.644272 0.333982
0.692423 0.658325 0.295226
0.692423 0.658325 0.295226
0.705329 0.673081 0.222428
0.852100 0.466353 0.237571
0.852100 0.466353 0.237571
0.822204 0.457647 0.338438
0.692423 0.658325 0.295226
0.822204 0.457647 0.338438
0.893548 0.278155 0.352423
0.850626 0.258213 0.457997
0.850626 0.258213 0.457997
0.785815 0.443938 0.430596
0.822204 0.457647 0.338438
0.822204 0.457647 0.338438
0.852100 0.466353 0.237571
0.927040 0.280055 0.249333
0.927040 0.280055 0.249333
0.893548 0.278155 0.352423
0.822204 0.457647 0.338438
0.893548 0.278155 0.352423
0.926301 0.148222 0.346406
0.875655 0.145860 0.460384
0.875655 0.145860 0.460384
0.850626 0.258213 0.457997
0.893548 0.278155 0.352423
0.893548 0.278155 0.352423
0.927040 0.280055 0.249333
0.960935 0.154693 0.229507
0.960935 0.154693 0.229507
0.926301 0.148222 0.346406
0.893548 0.278155 0.352423
0.960935 0.154693 0.229507
0.927040 0.280055 0.249333
0.953096 0.277702 0.120372
0.953096 0.277702 0.120372
0.982133 0.157727 0.102650
0.960935 0.154693 0.229507
0.960935 0.154693 0.229507
0.973694 0.075449 0.215007
0.939297 0.088586 0.331471
0.939297 0.088586 0.331471
0.926301 0.148222 0.346406
0.960935 0.154693 0.229507
0.960935 0.154693 0.229507
0.982133 0.157727 0.102650
0.994139 0.075125 0.077741
0.994139 0.075125 0.077741
0.973694 0.075449 0.215007
0.960935 0.154693 0.229507
0.994139 0.075125 0.077741
0.998185 0.019243 0.057070
0.980333 0.026988 0.195497
0.980333 0.026988 0.195497
0.973694 0.075449 0.215007
0.994139 0.075125 0.077741
0.994139 0.075125 0.077741
0.995069 0.077745 -0.061585
0.996646 0.022449 -0.078696
0.996646 0.022449 -0.078696
0.998185 0.019243 0.057070
0.994139 0.075125 0.077741
0.994139 0.075125 0.077741
0.982133 0.157727 0.102650
0.987426 0.151328 -0.045713
0.987426 0.151328 -0.045713
0.995069 0.077745 -0.061585
0.994139 0.075125 0.077741
0.996646 0.022449 -0.078696
0.996005 -0.012379 -0.088441
0.998567 -0.014713 0.051457
0.998567 -0.014713 0.051457
0.998185 0.019243 0.057070
0.996646 0.022449 -0.078696
0.996646 0.022449 -0.078696
0.975514 0.023795 -0.218645
0.974500 -0.007090 -0.224276
0.974500 -0.007090 -0.224276
0.996005 -0.012379 -0.088441
0.996646 0.022449 -0.078696
0.996646 0.022449 -0.078696
0.995069 0.077745 -0.061585
0.975205 0.063760 -0.211919
0.975205 0.063760 -0.211919
0.975514 0.023795 -0.218645
0.996646 0.022449 -0.078696
0.974500 -0.007090 -0.224276
0.973738 -0.037635 -0.224539
0.994722 -0.052298 -0.088272
0.994722 -0.052298 -0.088272
0.996005 -0.012379 -0.088441
0.974500 -0.007090 -0.224276
0.974500 -0.007090 -0.224276
0.931112 -0.004817 -0.364702
0.931652 -0.029210 -0.362176
0.931652 -0.029210 -0.362176
0.973738 -0.037635 -0.224539
0.974500 -0.007090 -0.224276
0.974500 -0.007090 -0.224276
0.975514 0.023795 -0.218645
0.931353 0.017780 -0.363684
0.931353 0.017780 -0.363684
0.931112 -0.004817 -0.364702
0.974500 -0.007090 -0.224276
0.931112 -0.004817 -0.364702
0.871603 -0.002075 -0.490209
0.873095 -0.022312 -0.487039
0.873095 -0.022312 -0.487039
0.931652 -0.029210 -0.362176
0.931112 -0.004817 -0.364702
0.931112 -0.004817 -0.364702
0.931353 0.017780 -0.363684
0.872033 0.014996 -0.489218
0.872033 0.014996 -0.489218
0.871603 -0.002075 -0.490209
0.931112 -0.004817 -0.364702
0.871603 -0.002075 -0.490209
0.807353 -0.002316 -0.590064
0.809103 -0.014778 -0.587481
0.809103 -0.014778 -0.587481
0.873095 -0.022312 -0.487039
0.871603 -0.002075 -0.490209
0.871603 -0.002075 -0.490209
0.872033 0.014996 -0.489218
0.806202 0.009452 -0.591564
0.806202 0.009452 -0.591564
0.807353 -0.002316 -0.590064
0.871603 -0.002075 -0.490209
0.807353 -0.002316 -0.590064
0.766398 -0.002401 -0.642362
0.767284 -0.011479 -0.641205
0.767284 -0.011479 -0.641205
0.809103 -0.014778 -0.587481
0.807353 -0.002316 -0.590064
0.807353 -0.002316 -0.590064
0.806202 0.009452 -0.591564
0.765756 0.006103 -0.643102
0.765756 0.006103 -0.643102
0.766398 -0.002401 -0.642362
0.807353 -0.002316 -0.590064
0.766398 -0.002401 -0.642362
0.763721 -0.002828 -0.645540
0.763624 -0.010533 -0.645576
0.763624 -0.010533 -0.645576
0.767284 -0.011479 -0.641205
0.766398 -0.002401 -0.642362
0.766398 -0.002401 -0.642362
0.765756 0.006103 -0.643102
0.763752 0.003593 -0.645500
0.763752 0.003593 -0.645500
0.763721 -0.002828 -0.645540
0.766398 -0.002401 -0.642362
0.763721 -0.002828 -0.645540
0.800688 -0.002991 -0.599074
0.798123 -0.011749 -0.602380
0.798123 -0.011749 -0.602380
0.763624 -0.010533 -0.645576
0.763721 -0.002828 -0.645540
0.763721 -0.002828 -0.645540
0.763752 0.003593 -0.645500
0.801333 0.004025 -0.598206
0.801333 0.004025 -0.598206
0.800688 -0.002991 -0.599074
0.763721 -0.002828 -0.645540
0.800688 -0.002991 -0.599074
0.872353 -0.002297 -0.488870
0.869460 -0.012791 -0.493838
0.869460 -0.012791 -0.493838
0.798123 -0.011749 -0.602380
0.800688 -0.002991 -0.599074
0.800688 -0.002991 -0.599074
0.801333 0.004025 -0.598206
0.872102 0.005292 -0.489296
0.872102 0.005292 -0.489296
0.872353 -0.002297 -0.488870
0.800688 -0.002991 -0.599074
0.872353 -0.002297 -0.488870
0.940869 -0.003249 -0.338755
0.939459 -0.014539 -0.342353
0.939459 -0.014539 -0.342353
0.869460 -0.012791 -0.493838
0.872353 -0.002297 -0.488870
0.872353 -0.002297 -0.488870
0.872102 0.005292 -0.489296
0.940671 0.006326 -0.339260
0.940671 0.006326 -0.339260
0.940869 -0.003249 -0.338755
0.872353 -0.002297 -0.488870
0.940671 0.006326 -0.339260
0.986624 0.006487 -0.162880
0.986748 -0.003684 -0.162220
0.986748 -0.003684 -0.162220
0.940869 -0.003249 -0.338755
0.940671 0.006326 -0.339260
0.940671 0.006326 -0.339260
0.938901 0.015109 -0.343855
0.985805 0.014170 -0.167297
0.985805 0.014170 -0.167297
0.986624 0.006487 -0.162880
0.940671 0.006326 -0.339260
0.940671 0.006326 -0.339260
0.872102 0.005292 -0.489296
0.870799 0.013590 -0.491452
0.870799 0.013590 -0.491452
0.938901 0.015109 -0.343855
0.940671 0.006326 -0.339260
0.985805 0.014170 -0.167297
0.999500 0.016209 0.027146
0.999520 0.007694 0.030023
0.999520 0.007694 0.030023
0.986624 0.006487 -0.162880
0.985805 0.014170 -0.167297
0.985805 0.014170 -0.167297
0.984395 0.024865 -0.174209
0.999449 0.025614 0.021124
0.999449 0.025614 0.021124
0.999500 0.016209 0.027146
0.985805 0.014170 -0.167297
0.985805 0.014170 -0.167297
0.938901 0.015109 -0.343855
0.935869 0.022955 -0.351600
0.935869 0.022955 -0.351600
0.984395 0.024865 -0.174209
0.985805 0.014170 -0.167297
0.999449 0.025614 0.021124
0.974548 0.024497 0.222835
0.973655 0.016379 0.227438
0.973655 0.016379 0.227438
0.999500 0.016209 0.027146
0.999449 0.025614 0.021124
0.999449 0.025614 0.021124
0.999273 0.036066 0.012344
0.975537 0.037935 0.216536
0.975537 0.037935 0.216536
0.974548 0.024497 0.222835
0.999449 0.025614 0.021124
0.999449 0.025614 0.021124
0.984395 0.024865 -0.174209
0.982664 0.035115 -0.182042
0.982664 0.035115 -0.182042
0.999273 0.036066 0.012344
0.999449 0.025614 0.021124
0.974548 0.024497 0.222835
0.907118 0.024675 0.420153
0.905692 0.016129 0.423628
0.905692 0.016129 0.423628
0.973655 0.016379 0.227438
0.974548 0.024497 0.222835
0.974548 0.024497 0.222835
0.975537 0.037935 0.216536
0.908742 0.038192 0.415607
0.908742 0.038192 0.415607
0.907118 0.024675 0.420153
0.974548 0.024497 0.222835
0.907118 0.024675 0.420153
0.797413 0.026731 0.602841
0.795858 0.016767 0.605251
0.795858 0.016767 0.605251
0.905692 0.016129 0.423628
0.907118 0.024675 0.420153
0.907118 0.024675 0.420153
0.908742 0.038192 0.415607
0.799560 0.039949 0.599256
0.799560 0.039949 0.599256
0.797413 0.026731 0.602841
0.907118 0.024675 0.420153
0.797413 0.026731 0.602841
0.647301 0.027427 0.761741
0.645658 0.019364 0.763381
0.645658 0.019364 0.763381
0.795858 0.016767 0.605251
0.797413 0.026731 0.602841
0.797413 0.026731 0.602841
0.799560 0.039949 0.599256
0.650648 0.039214 0.758366
0.650648 0.039214 0.758366
0.647301 0.027427 0.761741
0.797413 0.026731 0.602841
0.647301 0.027427 0.761741
0.466526 0.027304 0.884086
0.463184 0.019462 0.886049
0.463184 0.019462 0.886049
0.645658 0.019364 0.763381
0.647301 0.027427 0.761741
0.647301 0.027427 0.761741
0.650648 0.039214 0.758366
0.470202 0.037519 0.881761
0.470202 0.037519 0.881761
0.466526 0.027304 0.884086
0.647301 0.027427 0.761741
0.466526 0.027304 0.884086
0.264284 0.025836 0.964099
0.261075 0.018925 0.965133
0.261075 0.018925 0.965133
0.463184 0.019462 0.886049
0.466526 0.027304 0.884086
0.466526 0.027304 0.884086
0.470202 0.037519 0.881761
0.267328 0.036480 0.962915
0.267328 0.036480 0.962915
0.264284 0.025836 0.964099
0.466526 0.027304 0.884086
0.264284 0.025836 0.964099
0.046082 0.025971 0.998600
0.044449 0.018509 0.998840
0.044449 0.018509 0.998840
0.261075 0.018925 0.965133
0.264284 0.025836 0.964099
0.264284 0.025836 0.964099
0.267328 0.036480 0.962915
0.047604 0.036156 0.998212
0.047604 0.036156 0.998212
0.046082 0.025971 0.998600
0.264284 0.025836 0.964099
0.046082 0.025971 0.998600
-0.174634 0.028261 0.984228
-0.176036 0.017621 0.984226
-0.176036 0.017621 0.984226
0.044449 0.018509 0.998840
0.046082 0.025971 0.998600
0.046082 0.025971 0.998600
0.047604 0.036156 0.998212
-0.173748 0.036799 0.984102
-0.173748 0.036799 0.984102
-0.174634 0.028261 0.984228
0.046082 0.025971 0.998600
-0.174634 0.028261 0.984228
-0.384361 0.028728 0.922736
-0.384339 0.017918 0.923018
-0.384339 0.017918 0.923018
-0.176036 0.017621 0.984226
-0.174634 0.028261 0.984228
-0.174634 0.028261 0.984228
-0.173748 0.036799 0.984102
-0.384347 0.036631 0.922462
-0.384347 0.036631 0.922462
-0.384361 0.028728 0.922736
-0.174634 0.028261 0.984228
-0.384339 0.017918 0.923018
-0.385609 0.006083 0.922642
-0.178186 0.006454 0.983976
-0.178186 0.006454 0.983976
-0.176036 0.017621 0.984226
-0.384339 0.017918 0.923018
-0.384339 0.017918 0.923018
-0.572911 0.018009 0.819420
-0.572825 0.006054 0.819656
-0.572825 0.006054 0.819656
-0.385609 0.006083 0.922642
-0.384339 0.017918 0.923018
-0.384339 0.017918 0.923018
-0.384361 0.028728 0.922736
-0.572843 0.029252 0.819143
-0.572843 0.029252 0.819143
-0.572911 0.018009 0.819420
-0.384339 0.017918 0.923018
-0.572825 0.006054 0.819656
-0.573610 -0.001984 0.819126
-0.387752 -0.002600 0.921760
-0.387752 -0.002600 0.921760
-0.385609 0.006083 0.922642
-0.572825 0.006054 0.819656
-0.572825 0.006054 0.819656
-0.725166 0.007550 0.688533
-0.725550 -0.000488 0.688169
-0.725550 -0.000488 0.688169
-0.573610 -0.001984 0.819126
-0.572825 0.006054 0.819656
-0.572825 0.006054 0.819656
-0.572911 0.018009 0.819420
-0.725838 0.016907 0.687658
-0.725838 0.016907 0.687658
-0.725166 0.007550 0.688533
-0.572825 0.006054 0.819656
-0.725550 -0.000488 0.688169
-0.726908 -0.006139 0.686708
-0.574872 -0.008738 0.818197
-0.574872 -0.008738 0.818197
-0.573610 -0.001984 0.819126
-0.725550 -0.000488 0.688169
-0.725550 -0.000488 0.688169
-0.835275 0.000024 0.549833
-0.836967 -0.006593 0.547213
-0.836967 -0.006593 0.547213
-0.726908 -0.006139 0.686708
-0.725550 -0.000488 0.688169
-0.725550 -0.000488 0.688169
-0.725166 0.007550 0.688533
-0.835602 0.006188 0.549300
-0.835602 0.006188 0.549300
-0.835275 0.000024 0.549833
-0.725550 -0.000488 0.688169
-0.836967 -0.006593 0.547213
-0.839961 -0.014432 0.542455
-0.729119 -0.016579 0.684186
-0.729119 -0.016579 0.684186
-0.726908 -0.006139 0.686708
-0.836967 -0.006593 0.547213
-0.836967 -0.006593 0.547213
-0.909404 -0.006630 0.415861
-0.912442 -0.015437 0.408915
-0.912442 -0.015437 0.408915
-0.839961 -0.014432 0.542455
-0.836967 -0.006593 0.547213
-0.836967 -0.006593 0.547213
-0.835275 0.000024 0.549833
-0.908813 0.000404 0.417204
-0.908813 0.000404 0.417204
-0.909404 -0.006630 0.415861
-0.836967 -0.006593 0.547213
-0.912442 -0.015437 0.408915
-0.917047 -0.028109 0.397787
-0.842557 -0.027998 0.537879
-0.842557 -0.027998 0.537879
-0.839961 -0.014432 0.542455
-0.912442 -0.015437 0.408915
-0.912442 -0.015437 0.408915
-0.957385 -0.020004 0.288121
-0.961903 -0.034991 0.271141
-0.961903 -0.034991 0.271141
-0.917047 -0.028109 0.397787
-0.912442 -0.015437 0.408915
-0.912442 -0.015437 0.408915
-0.909404 -0.006630 0.415861
-0.955109 -0.005306 0.296207
-0.955109 -0.005306 0.296207
-0.957385 -0.020004 0.288121
-0.912442 -0.015437 0.408915
-0.957385 -0.020004 0.288121
-0.982435 -0.024762 0.184953
-0.985172 -0.048037 0.164710
-0.985172 -0.048037 0.164710
-0.961903 -0.034991 0.271141
-0.957385 -0.020004 0.288121
-0.957385 -0.020004 0.288121
-0.955109 -0.005306 0.296207
-0.981008 -0.005521 0.193890
-0.981008 -0.005521 0.193890
-0.982435 -0.024762 0.184953
-0.957385 -0.020004 0.288121
-0.982435 -0.024762 0.184953
-0.994711 -0.026025 0.099359
-0.995200 -0.062249 0.075513
-0.995200 -0.062249 0.075513
-0.985172 -0.048037 0.164710
-0.982435 -0.024762 0.184953
-0.982435 -0.024762 0.184953
-0.981008 -0.005521 0.193890
-0.994161 -0.005599 0.107763
-0.994161 -0.005599 0.107763
-0.994711 -0.026025 0.099359
-0.982435 -0.024762 0.184953
-0.994711 -0.026025 0.099359
-0.998731 -0.029782 0.040600
-0.996894 -0.077192 0.015613
-0.996894 -0.077192 0.015613
-0.995200 -0.062249 0.075513
-0.994711 -0.026025 0.099359
-0.994711 -0.026025 0.099359
-0.994161 -0.005599 0.107763
-0.998751 -0.004272 0.049776
-0.998751 -0.004272 0.049776
-0.998731 -0.029782 0.040600
-0.994711 -0.026025 0.099359
-0.998731 -0.029782 0.040600
-0.999099 -0.040769 0.011797
-0.995393 -0.094559 -0.015885
-0.995393 -0.094559 -0.015885
-0.996894 -0.077192 0.015613
-0.998731 -0.029782 0.040600
-0.998731 -0.029782 0.040600
-0.998751 -0.004272 0.049776
-0.999585 -0.009008 0.027378
-0.999585 -0.009008 0.027378
-0.999099 -0.040769 0.011797
-0.998731 -0.029782 0.040600
-0.999099 -0.040769 0.011797
-0.997630 -0.068557 0.005923
-0.991373 -0.125753 -0.036969
-0.991373 -0.125753 -0.036969
-0.995393 -0.094559 -0.015885
-0.999099 -0.040769 0.011797
-0.999099 -0.040769 0.011797
-0.999585 -0.009008 0.027378
-0.999408 -0.019026 0.028653
-0.999408 -0.019026 0.028653
-0.997630 -0.068557 0.005923
-0.999099 -0.040769 0.011797
-0.997630 -0.068557 0.005923
-0.993147 -0.115847 0.015440
-0.980558 -0.193227 -0.034193
-0.980558 -0.193227 -0.034193
-0.991373 -0.125753 -0.036969
-0.997630 -0.068557 0.005923
-0.997630 -0.068557 0.005923
-0.999408 -0.019026 0.028653
-0.998677 -0.032714 0.039677
-0.998677 -0.032714 0.039677
-0.993147 -0.115847 0.015440
-0.997630 -0.068557 0.005923
-0.993147 -0.115847 0.015440
-0.988172 -0.151079 0.026294
-0.967878 -0.251419 -0.000291
-0.967878 -0.251419 -0.000291
-0.980558 -0.193227 -0.034193
-0.993147 -0.115847 0.015440
-0.993147 -0.115847 0.015440
-0.998677 -0.032714 0.039677
-0.997938 -0.047906 0.042713
-0.997938 -0.047906 0.042713
-0.988172 -0.151079 0.026294
-0.993147 -0.115847 0.015440
-0.988172 -0.151079 0.026294
-0.985903 -0.164494 0.030600
-0.959314 -0.281939 0.015068
-0.959314 -0.281939 0.015068
-0.967878 -0.251419 -0.000291
-0.988172 -0.151079 0.026294
-0.988172 -0.151079 0.026294
-0.997938 -0.047906 0.042713
-0.997707 -0.055028 0.039397
-0.997707 -0.055028 0.039397
-0.985903 -0.164494 0.030600
-0.988172 -0.151079 0.026294
-0.985903 -0.164494 0.030600
-0.983926 -0.177226 0.021916
-0.952883 -0.303237 0.007793
-0.952883 -0.303237 0.007793
-0.959314 -0.281939 0.015068
-0.985903 -0.164494 0.030600
-0.985903 -0.164494 0.030600
-0.997707 -0.055028 0.039397
-0.998048 -0.055607 0.028424
-0.998048 -0.055607 0.028424
-0.983926 -0.177226 0.021916
-0.985903 -0.164494 0.030600
-0.983926 -0.177226 0.021916
-0.982117 -0.188179 0.005880
-0.946855 -0.321637 -0.003931
-0.946855 -0.321637 -0.003931
-0.952883 -0.303237 0.007793
-0.983926 -0.177226 0.021916
-0.983926 -0.177226 0.021916
-0.998048 -0.055607 0.028424
-0.998394 -0.055514 0.011285
-0.998394 -0.055514 0.011285
-0.982117 -0.188179 0.005880
-0.983926 -0.177226 0.021916
-0.998394 -0.055514 0.011285
-0.998366 -0.057088 -0.002657
-0.980731 -0.195248 -0.006624
-0.980731 -0.195248 -0.006624
-0.982117 -0.188179 0.005880
-0.998394 -0.055514 0.011285
-0.998394 -0.055514 0.011285
-0.997772 0.065670 0.011787
-0.996580 0.082414 -0.006070
-0.996580 0.082414 -0.006070
-0.998366 -0.057088 -0.002657
-0.998394 -0.055514 0.011285
-0.998394 -0.055514 0.011285
-0.998048 -0.055607 0.028424
-0.997985 0.056408 0.029061
-0.997985 0.056408 0.029061
-0.997772 0.065670 0.011787
-0.998394 -0.055514 0.011285
-0.996580 0.082414 -0.006070
-0.995387 0.095556 -0.008595
-0.998414 -0.055565 -0.009067
-0.998414 -0.055565 -0.009067
-0.998366 -0.057088 -0.002657
-0.996580 0.082414 -0.006070
-0.996580 0.082414 -0.006070
-0.973705 0.227347 -0.014536
-0.968812 0.247377 -0.014449
-0.968812 0.247377 -0.014449
-0.995387 0.095556 -0.008595
-0.996580 0.082414 -0.006070
-0.996580 0.082414 -0.006070
-0.997772 0.065670 0.011787
-0.977761 0.209596 0.007221
-0.977761 0.209596 0.007221
-0.973705 0.227347 -0.014536
-0.996580 0.082414 -0.006070
-0.968812 0.247377 -0.014449
-0.963566 0.267256 -0.010672
-0.994539 0.103882 -0.010064
-0.994539 0.103882 -0.010064
-0.995387 0.095556 -0.008595
-0.968812 0.247377 -0.014449
-0.968812 0.247377 -0.014449
-0.917024 0.398292 -0.020753
-0.905731 0.423607 -0.014423
-0.905731 0.423607 -0.014423
-0.963566 0.267256 -0.010672
-0.968812 0.247377 -0.014449
-0.968812 0.247377 -0.014449
-0.973705 0.227347 -0.014536
-0.924155 0.381832 -0.011919
-0.924155 0.381832 -0.011919
-0.917024 0.398292 -0.020753
-0.968812 0.247377 -0.014449
-0.905731 0.423607 -0.014423
-0.894682 0.446680 -0.004687
-0.960805 0.277012 -0.010816
-0.960805 0.277012 -0.010816
-0.963566 0.267256 -0.010672
-0.905731 0.423607 -0.014423
-0.905731 0.423607 -0.014423
-0.817111 0.576132 -0.020014
-0.799704 0.600347 -0.007512
-0.799704 0.600347 -0.007512
-0.894682 0.446680 -0.004687
-0.905731 0.423607 -0.014423
-0.905731 0.423607 -0.014423
-0.917024 0.398292 -0.020753
-0.827811 0.560786 -0.015744
-0.827811 0.560786 -0.015744
-0.817111 0.576132 -0.020014
-0.905731 0.423607 -0.014423
-0.799704 0.600347 -0.007512
-0.784091 0.620639 0.003055
-0.888790 0.458226 -0.008999
-0.888790 0.458226 -0.008999
-0.894682 0.446680 -0.004687
-0.799704 0.600347 -0.007512
-0.799704 0.600347 -0.007512
-0.674402 0.738292 -0.010370
-0.651618 0.758496 0.008831
-0.651618 0.758496 0.008831
-0.784091 0.620639 0.003055
-0.799704 0.600347 -0.007512
-0.799704 0.600347 -0.007512
-0.817111 0.576132 -0.020014
-0.689172 0.724586 -0.004136
-0.689172 0.724586 -0.004136
-0.674402 0.738292 -0.010370
-0.799704 0.600347 -0.007512
-0.674402 0.738292 -0.010370
-0.523306 0.852137 -0.003752
-0.493673 0.869566 0.011885
-0.493673 0.869566 0.011885
-0.651618 0.758496 0.008831
-0.674402 0.738292 -0.010370
-0.674402 0.738292 -0.010370
-0.689172 0.724586 -0.004136
-0.543625 0.839276 0.009364
-0.543625 0.839276 0.009364
-0.523306 0.852137 -0.003752
-0.674402 0.738292 -0.010370
-0.523306 0.852137 -0.003752
-0.349787 0.936823 0.003407
-0.312126 0.949849 0.019107
-0.312126 0.949849 0.019107
-0.493673 0.869566 0.011885
-0.523306 0.852137 -0.003752
-0.523306 0.852137 -0.003752
-0.543625 0.839276 0.009364
-0.379672 0.924798 0.024452
-0.379672 0.924798 0.024452
-0.349787 0.936823 0.003407
-0.523306 0.852137 -0.003752
-0.349787 0.936823 0.003407
-0.162143 0.986749 0.006040
-0.117293 0.992707 0.027831
-0.117293 0.992707 0.027831
-0.312126 0.949849 0.019107
-0.349787 0.936823 0.003407
-0.349787 0.936823 0.003407
-0.379672 0.924798 0.024452
-0.200626 0.979005 0.036034
-0.200626 0.979005 0.036034
-0.162143 0.986749 0.006040
-0.349787 0.936823 0.003407
-0.162143 0.986749 0.006040
0.023769 0.999687 0.007839
0.079394 0.996156 0.036999
0.079394 0.996156 0.036999
-0.117293 0.992707 0.027831
-0.162143 0.986749 0.006040
-0.162143 0.986749 0.006040
-0.200626 0.979005 0.036034
-0.023660 0.998833 0.042098
-0.023660 0.998833 0.042098
0.023769 0.999687 0.007839
-0.162143 0.986749 0.006040
0.023769 0.999687 0.007839
0.211372 0.977381 0.006943
0.276741 0.960138 0.039366
0.276741 0.960138 0.039366
0.079394 0.996156 0.036999
0.023769 0.999687 0.007839
0.023769 0.999687 0.007839
-0.023660 0.998833 0.042098
0.154860 0.986071 0.060686
0.154860 0.986071 0.060686
0.211372 0.977381 0.006943
0.023769 0.999687 0.007839
0.211372 0.977381 0.006943
0.406752 0.912934 0.033230
0.465018 0.884223 0.043670
0.465018 0.884223 0.043670
0.276741 0.960138 0.039366
0.211372 0.977381 0.006943
0.211372 0.977381 0.006943
0.154860 0.986071 0.060686
0.363387 0.923913 0.119725
0.363387 0.923913 0.119725
0.406752 0.912934 0.033230
0.211372 0.977381 0.006943
0.406752 0.912934 0.033230
0.582413 0.805188 0.111659
0.638147 0.767183 0.064804
0.638147 0.767183 0.064804
0.465018 0.884223 0.043670
0.406752 0.912934 0.033230
0.406752 0.912934 0.033230
0.363387 0.923913 0.119725
0.549327 0.804805 0.224785
0.549327 0.804805 0.224785
0.582413 0.805188 0.111659
0.406752 0.912934 0.033230
0.582413 0.805188 0.111659
0.726107 0.643273 0.242834
0.776206 0.618495 0.122341
0.776206 0.618495 0.122341
0.638147 0.767183 0.064804
0.582413 0.805188 0.111659
0.582413 0.805188 0.111659
0.549327 0.804805 0.224785
0.688018 0.644272 0.333982
0.688018 0.644272 0.333982
0.726107 0.643273 0.242834
0.582413 0.805188 0.111659
0.726107 0.643273 0.242834
0.805887 0.421613 0.415678
0.869296 0.416988 0.265415
0.869296 0.416988 0.265415
0.776206 0.618495 0.122341
0.726107 0.643273 0.242834
0.726107 0.643273 0.242834
0.688018 0.644272 0.333982
0.785815 0.443938 0.430596
0.785815 0.443938 0.430596
0.805887 0.421613 0.415678
0.726107 0.643273 0.242834
0.805887 0.421613 0.415678
0.826530 0.221409 0.517519
0.861309 0.219912 0.458023
0.861309 0.219912 0.458023
0.869296 0.416988 0.265415
0.805887 0.421613 0.415678
0.805887 0.421613 0.415678
0.785815 0.443938 0.430596
0.850626 0.258213 0.457997
0.850626 0.258213 0.457997
0.826530 0.221409 0.517519
0.805887 0.421613 0.415678
0.826530 0.221409 0.517519
0.844476 0.135431 0.518188
0.814363 0.128657 0.565915
0.814363 0.128657 0.565915
0.861309 0.219912 0.458023
0.826530 0.221409 0.517519
0.826530 0.221409 0.517519
0.850626 0.258213 0.457997
0.875655 0.145860 0.460384
0.875655 0.145860 0.460384
0.844476 0.135431 0.518188
0.826530 0.221409 0.517519
0.844476 0.135431 0.518188
0.855804 0.060945 0.513697
0.808052 0.040218 0.587737
0.808052 0.040218 0.587737
0.814363 0.128657 0.565915
0.844476 0.135431 0.518188
0.844476 0.135431 0.518188
0.875655 0.145860 0.460384
0.898417 0.077620 0.432230
0.898417 0.077620 0.432230
0.855804 0.060945 0.513697
0.844476 0.135431 0.518188
0.898417 0.077620 0.432230
0.875655 0.145860 0.460384
0.926301 0.148222 0.346406
0.926301 0.148222 0.346406
0.939297 0.088586 0.331471
0.898417 0.077620 0.432230
0.898417 0.077620 0.432230
0.917338 0.017489 0.397725
0.875554 0.017875 0.482789
0.875554 0.017875 0.482789
0.855804 0.060945 0.513697
0.898417 0.077620 0.432230
0.898417 0.077620 0.432230
0.939297 0.088586 0.331471
0.949944 0.020526 0.311745
0.949944 0.020526 0.311745
0.917338 0.017489 0.397725
0.898417 0.077620 0.432230
0.949944 0.020526 0.311745
0.939297 0.088586 0.331471
0.973694 0.075449 0.215007
0.973694 0.075449 0.215007
0.980333 0.026988 0.195497
0.949944 0.020526 0.311745
0.949944 0.020526 0.311745
0.955714 -0.023026 0.293396
0.923684 -0.024085 0.382397
0.923684 -0.024085 0.382397
0.917338 0.017489 0.397725
0.949944 0.020526 0.311745
0.949944 0.020526 0.311745
0.980333 0.026988 0.195497
0.982357 -0.019498 0.185996
0.982357 -0.019498 0.185996
0.955714 -0.023026 0.293396
0.949944 0.020526 0.311745
0.982357 -0.019498 0.185996
0.979633 -0.053010 0.193673
0.952360 -0.049748 0.300892
0.952360 -0.049748 0.300892
0.955714 -0.023026 0.293396
0.982357 -0.019498 0.185996
0.982357 -0.019498 0.185996
0.998567 -0.014713 0.051457
0.996735 -0.056310 0.057860
0.996735 -0.056310 0.057860
0.979633 -0.053010 0.193673
0.982357 -0.019498 0.185996
0.982357 -0.019498 0.185996
0.980333 0.026988 0.195497
0.998185 0.019243 0.057070
0.998185 0.019243 0.057070
0.998567 -0.014713 0.051457
0.982357 -0.019498 0.185996
0.996735 -0.056310 0.057860
0.993662 -0.078020 0.080927
0.971338 -0.082199 0.223037
0.971338 -0.082199 0.223037
0.979633 -0.053010 0.193673
0.996735 -0.056310 0.057860
0.996735 -0.056310 0.057860
0.994722 -0.052298 -0.088272
0.993246 -0.090231 -0.072944
0.993246 -0.090231 -0.072944
0.993662 -0.078020 0.080927
0.996735 -0.056310 0.057860
0.996735 -0.056310 0.057860
0.998567 -0.014713 0.051457
0.996005 -0.012379 -0.088441
0.996005 -0.012379 -0.088441
0.994722 -0.052298 -0.088272
0.996735 -0.056310 0.057860
0.993246 -0.090231 -0.072944
0.985318 -0.166509 -0.037714
0.979920 -0.169211 0.105476
0.979920 -0.169211 0.105476
0.993662 -0.078020 0.080927
0.993246 -0.090231 -0.072944
0.993246 -0.090231 -0.072944
0.970302 -0.091693 -0.223843
0.965071 -0.164339 -0.204037
0.965071 -0.164339 -0.204037
0.985318 -0.166509 -0.037714
0.993246 -0.090231 -0.072944
0.993246 -0.090231 -0.072944
0.994722 -0.052298 -0.088272
0.973738 -0.037635 -0.224539
0.973738 -0.037635 -0.224539
0.970302 -0.091693 -0.223843
0.993246 -0.090231 -0.072944
0.970302 -0.091693 -0.223843
0.931657 -0.080400 -0.354332
0.925331 -0.149455 -0.348462
0.925331 -0.149455 -0.348462
0.965071 -0.164339 -0.204037
0.970302 -0.091693 -0.223843
0.970302 -0.091693 -0.223843
0.973738 -0.037635 -0.224539
0.931652 -0.029210 -0.362176
0.931652 -0.029210 -0.362176
0.931657 -0.080400 -0.354332
0.970302 -0.091693 -0.223843
0.931657 -0.080400 -0.354332
0.872466 -0.063347 -0.484552
0.864786 -0.123944 -0.486604
0.864786 -0.123944 -0.486604
0.925331 -0.149455 -0.348462
0.931657 -0.080400 -0.354332
0.931657 -0.080400 -0.354332
0.931652 -0.029210 -0.362176
0.873095 -0.022312 -0.487039
0.873095 -0.022312 -0.487039
0.872466 -0.063347 -0.484552
0.931657 -0.080400 -0.354332
0.872466 -0.063347 -0.484552
0.809373 -0.041010 -0.585861
0.801744 -0.086906 -0.591316
0.801744 -0.086906 -0.591316
0.864786 -0.123944 -0.486604
0.872466 -0.063347 -0.484552
0.872466 -0.063347 -0.484552
0.873095 -0.022312 -0.487039
0.809103 -0.014778 -0.587481
0.809103 -0.014778 -0.587481
0.809373 -0.041010 -0.585861
0.872466 -0.063347 -0.484552
0.809373 -0.041010 -0.585861
0.765925 -0.026815 -0.642371
0.758879 -0.060761 -0.648391
0.758879 -0.060761 -0.648391
0.801744 -0.086906 -0.591316
0.809373 -0.041010 -0.585861
0.809373 -0.041010 -0.585861
0.809103 -0.014778 -0.587481
0.767284 -0.011479 -0.641205
0.767284 -0.011479 -0.641205
0.765925 -0.026815 -0.642371
0.809373 -0.041010 -0.585861
0.765925 -0.026815 -0.642371
0.759196 -0.017082 -0.650638
0.750599 -0.039039 -0.659604
0.750599 -0.039039 -0.659604
0.758879 -0.060761 -0.648391
0.765925 -0.026815 -0.642371
0.765925 -0.026815 -0.642371
0.767284 -0.011479 -0.641205
0.763624 -0.010533 -0.645576
0.763624 -0.010533 -0.645576
0.759196 -0.017082 -0.650638
0.765925 -0.026815 -0.642371
0.759196 -0.017082 -0.650638
0.793064 -0.014875 -0.608956
0.786165 -0.033959 -0.617084
0.786165 -0.033959 -0.617084
0.750599 -0.039039 -0.659604
0.759196 -0.017082 -0.650638
0.759196 -0.017082 -0.650638
0.763624 -0.010533 -0.645576
0.798123 -0.011749 -0.602380
0.798123 -0.011749 -0.602380
0.793064 -0.014875 -0.608956
0.759196 -0.017082 -0.650638
0.793064 -0.014875 -0.608956
0.863765 -0.018737 -0.503546
0.856416 -0.039293 -0.514789
0.856416 -0.039293 -0.514789
0.786165 -0.033959 -0.617084
0.793064 -0.014875 -0.608956
0.793064 -0.014875 -0.608956
0.798123 -0.011749 -0.602380
0.869460 -0.012791 -0.493838
0.869460 -0.012791 -0.493838
0.863765 -0.018737 -0.503546
0.793064 -0.014875 -0.608956
0.863765 -0.018737 -0.503546
0.936080 -0.019209 -0.351262
0.930716 -0.038906 -0.363666
0.930716 -0.038906 -0.363666
0.856416 -0.039293 -0.514789
0.863765 -0.018737 -0.503546
0.863765 -0.018737 -0.503546
0.869460 -0.012791 -0.493838
0.939459 -0.014539 -0.342353
0.939459 -0.014539 -0.342353
0.936080 -0.019209 -0.351262
0.863765 -0.018737 -0.503546
0.936080 -0.019209 -0.351262
0.984759 -0.020123 -0.172754
0.982771 -0.036303 -0.181226
0.982771 -0.036303 -0.181226
0.930716 -0.038906 -0.363666
0.936080 -0.019209 -0.351262
0.936080 -0.019209 -0.351262
0.939459 -0.014539 -0.342353
0.986042 -0.012816 -0.166000
0.986042 -0.012816 -0.166000
0.984759 -0.020123 -0.172754
0.936080 -0.019209 -0.351262
0.986042 -0.012816 -0.166000
0.999482 -0.012981 0.029458
0.999376 -0.022671 0.027087
0.999376 -0.022671 0.027087
0.984759 -0.020123 -0.172754
0.986042 -0.012816 -0.166000
0.986042 -0.012816 -0.166000
0.986748 -0.003684 -0.162220
0.999518 -0.004329 0.030738
0.999518 -0.004329 0.030738
0.999482 -0.012981 0.029458
0.986042 -0.012816 -0.166000
0.986042 -0.012816 -0.166000
0.939459 -0.014539 -0.342353
0.940869 -0.003249 -0.338755
0.940869 -0.003249 -0.338755
0.986748 -0.003684 -0.162220
0.986042 -0.012816 -0.166000
0.999518 -0.004329 0.030738
0.972395 -0.003851 0.233309
0.972514 -0.012978 0.232481
0.972514 -0.012978 0.232481
0.999482 -0.012981 0.029458
0.999518 -0.004329 0.030738
0.999518 -0.004329 0.030738
0.999520 0.007694 0.030023
0.972834 0.006480 0.231413
0.972834 0.006480 0.231413
0.972395 -0.003851 0.233309
0.999518 -0.004329 0.030738
0.999518 -0.004329 0.030738
0.986748 -0.003684 -0.162220
0.986624 0.006487 -0.162880
0.986624 0.006487 -0.162880
0.999520 0.007694 0.030023
0.999518 -0.004329 0.030738
0.972834 0.006480 0.231413
0.904315 0.005784 0.426827
0.903561 -0.003176 0.428447
0.903561 -0.003176 0.428447
0.972395 -0.003851 0.233309
0.972834 0.006480 0.231413
0.972834 0.006480 0.231413
0.973655 0.016379 0.227438
0.905692 0.016129 0.423628
0.905692 0.016129 0.423628
0.904315 0.005784 0.426827
0.972834 0.006480 0.231413
0.972834 0.006480 0.231413
0.999520 0.007694 0.030023
0.999500 0.016209 0.027146
0.999500 0.016209 0.027146
0.973655 0.016379 0.227438
0.972834 0.006480 0.231413
0.904315 0.005784 0.426827
0.794441 0.005767 0.607314
0.793493 -0.003349 0.608570
0.793493 -0.003349 0.608570
0.903561 -0.003176 0.428447
0.904315 0.005784 0.426827
0.904315 0.005784 0.426827
0.905692 0.016129 0.423628
0.795858 0.016767 0.605251
0.795858 0.016767 0.605251
0.794441 0.005767 0.607314
0.904315 0.005784 0.426827
0.794441 0.005767 0.607314
0.643625 0.007104 0.765308
0.641968 -0.002572 0.766727
0.641968 -0.002572 0.766727
0.793493 -0.003349 0.608570
0.794441 0.005767 0.607314
0.794441 0.005767 0.607314
0.795858 0.016767 0.605251
0.645658 0.019364 0.763381
0.645658 0.019364 0.763381
0.643625 0.007104 0.765308
0.794441 0.005767 0.607314
0.643625 0.007104 0.765308
0.460636 0.007059 0.887561
0.459080 -0.001282 0.888394
0.459080 -0.001282 0.888394
0.641968 -0.002572 0.766727
0.643625 0.007104 0.765308
0.643625 0.007104 0.765308
0.645658 0.019364 0.763381
0.463184 0.019462 0.886049
0.463184 0.019462 0.886049
0.460636 0.007059 0.887561
0.643625 0.007104 0.765308
0.460636 0.007059 0.887561
0.258588 0.008006 0.965954
0.255952 -0.001025 0.966689
0.255952 -0.001025 0.966689
0.459080 -0.001282 0.888394
0.460636 0.007059 0.887561
0.460636 0.007059 0.887561
0.463184 0.019462 0.886049
0.261075 0.018925 0.965133
0.261075 0.018925 0.965133
0.258588 0.008006 0.965954
0.460636 0.007059 0.887561
0.258588 0.008006 0.965954
0.040927 0.007831 0.999131
0.037754 -0.000172 0.999287
0.037754 -0.000172 0.999287
0.255952 -0.001025 0.966689
0.258588 0.008006 0.965954
0.258588 0.008006 0.965954
0.261075 0.018925 0.965133
0.044449 0.018509 0.998840
0.044449 0.018509 0.998840
0.040927 0.007831 0.999131
0.258588 0.008006 0.965954
0.040927 0.007831 0.999131
-0.178186 0.006454 0.983976
-0.181897 -0.000974 0.983317
-0.181897 -0.000974 0.983317
0.037754 -0.000172 0.999287
0.040927 0.007831 0.999131
0.040927 0.007831 0.999131
0.044449 0.018509 0.998840
-0.176036 0.017621 0.984226
-0.176036 0.017621 0.984226
-0.178186 0.006454 0.983976
0.040927 0.007831 0.999131
-0.181897 -0.000974 0.983317
-0.185347 -0.008800 0.982634
0.035353 -0.010785 0.999317
0.035353 -0.010785 0.999317
0.037754 -0.000172 0.999287
-0.181897 -0.000974 0.983317
-0.181897 -0.000974 0.983317
-0.387752 -0.002600 0.921760
-0.391143 -0.008779 0.920288
-0.391143 -0.008779 0.920288
-0.185347 -0.008800 0.982634
-0.181897 -0.000974 0.983317
-0.181897 -0.000974 0.983317
-0.178186 0.006454 0.983976
-0.385609 0.006083 0.922642
-0.385609 0.006083 0.922642
-0.387752 -0.002600 0.921760
-0.181897 -0.000974 0.983317
-0.391143 -0.008779 0.920288
-0.395347 -0.017831 0.918359
-0.187982 -0.017634 0.982014
-0.187982 -0.017634 0.982014
-0.185347 -0.008800 0.982634
-0.391143 -0.008779 0.920288
-0.391143 -0.008779 0.920288
-0.574872 -0.008738 0.818197
-0.578440 -0.017684 0.815534
-0.578440 -0.017684 0.815534
-0.395347 -0.017831 0.918359
-0.391143 -0.008779 0.920288
-0.391143 -0.008779 0.920288
-0.387752 -0.002600 0.921760
-0.573610 -0.001984 0.819126
-0.573610 -0.001984 0.819126
-0.574872 -0.008738 0.818197
-0.391143 -0.008779 0.920288
-0.578440 -0.017684 0.815534
-0.582919 -0.030013 0.811976
-0.399276 -0.029492 0.916356
-0.399276 -0.029492 0.916356
-0.395347 -0.017831 0.918359
-0.578440 -0.017684 0.815534
-0.578440 -0.017684 0.815534
-0.729119 -0.016579 0.684186
-0.733473 -0.028765 0.679110
-0.733473 -0.028765 0.679110
-0.582919 -0.030013 0.811976
-0.578440 -0.017684 0.815534
-0.578440 -0.017684 0.815534
-0.574872 -0.008738 0.818197
-0.726908 -0.006139 0.686708
-0.726908 -0.006139 0.686708
-0.729119 -0.016579 0.684186
-0.578440 -0.017684 0.815534
-0.733473 -0.028765 0.679110
-0.738190 -0.039879 0.673413
-0.587206 -0.041551 0.808370
-0.587206 -0.041551 0.808370
-0.582919 -0.030013 0.811976
-0.733473 -0.028765 0.679110
-0.733473 -0.028765 0.679110
-0.842557 -0.027998 0.537879
-0.849767 -0.045885 0.525158
-0.849767 -0.045885 0.525158
-0.738190 -0.039879 0.673413
-0.733473 -0.028765 0.679110
-0.733473 -0.028765 0.679110
-0.729119 -0.016579 0.684186
-0.839961 -0.014432 0.542455
-0.839961 -0.014432 0.542455
-0.842557 -0.027998 0.537879
-0.733473 -0.028765 0.679110
-0.849767 -0.045885 0.525158
-0.856163 -0.065306 0.512563
-0.744262 -0.060956 0.665101
-0.744262 -0.060956 0.665101
-0.738190 -0.039879 0.673413
-0.849767 -0.045885 0.525158
-0.849767 -0.045885 0.525158
-0.923552 -0.062375 0.378367
-0.935260 -0.091283 0.341987
-0.935260 -0.091283 0.341987
-0.856163 -0.065306 0.512563
-0.849767 -0.045885 0.525158
-0.849767 -0.045885 0.525158
-0.842557 -0.027998 0.537879
-0.917047 -0.028109 0.397787
-0.917047 -0.028109 0.397787
-0.923552 -0.062375 0.378367
-0.849767 -0.045885 0.525158
-0.923552 -0.062375 0.378367
-0.965957 -0.093613 0.241173
-0.969589 -0.139629 0.201002
-0.969589 -0.139629 0.201002
-0.935260 -0.091283 0.341987
-0.923552 -0.062375 0.378367
-0.923552 -0.062375 0.378367
-0.917047 -0.028109 0.397787
-0.961903 -0.034991 0.271141
-0.961903 -0.034991 0.271141
-0.965957 -0.093613 0.241173
-0.923552 -0.062375 0.378367
-0.965957 -0.093613 0.241173
-0.983481 -0.132959 0.122832
-0.978127 -0.203721 0.042003
-0.978127 -0.203721 0.042003
-0.969589 -0.139629 0.201002
-0.965957 -0.093613 0.241173
-0.965957 -0.093613 0.241173
-0.961903 -0.034991 0.271141
-0.985172 -0.048037 0.164710
-0.985172 -0.048037 0.164710
-0.983481 -0.132959 0.122832
-0.965957 -0.093613 0.241173
-0.983481 -0.132959 0.122832
-0.984419 -0.173786 0.026798
-0.954652 -0.294986 -0.040292
-0.954652 -0.294986 -0.040292
-0.978127 -0.203721 0.042003
-0.983481 -0.132959 0.122832
-0.983481 -0.132959 0.122832
-0.985172 -0.048037 0.164710
-0.995200 -0.062249 0.075513
-0.995200 -0.062249 0.075513
-0.984419 -0.173786 0.026798
-0.983481 -0.132959 0.122832
-0.984419 -0.173786 0.026798
-0.977230 -0.208667 -0.038460
-0.925974 -0.349264 -0.143479
-0.925974 -0.349264 -0.143479
-0.954652 -0.294986 -0.040292
-0.984419 -0.173786 0.026798
-0.984419 -0.173786 0.026798
-0.995200 -0.062249 0.075513
-0.996894 -0.077192 0.015613
-0.996894 -0.077192 0.015613
-0.977230 -0.208667 -0.038460
-0.984419 -0.173786 0.026798
-0.977230 -0.208667 -0.038460
-0.965240 -0.249921 -0.076495
-0.893338 -0.418718 -0.163164
-0.893338 -0.418718 -0.163164
-0.925974 -0.349264 -0.143479
-0.977230 -0.208667 -0.038460
-0.977230 -0.208667 -0.038460
-0.996894 -0.077192 0.015613
-0.995393 -0.094559 -0.015885
-0.995393 -0.094559 -0.015885
-0.965240 -0.249921 -0.076495
-0.977230 -0.208667 -0.038460
-0.965240 -0.249921 -0.076495
-0.949364 -0.296793 -0.103059
-0.868859 -0.461165 -0.180029
-0.868859 -0.461165 -0.180029
-0.893338 -0.418718 -0.163164
-0.965240 -0.249921 -0.076495
-0.965240 -0.249921 -0.076495
-0.995393 -0.094559 -0.015885
-0.991373 -0.125753 -0.036969
-0.991373 -0.125753 -0.036969
-0.949364 -0.296793 -0.103059
-0.965240 -0.249921 -0.076495
-0.949364 -0.296793 -0.103059
-0.929734 -0.356366 -0.092721
-0.843484 -0.517288 -0.144730
-0.843484 -0.517288 -0.144730
-0.868859 -0.461165 -0.180029
-0.949364 -0.296793 -0.103059
-0.949364 -0.296793 -0.103059
-0.991373 -0.125753 -0.036969
-0.980558 -0.193227 -0.034193
-0.980558 -0.193227 -0.034193
-0.929734 -0.356366 -0.092721
-0.949364 -0.296793 -0.103059
-0.929734 -0.356366 -0.092721
-0.911436 -0.409868 -0.035956
-0.819836 -0.568058 -0.071972
-0.819836 -0.568058 -0.071972
-0.843484 -0.517288 -0.144730
-0.929734 -0.356366 -0.092721
-0.929734 -0.356366 -0.092721
-0.980558 -0.193227 -0.034193
-0.967878 -0.251419 -0.000291
-0.967878 -0.251419 -0.000291
-0.911436 -0.409868 -0.035956
-0.929734 -0.356366 -0.092721
-0.911436 -0.409868 -0.035956
-0.895201 -0.445647 -0.003795
-0.799649 -0.599932 -0.025371
-0.799649 -0.599932 -0.025371
-0.819836 -0.568058 -0.071972
-0.911436 -0.409868 -0.035956
-0.911436 -0.409868 -0.035956
-0.967878 -0.251419 -0.000291
-0.959314 -0.281939 0.015068
-0.959314 -0.281939 0.015068
-0.895201 -0.445647 -0.003795
-0.911436 -0.409868 -0.035956
-0.895201 -0.445647 -0.003795
-0.883771 -0.467909 -0.003090
-0.786273 -0.617764 -0.011906
-0.786273 -0.617764 -0.011906
-0.799649 -0.599932 -0.025371
-0.895201 -0.445647 -0.003795
-0.895201 -0.445647 -0.003795
-0.959314 -0.281939 0.015068
-0.952883 -0.303237 0.007793
-0.952883 -0.303237 0.007793
-0.883771 -0.467909 -0.003090
-0.895201 -0.445647 -0.003795
-0.883771 -0.467909 -0.003090
-0.874627 -0.484633 -0.012619
-0.776855 -0.629517 -0.014329
-0.776855 -0.629517 -0.014329
-0.786273 -0.617764 -0.011906
-0.883771 -0.467909 -0.003090
-0.883771 -0.467909 -0.003090
-0.952883 -0.303237 0.007793
-0.946855 -0.321637 -0.003931
-0.946855 -0.321637 -0.003931
-0.874627 -0.484633 -0.012619
-0.883771 -0.467909 -0.003090
-0.874627 -0.484633 -0.012619
-0.867243 -0.497256 -0.025012
-0.768989 -0.638946 -0.020110
-0.768989 -0.638946 -0.020110
-0.776855 -0.629517 -0.014329
-0.874627 -0.484633 -0.012619
-0.874627 -0.484633 -0.012619
-0.946855 -0.321637 -0.003931
-0.939568 -0.341948 -0.016844
-0.939568 -0.341948 -0.016844
-0.867243 -0.497256 -0.025012
-0.874627 -0.484633 -0.012619
-0.939568 -0.341948 -0.016844
-0.933852 -0.357205 -0.018022
-0.861758 -0.507037 -0.016911
-0.861758 -0.507037 -0.016911
-0.867243 -0.497256 -0.025012
-0.939568 -0.341948 -0.016844
-0.939568 -0.341948 -0.016844
-0.980731 -0.195248 -0.006624
-0.979054 -0.203146 -0.013565
-0.979054 -0.203146 -0.013565
-0.933852 -0.357205 -0.018022
-0.939568 -0.341948 -0.016844
-0.939568 -0.341948 -0.016844
-0.946855 -0.321637 -0.003931
-0.982117 -0.188179 0.005880
-0.982117 -0.188179 0.005880
-0.980731 -0.195248 -0.006624
-0.939568 -0.341948 -0.016844
-0.979054 -0.203146 -0.013565
-0.977712 -0.209694 -0.010361
-0.931418 -0.363815 -0.009982
-0.931418 -0.363815 -0.009982
-0.933852 -0.357205 -0.018022
-0.979054 -0.203146 -0.013565
-0.979054 -0.203146 -0.013565
-0.998414 -0.055565 -0.009067
-0.998573 -0.052492 -0.009806
-0.998573 -0.052492 -0.009806
-0.977712 -0.209694 -0.010361
-0.979054 -0.203146 -0.013565
-0.979054 -0.203146 -0.013565
-0.980731 -0.195248 -0.006624
-0.998366 -0.057088 -0.002657
-0.998366 -0.057088 -0.002657
-0.998414 -0.055565 -0.009067
-0.979054 -0.203146 -0.013565
-0.998573 -0.052492 -0.009806
-0.998707 -0.050380 -0.006753
-0.977394 -0.211278 -0.007973
-0.977394 -0.211278 -0.007973
-0.977712 -0.209694 -0.010361
-0.998573 -0.052492 -0.009806
-0.998573 -0.052492 -0.009806
-0.994539 0.103882 -0.010064
-0.993173 0.116353 -0.008269
-0.993173 0.116353 -0.008269
-0.998707 -0.050380 -0.006753
-0.998573 -0.052492 -0.009806
-0.998573 -0.052492 -0.009806
-0.998414 -0.055565 -0.009067
-0.995387 0.095556 -0.008595
-0.995387 0.095556 -0.008595
-0.994539 0.103882 -0.010064
-0.998573 -0.052492 -0.009806
-0.993173 0.116353 -0.008269
-0.991959 0.126556 -0.000528
-0.998814 -0.048624 -0.002376
-0.998814 -0.048624 -0.002376
-0.998707 -0.050380 -0.006753
-0.993173 0.116353 -0.008269
-0.993173 0.116353 -0.008269
-0.960805 0.277012 -0.010816
-0.955546 0.294810 -0.004410
-0.955546 0.294810 -0.004410
-0.991959 0.126556 -0.000528
-0.993173 0.116353 -0.008269
-0.993173 0.116353 -0.008269
-0.994539 0.103882 -0.010064
-0.963566 0.267256 -0.010672
-0.963566 0.267256 -0.010672
-0.960805 0.277012 -0.010816
-0.993173 0.116353 -0.008269
-0.955546 0.294810 -0.004410
-0.950092 0.311970 -0.000556
-0.991146 0.132775 -0.000720
-0.991146 0.132775 -0.000720
-0.991959 0.126556 -0.000528
-0.955546 0.294810 -0.004410
-0.955546 0.294810 -0.004410
-0.888790 0.458226 -0.008999
-0.878953 0.476862 -0.006751
-0.878953 0.476862 -0.006751
-0.950092 0.311970 -0.000556
-0.955546 0.294810 -0.004410
-0.955546 0.294810 -0.004410
-0.960805 0.277012 -0.010816
-0.894682 0.446680 -0.004687
-0.894682 0.446680 -0.004687
-0.888790 0.458226 -0.008999
-0.955546 0.294810 -0.004410
-0.878953 0.476862 -0.006751
-0.868393 0.495875 -0.001314
-0.946399 0.322989 -0.002489
-0.946399 0.322989 -0.002489
-0.950092 0.311970 -0.000556
-0.878953 0.476862 -0.006751
-0.878953 0.476862 -0.006751
-0.773147 0.634126 -0.011330
-0.758893 0.651216 -0.000326
-0.758893 0.651216 -0.000326
-0.868393 0.495875 -0.001314
-0.878953 0.476862 -0.006751
-0.878953 0.476862 -0.006751
-0.888790 0.458226 -0.008999
-0.784091 0.620639 0.003055
-0.784091 0.620639 0.003055
-0.773147 0.634126 -0.011330
-0.878953 0.476862 -0.006751
-0.773147 0.634126 -0.011330
-0.633682 0.773554 -0.007882
-0.614037 0.789266 0.004231
-0.614037 0.789266 0.004231
-0.758893 0.651216 -0.000326
-0.773147 0.634126 -0.011330
-0.773147 0.634126 -0.011330
-0.784091 0.620639 0.003055
-0.651618 0.758496 0.008831
-0.651618 0.758496 0.008831
-0.633682 0.773554 -0.007882
-0.773147 0.634126 -0.011330
-0.633682 0.773554 -0.007882
-0.469977 0.882660 -0.005739
-0.442515 0.896721 0.008475
-0.442515 0.896721 0.008475
-0.614037 0.789266 0.004231
-0.633682 0.773554 -0.007882
-0.633682 0.773554 -0.007882
-0.651618 0.758496 0.008831
-0.493673 0.869566 0.011885
-0.493673 0.869566 0.011885
-0.469977 0.882660 -0.005739
-0.633682 0.773554 -0.007882
-0.469977 0.882660 -0.005739
-0.284488 0.958674 -0.003350
-0.251276 0.967842 0.011919
-0.251276 0.967842 0.011919
-0.442515 0.896721 0.008475
-0.469977 0.882660 -0.005739
-0.469977 0.882660 -0.005739
-0.493673 0.869566 0.011885
-0.312126 0.949849 0.019107
-0.312126 0.949849 0.019107
-0.284488 0.958674 -0.003350
-0.469977 0.882660 -0.005739
-0.284488 0.958674 -0.003350
-0.085039 0.996377 0.000889
-0.045479 0.998828 0.016573
-0.045479 0.998828 0.016573
-0.251276 0.967842 0.011919
-0.284488 0.958674 -0.003350
-0.284488 0.958674 -0.003350
-0.312126 0.949849 0.019107
-0.117293 0.992707 0.027831
-0.117293 0.992707 0.027831
-0.085039 0.996377 0.000889
-0.284488 0.958674 -0.003350
-0.085039 0.996377 0.000889
0.119354 0.992851 0.001535
0.164712 0.986157 0.019092
0.164712 0.986157 0.019092
-0.045479 0.998828 0.016573
-0.085039 0.996377 0.000889
-0.085039 0.996377 0.000889
-0.117293 0.992707 0.027831
0.079394 0.996156 0.036999
0.079394 0.996156 0.036999
0.119354 0.992851 0.001535
-0.085039 0.996377 0.000889
0.119354 0.992851 0.001535
0.326570 0.945173 0.000783
0.373138 0.927539 0.020981
0.373138 0.927539 0.020981
0.164712 0.986157 0.019092
0.119354 0.992851 0.001535
0.119354 0.992851 0.001535
0.079394 0.996156 0.036999
0.276741 0.960138 0.039366
0.276741 0.960138 0.039366
0.326570 0.945173 0.000783
0.119354 0.992851 0.001535
0.326570 0.945173 0.000783
0.521771 0.853084 0.001741
0.567664 0.822839 0.026333
0.567664 0.822839 0.026333
0.373138 0.927539 0.020981
0.326570 0.945173 0.000783
0.326570 0.945173 0.000783
0.276741 0.960138 0.039366
0.465018 0.884223 0.043670
0.465018 0.884223 0.043670
0.521771 0.853084 0.001741
0.326570 0.945173 0.000783
0.521771 0.853084 0.001741
0.693990 0.719902 0.010900
0.729743 0.682701 0.037338
0.729743 0.682701 0.037338
0.567664 0.822839 0.026333
0.521771 0.853084 0.001741
0.521771 0.853084 0.001741
0.465018 0.884223 0.043670
0.638147 0.767183 0.064804
0.638147 0.767183 0.064804
0.693990 0.719902 0.010900
0.521771 0.853084 0.001741
0.693990 0.719902 0.010900
0.827526 0.559239 0.049517
0.857238 0.512100 0.053822
0.857238 0.512100 0.053822
0.729743 0.682701 0.037338
0.693990 0.719902 0.010900
0.693990 0.719902 0.010900
0.638147 0.767183 0.064804
0.776206 0.618495 0.122341
0.776206 0.618495 0.122341
0.827526 0.559239 0.049517
0.693990 0.719902 0.010900
0.827526 0.559239 0.049517
0.912844 0.386432 0.131857
0.947137 0.309333 0.085115
0.947137 0.309333 0.085115
0.857238 0.512100 0.053822
0.827526 0.559239 0.049517
0.827526 0.559239 0.049517
0.776206 0.618495 0.122341
0.869296 0.416988 0.265415
0.869296 0.416988 0.265415
0.912844 0.386432 0.131857
0.827526 0.559239 0.049517
0.912844 0.386432 0.131857
0.933497 0.234294 0.271460
0.982493 0.142269 0.120278
0.982493 0.142269 0.120278
0.947137 0.309333 0.085115
0.912844 0.386432 0.131857
0.912844 0.386432 0.131857
0.869296 0.416988 0.265415
0.861309 0.219912 0.458023
0.861309 0.219912 0.458023
0.933497 0.234294 0.271460
0.912844 0.386432 0.131857
0.933497 0.234294 0.271460
0.879713 0.097727 0.465355
0.969449 0.002061 0.245285
0.969449 0.002061 0.245285
0.982493 0.142269 0.120278
0.933497 0.234294 0.271460
0.933497 0.234294 0.271460
0.861309 0.219912 0.458023
0.814363 0.128657 0.565915
0.814363 0.128657 0.565915
0.879713 0.097727 0.465355
0.933497 0.234294 0.271460
0.879713 0.097727 0.465355
0.791980 -0.018948 0.610253
0.871470 -0.090017 0.482117
0.871470 -0.090017 0.482117
0.969449 0.002061 0.245285
0.879713 0.097727 0.465355
0.879713 0.097727 0.465355
0.814363 0.128657 0.565915
0.808052 0.040218 0.587737
0.808052 0.040218 0.587737
0.791980 -0.018948 0.610253
0.879713 0.097727 0.465355
0.791980 -0.018948 0.610253
0.810487 -0.055147 0.583155
0.812641 -0.077522 0.577585
0.812641 -0.077522 0.577585
0.871470 -0.090017 0.482117
0.791980 -0.018948 0.610253
0.791980 -0.018948 0.610253
0.808052 0.040218 0.587737
0.836016 -0.014885 0.548502
0.836016 -0.014885 0.548502
0.810487 -0.055147 0.583155
0.791980 -0.018948 0.610253
0.810487 -0.055147 0.583155
0.836016 -0.014885 0.548502
0.868271 -0.057206 0.492780
0.868271 -0.057206 0.492780
0.849167 -0.058364 0.524890
0.810487 -0.055147 0.583155
0.810487 -0.055147 0.583155
0.849167 -0.058364 0.524890
0.829525 -0.092591 0.550741
0.829525 -0.092591 0.550741
0.812641 -0.077522 0.577585
0.810487 -0.055147 0.583155
0.829525 -0.092591 0.550741
0.849167 -0.058364 0.524890
0.896040 -0.042697 0.441915
0.896040 -0.042697 0.441915
0.883367 -0.118541 0.453443
0.829525 -0.092591 0.550741
0.829525 -0.092591 0.550741
0.821701 -0.232712 0.520242
0.869456 -0.197965 0.452610
0.869456 -0.197965 0.452610
0.812641 -0.077522 0.577585
0.829525 -0.092591 0.550741
0.829525 -0.092591 0.550741
0.883367 -0.118541 0.453443
0.847175 -0.263802 0.461197
0.847175 -0.263802 0.461197
0.821701 -0.232712 0.520242
0.829525 -0.092591 0.550741
0.847175 -0.263802 0.461197
0.883367 -0.118541 0.453443
0.914280 -0.138062 0.380829
0.914280 -0.138062 0.380829
0.880671 -0.287148 0.376782
0.847175 -0.263802 0.461197
0.847175 -0.263802 0.461197
0.798391 -0.433291 0.418127
0.811321 -0.407084 0.419572
0.811321 -0.407084 0.419572
0.821701 -0.232712 0.520242
0.847175 -0.263802 0.461197
0.847175 -0.263802 0.461197
0.880671 -0.287148 0.376782
0.816782 -0.454657 0.355183
0.816782 -0.454657 0.355183
0.798391 -0.433291 0.418127
0.847175 -0.263802 0.461197
0.816782 -0.454657 0.355183
0.880671 -0.287148 0.376782
0.919182 -0.290508 0.265914
0.919182 -0.290508 0.265914
0.839776 -0.482892 0.248178
0.816782 -0.454657 0.355183
0.816782 -0.454657 0.355183
0.682541 -0.656158 0.321863
0.701616 -0.629369 0.334109
0.701616 -0.629369 0.334109
0.798391 -0.433291 0.418127
0.816782 -0.454657 0.355183
0.816782 -0.454657 0.355183
0.839776 -0.482892 0.248178
0.699378 -0.676829 0.229725
0.699378 -0.676829 0.229725
0.682541 -0.656158 0.321863
0.816782 -0.454657 0.355183
0.699378 -0.676829 0.229725
0.839776 -0.482892 0.248178
0.858841 -0.494528 0.133547
0.858841 -0.494528 0.133547
0.703574 -0.701186 0.115416
0.699378 -0.676829 0.229725
0.699378 -0.676829 0.229725
0.529285 -0.823886 0.202656
0.526195 -0.812332 0.251465
0.526195 -0.812332 0.251465
0.682541 -0.656158 0.321863
0.699378 -0.676829 0.229725
0.699378 -0.676829 0.229725
0.703574 -0.701186 0.115416
0.512282 -0.850774 0.117263
0.512282 -0.850774 0.117263
0.529285 -0.823886 0.202656
0.699378 -0.676829 0.229725
0.512282 -0.850774 0.117263
0.703574 -0.701186 0.115416
0.701701 -0.712340 -0.013726
0.701701 -0.712340 -0.013726
0.487123 -0.873304 -0.007202
0.512282 -0.850774 0.117263
0.512282 -0.850774 0.117263
0.313191 -0.941493 0.124505
0.333120 -0.926915 0.172799
0.333120 -0.926915 0.172799
0.529285 -0.823886 0.202656
0.512282 -0.850774 0.117263
0.512282 -0.850774 0.117263
0.487123 -0.873304 -0.007202
0.274881 -0.961167 0.024468
0.274881 -0.961167 0.024468
0.313191 -0.941493 0.124505
0.512282 -0.850774 0.117263
0.274881 -0.961167 0.024468
0.487123 -0.873304 -0.007202
0.453874 -0.880274 -0.138261
0.453874 -0.880274 -0.138261
0.231518 -0.967518 -0.101533
0.274881 -0.961167 0.024468
0.274881 -0.961167 0.024468
0.104263 -0.993257 0.050695
0.127420 -0.983994 0.124578
0.127420 -0.983994 0.124578
0.313191 -0.941493 0.124505
0.274881 -0.961167 0.024468
0.274881 -0.961167 0.024468
0.231518 -0.967518 -0.101533
0.067534 -0.995729 -0.062951
0.067534 -0.995729 -0.062951
0.104263 -0.993257 0.050695
0.274881 -0.961167 0.024468
0.067534 -0.995729 -0.062951
0.231518 -0.967518 -0.101533
0.194407 -0.953930 -0.228526
0.194407 -0.953930 -0.228526
0.031199 -0.980266 -0.195206
0.067534 -0.995729 -0.062951
0.067534 -0.995729 -0.062951
-0.058266 -0.997711 -0.034316
-0.033038 -0.997428 0.063602
-0.033038 -0.997428 0.063602
0.104263 -0.993257 0.050695
0.067534 -0.995729 -0.062951
0.067534 -0.995729 -0.062951
0.031199 -0.980266 -0.195206
-0.089589 -0.981604 -0.168605
-0.089589 -0.981604 -0.168605
-0.058266 -0.997711 -0.034316
0.067534 -0.995729 -0.062951
-0.089589 -0.981604 -0.168605
0.031199 -0.980266 -0.195206
0.015455 -0.953159 -0.302073
0.015455 -0.953159 -0.302073
-0.113643 -0.956153 -0.269921
-0.089589 -0.981604 -0.168605
-0.089589 -0.981604 -0.168605
-0.195565 -0.970061 -0.143996
-0.177484 -0.983904 -0.020780
-0.177484 -0.983904 -0.020780
-0.058266 -0.997711 -0.034316
-0.089589 -0.981604 -0.168605
-0.089589 -0.981604 -0.168605
-0.113643 -0.956153 -0.269921
-0.217238 -0.938605 -0.268010
-0.217238 -0.938605 -0.268010
-0.195565 -0.970061 -0.143996
-0.089589 -0.981604 -0.168605
-0.217238 -0.938605 -0.268010
-0.113643 -0.956153 -0.269921
-0.090437 -0.958678 -0.269735
-0.090437 -0.958678 -0.269735
-0.219072 -0.929022 -0.298205
-0.217238 -0.938605 -0.268010
-0.217238 -0.938605 -0.268010
-0.343866 -0.908031 -0.239241
-0.321964 -0.937771 -0.130095
-0.321964 -0.937771 -0.130095
-0.195565 -0.970061 -0.143996
-0.217238 -0.938605 -0.268010
-0.217238 -0.938605 -0.268010
-0.219072 -0.929022 -0.298205
-0.353066 -0.876134 -0.328228
-0.353066 -0.876134 -0.328228
-0.343866 -0.908031 -0.239241
-0.217238 -0.938605 -0.268010
-0.343866 -0.908031 -0.239241
-0.503971 -0.836569 -0.214861
-0.487990 -0.865402 -0.113776
-0.487990 -0.865402 -0.113776
-0.321964 -0.937771 -0.130095
-0.343866 -0.908031 -0.239241
-0.343866 -0.908031 -0.239241
-0.353066 -0.876134 -0.328228
-0.532369 -0.791655 -0.299775
-0.532369 -0.791655 -0.299775
-0.503971 -0.836569 -0.214861
-0.343866 -0.908031 -0.239241
-0.532369 -0.791655 -0.299775
-0.353066 -0.876134 -0.328228
-0.352320 -0.882463 -0.311656
-0.352320 -0.882463 -0.311656
-0.578189 -0.747022 -0.328108
-0.532369 -0.791655 -0.299775
-0.532369 -0.791655 -0.299775
-0.705548 -0.665216 -0.244316
-0.683484 -0.704589 -0.190798
-0.683484 -0.704589 -0.190798
-0.503971 -0.836569 -0.214861
-0.532369 -0.791655 -0.299775
-0.532369 -0.791655 -0.299775
-0.578189 -0.747022 -0.328108
-0.750624 -0.606040 -0.263208
-0.750624 -0.606040 -0.263208
-0.705548 -0.665216 -0.244316
-0.532369 -0.791655 -0.299775
-0.750624 -0.606040 -0.263208
-0.578189 -0.747022 -0.328108
-0.632092 -0.720694 -0.284709
-0.632092 -0.720694 -0.284709
-0.804661 -0.547953 -0.228622
-0.750624 -0.606040 -0.263208
-0.750624 -0.606040 -0.263208
-0.893338 -0.418718 -0.163164
-0.868859 -0.461165 -0.180029
-0.868859 -0.461165 -0.180029
-0.705548 -0.665216 -0.244316
-0.750624 -0.606040 -0.263208
-0.750624 -0.606040 -0.263208
-0.804661 -0.547953 -0.228622
-0.925974 -0.349264 -0.143479
-0.925974 -0.349264 -0.143479
-0.893338 -0.418718 -0.163164
-0.750624 -0.606040 -0.263208
-0.632092 -0.720694 -0.284709
-0.396992 -0.880359 -0.259551
-0.450545 -0.876693 -0.168575
-0.450545 -0.876693 -0.168575
-0.715285 -0.666866 -0.208944
-0.632092 -0.720694 -0.284709
-0.632092 -0.720694 -0.284709
-0.578189 -0.747022 -0.328108
-0.352320 -0.882463 -0.311656
-0.352320 -0.882463 -0.311656
-0.396992 -0.880359 -0.259551
-0.632092 -0.720694 -0.284709
-0.632092 -0.720694 -0.284709
-0.715285 -0.666866 -0.208944
-0.871512 -0.467531 -0.147924
-0.871512 -0.467531 -0.147924
-0.804661 -0.547953 -0.228622
-0.632092 -0.720694 -0.284709
-0.871512 -0.467531 -0.147924
-0.715285 -0.666866 -0.208944
-0.787371 -0.613272 -0.062811
-0.787371 -0.613272 -0.062811
-0.933253 -0.358696 -0.019419
-0.871512 -0.467531 -0.147924
-0.871512 -0.467531 -0.147924
-0.954652 -0.294986 -0.040292
-0.925974 -0.349264 -0.143479
-0.925974 -0.349264 -0.143479
-0.804661 -0.547953 -0.228622
-0.871512 -0.467531 -0.147924
-0.871512 -0.467531 -0.147924
-0.933253 -0.358696 -0.019419
-0.978127 -0.203721 0.042003
-0.978127 -0.203721 0.042003
-0.954652 -0.294986 -0.040292
-0.871512 -0.467531 -0.147924
-0.787371 -0.613272 -0.062811
-0.521137 -0.848978 -0.087477
-0.601474 -0.797192 0.052097
-0.601474 -0.797192 0.052097
-0.841916 -0.532586 0.086771
-0.787371 -0.613272 -0.062811
-0.787371 -0.613272 -0.062811
-0.715285 -0.666866 -0.208944
-0.450545 -0.876693 -0.168575
-0.450545 -0.876693 -0.168575
-0.521137 -0.848978 -0.087477
-0.787371 -0.613272 -0.062811
-0.787371 -0.613272 -0.062811
-0.841916 -0.532586 0.086771
-0.946871 -0.288367 0.142408
-0.946871 -0.288367 0.142408
-0.933253 -0.358696 -0.019419
-0.787371 -0.613272 -0.062811
-0.946871 -0.288367 0.142408
-0.841916 -0.532586 0.086771
-0.849546 -0.462167 0.254310
-0.849546 -0.462167 0.254310
-0.926108 -0.210528 0.313054
-0.946871 -0.288367 0.142408
-0.946871 -0.288367 0.142408
-0.969589 -0.139629 0.201002
-0.978127 -0.203721 0.042003
-0.978127 -0.203721 0.042003
-0.933253 -0.358696 -0.019419
-0.946871 -0.288367 0.142408
-0.946871 -0.288367 0.142408
-0.926108 -0.210528 0.313054
-0.935260 -0.091283 0.341987
-0.935260 -0.091283 0.341987
-0.969589 -0.139629 0.201002
-0.946871 -0.288367 0.142408
-0.849546 -0.462167 0.254310
-0.615017 -0.772582 0.157705
-0.576449 -0.756000 0.310114
-0.576449 -0.756000 0.310114
-0.813438 -0.381125 0.439388
-0.849546 -0.462167 0.254310
-0.849546 -0.462167 0.254310
-0.841916 -0.532586 0.086771
-0.601474 -0.797192 0.052097
-0.601474 -0.797192 0.052097
-0.615017 -0.772582 0.157705
-0.849546 -0.462167 0.254310
-0.849546 -0.462167 0.254310
-0.813438 -0.381125 0.439388
-0.861085 -0.134170 0.490439
-0.861085 -0.134170 0.490439
-0.926108 -0.210528 0.313054
-0.849546 -0.462167 0.254310
-0.861085 -0.134170 0.490439
-0.813438 -0.381125 0.439388
-0.703385 -0.365456 0.609665
-0.703385 -0.365456 0.609665
-0.744571 -0.128499 0.655058
-0.861085 -0.134170 0.490439
-0.861085 -0.134170 0.490439
-0.856163 -0.065306 0.512563
-0.935260 -0.091283 0.341987
-0.935260 -0.091283 0.341987
-0.926108 -0.210528 0.313054
-0.861085 -0.134170 0.490439
-0.861085 -0.134170 0.490439
-0.744571 -0.128499 0.655058
-0.744262 -0.060956 0.665101
-0.744262 -0.060956 0.665101
-0.856163 -0.065306 0.512563
-0.861085 -0.134170 0.490439
-0.703385 -0.365456 0.609665
-0.530172 -0.716773 0.452940
-0.434288 -0.704249 0.561629
-0.434288 -0.704249 0.561629
-0.574569 -0.336424 0.746116
-0.703385 -0.365456 0.609665
-0.703385 -0.365456 0.609665
-0.813438 -0.381125 0.439388
-0.576449 -0.756000 0.310114
-0.576449 -0.756000 0.310114
-0.530172 -0.716773 0.452940
-0.703385 -0.365456 0.609665
-0.703385 -0.365456 0.609665
-0.574569 -0.336424 0.746116
-0.598121 -0.107060 0.794222
-0.598121 -0.107060 0.794222
-0.744571 -0.128499 0.655058
-0.703385 -0.365456 0.609665
-0.598121 -0.107060 0.794222
-0.574569 -0.336424 0.746116
-0.388283 -0.328925 0.860840
-0.388283 -0.328925 0.860840
-0.411829 -0.094888 0.906308
-0.598121 -0.107060 0.794222
-0.598121 -0.107060 0.794222
-0.591305 -0.053600 0.804665
-0.744262 -0.060956 0.665101
-0.744262 -0.060956 0.665101
-0.744571 -0.128499 0.655058
-0.598121 -0.107060 0.794222
-0.598121 -0.107060 0.794222
-0.411829 -0.094888 0.906308
-0.410288 -0.048509 0.910665
-0.410288 -0.048509 0.910665
-0.591305 -0.053600 0.804665
-0.598121 -0.107060 0.794222
-0.410288 -0.048509 0.910665
-0.411829 -0.094888 0.906308
-0.202035 -0.109408 0.973248
-0.202035 -0.109408 0.973248
-0.201602 -0.048133 0.978284
-0.410288 -0.048509 0.910665
-0.410288 -0.048509 0.910665
-0.404150 -0.039333 0.913846
-0.587206 -0.041551 0.808370
-0.587206 -0.041551 0.808370
-0.591305 -0.053600 0.804665
-0.410288 -0.048509 0.910665
-0.410288 -0.048509 0.910665
-0.201602 -0.048133 0.978284
-0.197281 -0.037809 0.979618
-0.197281 -0.037809 0.979618
-0.404150 -0.039333 0.913846
-0.410288 -0.048509 0.910665
-0.197281 -0.037809 0.979618
-0.201602 -0.048133 0.978284
0.024891 -0.049522 0.998463
0.024891 -0.049522 0.998463
0.026560 -0.037927 0.998927
-0.197281 -0.037809 0.979618
-0.197281 -0.037809 0.979618
-0.192182 -0.028309 0.980951
-0.399276 -0.029492 0.916356
-0.399276 -0.029492 0.916356
-0.404150 -0.039333 0.913846
-0.197281 -0.037809 0.979618
-0.197281 -0.037809 0.979618
0.026560 -0.037927 0.998927
0.029720 -0.027498 0.999180
0.029720 -0.027498 0.999180
-0.192182 -0.028309 0.980951
-0.197281 -0.037809 0.979618
0.029720 -0.027498 0.999180
0.026560 -0.037927 0.998927
0.248178 -0.040045 0.967886
0.248178 -0.040045 0.967886
0.249291 -0.028641 0.968005
0.029720 -0.027498 0.999180
0.029720 -0.027498 0.999180
0.033175 -0.018373 0.999281
-0.187982 -0.017634 0.982014
-0.187982 -0.017634 0.982014
-0.192182 -0.028309 0.980951
0.029720 -0.027498 0.999180
0.029720 -0.027498 0.999180
0.249291 -0.028641 0.968005
0.251335 -0.019549 0.967703
0.251335 -0.019549 0.967703
0.033175 -0.018373 0.999281
0.029720 -0.027498 0.999180
0.251335 -0.019549 0.967703
0.249291 -0.028641 0.968005
0.454593 -0.030283 0.890184
0.454593 -0.030283 0.890184
0.455557 -0.020363 0.889974
0.251335 -0.019549 0.967703
0.251335 -0.019549 0.967703
0.253851 -0.012071 0.967168
0.035353 -0.010785 0.999317
0.035353 -0.010785 0.999317
0.033175 -0.018373 0.999281
0.251335 -0.019549 0.967703
0.251335 -0.019549 0.967703
0.455557 -0.020363 0.889974
0.457057 -0.012254 0.889353
0.457057 -0.012254 0.889353
0.253851 -0.012071 0.967168
0.251335 -0.019549 0.967703
0.457057 -0.012254 0.889353
0.455557 -0.020363 0.889974
0.640138 -0.021660 0.767955
0.640138 -0.021660 0.767955
0.640964 -0.013349 0.767455
0.457057 -0.012254 0.889353
0.457057 -0.012254 0.889353
0.459080 -0.001282 0.888394
0.255952 -0.001025 0.966689
0.255952 -0.001025 0.966689
0.253851 -0.012071 0.967168
0.457057 -0.012254 0.889353
0.457057 -0.012254 0.889353
0.640964 -0.013349 0.767455
0.641968 -0.002572 0.766727
0.641968 -0.002572 0.766727
0.459080 -0.001282 0.888394
0.457057 -0.012254 0.889353
0.640138 -0.021660 0.767955
0.639465 -0.031184 0.768188
0.792015 -0.031930 0.609665
0.792015 -0.031930 0.609665
0.791858 -0.021059 0.610342
0.640138 -0.021660 0.767955
0.640138 -0.021660 0.767955
0.455557 -0.020363 0.889974
0.454593 -0.030283 0.890184
0.454593 -0.030283 0.890184
0.639465 -0.031184 0.768188
0.640138 -0.021660 0.767955
0.640138 -0.021660 0.767955
0.791858 -0.021059 0.610342
0.792534 -0.013216 0.609685
0.792534 -0.013216 0.609685
0.640964 -0.013349 0.767455
0.640138 -0.021660 0.767955
0.792534 -0.013216 0.609685
0.791858 -0.021059 0.610342
0.903688 -0.022329 0.427608
0.903688 -0.022329 0.427608
0.903300 -0.012688 0.428821
0.792534 -0.013216 0.609685
0.792534 -0.013216 0.609685
0.793493 -0.003349 0.608570
0.641968 -0.002572 0.766727
0.641968 -0.002572 0.766727
0.640964 -0.013349 0.767455
0.792534 -0.013216 0.609685
0.792534 -0.013216 0.609685
0.903300 -0.012688 0.428821
0.903561 -0.003176 0.428447
0.903561 -0.003176 0.428447
0.793493 -0.003349 0.608570
0.792534 -0.013216 0.609685
0.903688 -0.022329 0.427608
0.904446 -0.032631 0.425338
0.973371 -0.031027 0.227125
0.973371 -0.031027 0.227125
0.972927 -0.022962 0.229971
0.903688 -0.022329 0.427608
0.903688 -0.022329 0.427608
0.791858 -0.021059 0.610342
0.792015 -0.031930 0.609665
0.792015 -0.031930 0.609665
0.904446 -0.032631 0.425338
0.903688 -0.022329 0.427608
0.903688 -0.022329 0.427608
0.972927 -0.022962 0.229971
0.972514 -0.012978 0.232481
0.972514 -0.012978 0.232481
0.903300 -0.012688 0.428821
0.903688 -0.022329 0.427608
0.904446 -0.032631 0.425338
0.905032 -0.040581 0.423404
0.973778 -0.040931 0.223790
0.973778 -0.040931 0.223790
0.973371 -0.031027 0.227125
0.904446 -0.032631 0.425338
0.904446 -0.032631 0.425338
0.792015 -0.031930 0.609665
0.792399 -0.041631 0.608582
0.792399 -0.041631 0.608582
0.905032 -0.040581 0.423404
0.904446 -0.032631 0.425338
0.792399 -0.041631 0.608582
0.792396 -0.049954 0.607958
0.905554 -0.046811 0.421641
0.905554 -0.046811 0.421641
0.905032 -0.040581 0.423404
0.792399 -0.041631 0.608582
0.792399 -0.041631 0.608582
0.639113 -0.042072 0.767961
0.638602 -0.050462 0.767881
0.638602 -0.050462 0.767881
0.792396 -0.049954 0.607958
0.792399 -0.041631 0.608582
0.792399 -0.041631 0.608582
0.792015 -0.031930 0.609665
0.639465 -0.031184 0.768188
0.639465 -0.031184 0.768188
0.639113 -0.042072 0.767961
0.792399 -0.041631 0.608582
0.639113 -0.042072 0.767961
0.453374 -0.041653 0.890346
0.452029 -0.052000 0.890486
0.452029 -0.052000 0.890486
0.638602 -0.050462 0.767881
0.639113 -0.042072 0.767961
0.639113 -0.042072 0.767961
0.639465 -0.031184 0.768188
0.454593 -0.030283 0.890184
0.454593 -0.030283 0.890184
0.453374 -0.041653 0.890346
0.639113 -0.042072 0.767961
0.453374 -0.041653 0.890346
0.248178 -0.040045 0.967886
0.246547 -0.049579 0.967862
0.246547 -0.049579 0.967862
0.452029 -0.052000 0.890486
0.453374 -0.041653 0.890346
0.453374 -0.041653 0.890346
0.454593 -0.030283 0.890184
0.249291 -0.028641 0.968005
0.249291 -0.028641 0.968005
0.248178 -0.040045 0.967886
0.453374 -0.041653 0.890346
0.246547 -0.049579 0.967862
0.245429 -0.092278 0.965013
0.449528 -0.101926 0.887432
0.449528 -0.101926 0.887432
0.452029 -0.052000 0.890486
0.246547 -0.049579 0.967862
0.246547 -0.049579 0.967862
0.024891 -0.049522 0.998463
0.019453 -0.096297 0.995163
0.019453 -0.096297 0.995163
0.245429 -0.092278 0.965013
0.246547 -0.049579 0.967862
0.246547 -0.049579 0.967862
0.248178 -0.040045 0.967886
0.026560 -0.037927 0.998927
0.026560 -0.037927 0.998927
0.024891 -0.049522 0.998463
0.246547 -0.049579 0.967862
0.019453 -0.096297 0.995163
0.012799 -0.315335 0.948894
0.231735 -0.321692 0.918049
0.231735 -0.321692 0.918049
0.245429 -0.092278 0.965013
0.019453 -0.096297 0.995163
0.019453 -0.096297 0.995163
-0.202035 -0.109408 0.973248
-0.192935 -0.337820 0.921224
-0.192935 -0.337820 0.921224
0.012799 -0.315335 0.948894
0.019453 -0.096297 0.995163
0.019453 -0.096297 0.995163
0.024891 -0.049522 0.998463
-0.201602 -0.048133 0.978284
-0.201602 -0.048133 0.978284
-0.202035 -0.109408 0.973248
0.019453 -0.096297 0.995163
-0.192935 -0.337820 0.921224
-0.149172 -0.681269 0.716673
0.008545 -0.676959 0.735971
0.008545 -0.676959 0.735971
0.012799 -0.315335 0.948894
-0.192935 -0.337820 0.921224
-0.192935 -0.337820 0.921224
-0.388283 -0.328925 0.860840
-0.298527 -0.695201 0.653894
-0.298527 -0.695201 0.653894
-0.149172 -0.681269 0.716673
-0.192935 -0.337820 0.921224
-0.192935 -0.337820 0.921224
-0.202035 -0.109408 0.973248
-0.411829 -0.094888 0.906308
-0.411829 -0.094888 0.906308
-0.388283 -0.328925 0.860840
-0.192935 -0.337820 0.921224
-0.298527 -0.695201 0.653894
-0.164779 -0.925222 0.341778
-0.082024 -0.914155 0.396980
-0.082024 -0.914155 0.396980
-0.149172 -0.681269 0.716673
-0.298527 -0.695201 0.653894
-0.298527 -0.695201 0.653894
-0.434288 -0.704249 0.561629
-0.234002 -0.925650 0.297348
-0.234002 -0.925650 0.297348
-0.164779 -0.925222 0.341778
-0.298527 -0.695201 0.653894
-0.298527 -0.695201 0.653894
-0.388283 -0.328925 0.860840
-0.574569 -0.336424 0.746116
-0.574569 -0.336424 0.746116
-0.434288 -0.704249 0.561629
-0.298527 -0.695201 0.653894
-0.234002 -0.925650 0.297348
-0.138301 -0.974931 0.174306
-0.092609 -0.978473 0.184428
-0.092609 -0.978473 0.184428
-0.164779 -0.925222 0.341778
-0.234002 -0.925650 0.297348
-0.234002 -0.925650 0.297348
-0.281076 -0.929309 0.239545
-0.180377 -0.973297 0.141972
-0.180377 -0.973297 0.141972
-0.138301 -0.974931 0.174306
-0.234002 -0.925650 0.297348
-0.234002 -0.925650 0.297348
-0.434288 -0.704249 0.561629
-0.530172 -0.716773 0.452940
-0.530172 -0.716773 0.452940
-0.281076 -0.929309 0.239545
-0.234002 -0.925650 0.297348
-0.281076 -0.929309 0.239545
-0.285319 -0.946598 0.150147
-0.175248 -0.980243 0.091720
-0.175248 -0.980243 0.091720
-0.180377 -0.973297 0.141972
-0.281076 -0.929309 0.239545
-0.281076 -0.929309 0.239545
-0.530172 -0.716773 0.452940
-0.576449 -0.756000 0.310114
-0.576449 -0.756000 0.310114
-0.285319 -0.946598 0.150147
-0.281076 -0.929309 0.239545
-0.285319 -0.946598 0.150147
-0.298570 -0.951055 0.079692
-0.167715 -0.984950 0.041767
-0.167715 -0.984950 0.041767
-0.175248 -0.980243 0.091720
-0.285319 -0.946598 0.150147
-0.285319 -0.946598 0.150147
-0.576449 -0.756000 0.310114
-0.615017 -0.772582 0.157705
-0.615017 -0.772582 0.157705
-0.298570 -0.951055 0.079692
-0.285319 -0.946598 0.150147
-0.298570 -0.951055 0.079692
-0.288695 -0.957317 0.014111
-0.126662 -0.991936 0.004498
-0.126662 -0.991936 0.004498
-0.167715 -0.984950 0.041767
-0.298570 -0.951055 0.079692
-0.298570 -0.951055 0.079692
-0.615017 -0.772582 0.157705
-0.601474 -0.797192 0.052097
-0.601474 -0.797192 0.052097
-0.288695 -0.957317 0.014111
-0.298570 -0.951055 0.079692
-0.288695 -0.957317 0.014111
-0.254998 -0.965006 -0.061156
-0.156427 -0.986517 -0.048117
-0.156427 -0.986517 -0.048117
-0.126662 -0.991936 0.004498
-0.288695 -0.957317 0.014111
-0.288695 -0.957317 0.014111
-0.601474 -0.797192 0.052097
-0.521137 -0.848978 -0.087477
-0.521137 -0.848978 -0.087477
-0.254998 -0.965006 -0.061156
-0.288695 -0.957317 0.014111
-0.254998 -0.965006 -0.061156
-0.218389 -0.969826 -0.108366
-0.146349 -0.986256 -0.076689
-0.146349 -0.986256 -0.076689
-0.156427 -0.986517 -0.048117
-0.254998 -0.965006 -0.061156
-0.254998 -0.965006 -0.061156
-0.521137 -0.848978 -0.087477
-0.450545 -0.876693 -0.168575
-0.450545 -0.876693 -0.168575
-0.218389 -0.969826 -0.108366
-0.254998 -0.965006 -0.061156
-0.218389 -0.969826 -0.108366
-0.196749 -0.966019 -0.167624
-0.133773 -0.983475 -0.121987
-0.133773 -0.983475 -0.121987
-0.146349 -0.986256 -0.076689
-0.218389 -0.969826 -0.108366
-0.218389 -0.969826 -0.108366
-0.450545 -0.876693 -0.168575
-0.396992 -0.880359 -0.259551
-0.396992 -0.880359 -0.259551
-0.196749 -0.966019 -0.167624
-0.218389 -0.969826 -0.108366
-0.889965 -0.007996 -0.455958
-0.888068 -0.009514 -0.459614
-0.967479 -0.009560 -0.252772
-0.967479 -0.009560 -0.252772
-0.968892 -0.008100 -0.247350
-0.889965 -0.007996 -0.455958
0.000000 1.000000 0.000000
0.000000 1.000000 -0.000000
0.000000 1.000000 -0.000000
0.000000 1.000000 -0.000000
-0.000000 1.000000 0.000000
0.000000 1.000000 0.000000
-0.749588 0.018749 -0.661639
-0.755538 0.022000 -0.654735
-0.554150 -0.008126 -0.832377
-0.554150 -0.008126 -0.832377
-0.545037 -0.009499 -0.838358
-0.749588 0.018749 -0.661639
0.000000 1.000000 -0.000000
0.000000 1.000000 0.000000
0.000000 1.000000 0.000000
0.000000 1.000000 0.000000
0.000000 1.000000 -0.000000
0.000000 1.000000 -0.000000
-0.545037 -0.009499 -0.838358
-0.554150 -0.008126 -0.832377
-0.294081 0.008325 -0.955744
-0.294081 0.008325 -0.955744
-0.293669 0.009270 -0.955862
-0.545037 -0.009499 -0.838358
0.000000 1.000000 0.000000
0.000000 1.000000 0.000000
0.000000 1.000000 0.000000
0.000000 1.000000 0.000000
0.000000 1.000000 0.000000
0.000000 1.000000 0.000000
-0.293669 0.009270 -0.955862
-0.294081 0.008325 -0.955744
0.024141 -0.010054 -0.999658
0.024141 -0.010054 -0.999658
-0.009573 0.001186 -0.999954
-0.293669 0.009270 -0.955862
0.000000 1.000000 0.000000
0.000000 1.000000 0.000000
0.000000 1.000000 0.000000
0.000000 1.000000 0.000000
0.000000 1.000000 0.000000
0.000000 1.000000 0.000000
-0.009573 0.001186 -0.999954
0.024141 -0.010054 -0.999658
0.314358 0.027539 -0.948905
0.314358 0.027539 -0.948905
0.262663 0.049605 -0.963612
-0.009573 0.001186 -0.999954
0.000000 1.000000 0.000000
0.000000 1.000000 0.000000
0.000000 1.000000 0.000000
0.000000 1.000000 0.000000
0.000000 1.000000 0.000000
0.000000 1.000000 0.000000
0.262663 0.049605 -0.963612
0.314358 0.027539 -0.948905
0.559040 -0.004541 -0.829128
0.559040 -0.004541 -0.829128
0.520476 0.002165 -0.853873
0.262663 0.049605 -0.963612
0.559040 -0.004541 -0.829128
0.752545 0.055103 -0.656231
0.732234 0.055543 -0.678785
0.732234 0.055543 -0.678785
0.520476 0.002165 -0.853873
0.559040 -0.004541 -0.829128
0.100124 -0.985127 -0.139639
0.174126 -0.962833 -0.206478
0.236801 -0.949568 -0.205538
0.236801 -0.949568 -0.205538
0.141443 -0.980880 -0.133675
0.100124 -0.985127 -0.139639
0.100124 -0.985127 -0.139639
0.034142 -0.988278 -0.148799
0.073466 -0.970110 -0.231277
0.073466 -0.970110 -0.231277
0.174126 -0.962833 -0.206478
0.100124 -0.985127 -0.139639
0.174126 -0.962833 -0.206478
0.384223 -0.829215 -0.405924
0.479801 -0.787104 -0.387631
0.479801 -0.787104 -0.387631
0.236801 -0.949568 -0.205538
0.174126 -0.962833 -0.206478
0.174126 -0.962833 -0.206478
0.073466 -0.970110 -0.231277
0.223134 -0.870810 -0.438065
0.223134 -0.870810 -0.438065
0.384223 -0.829215 -0.405924
0.174126 -0.962833 -0.206478
0.384223 -0.829215 -0.405924
0.602305 -0.516140 -0.608957
0.715054 -0.441402 -0.542090
0.715054 -0.441402 -0.542090
0.479801 -0.787104 -0.387631
0.384223 -0.829215 -0.405924
0.384223 -0.829215 -0.405924
0.223134 -0.870810 -0.438065
0.462789 -0.607879 -0.645221
0.462789 -0.607879 -0.645221
0.602305 -0.516140 -0.608957
0.384223 -0.829215 -0.405924
0.462789 -0.607879 -0.645221
0.223134 -0.870810 -0.438065
0.145066 -0.908875 -0.391028
0.145066 -0.908875 -0.391028
0.354097 -0.682178 -0.639725
0.462789 -0.607879 -0.645221
0.462789 -0.607879 -0.645221
0.625954 -0.284679 -0.726043
0.703612 -0.231186 -0.671925
0.703612 -0.231186 -0.671925
0.602305 -0.516140 -0.608957
0.462789 -0.607879 -0.645221
0.462789 -0.607879 -0.645221
0.354097 -0.682178 -0.639725
0.553252 -0.403711 -0.728649
0.553252 -0.403711 -0.728649
0.625954 -0.284679 -0.726043
0.462789 -0.607879 -0.645221
0.553252 -0.403711 -0.728649
0.354097 -0.682178 -0.639725
0.356646 -0.729217 -0.583991
0.356646 -0.729217 -0.583991
0.554186 -0.538310 -0.634902
0.553252 -0.403711 -0.728649
0.553252 -0.403711 -0.728649
0.674570 -0.230784 -0.701209
0.688490 -0.154925 -0.708506
0.688490 -0.154925 -0.708506
0.625954 -0.284679 -0.726043
0.553252 -0.403711 -0.728649
0.553252 -0.403711 -0.728649
0.554186 -0.538310 -0.634902
0.702694 -0.323554 -0.633667
0.702694 -0.323554 -0.633667
0.674570 -0.230784 -0.701209
0.553252 -0.403711 -0.728649
0.702694 -0.323554 -0.633667
0.554186 -0.538310 -0.634902
0.596220 -0.640735 -0.483715
0.596220 -0.640735 -0.483715
0.760502 -0.414947 -0.499456
0.702694 -0.323554 -0.633667
0.702694 -0.323554 -0.633667
0.775519 -0.185254 -0.603532
0.729802 -0.115155 -0.673890
0.729802 -0.115155 -0.673890
0.674570 -0.230784 -0.701209
0.702694 -0.323554 -0.633667
0.702694 -0.323554 -0.633667
0.760502 -0.414947 -0.499456
0.837612 -0.235252 -0.493014
0.837612 -0.235252 -0.493014
0.775519 -0.185254 -0.603532
0.702694 -0.323554 -0.633667
0.837612 -0.235252 -0.493014
0.760502 -0.414947 -0.499456
0.808115 -0.471141 -0.353520
0.808115 -0.471141 -0.353520
0.893608 -0.282180 -0.349055
0.837612 -0.235252 -0.493014
0.837612 -0.235252 -0.493014
0.864786 -0.123944 -0.486604
0.801744 -0.086906 -0.591316
0.801744 -0.086906 -0.591316
0.775519 -0.185254 -0.603532
0.837612 -0.235252 -0.493014
0.837612 -0.235252 -0.493014
0.893608 -0.282180 -0.349055
0.925331 -0.149455 -0.348462
0.925331 -0.149455 -0.348462
0.864786 -0.123944 -0.486604
0.837612 -0.235252 -0.493014
0.808115 -0.471141 -0.353520
0.843651 -0.503887 -0.185339
0.931951 -0.308555 -0.190423
0.931951 -0.308555 -0.190423
0.893608 -0.282180 -0.349055
0.808115 -0.471141 -0.353520
0.808115 -0.471141 -0.353520
0.639194 -0.690325 -0.338942
0.680446 -0.711605 -0.174964
0.680446 -0.711605 -0.174964
0.843651 -0.503887 -0.185339
0.808115 -0.471141 -0.353520
0.808115 -0.471141 -0.353520
0.760502 -0.414947 -0.499456
0.596220 -0.640735 -0.483715
0.596220 -0.640735 -0.483715
0.639194 -0.690325 -0.338942
0.808115 -0.471141 -0.353520
0.639194 -0.690325 -0.338942
0.411968 -0.864280 -0.288621
0.453874 -0.880274 -0.138261
0.453874 -0.880274 -0.138261
0.680446 -0.711605 -0.174964
0.639194 -0.690325 -0.338942
0.639194 -0.690325 -0.338942
0.596220 -0.640735 -0.483715
0.369163 -0.812361 -0.451430
0.369163 -0.812361 -0.451430
0.411968 -0.864280 -0.288621
0.639194 -0.690325 -0.338942
0.369163 -0.812361 -0.451430
0.596220 -0.640735 -0.483715
0.554186 -0.538310 -0.634902
0.554186 -0.538310 -0.634902
0.356646 -0.729217 -0.583991
0.369163 -0.812361 -0.451430
0.369163 -0.812361 -0.451430
0.141139 -0.915560 -0.376604
0.194407 -0.953930 -0.228526
0.194407 -0.953930 -0.228526
0.411968 -0.864280 -0.288621
0.369163 -0.812361 -0.451430
0.369163 -0.812361 -0.451430
0.356646 -0.729217 -0.583991
0.114006 -0.896190 -0.428772
0.114006 -0.896190 -0.428772
0.141139 -0.915560 -0.376604
0.369163 -0.812361 -0.451430
0.141139 -0.915560 -0.376604
0.015455 -0.953159 -0.302073
0.031199 -0.980266 -0.195206
0.031199 -0.980266 -0.195206
0.194407 -0.953930 -0.228526
0.141139 -0.915560 -0.376604
0.141139 -0.915560 -0.376604
0.114006 -0.896190 -0.428772
-0.007225 -0.952658 -0.303958
-0.007225 -0.952658 -0.303958
0.015455 -0.953159 -0.302073
0.141139 -0.915560 -0.376604
0.411968 -0.864280 -0.288621
0.194407 -0.953930 -0.228526
0.231518 -0.967518 -0.101533
0.231518 -0.967518 -0.101533
0.453874 -0.880274 -0.138261
0.411968 -0.864280 -0.288621
0.680446 -0.711605 -0.174964
0.701701 -0.712340 -0.013726
0.860113 -0.509675 -0.020892
0.860113 -0.509675 -0.020892
0.843651 -0.503887 -0.185339
0.680446 -0.711605 -0.174964
0.680446 -0.711605 -0.174964
0.453874 -0.880274 -0.138261
0.487123 -0.873304 -0.007202
0.487123 -0.873304 -0.007202
0.701701 -0.712340 -0.013726
0.680446 -0.711605 -0.174964
0.860113 -0.509675 -0.020892
0.948543 -0.314466 -0.037104
0.931951 -0.308555 -0.190423
0.931951 -0.308555 -0.190423
0.843651 -0.503887 -0.185339
0.860113 -0.509675 -0.020892
0.860113 -0.509675 -0.020892
0.858841 -0.494528 0.133547
0.943904 -0.306927 0.121825
0.943904 -0.306927 0.121825
0.948543 -0.314466 -0.037104
0.860113 -0.509675 -0.020892
0.860113 -0.509675 -0.020892
0.701701 -0.712340 -0.013726
0.703574 -0.701186 0.115416
0.703574 -0.701186 0.115416
0.858841 -0.494528 0.133547
0.860113 -0.509675 -0.020892
0.943904 -0.306927 0.121825
0.979920 -0.169211 0.105476
0.985318 -0.166509 -0.037714
0.985318 -0.166509 -0.037714
0.948543 -0.314466 -0.037104
0.943904 -0.306927 0.121825
0.943904 -0.306927 0.121825
0.919182 -0.290508 0.265914
0.955775 -0.153356 0.250952
0.955775 -0.153356 0.250952
0.979920 -0.169211 0.105476
0.943904 -0.306927 0.121825
0.943904 -0.306927 0.121825
0.858841 -0.494528 0.133547
0.839776 -0.482892 0.248178
0.839776 -0.482892 0.248178
0.919182 -0.290508 0.265914
0.943904 -0.306927 0.121825
0.955775 -0.153356 0.250952
0.971338 -0.082199 0.223037
0.993662 -0.078020 0.080927
0.993662 -0.078020 0.080927
0.979920 -0.169211 0.105476
0.955775 -0.153356 0.250952
0.955775 -0.153356 0.250952
0.914280 -0.138062 0.380829
0.935002 -0.065634 0.348517
0.935002 -0.065634 0.348517
0.971338 -0.082199 0.223037
0.955775 -0.153356 0.250952
0.955775 -0.153356 0.250952
0.919182 -0.290508 0.265914
0.880671 -0.287148 0.376782
0.880671 -0.287148 0.376782
0.914280 -0.138062 0.380829
0.955775 -0.153356 0.250952
0.935002 -0.065634 0.348517
0.952360 -0.049748 0.300892
0.979633 -0.053010 0.193673
0.979633 -0.053010 0.193673
0.971338 -0.082199 0.223037
0.935002 -0.065634 0.348517
0.935002 -0.065634 0.348517
0.896040 -0.042697 0.441915
0.913670 -0.054844 0.402739
0.913670 -0.054844 0.402739
0.952360 -0.049748 0.300892
0.935002 -0.065634 0.348517
0.935002 -0.065634 0.348517
0.914280 -0.138062 0.380829
0.883367 -0.118541 0.453443
0.883367 -0.118541 0.453443
0.896040 -0.042697 0.441915
0.935002 -0.065634 0.348517
0.948543 -0.314466 -0.037104
0.985318 -0.166509 -0.037714
0.965071 -0.164339 -0.204037
0.965071 -0.164339 -0.204037
0.931951 -0.308555 -0.190423
0.948543 -0.314466 -0.037104
0.931951 -0.308555 -0.190423
0.965071 -0.164339 -0.204037
0.925331 -0.149455 -0.348462
0.925331 -0.149455 -0.348462
0.893608 -0.282180 -0.349055
0.931951 -0.308555 -0.190423
0.775519 -0.185254 -0.603532
0.801744 -0.086906 -0.591316
0.758879 -0.060761 -0.648391
0.758879 -0.060761 -0.648391
0.729802 -0.115155 -0.673890
0.775519 -0.185254 -0.603532
0.729802 -0.115155 -0.673890
0.729736 -0.061689 -0.680940
0.688490 -0.154925 -0.708506
0.688490 -0.154925 -0.708506
0.674570 -0.230784 -0.701209
0.729802 -0.115155 -0.673890
0.729802 -0.115155 -0.673890
0.758879 -0.060761 -0.648391
0.750599 -0.039039 -0.659604
0.750599 -0.039039 -0.659604
0.729736 -0.061689 -0.680940
0.729802 -0.115155 -0.673890
0.729736 -0.061689 -0.680940
0.774014 -0.040385 -0.631879
0.747300 -0.086727 -0.658802
0.747300 -0.086727 -0.658802
0.688490 -0.154925 -0.708506
0.729736 -0.061689 -0.680940
0.729736 -0.061689 -0.680940
0.750599 -0.039039 -0.659604
0.786165 -0.033959 -0.617084
0.786165 -0.033959 -0.617084
0.774014 -0.040385 -0.631879
0.729736 -0.061689 -0.680940
0.774014 -0.040385 -0.631879
0.846721 -0.039978 -0.530533
0.838067 -0.061284 -0.542115
0.838067 -0.061284 -0.542115
0.747300 -0.086727 -0.658802
0.774014 -0.040385 -0.631879
0.774014 -0.040385 -0.631879
0.786165 -0.033959 -0.617084
0.856416 -0.039293 -0.514789
0.856416 -0.039293 -0.514789
0.846721 -0.039978 -0.530533
0.774014 -0.040385 -0.631879
0.846721 -0.039978 -0.530533
0.923910 -0.040069 -0.380507
0.917815 -0.060571 -0.392360
0.917815 -0.060571 -0.392360
0.838067 -0.061284 -0.542115
0.846721 -0.039978 -0.530533
0.846721 -0.039978 -0.530533
0.856416 -0.039293 -0.514789
0.930716 -0.038906 -0.363666
0.930716 -0.038906 -0.363666
0.923910 -0.040069 -0.380507
0.846721 -0.039978 -0.530533
0.923910 -0.040069 -0.380507
0.980277 -0.040321 -0.193474
0.977305 -0.060635 -0.202973
0.977305 -0.060635 -0.202973
0.917815 -0.060571 -0.392360
0.923910 -0.040069 -0.380507
0.923910 -0.040069 -0.380507
0.930716 -0.038906 -0.363666
0.982771 -0.036303 -0.181226
0.982771 -0.036303 -0.181226
0.980277 -0.040321 -0.193474
0.923910 -0.040069 -0.380507
0.980277 -0.040321 -0.193474
0.999090 -0.041251 0.010843
0.998517 -0.054337 0.003216
0.998517 -0.054337 0.003216
0.977305 -0.060635 -0.202973
0.980277 -0.040321 -0.193474
0.980277 -0.040321 -0.193474
0.982771 -0.036303 -0.181226
0.999259 -0.033155 0.019572
0.999259 -0.033155 0.019572
0.999090 -0.041251 0.010843
0.980277 -0.040321 -0.193474
0.999259 -0.033155 0.019572
0.973371 -0.031027 0.227125
0.973778 -0.040931 0.223790
0.973778 -0.040931 0.223790
0.999090 -0.041251 0.010843
0.999259 -0.033155 0.019572
0.999259 -0.033155 0.019572
0.999376 -0.022671 0.027087
0.972927 -0.022962 0.229971
0.972927 -0.022962 0.229971
0.973371 -0.031027 0.227125
0.999259 -0.033155 0.019572
0.999259 -0.033155 0.019572
0.982771 -0.036303 -0.181226
0.984759 -0.020123 -0.172754
0.984759 -0.020123 -0.172754
0.999376 -0.022671 0.027087
0.999259 -0.033155 0.019572
0.999090 -0.041251 0.010843
0.973778 -0.040931 0.223790
0.975043 -0.049202 0.216498
0.975043 -0.049202 0.216498
0.998517 -0.054337 0.003216
0.999090 -0.041251 0.010843
0.975043 -0.049202 0.216498
0.972952 -0.097782 0.209294
0.994682 -0.102905 -0.004182
0.994682 -0.102905 -0.004182
0.998517 -0.054337 0.003216
0.975043 -0.049202 0.216498
0.975043 -0.049202 0.216498
0.905554 -0.046811 0.421641
0.901623 -0.100102 0.420780
0.901623 -0.100102 0.420780
0.972952 -0.097782 0.209294
0.975043 -0.049202 0.216498
0.975043 -0.049202 0.216498
0.973778 -0.040931 0.223790
0.905032 -0.040581 0.423404
0.905032 -0.040581 0.423404
0.905554 -0.046811 0.421641
0.975043 -0.049202 0.216498
0.901623 -0.100102 0.420780
0.851767 -0.335978 0.402009
0.924278 -0.326861 0.197162
0.924278 -0.326861 0.197162
0.972952 -0.097782 0.209294
0.901623 -0.100102 0.420780
0.901623 -0.100102 0.420780
0.790218 -0.111914 0.602521
0.746196 -0.346892 0.568205
0.746196 -0.346892 0.568205
0.851767 -0.335978 0.402009
0.901623 -0.100102 0.420780
0.901623 -0.100102 0.420780
0.905554 -0.046811 0.421641
0.792396 -0.049954 0.607958
0.792396 -0.049954 0.607958
0.790218 -0.111914 0.602521
0.901623 -0.100102 0.420780
0.790218 -0.111914 0.602521
0.635181 -0.092770 0.766771
0.605573 -0.320127 0.728561
0.605573 -0.320127 0.728561
0.746196 -0.346892 0.568205
0.790218 -0.111914 0.602521
0.790218 -0.111914 0.602521
0.792396 -0.049954 0.607958
0.638602 -0.050462 0.767881
0.638602 -0.050462 0.767881
0.635181 -0.092770 0.766771
0.790218 -0.111914 0.602521
0.635181 -0.092770 0.766771
0.449528 -0.101926 0.887432
0.426189 -0.318258 0.846803
0.426189 -0.318258 0.846803
0.605573 -0.320127 0.728561
0.635181 -0.092770 0.766771
0.635181 -0.092770 0.766771
0.638602 -0.050462 0.767881
0.452029 -0.052000 0.890486
0.452029 -0.052000 0.890486
0.449528 -0.101926 0.887432
0.635181 -0.092770 0.766771
0.426189 -0.318258 0.846803
0.326790 -0.681160 0.655156
0.463869 -0.693183 0.551654
0.463869 -0.693183 0.551654
0.605573 -0.320127 0.728561
0.426189 -0.318258 0.846803
0.426189 -0.318258 0.846803
0.231735 -0.321692 0.918049
0.175753 -0.685851 0.706200
0.175753 -0.685851 0.706200
0.326790 -0.681160 0.655156
0.426189 -0.318258 0.846803
0.426189 -0.318258 0.846803
0.449528 -0.101926 0.887432
0.245429 -0.092278 0.965013
0.245429 -0.092278 0.965013
0.231735 -0.321692 0.918049
0.426189 -0.318258 0.846803
0.175753 -0.685851 0.706200
0.099151 -0.917122 0.386078
0.173533 -0.920978 0.348836
0.173533 -0.920978 0.348836
0.326790 -0.681160 0.655156
0.175753 -0.685851 0.706200
0.175753 -0.685851 0.706200
0.008545 -0.676959 0.735971
0.005166 -0.917817 0.396971
0.005166 -0.917817 0.396971
0.099151 -0.917122 0.386078
0.175753 -0.685851 0.706200
0.175753 -0.685851 0.706200
0.231735 -0.321692 0.918049
0.012799 -0.315335 0.948894
0.012799 -0.315335 0.948894
0.008545 -0.676959 0.735971
0.175753 -0.685851 0.706200
0.005166 -0.917817 0.396971
0.002445 -0.978127 0.207992
0.061435 -0.972094 0.226405
0.061435 -0.972094 0.226405
0.099151 -0.917122 0.386078
0.005166 -0.917817 0.396971
0.005166 -0.917817 0.396971
-0.082024 -0.914155 0.396980
-0.045732 -0.976734 0.209521
-0.045732 -0.976734 0.209521
0.002445 -0.978127 0.207992
0.005166 -0.917817 0.396971
0.005166 -0.917817 0.396971
0.008545 -0.676959 0.735971
-0.149172 -0.681269 0.716673
-0.149172 -0.681269 0.716673
-0.082024 -0.914155 0.396980
0.005166 -0.917817 0.396971
-0.214315 0.015647 0.976639
-0.221501 0.018512 0.974984
0.002446 -0.005433 0.999982
0.002446 -0.005433 0.999982
0.006910 -0.000559 0.999976
-0.214315 0.015647 0.976639
-0.214315 0.015647 0.976639
-0.429037 0.002141 0.903284
-0.435206 0.004150 0.900322
-0.435206 0.004150 0.900322
-0.221501 0.018512 0.974984
-0.214315 0.015647 0.976639
-0.045732 -0.976734 0.209521
-0.082024 -0.914155 0.396980
-0.164779 -0.925222 0.341778
-0.164779 -0.925222 0.341778
-0.092609 -0.978473 0.184428
-0.045732 -0.976734 0.209521
0.000000 1.000000 -0.000000
0.000000 1.000000 0.000000
0.000000 1.000000 0.000000
0.000000 1.000000 0.000000
0.000000 1.000000 0.000000
0.000000 1.000000 -0.000000
0.000000 1.000000 -0.000000
0.000000 1.000000 -0.000001
0.000001 1.000000 -0.000001
0.000001 1.000000 -0.000001
0.000000 1.000000 0.000000
0.000000 1.000000 -0.000000
-0.435206 0.004150 0.900322
-0.429037 0.002141 0.903284
-0.613914 0.015240 0.789226
-0.613914 0.015240 0.789226
-0.620955 0.013489 0.783730
-0.435206 0.004150 0.900322
0.000000 1.000000 -0.000001
0.000000 1.000000 0.000000
0.000000 1.000000 0.000000
0.000000 1.000000 0.000000
0.000001 1.000000 -0.000001
0.000000 1.000000 -0.000001
-0.620955 0.013489 0.783730
-0.613914 0.015240 0.789226
-0.779771 -0.007592 0.626019
-0.779771 -0.007592 0.626019
-0.784670 -0.009249 0.619844
-0.620955 0.013489 0.783730
0.000000 1.000000 0.000000
0.000000 1.000000 0.000000
0.000000 1.000000 0.000000
0.000000 1.000000 0.000000
0.000000 1.000000 0.000000
0.000000 1.000000 0.000000
-0.784670 -0.009249 0.619844
-0.779771 -0.007592 0.626019
-0.896689 0.005940 0.442621
-0.896689 0.005940 0.442621
-0.900383 0.005399 0.435065
-0.784670 -0.009249 0.619844
0.000000 1.000000 0.000000
0.000000 1.000000 0.000000
0.000000 1.000000 0.000000
0.000000 1.000000 0.000000
0.000000 1.000000 0.000000
0.000000 1.000000 0.000000
-0.900383 0.005399 0.435065
-0.896689 0.005940 0.442621
-0.973792 -0.000473 0.227439
-0.973792 -0.000473 0.227439
-0.975639 -0.001793 0.219376
-0.900383 0.005399 0.435065
0.000000 1.000000 0.000000
-0.000000 1.000000 0.000000
-0.000000 1.000000 0.000000
-0.000000 1.000000 0.000000
0.000000 1.000000 0.000000
0.000000 1.000000 0.000000
-0.975639 -0.001793 0.219376
-0.973792 -0.000473 0.227439
-0.999964 0.001837 -0.008303
-0.999964 0.001837 -0.008303
-0.999874 0.000444 -0.015900
-0.975639 -0.001793 0.219376
-0.000000 1.000000 0.000000
-0.000000 1.000000 0.000000
-0.000000 1.000000 0.000000
-0.000000 1.000000 0.000000
-0.000000 1.000000 0.000000
-0.000000 1.000000 0.000000
-0.999874 0.000444 -0.015900
-0.999964 0.001837 -0.008303
-0.968892 -0.008100 -0.247350
-0.968892 -0.008100 -0.247350
-0.967479 -0.009560 -0.252772
-0.999874 0.000444 -0.015900
-0.969473 0.003785 -0.245169
-0.968571 0.000121 -0.248737
-0.999609 -0.002141 -0.027860
-0.999609 -0.002141 -0.027860
-0.999806 0.000947 -0.019680
-0.969473 0.003785 -0.245169
-0.000000 1.000000 0.000000
-0.000000 1.000000 0.000000
-0.000000 1.000000 0.000000
-0.000000 1.000000 0.000000
-0.000000 1.000000 0.000000
-0.000000 1.000000 0.000000
-0.888597 0.010506 -0.458568
-0.891269 0.020474 -0.453012
-0.741269 -0.011610 -0.671108
-0.741269 -0.011610 -0.671108
-0.737815 -0.016713 -0.674796
-0.888597 0.010506 -0.458568
-0.737815 -0.016713 -0.674796
-0.741269 -0.011610 -0.671108
-0.547941 -0.006458 -0.836492
-0.547941 -0.006458 -0.836492
-0.551169 -0.002199 -0.834390
-0.737815 -0.016713 -0.674796
-0.551169 -0.002199 -0.834390
-0.547941 -0.006458 -0.836492
-0.295174 -0.005585 -0.955427
-0.295174 -0.005585 -0.955427
-0.310156 0.001136 -0.950685
-0.551169 -0.002199 -0.834390
-0.310156 0.001136 -0.950685
-0.295174 -0.005585 -0.955427
-0.007365 -0.010941 -0.999913
-0.007365 -0.010941 -0.999913
-0.037494 0.003704 -0.999290
-0.310156 0.001136 -0.950685
-0.037494 0.003704 -0.999290
-0.007365 -0.010941 -0.999913
0.270382 -0.012332 -0.962674
0.270382 -0.012332 -0.962674
0.228901 0.010605 -0.973392
-0.037494 0.003704 -0.999290
0.228901 0.010605 -0.973392
0.270382 -0.012332 -0.962674
0.525573 -0.007750 -0.850713
0.525573 -0.007750 -0.850713
0.484190 0.018519 -0.874767
0.228901 0.010605 -0.973392
0.484190 0.018519 -0.874767
0.525573 -0.007750 -0.850713
0.725019 0.004403 -0.688715
0.725019 0.004403 -0.688715
0.698918 0.013393 -0.715076
0.484190 0.018519 -0.874767
0.725019 0.004403 -0.688715
0.874804 0.002838 -0.484468
0.862102 -0.004564 -0.506715
0.862102 -0.004564 -0.506715
0.698918 0.013393 -0.715076
0.725019 0.004403 -0.688715
0.000000 1.000000 0.000000
0.000000 1.000000 0.000000
0.000000 1.000000 0.000000
0.000000 1.000000 0.000000
0.000000 1.000000 0.000000
0.000000 1.000000 0.000000
0.000000 1.000000 0.000000
0.000000 1.000000 0.000000
0.000000 1.000000 0.000000
0.000000 1.000000 0.000000
0.000000 1.000000 0.000000
0.000000 1.000000 0.000000
0.000000 1.000000 0.000000
0.000000 1.000000 0.000000
0.000000 1.000000 0.000000
0.000000 1.000000 0.000000
0.000000 1.000000 0.000000
0.000000 1.000000 0.000000
0.872845 0.002058 -0.487993
0.884678 -0.004757 -0.466178
0.969400 -0.004811 -0.245441
0.969400 -0.004811 -0.245441
0.964648 -0.003883 -0.263514
0.872845 0.002058 -0.487993
0.872845 0.002058 -0.487993
0.732234 0.055543 -0.678785
0.752545 0.055103 -0.656231
0.752545 0.055103 -0.656231
0.884678 -0.004757 -0.466178
0.872845 0.002058 -0.487993
0.185990 -0.977991 -0.094557
0.305380 -0.941309 -0.143805
0.355627 -0.929988 -0.093018
0.355627 -0.929988 -0.093018
0.220171 -0.973680 -0.058916
0.185990 -0.977991 -0.094557
0.185990 -0.977991 -0.094557
0.141443 -0.980880 -0.133675
0.236801 -0.949568 -0.205538
0.236801 -0.949568 -0.205538
0.305380 -0.941309 -0.143805
0.185990 -0.977991 -0.094557
0.305380 -0.941309 -0.143805
0.598138 -0.754103 -0.271218
0.666056 -0.727773 -0.163450
0.666056 -0.727773 -0.163450
0.355627 -0.929988 -0.093018
0.305380 -0.941309 -0.143805
0.305380 -0.941309 -0.143805
0.236801 -0.949568 -0.205538
0.479801 -0.787104 -0.387631
0.479801 -0.787104 -0.387631
0.598138 -0.754103 -0.271218
0.305380 -0.941309 -0.143805
0.598138 -0.754103 -0.271218
0.837226 -0.401723 -0.371041
0.898283 -0.384325 -0.213029
0.898283 -0.384325 -0.213029
0.666056 -0.727773 -0.163450
0.598138 -0.754103 -0.271218
0.598138 -0.754103 -0.271218
0.479801 -0.787104 -0.387631
0.715054 -0.441402 -0.542090
0.715054 -0.441402 -0.542090
0.837226 -0.401723 -0.371041
0.598138 -0.754103 -0.271218
0.837226 -0.401723 -0.371041
0.907088 -0.136872 -0.398067
0.967564 -0.128879 -0.217280
0.967564 -0.128879 -0.217280
0.898283 -0.384325 -0.213029
0.837226 -0.401723 -0.371041
0.837226 -0.401723 -0.371041
0.715054 -0.441402 -0.542090
0.812050 -0.158813 -0.561563
0.812050 -0.158813 -0.561563
0.907088 -0.136872 -0.398067
0.837226 -0.401723 -0.371041
0.812050 -0.158813 -0.561563
0.715054 -0.441402 -0.542090
0.602305 -0.516140 -0.608957
0.602305 -0.516140 -0.608957
0.703612 -0.231186 -0.671925
0.812050 -0.158813 -0.561563
0.812050 -0.158813 -0.561563
0.838067 -0.061284 -0.542115
0.917815 -0.060571 -0.392360
0.917815 -0.060571 -0.392360
0.907088 -0.136872 -0.398067
0.812050 -0.158813 -0.561563
0.812050 -0.158813 -0.561563
0.703612 -0.231186 -0.671925
0.747300 -0.086727 -0.658802
0.747300 -0.086727 -0.658802
0.838067 -0.061284 -0.542115
0.812050 -0.158813 -0.561563
0.907088 -0.136872 -0.398067
0.917815 -0.060571 -0.392360
0.977305 -0.060635 -0.202973
0.977305 -0.060635 -0.202973
0.967564 -0.128879 -0.217280
0.907088 -0.136872 -0.398067
0.967564 -0.128879 -0.217280
0.994682 -0.102905 -0.004182
0.934431 -0.355729 -0.017217
0.934431 -0.355729 -0.017217
0.898283 -0.384325 -0.213029
0.967564 -0.128879 -0.217280
0.967564 -0.128879 -0.217280
0.977305 -0.060635 -0.202973
0.998517 -0.054337 0.003216
0.998517 -0.054337 0.003216
0.994682 -0.102905 -0.004182
0.967564 -0.128879 -0.217280
0.934431 -0.355729 -0.017217
0.695483 -0.718123 -0.024535
0.666056 -0.727773 -0.163450
0.666056 -0.727773 -0.163450
0.898283 -0.384325 -0.213029
0.934431 -0.355729 -0.017217
0.934431 -0.355729 -0.017217
0.924278 -0.326861 0.197162
0.696537 -0.702872 0.144245
0.696537 -0.702872 0.144245
0.695483 -0.718123 -0.024535
0.934431 -0.355729 -0.017217
0.934431 -0.355729 -0.017217
0.994682 -0.102905 -0.004182
0.972952 -0.097782 0.209294
0.972952 -0.097782 0.209294
0.924278 -0.326861 0.197162
0.934431 -0.355729 -0.017217
0.696537 -0.702872 0.144245
0.358245 -0.931004 0.069941
0.370736 -0.928601 -0.015977
0.370736 -0.928601 -0.015977
0.695483 -0.718123 -0.024535
0.696537 -0.702872 0.144245
0.696537 -0.702872 0.144245
0.642299 -0.703226 0.304835
0.335161 -0.928957 0.157180
0.335161 -0.928957 0.157180
0.358245 -0.931004 0.069941
0.696537 -0.702872 0.144245
0.696537 -0.702872 0.144245
0.924278 -0.326861 0.197162
0.851767 -0.335978 0.402009
0.851767 -0.335978 0.402009
0.642299 -0.703226 0.304835
0.696537 -0.702872 0.144245
0.642299 -0.703226 0.304835
0.573522 -0.689100 0.442961
0.312764 -0.917644 0.245168
0.312764 -0.917644 0.245168
0.335161 -0.928957 0.157180
0.642299 -0.703226 0.304835
0.642299 -0.703226 0.304835
0.851767 -0.335978 0.402009
0.746196 -0.346892 0.568205
0.746196 -0.346892 0.568205
0.573522 -0.689100 0.442961
0.642299 -0.703226 0.304835
0.573522 -0.689100 0.442961
0.463869 -0.693183 0.551654
0.246870 -0.922827 0.295714
0.246870 -0.922827 0.295714
0.312764 -0.917644 0.245168
0.573522 -0.689100 0.442961
0.573522 -0.689100 0.442961
0.746196 -0.346892 0.568205
0.605573 -0.320127 0.728561
0.605573 -0.320127 0.728561
0.463869 -0.693183 0.551654
0.573522 -0.689100 0.442961
0.246870 -0.922827 0.295714
0.142516 -0.974010 0.176049
0.180317 -0.974095 0.136469
0.180317 -0.974095 0.136469
0.312764 -0.917644 0.245168
0.246870 -0.922827 0.295714
0.246870 -0.922827 0.295714
0.173533 -0.920978 0.348836
0.098712 -0.975005 0.199051
0.098712 -0.975005 0.199051
0.142516 -0.974010 0.176049
0.246870 -0.922827 0.295714
0.246870 -0.922827 0.295714
0.463869 -0.693183 0.551654
0.326790 -0.681160 0.655156
0.326790 -0.681160 0.655156
0.173533 -0.920978 0.348836
0.246870 -0.922827 0.295714
0.458996 0.013605 0.888334
0.458874 0.008977 0.888456
0.632568 0.010294 0.774436
0.632568 0.010294 0.774436
0.631902 0.008319 0.775004
0.458996 0.013605 0.888334
0.458996 0.013605 0.888334
0.238469 0.088912 0.967071
0.235732 0.078471 0.968645
0.235732 0.078471 0.968645
0.458874 0.008977 0.888456
0.458996 0.013605 0.888334
0.098712 -0.975005 0.199051
0.173533 -0.920978 0.348836
0.099151 -0.917122 0.386078
0.099151 -0.917122 0.386078
0.061435 -0.972094 0.226405
0.098712 -0.975005 0.199051
0.000000 1.000000 -0.000000
0.000000 1.000000 -0.000000
0.000000 1.000000 -0.000000
0.000000 1.000000 -0.000000
0.000000 1.000000 -0.000000
0.000000 1.000000 -0.000000
0.000000 1.000000 -0.000000
0.000000 1.000000 0.000000
0.000000 1.000000 0.000000
0.000000 1.000000 0.000000
0.000000 1.000000 -0.000000
0.000000 1.000000 -0.000000
0.235732 0.078471 0.968645
0.238469 0.088912 0.967071
0.006910 -0.000559 0.999976
0.006910 -0.000559 0.999976
0.002446 -0.005433 0.999982
0.235732 0.078471 0.968645
0.003503 -0.001670 0.999992
-0.002147 0.000028 0.999998
0.232860 -0.000007 0.972510
0.232860 -0.000007 0.972510
0.234819 0.000500 0.972039
0.003503 -0.001670 0.999992
0.003503 -0.001670 0.999992
-0.215767 -0.004820 0.976433
-0.226995 -0.003592 0.973889
-0.226995 -0.003592 0.973889
-0.002147 0.000028 0.999998
0.003503 -0.001670 0.999992
0.000000 1.000000 0.000000
0.000000 1.000000 0.000000
0.000000 1.000000 0.000000
0.000000 1.000000 0.000000
0.000000 1.000000 0.000000
0.000000 1.000000 0.000000
-0.226995 -0.003592 0.973889
-0.215767 -0.004820 0.976433
-0.439617 0.000071 0.898185
-0.439617 0.000071 0.898185
-0.448885 -0.004767 0.893577
-0.226995 -0.003592 0.973889
-0.448885 -0.004767 0.893577
-0.439617 0.000071 0.898185
-0.626308 -0.004320 0.779563
-0.626308 -0.004320 0.779563
-0.636210 -0.009072 0.771462
-0.448885 -0.004767 0.893577
-0.636210 -0.009072 0.771462
-0.626308 -0.004320 0.779563
-0.785103 -0.002463 0.619361
-0.785103 -0.002463 0.619361
-0.790929 -0.005430 0.611884
-0.636210 -0.009072 0.771462
-0.790929 -0.005430 0.611884
-0.785103 -0.002463 0.619361
-0.900876 0.000158 0.434075
-0.900876 0.000158 0.434075
-0.904804 -0.002696 0.425820
-0.790929 -0.005430 0.611884
-0.904804 -0.002696 0.425820
-0.900876 0.000158 0.434075
-0.976269 0.001950 0.216551
-0.976269 0.001950 0.216551
-0.978082 -0.001407 0.208214
-0.904804 -0.002696 0.425820
-0.978082 -0.001407 0.208214
-0.976269 0.001950 0.216551
-0.999806 0.000947 -0.019680
-0.999806 0.000947 -0.019680
-0.999609 -0.002141 -0.027860
-0.978082 -0.001407 0.208214
0.958818 -0.001435 -0.284019
0.964992 -0.002777 -0.262263
0.998823 -0.000816 -0.048497
0.998823 -0.000816 -0.048497
0.997855 0.002672 -0.065403
0.958818 -0.001435 -0.284019
0.958818 -0.001435 -0.284019
0.862102 -0.004564 -0.506715
0.874804 0.002838 -0.484468
0.874804 0.002838 -0.484468
0.964992 -0.002777 -0.262263
0.958818 -0.001435 -0.284019
0.998823 -0.000816 -0.048497
0.982951 -0.001194 0.183862
0.985236 -0.005508 0.171111
0.985236 -0.005508 0.171111
0.997855 0.002672 -0.065403
0.998823 -0.000816 -0.048497
0.000000 1.000000 0.000000
0.000000 1.000000 0.000000
-0.000000 1.000000 -0.000000
-0.000000 1.000000 -0.000000
0.000000 1.000000 -0.000000
0.000000 1.000000 0.000000
0.000000 1.000000 0.000000
0.000000 1.000000 0.000000
0.000000 1.000000 0.000000
0.000000 1.000000 0.000000
0.000000 1.000000 0.000000
0.000000 1.000000 0.000000
0.999195 0.017807 -0.035936
0.999471 0.020746 -0.025030
0.981543 -0.007743 0.191083
0.981543 -0.007743 0.191083
0.983256 -0.009179 0.181999
0.999195 0.017807 -0.035936
0.999195 0.017807 -0.035936
0.964648 -0.003883 -0.263514
0.969400 -0.004811 -0.245441
0.969400 -0.004811 -0.245441
0.999471 0.020746 -0.025030
0.999195 0.017807 -0.035936
0.210131 -0.977597 -0.012206
0.370736 -0.928601 -0.015977
0.358245 -0.931004 0.069941
0.358245 -0.931004 0.069941
0.191388 -0.980775 0.038093
0.210131 -0.977597 -0.012206
0.210131 -0.977597 -0.012206
0.220171 -0.973680 -0.058916
0.355627 -0.929988 -0.093018
0.355627 -0.929988 -0.093018
0.370736 -0.928601 -0.015977
0.210131 -0.977597 -0.012206
0.981543 -0.007743 0.191083
0.914530 -0.003028 0.404506
0.916603 -0.003218 0.399785
0.916603 -0.003218 0.399785
0.983256 -0.009179 0.181999
0.981543 -0.007743 0.191083
0.191388 -0.980775 0.038093
0.358245 -0.931004 0.069941
0.335161 -0.928957 0.157180
0.335161 -0.928957 0.157180
0.190865 -0.977771 0.086797
0.191388 -0.980775 0.038093
0.914530 -0.003028 0.404506
0.794653 -0.021615 0.606679
0.797196 -0.018718 0.603431
0.797196 -0.018718 0.603431
0.916603 -0.003218 0.399785
0.914530 -0.003028 0.404506
0.190865 -0.977771 0.086797
0.335161 -0.928957 0.157180
0.312764 -0.917644 0.245168
0.312764 -0.917644 0.245168
0.180317 -0.974095 0.136469
0.190865 -0.977771 0.086797
-0.000000 1.000000 0.000000
-0.000000 1.000000 0.000000
-0.000001 1.000000 -0.000000
-0.000001 1.000000 -0.000000
-0.000001 1.000000 -0.000000
-0.000000 1.000000 0.000000
-0.000000 1.000000 0.000000
0.000000 1.000000 0.000000
0.000000 1.000000 0.000000
0.000000 1.000000 0.000000
-0.000000 1.000000 0.000000
-0.000000 1.000000 0.000000
0.797196 -0.018718 0.603431
0.794653 -0.021615 0.606679
0.631902 0.008319 0.775004
0.631902 0.008319 0.775004
0.632568 0.010294 0.774436
0.797196 -0.018718 0.603431
0.632791 -0.001584 0.774321
0.633417 0.000805 0.773810
0.801445 -0.004027 0.598056
0.801445 -0.004027 0.598056
0.798611 -0.006172 0.601816
0.632791 -0.001584 0.774321
0.632791 -0.001584 0.774321
0.457130 -0.003041 0.889395
0.456452 -0.001925 0.889746
0.456452 -0.001925 0.889746
0.633417 0.000805 0.773810
0.632791 -0.001584 0.774321
0.000000 1.000000 0.000000
0.000000 1.000000 0.000000
0.000000 1.000000 -0.000000
0.000000 1.000000 -0.000000
0.000000 1.000000 -0.000000
0.000000 1.000000 0.000000
0.456452 -0.001925 0.889746
0.457130 -0.003041 0.889395
0.234819 0.000500 0.972039
0.234819 0.000500 0.972039
0.232860 -0.000007 0.972510
0.456452 -0.001925 0.889746
0.919333 -0.003062 0.393469
0.916309 -0.001002 0.400470
0.798611 -0.006172 0.601816
0.798611 -0.006172 0.601816
0.801445 -0.004027 0.598056
0.919333 -0.003062 0.393469
0.919333 -0.003062 0.393469
0.985236 -0.005508 0.171111
0.982951 -0.001194 0.183862
0.982951 -0.001194 0.183862
0.916309 -0.001002 0.400470
0.919333 -0.003062 0.393469
-0.000001 1.000000 -0.000000
0.000000 1.000000 -0.000000
-0.000000 1.000000 -0.000000
-0.000000 1.000000 -0.000000
-0.000001 1.000000 -0.000000
-0.000001 1.000000 -0.000000
0.370736 -0.928601 -0.015977
0.355627 -0.929988 -0.093018
0.666056 -0.727773 -0.163450
0.666056 -0.727773 -0.163450
0.695483 -0.718123 -0.024535
0.370736 -0.928601 -0.015977
0.747300 -0.086727 -0.658802
0.703612 -0.231186 -0.671925
0.625954 -0.284679 -0.726043
0.625954 -0.284679 -0.726043
0.688490 -0.154925 -0.708506
0.747300 -0.086727 -0.658802
0.356646 -0.729217 -0.583991
0.354097 -0.682178 -0.639725
0.145066 -0.908875 -0.391028
0.145066 -0.908875 -0.391028
0.114006 -0.896190 -0.428772
0.356646 -0.729217 -0.583991
0.972927 -0.022962 0.229971
0.999376 -0.022671 0.027087
0.999482 -0.012981 0.029458
0.999482 -0.012981 0.029458
0.972514 -0.012978 0.232481
0.972927 -0.022962 0.229971
0.903300 -0.012688 0.428821
0.972514 -0.012978 0.232481
0.972395 -0.003851 0.233309
0.972395 -0.003851 0.233309
0.903561 -0.003176 0.428447
0.903300 -0.012688 0.428821
0.253851 -0.012071 0.967168
0.255952 -0.001025 0.966689
0.037754 -0.000172 0.999287
0.037754 -0.000172 0.999287
0.035353 -0.010785 0.999317
0.253851 -0.012071 0.967168
0.033175 -0.018373 0.999281
0.035353 -0.010785 0.999317
-0.185347 -0.008800 0.982634
-0.185347 -0.008800 0.982634
-0.187982 -0.017634 0.982014
0.033175 -0.018373 0.999281
-0.192182 -0.028309 0.980951
-0.187982 -0.017634 0.982014
-0.395347 -0.017831 0.918359
-0.395347 -0.017831 0.918359
-0.399276 -0.029492 0.916356
-0.192182 -0.028309 0.980951
-0.404150 -0.039333 0.913846
-0.399276 -0.029492 0.916356
-0.582919 -0.030013 0.811976
-0.582919 -0.030013 0.811976
-0.587206 -0.041551 0.808370
-0.404150 -0.039333 0.913846
-0.591305 -0.053600 0.804665
-0.587206 -0.041551 0.808370
-0.738190 -0.039879 0.673413
-0.738190 -0.039879 0.673413
-0.744262 -0.060956 0.665101
-0.591305 -0.053600 0.804665
-0.705548 -0.665216 -0.244316
-0.868859 -0.461165 -0.180029
-0.843484 -0.517288 -0.144730
-0.843484 -0.517288 -0.144730
-0.683484 -0.704589 -0.190798
-0.705548 -0.665216 -0.244316
-0.683484 -0.704589 -0.190798
-0.661310 -0.744230 -0.093754
-0.487990 -0.865402 -0.113776
-0.487990 -0.865402 -0.113776
-0.503971 -0.836569 -0.214861
-0.683484 -0.704589 -0.190798
-0.683484 -0.704589 -0.190798
-0.843484 -0.517288 -0.144730
-0.819836 -0.568058 -0.071972
-0.819836 -0.568058 -0.071972
-0.661310 -0.744230 -0.093754
-0.683484 -0.704589 -0.190798
-0.661310 -0.744230 -0.093754
-0.648112 -0.761053 -0.027390
-0.470865 -0.881988 -0.019599
-0.470865 -0.881988 -0.019599
-0.487990 -0.865402 -0.113776
-0.661310 -0.744230 -0.093754
-0.661310 -0.744230 -0.093754
-0.819836 -0.568058 -0.071972
-0.799649 -0.599932 -0.025371
-0.799649 -0.599932 -0.025371
-0.648112 -0.761053 -0.027390
-0.661310 -0.744230 -0.093754
-0.648112 -0.761053 -0.027390
-0.646907 -0.762558 -0.004082
-0.472417 -0.881140 0.020365
-0.472417 -0.881140 0.020365
-0.470865 -0.881988 -0.019599
-0.648112 -0.761053 -0.027390
-0.648112 -0.761053 -0.027390
-0.799649 -0.599932 -0.025371
-0.786273 -0.617764 -0.011906
-0.786273 -0.617764 -0.011906
-0.646907 -0.762558 -0.004082
-0.648112 -0.761053 -0.027390
-0.646907 -0.762558 -0.004082
-0.644971 -0.764193 -0.004658
-0.488571 -0.872144 0.025744
-0.488571 -0.872144 0.025744
-0.472417 -0.881140 0.020365
-0.646907 -0.762558 -0.004082
-0.646907 -0.762558 -0.004082
-0.786273 -0.617764 -0.011906
-0.776855 -0.629517 -0.014329
-0.776855 -0.629517 -0.014329
-0.644971 -0.764193 -0.004658
-0.646907 -0.762558 -0.004082
-0.644971 -0.764193 -0.004658
-0.638569 -0.769518 -0.008476
-0.495946 -0.868278 0.011411
-0.495946 -0.868278 0.011411
-0.488571 -0.872144 0.025744
-0.644971 -0.764193 -0.004658
-0.644971 -0.764193 -0.004658
-0.776855 -0.629517 -0.014329
-0.768989 -0.638946 -0.020110
-0.768989 -0.638946 -0.020110
-0.638569 -0.769518 -0.008476
-0.644971 -0.764193 -0.004658
-0.638569 -0.769518 -0.008476
-0.630652 -0.776031 -0.007424
-0.486088 -0.873899 0.004327
-0.486088 -0.873899 0.004327
-0.495946 -0.868278 0.011411
-0.638569 -0.769518 -0.008476
-0.638569 -0.769518 -0.008476
-0.768989 -0.638946 -0.020110
-0.758717 -0.651274 -0.013800
-0.758717 -0.651274 -0.013800
-0.630652 -0.776031 -0.007424
-0.638569 -0.769518 -0.008476
-0.758717 -0.651274 -0.013800
-0.748073 -0.663568 -0.008001
-0.619194 -0.785235 -0.002100
-0.619194 -0.785235 -0.002100
-0.630652 -0.776031 -0.007424
-0.758717 -0.651274 -0.013800
-0.758717 -0.651274 -0.013800
-0.861758 -0.507037 -0.016911
-0.855219 -0.518118 -0.012373
-0.855219 -0.518118 -0.012373
-0.748073 -0.663568 -0.008001
-0.758717 -0.651274 -0.013800
-0.758717 -0.651274 -0.013800
-0.768989 -0.638946 -0.020110
-0.867243 -0.497256 -0.025012
-0.867243 -0.497256 -0.025012
-0.861758 -0.507037 -0.016911
-0.758717 -0.651274 -0.013800
-0.855219 -0.518118 -0.012373
-0.847890 -0.530020 -0.012697
-0.739685 -0.672910 -0.007581
-0.739685 -0.672910 -0.007581
-0.748073 -0.663568 -0.008001
-0.855219 -0.518118 -0.012373
-0.855219 -0.518118 -0.012373
-0.931418 -0.363815 -0.009982
-0.927640 -0.373338 -0.010178
-0.927640 -0.373338 -0.010178
-0.847890 -0.530020 -0.012697
-0.855219 -0.518118 -0.012373
-0.855219 -0.518118 -0.012373
-0.861758 -0.507037 -0.016911
-0.933852 -0.357205 -0.018022
-0.933852 -0.357205 -0.018022
-0.931418 -0.363815 -0.009982
-0.855219 -0.518118 -0.012373
-0.927640 -0.373338 -0.010178
-0.924190 -0.381877 -0.006501
-0.842081 -0.539345 -0.002636
-0.842081 -0.539345 -0.002636
-0.847890 -0.530020 -0.012697
-0.927640 -0.373338 -0.010178
-0.927640 -0.373338 -0.010178
-0.977394 -0.211278 -0.007973
-0.976607 -0.214991 -0.004306
-0.976607 -0.214991 -0.004306
-0.924190 -0.381877 -0.006501
-0.927640 -0.373338 -0.010178
-0.927640 -0.373338 -0.010178
-0.931418 -0.363815 -0.009982
-0.977712 -0.209694 -0.010361
-0.977712 -0.209694 -0.010361
-0.977394 -0.211278 -0.007973
-0.927640 -0.373338 -0.010178
-0.976607 -0.214991 -0.004306
-0.975861 -0.218384 -0.001981
-0.922052 -0.387065 -0.000808
-0.922052 -0.387065 -0.000808
-0.924190 -0.381877 -0.006501
-0.976607 -0.214991 -0.004306
-0.976607 -0.214991 -0.004306
-0.998814 -0.048624 -0.002376
-0.998981 -0.045105 -0.001844
-0.998981 -0.045105 -0.001844
-0.975861 -0.218384 -0.001981
-0.976607 -0.214991 -0.004306
-0.976607 -0.214991 -0.004306
-0.977394 -0.211278 -0.007973
-0.998707 -0.050380 -0.006753
-0.998707 -0.050380 -0.006753
-0.998814 -0.048624 -0.002376
-0.976607 -0.214991 -0.004306
-0.998981 -0.045105 -0.001844
-0.999054 -0.043460 0.001340
-0.975725 -0.218997 -0.000825
-0.975725 -0.218997 -0.000825
-0.975861 -0.218384 -0.001981
-0.998981 -0.045105 -0.001844
-0.998981 -0.045105 -0.001844
-0.991146 0.132775 -0.000720
-0.989670 0.143368 0.000128
-0.989670 0.143368 0.000128
-0.999054 -0.043460 0.001340
-0.998981 -0.045105 -0.001844
-0.998981 -0.045105 -0.001844
-0.998814 -0.048624 -0.002376
-0.991959 0.126556 -0.000528
-0.991959 0.126556 -0.000528
-0.991146 0.132775 -0.000720
-0.998981 -0.045105 -0.001844
-0.989670 0.143368 0.000128
-0.988285 0.152610 0.001927
-0.999157 -0.040923 0.003253
-0.999157 -0.040923 0.003253
-0.999054 -0.043460 0.001340
-0.989670 0.143368 0.000128
-0.989670 0.143368 0.000128
-0.946399 0.322989 -0.002489
-0.941509 0.336987 -0.000087
-0.941509 0.336987 -0.000087
-0.988285 0.152610 0.001927
-0.989670 0.143368 0.000128
-0.989670 0.143368 0.000128
-0.991146 0.132775 -0.000720
-0.950092 0.311970 -0.000556
-0.950092 0.311970 -0.000556
-0.946399 0.322989 -0.002489
-0.989670 0.143368 0.000128
-0.941509 0.336987 -0.000087
-0.937183 0.348836 -0.000537
-0.987227 0.159271 -0.003870
-0.987227 0.159271 -0.003870
-0.988285 0.152610 0.001927
-0.941509 0.336987 -0.000087
-0.941509 0.336987 -0.000087
-0.860516 0.509400 -0.004949
-0.851954 0.523614 0.001738
-0.851954 0.523614 0.001738
-0.937183 0.348836 -0.000537
-0.941509 0.336987 -0.000087
-0.941509 0.336987 -0.000087
-0.946399 0.322989 -0.002489
-0.868393 0.495875 -0.001314
-0.868393 0.495875 -0.001314
-0.860516 0.509400 -0.004949
-0.941509 0.336987 -0.000087
-0.860516 0.509400 -0.004949
-0.745651 0.666285 -0.008317
-0.731054 0.682319 -0.000981
-0.731054 0.682319 -0.000981
-0.851954 0.523614 0.001738
-0.860516 0.509400 -0.004949
-0.860516 0.509400 -0.004949
-0.868393 0.495875 -0.001314
-0.758893 0.651216 -0.000326
-0.758893 0.651216 -0.000326
-0.745651 0.666285 -0.008317
-0.860516 0.509400 -0.004949
-0.745651 0.666285 -0.008317
-0.597508 0.801811 -0.009151
-0.579627 0.814878 0.002470
-0.579627 0.814878 0.002470
-0.731054 0.682319 -0.000981
-0.745651 0.666285 -0.008317
-0.745651 0.666285 -0.008317
-0.758893 0.651216 -0.000326
-0.614037 0.789266 0.004231
-0.614037 0.789266 0.004231
-0.597508 0.801811 -0.009151
-0.745651 0.666285 -0.008317
-0.597508 0.801811 -0.009151
-0.421109 0.906978 -0.007622
-0.396882 0.917859 0.004295
-0.396882 0.917859 0.004295
-0.579627 0.814878 0.002470
-0.597508 0.801811 -0.009151
-0.597508 0.801811 -0.009151
-0.614037 0.789266 0.004231
-0.442515 0.896721 0.008475
-0.442515 0.896721 0.008475
-0.421109 0.906978 -0.007622
-0.597508 0.801811 -0.009151
-0.421109 0.906978 -0.007622
-0.225686 0.974175 -0.006962
-0.197949 0.980182 0.007699
-0.197949 0.980182 0.007699
-0.396882 0.917859 0.004295
-0.421109 0.906978 -0.007622
-0.421109 0.906978 -0.007622
-0.442515 0.896721 0.008475
-0.251276 0.967842 0.011919
-0.251276 0.967842 0.011919
-0.225686 0.974175 -0.006962
-0.421109 0.906978 -0.007622
-0.225686 0.974175 -0.006962
-0.016844 0.999840 -0.006001
0.015372 0.999853 0.007530
0.015372 0.999853 0.007530
-0.197949 0.980182 0.007699
-0.225686 0.974175 -0.006962
-0.225686 0.974175 -0.006962
-0.251276 0.967842 0.011919
-0.045479 0.998828 0.016573
-0.045479 0.998828 0.016573
-0.016844 0.999840 -0.006001
-0.225686 0.974175 -0.006962
-0.016844 0.999840 -0.006001
0.196866 0.980416 -0.005389
0.229904 0.973198 0.005453
0.229904 0.973198 0.005453
0.015372 0.999853 0.007530
-0.016844 0.999840 -0.006001
-0.016844 0.999840 -0.006001
-0.045479 0.998828 0.016573
0.164712 0.986157 0.019092
0.164712 0.986157 0.019092
0.196866 0.980416 -0.005389
-0.016844 0.999840 -0.006001
0.196866 0.980416 -0.005389
0.406661 0.913562 -0.005519
0.435708 0.900059 0.007217
0.435708 0.900059 0.007217
0.229904 0.973198 0.005453
0.196866 0.980416 -0.005389
0.196866 0.980416 -0.005389
0.164712 0.986157 0.019092
0.373138 0.927539 0.020981
0.373138 0.927539 0.020981
0.406661 0.913562 -0.005519
0.196866 0.980416 -0.005389
0.406661 0.913562 -0.005519
0.595471 0.803362 -0.004876
0.618369 0.785842 0.008522
0.618369 0.785842 0.008522
0.435708 0.900059 0.007217
0.406661 0.913562 -0.005519
0.406661 0.913562 -0.005519
0.373138 0.927539 0.020981
0.567664 0.822839 0.026333
0.567664 0.822839 0.026333
0.595471 0.803362 -0.004876
0.406661 0.913562 -0.005519
0.595471 0.803362 -0.004876
0.755814 0.654778 0.003308
0.772681 0.634777 0.004751
0.772681 0.634777 0.004751
0.618369 0.785842 0.008522
0.595471 0.803362 -0.004876
0.595471 0.803362 -0.004876
0.567664 0.822839 0.026333
0.729743 0.682701 0.037338
0.729743 0.682701 0.037338
0.755814 0.654778 0.003308
0.595471 0.803362 -0.004876
0.755814 0.654778 0.003308
0.884458 0.466445 0.012739
0.892803 0.450309 0.011187
0.892803 0.450309 0.011187
0.772681 0.634777 0.004751
0.755814 0.654778 0.003308
0.755814 0.654778 0.003308
0.729743 0.682701 0.037338
0.857238 0.512100 0.053822
0.857238 0.512100 0.053822
0.884458 0.466445 0.012739
0.755814 0.654778 0.003308
0.884458 0.466445 0.012739
0.968582 0.245671 0.038658
0.968823 0.247304 0.014910
0.968823 0.247304 0.014910
0.892803 0.450309 0.011187
0.884458 0.466445 0.012739
0.884458 0.466445 0.012739
0.857238 0.512100 0.053822
0.947137 0.309333 0.085115
0.947137 0.309333 0.085115
0.968582 0.245671 0.038658
0.884458 0.466445 0.012739
0.892803 0.450309 0.011187
0.896403 0.443119 0.010377
0.781585 0.623750 0.007791
0.781585 0.623750 0.007791
0.772681 0.634777 0.004751
0.892803 0.450309 0.011187
0.892803 0.450309 0.011187
0.968823 0.247304 0.014910
0.968431 0.248808 0.015376
0.968431 0.248808 0.015376
0.896403 0.443119 0.010377
0.892803 0.450309 0.011187
0.968431 0.248808 0.015376
0.966750 0.254488 0.025084
0.897737 0.440222 0.016518
0.897737 0.440222 0.016518
0.896403 0.443119 0.010377
0.968431 0.248808 0.015376
0.968431 0.248808 0.015376
0.999203 0.036333 0.016560
0.998861 0.040757 0.024816
0.998861 0.040757 0.024816
0.966750 0.254488 0.025084
0.968431 0.248808 0.015376
0.968431 0.248808 0.015376
0.968823 0.247304 0.014910
0.999322 0.031362 0.019306
0.999322 0.031362 0.019306
0.999203 0.036333 0.016560
0.968431 0.248808 0.015376
0.999203 0.036333 0.016560
0.983795 -0.178800 0.013352
0.984848 -0.172334 0.019371
0.984848 -0.172334 0.019371
0.998861 0.040757 0.024816
0.999203 0.036333 0.016560
0.999203 0.036333 0.016560
0.999322 0.031362 0.019306
0.982083 -0.188247 0.008729
0.982083 -0.188247 0.008729
0.983795 -0.178800 0.013352
0.999203 0.036333 0.016560
0.983795 -0.178800 0.013352
0.925604 -0.378310 0.011797
0.929764 -0.367889 0.014036
0.929764 -0.367889 0.014036
0.984848 -0.172334 0.019371
0.983795 -0.178800 0.013352
0.983795 -0.178800 0.013352
0.982083 -0.188247 0.008729
0.916854 -0.399180 0.005814
0.916854 -0.399180 0.005814
0.925604 -0.378310 0.011797
0.983795 -0.178800 0.013352
0.916854 -0.399180 0.005814
0.982083 -0.188247 0.008729
0.975633 -0.211694 0.057669
0.975633 -0.211694 0.057669
0.905666 -0.423462 0.021202
0.916854 -0.399180 0.005814
0.916854 -0.399180 0.005814
0.807700 -0.589538 0.008141
0.815322 -0.578887 0.011811
0.815322 -0.578887 0.011811
0.925604 -0.378310 0.011797
0.916854 -0.399180 0.005814
0.916854 -0.399180 0.005814
0.905666 -0.423462 0.021202
0.785541 -0.618744 0.009045
0.785541 -0.618744 0.009045
0.807700 -0.589538 0.008141
0.916854 -0.399180 0.005814
0.785541 -0.618744 0.009045
0.905666 -0.423462 0.021202
0.888160 -0.456509 0.052644
0.888160 -0.456509 0.052644
0.753616 -0.657228 0.010678
0.785541 -0.618744 0.009045
0.785541 -0.618744 0.009045
0.630090 -0.776427 0.012149
0.645297 -0.763927 -0.002830
0.645297 -0.763927 -0.002830
0.807700 -0.589538 0.008141
0.785541 -0.618744 0.009045
0.785541 -0.618744 0.009045
0.753616 -0.657228 0.010678
0.593608 -0.804701 0.009279
0.593608 -0.804701 0.009279
0.630090 -0.776427 0.012149
0.785541 -0.618744 0.009045
0.593608 -0.804701 0.009279
0.753616 -0.657228 0.010678
0.718762 -0.693046 0.055393
0.718762 -0.693046 0.055393
0.544054 -0.839000 0.009125
0.593608 -0.804701 0.009279
0.593608 -0.804701 0.009279
0.411287 -0.911340 0.017403
0.434633 -0.900602 -0.003046
0.434633 -0.900602 -0.003046
0.630090 -0.776427 0.012149
0.593608 -0.804701 0.009279
0.593608 -0.804701 0.009279
0.544054 -0.839000 0.009125
0.363522 -0.931503 0.012405
0.363522 -0.931503 0.012405
0.411287 -0.911340 0.017403
0.593608 -0.804701 0.009279
0.363522 -0.931503 0.012405
0.544054 -0.839000 0.009125
0.506692 -0.861190 0.040184
0.506692 -0.861190 0.040184
0.304093 -0.952641 0.001744
0.363522 -0.931503 0.012405
0.363522 -0.931503 0.012405
0.173003 -0.984685 0.021580
0.196249 -0.980552 0.002132
0.196249 -0.980552 0.002132
0.411287 -0.911340 0.017403
0.363522 -0.931503 0.012405
0.363522 -0.931503 0.012405
0.304093 -0.952641 0.001744
0.120956 -0.992545 0.014951
0.120956 -0.992545 0.014951
0.173003 -0.984685 0.021580
0.363522 -0.931503 0.012405
0.120956 -0.992545 0.014951
0.304093 -0.952641 0.001744
0.258441 -0.965277 0.038068
0.258441 -0.965277 0.038068
0.060084 -0.998106 0.013226
0.120956 -0.992545 0.014951
0.120956 -0.992545 0.014951
-0.062490 -0.997716 0.025653
-0.040552 -0.999166 0.004763
-0.040552 -0.999166 0.004763
0.173003 -0.984685 0.021580
0.120956 -0.992545 0.014951
0.120956 -0.992545 0.014951
0.060084 -0.998106 0.013226
-0.105838 -0.994143 0.021852
-0.105838 -0.994143 0.021852
-0.062490 -0.997716 0.025653
0.120956 -0.992545 0.014951
-0.105838 -0.994143 0.021852
0.060084 -0.998106 0.013226
0.017768 -0.999014 0.040688
0.017768 -0.999014 0.040688
-0.144416 -0.989099 0.028764
-0.105838 -0.994143 0.021852
-0.105838 -0.994143 0.021852
-0.278556 -0.960158 0.022458
-0.262005 -0.965037 0.007603
-0.262005 -0.965037 0.007603
-0.062490 -0.997716 0.025653
-0.105838 -0.994143 0.021852
-0.105838 -0.994143 0.021852
-0.144416 -0.989099 0.028764
-0.305615 -0.951998 0.017316
-0.305615 -0.951998 0.017316
-0.278556 -0.960158 0.022458
-0.105838 -0.994143 0.021852
-0.305615 -0.951998 0.017316
-0.144416 -0.989099 0.028764
-0.167557 -0.984990 0.041468
-0.167557 -0.984990 0.041468
-0.329379 -0.943927 0.022632
-0.305615 -0.951998 0.017316
-0.305615 -0.951998 0.017316
-0.466929 -0.884218 0.011670
-0.454033 -0.890985 0.000479
-0.454033 -0.890985 0.000479
-0.278556 -0.960158 0.022458
-0.305615 -0.951998 0.017316
-0.305615 -0.951998 0.017316
-0.329379 -0.943927 0.022632
-0.486088 -0.873899 0.004327
-0.486088 -0.873899 0.004327
-0.466929 -0.884218 0.011670
-0.305615 -0.951998 0.017316
-0.466929 -0.884218 0.011670
-0.619194 -0.785235 -0.002100
-0.602882 -0.797823 -0.003525
-0.602882 -0.797823 -0.003525
-0.454033 -0.890985 0.000479
-0.466929 -0.884218 0.011670
-0.466929 -0.884218 0.011670
-0.486088 -0.873899 0.004327
-0.630652 -0.776031 -0.007424
-0.630652 -0.776031 -0.007424
-0.619194 -0.785235 -0.002100
-0.466929 -0.884218 0.011670
-0.602882 -0.797823 -0.003525
-0.587498 -0.809225 0.001269
-0.433759 -0.901021 0.003830
-0.433759 -0.901021 0.003830
-0.454033 -0.890985 0.000479
-0.602882 -0.797823 -0.003525
-0.602882 -0.797823 -0.003525
-0.739685 -0.672910 -0.007581
-0.729149 -0.684332 -0.005713
-0.729149 -0.684332 -0.005713
-0.587498 -0.809225 0.001269
-0.602882 -0.797823 -0.003525
-0.602882 -0.797823 -0.003525
-0.619194 -0.785235 -0.002100
-0.748073 -0.663568 -0.008001
-0.748073 -0.663568 -0.008001
-0.739685 -0.672910 -0.007581
-0.602882 -0.797823 -0.003525
-0.729149 -0.684332 -0.005713
-0.718511 -0.695476 -0.007396
-0.579245 -0.815153 0.001194
-0.579245 -0.815153 0.001194
-0.587498 -0.809225 0.001269
-0.729149 -0.684332 -0.005713
-0.729149 -0.684332 -0.005713
-0.842081 -0.539345 -0.002636
-0.835084 -0.550095 -0.005440
-0.835084 -0.550095 -0.005440
-0.718511 -0.695476 -0.007396
-0.729149 -0.684332 -0.005713
-0.729149 -0.684332 -0.005713
-0.739685 -0.672910 -0.007581
-0.847890 -0.530020 -0.012697
-0.847890 -0.530020 -0.012697
-0.842081 -0.539345 -0.002636
-0.729149 -0.684332 -0.005713
-0.835084 -0.550095 -0.005440
-0.827024 -0.562140 -0.005487
-0.712151 -0.702012 -0.004358
-0.712151 -0.702012 -0.004358
-0.718511 -0.695476 -0.007396
-0.835084 -0.550095 -0.005440
-0.835084 -0.550095 -0.005440
-0.922052 -0.387065 -0.000808
-0.918978 -0.394299 -0.002875
-0.918978 -0.394299 -0.002875
-0.827024 -0.562140 -0.005487
-0.835084 -0.550095 -0.005440
-0.835084 -0.550095 -0.005440
-0.842081 -0.539345 -0.002636
-0.924190 -0.381877 -0.006501
-0.924190 -0.381877 -0.006501
-0.922052 -0.387065 -0.000808
-0.835084 -0.550095 -0.005440
-0.918978 -0.394299 -0.002875
-0.915998 -0.401155 -0.004642
-0.823268 -0.567651 -0.001518
-0.823268 -0.567651 -0.001518
-0.827024 -0.562140 -0.005487
-0.918978 -0.394299 -0.002875
-0.918978 -0.394299 -0.002875
-0.975725 -0.218997 -0.000825
-0.974796 -0.223097 -0.000152
-0.974796 -0.223097 -0.000152
-0.915998 -0.401155 -0.004642
-0.918978 -0.394299 -0.002875
-0.918978 -0.394299 -0.002875
-0.922052 -0.387065 -0.000808
-0.975861 -0.218384 -0.001981
-0.975861 -0.218384 -0.001981
-0.975725 -0.218997 -0.000825
-0.918978 -0.394299 -0.002875
-0.974796 -0.223097 -0.000152
-0.973848 -0.227155 -0.004460
-0.914220 -0.405197 -0.004030
-0.914220 -0.405197 -0.004030
-0.915998 -0.401155 -0.004642
-0.974796 -0.223097 -0.000152
-0.974796 -0.223097 -0.000152
-0.999157 -0.040923 0.003253
-0.999300 -0.037161 -0.004308
-0.999300 -0.037161 -0.004308
-0.973848 -0.227155 -0.004460
-0.974796 -0.223097 -0.000152
-0.974796 -0.223097 -0.000152
-0.975725 -0.218997 -0.000825
-0.999054 -0.043460 0.001340
-0.999054 -0.043460 0.001340
-0.999157 -0.040923 0.003253
-0.974796 -0.223097 -0.000152
-0.999300 -0.037161 -0.004308
-0.999334 -0.035545 0.008257
-0.973989 -0.226475 0.007403
-0.973989 -0.226475 0.007403
-0.973848 -0.227155 -0.004460
-0.999300 -0.037161 -0.004308
-0.999300 -0.037161 -0.004308
-0.987227 0.159271 -0.003870
-0.986111 0.165790 0.009964
-0.986111 0.165790 0.009964
-0.999334 -0.035545 0.008257
-0.999300 -0.037161 -0.004308
-0.999300 -0.037161 -0.004308
-0.999157 -0.040923 0.003253
-0.988285 0.152610 0.001927
-0.988285 0.152610 0.001927
-0.987227 0.159271 -0.003870
-0.999300 -0.037161 -0.004308
-0.986111 0.165790 0.009964
-0.984042 0.175656 0.028406
-0.999073 -0.033771 0.026695
-0.999073 -0.033771 0.026695
-0.999334 -0.035545 0.008257
-0.986111 0.165790 0.009964
-0.986111 0.165790 0.009964
-0.934155 0.356773 0.008276
-0.929422 0.367931 0.028306
-0.929422 0.367931 0.028306
-0.984042 0.175656 0.028406
-0.986111 0.165790 0.009964
-0.986111 0.165790 0.009964
-0.987227 0.159271 -0.003870
-0.937183 0.348836 -0.000537
-0.937183 0.348836 -0.000537
-0.934155 0.356773 0.008276
-0.986111 0.165790 0.009964
-0.934155 0.356773 0.008276
-0.842997 0.537851 0.008489
-0.832199 0.553271 0.036546
-0.832199 0.553271 0.036546
-0.929422 0.367931 0.028306
-0.934155 0.356773 0.008276
-0.934155 0.356773 0.008276
-0.937183 0.348836 -0.000537
-0.851954 0.523614 0.001738
-0.851954 0.523614 0.001738
-0.842997 0.537851 0.008489
-0.934155 0.356773 0.008276
-0.842997 0.537851 0.008489
-0.719559 0.694427 0.002450
-0.704240 0.709109 0.034777
-0.704240 0.709109 0.034777
-0.832199 0.553271 0.036546
-0.842997 0.537851 0.008489
-0.842997 0.537851 0.008489
-0.851954 0.523614 0.001738
-0.731054 0.682319 -0.000981
-0.731054 0.682319 -0.000981
-0.719559 0.694427 0.002450
-0.842997 0.537851 0.008489
-0.719559 0.694427 0.002450
-0.564859 0.825183 0.002582
-0.541990 0.839855 0.029840
-0.541990 0.839855 0.029840
-0.704240 0.709109 0.034777
-0.719559 0.694427 0.002450
-0.719559 0.694427 0.002450
-0.731054 0.682319 -0.000981
-0.579627 0.814878 0.002470
-0.579627 0.814878 0.002470
-0.564859 0.825183 0.002582
-0.719559 0.694427 0.002450
-0.564859 0.825183 0.002582
-0.380149 0.924925 0.000655
-0.361294 0.932154 0.023565
-0.361294 0.932154 0.023565
-0.541990 0.839855 0.029840
-0.564859 0.825183 0.002582
-0.564859 0.825183 0.002582
-0.579627 0.814878 0.002470
-0.396882 0.917859 0.004295
-0.396882 0.917859 0.004295
-0.380149 0.924925 0.000655
-0.564859 0.825183 0.002582
-0.380149 0.924925 0.000655
-0.174275 0.984641 0.010501
-0.141990 0.988870 0.044448
-0.141990 0.988870 0.044448
-0.361294 0.932154 0.023565
-0.380149 0.924925 0.000655
-0.380149 0.924925 0.000655
-0.396882 0.917859 0.004295
-0.197949 0.980182 0.007699
-0.197949 0.980182 0.007699
-0.174275 0.984641 0.010501
-0.380149 0.924925 0.000655
-0.174275 0.984641 0.010501
0.041393 0.999143 -0.000033
0.072749 0.996822 0.032457
0.072749 0.996822 0.032457
-0.141990 0.988870 0.044448
-0.174275 0.984641 0.010501
-0.174275 0.984641 0.010501
-0.197949 0.980182 0.007699
0.015372 0.999853 0.007530
0.015372 0.999853 0.007530
0.041393 0.999143 -0.000033
-0.174275 0.984641 0.010501
0.041393 0.999143 -0.000033
0.254147 0.967164 -0.001694
0.280423 0.959447 0.028693
0.280423 0.959447 0.028693
0.072749 0.996822 0.032457
0.041393 0.999143 -0.000033
0.041393 0.999143 -0.000033
0.015372 0.999853 0.007530
0.229904 0.973198 0.005453
0.229904 0.973198 0.005453
0.254147 0.967164 -0.001694
0.041393 0.999143 -0.000033
0.254147 0.967164 -0.001694
0.453487 0.891261 0.001827
0.468985 0.882828 0.025824
0.468985 0.882828 0.025824
0.280423 0.959447 0.028693
0.254147 0.967164 -0.001694
0.254147 0.967164 -0.001694
0.229904 0.973198 0.005453
0.435708 0.900059 0.007217
0.435708 0.900059 0.007217
0.453487 0.891261 0.001827
0.254147 0.967164 -0.001694
0.453487 0.891261 0.001827
0.635222 0.772241 0.011728
0.649991 0.758860 0.040548
0.649991 0.758860 0.040548
0.468985 0.882828 0.025824
0.453487 0.891261 0.001827
0.453487 0.891261 0.001827
0.435708 0.900059 0.007217
0.618369 0.785842 0.008522
0.618369 0.785842 0.008522
0.635222 0.772241 0.011728
0.453487 0.891261 0.001827
0.635222 0.772241 0.011728
0.781585 0.623750 0.007791
0.788675 0.614313 0.024742
0.788675 0.614313 0.024742
0.649991 0.758860 0.040548
0.635222 0.772241 0.011728
0.635222 0.772241 0.011728
0.618369 0.785842 0.008522
0.772681 0.634777 0.004751
0.772681 0.634777 0.004751
0.781585 0.623750 0.007791
0.635222 0.772241 0.011728
0.788675 0.614313 0.024742
0.781585 0.623750 0.007791
0.896403 0.443119 0.010377
0.896403 0.443119 0.010377
0.897737 0.440222 0.016518
0.788675 0.614313 0.024742
0.822302 -0.568468 0.025740
0.929764 -0.367889 0.014036
0.925604 -0.378310 0.011797
0.925604 -0.378310 0.011797
0.815322 -0.578887 0.011811
0.822302 -0.568468 0.025740
0.822302 -0.568468 0.025740
0.815322 -0.578887 0.011811
0.663191 -0.748361 0.011521
0.663191 -0.748361 0.011521
0.678321 -0.734397 0.023277
0.822302 -0.568468 0.025740
0.663191 -0.748361 0.011521
0.815322 -0.578887 0.011811
0.807700 -0.589538 0.008141
0.807700 -0.589538 0.008141
0.645297 -0.763927 -0.002830
0.663191 -0.748361 0.011521
0.663191 -0.748361 0.011521
0.481188 -0.876445 0.017395
0.491929 -0.870225 0.026745
0.491929 -0.870225 0.026745
0.678321 -0.734397 0.023277
0.663191 -0.748361 0.011521
0.663191 -0.748361 0.011521
0.645297 -0.763927 -0.002830
0.461570 -0.887103 -0.000132
0.461570 -0.887103 -0.000132
0.481188 -0.876445 0.017395
0.663191 -0.748361 0.011521
0.461570 -0.887103 -0.000132
0.645297 -0.763927 -0.002830
0.630090 -0.776427 0.012149
0.630090 -0.776427 0.012149
0.434633 -0.900602 -0.003046
0.461570 -0.887103 -0.000132
0.461570 -0.887103 -0.000132
0.263102 -0.964767 0.001501
0.274231 -0.961640 0.006737
0.274231 -0.961640 0.006737
0.481188 -0.876445 0.017395
0.461570 -0.887103 -0.000132
0.461570 -0.887103 -0.000132
0.434633 -0.900602 -0.003046
0.233667 -0.972312 0.002903
0.233667 -0.972312 0.002903
0.263102 -0.964767 0.001501
0.461570 -0.887103 -0.000132
0.233667 -0.972312 0.002903
0.434633 -0.900602 -0.003046
0.411287 -0.911340 0.017403
0.411287 -0.911340 0.017403
0.196249 -0.980552 0.002132
0.233667 -0.972312 0.002903
0.233667 -0.972312 0.002903
0.025985 -0.999615 0.009702
0.040934 -0.999145 -0.005837
0.040934 -0.999145 -0.005837
0.263102 -0.964767 0.001501
0.233667 -0.972312 0.002903
0.233667 -0.972312 0.002903
0.196249 -0.980552 0.002132
-0.004197 -0.999968 0.006778
-0.004197 -0.999968 0.006778
0.025985 -0.999615 0.009702
0.233667 -0.972312 0.002903
-0.004197 -0.999968 0.006778
0.196249 -0.980552 0.002132
0.173003 -0.984685 0.021580
0.173003 -0.984685 0.021580
-0.040552 -0.999166 0.004763
-0.004197 -0.999968 0.006778
-0.004197 -0.999968 0.006778
-0.201241 -0.979502 0.008822
-0.188272 -0.982112 -0.003014
-0.188272 -0.982112 -0.003014
0.025985 -0.999615 0.009702
-0.004197 -0.999968 0.006778
-0.004197 -0.999968 0.006778
-0.040552 -0.999166 0.004763
-0.229777 -0.973218 0.007069
-0.229777 -0.973218 0.007069
-0.201241 -0.979502 0.008822
-0.004197 -0.999968 0.006778
-0.229777 -0.973218 0.007069
-0.040552 -0.999166 0.004763
-0.062490 -0.997716 0.025653
-0.062490 -0.997716 0.025653
-0.262005 -0.965037 0.007603
-0.229777 -0.973218 0.007069
-0.229777 -0.973218 0.007069
-0.410938 -0.911589 0.011616
-0.397761 -0.917486 -0.002404
-0.397761 -0.917486 -0.002404
-0.201241 -0.979502 0.008822
-0.229777 -0.973218 0.007069
-0.229777 -0.973218 0.007069
-0.262005 -0.965037 0.007603
-0.433759 -0.901021 0.003830
-0.433759 -0.901021 0.003830
-0.410938 -0.911589 0.011616
-0.229777 -0.973218 0.007069
-0.410938 -0.911589 0.011616
-0.579245 -0.815153 0.001194
-0.565733 -0.824578 -0.004180
-0.565733 -0.824578 -0.004180
-0.397761 -0.917486 -0.002404
-0.410938 -0.911589 0.011616
-0.410938 -0.911589 0.011616
-0.433759 -0.901021 0.003830
-0.587498 -0.809225 0.001269
-0.587498 -0.809225 0.001269
-0.579245 -0.815153 0.001194
-0.410938 -0.911589 0.011616
-0.565733 -0.824578 -0.004180
-0.551508 -0.834158 -0.004352
-0.381348 -0.924417 -0.005171
-0.381348 -0.924417 -0.005171
-0.397761 -0.917486 -0.002404
-0.565733 -0.824578 -0.004180
-0.565733 -0.824578 -0.004180
-0.712151 -0.702012 -0.004358
-0.702113 -0.712061 -0.002439
-0.702113 -0.712061 -0.002439
-0.551508 -0.834158 -0.004352
-0.565733 -0.824578 -0.004180
-0.565733 -0.824578 -0.004180
-0.579245 -0.815153 0.001194
-0.718511 -0.695476 -0.007396
-0.718511 -0.695476 -0.007396
-0.712151 -0.702012 -0.004358
-0.565733 -0.824578 -0.004180
-0.702113 -0.712061 -0.002439
-0.693414 -0.720522 -0.005001
-0.542279 -0.840197 -0.001856
-0.542279 -0.840197 -0.001856
-0.551508 -0.834158 -0.004352
-0.702113 -0.712061 -0.002439
-0.702113 -0.712061 -0.002439
-0.823268 -0.567651 -0.001518
-0.819034 -0.573722 -0.005087
-0.819034 -0.573722 -0.005087
-0.693414 -0.720522 -0.005001
-0.702113 -0.712061 -0.002439
-0.702113 -0.712061 -0.002439
-0.712151 -0.702012 -0.004358
-0.827024 -0.562140 -0.005487
-0.827024 -0.562140 -0.005487
-0.823268 -0.567651 -0.001518
-0.702113 -0.712061 -0.002439
-0.819034 -0.573722 -0.005087
-0.813393 -0.581580 0.012515
-0.688176 -0.725475 0.009979
-0.688176 -0.725475 0.009979
-0.693414 -0.720522 -0.005001
-0.819034 -0.573722 -0.005087
-0.819034 -0.573722 -0.005087
-0.914220 -0.405197 -0.004030
-0.912785 -0.408270 0.011779
-0.912785 -0.408270 0.011779
-0.813393 -0.581580 0.012515
-0.819034 -0.573722 -0.005087
-0.819034 -0.573722 -0.005087
-0.823268 -0.567651 -0.001518
-0.915998 -0.401155 -0.004642
-0.915998 -0.401155 -0.004642
-0.914220 -0.405197 -0.004030
-0.819034 -0.573722 -0.005087
-0.912785 -0.408270 0.011779
-0.910820 -0.411473 0.033114
-0.808048 -0.588060 0.035270
-0.808048 -0.588060 0.035270
-0.813393 -0.581580 0.012515
-0.912785 -0.408270 0.011779
-0.912785 -0.408270 0.011779
-0.973989 -0.226475 0.007403
-0.973693 -0.226327 0.026423
-0.973693 -0.226327 0.026423
-0.910820 -0.411473 0.033114
-0.912785 -0.408270 0.011779
-0.912785 -0.408270 0.011779
-0.914220 -0.405197 -0.004030
-0.973848 -0.227155 -0.004460
-0.973848 -0.227155 -0.004460
-0.973989 -0.226475 0.007403
-0.912785 -0.408270 0.011779
-0.973693 -0.226327 0.026423
-0.973989 -0.226475 0.007403
-0.999334 -0.035545 0.008257
-0.999334 -0.035545 0.008257
-0.999073 -0.033771 0.026695
-0.973693 -0.226327 0.026423
0.287196 -0.957547 0.024954
0.491929 -0.870225 0.026745
0.481188 -0.876445 0.017395
0.481188 -0.876445 0.017395
0.274231 -0.961640 0.006737
0.287196 -0.957547 0.024954
0.287196 -0.957547 0.024954
0.274231 -0.961640 0.006737
0.062003 -0.998032 0.009408
0.062003 -0.998032 0.009408
0.083595 -0.996156 0.026156
0.287196 -0.957547 0.024954
0.062003 -0.998032 0.009408
0.274231 -0.961640 0.006737
0.263102 -0.964767 0.001501
0.263102 -0.964767 0.001501
0.040934 -0.999145 -0.005837
0.062003 -0.998032 0.009408
0.062003 -0.998032 0.009408
-0.149876 -0.988631 0.012046
-0.138164 -0.990213 0.019733
-0.138164 -0.990213 0.019733
0.083595 -0.996156 0.026156
0.062003 -0.998032 0.009408
0.062003 -0.998032 0.009408
0.040934 -0.999145 -0.005837
-0.167967 -0.985787 -0.003345
-0.167967 -0.985787 -0.003345
-0.149876 -0.988631 0.012046
0.062003 -0.998032 0.009408
-0.167967 -0.985787 -0.003345
0.040934 -0.999145 -0.005837
0.025985 -0.999615 0.009702
0.025985 -0.999615 0.009702
-0.188272 -0.982112 -0.003014
-0.167967 -0.985787 -0.003345
-0.167967 -0.985787 -0.003345
-0.363634 -0.931542 -0.000150
-0.353879 -0.935267 0.006763
-0.353879 -0.935267 0.006763
-0.149876 -0.988631 0.012046
-0.167967 -0.985787 -0.003345
-0.167967 -0.985787 -0.003345
-0.188272 -0.982112 -0.003014
-0.381348 -0.924417 -0.005171
-0.381348 -0.924417 -0.005171
-0.363634 -0.931542 -0.000150
-0.167967 -0.985787 -0.003345
-0.363634 -0.931542 -0.000150
-0.542279 -0.840197 -0.001856
-0.532084 -0.846634 0.009851
-0.532084 -0.846634 0.009851
-0.353879 -0.935267 0.006763
-0.363634 -0.931542 -0.000150
-0.363634 -0.931542 -0.000150
-0.381348 -0.924417 -0.005171
-0.551508 -0.834158 -0.004352
-0.551508 -0.834158 -0.004352
-0.542279 -0.840197 -0.001856
-0.363634 -0.931542 -0.000150
-0.532084 -0.846634 0.009851
-0.518883 -0.854277 0.031166
-0.342254 -0.939305 0.023851
-0.342254 -0.939305 0.023851
-0.353879 -0.935267 0.006763
-0.532084 -0.846634 0.009851
-0.532084 -0.846634 0.009851
-0.688176 -0.725475 0.009979
-0.681421 -0.731329 0.028698
-0.681421 -0.731329 0.028698
-0.518883 -0.854277 0.031166
-0.532084 -0.846634 0.009851
-0.532084 -0.846634 0.009851
-0.542279 -0.840197 -0.001856
-0.693414 -0.720522 -0.005001
-0.693414 -0.720522 -0.005001
-0.688176 -0.725475 0.009979
-0.532084 -0.846634 0.009851
-0.681421 -0.731329 0.028698
-0.688176 -0.725475 0.009979
-0.813393 -0.581580 0.012515
-0.813393 -0.581580 0.012515
-0.808048 -0.588060 0.035270
-0.681421 -0.731329 0.028698
-0.342254 -0.939305 0.023851
-0.138164 -0.990213 0.019733
-0.149876 -0.988631 0.012046
-0.149876 -0.988631 0.012046
-0.353879 -0.935267 0.006763
-0.342254 -0.939305 0.023851
-0.381348 -0.924417 -0.005171
-0.188272 -0.982112 -0.003014
-0.201241 -0.979502 0.008822
-0.201241 -0.979502 0.008822
-0.397761 -0.917486 -0.002404
-0.381348 -0.924417 -0.005171
-0.433759 -0.901021 0.003830
-0.262005 -0.965037 0.007603
-0.278556 -0.960158 0.022458
-0.278556 -0.960158 0.022458
-0.454033 -0.890985 0.000479
-0.433759 -0.901021 0.003830
-0.167557 -0.984990 0.041468
-0.013050 -0.997198 0.073663
0.001264 -0.990985 0.133970
0.001264 -0.990985 0.133970
-0.176504 -0.980740 0.083638
-0.167557 -0.984990 0.041468
-0.167557 -0.984990 0.041468
-0.144416 -0.989099 0.028764
0.017768 -0.999014 0.040688
0.017768 -0.999014 0.040688
-0.013050 -0.997198 0.073663
-0.167557 -0.984990 0.041468
-0.167557 -0.984990 0.041468
-0.176504 -0.980740 0.083638
-0.336941 -0.940470 0.044565
-0.336941 -0.940470 0.044565
-0.329379 -0.943927 0.022632
-0.167557 -0.984990 0.041468
-0.336941 -0.940470 0.044565
-0.176504 -0.980740 0.083638
-0.159897 -0.980960 0.110232
-0.159897 -0.980960 0.110232
-0.320715 -0.944658 0.069010
-0.336941 -0.940470 0.044565
-0.336941 -0.940470 0.044565
-0.495946 -0.868278 0.011411
-0.486088 -0.873899 0.004327
-0.486088 -0.873899 0.004327
-0.329379 -0.943927 0.022632
-0.336941 -0.940470 0.044565
-0.336941 -0.940470 0.044565
-0.320715 -0.944658 0.069010
-0.488571 -0.872144 0.025744
-0.488571 -0.872144 0.025744
-0.495946 -0.868278 0.011411
-0.336941 -0.940470 0.044565
-0.159897 -0.980960 0.110232
-0.009203 -0.991615 0.128900
-0.033038 -0.997428 0.063602
-0.033038 -0.997428 0.063602
-0.161394 -0.984420 0.069776
-0.159897 -0.980960 0.110232
-0.159897 -0.980960 0.110232
-0.176504 -0.980740 0.083638
0.001264 -0.990985 0.133970
0.001264 -0.990985 0.133970
-0.009203 -0.991615 0.128900
-0.159897 -0.980960 0.110232
-0.159897 -0.980960 0.110232
-0.161394 -0.984420 0.069776
-0.306866 -0.950259 0.053312
-0.306866 -0.950259 0.053312
-0.320715 -0.944658 0.069010
-0.159897 -0.980960 0.110232
-0.306866 -0.950259 0.053312
-0.161394 -0.984420 0.069776
-0.177484 -0.983904 -0.020780
-0.177484 -0.983904 -0.020780
-0.306999 -0.951578 -0.015813
-0.306866 -0.950259 0.053312
-0.306866 -0.950259 0.053312
-0.472417 -0.881140 0.020365
-0.488571 -0.872144 0.025744
-0.488571 -0.872144 0.025744
-0.320715 -0.944658 0.069010
-0.306866 -0.950259 0.053312
-0.306866 -0.950259 0.053312
-0.306999 -0.951578 -0.015813
-0.470865 -0.881988 -0.019599
-0.470865 -0.881988 -0.019599
-0.472417 -0.881140 0.020365
-0.306866 -0.950259 0.053312
-0.306999 -0.951578 -0.015813
-0.177484 -0.983904 -0.020780
-0.195565 -0.970061 -0.143996
-0.195565 -0.970061 -0.143996
-0.321964 -0.937771 -0.130095
-0.306999 -0.951578 -0.015813
-0.306999 -0.951578 -0.015813
-0.321964 -0.937771 -0.130095
-0.487990 -0.865402 -0.113776
-0.487990 -0.865402 -0.113776
-0.470865 -0.881988 -0.019599
-0.306999 -0.951578 -0.015813
-0.009203 -0.991615 0.128900
0.127420 -0.983994 0.124578
0.104263 -0.993257 0.050695
0.104263 -0.993257 0.050695
-0.033038 -0.997428 0.063602
-0.009203 -0.991615 0.128900
-0.009203 -0.991615 0.128900
0.001264 -0.990985 0.133970
0.160100 -0.973635 0.162487
0.160100 -0.973635 0.162487
0.127420 -0.983994 0.124578
-0.009203 -0.991615 0.128900
0.160100 -0.973635 0.162487
0.333120 -0.926915 0.172799
0.313191 -0.941493 0.124505
0.313191 -0.941493 0.124505
0.127420 -0.983994 0.124578
0.160100 -0.973635 0.162487
0.160100 -0.973635 0.162487
0.179575 -0.973986 0.138217
0.362622 -0.910411 0.199138
0.362622 -0.910411 0.199138
0.333120 -0.926915 0.172799
0.160100 -0.973635 0.162487
0.160100 -0.973635 0.162487
0.001264 -0.990985 0.133970
-0.013050 -0.997198 0.073663
-0.013050 -0.997198 0.073663
0.179575 -0.973986 0.138217
0.160100 -0.973635 0.162487
0.179575 -0.973986 0.138217
0.200648 -0.977748 0.061233
0.379587 -0.917630 0.117765
0.379587 -0.917630 0.117765
0.362622 -0.910411 0.199138
0.179575 -0.973986 0.138217
0.179575 -0.973986 0.138217
-0.013050 -0.997198 0.073663
0.017768 -0.999014 0.040688
0.017768 -0.999014 0.040688
0.200648 -0.977748 0.061233
0.179575 -0.973986 0.138217
0.200648 -0.977748 0.061233
0.258441 -0.965277 0.038068
0.440981 -0.896204 0.048524
0.440981 -0.896204 0.048524
0.379587 -0.917630 0.117765
0.200648 -0.977748 0.061233
0.200648 -0.977748 0.061233
0.017768 -0.999014 0.040688
0.060084 -0.998106 0.013226
0.060084 -0.998106 0.013226
0.258441 -0.965277 0.038068
0.200648 -0.977748 0.061233
0.440981 -0.896204 0.048524
0.591815 -0.801558 0.085202
0.553966 -0.803807 0.216832
0.553966 -0.803807 0.216832
0.379587 -0.917630 0.117765
0.440981 -0.896204 0.048524
0.440981 -0.896204 0.048524
0.506692 -0.861190 0.040184
0.662793 -0.747252 0.048158
0.662793 -0.747252 0.048158
0.591815 -0.801558 0.085202
0.440981 -0.896204 0.048524
0.440981 -0.896204 0.048524
0.258441 -0.965277 0.038068
0.304093 -0.952641 0.001744
0.304093 -0.952641 0.001744
0.506692 -0.861190 0.040184
0.440981 -0.896204 0.048524
0.662793 -0.747252 0.048158
0.793369 -0.601761 0.091922
0.744401 -0.621102 0.245153
0.744401 -0.621102 0.245153
0.591815 -0.801558 0.085202
0.662793 -0.747252 0.048158
0.662793 -0.747252 0.048158
0.718762 -0.693046 0.055393
0.846523 -0.527891 0.068776
0.846523 -0.527891 0.068776
0.793369 -0.601761 0.091922
0.662793 -0.747252 0.048158
0.662793 -0.747252 0.048158
0.506692 -0.861190 0.040184
0.544054 -0.839000 0.009125
0.544054 -0.839000 0.009125
0.718762 -0.693046 0.055393
0.662793 -0.747252 0.048158
0.846523 -0.527891 0.068776
0.928564 -0.347891 0.129383
0.875087 -0.396280 0.277822
0.875087 -0.396280 0.277822
0.793369 -0.601761 0.091922
0.846523 -0.527891 0.068776
0.846523 -0.527891 0.068776
0.888160 -0.456509 0.052644
0.957668 -0.275833 0.082392
0.957668 -0.275833 0.082392
0.928564 -0.347891 0.129383
0.846523 -0.527891 0.068776
0.846523 -0.527891 0.068776
0.718762 -0.693046 0.055393
0.753616 -0.657228 0.010678
0.753616 -0.657228 0.010678
0.888160 -0.456509 0.052644
0.846523 -0.527891 0.068776
0.928564 -0.347891 0.129383
0.939292 -0.200808 0.278220
0.869456 -0.197965 0.452610
0.869456 -0.197965 0.452610
0.875087 -0.396280 0.277822
0.928564 -0.347891 0.129383
0.928564 -0.347891 0.129383
0.957668 -0.275833 0.082392
0.984630 -0.124810 0.122175
0.984630 -0.124810 0.122175
0.939292 -0.200808 0.278220
0.928564 -0.347891 0.129383
0.939292 -0.200808 0.278220
0.871470 -0.090017 0.482117
0.812641 -0.077522 0.577585
0.812641 -0.077522 0.577585
0.869456 -0.197965 0.452610
0.939292 -0.200808 0.278220
0.939292 -0.200808 0.278220
0.984630 -0.124810 0.122175
0.969449 0.002061 0.245285
0.969449 0.002061 0.245285
0.871470 -0.090017 0.482117
0.939292 -0.200808 0.278220
0.875087 -0.396280 0.277822
0.869456 -0.197965 0.452610
0.821701 -0.232712 0.520242
0.821701 -0.232712 0.520242
0.811321 -0.407084 0.419572
0.875087 -0.396280 0.277822
0.875087 -0.396280 0.277822
0.811321 -0.407084 0.419572
0.744401 -0.621102 0.245153
0.744401 -0.621102 0.245153
0.793369 -0.601761 0.091922
0.875087 -0.396280 0.277822
0.744401 -0.621102 0.245153
0.811321 -0.407084 0.419572
0.798391 -0.433291 0.418127
0.798391 -0.433291 0.418127
0.701616 -0.629369 0.334109
0.744401 -0.621102 0.245153
0.744401 -0.621102 0.245153
0.701616 -0.629369 0.334109
0.553966 -0.803807 0.216832
0.553966 -0.803807 0.216832
0.591815 -0.801558 0.085202
0.744401 -0.621102 0.245153
0.553966 -0.803807 0.216832
0.701616 -0.629369 0.334109
0.682541 -0.656158 0.321863
0.682541 -0.656158 0.321863
0.526195 -0.812332 0.251465
0.553966 -0.803807 0.216832
0.553966 -0.803807 0.216832
0.526195 -0.812332 0.251465
0.362622 -0.910411 0.199138
0.362622 -0.910411 0.199138
0.379587 -0.917630 0.117765
0.553966 -0.803807 0.216832
0.362622 -0.910411 0.199138
0.526195 -0.812332 0.251465
0.529285 -0.823886 0.202656
0.529285 -0.823886 0.202656
0.333120 -0.926915 0.172799
0.362622 -0.910411 0.199138
-0.161394 -0.984420 0.069776
-0.033038 -0.997428 0.063602
-0.058266 -0.997711 -0.034316
-0.058266 -0.997711 -0.034316
-0.177484 -0.983904 -0.020780
-0.161394 -0.984420 0.069776
0.888160 -0.456509 0.052644
0.905666 -0.423462 0.021202
0.975633 -0.211694 0.057669
0.975633 -0.211694 0.057669
0.957668 -0.275833 0.082392
0.888160 -0.456509 0.052644
0.015455 -0.953159 -0.302073
-0.007225 -0.952658 -0.303958
-0.090437 -0.958678 -0.269735
-0.090437 -0.958678 -0.269735
-0.113643 -0.956153 -0.269921
0.015455 -0.953159 -0.302073
0.896040 -0.042697 0.441915
0.849167 -0.058364 0.524890
0.868271 -0.057206 0.492780
0.868271 -0.057206 0.492780
0.913670 -0.054844 0.402739
0.896040 -0.042697 0.441915
0.952360 -0.049748 0.300892
0.913670 -0.054844 0.402739
0.923684 -0.024085 0.382397
0.923684 -0.024085 0.382397
0.955714 -0.023026 0.293396
0.952360 -0.049748 0.300892
0.855804 0.060945 0.513697
0.875554 0.017875 0.482789
0.836016 -0.014885 0.548502
0.836016 -0.014885 0.548502
0.808052 0.040218 0.587737
0.855804 0.060945 0.513697
-0.244055 0.704606 0.666309
-0.275543 0.712845 0.644925
-0.078319 0.692509 0.717145
-0.078319 0.692509 0.717145
-0.043238 0.686605 0.725743
-0.244055 0.704606 0.666309
-0.043238 0.686605 0.725743
-0.078319 0.692509 0.717145
0.167897 0.702630 0.691463
0.167897 0.702630 0.691463
0.167127 0.702847 0.691430
-0.043238 0.686605 0.725743
0.167127 0.702847 0.691430
0.167897 0.702630 0.691463
0.388814 0.705732 0.592254
0.388814 0.705732 0.592254
0.363137 0.698574 0.616544
0.167127 0.702847 0.691430
0.363137 0.698574 0.616544
0.388814 0.705732 0.592254
0.532288 0.705921 0.467274
0.532288 0.705921 0.467274
0.519186 0.700999 0.488924
0.363137 0.698574 0.616544
-0.040036 0.978624 -0.201724
-0.050049 0.974838 -0.217225
-0.200064 0.949174 -0.242986
-0.200064 0.949174 -0.242986
-0.095835 0.980686 -0.170499
-0.040036 0.978624 -0.201724
-0.060434 0.960014 -0.273352
-0.213381 0.932997 -0.289802
-0.200064 0.949174 -0.242986
-0.200064 0.949174 -0.242986
-0.050049 0.974838 -0.217225
-0.060434 0.960014 -0.273352
-0.169578 -0.960619 -0.220126
-0.100314 -0.982551 -0.156625
-0.133773 -0.983475 -0.121987
-0.133773 -0.983475 -0.121987
-0.196749 -0.966019 -0.167624
-0.169578 -0.960619 -0.220126
-0.889965 -0.007996 -0.455958
-0.755538 0.022000 -0.654735
-0.749588 0.018749 -0.661639
-0.749588 0.018749 -0.661639
-0.888068 -0.009514 -0.459614
-0.889965 -0.007996 -0.455958
0.000000 1.000000 0.000000
-0.000000 1.000000 0.000000
-0.000000 1.000000 0.000000
-0.000000 1.000000 0.000000
-0.000000 1.000000 0.000000
0.000000 1.000000 0.000000
-0.969473 0.003785 -0.245169
-0.891269 0.020474 -0.453012
-0.888597 0.010506 -0.458568
-0.888597 0.010506 -0.458568
-0.968571 0.000121 -0.248737
-0.969473 0.003785 -0.245169
-0.000000 1.000000 -0.000000
0.000000 1.000000 0.000000
-0.000000 1.000000 0.000000
0.000000 1.000000 0.000000
0.000000 1.000000 0.000000
0.000000 1.000000 0.000000
0.000000 1.000000 0.000000
0.000000 1.000000 0.000000
0.000000 1.000000 0.000000
0.000000 1.000000 0.000000
0.000000 1.000000 0.000000
-0.000000 1.000000 0.000000
-0.000000 1.000000 0.000000
0.000000 1.000000 0.000000
-0.000000 1.000000 0.000000
-0.000000 1.000000 0.000000
0.000000 1.000000 0.000000
-0.000000 1.000000 0.000000
-0.000000 1.000000 0.000000
0.000000 1.000000 0.000000
-0.000000 1.000000 0.000000
-0.000000 1.000000 0.000000
0.000000 1.000000 0.000000
-0.000000 1.000000 0.000000
-0.000000 1.000000 0.000000
0.000000 1.000000 0.000000
0.000000 1.000000 0.000000
0.000000 1.000000 0.000000
0.000000 1.000000 0.000000
0.000000 1.000000 0.000000
0.000000 1.000000 0.000000
0.000000 1.000000 0.000000
0.000000 1.000000 0.000000
0.000000 1.000000 0.000000
0.000000 1.000000 0.000000
0.000001 1.000000 0.000000
0.000001 1.000000 0.000000
0.000000 1.000000 0.000000
0.000000 1.000000 0.000000
0.000000 1.000000 0.000000
0.000000 1.000000 0.000000
0.000000 1.000000 -0.000000
0.000000 1.000000 -0.000000
0.000000 1.000000 0.000000
0.000000 1.000000 0.000000
0.000000 1.000000 0.000000
0.000000 1.000000 0.000000
0.000000 1.000000 0.000000
0.000000 1.000000 0.000000
0.000000 1.000000 0.000000
0.000000 1.000000 0.000000
0.000000 1.000000 0.000000
0.000000 1.000000 0.000000
0.000000 1.000000 0.000000
-0.000000 1.000000 -0.000000
0.000000 1.000000 0.000000
-0.000000 1.000000 -0.000000
-0.000000 1.000000 -0.000000
0.000000 1.000000 0.000000
-0.000000 1.000000 -0.000000
0.000000 1.000000 0.000000
0.000000 1.000000 0.000000
0.000001 1.000000 0.000000
0.000001 1.000000 0.000000
0.000000 1.000000 0.000000
0.000000 1.000000 0.000000
0.000000 1.000000 0.000000
0.000000 1.000000 0.000000
0.000000 1.000000 0.000000
-0.000000 1.000000 0.000000
0.000000 1.000000 0.000000
-0.000000 1.000000 0.000000
-0.000000 1.000000 0.000000
0.000000 1.000000 0.000000
-0.000000 1.000000 0.000000
-0.000000 1.000000 0.000000
0.000000 1.000000 0.000000
-0.000000 1.000000 -0.000000
0.000000 -1.000000 -0.000000
-0.000000 -1.000000 -0.000000
0.000000 -1.000000 0.000000
-0.000000 -1.000000 -0.000000
-0.000000 -1.000000 -0.000000
-0.000000 -1.000000 0.000000
-0.000000 -1.000000 -0.000000
-0.000000 -1.000000 -0.000000
-0.000000 -1.000000 -0.000000
0.000000 -1.000000 -0.000000
-0.000000 -1.000000 -0.000000
-0.000000 -1.000000 -0.000000
-0.000000 -1.000000 -0.000000
-0.000000 -1.000000 -0.000000
-0.000000 -1.000000 0.000000
-0.000000 -1.000000 -0.000000
-0.000000 -1.000000 -0.000000
-0.000000 -1.000000 -0.000000
-0.000000 -1.000000 -0.000000
-0.000000 -1.000000 -0.000000
-0.000000 -1.000000 -0.000000
0.000000 -1.000000 -0.000000
-0.000000 -1.000000 -0.000000
0.000000 -1.000000 -0.000000
0.000000 -1.000000 0.000000
-0.000000 -1.000000 -0.000000
0.000000 -1.000000 -0.000000
-0.000000 -1.000000 0.000000
-0.000000 -1.000000 -0.000000
0.000000 -1.000000 0.000000
0.000000 -1.000000 0.000000
-0.000000 -1.000000 -0.000000
-0.000000 -1.000000 0.000000
0.000000 -1.000000 0.000000
-0.000000 -1.000000 -0.000000
0.000000 -1.000000 0.000000
-0.000000 -1.000000 0.000000
-0.000000 -1.000000 -0.000000
0.000000 -1.000000 0.000000
-0.000000 -1.000000 0.000000
-0.000000 -1.000000 -0.000000
-0.000000 -1.000000 0.000000
-0.000000 -1.000000 0.000000
-0.000000 -1.000000 -0.000000
-0.000000 -1.000000 0.000000
-0.000000 -1.000000 -0.000000
-0.000000 -1.000000 -0.000000
0.000000 -1.000000 -0.000000
0.000000 -1.000000 -0.000000
-0.000000 -1.000000 -0.000000
-0.000000 -1.000000 -0.000000
0.000000 -1.000000 -0.000000
-0.000000 -1.000000 -0.000000
0.000000 -1.000000 -0.000000
0.000000 -1.000000 -0.000000
-0.000000 -1.000000 -0.000000
0.000000 -1.000000 -0.000000
0.000000 -1.000000 -0.000000
-0.000000 -1.000000 -0.000000
0.000000 -1.000000 -0.000000
0.000000 -1.000000 0.000000
-0.000000 -1.000000 -0.000000
0.000000 -1.000000 -0.000000
-0.000000 -1.000000 -0.000000
-0.000000 -1.000000 -0.000000
-0.000000 -1.000000 -0.000000
-0.000000 -1.000000 0.000000
-0.000000 -1.000000 -0.000000
-0.000000 -1.000000 -0.000000
-0.000000 -1.000000 -0.000000
-0.000000 -1.000000 -0.000000
-0.000000 -1.000000 -0.000000
-0.000000 -1.000000 -0.000000
-0.000000 -1.000000 -0.000000
-0.000000 -1.000000 -0.000000
-0.000000 -1.000000 -0.000000
-0.000000 -1.000000 -0.000000
-0.000000 -1.000000 -0.000000
0.000001 0.000000 -1.000000
0.000000 -0.000000 -1.000000
0.000001 0.000001 -1.000000
0.000002 -0.000001 -1.000000
0.000000 -0.000000 -1.000000
0.000001 0.000000 -1.000000
0.000002 -0.000001 -1.000000
0.000000 -0.000000 -1.000000
0.000002 -0.000001 -1.000000
0.000002 -0.000001 -1.000000
0.000000 -0.000000 -1.000000
0.000002 -0.000001 -1.000000
-0.000001 0.000000 -1.000000
0.000000 -0.000000 -1.000000
-0.000001 -0.000000 -1.000000
-0.000001 0.000000 -1.000000
0.000000 -0.000000 -1.000000
-0.000001 0.000000 -1.000000
-0.000001 0.000001 -1.000000
0.000000 -0.000000 -1.000000
-0.000001 0.000000 -1.000000
-0.000001 0.000001 -1.000000
0.000000 -0.000000 -1.000000
-0.000001 0.000001 -1.000000
-0.000001 0.000001 -1.000000
0.000000 -0.000000 -1.000000
-0.000001 0.000001 -1.000000
-0.000000 0.000001 -1.000000
0.000000 -0.000000 -1.000000
-0.000001 0.000001 -1.000000
0.000001 0.000001 -1.000000
0.000000 -0.000000 -1.000000
-0.000000 0.000001 -1.000000
0.000002 0.000001 -1.000000
0.000000 -0.000000 -1.000000
0.000001 0.000001 -1.000000
0.000001 0.000002 -1.000000
0.000000 -0.000000 -1.000000
0.000002 0.000001 -1.000000
0.000001 0.000002 -1.000000
0.000000 -0.000000 -1.000000
0.000001 0.000002 -1.000000
0.000001 0.000002 -1.000000
0.000000 -0.000000 -1.000000
0.000001 0.000002 -1.000000
0.000001 0.000002 -1.000000
0.000000 -0.000000 -1.000000
0.000001 0.000002 -1.000000
0.000001 -0.000002 -1.000000
0.000000 -0.000000 -1.000000
0.000001 -0.000001 -1.000000
-0.000001 -0.000001 -1.000000
0.000000 -0.000000 -1.000000
-0.000001 -0.000001 -1.000000
-0.000001 -0.000000 -1.000000
0.000000 -0.000000 -1.000000
-0.000001 -0.000001 -1.000000
0.000001 -0.000001 -1.000000
0.000000 -0.000000 -1.000000
0.000003 -0.000002 -1.000000
-0.000001 -0.000001 -1.000000
0.000000 -0.000000 -1.000000
-0.000002 -0.000001 -1.000000
-0.000001 -0.000001 -1.000000
0.000000 -0.000000 -1.000000
-0.000001 -0.000001 -1.000000
0.000001 0.000001 -1.000000
0.000000 -0.000000 -1.000000
0.000001 0.000002 -1.000000
0.000002 -0.000001 -1.000000
0.000000 -0.000000 -1.000000
0.000002 -0.000001 -1.000000
0.000001 -0.000001 -1.000000
0.000000 -0.000000 -1.000000
0.000002 -0.000001 -1.000000
-0.000001 -0.000000 -1.000000
0.000000 -0.000000 -1.000000
-0.000001 -0.000000 -1.000000
0.000001 -0.000002 -1.000000
0.000000 -0.000000 -1.000000
0.000001 -0.000002 -1.000000
0.000003 -0.000002 -1.000000
0.000000 -0.000000 -1.000000
0.000001 -0.000002 -1.000000
-0.000001 -0.000001 -1.000000
0.000000 -0.000000 -1.000000
-0.000001 -0.000001 -1.000000
-0.000002 -0.000001 -1.000000
0.000000 -0.000000 -1.000000
0.000001 -0.000001 -1.000000
</float_array>
          <technique_common>
            <accessor source="#arm_r_link3-Normal0-array" count="7734" stride="3">
              <param name="X" type="float"/>
              <param name="Y" type="float"/>
              <param name="Z" type="float"/>
            </accessor>
          </technique_common>
        </source>
        <vertices id="arm_r_link3-VERTEX">
          <input semantic="POSITION" source="#arm_r_link3-POSITION"/>
        </vertices>
        <triangles count="2578" material="white">
          <input semantic="VERTEX" offset="0" source="#arm_r_link3-VERTEX"/>
          <input semantic="NORMAL" offset="1" source="#arm_r_link3-Normal0"/>
          <p> 0 0 1 1 2 2 2 3 3 4 0 5 0 6 4 7 5 8 5 9 1 10 0 11 0 12 6 13 7 14 7 15 4 16 0 17 0 18 3 19 8 20 8 21 9 22 0 23 10 24 11 25 12 26 12 27 13 28 10 29 10 30 14 31 15 32 15 33 16 34 10 35 10 36 13 37 17 38 17 39 14 40 10 41 10 42 18 43 19 44 19 45 11 46 10 47 10 48 16 49 20 50 20 51 18 52 10 53 21 54 22 55 23 56 23 57 24 58 21 59 21 60 25 61 26 62 26 63 22 64 21 65 21 66 24 67 27 68 27 69 28 70 21 71 29 72 30 73 31 74 31 75 32 76 29 77 29 78 32 79 33 80 33 81 34 82 29 83 29 84 34 85 35 86 35 87 30 88 29 89 36 90 37 91 38 92 38 93 39 94 36 95 36 96 3 97 2 98 2 99 40 100 36 101 36 102 39 103 8 104 8 105 3 106 36 107 36 108 40 109 41 110 41 111 42 112 36 113 36 114 42 115 43 116 43 117 37 118 36 119 44 120 45 121 46 122 46 123 47 124 44 125 44 126 48 127 49 128 49 129 50 130 44 131 44 132 50 133 51 134 51 135 45 136 44 137 44 138 52 139 53 140 53 141 48 142 44 143 54 144 55 145 56 146 56 147 57 148 54 149 54 150 58 151 59 152 59 153 55 154 54 155 59 156 58 157 60 158 60 159 61 160 59 161 62 162 61 163 60 164 60 165 63 166 62 167 64 168 62 169 63 170 63 171 65 172 64 173 66 174 64 175 65 176 65 177 67 178 66 179 68 180 66 181 67 182 67 183 69 184 68 185 70 186 68 187 69 188 69 189 71 190 70 191 72 192 70 193 71 194 71 195 73 196 72 197 74 198 72 199 73 200 73 201 75 202 74 203 76 204 74 205 75 206 75 207 77 208 76 209 78 210 76 211 77 212 77 213 79 214 78 215 80 216 78 217 79 218 79 219 81 220 80 221 82 222 80 223 81 224 81 225 83 226 82 227 83 228 84 229 85 230 85 231 82 232 83 233 86 234 87 235 88 236 88 237 89 238 86 239 86 240 90 241 91 242 91 243 87 244 86 245 91 246 90 247 57 248 57 249 56 250 91 251 56 252 55 253 92 254 92 255 93 256 56 257 92 258 55 259 59 260 59 261 94 262 92 263 95 264 94 265 59 266 59 267 61 268 95 269 96 270 95 271 61 272 61 273 62 274 96 275 97 276 96 277 62 278 62 279 64 280 97 281 98 282 97 283 64 284 64 285 66 286 98 287 99 288 98 289 66 290 66 291 68 292 99 293 100 294 99 295 68 296 68 297 70 298 100 299 101 300 100 301 70 302 70 303 72 304 101 305 102 306 101 307 72 308 72 309 74 310 102 311 103 312 102 313 74 314 74 315 76 316 103 317 104 318 103 319 76 320 76 321 78 322 104 323 105 324 104 325 78 326 78 327 80 328 105 329 106 330 105 331 80 332 80 333 82 334 106 335 107 336 106 337 82 338 82 339 85 340 107 341 85 342 84 343 108 344 108 345 109 346 85 347 110 348 109 349 108 350 108 351 111 352 110 353 112 354 110 355 111 356 111 357 113 358 112 359 114 360 112 361 113 362 113 363 115 364 114 365 115 366 116 367 117 368 117 369 114 370 115 371 116 372 118 373 119 374 119 375 117 376 116 377 118 378 120 379 121 380 121 381 119 382 118 383 121 384 120 385 89 386 89 387 88 388 121 389 88 390 87 391 122 392 122 393 123 394 88 395 122 396 87 397 91 398 91 399 124 400 122 401 124 402 91 403 56 404 56 405 93 406 124 407 93 408 125 409 126 410 126 411 124 412 93 413 93 414 92 415 127 416 127 417 125 418 93 419 92 420 94 421 128 422 128 423 127 424 92 425 94 426 95 427 129 428 129 429 128 430 94 431 95 432 96 433 130 434 130 435 129 436 95 437 96 438 97 439 131 440 131 441 130 442 96 443 97 444 98 445 132 446 132 447 131 448 97 449 98 450 99 451 133 452 133 453 132 454 98 455 99 456 100 457 134 458 134 459 133 460 99 461 100 462 101 463 135 464 135 465 134 466 100 467 101 468 102 469 136 470 136 471 135 472 101 473 102 474 103 475 137 476 137 477 136 478 102 479 103 480 104 481 138 482 138 483 137 484 103 485 104 486 105 487 139 488 139 489 138 490 104 491 105 492 106 493 140 494 140 495 139 496 105 497 106 498 107 499 141 500 141 501 140 502 106 503 107 504 142 505 143 506 143 507 141 508 107 509 107 510 85 511 109 512 109 513 142 514 107 515 144 516 142 517 109 518 109 519 110 520 144 521 145 522 144 523 110 524 110 525 112 526 145 527 146 528 145 529 112 530 112 531 114 532 146 533 147 534 146 535 114 536 114 537 117 538 147 539 117 540 119 541 148 542 148 543 147 544 117 545 148 546 119 547 121 548 121 549 149 550 148 551 149 552 121 553 88 554 88 555 123 556 149 557 123 558 150 559 151 560 151 561 149 562 123 563 123 564 122 565 152 566 152 567 150 568 123 569 152 570 153 571 154 572 154 573 150 574 152 575 152 576 126 577 155 578 155 579 153 580 152 581 152 582 122 583 124 584 124 585 126 586 152 587 155 588 156 589 157 590 157 591 153 592 155 593 155 594 158 595 159 596 159 597 156 598 155 599 155 600 126 601 125 602 125 603 158 604 155 605 158 606 160 607 161 608 161 609 159 610 158 611 158 612 125 613 127 614 127 615 160 616 158 617 160 618 27 619 24 620 24 621 161 622 160 623 160 624 127 625 128 626 128 627 27 628 160 629 161 630 162 631 163 632 163 633 159 634 161 635 161 636 24 637 23 638 23 639 162 640 161 641 162 642 164 643 165 644 165 645 163 646 162 647 162 648 23 649 166 650 166 651 164 652 162 653 166 654 167 655 168 656 168 657 164 658 166 659 166 660 169 661 170 662 170 663 167 664 166 665 166 666 23 667 22 668 22 669 169 670 166 671 169 672 171 673 172 674 172 675 170 676 169 677 169 678 22 679 26 680 26 681 171 682 169 683 171 684 173 685 174 686 174 687 172 688 171 689 171 690 26 691 175 692 175 693 173 694 171 695 175 696 176 697 177 698 177 699 173 700 175 701 175 702 178 703 179 704 179 705 176 706 175 707 175 708 26 709 25 710 25 711 178 712 175 713 178 714 180 715 181 716 181 717 179 718 178 719 178 720 25 721 49 722 49 723 180 724 178 725 180 726 182 727 183 728 183 729 181 730 180 731 180 732 49 733 48 734 48 735 182 736 180 737 182 738 184 739 185 740 185 741 183 742 182 743 182 744 48 745 53 746 53 747 184 748 182 749 184 750 186 751 187 752 187 753 185 754 184 755 184 756 53 757 188 758 188 759 186 760 184 761 188 762 189 763 190 764 190 765 186 766 188 767 188 768 191 769 192 770 192 771 189 772 188 773 188 774 53 775 52 776 52 777 191 778 188 779 191 780 193 781 194 782 194 783 192 784 191 785 191 786 52 787 195 788 195 789 193 790 191 791 195 792 196 793 197 794 197 795 193 796 195 797 195 798 47 799 198 800 198 801 196 802 195 803 195 804 52 805 44 806 44 807 47 808 195 809 198 810 199 811 200 812 200 813 196 814 198 815 198 816 201 817 202 818 202 819 199 820 198 821 198 822 47 823 46 824 46 825 201 826 198 827 201 828 133 829 134 830 134 831 202 832 201 833 201 834 46 835 132 836 132 837 133 838 201 839 202 840 203 841 204 842 204 843 199 844 202 845 202 846 134 847 135 848 135 849 203 850 202 851 203 852 205 853 206 854 206 855 204 856 203 857 203 858 135 859 136 860 136 861 205 862 203 863 205 864 207 865 208 866 208 867 206 868 205 869 205 870 136 871 137 872 137 873 207 874 205 875 207 876 209 877 210 878 210 879 208 880 207 881 207 882 137 883 138 884 138 885 209 886 207 887 209 888 211 889 212 890 212 891 210 892 209 893 209 894 138 895 139 896 139 897 211 898 209 899 211 900 213 901 214 902 214 903 212 904 211 905 211 906 139 907 140 908 140 909 213 910 211 911 213 912 215 913 216 914 216 915 214 916 213 917 213 918 140 919 141 920 141 921 215 922 213 923 215 924 217 925 218 926 218 927 216 928 215 929 215 930 141 931 143 932 143 933 217 934 215 935 217 936 219 937 220 938 220 939 218 940 217 941 217 942 143 943 221 944 221 945 219 946 217 947 221 948 222 949 223 950 223 951 219 952 221 953 221 954 144 955 145 956 145 957 222 958 221 959 221 960 143 961 142 962 142 963 144 964 221 965 145 966 146 967 224 968 224 969 222 970 145 971 146 972 147 973 225 974 225 975 224 976 146 977 147 978 148 979 226 980 226 981 225 982 147 983 226 984 227 985 228 986 228 987 225 988 226 989 226 990 151 991 229 992 229 993 227 994 226 995 226 996 148 997 149 998 149 999 151 1000 226 1001 229 1002 230 1003 231 1004 231 1005 227 1006 229 1007 229 1008 154 1009 232 1010 232 1011 230 1012 229 1013 229 1014 151 1015 150 1016 150 1017 154 1018 229 1019 232 1020 233 1021 234 1022 234 1023 230 1024 232 1025 232 1026 157 1027 235 1028 235 1029 233 1030 232 1031 232 1032 154 1033 153 1034 153 1035 157 1036 232 1037 235 1038 236 1039 237 1040 237 1041 233 1042 235 1043 235 1044 238 1045 239 1046 239 1047 236 1048 235 1049 235 1050 157 1051 156 1052 156 1053 238 1054 235 1055 238 1056 163 1057 165 1058 165 1059 239 1060 238 1061 238 1062 156 1063 159 1064 159 1065 163 1066 238 1067 239 1068 240 1069 241 1070 241 1071 236 1072 239 1073 239 1074 165 1075 242 1076 242 1077 240 1078 239 1079 242 1080 243 1081 244 1082 244 1083 240 1084 242 1085 242 1086 168 1087 245 1088 245 1089 243 1090 242 1091 242 1092 165 1093 164 1094 164 1095 168 1096 242 1097 245 1098 246 1099 247 1100 247 1101 243 1102 245 1103 245 1104 248 1105 249 1106 249 1107 246 1108 245 1109 245 1110 168 1111 167 1112 167 1113 248 1114 245 1115 248 1116 250 1117 251 1118 251 1119 249 1120 248 1121 248 1122 167 1123 170 1124 170 1125 250 1126 248 1127 250 1128 252 1129 253 1130 253 1131 251 1132 250 1133 250 1134 170 1135 172 1136 172 1137 252 1138 250 1139 252 1140 254 1141 255 1142 255 1143 253 1144 252 1145 252 1146 172 1147 174 1148 174 1149 254 1150 252 1151 254 1152 256 1153 257 1154 257 1155 255 1156 254 1157 254 1158 174 1159 258 1160 258 1161 256 1162 254 1163 258 1164 259 1165 260 1166 260 1167 256 1168 258 1169 258 1170 177 1171 261 1172 261 1173 259 1174 258 1175 258 1176 174 1177 173 1178 173 1179 177 1180 258 1181 261 1182 262 1183 263 1184 263 1185 259 1186 261 1187 261 1188 264 1189 265 1190 265 1191 262 1192 261 1193 261 1194 177 1195 176 1196 176 1197 264 1198 261 1199 264 1200 266 1201 267 1202 267 1203 265 1204 264 1205 264 1206 176 1207 179 1208 179 1209 266 1210 264 1211 266 1212 268 1213 269 1214 269 1215 267 1216 266 1217 266 1218 179 1219 181 1220 181 1221 268 1222 266 1223 268 1224 270 1225 271 1226 271 1227 269 1228 268 1229 268 1230 181 1231 183 1232 183 1233 270 1234 268 1235 270 1236 272 1237 273 1238 273 1239 271 1240 270 1241 270 1242 183 1243 185 1244 185 1245 272 1246 270 1247 272 1248 274 1249 275 1250 275 1251 273 1252 272 1253 272 1254 185 1255 187 1256 187 1257 274 1258 272 1259 274 1260 276 1261 277 1262 277 1263 275 1264 274 1265 274 1266 187 1267 278 1268 278 1269 276 1270 274 1271 278 1272 279 1273 280 1274 280 1275 276 1276 278 1277 278 1278 190 1279 281 1280 281 1281 279 1282 278 1283 278 1284 187 1285 186 1286 186 1287 190 1288 278 1289 281 1290 282 1291 283 1292 283 1293 279 1294 281 1295 281 1296 284 1297 285 1298 285 1299 282 1300 281 1301 281 1302 190 1303 189 1304 189 1305 284 1306 281 1307 284 1308 286 1309 287 1310 287 1311 285 1312 284 1313 284 1314 189 1315 192 1316 192 1317 286 1318 284 1319 286 1320 288 1321 289 1322 289 1323 287 1324 286 1325 286 1326 192 1327 194 1328 194 1329 288 1330 286 1331 288 1332 290 1333 291 1334 291 1335 289 1336 288 1337 288 1338 194 1339 292 1340 292 1341 290 1342 288 1343 292 1344 293 1345 294 1346 294 1347 290 1348 292 1349 292 1350 197 1351 295 1352 295 1353 293 1354 292 1355 292 1356 194 1357 193 1358 193 1359 197 1360 292 1361 295 1362 296 1363 297 1364 297 1365 293 1366 295 1367 295 1368 200 1369 298 1370 298 1371 296 1372 295 1373 295 1374 197 1375 196 1376 196 1377 200 1378 295 1379 298 1380 299 1381 300 1382 300 1383 296 1384 298 1385 298 1386 204 1387 206 1388 206 1389 299 1390 298 1391 298 1392 200 1393 199 1394 199 1395 204 1396 298 1397 299 1398 301 1399 302 1400 302 1401 300 1402 299 1403 299 1404 206 1405 208 1406 208 1407 301 1408 299 1409 301 1410 303 1411 304 1412 304 1413 302 1414 301 1415 301 1416 208 1417 210 1418 210 1419 303 1420 301 1421 303 1422 305 1423 306 1424 306 1425 304 1426 303 1427 303 1428 210 1429 212 1430 212 1431 305 1432 303 1433 305 1434 307 1435 308 1436 308 1437 306 1438 305 1439 305 1440 212 1441 214 1442 214 1443 307 1444 305 1445 307 1446 309 1447 310 1448 310 1449 308 1450 307 1451 307 1452 214 1453 216 1454 216 1455 309 1456 307 1457 309 1458 311 1459 312 1460 312 1461 310 1462 309 1463 309 1464 216 1465 218 1466 218 1467 311 1468 309 1469 311 1470 313 1471 314 1472 314 1473 312 1474 311 1475 311 1476 218 1477 220 1478 220 1479 313 1480 311 1481 313 1482 315 1483 316 1484 316 1485 314 1486 313 1487 313 1488 220 1489 317 1490 317 1491 315 1492 313 1493 317 1494 318 1495 319 1496 319 1497 315 1498 317 1499 317 1500 223 1501 320 1502 320 1503 318 1504 317 1505 317 1506 220 1507 219 1508 219 1509 223 1510 317 1511 320 1512 228 1513 321 1514 321 1515 318 1516 320 1517 320 1518 224 1519 225 1520 225 1521 228 1522 320 1523 320 1524 223 1525 222 1526 222 1527 224 1528 320 1529 321 1530 322 1531 319 1532 319 1533 318 1534 321 1535 321 1536 231 1537 323 1538 323 1539 322 1540 321 1541 321 1542 228 1543 227 1544 227 1545 231 1546 321 1547 323 1548 324 1549 325 1550 325 1551 322 1552 323 1553 323 1554 234 1555 326 1556 326 1557 324 1558 323 1559 323 1560 231 1561 230 1562 230 1563 234 1564 323 1565 326 1566 327 1567 328 1568 328 1569 324 1570 326 1571 326 1572 237 1573 329 1574 329 1575 327 1576 326 1577 326 1578 234 1579 233 1580 233 1581 237 1582 326 1583 329 1584 330 1585 331 1586 331 1587 327 1588 329 1589 329 1590 241 1591 332 1592 332 1593 330 1594 329 1595 329 1596 237 1597 236 1598 236 1599 241 1600 329 1601 332 1602 333 1603 334 1604 334 1605 330 1606 332 1607 332 1608 244 1609 335 1610 335 1611 333 1612 332 1613 332 1614 241 1615 240 1616 240 1617 244 1618 332 1619 335 1620 336 1621 337 1622 337 1623 333 1624 335 1625 335 1626 247 1627 338 1628 338 1629 336 1630 335 1631 335 1632 244 1633 243 1634 243 1635 247 1636 335 1637 338 1638 339 1639 340 1640 340 1641 336 1642 338 1643 338 1644 341 1645 342 1646 342 1647 339 1648 338 1649 338 1650 247 1651 246 1652 246 1653 341 1654 338 1655 341 1656 343 1657 344 1658 344 1659 342 1660 341 1661 341 1662 246 1663 249 1664 249 1665 343 1666 341 1667 343 1668 345 1669 346 1670 346 1671 344 1672 343 1673 343 1674 249 1675 251 1676 251 1677 345 1678 343 1679 345 1680 347 1681 348 1682 348 1683 346 1684 345 1685 345 1686 251 1687 253 1688 253 1689 347 1690 345 1691 347 1692 349 1693 350 1694 350 1695 348 1696 347 1697 347 1698 253 1699 255 1700 255 1701 349 1702 347 1703 349 1704 351 1705 352 1706 352 1707 350 1708 349 1709 349 1710 255 1711 257 1712 257 1713 351 1714 349 1715 351 1716 353 1717 354 1718 354 1719 352 1720 351 1721 351 1722 257 1723 355 1724 355 1725 353 1726 351 1727 355 1728 356 1729 357 1730 357 1731 353 1732 355 1733 355 1734 260 1735 358 1736 358 1737 356 1738 355 1739 355 1740 257 1741 256 1742 256 1743 260 1744 355 1745 358 1746 359 1747 360 1748 360 1749 356 1750 358 1751 358 1752 263 1753 361 1754 361 1755 359 1756 358 1757 358 1758 260 1759 259 1760 259 1761 263 1762 358 1763 361 1764 362 1765 363 1766 363 1767 359 1768 361 1769 361 1770 364 1771 365 1772 365 1773 362 1774 361 1775 361 1776 263 1777 262 1778 262 1779 364 1780 361 1781 364 1782 366 1783 367 1784 367 1785 365 1786 364 1787 364 1788 262 1789 265 1790 265 1791 366 1792 364 1793 366 1794 368 1795 369 1796 369 1797 367 1798 366 1799 366 1800 265 1801 267 1802 267 1803 368 1804 366 1805 368 1806 370 1807 371 1808 371 1809 369 1810 368 1811 368 1812 267 1813 269 1814 269 1815 370 1816 368 1817 370 1818 372 1819 373 1820 373 1821 371 1822 370 1823 370 1824 269 1825 271 1826 271 1827 372 1828 370 1829 372 1830 374 1831 375 1832 375 1833 373 1834 372 1835 372 1836 271 1837 273 1838 273 1839 374 1840 372 1841 374 1842 376 1843 377 1844 377 1845 375 1846 374 1847 374 1848 273 1849 275 1850 275 1851 376 1852 374 1853 376 1854 378 1855 379 1856 379 1857 377 1858 376 1859 376 1860 275 1861 277 1862 277 1863 378 1864 376 1865 378 1866 380 1867 381 1868 381 1869 379 1870 378 1871 378 1872 277 1873 382 1874 382 1875 380 1876 378 1877 382 1878 277 1879 276 1880 276 1881 280 1882 382 1883 382 1884 383 1885 384 1886 384 1887 380 1888 382 1889 382 1890 280 1891 385 1892 385 1893 383 1894 382 1895 385 1896 386 1897 387 1898 387 1899 383 1900 385 1901 385 1902 283 1903 388 1904 388 1905 386 1906 385 1907 385 1908 280 1909 279 1910 279 1911 283 1912 385 1913 388 1914 389 1915 390 1916 390 1917 386 1918 388 1919 388 1920 391 1921 392 1922 392 1923 389 1924 388 1925 388 1926 283 1927 282 1928 282 1929 391 1930 388 1931 391 1932 393 1933 394 1934 394 1935 392 1936 391 1937 391 1938 282 1939 285 1940 285 1941 393 1942 391 1943 393 1944 395 1945 396 1946 396 1947 394 1948 393 1949 393 1950 285 1951 287 1952 287 1953 395 1954 393 1955 395 1956 397 1957 398 1958 398 1959 396 1960 395 1961 395 1962 287 1963 289 1964 289 1965 397 1966 395 1967 397 1968 399 1969 400 1970 400 1971 398 1972 397 1973 397 1974 289 1975 291 1976 291 1977 399 1978 397 1979 399 1980 401 1981 402 1982 402 1983 400 1984 399 1985 399 1986 291 1987 403 1988 403 1989 401 1990 399 1991 403 1992 404 1993 405 1994 405 1995 401 1996 403 1997 403 1998 294 1999 406 2000 406 2001 404 2002 403 2003 403 2004 291 2005 290 2006 290 2007 294 2008 403 2009 406 2010 407 2011 408 2012 408 2013 404 2014 406 2015 406 2016 297 2017 409 2018 409 2019 407 2020 406 2021 406 2022 294 2023 293 2024 293 2025 297 2026 406 2027 409 2028 410 2029 411 2030 411 2031 407 2032 409 2033 409 2034 300 2035 302 2036 302 2037 410 2038 409 2039 409 2040 297 2041 296 2042 296 2043 300 2044 409 2045 410 2046 412 2047 413 2048 413 2049 411 2050 410 2051 410 2052 302 2053 304 2054 304 2055 412 2056 410 2057 412 2058 414 2059 415 2060 415 2061 413 2062 412 2063 412 2064 304 2065 306 2066 306 2067 414 2068 412 2069 414 2070 416 2071 417 2072 417 2073 415 2074 414 2075 414 2076 306 2077 308 2078 308 2079 416 2080 414 2081 416 2082 418 2083 419 2084 419 2085 417 2086 416 2087 416 2088 308 2089 310 2090 310 2091 418 2092 416 2093 418 2094 420 2095 421 2096 421 2097 419 2098 418 2099 418 2100 310 2101 312 2102 312 2103 420 2104 418 2105 420 2106 422 2107 423 2108 423 2109 421 2110 420 2111 420 2112 312 2113 314 2114 314 2115 422 2116 420 2117 422 2118 424 2119 425 2120 425 2121 423 2122 422 2123 422 2124 314 2125 316 2126 316 2127 424 2128 422 2129 424 2130 426 2131 427 2132 427 2133 425 2134 424 2135 424 2136 316 2137 428 2138 428 2139 426 2140 424 2141 428 2142 325 2143 429 2144 429 2145 426 2146 428 2147 428 2148 319 2149 322 2150 322 2151 325 2152 428 2153 428 2154 316 2155 315 2156 315 2157 319 2158 428 2159 429 2160 430 2161 427 2162 427 2163 426 2164 429 2165 429 2166 328 2167 431 2168 431 2169 430 2170 429 2171 429 2172 325 2173 324 2174 324 2175 328 2176 429 2177 431 2178 432 2179 433 2180 433 2181 430 2182 431 2183 431 2184 331 2185 434 2186 434 2187 432 2188 431 2189 431 2190 328 2191 327 2192 327 2193 331 2194 431 2195 434 2196 435 2197 436 2198 436 2199 432 2200 434 2201 434 2202 334 2203 437 2204 437 2205 435 2206 434 2207 434 2208 331 2209 330 2210 330 2211 334 2212 434 2213 437 2214 438 2215 439 2216 439 2217 435 2218 437 2219 437 2220 337 2221 440 2222 440 2223 438 2224 437 2225 437 2226 334 2227 333 2228 333 2229 337 2230 437 2231 440 2232 441 2233 442 2234 442 2235 438 2236 440 2237 440 2238 340 2239 443 2240 443 2241 441 2242 440 2243 440 2244 337 2245 336 2246 336 2247 340 2248 440 2249 443 2250 444 2251 445 2252 445 2253 441 2254 443 2255 443 2256 446 2257 447 2258 447 2259 444 2260 443 2261 443 2262 340 2263 339 2264 339 2265 446 2266 443 2267 446 2268 448 2269 449 2270 449 2271 447 2272 446 2273 446 2274 339 2275 342 2276 342 2277 448 2278 446 2279 448 2280 450 2281 451 2282 451 2283 449 2284 448 2285 448 2286 342 2287 344 2288 344 2289 450 2290 448 2291 450 2292 452 2293 453 2294 453 2295 451 2296 450 2297 450 2298 344 2299 346 2300 346 2301 452 2302 450 2303 452 2304 454 2305 455 2306 455 2307 453 2308 452 2309 452 2310 346 2311 348 2312 348 2313 454 2314 452 2315 454 2316 456 2317 457 2318 457 2319 455 2320 454 2321 454 2322 348 2323 350 2324 350 2325 456 2326 454 2327 456 2328 458 2329 459 2330 459 2331 457 2332 456 2333 456 2334 350 2335 352 2336 352 2337 458 2338 456 2339 458 2340 460 2341 461 2342 461 2343 459 2344 458 2345 458 2346 352 2347 354 2348 354 2349 460 2350 458 2351 460 2352 462 2353 463 2354 463 2355 461 2356 460 2357 460 2358 354 2359 464 2360 464 2361 462 2362 460 2363 464 2364 465 2365 466 2366 466 2367 462 2368 464 2369 464 2370 357 2371 467 2372 467 2373 465 2374 464 2375 464 2376 354 2377 353 2378 353 2379 357 2380 464 2381 467 2382 468 2383 469 2384 469 2385 465 2386 467 2387 467 2388 360 2389 470 2390 470 2391 468 2392 467 2393 467 2394 357 2395 356 2396 356 2397 360 2398 467 2399 470 2400 471 2401 472 2402 472 2403 468 2404 470 2405 470 2406 363 2407 473 2408 473 2409 471 2410 470 2411 470 2412 360 2413 359 2414 359 2415 363 2416 470 2417 473 2418 474 2419 475 2420 475 2421 471 2422 473 2423 473 2424 476 2425 477 2426 477 2427 474 2428 473 2429 473 2430 363 2431 362 2432 362 2433 476 2434 473 2435 476 2436 478 2437 479 2438 479 2439 477 2440 476 2441 476 2442 362 2443 365 2444 365 2445 478 2446 476 2447 478 2448 480 2449 481 2450 481 2451 479 2452 478 2453 478 2454 365 2455 367 2456 367 2457 480 2458 478 2459 480 2460 482 2461 483 2462 483 2463 481 2464 480 2465 480 2466 367 2467 369 2468 369 2469 482 2470 480 2471 482 2472 484 2473 485 2474 485 2475 483 2476 482 2477 482 2478 369 2479 371 2480 371 2481 484 2482 482 2483 484 2484 486 2485 487 2486 487 2487 485 2488 484 2489 484 2490 371 2491 373 2492 373 2493 486 2494 484 2495 486 2496 488 2497 489 2498 489 2499 487 2500 486 2501 486 2502 373 2503 375 2504 375 2505 488 2506 486 2507 488 2508 490 2509 491 2510 491 2511 489 2512 488 2513 488 2514 375 2515 377 2516 377 2517 490 2518 488 2519 490 2520 492 2521 493 2522 493 2523 491 2524 490 2525 490 2526 377 2527 379 2528 379 2529 492 2530 490 2531 492 2532 494 2533 495 2534 495 2535 493 2536 492 2537 492 2538 379 2539 381 2540 381 2541 494 2542 492 2543 494 2544 496 2545 497 2546 497 2547 495 2548 494 2549 494 2550 381 2551 498 2552 498 2553 496 2554 494 2555 498 2556 381 2557 380 2558 380 2559 384 2560 498 2561 498 2562 499 2563 500 2564 500 2565 496 2566 498 2567 498 2568 384 2569 501 2570 501 2571 499 2572 498 2573 501 2574 502 2575 503 2576 503 2577 499 2578 501 2579 501 2580 387 2581 504 2582 504 2583 502 2584 501 2585 501 2586 384 2587 383 2588 383 2589 387 2590 501 2591 504 2592 505 2593 506 2594 506 2595 502 2596 504 2597 504 2598 390 2599 507 2600 507 2601 505 2602 504 2603 504 2604 387 2605 386 2606 386 2607 390 2608 504 2609 507 2610 508 2611 509 2612 509 2613 505 2614 507 2615 507 2616 510 2617 511 2618 511 2619 508 2620 507 2621 507 2622 390 2623 389 2624 389 2625 510 2626 507 2627 510 2628 512 2629 513 2630 513 2631 511 2632 510 2633 510 2634 389 2635 392 2636 392 2637 512 2638 510 2639 512 2640 514 2641 515 2642 515 2643 513 2644 512 2645 512 2646 392 2647 394 2648 394 2649 514 2650 512 2651 514 2652 516 2653 517 2654 517 2655 515 2656 514 2657 514 2658 394 2659 396 2660 396 2661 516 2662 514 2663 516 2664 518 2665 519 2666 519 2667 517 2668 516 2669 516 2670 396 2671 398 2672 398 2673 518 2674 516 2675 518 2676 520 2677 521 2678 521 2679 519 2680 518 2681 518 2682 398 2683 400 2684 400 2685 520 2686 518 2687 520 2688 522 2689 523 2690 523 2691 521 2692 520 2693 520 2694 400 2695 402 2696 402 2697 522 2698 520 2699 522 2700 524 2701 525 2702 525 2703 523 2704 522 2705 522 2706 402 2707 526 2708 526 2709 524 2710 522 2711 526 2712 527 2713 528 2714 528 2715 524 2716 526 2717 526 2718 405 2719 529 2720 529 2721 527 2722 526 2723 526 2724 402 2725 401 2726 401 2727 405 2728 526 2729 529 2730 530 2731 531 2732 531 2733 527 2734 529 2735 529 2736 408 2737 532 2738 532 2739 530 2740 529 2741 529 2742 405 2743 404 2744 404 2745 408 2746 529 2747 532 2748 533 2749 534 2750 534 2751 530 2752 532 2753 532 2754 411 2755 413 2756 413 2757 533 2758 532 2759 532 2760 408 2761 407 2762 407 2763 411 2764 532 2765 533 2766 535 2767 536 2768 536 2769 534 2770 533 2771 533 2772 413 2773 415 2774 415 2775 535 2776 533 2777 535 2778 537 2779 538 2780 538 2781 536 2782 535 2783 535 2784 415 2785 417 2786 417 2787 537 2788 535 2789 537 2790 539 2791 540 2792 540 2793 538 2794 537 2795 537 2796 417 2797 419 2798 419 2799 539 2800 537 2801 539 2802 541 2803 542 2804 542 2805 540 2806 539 2807 539 2808 419 2809 421 2810 421 2811 541 2812 539 2813 541 2814 543 2815 544 2816 544 2817 542 2818 541 2819 541 2820 421 2821 423 2822 423 2823 543 2824 541 2825 543 2826 545 2827 546 2828 546 2829 544 2830 543 2831 543 2832 423 2833 425 2834 425 2835 545 2836 543 2837 545 2838 547 2839 548 2840 548 2841 546 2842 545 2843 545 2844 425 2845 427 2846 427 2847 547 2848 545 2849 547 2850 433 2851 549 2852 549 2853 548 2854 547 2855 547 2856 427 2857 430 2858 430 2859 433 2860 547 2861 549 2862 550 2863 551 2864 551 2865 548 2866 549 2867 549 2868 436 2869 552 2870 552 2871 550 2872 549 2873 549 2874 433 2875 432 2876 432 2877 436 2878 549 2879 552 2880 553 2881 554 2882 554 2883 550 2884 552 2885 552 2886 439 2887 555 2888 555 2889 553 2890 552 2891 552 2892 436 2893 435 2894 435 2895 439 2896 552 2897 555 2898 556 2899 557 2900 557 2901 553 2902 555 2903 555 2904 442 2905 558 2906 558 2907 556 2908 555 2909 555 2910 439 2911 438 2912 438 2913 442 2914 555 2915 558 2916 559 2917 560 2918 560 2919 556 2920 558 2921 558 2922 445 2923 561 2924 561 2925 559 2926 558 2927 558 2928 442 2929 441 2930 441 2931 445 2932 558 2933 561 2934 562 2935 563 2936 563 2937 559 2938 561 2939 561 2940 564 2941 565 2942 565 2943 562 2944 561 2945 561 2946 445 2947 444 2948 444 2949 564 2950 561 2951 564 2952 566 2953 567 2954 567 2955 565 2956 564 2957 564 2958 444 2959 447 2960 447 2961 566 2962 564 2963 566 2964 568 2965 569 2966 569 2967 567 2968 566 2969 566 2970 447 2971 449 2972 449 2973 568 2974 566 2975 568 2976 570 2977 571 2978 571 2979 569 2980 568 2981 568 2982 449 2983 451 2984 451 2985 570 2986 568 2987 570 2988 572 2989 573 2990 573 2991 571 2992 570 2993 570 2994 451 2995 453 2996 453 2997 572 2998 570 2999 572 3000 574 3001 575 3002 575 3003 573 3004 572 3005 572 3006 453 3007 455 3008 455 3009 574 3010 572 3011 574 3012 576 3013 577 3014 577 3015 575 3016 574 3017 574 3018 455 3019 457 3020 457 3021 576 3022 574 3023 576 3024 578 3025 579 3026 579 3027 577 3028 576 3029 576 3030 457 3031 459 3032 459 3033 578 3034 576 3035 578 3036 580 3037 581 3038 581 3039 579 3040 578 3041 578 3042 459 3043 461 3044 461 3045 580 3046 578 3047 580 3048 582 3049 583 3050 583 3051 581 3052 580 3053 580 3054 461 3055 463 3056 463 3057 582 3058 580 3059 582 3060 584 3061 585 3062 585 3063 583 3064 582 3065 582 3066 463 3067 586 3068 586 3069 584 3070 582 3071 586 3072 587 3073 588 3074 588 3075 584 3076 586 3077 586 3078 466 3079 589 3080 589 3081 587 3082 586 3083 586 3084 463 3085 462 3086 462 3087 466 3088 586 3089 589 3090 590 3091 591 3092 591 3093 587 3094 589 3095 589 3096 469 3097 592 3098 592 3099 590 3100 589 3101 589 3102 466 3103 465 3104 465 3105 469 3106 589 3107 592 3108 593 3109 594 3110 594 3111 590 3112 592 3113 592 3114 472 3115 595 3116 595 3117 593 3118 592 3119 592 3120 469 3121 468 3122 468 3123 472 3124 592 3125 595 3126 596 3127 597 3128 597 3129 593 3130 595 3131 595 3132 475 3133 598 3134 598 3135 596 3136 595 3137 595 3138 472 3139 471 3140 471 3141 475 3142 595 3143 598 3144 599 3145 600 3146 600 3147 596 3148 598 3149 598 3150 601 3151 602 3152 602 3153 599 3154 598 3155 598 3156 475 3157 474 3158 474 3159 601 3160 598 3161 601 3162 603 3163 604 3164 604 3165 602 3166 601 3167 601 3168 474 3169 477 3170 477 3171 603 3172 601 3173 603 3174 605 3175 606 3176 606 3177 604 3178 603 3179 603 3180 477 3181 479 3182 479 3183 605 3184 603 3185 605 3186 607 3187 608 3188 608 3189 606 3190 605 3191 605 3192 479 3193 481 3194 481 3195 607 3196 605 3197 607 3198 609 3199 610 3200 610 3201 608 3202 607 3203 607 3204 481 3205 483 3206 483 3207 609 3208 607 3209 609 3210 611 3211 612 3212 612 3213 610 3214 609 3215 609 3216 483 3217 485 3218 485 3219 611 3220 609 3221 611 3222 613 3223 614 3224 614 3225 612 3226 611 3227 611 3228 485 3229 487 3230 487 3231 613 3232 611 3233 613 3234 615 3235 616 3236 616 3237 614 3238 613 3239 613 3240 487 3241 489 3242 489 3243 615 3244 613 3245 615 3246 617 3247 618 3248 618 3249 616 3250 615 3251 615 3252 489 3253 491 3254 491 3255 617 3256 615 3257 617 3258 619 3259 620 3260 620 3261 618 3262 617 3263 617 3264 491 3265 493 3266 493 3267 619 3268 617 3269 619 3270 621 3271 622 3272 622 3273 620 3274 619 3275 619 3276 493 3277 495 3278 495 3279 621 3280 619 3281 621 3282 623 3283 624 3284 624 3285 622 3286 621 3287 621 3288 495 3289 497 3290 497 3291 623 3292 621 3293 623 3294 625 3295 626 3296 626 3297 624 3298 623 3299 623 3300 497 3301 627 3302 627 3303 625 3304 623 3305 627 3306 497 3307 496 3308 496 3309 500 3310 627 3311 627 3312 33 3313 32 3314 32 3315 625 3316 627 3317 627 3318 500 3319 628 3320 628 3321 33 3322 627 3323 628 3324 500 3325 499 3326 499 3327 503 3328 628 3329 628 3330 629 3331 34 3332 34 3333 33 3334 628 3335 628 3336 503 3337 630 3338 630 3339 629 3340 628 3341 630 3342 631 3343 632 3344 632 3345 629 3346 630 3347 630 3348 506 3349 633 3350 633 3351 631 3352 630 3353 630 3354 503 3355 502 3356 502 3357 506 3358 630 3359 633 3360 634 3361 635 3362 635 3363 631 3364 633 3365 633 3366 509 3367 636 3368 636 3369 634 3370 633 3371 633 3372 506 3373 505 3374 505 3375 509 3376 633 3377 636 3378 637 3379 638 3380 638 3381 634 3382 636 3383 636 3384 639 3385 640 3386 640 3387 637 3388 636 3389 636 3390 509 3391 508 3392 508 3393 639 3394 636 3395 639 3396 641 3397 642 3398 642 3399 640 3400 639 3401 639 3402 508 3403 511 3404 511 3405 641 3406 639 3407 641 3408 643 3409 644 3410 644 3411 642 3412 641 3413 641 3414 511 3415 513 3416 513 3417 643 3418 641 3419 643 3420 645 3421 646 3422 646 3423 644 3424 643 3425 643 3426 513 3427 515 3428 515 3429 645 3430 643 3431 645 3432 647 3433 648 3434 648 3435 646 3436 645 3437 645 3438 515 3439 517 3440 517 3441 647 3442 645 3443 647 3444 649 3445 650 3446 650 3447 648 3448 647 3449 647 3450 517 3451 519 3452 519 3453 649 3454 647 3455 649 3456 651 3457 652 3458 652 3459 650 3460 649 3461 649 3462 519 3463 521 3464 521 3465 651 3466 649 3467 651 3468 653 3469 654 3470 654 3471 652 3472 651 3473 651 3474 521 3475 523 3476 523 3477 653 3478 651 3479 653 3480 655 3481 656 3482 656 3483 654 3484 653 3485 653 3486 523 3487 525 3488 525 3489 655 3490 653 3491 655 3492 657 3493 658 3494 658 3495 656 3496 655 3497 655 3498 525 3499 659 3500 659 3501 657 3502 655 3503 659 3504 660 3505 661 3506 661 3507 657 3508 659 3509 659 3510 528 3511 662 3512 662 3513 660 3514 659 3515 659 3516 525 3517 524 3518 524 3519 528 3520 659 3521 662 3522 663 3523 664 3524 664 3525 660 3526 662 3527 662 3528 531 3529 665 3530 665 3531 663 3532 662 3533 662 3534 528 3535 527 3536 527 3537 531 3538 662 3539 665 3540 666 3541 667 3542 667 3543 663 3544 665 3545 665 3546 534 3547 536 3548 536 3549 666 3550 665 3551 665 3552 531 3553 530 3554 530 3555 534 3556 665 3557 666 3558 668 3559 669 3560 669 3561 667 3562 666 3563 666 3564 536 3565 538 3566 538 3567 668 3568 666 3569 668 3570 670 3571 671 3572 671 3573 669 3574 668 3575 668 3576 538 3577 540 3578 540 3579 670 3580 668 3581 670 3582 672 3583 673 3584 673 3585 671 3586 670 3587 670 3588 540 3589 542 3590 542 3591 672 3592 670 3593 672 3594 674 3595 675 3596 675 3597 673 3598 672 3599 672 3600 542 3601 544 3602 544 3603 674 3604 672 3605 674 3606 676 3607 677 3608 677 3609 675 3610 674 3611 674 3612 544 3613 546 3614 546 3615 676 3616 674 3617 676 3618 551 3619 678 3620 678 3621 677 3622 676 3623 676 3624 546 3625 548 3626 548 3627 551 3628 676 3629 678 3630 679 3631 680 3632 680 3633 677 3634 678 3635 678 3636 554 3637 681 3638 681 3639 679 3640 678 3641 678 3642 551 3643 550 3644 550 3645 554 3646 678 3647 681 3648 682 3649 683 3650 683 3651 679 3652 681 3653 681 3654 557 3655 684 3656 684 3657 682 3658 681 3659 681 3660 554 3661 553 3662 553 3663 557 3664 681 3665 684 3666 685 3667 686 3668 686 3669 682 3670 684 3671 684 3672 560 3673 687 3674 687 3675 685 3676 684 3677 684 3678 557 3679 556 3680 556 3681 560 3682 684 3683 687 3684 688 3685 689 3686 689 3687 685 3688 687 3689 687 3690 563 3691 690 3692 690 3693 688 3694 687 3695 687 3696 560 3697 559 3698 559 3699 563 3700 687 3701 690 3702 691 3703 692 3704 692 3705 688 3706 690 3707 690 3708 693 3709 694 3710 694 3711 691 3712 690 3713 690 3714 563 3715 562 3716 562 3717 693 3718 690 3719 693 3720 695 3721 696 3722 696 3723 694 3724 693 3725 693 3726 562 3727 565 3728 565 3729 695 3730 693 3731 695 3732 697 3733 698 3734 698 3735 696 3736 695 3737 695 3738 565 3739 567 3740 567 3741 697 3742 695 3743 697 3744 699 3745 700 3746 700 3747 698 3748 697 3749 697 3750 567 3751 569 3752 569 3753 699 3754 697 3755 699 3756 701 3757 702 3758 702 3759 700 3760 699 3761 699 3762 569 3763 571 3764 571 3765 701 3766 699 3767 701 3768 703 3769 704 3770 704 3771 702 3772 701 3773 701 3774 571 3775 573 3776 573 3777 703 3778 701 3779 703 3780 705 3781 706 3782 706 3783 704 3784 703 3785 703 3786 573 3787 575 3788 575 3789 705 3790 703 3791 705 3792 707 3793 708 3794 708 3795 706 3796 705 3797 705 3798 575 3799 577 3800 577 3801 707 3802 705 3803 707 3804 709 3805 710 3806 710 3807 708 3808 707 3809 707 3810 577 3811 579 3812 579 3813 709 3814 707 3815 709 3816 711 3817 712 3818 712 3819 710 3820 709 3821 709 3822 579 3823 581 3824 581 3825 711 3826 709 3827 711 3828 713 3829 714 3830 714 3831 712 3832 711 3833 711 3834 581 3835 583 3836 583 3837 713 3838 711 3839 713 3840 715 3841 716 3842 716 3843 714 3844 713 3845 713 3846 583 3847 585 3848 585 3849 715 3850 713 3851 715 3852 717 3853 718 3854 718 3855 716 3856 715 3857 715 3858 585 3859 719 3860 719 3861 717 3862 715 3863 719 3864 720 3865 721 3866 721 3867 717 3868 719 3869 719 3870 588 3871 722 3872 722 3873 720 3874 719 3875 719 3876 585 3877 584 3878 584 3879 588 3880 719 3881 722 3882 723 3883 724 3884 724 3885 720 3886 722 3887 722 3888 591 3889 725 3890 725 3891 723 3892 722 3893 722 3894 588 3895 587 3896 587 3897 591 3898 722 3899 725 3900 726 3901 727 3902 727 3903 723 3904 725 3905 725 3906 594 3907 728 3908 728 3909 726 3910 725 3911 725 3912 591 3913 590 3914 590 3915 594 3916 725 3917 728 3918 729 3919 730 3920 730 3921 726 3922 728 3923 728 3924 597 3925 731 3926 731 3927 729 3928 728 3929 728 3930 594 3931 593 3932 593 3933 597 3934 728 3935 731 3936 732 3937 733 3938 733 3939 729 3940 731 3941 731 3942 600 3943 734 3944 734 3945 732 3946 731 3947 731 3948 597 3949 596 3950 596 3951 600 3952 731 3953 734 3954 735 3955 736 3956 736 3957 732 3958 734 3959 734 3960 737 3961 738 3962 738 3963 735 3964 734 3965 734 3966 600 3967 599 3968 599 3969 737 3970 734 3971 737 3972 739 3973 740 3974 740 3975 738 3976 737 3977 737 3978 599 3979 602 3980 602 3981 739 3982 737 3983 739 3984 741 3985 742 3986 742 3987 740 3988 739 3989 739 3990 602 3991 604 3992 604 3993 741 3994 739 3995 741 3996 743 3997 744 3998 744 3999 742 4000 741 4001 741 4002 604 4003 606 4004 606 4005 743 4006 741 4007 743 4008 745 4009 746 4010 746 4011 744 4012 743 4013 743 4014 606 4015 608 4016 608 4017 745 4018 743 4019 745 4020 747 4021 748 4022 748 4023 746 4024 745 4025 745 4026 608 4027 610 4028 610 4029 747 4030 745 4031 747 4032 749 4033 750 4034 750 4035 748 4036 747 4037 747 4038 610 4039 612 4040 612 4041 749 4042 747 4043 749 4044 751 4045 752 4046 752 4047 750 4048 749 4049 749 4050 612 4051 614 4052 614 4053 751 4054 749 4055 751 4056 753 4057 754 4058 754 4059 752 4060 751 4061 751 4062 614 4063 616 4064 616 4065 753 4066 751 4067 753 4068 755 4069 756 4070 756 4071 754 4072 753 4073 753 4074 616 4075 618 4076 618 4077 755 4078 753 4079 755 4080 757 4081 19 4082 19 4083 756 4084 755 4085 755 4086 618 4087 620 4088 620 4089 757 4090 755 4091 757 4092 758 4093 11 4094 11 4095 19 4096 757 4097 757 4098 620 4099 622 4100 622 4101 758 4102 757 4103 758 4104 759 4105 12 4106 12 4107 11 4108 758 4109 758 4110 622 4111 624 4112 624 4113 759 4114 758 4115 759 4116 760 4117 761 4118 761 4119 12 4120 759 4121 759 4122 624 4123 626 4124 626 4125 760 4126 759 4127 760 4128 762 4129 763 4130 763 4131 761 4132 760 4133 760 4134 626 4135 31 4136 31 4137 762 4138 760 4139 762 4140 31 4141 30 4142 30 4143 764 4144 762 4145 762 4146 764 4147 765 4148 765 4149 763 4150 762 4151 765 4152 764 4153 766 4154 766 4155 767 4156 765 4157 765 4158 768 4159 769 4160 769 4161 763 4162 765 4163 765 4164 767 4165 770 4166 770 4167 768 4168 765 4169 770 4170 767 4171 771 4172 771 4173 772 4174 770 4175 770 4176 773 4177 774 4178 774 4179 768 4180 770 4181 770 4182 772 4183 775 4184 775 4185 773 4186 770 4187 775 4188 772 4189 776 4190 776 4191 777 4192 775 4193 775 4194 778 4195 779 4196 779 4197 773 4198 775 4199 775 4200 777 4201 780 4202 780 4203 778 4204 775 4205 780 4206 777 4207 781 4208 781 4209 782 4210 780 4211 780 4212 783 4213 784 4214 784 4215 778 4216 780 4217 780 4218 782 4219 785 4220 785 4221 783 4222 780 4223 785 4224 782 4225 786 4226 786 4227 787 4228 785 4229 785 4230 788 4231 789 4232 789 4233 783 4234 785 4235 785 4236 787 4237 790 4238 790 4239 788 4240 785 4241 790 4242 787 4243 791 4244 791 4245 792 4246 790 4247 790 4248 793 4249 794 4250 794 4251 788 4252 790 4253 790 4254 792 4255 795 4256 795 4257 793 4258 790 4259 795 4260 792 4261 796 4262 796 4263 797 4264 795 4265 795 4266 798 4267 799 4268 799 4269 793 4270 795 4271 795 4272 797 4273 800 4274 800 4275 798 4276 795 4277 800 4278 797 4279 801 4280 801 4281 802 4282 800 4283 800 4284 803 4285 804 4286 804 4287 798 4288 800 4289 800 4290 802 4291 805 4292 805 4293 803 4294 800 4295 805 4296 802 4297 2 4298 2 4299 1 4300 805 4301 805 4302 806 4303 807 4304 807 4305 803 4306 805 4307 805 4308 1 4309 5 4310 5 4311 806 4312 805 4313 806 4314 808 4315 809 4316 809 4317 807 4318 806 4319 806 4320 5 4321 810 4322 810 4323 808 4324 806 4325 810 4326 5 4327 4 4328 4 4329 811 4330 810 4331 810 4332 812 4333 813 4334 813 4335 808 4336 810 4337 810 4338 811 4339 814 4340 814 4341 812 4342 810 4343 814 4344 811 4345 815 4346 815 4347 816 4348 814 4349 814 4350 704 4351 706 4352 706 4353 812 4354 814 4355 814 4356 816 4357 702 4358 702 4359 704 4360 814 4361 815 4362 7 4363 817 4364 817 4365 818 4366 815 4367 815 4368 811 4369 4 4370 4 4371 7 4372 815 4373 815 4374 818 4375 819 4376 819 4377 816 4378 815 4379 819 4380 818 4381 820 4382 820 4383 821 4384 819 4385 819 4386 700 4387 702 4388 702 4389 816 4390 819 4391 819 4392 821 4393 698 4394 698 4395 700 4396 819 4397 820 4398 822 4399 823 4400 823 4401 824 4402 820 4403 820 4404 818 4405 817 4406 817 4407 822 4408 820 4409 820 4410 824 4411 825 4412 825 4413 821 4414 820 4415 825 4416 824 4417 826 4418 826 4419 827 4420 825 4421 825 4422 696 4423 698 4424 698 4425 821 4426 825 4427 825 4428 827 4429 694 4430 694 4431 696 4432 825 4433 826 4434 828 4435 829 4436 829 4437 830 4438 826 4439 826 4440 824 4441 823 4442 823 4443 828 4444 826 4445 826 4446 830 4447 831 4448 831 4449 827 4450 826 4451 831 4452 830 4453 832 4454 832 4455 833 4456 831 4457 831 4458 691 4459 694 4460 694 4461 827 4462 831 4463 831 4464 833 4465 692 4466 692 4467 691 4468 831 4469 832 4470 834 4471 835 4472 835 4473 836 4474 832 4475 832 4476 830 4477 829 4478 829 4479 834 4480 832 4481 832 4482 836 4483 837 4484 837 4485 833 4486 832 4487 837 4488 836 4489 838 4490 838 4491 839 4492 837 4493 837 4494 840 4495 692 4496 692 4497 833 4498 837 4499 837 4500 839 4501 841 4502 841 4503 840 4504 837 4505 841 4506 839 4507 842 4508 842 4509 843 4510 841 4511 841 4512 844 4513 689 4514 689 4515 840 4516 841 4517 841 4518 843 4519 845 4520 845 4521 844 4522 841 4523 845 4524 843 4525 846 4526 846 4527 847 4528 845 4529 845 4530 848 4531 686 4532 686 4533 844 4534 845 4535 845 4536 847 4537 849 4538 849 4539 848 4540 845 4541 849 4542 847 4543 850 4544 850 4545 851 4546 849 4547 849 4548 852 4549 683 4550 683 4551 848 4552 849 4553 849 4554 851 4555 853 4556 853 4557 852 4558 849 4559 853 4560 851 4561 854 4562 854 4563 855 4564 853 4565 853 4566 856 4567 680 4568 680 4569 852 4570 853 4571 853 4572 855 4573 857 4574 857 4575 856 4576 853 4577 857 4578 855 4579 858 4580 858 4581 859 4582 857 4583 857 4584 673 4585 675 4586 675 4587 856 4588 857 4589 857 4590 859 4591 671 4592 671 4593 673 4594 857 4595 858 4596 860 4597 861 4598 861 4599 862 4600 858 4601 858 4602 855 4603 854 4604 854 4605 860 4606 858 4607 858 4608 862 4609 863 4610 863 4611 859 4612 858 4613 863 4614 862 4615 864 4616 864 4617 865 4618 863 4619 863 4620 669 4621 671 4622 671 4623 859 4624 863 4625 863 4626 865 4627 667 4628 667 4629 669 4630 863 4631 864 4632 866 4633 867 4634 867 4635 868 4636 864 4637 864 4638 862 4639 861 4640 861 4641 866 4642 864 4643 864 4644 868 4645 664 4646 664 4647 865 4648 864 4649 866 4650 869 4651 870 4652 870 4653 867 4654 866 4655 866 4656 861 4657 871 4658 871 4659 869 4660 866 4661 871 4662 872 4663 873 4664 873 4665 869 4666 871 4667 871 4668 874 4669 875 4670 875 4671 872 4672 871 4673 871 4674 861 4675 860 4676 860 4677 874 4678 871 4679 874 4680 876 4681 877 4682 877 4683 875 4684 874 4685 874 4686 860 4687 854 4688 854 4689 876 4690 874 4691 876 4692 850 4693 878 4694 878 4695 877 4696 876 4697 876 4698 854 4699 851 4700 851 4701 850 4702 876 4703 878 4704 879 4705 880 4706 880 4707 877 4708 878 4709 878 4710 846 4711 881 4712 881 4713 879 4714 878 4715 878 4716 850 4717 847 4718 847 4719 846 4720 878 4721 881 4722 882 4723 883 4724 883 4725 879 4726 881 4727 881 4728 842 4729 884 4730 884 4731 882 4732 881 4733 881 4734 846 4735 843 4736 843 4737 842 4738 881 4739 884 4740 885 4741 886 4742 886 4743 882 4744 884 4745 884 4746 838 4747 887 4748 887 4749 885 4750 884 4751 884 4752 842 4753 839 4754 839 4755 838 4756 884 4757 887 4758 888 4759 889 4760 889 4761 885 4762 887 4763 887 4764 835 4765 890 4766 890 4767 888 4768 887 4769 887 4770 838 4771 836 4772 836 4773 835 4774 887 4775 890 4776 891 4777 892 4778 892 4779 888 4780 890 4781 890 4782 893 4783 894 4784 894 4785 891 4786 890 4787 890 4788 835 4789 834 4790 834 4791 893 4792 890 4793 893 4794 895 4795 896 4796 896 4797 894 4798 893 4799 893 4800 834 4801 829 4802 829 4803 895 4804 893 4805 895 4806 897 4807 898 4808 898 4809 896 4810 895 4811 895 4812 829 4813 828 4814 828 4815 897 4816 895 4817 897 4818 899 4819 900 4820 900 4821 898 4822 897 4823 897 4824 828 4825 823 4826 823 4827 899 4828 897 4829 899 4830 901 4831 902 4832 902 4833 900 4834 899 4835 899 4836 823 4837 822 4838 822 4839 901 4840 899 4841 901 4842 903 4843 904 4844 904 4845 902 4846 901 4847 901 4848 822 4849 817 4850 817 4851 903 4852 901 4853 903 4854 6 4855 905 4856 905 4857 904 4858 903 4859 903 4860 817 4861 7 4862 7 4863 6 4864 903 4865 904 4866 906 4867 907 4868 907 4869 902 4870 904 4871 908 4872 909 4873 910 4874 910 4875 911 4876 908 4877 908 4878 905 4879 9 4880 9 4881 909 4882 908 4883 909 4884 912 4885 913 4886 913 4887 910 4888 909 4889 909 4890 9 4891 8 4892 8 4893 912 4894 909 4895 912 4896 914 4897 915 4898 915 4899 913 4900 912 4901 912 4902 8 4903 39 4904 39 4905 914 4906 912 4907 914 4908 916 4909 917 4910 917 4911 915 4912 914 4913 914 4914 39 4915 38 4916 38 4917 916 4918 914 4919 916 4920 918 4921 919 4922 919 4923 917 4924 916 4925 916 4926 38 4927 920 4928 920 4929 918 4930 916 4931 920 4932 921 4933 922 4934 922 4935 918 4936 920 4937 920 4938 923 4939 924 4940 924 4941 921 4942 920 4943 920 4944 38 4945 37 4946 37 4947 923 4948 920 4949 923 4950 925 4951 926 4952 926 4953 924 4954 923 4955 923 4956 37 4957 43 4958 43 4959 925 4960 923 4961 925 4962 927 4963 928 4964 928 4965 926 4966 925 4967 925 4968 43 4969 929 4970 929 4971 927 4972 925 4973 929 4974 43 4975 42 4976 42 4977 930 4978 929 4979 929 4980 931 4981 932 4982 932 4983 927 4984 929 4985 929 4986 930 4987 933 4988 933 4989 931 4990 929 4991 933 4992 930 4993 934 4994 934 4995 935 4996 933 4997 933 4998 936 4999 937 5000 937 5001 931 5002 933 5003 933 5004 935 5005 938 5006 938 5007 936 5008 933 5009 938 5010 935 5011 939 5012 939 5013 940 5014 938 5015 938 5016 941 5017 942 5018 942 5019 936 5020 938 5021 938 5022 940 5023 943 5024 943 5025 941 5026 938 5027 943 5028 940 5029 944 5030 944 5031 945 5032 943 5033 943 5034 644 5035 646 5036 646 5037 941 5038 943 5039 943 5040 945 5041 642 5042 642 5043 644 5044 943 5045 944 5046 946 5047 947 5048 947 5049 945 5050 944 5051 944 5052 948 5053 949 5054 949 5055 946 5056 944 5057 944 5058 940 5059 939 5060 939 5061 948 5062 944 5063 948 5064 950 5065 791 5066 791 5067 949 5068 948 5069 948 5070 939 5071 951 5072 951 5073 950 5074 948 5075 951 5076 939 5077 935 5078 935 5079 934 5080 951 5081 951 5082 952 5083 796 5084 796 5085 950 5086 951 5087 951 5088 934 5089 41 5090 41 5091 952 5092 951 5093 952 5094 801 5095 797 5096 797 5097 796 5098 952 5099 952 5100 41 5101 40 5102 40 5103 801 5104 952 5105 950 5106 796 5107 792 5108 792 5109 791 5110 950 5111 949 5112 786 5113 953 5114 953 5115 946 5116 949 5117 949 5118 791 5119 787 5120 787 5121 786 5122 949 5123 953 5124 954 5125 947 5126 947 5127 946 5128 953 5129 953 5130 781 5131 955 5132 955 5133 954 5134 953 5135 953 5136 786 5137 782 5138 782 5139 781 5140 953 5141 955 5142 638 5143 637 5144 637 5145 954 5146 955 5147 955 5148 776 5149 956 5150 956 5151 638 5152 955 5153 955 5154 781 5155 777 5156 777 5157 776 5158 955 5159 956 5160 635 5161 634 5162 634 5163 638 5164 956 5165 956 5166 771 5167 957 5168 957 5169 635 5170 956 5171 956 5172 776 5173 772 5174 772 5175 771 5176 956 5177 957 5178 632 5179 631 5180 631 5181 635 5182 957 5183 957 5184 766 5185 35 5186 35 5187 632 5188 957 5189 957 5190 771 5191 767 5192 767 5193 766 5194 957 5195 954 5196 637 5197 640 5198 640 5199 947 5200 954 5201 947 5202 640 5203 642 5204 642 5205 945 5206 947 5207 941 5208 646 5209 648 5210 648 5211 942 5212 941 5213 942 5214 958 5215 937 5216 937 5217 936 5218 942 5219 942 5220 648 5221 650 5222 650 5223 958 5224 942 5225 958 5226 959 5227 960 5228 960 5229 937 5230 958 5231 958 5232 650 5233 652 5234 652 5235 959 5236 958 5237 959 5238 961 5239 962 5240 962 5241 960 5242 959 5243 959 5244 652 5245 654 5246 654 5247 961 5248 959 5249 961 5250 963 5251 964 5252 964 5253 962 5254 961 5255 961 5256 654 5257 656 5258 656 5259 963 5260 961 5261 963 5262 965 5263 966 5264 966 5265 964 5266 963 5267 963 5268 656 5269 658 5270 658 5271 965 5272 963 5273 965 5274 967 5275 968 5276 968 5277 966 5278 965 5279 965 5280 658 5281 969 5282 969 5283 967 5284 965 5285 969 5286 867 5287 870 5288 870 5289 967 5290 969 5291 969 5292 661 5293 868 5294 868 5295 867 5296 969 5297 969 5298 658 5299 657 5300 657 5301 661 5302 969 5303 967 5304 870 5305 970 5306 970 5307 968 5308 967 5309 970 5310 971 5311 972 5312 972 5313 968 5314 970 5315 970 5316 873 5317 973 5318 973 5319 971 5320 970 5321 970 5322 870 5323 869 5324 869 5325 873 5326 970 5327 973 5328 974 5329 975 5330 975 5331 971 5332 973 5333 973 5334 976 5335 977 5336 977 5337 974 5338 973 5339 973 5340 873 5341 872 5342 872 5343 976 5344 973 5345 976 5346 978 5347 979 5348 979 5349 977 5350 976 5351 976 5352 872 5353 875 5354 875 5355 978 5356 976 5357 978 5358 880 5359 980 5360 980 5361 979 5362 978 5363 978 5364 875 5365 877 5366 877 5367 880 5368 978 5369 980 5370 981 5371 982 5372 982 5373 979 5374 980 5375 980 5376 883 5377 983 5378 983 5379 981 5380 980 5381 980 5382 880 5383 879 5384 879 5385 883 5386 980 5387 983 5388 984 5389 985 5390 985 5391 981 5392 983 5393 983 5394 886 5395 986 5396 986 5397 984 5398 983 5399 983 5400 883 5401 882 5402 882 5403 886 5404 983 5405 986 5406 987 5407 988 5408 988 5409 984 5410 986 5411 986 5412 889 5413 989 5414 989 5415 987 5416 986 5417 986 5418 886 5419 885 5420 885 5421 889 5422 986 5423 989 5424 990 5425 991 5426 991 5427 987 5428 989 5429 989 5430 892 5431 992 5432 992 5433 990 5434 989 5435 989 5436 889 5437 888 5438 888 5439 892 5440 989 5441 992 5442 993 5443 994 5444 994 5445 990 5446 992 5447 992 5448 995 5449 996 5450 996 5451 993 5452 992 5453 992 5454 892 5455 891 5456 891 5457 995 5458 992 5459 995 5460 997 5461 998 5462 998 5463 996 5464 995 5465 995 5466 891 5467 894 5468 894 5469 997 5470 995 5471 997 5472 999 5473 1000 5474 1000 5475 998 5476 997 5477 997 5478 894 5479 896 5480 896 5481 999 5482 997 5483 999 5484 1001 5485 1002 5486 1002 5487 1000 5488 999 5489 999 5490 896 5491 898 5492 898 5493 1001 5494 999 5495 1001 5496 1003 5497 1004 5498 1004 5499 1002 5500 1001 5501 1001 5502 898 5503 900 5504 900 5505 1003 5506 1001 5507 1003 5508 907 5509 1005 5510 1005 5511 1004 5512 1003 5513 1003 5514 900 5515 902 5516 902 5517 907 5518 1003 5519 1005 5520 1006 5521 1007 5522 1007 5523 1004 5524 1005 5525 1005 5526 907 5527 906 5528 906 5529 1008 5530 1005 5531 1009 5532 1008 5533 911 5534 911 5535 1010 5536 1009 5537 1010 5538 911 5539 910 5540 910 5541 1011 5542 1010 5543 1011 5544 910 5545 913 5546 913 5547 1012 5548 1011 5549 1012 5550 913 5551 915 5552 915 5553 1013 5554 1012 5555 1013 5556 915 5557 917 5558 917 5559 1014 5560 1013 5561 1014 5562 917 5563 919 5564 919 5565 1015 5566 1014 5567 1015 5568 919 5569 1016 5570 1016 5571 1017 5572 1015 5573 1016 5574 1018 5575 1019 5576 1019 5577 1017 5578 1016 5579 1016 5580 922 5581 1020 5582 1020 5583 1018 5584 1016 5585 1016 5586 919 5587 918 5588 918 5589 922 5590 1016 5591 1020 5592 1021 5593 1022 5594 1022 5595 1018 5596 1020 5597 1020 5598 1023 5599 1024 5600 1024 5601 1021 5602 1020 5603 1020 5604 922 5605 921 5606 921 5607 1023 5608 1020 5609 1023 5610 1025 5611 1026 5612 1026 5613 1024 5614 1023 5615 1023 5616 921 5617 924 5618 924 5619 1025 5620 1023 5621 1025 5622 1027 5623 1028 5624 1028 5625 1026 5626 1025 5627 1025 5628 924 5629 926 5630 926 5631 1027 5632 1025 5633 1027 5634 1029 5635 1030 5636 1030 5637 1028 5638 1027 5639 1027 5640 926 5641 928 5642 928 5643 1029 5644 1027 5645 1029 5646 1031 5647 1032 5648 1032 5649 1030 5650 1029 5651 1029 5652 928 5653 1033 5654 1033 5655 1031 5656 1029 5657 1033 5658 928 5659 927 5660 927 5661 932 5662 1033 5663 1033 5664 962 5665 964 5666 964 5667 1031 5668 1033 5669 1033 5670 932 5671 960 5672 960 5673 962 5674 1033 5675 1031 5676 964 5677 966 5678 966 5679 1032 5680 1031 5681 1032 5682 972 5683 1034 5684 1034 5685 1030 5686 1032 5687 1032 5688 966 5689 968 5690 968 5691 972 5692 1032 5693 1034 5694 1035 5695 1028 5696 1028 5697 1030 5698 1034 5699 1034 5700 975 5701 1036 5702 1036 5703 1035 5704 1034 5705 1034 5706 972 5707 971 5708 971 5709 975 5710 1034 5711 1036 5712 1037 5713 1038 5714 1038 5715 1035 5716 1036 5717 1036 5718 1039 5719 1040 5720 1040 5721 1037 5722 1036 5723 1036 5724 975 5725 974 5726 974 5727 1039 5728 1036 5729 1039 5730 1041 5731 1042 5732 1042 5733 1040 5734 1039 5735 1039 5736 974 5737 977 5738 977 5739 1041 5740 1039 5741 1041 5742 982 5743 1043 5744 1043 5745 1042 5746 1041 5747 1041 5748 977 5749 979 5750 979 5751 982 5752 1041 5753 1043 5754 1044 5755 1045 5756 1045 5757 1042 5758 1043 5759 1043 5760 985 5761 1046 5762 1046 5763 1044 5764 1043 5765 1043 5766 982 5767 981 5768 981 5769 985 5770 1043 5771 1046 5772 1047 5773 1048 5774 1048 5775 1044 5776 1046 5777 1046 5778 988 5779 1049 5780 1049 5781 1047 5782 1046 5783 1046 5784 985 5785 984 5786 984 5787 988 5788 1046 5789 1049 5790 1050 5791 1051 5792 1051 5793 1047 5794 1049 5795 1049 5796 991 5797 1052 5798 1052 5799 1050 5800 1049 5801 1049 5802 988 5803 987 5804 987 5805 991 5806 1049 5807 1052 5808 1053 5809 1054 5810 1054 5811 1050 5812 1052 5813 1052 5814 994 5815 1055 5816 1055 5817 1053 5818 1052 5819 1052 5820 991 5821 990 5822 990 5823 994 5824 1052 5825 1055 5826 994 5827 993 5828 993 5829 1056 5830 1055 5831 1056 5832 993 5833 996 5834 996 5835 1057 5836 1056 5837 1057 5838 996 5839 998 5840 998 5841 1058 5842 1057 5843 1058 5844 998 5845 1000 5846 1000 5847 1059 5848 1058 5849 1059 5850 1000 5851 1002 5852 1002 5853 1060 5854 1059 5855 1060 5856 1002 5857 1004 5858 1004 5859 1007 5860 1060 5861 1061 5862 1022 5863 1062 5864 1062 5865 1063 5866 1061 5867 1061 5868 1019 5869 1018 5870 1018 5871 1022 5872 1061 5873 1062 5874 1064 5875 1065 5876 1065 5877 1063 5878 1062 5879 1062 5880 1066 5881 1067 5882 1067 5883 1064 5884 1062 5885 1062 5886 1022 5887 1021 5888 1021 5889 1066 5890 1062 5891 1066 5892 1068 5893 1069 5894 1069 5895 1067 5896 1066 5897 1066 5898 1021 5899 1024 5900 1024 5901 1068 5902 1066 5903 1068 5904 1038 5905 1037 5906 1037 5907 1069 5908 1068 5909 1068 5910 1024 5911 1026 5912 1026 5913 1038 5914 1068 5915 1069 5916 1070 5917 1071 5918 1071 5919 1067 5920 1069 5921 1069 5922 1037 5923 1040 5924 1040 5925 1070 5926 1069 5927 1070 5928 1045 5929 1072 5930 1072 5931 1071 5932 1070 5933 1070 5934 1040 5935 1042 5936 1042 5937 1045 5938 1070 5939 1072 5940 1073 5941 1074 5942 1074 5943 1071 5944 1072 5945 1072 5946 1048 5947 1075 5948 1075 5949 1073 5950 1072 5951 1072 5952 1045 5953 1044 5954 1044 5955 1048 5956 1072 5957 1075 5958 1076 5959 1077 5960 1077 5961 1073 5962 1075 5963 1075 5964 1051 5965 1078 5966 1078 5967 1076 5968 1075 5969 1075 5970 1048 5971 1047 5972 1047 5973 1051 5974 1075 5975 1078 5976 1051 5977 1050 5978 1050 5979 1054 5980 1078 5981 1079 5982 1074 5983 1073 5984 1073 5985 1077 5986 1079 5987 1079 5988 1065 5989 1064 5990 1064 5991 1074 5992 1079 5993 1074 5994 1064 5995 1067 5996 1067 5997 1071 5998 1074 5999 1038 6000 1026 6001 1028 6002 1028 6003 1035 6004 1038 6005 960 6006 932 6007 931 6008 931 6009 937 6010 960 6011 934 6012 930 6013 42 6014 42 6015 41 6016 934 6017 868 6018 661 6019 660 6020 660 6021 664 6022 868 6023 865 6024 664 6025 663 6026 663 6027 667 6028 865 6029 856 6030 675 6031 677 6032 677 6033 680 6034 856 6035 852 6036 680 6037 679 6038 679 6039 683 6040 852 6041 848 6042 683 6043 682 6044 682 6045 686 6046 848 6047 844 6048 686 6049 685 6050 685 6051 689 6052 844 6053 840 6054 689 6055 688 6056 688 6057 692 6058 840 6059 812 6060 706 6061 708 6062 708 6063 813 6064 812 6065 813 6066 1080 6067 809 6068 809 6069 808 6070 813 6071 813 6072 708 6073 710 6074 710 6075 1080 6076 813 6077 1080 6078 1081 6079 1082 6080 1082 6081 809 6082 1080 6083 1080 6084 710 6085 712 6086 712 6087 1081 6088 1080 6089 1081 6090 1083 6091 1084 6092 1084 6093 1082 6094 1081 6095 1081 6096 712 6097 714 6098 714 6099 1083 6100 1081 6101 1083 6102 1085 6103 1086 6104 1086 6105 1084 6106 1083 6107 1083 6108 714 6109 716 6110 716 6111 1085 6112 1083 6113 1085 6114 1087 6115 1088 6116 1088 6117 1086 6118 1085 6119 1085 6120 716 6121 718 6122 718 6123 1087 6124 1085 6125 1087 6126 1089 6127 1090 6128 1090 6129 1088 6130 1087 6131 1087 6132 718 6133 1091 6134 1091 6135 1089 6136 1087 6137 1091 6138 1092 6139 1093 6140 1093 6141 1089 6142 1091 6143 1091 6144 721 6145 1094 6146 1094 6147 1092 6148 1091 6149 1091 6150 718 6151 717 6152 717 6153 721 6154 1091 6155 1094 6156 1095 6157 1096 6158 1096 6159 1092 6160 1094 6161 1094 6162 724 6163 1097 6164 1097 6165 1095 6166 1094 6167 1094 6168 721 6169 720 6170 720 6171 724 6172 1094 6173 1097 6174 1098 6175 1099 6176 1099 6177 1095 6178 1097 6179 1097 6180 727 6181 1100 6182 1100 6183 1098 6184 1097 6185 1097 6186 724 6187 723 6188 723 6189 727 6190 1097 6191 1100 6192 1101 6193 1102 6194 1102 6195 1098 6196 1100 6197 1100 6198 730 6199 1103 6200 1103 6201 1101 6202 1100 6203 1100 6204 727 6205 726 6206 726 6207 730 6208 1100 6209 1103 6210 1104 6211 1105 6212 1105 6213 1101 6214 1103 6215 1103 6216 733 6217 1106 6218 1106 6219 1104 6220 1103 6221 1103 6222 730 6223 729 6224 729 6225 733 6226 1103 6227 1106 6228 1107 6229 1108 6230 1108 6231 1104 6232 1106 6233 1106 6234 736 6235 1109 6236 1109 6237 1107 6238 1106 6239 1106 6240 733 6241 732 6242 732 6243 736 6244 1106 6245 1109 6246 1110 6247 1111 6248 1111 6249 1107 6250 1109 6251 1109 6252 1112 6253 1113 6254 1113 6255 1110 6256 1109 6257 1109 6258 736 6259 735 6260 735 6261 1112 6262 1109 6263 1112 6264 1114 6265 1115 6266 1115 6267 1113 6268 1112 6269 1112 6270 735 6271 738 6272 738 6273 1114 6274 1112 6275 1114 6276 1116 6277 1117 6278 1117 6279 1115 6280 1114 6281 1114 6282 738 6283 740 6284 740 6285 1116 6286 1114 6287 1116 6288 1118 6289 1119 6290 1119 6291 1117 6292 1116 6293 1116 6294 740 6295 742 6296 742 6297 1118 6298 1116 6299 1118 6300 1120 6301 1121 6302 1121 6303 1119 6304 1118 6305 1118 6306 742 6307 744 6308 744 6309 1120 6310 1118 6311 1120 6312 1122 6313 1123 6314 1123 6315 1121 6316 1120 6317 1120 6318 744 6319 746 6320 746 6321 1122 6322 1120 6323 1122 6324 1124 6325 1125 6326 1125 6327 1123 6328 1122 6329 1122 6330 746 6331 748 6332 748 6333 1124 6334 1122 6335 1124 6336 1126 6337 1127 6338 1127 6339 1125 6340 1124 6341 1124 6342 748 6343 750 6344 750 6345 1126 6346 1124 6347 1126 6348 1128 6349 1129 6350 1129 6351 1127 6352 1126 6353 1126 6354 750 6355 752 6356 752 6357 1128 6358 1126 6359 1128 6360 1130 6361 1131 6362 1131 6363 1129 6364 1128 6365 1128 6366 752 6367 754 6368 754 6369 1130 6370 1128 6371 1130 6372 1132 6373 1133 6374 1133 6375 1131 6376 1130 6377 1130 6378 754 6379 756 6380 756 6381 1132 6382 1130 6383 1132 6384 18 6385 20 6386 20 6387 1133 6388 1132 6389 1132 6390 756 6391 19 6392 19 6393 18 6394 1132 6395 1133 6396 1134 6397 1135 6398 1135 6399 1131 6400 1133 6401 1133 6402 20 6403 1136 6404 1136 6405 1134 6406 1133 6407 1136 6408 1137 6409 1138 6410 1138 6411 1134 6412 1136 6413 1136 6414 1139 6415 1140 6416 1140 6417 1137 6418 1136 6419 1136 6420 20 6421 16 6422 16 6423 1139 6424 1136 6425 1139 6426 1141 6427 1142 6428 1142 6429 1140 6430 1139 6431 1139 6432 16 6433 15 6434 15 6435 1141 6436 1139 6437 1141 6438 1143 6439 1144 6440 1144 6441 1142 6442 1141 6443 1141 6444 15 6445 1145 6446 1145 6447 1143 6448 1141 6449 1145 6450 15 6451 14 6452 14 6453 1146 6454 1145 6455 1145 6456 1147 6457 1148 6458 1148 6459 1143 6460 1145 6461 1145 6462 1146 6463 1149 6464 1149 6465 1147 6466 1145 6467 1149 6468 1146 6469 1150 6470 1150 6471 1151 6472 1149 6473 1149 6474 1152 6475 1153 6476 1153 6477 1147 6478 1149 6479 1149 6480 1151 6481 1154 6482 1154 6483 1152 6484 1149 6485 1154 6486 1151 6487 1155 6488 1155 6489 1156 6490 1154 6491 1154 6492 1157 6493 1158 6494 1158 6495 1152 6496 1154 6497 1154 6498 1156 6499 1159 6500 1159 6501 1157 6502 1154 6503 1159 6504 1156 6505 1160 6506 1160 6507 1161 6508 1159 6509 1159 6510 1162 6511 1163 6512 1163 6513 1157 6514 1159 6515 1159 6516 1161 6517 1164 6518 1164 6519 1162 6520 1159 6521 1164 6522 1161 6523 1165 6524 1165 6525 1166 6526 1164 6527 1164 6528 1167 6529 1168 6530 1168 6531 1162 6532 1164 6533 1164 6534 1166 6535 1169 6536 1169 6537 1167 6538 1164 6539 1169 6540 1166 6541 1170 6542 1170 6543 1171 6544 1169 6545 1169 6546 1172 6547 1173 6548 1173 6549 1167 6550 1169 6551 1169 6552 1171 6553 1174 6554 1174 6555 1172 6556 1169 6557 1174 6558 1171 6559 1175 6560 1175 6561 1176 6562 1174 6563 1174 6564 1177 6565 1178 6566 1178 6567 1172 6568 1174 6569 1174 6570 1176 6571 1090 6572 1090 6573 1177 6574 1174 6575 1177 6576 1093 6577 1179 6578 1179 6579 1178 6580 1177 6581 1177 6582 1090 6583 1089 6584 1089 6585 1093 6586 1177 6587 1179 6588 1180 6589 1181 6590 1181 6591 1178 6592 1179 6593 1179 6594 1096 6595 1182 6596 1182 6597 1180 6598 1179 6599 1179 6600 1093 6601 1092 6602 1092 6603 1096 6604 1179 6605 1182 6606 1183 6607 1184 6608 1184 6609 1180 6610 1182 6611 1182 6612 1099 6613 1185 6614 1185 6615 1183 6616 1182 6617 1182 6618 1096 6619 1095 6620 1095 6621 1099 6622 1182 6623 1185 6624 1186 6625 1187 6626 1187 6627 1183 6628 1185 6629 1185 6630 1102 6631 1188 6632 1188 6633 1186 6634 1185 6635 1185 6636 1099 6637 1098 6638 1098 6639 1102 6640 1185 6641 1188 6642 1189 6643 1190 6644 1190 6645 1186 6646 1188 6647 1188 6648 1105 6649 1191 6650 1191 6651 1189 6652 1188 6653 1188 6654 1102 6655 1101 6656 1101 6657 1105 6658 1188 6659 1191 6660 1192 6661 1193 6662 1193 6663 1189 6664 1191 6665 1191 6666 1108 6667 1194 6668 1194 6669 1192 6670 1191 6671 1191 6672 1105 6673 1104 6674 1104 6675 1108 6676 1191 6677 1194 6678 1195 6679 1196 6680 1196 6681 1192 6682 1194 6683 1194 6684 1111 6685 1197 6686 1197 6687 1195 6688 1194 6689 1194 6690 1108 6691 1107 6692 1107 6693 1111 6694 1194 6695 1197 6696 1198 6697 1199 6698 1199 6699 1195 6700 1197 6701 1197 6702 1200 6703 1201 6704 1201 6705 1198 6706 1197 6707 1197 6708 1111 6709 1110 6710 1110 6711 1200 6712 1197 6713 1200 6714 1202 6715 1203 6716 1203 6717 1201 6718 1200 6719 1200 6720 1110 6721 1113 6722 1113 6723 1202 6724 1200 6725 1202 6726 1204 6727 1205 6728 1205 6729 1203 6730 1202 6731 1202 6732 1113 6733 1115 6734 1115 6735 1204 6736 1202 6737 1204 6738 1206 6739 1207 6740 1207 6741 1205 6742 1204 6743 1204 6744 1115 6745 1117 6746 1117 6747 1206 6748 1204 6749 1206 6750 1208 6751 1209 6752 1209 6753 1207 6754 1206 6755 1206 6756 1117 6757 1119 6758 1119 6759 1208 6760 1206 6761 1208 6762 1210 6763 1211 6764 1211 6765 1209 6766 1208 6767 1208 6768 1119 6769 1121 6770 1121 6771 1210 6772 1208 6773 1210 6774 1212 6775 1213 6776 1213 6777 1211 6778 1210 6779 1210 6780 1121 6781 1123 6782 1123 6783 1212 6784 1210 6785 1212 6786 1214 6787 1215 6788 1215 6789 1213 6790 1212 6791 1212 6792 1123 6793 1125 6794 1125 6795 1214 6796 1212 6797 1214 6798 1216 6799 1217 6800 1217 6801 1215 6802 1214 6803 1214 6804 1125 6805 1127 6806 1127 6807 1216 6808 1214 6809 1216 6810 1218 6811 1219 6812 1219 6813 1217 6814 1216 6815 1216 6816 1127 6817 1129 6818 1129 6819 1218 6820 1216 6821 1218 6822 1135 6823 1220 6824 1220 6825 1219 6826 1218 6827 1218 6828 1129 6829 1131 6830 1131 6831 1135 6832 1218 6833 1220 6834 1135 6835 1134 6836 1134 6837 1138 6838 1220 6839 1221 6840 1144 6841 1143 6842 1143 6843 1148 6844 1221 6845 1221 6846 1148 6847 1222 6848 1222 6849 1223 6850 1221 6851 1222 6852 1148 6853 1147 6854 1147 6855 1153 6856 1222 6857 1222 6858 1224 6859 1225 6860 1225 6861 1223 6862 1222 6863 1222 6864 1153 6865 1226 6866 1226 6867 1224 6868 1222 6869 1226 6870 1153 6871 1152 6872 1152 6873 1158 6874 1226 6875 1226 6876 1227 6877 1228 6878 1228 6879 1224 6880 1226 6881 1226 6882 1158 6883 1229 6884 1229 6885 1227 6886 1226 6887 1229 6888 1158 6889 1157 6890 1157 6891 1163 6892 1229 6893 1229 6894 1230 6895 1231 6896 1231 6897 1227 6898 1229 6899 1229 6900 1163 6901 1232 6902 1232 6903 1230 6904 1229 6905 1232 6906 1163 6907 1162 6908 1162 6909 1168 6910 1232 6911 1232 6912 1233 6913 1234 6914 1234 6915 1230 6916 1232 6917 1232 6918 1168 6919 1235 6920 1235 6921 1233 6922 1232 6923 1235 6924 1168 6925 1167 6926 1167 6927 1173 6928 1235 6929 1235 6930 1236 6931 1237 6932 1237 6933 1233 6934 1235 6935 1235 6936 1173 6937 1181 6938 1181 6939 1236 6940 1235 6941 1236 6942 1184 6943 1238 6944 1238 6945 1237 6946 1236 6947 1236 6948 1181 6949 1180 6950 1180 6951 1184 6952 1236 6953 1238 6954 1239 6955 1240 6956 1240 6957 1237 6958 1238 6959 1238 6960 1187 6961 1241 6962 1241 6963 1239 6964 1238 6965 1238 6966 1184 6967 1183 6968 1183 6969 1187 6970 1238 6971 1241 6972 1242 6973 1243 6974 1243 6975 1239 6976 1241 6977 1241 6978 1190 6979 1244 6980 1244 6981 1242 6982 1241 6983 1241 6984 1187 6985 1186 6986 1186 6987 1190 6988 1241 6989 1244 6990 1245 6991 1246 6992 1246 6993 1242 6994 1244 6995 1244 6996 1193 6997 1247 6998 1247 6999 1245 7000 1244 7001 1244 7002 1190 7003 1189 7004 1189 7005 1193 7006 1244 7007 1247 7008 1248 7009 1249 7010 1249 7011 1245 7012 1247 7013 1247 7014 1196 7015 1250 7016 1250 7017 1248 7018 1247 7019 1247 7020 1193 7021 1192 7022 1192 7023 1196 7024 1247 7025 1250 7026 1196 7027 1195 7028 1195 7029 1199 7030 1250 7031 1251 7032 1225 7033 1224 7034 1224 7035 1228 7036 1251 7037 1251 7038 1228 7039 1252 7040 1252 7041 1253 7042 1251 7043 1252 7044 1228 7045 1227 7046 1227 7047 1231 7048 1252 7049 1252 7050 1254 7051 1255 7052 1255 7053 1253 7054 1252 7055 1252 7056 1231 7057 1256 7058 1256 7059 1254 7060 1252 7061 1256 7062 1231 7063 1230 7064 1230 7065 1234 7066 1256 7067 1256 7068 1257 7069 1258 7070 1258 7071 1254 7072 1256 7073 1256 7074 1234 7075 1240 7076 1240 7077 1257 7078 1256 7079 1257 7080 1243 7081 1259 7082 1259 7083 1258 7084 1257 7085 1257 7086 1240 7087 1239 7088 1239 7089 1243 7090 1257 7091 1259 7092 1260 7093 1261 7094 1261 7095 1258 7096 1259 7097 1259 7098 1246 7099 1262 7100 1262 7101 1260 7102 1259 7103 1259 7104 1243 7105 1242 7106 1242 7107 1246 7108 1259 7109 1262 7110 1246 7111 1245 7112 1245 7113 1249 7114 1262 7115 1261 7116 1255 7117 1254 7118 1254 7119 1258 7120 1261 7121 1240 7122 1234 7123 1233 7124 1233 7125 1237 7126 1240 7127 1181 7128 1173 7129 1172 7130 1172 7131 1178 7132 1181 7133 1175 7134 1263 7135 1264 7136 1264 7137 1265 7138 1175 7139 1175 7140 1171 7141 1170 7142 1170 7143 1263 7144 1175 7145 1175 7146 1265 7147 1266 7148 1266 7149 1176 7150 1175 7151 1266 7152 1265 7153 1267 7154 1267 7155 1268 7156 1266 7157 1266 7158 1088 7159 1090 7160 1090 7161 1176 7162 1266 7163 1266 7164 1268 7165 1086 7166 1086 7167 1088 7168 1266 7169 1267 7170 1269 7171 799 7172 799 7173 1270 7174 1267 7175 1267 7176 1265 7177 1264 7178 1264 7179 1269 7180 1267 7181 1267 7182 1270 7183 1271 7184 1271 7185 1268 7186 1267 7187 1271 7188 1270 7189 804 7190 804 7191 1272 7192 1271 7193 1271 7194 1084 7195 1086 7196 1086 7197 1268 7198 1271 7199 1271 7200 1272 7201 1082 7202 1082 7203 1084 7204 1271 7205 1272 7206 804 7207 803 7208 803 7209 807 7210 1272 7211 1272 7212 807 7213 809 7214 809 7215 1082 7216 1272 7217 1269 7218 794 7219 793 7220 793 7221 799 7222 1269 7223 1269 7224 1264 7225 1273 7226 1273 7227 794 7228 1269 7229 1273 7230 789 7231 788 7232 788 7233 794 7234 1273 7235 1273 7236 1274 7237 1275 7238 1275 7239 789 7240 1273 7241 1273 7242 1264 7243 1263 7244 1263 7245 1274 7246 1273 7247 1274 7248 1276 7249 1277 7250 1277 7251 1275 7252 1274 7253 1274 7254 1263 7255 1170 7256 1170 7257 1276 7258 1274 7259 1276 7260 1165 7261 1278 7262 1278 7263 1277 7264 1276 7265 1276 7266 1170 7267 1166 7268 1166 7269 1165 7270 1276 7271 1278 7272 1279 7273 1280 7274 1280 7275 1277 7276 1278 7277 1278 7278 1160 7279 1281 7280 1281 7281 1279 7282 1278 7283 1278 7284 1165 7285 1161 7286 1161 7287 1160 7288 1278 7289 1281 7290 1282 7291 1283 7292 1283 7293 1279 7294 1281 7295 1281 7296 1155 7297 1284 7298 1284 7299 1282 7300 1281 7301 1281 7302 1160 7303 1156 7304 1156 7305 1155 7306 1281 7307 1284 7308 1285 7309 1286 7310 1286 7311 1282 7312 1284 7313 1284 7314 1150 7315 17 7316 17 7317 1285 7318 1284 7319 1284 7320 1155 7321 1151 7322 1151 7323 1150 7324 1284 7325 1285 7326 1287 7327 769 7328 769 7329 1286 7330 1285 7331 1285 7332 17 7333 13 7334 13 7335 1287 7336 1285 7337 1287 7338 761 7339 763 7340 763 7341 769 7342 1287 7343 1287 7344 13 7345 12 7346 12 7347 761 7348 1287 7349 1286 7350 769 7351 768 7352 768 7353 774 7354 1286 7355 1286 7356 774 7357 1283 7358 1283 7359 1282 7360 1286 7361 1283 7362 774 7363 773 7364 773 7365 779 7366 1283 7367 1283 7368 779 7369 1280 7370 1280 7371 1279 7372 1283 7373 1280 7374 779 7375 778 7376 778 7377 784 7378 1280 7379 1280 7380 784 7381 1275 7382 1275 7383 1277 7384 1280 7385 1275 7386 784 7387 783 7388 783 7389 789 7390 1275 7391 1270 7392 799 7393 798 7394 798 7395 804 7396 1270 7397 1150 7398 1146 7399 14 7400 14 7401 17 7402 1150 7403 801 7404 40 7405 2 7406 2 7407 802 7408 801 7409 766 7410 764 7411 30 7412 30 7413 35 7414 766 7415 632 7416 35 7417 34 7418 34 7419 629 7420 632 7421 625 7422 32 7423 31 7424 31 7425 626 7426 625 7427 132 7428 46 7429 45 7430 45 7431 131 7432 132 7433 131 7434 45 7435 51 7436 51 7437 130 7438 131 7439 130 7440 51 7441 28 7442 28 7443 129 7444 130 7445 129 7446 28 7447 27 7448 27 7449 128 7450 129 7451 51 7452 50 7453 21 7454 21 7455 28 7456 51 7457 49 7458 25 7459 21 7460 21 7461 50 7462 49 7463 0 7464 9 7465 905 7466 905 7467 6 7468 0 7469 904 7470 905 7471 908 7472 908 7473 906 7474 904 7475 908 7476 911 7477 1008 7478 1008 7479 906 7480 908 7481 1005 7482 1008 7483 1009 7484 1009 7485 1006 7486 1005 7487 54 7488 1288 7489 58 7490 81 7491 1288 7492 83 7493 83 7494 1288 7495 84 7496 113 7497 1288 7498 115 7499 115 7500 1288 7501 116 7502 116 7503 1288 7504 118 7505 118 7506 1288 7507 120 7508 58 7509 1288 7510 60 7511 60 7512 1288 7513 63 7514 63 7515 1288 7516 65 7517 65 7518 1288 7519 67 7520 67 7521 1288 7522 69 7523 69 7524 1288 7525 71 7526 71 7527 1288 7528 73 7529 73 7530 1288 7531 75 7532 75 7533 1288 7534 77 7535 77 7536 1288 7537 79 7538 79 7539 1288 7540 81 7541 90 7542 1288 7543 57 7544 57 7545 1288 7546 54 7547 84 7548 1288 7549 108 7550 108 7551 1288 7552 111 7553 111 7554 1288 7555 113 7556 120 7557 1288 7558 89 7559 89 7560 1288 7561 86 7562 86 7563 1288 7564 90 7565 1006 7566 1289 7567 1007 7568 1019 7569 1289 7570 1017 7571 1053 7572 1289 7573 1054 7574 1055 7575 1289 7576 1053 7577 1065 7578 1289 7579 1063 7580 1076 7581 1289 7582 1077 7583 1078 7584 1289 7585 1076 7586 1009 7587 1289 7588 1006 7589 1010 7590 1289 7591 1009 7592 1011 7593 1289 7594 1010 7595 1012 7596 1289 7597 1011 7598 1013 7599 1289 7600 1012 7601 1014 7602 1289 7603 1013 7604 1015 7605 1289 7606 1014 7607 1017 7608 1289 7609 1015 7610 1056 7611 1289 7612 1055 7613 1057 7614 1289 7615 1056 7616 1058 7617 1289 7618 1057 7619 1059 7620 1289 7621 1058 7622 1060 7623 1289 7624 1059 7625 1007 7626 1289 7627 1060 7628 1061 7629 1289 7630 1019 7631 1063 7632 1289 7633 1061 7634 1054 7635 1289 7636 1078 7637 1079 7638 1289 7639 1065 7640 1077 7641 1289 7642 1079 7643 1137 7644 1290 7645 1138 7646 1140 7647 1290 7648 1137 7649 1142 7650 1290 7651 1140 7652 1144 7653 1290 7654 1142 7655 1198 7656 1290 7657 1199 7658 1201 7659 1290 7660 1198 7661 1203 7662 1290 7663 1201 7664 1205 7665 1290 7666 1203 7667 1207 7668 1290 7669 1205 7670 1209 7671 1290 7672 1207 7673 1211 7674 1290 7675 1209 7676 1213 7677 1290 7678 1211 7679 1215 7680 1290 7681 1213 7682 1217 7683 1290 7684 1215 7685 1219 7686 1290 7687 1217 7688 1220 7689 1290 7690 1219 7691 1225 7692 1290 7693 1223 7694 1248 7695 1290 7696 1249 7697 1250 7698 1290 7699 1248 7700 1255 7701 1290 7702 1253 7703 1260 7704 1290 7705 1261 7706 1262 7707 1290 7708 1260 7709 1138 7710 1290 7711 1220 7712 1221 7713 1290 7714 1144 7715 1223 7716 1290 7717 1221 7718 1199 7719 1290 7720 1250 7721 1251 7722 1290 7723 1225 7724 1253 7725 1290 7726 1251 7727 1249 7728 1290 7729 1262 7730 1261 7731 1290 7732 1255 7733</p>
        </triangles>
      </mesh>
    </geometry>
  </library_geometries>
  <library_visual_scenes>
    <visual_scene id="arm_r_link3" name="arm_r_link3">
      <node name="arm_r_link3" id="arm_r_link3" sid="arm_r_link3">
        <node id="arm_r_link3-Pivot" name="arm_r_link3-Pivot">
          <translate>0.004472 -0.001384 0.288194</translate>
          <rotate>0.000000 0.000000 0.000000 0.000000</rotate>
          <instance_geometry url="#arm_r_link3-lib">
            <bind_material>
              <technique_common>
                <instance_material symbol="white" target="#white"/>
              </technique_common>
            </bind_material>
          </instance_geometry>
        </node>
        <extra>
          <technique profile="FCOLLADA">
            <visibility>1.000000</visibility>
          </technique>
        </extra>
      </node>
      <extra>
        <technique profile="MAX3D">
          <frame_rate>30.000000</frame_rate>
        </technique>
        <technique profile="FCOLLADA">
          <start_time>0.000000</start_time>
          <end_time>3.333333</end_time>
        </technique>
      </extra>
    </visual_scene>
  </library_visual_scenes>
  <scene>
    <instance_visual_scene url="#arm_r_link3"/>
  </scene>
</COLLADA>
