<?xml version="1.0" encoding="utf-8"?>
<COLLADA xmlns="http://www.collada.org/2005/11/COLLADASchema" version="1.4.1">
  <asset>
    <contributor>
      <author/>
      <authoring_tool>FBX COLLADA exporter</authoring_tool>
      <comments/>
    </contributor>
    <created>2026-06-09T08:51:24Z</created>
    <keywords/>
    <modified>2026-06-09T08:51:24Z</modified>
    <revision/>
    <subject/>
    <title/>
    <unit meter="1.00000" name="centimeter"/>
    <up_axis>Z_UP</up_axis>
  </asset>
  <library_materials>
    <material id="black" name="black">
      <instance_effect url="#black-fx"/>
    </material>
  </library_materials>
  <library_effects>
    <effect id="black-fx" name="black">
      <profile_COMMON>
        <technique sid="standard">
          <phong>
            <emission>
              <color sid="emission">0.000000  0.000000 0.000000 1.000000</color>
            </emission>
            <ambient>
              <color sid="ambient">0.000000  0.000000 0.000000 1.000000</color>
            </ambient>
            <diffuse>
              <color sid="diffuse">0.000000  0.000000 0.000000 1.000000</color>
            </diffuse>
            <specular>
              <color sid="specular">1.100000  1.100000 1.100000 1.000000</color>
            </specular>
            <shininess>
              <float sid="shininess">45.254833</float>
            </shininess>
          </phong>
        </technique>
      </profile_COMMON>
    </effect>
  </library_effects>
  <library_geometries>
    <geometry id="arm_l_link1-lib" name="arm_l_link1Mesh">
      <mesh>
        <source id="arm_l_link1-POSITION">
          <float_array id="arm_l_link1-POSITION-array" count="1827">
-0.015483 0.036826 -0.051597
-0.013106 0.035962 -0.056709
-0.022755 0.032042 -0.056768
-0.025885 0.032437 -0.051434
-0.019982 0.039185 -0.046284
-0.000000 0.039970 -0.048591
-0.000000 0.038184 -0.051597
-0.000000 0.037423 -0.056709
-0.031323 -0.048491 -0.043769
-0.016693 -0.053695 -0.047741
-0.017054 -0.058142 -0.044602
-0.033211 -0.058010 -0.035434
-0.010995 -0.047221 0.055705
-0.011018 -0.041808 0.055696
-0.021635 -0.041984 0.052173
-0.021676 -0.047262 0.052158
0.000000 -0.047329 0.056903
0.000000 -0.041718 0.056900
0.000000 -0.035618 0.056897
-0.011026 -0.035720 0.055693
0.000000 -0.028546 0.056892
-0.011028 -0.028671 0.055692
-0.021602 -0.035947 0.052188
-0.031174 -0.042564 0.046496
-0.031275 -0.047904 0.046422
0.000000 -0.020067 0.056889
-0.011021 -0.020166 0.055693
-0.021575 -0.020316 0.052195
-0.021581 -0.028864 0.052194
-0.031083 -0.029131 0.046557
-0.031108 -0.036424 0.046539
-0.039059 -0.036783 0.039200
-0.039069 -0.043055 0.039192
-0.039117 -0.048627 0.039141
-0.045092 -0.043649 0.030731
-0.045002 -0.049345 0.030901
-0.049377 -0.044477 0.021105
-0.049276 -0.050244 0.021430
-0.051661 -0.046391 0.010510
-0.051648 -0.052455 0.010730
-0.051691 -0.049061 -0.000444
-0.051699 -0.055161 -0.000272
-0.049204 -0.051957 -0.012365
-0.048850 -0.057638 -0.012980
-0.051667 -0.040571 -0.000626
-0.049609 -0.042375 -0.011678
-0.051683 -0.039113 0.010243
-0.051710 -0.030662 0.009934
-0.051672 -0.031137 -0.000851
-0.049469 -0.037845 0.020816
-0.049566 -0.030052 0.020515
-0.049657 -0.020962 0.020215
-0.051740 -0.021095 0.009567
-0.045184 -0.037300 0.030567
-0.045281 -0.029739 0.030393
-0.045391 -0.020860 0.030194
-0.045514 -0.011328 0.029969
-0.049756 -0.011266 0.019885
-0.039082 -0.029394 0.039173
-0.039145 -0.020705 0.039095
-0.039242 -0.011358 0.038984
-0.039359 -0.001947 0.038846
-0.045649 -0.001717 0.029723
-0.031100 -0.020529 0.046547
-0.031148 -0.011347 0.046512
-0.031219 -0.002099 0.046453
-0.031293 0.006790 0.046366
-0.039487 0.007042 0.038695
-0.021587 -0.011259 0.052191
-0.021606 -0.002069 0.052182
-0.021631 0.006783 0.052170
-0.021659 0.014815 0.052150
-0.031390 0.014848 0.046302
-0.010975 -0.002005 0.055705
-0.010908 0.006800 0.055714
-0.010814 0.014768 0.055738
-0.010724 0.021501 0.055753
-0.021699 0.021548 0.052135
0.000000 0.006815 0.056878
-0.000000 0.014787 0.056874
-0.000000 0.021560 0.056869
-0.000000 0.024441 0.056870
-0.010695 0.024373 0.055761
-0.000000 0.032332 0.056867
-0.010695 0.032335 0.055754
-0.021789 0.032664 0.052083
-0.021718 0.024562 0.052124
-0.031487 0.021817 0.046239
-0.039617 0.015181 0.038546
-0.045786 0.007430 0.029464
-0.049858 -0.001496 0.019531
-0.051776 -0.011185 0.009173
-0.051606 -0.021193 -0.001196
-0.049758 -0.032139 -0.011342
-0.045608 -0.044365 -0.023094
-0.043089 -0.053917 -0.025491
-0.041028 -0.059581 -0.026681
-0.037057 -0.052128 -0.034597
0.000000 -0.011086 0.056886
-0.011009 -0.011169 0.055697
0.000000 -0.001964 0.056882
-0.000000 0.037026 0.056865
-0.010730 0.036993 0.055740
-0.021843 0.037349 0.052052
-0.031657 0.033174 0.046102
-0.031530 0.024842 0.046205
-0.039787 0.024939 0.038343
-0.039733 0.021981 0.038406
-0.045919 0.015603 0.029212
-0.049966 0.007857 0.019162
-0.051814 -0.001296 0.008751
-0.051588 -0.011064 -0.001596
-0.049819 -0.021582 -0.011437
-0.046805 -0.033345 -0.021236
-0.041322 -0.042173 -0.032897
-0.037915 -0.039063 -0.041438
-0.036493 -0.037729 -0.045775
-0.029570 -0.046620 -0.047878
-0.016147 -0.052160 -0.050075
0.000000 -0.054875 -0.048476
0.000000 -0.058626 -0.047129
-0.000000 0.039032 0.056863
-0.010747 0.039051 0.055734
-0.021866 0.039307 0.052024
-0.031743 0.037742 0.046026
-0.039930 0.032970 0.038161
-0.046230 0.033028 0.028593
-0.046091 0.025284 0.028883
-0.046037 0.022352 0.028985
-0.050164 0.023069 0.018466
-0.050074 0.016191 0.018799
-0.051866 0.017073 0.007809
-0.051845 0.008250 0.008296
-0.051449 0.008803 -0.002561
-0.051524 -0.000972 -0.002055
-0.049647 -0.000290 -0.012272
-0.049784 -0.010879 -0.011746
-0.047504 -0.010510 -0.020767
-0.047342 -0.021944 -0.020677
-0.044855 -0.020333 -0.029390
-0.043609 -0.031227 -0.030543
-0.040843 -0.028486 -0.039471
-0.039673 -0.027661 -0.044224
-0.038734 -0.026760 -0.051584
-0.034831 -0.036286 -0.052501
-0.027587 -0.044780 -0.053751
-0.015168 -0.050643 -0.054566
0.000000 -0.052423 -0.054525
0.000000 -0.053499 -0.050310
-0.000000 0.040122 0.055927
-0.000000 0.040128 0.054709
-0.010399 0.040128 0.053581
-0.010679 0.040106 0.054983
-0.020972 0.040128 0.050049
-0.021524 0.040113 0.051278
-0.030482 0.040128 0.044261
-0.031229 0.040113 0.045292
-0.031754 0.039334 0.045988
-0.040018 0.039288 0.038020
-0.039994 0.037547 0.038076
-0.050308 0.033607 0.017906
-0.050204 0.026064 0.018313
-0.051906 0.027904 0.007084
-0.051863 0.024723 0.007313
-0.051370 0.018076 -0.003185
-0.049406 0.010002 -0.013011
-0.047231 0.000652 -0.021616
-0.045177 -0.009574 -0.029690
-0.042640 -0.018598 -0.039094
-0.041992 -0.018057 -0.044027
-0.042283 -0.017587 -0.051460
-0.039423 -0.026787 -0.061178
-0.034040 -0.035820 -0.061655
-0.025829 -0.043776 -0.062092
-0.013971 -0.049794 -0.062227
0.000000 -0.051924 -0.062148
-0.038438 0.040128 0.036538
-0.039409 0.040112 0.037429
-0.045609 0.040112 0.027894
-0.046339 0.039312 0.028343
-0.046305 0.037440 0.028419
-0.050365 0.037820 0.017671
-0.051941 0.035104 0.006527
-0.051055 0.036486 -0.005058
-0.051203 0.029814 -0.004246
-0.051250 0.026396 -0.003897
-0.048568 0.028836 -0.015107
-0.049041 0.019879 -0.013943
-0.045399 0.022291 -0.024695
-0.046488 0.011543 -0.022963
-0.043498 0.011655 -0.032031
-0.044793 0.001030 -0.030582
-0.042720 0.001411 -0.040134
-0.043187 -0.008633 -0.039360
-0.042695 -0.008244 -0.044327
-0.043171 -0.007761 -0.051738
-0.044573 -0.007270 -0.061392
-0.043543 -0.017508 -0.061236
-0.043346 -0.017415 -0.068591
-0.039851 -0.027153 -0.068591
-0.033927 -0.036141 -0.068591
-0.025151 -0.044058 -0.068591
-0.013236 -0.049844 -0.068591
0.000000 -0.051873 -0.068591
-0.044489 0.040128 0.027242
-0.048319 0.040128 0.016876
-0.049506 0.040115 0.017277
-0.050373 0.039519 0.017569
-0.051852 0.039704 0.006089
-0.051945 0.038434 0.006238
-0.047711 0.037247 -0.016663
-0.048300 0.032121 -0.015670
-0.042809 0.034002 -0.027656
-0.043611 0.031393 -0.027018
-0.041268 0.022206 -0.034945
-0.040695 0.011390 -0.041449
-0.039591 0.011472 -0.046276
-0.042184 0.001668 -0.045034
-0.042530 0.002206 -0.052267
-0.043456 0.003101 -0.061602
-0.044493 -0.006979 -0.068591
-0.039106 0.012885 -0.061972
-0.039225 0.013631 -0.068591
-0.043131 0.003537 -0.068591
-0.032679 0.022761 -0.062920
-0.032307 0.023208 -0.068591
-0.038714 0.011768 -0.053282
-0.033763 0.022215 -0.055119
-0.021432 0.031632 -0.063484
-0.035679 0.022061 -0.048856
-0.037382 0.022026 -0.044370
-0.030018 0.032152 -0.047015
-0.025159 0.035617 -0.047309
-0.037241 0.031858 -0.037794
-0.035493 0.034626 -0.038260
-0.032854 0.038328 -0.038467
-0.041580 0.037731 -0.028366
-0.040913 0.039825 -0.028515
-0.031460 0.040093 -0.037937
-0.047383 0.039609 -0.017070
-0.046707 0.040103 -0.016955
-0.040012 0.040111 -0.028079
-0.050996 0.039003 -0.005384
-0.050833 0.039956 -0.005469
-0.049841 0.040123 -0.005422
-0.045767 0.040124 -0.016733
-0.050933 0.040117 0.006001
-0.049772 0.040127 0.005863
-0.048721 0.040126 -0.005360
-0.044918 0.040127 -0.016528
-0.038076 0.040128 -0.027075
-0.039004 0.040125 -0.027582
-0.029521 0.040126 -0.036514
-0.030532 0.040120 -0.037285
-0.018329 0.040109 -0.045010
-0.012833 0.035290 -0.063810
-0.021407 0.031617 -0.068591
-0.013275 0.034915 -0.068591
-0.000000 0.037141 -0.063810
-0.000000 0.037124 -0.068591
-0.028600 0.040123 -0.035782
-0.015719 0.040125 -0.042274
-0.016567 0.040126 -0.043141
-0.017486 0.040122 -0.044109
-0.000000 0.040128 -0.046083
-0.000000 0.040128 -0.047173
-0.000000 0.040128 -0.043391
-0.000000 0.040128 -0.044837
0.025885 0.032437 -0.051434
0.022755 0.032042 -0.056768
0.013106 0.035962 -0.056709
0.015483 0.036826 -0.051597
0.019982 0.039185 -0.046284
0.037057 -0.052128 -0.034597
0.033212 -0.058010 -0.035434
0.031323 -0.048491 -0.043769
0.021676 -0.047262 0.052158
0.021635 -0.041984 0.052173
0.011018 -0.041808 0.055696
0.010995 -0.047221 0.055705
0.011026 -0.035719 0.055693
0.011028 -0.028671 0.055692
0.021602 -0.035947 0.052188
0.021581 -0.028864 0.052194
0.031174 -0.042564 0.046496
0.031108 -0.036424 0.046539
0.031275 -0.047904 0.046422
0.039117 -0.048626 0.039141
0.039069 -0.043055 0.039192
0.011021 -0.020166 0.055693
0.021575 -0.020316 0.052195
0.031083 -0.029131 0.046557
0.039059 -0.036783 0.039200
0.045003 -0.049345 0.030901
0.045092 -0.043649 0.030731
0.049277 -0.050244 0.021430
0.049377 -0.044477 0.021105
0.051648 -0.052455 0.010730
0.051661 -0.046391 0.010510
0.051699 -0.055161 -0.000272
0.051691 -0.049061 -0.000444
0.049204 -0.051957 -0.012365
0.048850 -0.057638 -0.012980
0.049609 -0.042375 -0.011678
0.051667 -0.040571 -0.000626
0.051683 -0.039113 0.010243
0.051672 -0.031137 -0.000851
0.051710 -0.030662 0.009934
0.049469 -0.037845 0.020816
0.049566 -0.030052 0.020515
0.051740 -0.021095 0.009567
0.049657 -0.020962 0.020215
0.045281 -0.029739 0.030393
0.045184 -0.037300 0.030567
0.045391 -0.020860 0.030194
0.049756 -0.011266 0.019885
0.045514 -0.011328 0.029969
0.039145 -0.020705 0.039095
0.039082 -0.029394 0.039173
0.039242 -0.011358 0.038984
0.045649 -0.001717 0.029723
0.039359 -0.001947 0.038846
0.031148 -0.011347 0.046512
0.031100 -0.020529 0.046547
0.031219 -0.002099 0.046453
0.039487 0.007042 0.038695
0.031293 0.006790 0.046366
0.021606 -0.002069 0.052182
0.021587 -0.011259 0.052191
0.021631 0.006783 0.052170
0.031390 0.014848 0.046302
0.021659 0.014815 0.052150
0.010908 0.006800 0.055714
0.010975 -0.002005 0.055705
0.010814 0.014768 0.055738
0.021699 0.021548 0.052135
0.010724 0.021501 0.055753
0.010695 0.024373 0.055761
0.010695 0.032335 0.055754
0.021718 0.024562 0.052124
0.021789 0.032664 0.052083
0.031487 0.021817 0.046239
0.039617 0.015181 0.038546
0.045786 0.007430 0.029464
0.049858 -0.001496 0.019531
0.051776 -0.011185 0.009173
0.051606 -0.021193 -0.001196
0.049758 -0.032139 -0.011342
0.043089 -0.053917 -0.025491
0.045608 -0.044365 -0.023094
0.041028 -0.059581 -0.026681
0.011009 -0.011169 0.055697
0.010730 0.036993 0.055740
0.021843 0.037349 0.052052
0.031530 0.024842 0.046205
0.031657 0.033174 0.046102
0.039733 0.021981 0.038406
0.039787 0.024940 0.038343
0.045919 0.015603 0.029212
0.046037 0.022352 0.028985
0.049966 0.007857 0.019162
0.050074 0.016191 0.018799
0.051814 -0.001296 0.008751
0.051845 0.008250 0.008296
0.051588 -0.011064 -0.001596
0.051524 -0.000972 -0.002055
0.049819 -0.021582 -0.011437
0.049784 -0.010879 -0.011746
0.046805 -0.033345 -0.021236
0.047342 -0.021944 -0.020677
0.041322 -0.042173 -0.032897
0.043609 -0.031227 -0.030543
0.037915 -0.039063 -0.041438
0.029570 -0.046620 -0.047878
0.036493 -0.037729 -0.045775
0.016147 -0.052160 -0.050075
0.016693 -0.053695 -0.047741
0.017054 -0.058142 -0.044602
0.010747 0.039051 0.055734
0.021866 0.039307 0.052024
0.031743 0.037742 0.046026
0.039930 0.032970 0.038161
0.046091 0.025284 0.028883
0.046230 0.033028 0.028593
0.050164 0.023069 0.018466
0.051866 0.017074 0.007809
0.051449 0.008804 -0.002561
0.049647 -0.000290 -0.012272
0.047504 -0.010510 -0.020767
0.044855 -0.020333 -0.029390
0.040843 -0.028485 -0.039471
0.039673 -0.027661 -0.044224
0.034831 -0.036286 -0.052501
0.038734 -0.026760 -0.051584
0.027587 -0.044780 -0.053751
0.015168 -0.050643 -0.054566
0.010679 0.040106 0.054983
0.010399 0.040128 0.053581
0.020972 0.040128 0.050049
0.021524 0.040113 0.051278
0.031229 0.040113 0.045292
0.030482 0.040128 0.044261
0.031754 0.039334 0.045988
0.039993 0.037547 0.038076
0.040018 0.039288 0.038020
0.046305 0.037440 0.028419
0.050204 0.026064 0.018313
0.050308 0.033607 0.017906
0.051863 0.024723 0.007313
0.051906 0.027904 0.007084
0.051370 0.018076 -0.003185
0.051250 0.026396 -0.003897
0.049406 0.010002 -0.013011
0.049041 0.019879 -0.013943
0.047231 0.000652 -0.021616
0.046488 0.011543 -0.022963
0.045177 -0.009574 -0.029690
0.044793 0.001030 -0.030582
0.042640 -0.018598 -0.039094
0.043187 -0.008633 -0.039360
0.041992 -0.018057 -0.044027
0.042283 -0.017587 -0.051460
0.039423 -0.026787 -0.061178
0.034040 -0.035820 -0.061655
0.025829 -0.043776 -0.062092
0.013971 -0.049794 -0.062227
0.039409 0.040112 0.037429
0.038438 0.040128 0.036538
0.046339 0.039312 0.028343
0.045609 0.040112 0.027894
0.050365 0.037820 0.017671
0.051941 0.035104 0.006527
0.051203 0.029814 -0.004246
0.051055 0.036487 -0.005058
0.048568 0.028836 -0.015107
0.045399 0.022291 -0.024695
0.043498 0.011655 -0.032031
0.042720 0.001411 -0.040134
0.042695 -0.008244 -0.044327
0.043171 -0.007761 -0.051738
0.043543 -0.017508 -0.061236
0.044573 -0.007270 -0.061392
0.039851 -0.027153 -0.068591
0.043346 -0.017415 -0.068591
0.033927 -0.036141 -0.068591
0.025151 -0.044058 -0.068591
0.013236 -0.049844 -0.068591
0.044488 0.040128 0.027242
0.049506 0.040115 0.017277
0.048319 0.040128 0.016876
0.050373 0.039519 0.017569
0.051945 0.038434 0.006238
0.051852 0.039704 0.006089
0.050996 0.039003 -0.005384
0.048300 0.032121 -0.015670
0.047711 0.037247 -0.016663
0.043611 0.031393 -0.027018
0.042809 0.034002 -0.027656
0.041268 0.022206 -0.034945
0.037241 0.031858 -0.037794
0.040695 0.011390 -0.041449
0.037382 0.022026 -0.044370
0.042184 0.001668 -0.045034
0.039591 0.011472 -0.046276
0.042530 0.002206 -0.052267
0.043456 0.003101 -0.061602
0.044493 -0.006979 -0.068591
0.043131 0.003537 -0.068591
0.039225 0.013631 -0.068591
0.039106 0.012885 -0.061972
0.032307 0.023208 -0.068591
0.032679 0.022761 -0.062920
0.038714 0.011768 -0.053282
0.033763 0.022215 -0.055119
0.021432 0.031632 -0.063484
0.035679 0.022061 -0.048856
0.030018 0.032152 -0.047015
0.025159 0.035617 -0.047309
0.035493 0.034626 -0.038260
0.032854 0.038328 -0.038467
0.041580 0.037731 -0.028366
0.031460 0.040093 -0.037937
0.040913 0.039825 -0.028515
0.047383 0.039609 -0.017070
0.040012 0.040111 -0.028079
0.046707 0.040103 -0.016955
0.050833 0.039956 -0.005469
0.045767 0.040124 -0.016733
0.049841 0.040123 -0.005422
0.050933 0.040117 0.006001
0.048721 0.040126 -0.005360
0.049772 0.040128 0.005863
0.039004 0.040125 -0.027582
0.038076 0.040128 -0.027075
0.044918 0.040127 -0.016528
0.030532 0.040120 -0.037285
0.029520 0.040126 -0.036514
0.018329 0.040109 -0.045010
0.012833 0.035290 -0.063810
0.021407 0.031617 -0.068591
0.013275 0.034915 -0.068591
0.028600 0.040123 -0.035782
0.016567 0.040126 -0.043141
0.015719 0.040125 -0.042274
0.017486 0.040122 -0.044109
-0.000000 0.040127 0.037836
-0.006739 0.040127 0.037105
-0.013591 0.040127 0.034816
-0.019754 0.040127 0.031065
-0.024909 0.040127 0.026060
-0.032254 0.040127 0.006182
-0.031573 0.040126 -0.001092
-0.029109 0.040126 -0.008329
-0.024675 0.040127 -0.015164
-0.010187 0.040125 -0.025013
-0.000000 0.040127 -0.026738
0.006739 0.040127 0.037105
0.013591 0.040127 0.034816
0.019754 0.040127 0.031065
0.031313 0.040127 0.013319
0.028830 0.040127 0.020036
0.031573 0.040126 -0.001092
0.032254 0.040127 0.006182
0.010187 0.040125 -0.025013
0.018534 0.040124 -0.020806
-0.028830 0.040127 0.020036
-0.031313 0.040127 0.013319
-0.018534 0.040124 -0.020806
0.024909 0.040127 0.026060
0.029109 0.040127 -0.008329
0.024675 0.040127 -0.015164
-0.000000 0.047573 0.036958
-0.006739 0.047573 0.036226
-0.013591 0.047573 0.033938
-0.019754 0.047573 0.030187
-0.024909 0.047573 0.025182
-0.032254 0.047573 0.005303
-0.031573 0.047572 -0.001970
-0.029109 0.047573 -0.009207
-0.024675 0.047573 -0.016042
-0.010187 0.047571 -0.025891
-0.000000 0.047573 -0.027616
0.006739 0.047573 0.036226
0.013591 0.047573 0.033938
0.019754 0.047573 0.030187
0.031313 0.047573 0.012440
0.028830 0.047573 0.019158
0.031573 0.047572 -0.001970
0.032254 0.047573 0.005303
0.010187 0.047571 -0.025891
0.018534 0.047570 -0.021685
-0.028830 0.047573 0.019158
-0.031313 0.047573 0.012440
-0.018534 0.047570 -0.021685
0.024909 0.047573 0.025182
0.029109 0.047573 -0.009207
0.024675 0.047573 -0.016042
-0.017054 -0.063918 -0.044602
-0.033211 -0.063852 -0.035434
-0.039117 -0.059138 0.039141
-0.031275 -0.058775 0.046422
-0.045002 -0.059499 0.030901
-0.049276 -0.059951 0.021430
-0.051648 -0.061061 0.010730
-0.051699 -0.062421 -0.000272
-0.041028 -0.064641 -0.026681
0.000000 -0.058486 0.056903
0.010995 -0.058432 0.055705
0.021676 -0.058453 0.052158
0.031275 -0.058775 0.046422
0.039117 -0.059138 0.039141
0.045003 -0.059499 0.030901
0.049277 -0.059951 0.021430
0.051648 -0.061061 0.010730
0.051699 -0.062421 -0.000272
0.041028 -0.064641 -0.026681
0.033212 -0.063852 -0.035434
-0.048850 -0.063665 -0.012980
-0.021676 -0.058453 0.052158
-0.010995 -0.058432 0.055705
0.000000 -0.064162 -0.047129
0.048850 -0.063665 -0.012980
0.017054 -0.063918 -0.044602
0.000000 -0.069697 -0.047129
0.017054 -0.069695 -0.044602
0.033212 -0.069694 -0.035434
0.041028 -0.069702 -0.026681
0.048850 -0.069692 -0.012980
0.051699 -0.069681 -0.000272
0.051648 -0.069668 0.010730
0.049277 -0.069658 0.021430
0.045003 -0.069653 0.030901
0.039117 -0.069650 0.039141
0.031275 -0.069647 0.046422
0.021676 -0.069643 0.052158
0.010995 -0.069643 0.055705
0.000000 -0.069644 0.056903
-0.010995 -0.069643 0.055705
-0.021676 -0.069643 0.052158
-0.031275 -0.069647 0.046422
-0.039117 -0.069650 0.039141
-0.045002 -0.069653 0.030901
-0.049276 -0.069658 0.021430
-0.051648 -0.069668 0.010730
-0.051699 -0.069681 -0.000272
-0.048850 -0.069692 -0.012980
-0.041028 -0.069702 -0.026681
-0.033211 -0.069694 -0.035434
-0.017054 -0.069695 -0.044602
</float_array>
          <technique_common>
            <accessor source="#arm_l_link1-POSITION-array" count="609" stride="3">
              <param name="X" type="float"/>
              <param name="Y" type="float"/>
              <param name="Z" type="float"/>
            </accessor>
          </technique_common>
        </source>
        <source id="arm_l_link1-Normal0">
          <float_array id="arm_l_link1-Normal0-array" count="10926">
-0.228262 0.888790 -0.397428
-0.228544 0.956240 -0.182682
-0.525655 0.814842 -0.244374
-0.525655 0.814842 -0.244374
-0.539306 0.741713 -0.398762
-0.228262 0.888790 -0.397428
-0.228262 0.888790 -0.397428
-0.268849 0.814374 -0.514310
-0.000000 0.941830 -0.336089
-0.000000 0.941830 -0.336089
0.004362 0.939661 -0.342079
-0.228262 0.888790 -0.397428
-0.228262 0.888790 -0.397428
0.004362 0.939661 -0.342079
-0.000702 0.994759 -0.102242
-0.000702 0.994759 -0.102242
-0.228544 0.956240 -0.182682
-0.228262 0.888790 -0.397428
-0.622118 -0.510265 -0.593801
-0.255633 -0.667817 -0.699051
-0.309439 -0.290700 -0.905395
-0.309439 -0.290700 -0.905395
-0.644536 -0.227092 -0.730071
-0.622118 -0.510265 -0.593801
-0.212757 0.000290 0.977105
-0.212964 0.000303 0.977060
-0.415494 0.000242 0.909596
-0.415494 0.000242 0.909596
-0.416504 0.000055 0.909134
-0.212757 0.000290 0.977105
0.000000 0.000338 1.000000
0.000000 0.000487 1.000000
-0.212964 0.000303 0.977060
-0.212964 0.000303 0.977060
-0.212757 0.000290 0.977105
0.000000 0.000338 1.000000
0.000000 0.000487 1.000000
-0.000049 0.000544 1.000000
-0.212768 0.000206 0.977103
-0.212768 0.000206 0.977103
-0.212964 0.000303 0.977060
0.000000 0.000487 1.000000
-0.000087 0.000430 1.000000
-0.212591 0.000159 0.977141
-0.212768 0.000206 0.977103
-0.212768 0.000206 0.977103
-0.000049 0.000544 1.000000
-0.000087 0.000430 1.000000
-0.415016 0.000164 0.909814
-0.415494 0.000242 0.909596
-0.212964 0.000303 0.977060
-0.212964 0.000303 0.977060
-0.212768 0.000206 0.977103
-0.415016 0.000164 0.909814
-0.598410 0.000530 0.801190
-0.600337 -0.000119 0.799747
-0.416504 0.000055 0.909134
-0.416504 0.000055 0.909134
-0.415494 0.000242 0.909596
-0.598410 0.000530 0.801190
-0.000119 0.000282 1.000000
-0.212415 0.000062 0.977180
-0.212591 0.000159 0.977141
-0.212591 0.000159 0.977141
-0.000087 0.000430 1.000000
-0.000119 0.000282 1.000000
-0.212415 0.000062 0.977180
-0.414670 0.000013 0.909972
-0.414756 0.000337 0.909933
-0.414756 0.000337 0.909933
-0.212591 0.000159 0.977141
-0.212415 0.000062 0.977180
-0.414756 0.000337 0.909933
-0.415016 0.000164 0.909814
-0.212768 0.000206 0.977103
-0.212768 0.000206 0.977103
-0.212591 0.000159 0.977141
-0.414756 0.000337 0.909933
-0.597437 0.000049 0.801916
-0.597723 0.000491 0.801703
-0.415016 0.000164 0.909814
-0.415016 0.000164 0.909814
-0.414756 0.000337 0.909933
-0.597437 0.000049 0.801916
-0.597723 0.000491 0.801703
-0.598410 0.000530 0.801190
-0.415494 0.000242 0.909596
-0.415494 0.000242 0.909596
-0.415016 0.000164 0.909814
-0.597723 0.000491 0.801703
-0.750828 0.000578 0.660498
-0.750839 0.000624 0.660485
-0.598410 0.000530 0.801190
-0.598410 0.000530 0.801190
-0.597723 0.000491 0.801703
-0.750828 0.000578 0.660498
-0.750839 0.000624 0.660485
-0.751362 0.000455 0.659890
-0.600337 -0.000119 0.799747
-0.600337 -0.000119 0.799747
-0.598410 0.000530 0.801190
-0.750839 0.000624 0.660485
-0.868111 0.001008 0.496369
-0.866268 0.000569 0.499579
-0.751362 0.000455 0.659890
-0.751362 0.000455 0.659890
-0.750839 0.000624 0.660485
-0.868111 0.001008 0.496369
-0.868111 0.001008 0.496369
-0.950673 0.000787 0.310195
-0.948523 -0.000324 0.316708
-0.948523 -0.000324 0.316708
-0.866268 0.000569 0.499579
-0.868111 0.001008 0.496369
-0.950673 0.000787 0.310195
-0.994386 0.001422 0.105808
-0.993758 -0.000088 0.111558
-0.993758 -0.000088 0.111558
-0.948523 -0.000324 0.316708
-0.950673 0.000787 0.310195
-0.994386 0.001422 0.105808
-0.995254 -0.003446 -0.097252
-0.994647 -0.003518 -0.103273
-0.994647 -0.003518 -0.103273
-0.993758 -0.000088 0.111558
-0.994386 0.001422 0.105808
-0.949347 -0.019192 -0.313641
-0.938041 -0.023931 -0.345696
-0.994647 -0.003518 -0.103273
-0.994647 -0.003518 -0.103273
-0.995254 -0.003446 -0.097252
-0.949347 -0.019192 -0.313641
-0.995254 -0.003446 -0.097252
-0.995786 -0.001549 -0.091690
-0.962932 -0.022015 -0.268844
-0.962932 -0.022015 -0.268844
-0.949347 -0.019192 -0.313641
-0.995254 -0.003446 -0.097252
-0.994386 0.001422 0.105808
-0.994799 0.000969 0.101852
-0.995786 -0.001549 -0.091690
-0.995786 -0.001549 -0.091690
-0.995254 -0.003446 -0.097252
-0.994386 0.001422 0.105808
-0.994799 0.000969 0.101852
-0.995081 -0.000306 0.099065
-0.995695 -0.001468 -0.092678
-0.995695 -0.001468 -0.092678
-0.995786 -0.001549 -0.091690
-0.994799 0.000969 0.101852
-0.952360 0.001848 0.304970
-0.954095 0.000278 0.299505
-0.995081 -0.000306 0.099065
-0.995081 -0.000306 0.099065
-0.994799 0.000969 0.101852
-0.952360 0.001848 0.304970
-0.954095 0.000278 0.299505
-0.955521 -0.000481 0.294924
-0.995808 -0.000366 0.091472
-0.995808 -0.000366 0.091472
-0.995081 -0.000306 0.099065
-0.954095 0.000278 0.299505
-0.954095 0.000278 0.299505
-0.952360 0.001848 0.304970
-0.870256 0.001208 0.492599
-0.870256 0.001208 0.492599
-0.872143 0.000823 0.489251
-0.954095 0.000278 0.299505
-0.872143 0.000823 0.489251
-0.873915 0.000522 0.486078
-0.955521 -0.000481 0.294924
-0.955521 -0.000481 0.294924
-0.954095 0.000278 0.299505
-0.872143 0.000823 0.489251
-0.873915 0.000522 0.486078
-0.875833 -0.000434 0.482614
-0.957337 -0.000405 0.288974
-0.957337 -0.000405 0.288974
-0.955521 -0.000481 0.294924
-0.873915 0.000522 0.486078
-0.873915 0.000522 0.486078
-0.872143 0.000823 0.489251
-0.751832 0.000721 0.659354
-0.751832 0.000721 0.659354
-0.753574 0.000763 0.657363
-0.873915 0.000522 0.486078
-0.753574 0.000763 0.657363
-0.755385 0.000405 0.655281
-0.875833 -0.000434 0.482614
-0.875833 -0.000434 0.482614
-0.873915 0.000522 0.486078
-0.753574 0.000763 0.657363
-0.755385 0.000405 0.655281
-0.757172 -0.000150 0.653215
-0.878306 -0.000142 0.478099
-0.878306 -0.000142 0.478099
-0.875833 -0.000434 0.482614
-0.755385 0.000405 0.655281
-0.755385 0.000405 0.655281
-0.753574 0.000763 0.657363
-0.598152 0.000246 0.801383
-0.598152 0.000246 0.801383
-0.599441 0.000542 0.800419
-0.755385 0.000405 0.655281
-0.599441 0.000542 0.800419
-0.600677 0.001561 0.799491
-0.757172 -0.000150 0.653215
-0.757172 -0.000150 0.653215
-0.755385 0.000405 0.655281
-0.599441 0.000542 0.800419
-0.600677 0.001561 0.799491
-0.602129 0.000468 0.798399
-0.759080 -0.000004 0.650997
-0.759080 -0.000004 0.650997
-0.757172 -0.000150 0.653215
-0.600677 0.001561 0.799491
-0.600677 0.001561 0.799491
-0.599441 0.000542 0.800419
-0.415107 0.000235 0.909773
-0.415107 0.000235 0.909773
-0.416165 0.000475 0.909289
-0.600677 0.001561 0.799491
-0.416165 0.000475 0.909289
-0.417021 0.000562 0.908897
-0.602129 0.000468 0.798399
-0.602129 0.000468 0.798399
-0.600677 0.001561 0.799491
-0.416165 0.000475 0.909289
-0.417021 0.000562 0.908897
-0.417027 0.000146 0.908894
-0.603675 -0.000714 0.797230
-0.603675 -0.000714 0.797230
-0.602129 0.000468 0.798399
-0.417021 0.000562 0.908897
-0.417021 0.000562 0.908897
-0.416165 0.000475 0.909289
-0.211796 0.000142 0.977314
-0.211796 0.000142 0.977314
-0.211382 0.000213 0.977404
-0.417021 0.000562 0.908897
-0.211382 0.000213 0.977404
-0.210613 0.000140 0.977569
-0.417027 0.000146 0.908894
-0.417027 0.000146 0.908894
-0.417021 0.000562 0.908897
-0.211382 0.000213 0.977404
-0.210613 0.000140 0.977569
-0.209562 0.000180 0.977795
-0.417266 0.000481 0.908784
-0.417266 0.000481 0.908784
-0.417027 0.000146 0.908894
-0.210613 0.000140 0.977569
-0.210613 0.000140 0.977569
-0.211382 0.000213 0.977404
0.000073 -0.000060 1.000000
0.000073 -0.000060 1.000000
0.000154 0.000425 1.000000
-0.210613 0.000140 0.977569
0.000154 0.000425 1.000000
0.000231 0.000014 1.000000
-0.209562 0.000180 0.977795
-0.209562 0.000180 0.977795
-0.210613 0.000140 0.977569
0.000154 0.000425 1.000000
0.000231 0.000014 1.000000
0.000113 0.000061 1.000000
-0.209144 0.000166 0.977885
-0.209144 0.000166 0.977885
-0.209562 0.000180 0.977795
0.000231 0.000014 1.000000
0.000036 0.000459 1.000000
-0.209750 0.001082 0.977754
-0.209144 0.000166 0.977885
-0.209144 0.000166 0.977885
0.000113 0.000061 1.000000
0.000036 0.000459 1.000000
-0.209750 0.001082 0.977754
-0.419224 0.001230 0.907882
-0.417824 0.000969 0.908527
-0.417824 0.000969 0.908527
-0.209144 0.000166 0.977885
-0.209750 0.001082 0.977754
-0.209144 0.000166 0.977885
-0.417824 0.000969 0.908527
-0.417266 0.000481 0.908784
-0.417266 0.000481 0.908784
-0.209562 0.000180 0.977795
-0.209144 0.000166 0.977885
-0.417266 0.000481 0.908784
-0.605586 0.000213 0.795780
-0.603675 -0.000714 0.797230
-0.603675 -0.000714 0.797230
-0.417027 0.000146 0.908894
-0.417266 0.000481 0.908784
-0.603675 -0.000714 0.797230
-0.762295 0.000685 0.647230
-0.759080 -0.000004 0.650997
-0.759080 -0.000004 0.650997
-0.602129 0.000468 0.798399
-0.603675 -0.000714 0.797230
-0.759080 -0.000004 0.650997
-0.881599 0.001079 0.471997
-0.878306 -0.000142 0.478099
-0.878306 -0.000142 0.478099
-0.757172 -0.000150 0.653215
-0.759080 -0.000004 0.650997
-0.878306 -0.000142 0.478099
-0.959746 0.001239 0.280866
-0.957337 -0.000405 0.288974
-0.957337 -0.000405 0.288974
-0.875833 -0.000434 0.482614
-0.878306 -0.000142 0.478099
-0.957337 -0.000405 0.288974
-0.996549 0.000636 0.083005
-0.995808 -0.000366 0.091472
-0.995808 -0.000366 0.091472
-0.955521 -0.000481 0.294924
-0.957337 -0.000405 0.288974
-0.995808 -0.000366 0.091472
-0.995538 -0.000528 -0.094361
-0.995695 -0.001468 -0.092678
-0.995695 -0.001468 -0.092678
-0.995081 -0.000306 0.099065
-0.995808 -0.000366 0.091472
-0.995695 -0.001468 -0.092678
-0.972563 -0.015071 -0.232150
-0.962932 -0.022015 -0.268844
-0.962932 -0.022015 -0.268844
-0.995786 -0.001549 -0.091690
-0.995695 -0.001468 -0.092678
-0.962932 -0.022015 -0.268844
-0.930294 -0.111114 -0.349580
-0.851678 -0.176480 -0.493456
-0.851678 -0.176480 -0.493456
-0.949347 -0.019192 -0.313641
-0.962932 -0.022015 -0.268844
-0.851678 -0.176480 -0.493456
-0.802149 -0.074374 -0.592475
-0.938041 -0.023931 -0.345696
-0.938041 -0.023931 -0.345696
-0.949347 -0.019192 -0.313641
-0.851678 -0.176480 -0.493456
-0.851678 -0.176480 -0.493456
-0.752308 -0.317947 -0.577011
-0.644536 -0.227092 -0.730071
-0.644536 -0.227092 -0.730071
-0.802149 -0.074374 -0.592475
-0.851678 -0.176480 -0.493456
-0.000189 0.000220 1.000000
-0.212153 -0.000037 0.977236
-0.212415 0.000062 0.977180
-0.212415 0.000062 0.977180
-0.000119 0.000282 1.000000
-0.000189 0.000220 1.000000
-0.212153 -0.000037 0.977236
-0.415107 0.000235 0.909773
-0.414670 0.000013 0.909972
-0.414670 0.000013 0.909972
-0.212415 0.000062 0.977180
-0.212153 -0.000037 0.977236
-0.414670 0.000013 0.909972
-0.598152 0.000246 0.801383
-0.597437 0.000049 0.801916
-0.597437 0.000049 0.801916
-0.414756 0.000337 0.909933
-0.414670 0.000013 0.909972
-0.597437 0.000049 0.801916
-0.751832 0.000721 0.659354
-0.750828 0.000578 0.660498
-0.750828 0.000578 0.660498
-0.597723 0.000491 0.801703
-0.597437 0.000049 0.801916
-0.750828 0.000578 0.660498
-0.870256 0.001208 0.492599
-0.868111 0.001008 0.496369
-0.868111 0.001008 0.496369
-0.750839 0.000624 0.660485
-0.750828 0.000578 0.660498
-0.870256 0.001208 0.492599
-0.952360 0.001848 0.304970
-0.950673 0.000787 0.310195
-0.950673 0.000787 0.310195
-0.868111 0.001008 0.496369
-0.870256 0.001208 0.492599
-0.952360 0.001848 0.304970
-0.994799 0.000969 0.101852
-0.994386 0.001422 0.105808
-0.994386 0.001422 0.105808
-0.950673 0.000787 0.310195
-0.952360 0.001848 0.304970
-0.870256 0.001208 0.492599
-0.750828 0.000578 0.660498
-0.751832 0.000721 0.659354
-0.751832 0.000721 0.659354
-0.872143 0.000823 0.489251
-0.870256 0.001208 0.492599
-0.751832 0.000721 0.659354
-0.597437 0.000049 0.801916
-0.598152 0.000246 0.801383
-0.598152 0.000246 0.801383
-0.753574 0.000763 0.657363
-0.751832 0.000721 0.659354
-0.598152 0.000246 0.801383
-0.414670 0.000013 0.909972
-0.415107 0.000235 0.909773
-0.415107 0.000235 0.909773
-0.599441 0.000542 0.800419
-0.598152 0.000246 0.801383
-0.415107 0.000235 0.909773
-0.212153 -0.000037 0.977236
-0.211796 0.000142 0.977314
-0.211796 0.000142 0.977314
-0.416165 0.000475 0.909289
-0.415107 0.000235 0.909773
-0.000036 0.000271 1.000000
0.000073 -0.000060 1.000000
-0.211382 0.000213 0.977404
-0.211382 0.000213 0.977404
-0.211796 0.000142 0.977314
-0.000036 0.000271 1.000000
-0.000057 0.001017 0.999999
-0.210972 0.001825 0.977490
-0.209750 0.001082 0.977754
-0.209750 0.001082 0.977754
0.000036 0.000459 1.000000
-0.000057 0.001017 0.999999
-0.210972 0.001825 0.977490
-0.420205 0.004886 0.907416
-0.419224 0.001230 0.907882
-0.419224 0.001230 0.907882
-0.209750 0.001082 0.977754
-0.210972 0.001825 0.977490
-0.417824 0.000969 0.908527
-0.419224 0.001230 0.907882
-0.608648 0.000921 0.793440
-0.608648 0.000921 0.793440
-0.606974 0.000811 0.794721
-0.417824 0.000969 0.908527
-0.606974 0.000811 0.794721
-0.605586 0.000213 0.795780
-0.417266 0.000481 0.908784
-0.417266 0.000481 0.908784
-0.417824 0.000969 0.908527
-0.606974 0.000811 0.794721
-0.605586 0.000213 0.795780
-0.606974 0.000811 0.794721
-0.765150 0.000516 0.643851
-0.765150 0.000516 0.643851
-0.764565 -0.000001 0.644547
-0.605586 0.000213 0.795780
-0.605586 0.000213 0.795780
-0.764565 -0.000001 0.644547
-0.762295 0.000685 0.647230
-0.762295 0.000685 0.647230
-0.603675 -0.000714 0.797230
-0.605586 0.000213 0.795780
-0.762295 0.000685 0.647230
-0.884203 0.000888 0.467102
-0.881599 0.001079 0.471997
-0.881599 0.001079 0.471997
-0.759080 -0.000004 0.650997
-0.762295 0.000685 0.647230
-0.881599 0.001079 0.471997
-0.961823 0.000810 0.273672
-0.959746 0.001239 0.280866
-0.959746 0.001239 0.280866
-0.878306 -0.000142 0.478099
-0.881599 0.001079 0.471997
-0.959746 0.001239 0.280866
-0.997168 0.001083 0.075201
-0.996549 0.000636 0.083005
-0.996549 0.000636 0.083005
-0.957337 -0.000405 0.288974
-0.959746 0.001239 0.280866
-0.996549 0.000636 0.083005
-0.995277 0.000626 -0.097071
-0.995538 -0.000528 -0.094361
-0.995538 -0.000528 -0.094361
-0.995808 -0.000366 0.091472
-0.996549 0.000636 0.083005
-0.995538 -0.000528 -0.094361
-0.976902 -0.006885 -0.213577
-0.972563 -0.015071 -0.232150
-0.972563 -0.015071 -0.232150
-0.995695 -0.001468 -0.092678
-0.995538 -0.000528 -0.094361
-0.972563 -0.015071 -0.232150
-0.952313 -0.047806 -0.301354
-0.930294 -0.111114 -0.349580
-0.930294 -0.111114 -0.349580
-0.962932 -0.022015 -0.268844
-0.972563 -0.015071 -0.232150
-0.865593 -0.196224 -0.460700
-0.752308 -0.317947 -0.577011
-0.851678 -0.176480 -0.493456
-0.851678 -0.176480 -0.493456
-0.930294 -0.111114 -0.349580
-0.865593 -0.196224 -0.460700
-0.865593 -0.196224 -0.460700
-0.853951 -0.311983 -0.416454
-0.622118 -0.510265 -0.593801
-0.622118 -0.510265 -0.593801
-0.752308 -0.317947 -0.577011
-0.865593 -0.196224 -0.460700
-0.622118 -0.510265 -0.593801
-0.853951 -0.311983 -0.416454
-0.856801 -0.384292 -0.343819
-0.856801 -0.384292 -0.343819
-0.593443 -0.647264 -0.478408
-0.622118 -0.510265 -0.593801
-0.622118 -0.510265 -0.593801
-0.593443 -0.647264 -0.478408
-0.253983 -0.845538 -0.469636
-0.253983 -0.845538 -0.469636
-0.255633 -0.667817 -0.699051
-0.622118 -0.510265 -0.593801
-0.018504 -0.599880 -0.799876
-0.017321 -0.184085 -0.982758
-0.309439 -0.290700 -0.905395
-0.309439 -0.290700 -0.905395
-0.255633 -0.667817 -0.699051
-0.018504 -0.599880 -0.799876
-0.000036 0.000271 1.000000
-0.211796 0.000142 0.977314
-0.212153 -0.000037 0.977236
-0.212153 -0.000037 0.977236
-0.000189 0.000220 1.000000
-0.000036 0.000271 1.000000
-0.000057 0.001017 0.999999
-0.002441 0.338685 0.940897
-0.194631 0.298887 0.934230
-0.194631 0.298887 0.934230
-0.210972 0.001825 0.977490
-0.000057 0.001017 0.999999
-0.210972 0.001825 0.977490
-0.194631 0.298887 0.934230
-0.390390 0.379699 0.838704
-0.390390 0.379699 0.838704
-0.420205 0.004886 0.907416
-0.210972 0.001825 0.977490
-0.610093 0.008462 0.792285
-0.608648 0.000921 0.793440
-0.419224 0.001230 0.907882
-0.419224 0.001230 0.907882
-0.420205 0.004886 0.907416
-0.610093 0.008462 0.792285
-0.768487 0.001462 0.639864
-0.765150 0.000516 0.643851
-0.606974 0.000811 0.794721
-0.606974 0.000811 0.794721
-0.608648 0.000921 0.793440
-0.768487 0.001462 0.639864
-0.768487 0.001462 0.639864
-0.890279 0.002428 0.455409
-0.888094 0.000553 0.459662
-0.888094 0.000553 0.459662
-0.765150 0.000516 0.643851
-0.768487 0.001462 0.639864
-0.765150 0.000516 0.643851
-0.888094 0.000553 0.459662
-0.886329 -0.000493 0.463056
-0.886329 -0.000493 0.463056
-0.764565 -0.000001 0.644547
-0.765150 0.000516 0.643851
-0.886329 -0.000493 0.463056
-0.884203 0.000888 0.467102
-0.762295 0.000685 0.647230
-0.762295 0.000685 0.647230
-0.764565 -0.000001 0.644547
-0.886329 -0.000493 0.463056
-0.965025 0.001360 0.262153
-0.963374 -0.000957 0.268161
-0.884203 0.000888 0.467102
-0.884203 0.000888 0.467102
-0.886329 -0.000493 0.463056
-0.965025 0.001360 0.262153
-0.963374 -0.000957 0.268161
-0.961823 0.000810 0.273672
-0.881599 0.001079 0.471997
-0.881599 0.001079 0.471997
-0.884203 0.000888 0.467102
-0.963374 -0.000957 0.268161
-0.998298 0.002328 0.058274
-0.997644 -0.000284 0.068602
-0.961823 0.000810 0.273672
-0.961823 0.000810 0.273672
-0.963374 -0.000957 0.268161
-0.998298 0.002328 0.058274
-0.997644 -0.000284 0.068602
-0.997168 0.001083 0.075201
-0.959746 0.001239 0.280866
-0.959746 0.001239 0.280866
-0.961823 0.000810 0.273672
-0.997644 -0.000284 0.068602
-0.993388 0.002784 -0.114773
-0.994702 0.000837 -0.102796
-0.997168 0.001083 0.075201
-0.997168 0.001083 0.075201
-0.997644 -0.000284 0.068602
-0.993388 0.002784 -0.114773
-0.994702 0.000837 -0.102796
-0.995277 0.000626 -0.097071
-0.996549 0.000636 0.083005
-0.996549 0.000636 0.083005
-0.997168 0.001083 0.075201
-0.994702 0.000837 -0.102796
-0.975829 0.006434 -0.218440
-0.977800 -0.000685 -0.209538
-0.995277 0.000626 -0.097071
-0.995277 0.000626 -0.097071
-0.994702 0.000837 -0.102796
-0.975829 0.006434 -0.218440
-0.977800 -0.000685 -0.209538
-0.976902 -0.006885 -0.213577
-0.995538 -0.000528 -0.094361
-0.995538 -0.000528 -0.094361
-0.995277 0.000626 -0.097071
-0.977800 -0.000685 -0.209538
-0.966897 -0.006833 -0.255074
-0.962230 -0.020933 -0.271430
-0.976902 -0.006885 -0.213577
-0.976902 -0.006885 -0.213577
-0.977800 -0.000685 -0.209538
-0.966897 -0.006833 -0.255074
-0.962230 -0.020933 -0.271430
-0.952313 -0.047806 -0.301354
-0.972563 -0.015071 -0.232150
-0.972563 -0.015071 -0.232150
-0.976902 -0.006885 -0.213577
-0.962230 -0.020933 -0.271430
-0.960861 -0.060489 -0.270346
-0.936298 -0.085996 -0.340517
-0.952313 -0.047806 -0.301354
-0.952313 -0.047806 -0.301354
-0.962230 -0.020933 -0.271430
-0.960861 -0.060489 -0.270346
-0.936298 -0.085996 -0.340517
-0.865593 -0.196224 -0.460700
-0.930294 -0.111114 -0.349580
-0.930294 -0.111114 -0.349580
-0.952313 -0.047806 -0.301354
-0.936298 -0.085996 -0.340517
-0.938938 -0.162962 -0.303049
-0.853951 -0.311983 -0.416454
-0.865593 -0.196224 -0.460700
-0.865593 -0.196224 -0.460700
-0.936298 -0.085996 -0.340517
-0.938938 -0.162962 -0.303049
-0.938938 -0.162962 -0.303049
-0.950428 -0.234167 -0.204578
-0.856801 -0.384292 -0.343819
-0.856801 -0.384292 -0.343819
-0.853951 -0.311983 -0.416454
-0.938938 -0.162962 -0.303049
-0.856801 -0.384292 -0.343819
-0.950428 -0.234167 -0.204578
-0.941767 -0.333679 -0.041644
-0.941767 -0.333679 -0.041644
-0.839425 -0.510525 -0.186361
-0.856801 -0.384292 -0.343819
-0.856801 -0.384292 -0.343819
-0.839425 -0.510525 -0.186361
-0.595041 -0.747707 -0.294722
-0.595041 -0.747707 -0.294722
-0.593443 -0.647264 -0.478408
-0.856801 -0.384292 -0.343819
-0.595041 -0.747707 -0.294722
-0.270917 -0.928153 -0.255217
-0.253983 -0.845538 -0.469636
-0.253983 -0.845538 -0.469636
-0.593443 -0.647264 -0.478408
-0.595041 -0.747707 -0.294722
-0.270917 -0.928153 -0.255217
-0.005727 -0.986582 -0.163166
0.000000 -0.897740 -0.440526
0.000000 -0.897740 -0.440526
-0.253983 -0.845538 -0.469636
-0.270917 -0.928153 -0.255217
0.000000 -0.897740 -0.440526
-0.018504 -0.599880 -0.799876
-0.255633 -0.667817 -0.699051
-0.255633 -0.667817 -0.699051
-0.253983 -0.845538 -0.469636
0.000000 -0.897740 -0.440526
-0.002555 0.897995 0.439998
0.000382 0.999996 0.002741
-0.002070 0.999967 0.007868
-0.002070 0.999967 0.007868
-0.099181 0.871907 0.479522
-0.002555 0.897995 0.439998
-0.002555 0.897995 0.439998
-0.099181 0.871907 0.479522
-0.194631 0.298887 0.934230
-0.194631 0.298887 0.934230
-0.002441 0.338685 0.940897
-0.002555 0.897995 0.439998
-0.099181 0.871907 0.479522
-0.002070 0.999967 0.007868
-0.002459 0.999981 0.005631
-0.002459 0.999981 0.005631
-0.171698 0.914137 0.367250
-0.099181 0.871907 0.479522
-0.099181 0.871907 0.479522
-0.171698 0.914137 0.367250
-0.390390 0.379699 0.838704
-0.390390 0.379699 0.838704
-0.194631 0.298887 0.934230
-0.099181 0.871907 0.479522
-0.171698 0.914137 0.367250
-0.002459 0.999981 0.005631
-0.003998 0.999979 0.005093
-0.003998 0.999979 0.005093
-0.234533 0.923927 0.302245
-0.171698 0.914137 0.367250
-0.171698 0.914137 0.367250
-0.234533 0.923927 0.302245
-0.559614 0.404196 0.723504
-0.559614 0.404196 0.723504
-0.390390 0.379699 0.838704
-0.171698 0.914137 0.367250
-0.559614 0.404196 0.723504
-0.610093 0.008462 0.792285
-0.420205 0.004886 0.907416
-0.420205 0.004886 0.907416
-0.390390 0.379699 0.838704
-0.559614 0.404196 0.723504
-0.610093 0.008462 0.792285
-0.559614 0.404196 0.723504
-0.712273 0.383296 0.588006
-0.712273 0.383296 0.588006
-0.770145 0.005471 0.637845
-0.610093 0.008462 0.792285
-0.610093 0.008462 0.792285
-0.770145 0.005471 0.637845
-0.768487 0.001462 0.639864
-0.768487 0.001462 0.639864
-0.608648 0.000921 0.793440
-0.610093 0.008462 0.792285
-0.888094 0.000553 0.459662
-0.890279 0.002428 0.455409
-0.967838 -0.000364 0.251574
-0.967838 -0.000364 0.251574
-0.966340 0.001021 0.257266
-0.888094 0.000553 0.459662
-0.966340 0.001021 0.257266
-0.965025 0.001360 0.262153
-0.886329 -0.000493 0.463056
-0.886329 -0.000493 0.463056
-0.888094 0.000553 0.459662
-0.966340 0.001021 0.257266
-0.965025 0.001360 0.262153
-0.966340 0.001021 0.257266
-0.998949 -0.004581 0.045601
-0.998949 -0.004581 0.045601
-0.998839 -0.003149 0.048061
-0.965025 0.001360 0.262153
-0.965025 0.001360 0.262153
-0.998839 -0.003149 0.048061
-0.998298 0.002328 0.058274
-0.998298 0.002328 0.058274
-0.963374 -0.000957 0.268161
-0.965025 0.001360 0.262153
-0.998298 0.002328 0.058274
-0.991429 0.003929 -0.130589
-0.993388 0.002784 -0.114773
-0.993388 0.002784 -0.114773
-0.997644 -0.000284 0.068602
-0.998298 0.002328 0.058274
-0.993388 0.002784 -0.114773
-0.970893 0.013831 -0.239116
-0.975829 0.006434 -0.218440
-0.975829 0.006434 -0.218440
-0.994702 0.000837 -0.102796
-0.993388 0.002784 -0.114773
-0.975829 0.006434 -0.218440
-0.965312 0.024684 -0.259928
-0.966897 -0.006833 -0.255074
-0.966897 -0.006833 -0.255074
-0.977800 -0.000685 -0.209538
-0.975829 0.006434 -0.218440
-0.966897 -0.006833 -0.255074
-0.973234 -0.008528 -0.229659
-0.960861 -0.060489 -0.270346
-0.960861 -0.060489 -0.270346
-0.962230 -0.020933 -0.271430
-0.966897 -0.006833 -0.255074
-0.960861 -0.060489 -0.270346
-0.971742 -0.125435 -0.199958
-0.938938 -0.162962 -0.303049
-0.938938 -0.162962 -0.303049
-0.936298 -0.085996 -0.340517
-0.960861 -0.060489 -0.270346
-0.971742 -0.125435 -0.199958
-0.981792 -0.172299 -0.079987
-0.950428 -0.234167 -0.204578
-0.950428 -0.234167 -0.204578
-0.938938 -0.162962 -0.303049
-0.971742 -0.125435 -0.199958
-0.981792 -0.172299 -0.079987
-0.971146 -0.228055 0.069761
-0.941767 -0.333679 -0.041644
-0.941767 -0.333679 -0.041644
-0.950428 -0.234167 -0.204578
-0.981792 -0.172299 -0.079987
-0.903641 -0.425744 0.046644
-0.790566 -0.610379 -0.049434
-0.839425 -0.510525 -0.186361
-0.839425 -0.510525 -0.186361
-0.941767 -0.333679 -0.041644
-0.903641 -0.425744 0.046644
-0.790566 -0.610379 -0.049434
-0.571358 -0.813064 -0.111699
-0.595041 -0.747707 -0.294722
-0.595041 -0.747707 -0.294722
-0.839425 -0.510525 -0.186361
-0.790566 -0.610379 -0.049434
-0.571358 -0.813064 -0.111699
-0.294977 -0.952091 -0.080695
-0.270917 -0.928153 -0.255217
-0.270917 -0.928153 -0.255217
-0.595041 -0.747707 -0.294722
-0.571358 -0.813064 -0.111699
-0.294977 -0.952091 -0.080695
-0.006303 -0.999095 -0.042073
-0.005727 -0.986582 -0.163166
-0.005727 -0.986582 -0.163166
-0.270917 -0.928153 -0.255217
-0.294977 -0.952091 -0.080695
-0.003998 0.999979 0.005093
-0.005164 0.999978 0.004213
-0.313697 0.914452 0.255680
-0.313697 0.914452 0.255680
-0.234533 0.923927 0.302245
-0.003998 0.999979 0.005093
-0.313697 0.914452 0.255680
-0.712273 0.383296 0.588006
-0.559614 0.404196 0.723504
-0.559614 0.404196 0.723504
-0.234533 0.923927 0.302245
-0.313697 0.914452 0.255680
-0.712273 0.383296 0.588006
-0.313697 0.914452 0.255680
-0.349578 0.919532 0.179600
-0.349578 0.919532 0.179600
-0.821197 0.387188 0.419191
-0.712273 0.383296 0.588006
-0.712273 0.383296 0.588006
-0.821197 0.387188 0.419191
-0.891565 0.002266 0.452888
-0.891565 0.002266 0.452888
-0.770145 0.005471 0.637845
-0.712273 0.383296 0.588006
-0.891565 0.002266 0.452888
-0.890279 0.002428 0.455409
-0.768487 0.001462 0.639864
-0.768487 0.001462 0.639864
-0.770145 0.005471 0.637845
-0.891565 0.002266 0.452888
-0.969073 0.007165 0.246670
-0.967838 -0.000364 0.251574
-0.890279 0.002428 0.455409
-0.890279 0.002428 0.455409
-0.891565 0.002266 0.452888
-0.969073 0.007165 0.246670
-0.999385 0.000681 0.035048
-0.998949 -0.004581 0.045601
-0.966340 0.001021 0.257266
-0.966340 0.001021 0.257266
-0.967838 -0.000364 0.251574
-0.999385 0.000681 0.035048
-0.999385 0.000681 0.035048
-0.984239 0.000222 -0.176842
-0.986907 0.001277 -0.161287
-0.986907 0.001277 -0.161287
-0.998949 -0.004581 0.045601
-0.999385 0.000681 0.035048
-0.998949 -0.004581 0.045601
-0.986907 0.001277 -0.161287
-0.989176 -0.000060 -0.146734
-0.989176 -0.000060 -0.146734
-0.998839 -0.003149 0.048061
-0.998949 -0.004581 0.045601
-0.989176 -0.000060 -0.146734
-0.991429 0.003929 -0.130589
-0.998298 0.002328 0.058274
-0.998298 0.002328 0.058274
-0.998839 -0.003149 0.048061
-0.989176 -0.000060 -0.146734
-0.955454 0.033445 -0.293238
-0.965035 0.011953 -0.261846
-0.991429 0.003929 -0.130589
-0.991429 0.003929 -0.130589
-0.989176 -0.000060 -0.146734
-0.955454 0.033445 -0.293238
-0.965035 0.011953 -0.261846
-0.970893 0.013831 -0.239116
-0.993388 0.002784 -0.114773
-0.993388 0.002784 -0.114773
-0.991429 0.003929 -0.130589
-0.965035 0.011953 -0.261846
-0.930568 0.074027 -0.358557
-0.956004 0.037035 -0.291007
-0.970893 0.013831 -0.239116
-0.970893 0.013831 -0.239116
-0.965035 0.011953 -0.261846
-0.930568 0.074027 -0.358557
-0.956004 0.037035 -0.291007
-0.965312 0.024684 -0.259928
-0.975829 0.006434 -0.218440
-0.975829 0.006434 -0.218440
-0.970893 0.013831 -0.239116
-0.956004 0.037035 -0.291007
-0.947966 0.097789 -0.302983
-0.970834 0.049606 -0.234565
-0.965312 0.024684 -0.259928
-0.965312 0.024684 -0.259928
-0.956004 0.037035 -0.291007
-0.947966 0.097789 -0.302983
-0.970834 0.049606 -0.234565
-0.973234 -0.008528 -0.229659
-0.966897 -0.006833 -0.255074
-0.966897 -0.006833 -0.255074
-0.965312 0.024684 -0.259928
-0.970834 0.049606 -0.234565
-0.979836 0.099428 -0.173307
-0.987880 -0.008927 -0.154962
-0.973234 -0.008528 -0.229659
-0.973234 -0.008528 -0.229659
-0.970834 0.049606 -0.234565
-0.979836 0.099428 -0.173307
-0.987880 -0.008927 -0.154962
-0.971742 -0.125435 -0.199958
-0.960861 -0.060489 -0.270346
-0.960861 -0.060489 -0.270346
-0.973234 -0.008528 -0.229659
-0.987880 -0.008927 -0.154962
-0.999587 -0.010824 -0.026627
-0.981792 -0.172299 -0.079987
-0.971742 -0.125435 -0.199958
-0.971742 -0.125435 -0.199958
-0.987880 -0.008927 -0.154962
-0.999587 -0.010824 -0.026627
-0.999587 -0.010824 -0.026627
-0.994757 -0.010025 0.101770
-0.971146 -0.228055 0.069761
-0.971146 -0.228055 0.069761
-0.981792 -0.172299 -0.079987
-0.999587 -0.010824 -0.026627
-0.994757 -0.010025 0.101770
-0.998285 0.003002 0.058463
-0.966077 -0.253537 0.049137
-0.966077 -0.253537 0.049137
-0.971146 -0.228055 0.069761
-0.994757 -0.010025 0.101770
-0.971146 -0.228055 0.069761
-0.966077 -0.253537 0.049137
-0.903641 -0.425744 0.046644
-0.903641 -0.425744 0.046644
-0.941767 -0.333679 -0.041644
-0.971146 -0.228055 0.069761
-0.903641 -0.425744 0.046644
-0.966077 -0.253537 0.049137
-0.969246 -0.245937 -0.008783
-0.969246 -0.245937 -0.008783
-0.897973 -0.435749 0.061376
-0.903641 -0.425744 0.046644
-0.897973 -0.435749 0.061376
-0.763923 -0.645268 0.007134
-0.790566 -0.610379 -0.049434
-0.790566 -0.610379 -0.049434
-0.903641 -0.425744 0.046644
-0.897973 -0.435749 0.061376
-0.763923 -0.645268 0.007134
-0.556107 -0.830657 -0.027467
-0.571358 -0.813064 -0.111699
-0.571358 -0.813064 -0.111699
-0.790566 -0.610379 -0.049434
-0.763923 -0.645268 0.007134
-0.556107 -0.830657 -0.027467
-0.286864 -0.957639 -0.025229
-0.294977 -0.952091 -0.080695
-0.294977 -0.952091 -0.080695
-0.571358 -0.813064 -0.111699
-0.556107 -0.830657 -0.027467
-0.286864 -0.957639 -0.025229
-0.000298 -0.999967 -0.008141
-0.006303 -0.999095 -0.042073
-0.006303 -0.999095 -0.042073
-0.294977 -0.952091 -0.080695
-0.286864 -0.957639 -0.025229
-0.005801 0.999979 0.002886
-0.349578 0.919532 0.179600
-0.313697 0.914452 0.255680
-0.313697 0.914452 0.255680
-0.005164 0.999978 0.004213
-0.005801 0.999979 0.002886
-0.349578 0.919532 0.179600
-0.005801 0.999979 0.002886
-0.005180 0.999986 0.001327
-0.005180 0.999986 0.001327
-0.300375 0.951131 0.071583
-0.349578 0.919532 0.179600
-0.349578 0.919532 0.179600
-0.300375 0.951131 0.071583
-0.859245 0.465430 0.212302
-0.859245 0.465430 0.212302
-0.821197 0.387188 0.419191
-0.349578 0.919532 0.179600
-0.859245 0.465430 0.212302
-0.969073 0.007165 0.246670
-0.891565 0.002266 0.452888
-0.891565 0.002266 0.452888
-0.821197 0.387188 0.419191
-0.859245 0.465430 0.212302
-0.969073 0.007165 0.246670
-0.859245 0.465430 0.212302
-0.827537 0.560932 0.023184
-0.827537 0.560932 0.023184
-0.998764 0.039026 0.030781
-0.969073 0.007165 0.246670
-0.969073 0.007165 0.246670
-0.998764 0.039026 0.030781
-0.999385 0.000681 0.035048
-0.999385 0.000681 0.035048
-0.967838 -0.000364 0.251574
-0.969073 0.007165 0.246670
-0.986907 0.001277 -0.161287
-0.984239 0.000222 -0.176842
-0.930243 0.057641 -0.362387
-0.930243 0.057641 -0.362387
-0.945490 0.032342 -0.324041
-0.986907 0.001277 -0.161287
-0.945490 0.032342 -0.324041
-0.955454 0.033445 -0.293238
-0.989176 -0.000060 -0.146734
-0.989176 -0.000060 -0.146734
-0.986907 0.001277 -0.161287
-0.945490 0.032342 -0.324041
-0.955454 0.033445 -0.293238
-0.945490 0.032342 -0.324041
-0.858431 0.177501 -0.481237
-0.858431 0.177501 -0.481237
-0.895529 0.120943 -0.428253
-0.955454 0.033445 -0.293238
-0.955454 0.033445 -0.293238
-0.895529 0.120943 -0.428253
-0.930568 0.074027 -0.358557
-0.930568 0.074027 -0.358557
-0.965035 0.011953 -0.261846
-0.955454 0.033445 -0.293238
-0.930568 0.074027 -0.358557
-0.910408 0.178271 -0.373333
-0.947966 0.097789 -0.302983
-0.947966 0.097789 -0.302983
-0.956004 0.037035 -0.291007
-0.930568 0.074027 -0.358557
-0.947966 0.097789 -0.302983
-0.945507 0.197764 -0.258660
-0.979836 0.099428 -0.173307
-0.979836 0.099428 -0.173307
-0.970834 0.049606 -0.234565
-0.947966 0.097789 -0.302983
-0.979836 0.099428 -0.173307
-0.945507 0.197764 -0.258660
-0.944214 0.295874 -0.144632
-0.944214 0.295874 -0.144632
-0.988089 0.152300 -0.022010
-0.979836 0.099428 -0.173307
-0.979836 0.099428 -0.173307
-0.988089 0.152300 -0.022010
-0.999587 -0.010824 -0.026627
-0.999587 -0.010824 -0.026627
-0.987880 -0.008927 -0.154962
-0.979836 0.099428 -0.173307
-0.974412 0.211981 0.074731
-0.994757 -0.010025 0.101770
-0.999587 -0.010824 -0.026627
-0.999587 -0.010824 -0.026627
-0.988089 0.152300 -0.022010
-0.974412 0.211981 0.074731
-0.974412 0.211981 0.074731
-0.965952 0.253481 0.051805
-0.998285 0.003002 0.058463
-0.998285 0.003002 0.058463
-0.994757 -0.010025 0.101770
-0.974412 0.211981 0.074731
-0.999798 0.015342 -0.012974
-0.969246 -0.245937 -0.008783
-0.966077 -0.253537 0.049137
-0.966077 -0.253537 0.049137
-0.998285 0.003002 0.058463
-0.999798 0.015342 -0.012974
-0.965952 0.253481 0.051805
-0.871998 0.482276 0.083836
-0.866542 0.495786 0.057449
-0.866542 0.495786 0.057449
-0.969133 0.245399 -0.023686
-0.965952 0.253481 0.051805
-0.871998 0.482276 0.083836
-0.749251 0.662215 -0.009713
-0.725166 0.688357 0.017304
-0.725166 0.688357 0.017304
-0.866542 0.495786 0.057449
-0.871998 0.482276 0.083836
-0.911116 0.411749 -0.018188
-0.803869 0.576554 -0.146221
-0.749251 0.662215 -0.009713
-0.749251 0.662215 -0.009713
-0.871998 0.482276 0.083836
-0.911116 0.411749 -0.018188
-0.803869 0.576554 -0.146221
-0.525655 0.814842 -0.244374
-0.508154 0.858705 -0.066380
-0.508154 0.858705 -0.066380
-0.749251 0.662215 -0.009713
-0.803869 0.576554 -0.146221
-0.851302 0.420986 -0.313139
-0.539306 0.741713 -0.398762
-0.525655 0.814842 -0.244374
-0.525655 0.814842 -0.244374
-0.803869 0.576554 -0.146221
-0.851302 0.420986 -0.313139
-0.851302 0.420986 -0.313139
-0.879508 0.286235 -0.380177
-0.615282 0.572455 -0.541962
-0.615282 0.572455 -0.541962
-0.539306 0.741713 -0.398762
-0.851302 0.420986 -0.313139
-0.615282 0.572455 -0.541962
-0.438501 0.656833 -0.613422
-0.228262 0.888790 -0.397428
-0.228262 0.888790 -0.397428
-0.539306 0.741713 -0.398762
-0.615282 0.572455 -0.541962
-0.615282 0.572455 -0.541962
-0.804747 0.323290 -0.497861
-0.696168 0.455609 -0.554771
-0.696168 0.455609 -0.554771
-0.438501 0.656833 -0.613422
-0.615282 0.572455 -0.541962
-0.696168 0.455609 -0.554771
-0.583404 0.482065 -0.653646
-0.268849 0.814374 -0.514310
-0.268849 0.814374 -0.514310
-0.438501 0.656833 -0.613422
-0.696168 0.455609 -0.554771
-0.858431 0.177501 -0.481237
-0.804491 0.198126 -0.559946
-0.583404 0.482065 -0.653646
-0.583404 0.482065 -0.653646
-0.696168 0.455609 -0.554771
-0.858431 0.177501 -0.481237
-0.804491 0.198126 -0.559946
-0.606619 0.654795 -0.450840
-0.317416 0.869785 -0.377785
-0.317416 0.869785 -0.377785
-0.583404 0.482065 -0.653646
-0.804491 0.198126 -0.559946
-0.930243 0.057641 -0.362387
-0.810152 0.461729 -0.361193
-0.606619 0.654795 -0.450840
-0.606619 0.654795 -0.450840
-0.804491 0.198126 -0.559946
-0.930243 0.057641 -0.362387
-0.810152 0.461729 -0.361193
-0.309609 0.939575 -0.146085
-0.129356 0.987554 -0.089460
-0.129356 0.987554 -0.089460
-0.606619 0.654795 -0.450840
-0.810152 0.461729 -0.361193
-0.810152 0.461729 -0.361193
-0.980284 0.074746 -0.182910
-0.715486 0.685116 -0.136736
-0.715486 0.685116 -0.136736
-0.309609 0.939575 -0.146085
-0.810152 0.461729 -0.361193
-0.715486 0.685116 -0.136736
-0.093971 0.995437 -0.016590
-0.014537 0.999886 -0.004033
-0.014537 0.999886 -0.004033
-0.309609 0.939575 -0.146085
-0.715486 0.685116 -0.136736
-0.093971 0.995437 -0.016590
-0.715486 0.685116 -0.136736
-0.827537 0.560932 0.023184
-0.827537 0.560932 0.023184
-0.229170 0.973365 0.006480
-0.093971 0.995437 -0.016590
-0.229170 0.973365 0.006480
-0.004770 0.999989 -0.000021
-0.001628 0.999999 -0.000217
-0.001628 0.999999 -0.000217
-0.093971 0.995437 -0.016590
-0.229170 0.973365 0.006480
-0.002021 0.999997 -0.000937
-0.000997 0.999999 -0.001099
-0.006345 0.999966 -0.005184
-0.006345 0.999966 -0.005184
-0.014537 0.999886 -0.004033
-0.002021 0.999997 -0.000937
-0.002021 0.999997 -0.000937
-0.014537 0.999886 -0.004033
-0.093971 0.995437 -0.016590
-0.093971 0.995437 -0.016590
-0.001628 0.999999 -0.000217
-0.002021 0.999997 -0.000937
-0.006345 0.999966 -0.005184
-0.129356 0.987554 -0.089460
-0.309609 0.939575 -0.146085
-0.309609 0.939575 -0.146085
-0.014537 0.999886 -0.004033
-0.006345 0.999966 -0.005184
-0.129356 0.987554 -0.089460
-0.006345 0.999966 -0.005184
-0.001106 0.999999 -0.001287
-0.001106 0.999999 -0.001287
-0.009295 0.999873 -0.012917
-0.129356 0.987554 -0.089460
-0.129356 0.987554 -0.089460
-0.009295 0.999873 -0.012917
-0.317416 0.869785 -0.377785
-0.317416 0.869785 -0.377785
-0.606619 0.654795 -0.450840
-0.129356 0.987554 -0.089460
-0.317416 0.869785 -0.377785
-0.076706 0.960963 -0.265832
-0.268849 0.814374 -0.514310
-0.268849 0.814374 -0.514310
-0.583404 0.482065 -0.653646
-0.317416 0.869785 -0.377785
-0.228544 0.956240 -0.182682
-0.264056 0.962161 -0.067240
-0.508154 0.858705 -0.066380
-0.508154 0.858705 -0.066380
-0.525655 0.814842 -0.244374
-0.228544 0.956240 -0.182682
-0.508154 0.858705 -0.066380
-0.497741 0.867312 -0.004935
-0.725166 0.688357 0.017304
-0.725166 0.688357 0.017304
-0.749251 0.662215 -0.009713
-0.508154 0.858705 -0.066380
-0.508154 0.858705 -0.066380
-0.264056 0.962161 -0.067240
-0.285274 0.957476 -0.043111
-0.285274 0.957476 -0.043111
-0.497741 0.867312 -0.004935
-0.508154 0.858705 -0.066380
-0.264056 0.962161 -0.067240
-0.001345 0.999557 -0.029716
0.008400 0.999913 -0.010194
0.008400 0.999913 -0.010194
-0.285274 0.957476 -0.043111
-0.264056 0.962161 -0.067240
-0.005180 0.999986 0.001327
-0.004770 0.999989 -0.000021
-0.229170 0.973365 0.006480
-0.229170 0.973365 0.006480
-0.300375 0.951131 0.071583
-0.005180 0.999986 0.001327
-0.229170 0.973365 0.006480
-0.827537 0.560932 0.023184
-0.859245 0.465430 0.212302
-0.859245 0.465430 0.212302
-0.300375 0.951131 0.071583
-0.229170 0.973365 0.006480
-0.827537 0.560932 0.023184
-0.715486 0.685116 -0.136736
-0.980284 0.074746 -0.182910
-0.980284 0.074746 -0.182910
-0.998764 0.039026 0.030781
-0.827537 0.560932 0.023184
-0.980284 0.074746 -0.182910
-0.984239 0.000222 -0.176842
-0.999385 0.000681 0.035048
-0.999385 0.000681 0.035048
-0.998764 0.039026 0.030781
-0.980284 0.074746 -0.182910
-0.980284 0.074746 -0.182910
-0.810152 0.461729 -0.361193
-0.930243 0.057641 -0.362387
-0.930243 0.057641 -0.362387
-0.984239 0.000222 -0.176842
-0.980284 0.074746 -0.182910
-0.930243 0.057641 -0.362387
-0.804491 0.198126 -0.559946
-0.858431 0.177501 -0.481237
-0.858431 0.177501 -0.481237
-0.945490 0.032342 -0.324041
-0.930243 0.057641 -0.362387
-0.858431 0.177501 -0.481237
-0.696168 0.455609 -0.554771
-0.804747 0.323290 -0.497861
-0.804747 0.323290 -0.497861
-0.895529 0.120943 -0.428253
-0.858431 0.177501 -0.481237
-0.804747 0.323290 -0.497861
-0.910408 0.178271 -0.373333
-0.930568 0.074027 -0.358557
-0.930568 0.074027 -0.358557
-0.895529 0.120943 -0.428253
-0.804747 0.323290 -0.497861
-0.804747 0.323290 -0.497861
-0.615282 0.572455 -0.541962
-0.879508 0.286235 -0.380177
-0.879508 0.286235 -0.380177
-0.910408 0.178271 -0.373333
-0.804747 0.323290 -0.497861
-0.879508 0.286235 -0.380177
-0.945507 0.197764 -0.258660
-0.947966 0.097789 -0.302983
-0.947966 0.097789 -0.302983
-0.910408 0.178271 -0.373333
-0.879508 0.286235 -0.380177
-0.851302 0.420986 -0.313139
-0.944214 0.295874 -0.144632
-0.945507 0.197764 -0.258660
-0.945507 0.197764 -0.258660
-0.879508 0.286235 -0.380177
-0.851302 0.420986 -0.313139
-0.944214 0.295874 -0.144632
-0.851302 0.420986 -0.313139
-0.803869 0.576554 -0.146221
-0.803869 0.576554 -0.146221
-0.911116 0.411749 -0.018188
-0.944214 0.295874 -0.144632
-0.944214 0.295874 -0.144632
-0.911116 0.411749 -0.018188
-0.974412 0.211981 0.074731
-0.974412 0.211981 0.074731
-0.988089 0.152300 -0.022010
-0.944214 0.295874 -0.144632
-0.871998 0.482276 0.083836
-0.965952 0.253481 0.051805
-0.974412 0.211981 0.074731
-0.974412 0.211981 0.074731
-0.911116 0.411749 -0.018188
-0.871998 0.482276 0.083836
0.000572 0.999999 0.000857
-0.001106 0.999999 -0.001287
-0.006345 0.999966 -0.005184
-0.006345 0.999966 -0.005184
-0.000997 0.999999 -0.001099
0.000572 0.999999 0.000857
-0.001106 0.999999 -0.001287
0.000572 0.999999 0.000857
0.000047 1.000000 0.000747
0.000047 1.000000 0.000747
-0.000319 0.999999 -0.001347
-0.001106 0.999999 -0.001287
-0.001106 0.999999 -0.001287
-0.000319 0.999999 -0.001347
-0.002436 0.999967 -0.007777
-0.002436 0.999967 -0.007777
-0.009295 0.999873 -0.012917
-0.001106 0.999999 -0.001287
-0.002436 0.999967 -0.007777
-0.076706 0.960963 -0.265832
-0.317416 0.869785 -0.377785
-0.317416 0.869785 -0.377785
-0.009295 0.999873 -0.012917
-0.002436 0.999967 -0.007777
-0.076706 0.960963 -0.265832
-0.002436 0.999967 -0.007777
-0.000238 1.000000 -0.000139
-0.000238 1.000000 -0.000139
-0.000142 0.998208 -0.059841
-0.076706 0.960963 -0.265832
-0.076706 0.960963 -0.265832
-0.000142 0.998208 -0.059841
-0.000000 0.941830 -0.336089
-0.000000 0.941830 -0.336089
-0.268849 0.814374 -0.514310
-0.076706 0.960963 -0.265832
0.000047 1.000000 0.000747
-0.000024 1.000000 0.000029
-0.000080 1.000000 -0.000051
-0.000080 1.000000 -0.000051
-0.000319 0.999999 -0.001347
0.000047 1.000000 0.000747
-0.000080 1.000000 -0.000051
-0.000238 1.000000 -0.000139
-0.002436 0.999967 -0.007777
-0.002436 0.999967 -0.007777
-0.000319 0.999999 -0.001347
-0.000080 1.000000 -0.000051
-0.969133 0.245399 -0.023686
-0.999798 0.015342 -0.012974
-0.998285 0.003002 0.058463
-0.998285 0.003002 0.058463
-0.965952 0.253481 0.051805
-0.969133 0.245399 -0.023686
-0.264056 0.962161 -0.067240
-0.228544 0.956240 -0.182682
-0.000702 0.994759 -0.102242
-0.000702 0.994759 -0.102242
-0.001345 0.999557 -0.029716
-0.264056 0.962161 -0.067240
0.563381 0.681415 -0.467199
0.513778 0.828347 -0.223323
0.228106 0.959136 -0.167411
0.228106 0.959136 -0.167411
0.222805 0.886866 -0.404755
0.563381 0.681415 -0.467199
-0.000000 0.941830 -0.336089
0.265704 0.828751 -0.492517
0.222805 0.886866 -0.404755
0.222805 0.886866 -0.404755
0.004362 0.939661 -0.342079
-0.000000 0.941830 -0.336089
0.228106 0.959136 -0.167411
-0.000702 0.994759 -0.102242
0.004362 0.939661 -0.342079
0.004362 0.939661 -0.342079
0.222805 0.886866 -0.404755
0.228106 0.959136 -0.167411
0.752290 -0.341597 -0.563357
0.644536 -0.227092 -0.730071
0.609769 -0.504226 -0.611504
0.416793 0.000366 0.909001
0.415850 0.000058 0.909433
0.213000 0.000273 0.977052
0.213000 0.000273 0.977052
0.212794 0.000321 0.977097
0.416793 0.000366 0.909001
0.213000 0.000273 0.977052
0.000000 0.000487 1.000000
0.000000 0.000338 1.000000
0.000000 0.000338 1.000000
0.212794 0.000321 0.977097
0.213000 0.000273 0.977052
0.212817 0.000165 0.977092
-0.000049 0.000544 1.000000
0.000000 0.000487 1.000000
0.000000 0.000487 1.000000
0.213000 0.000273 0.977052
0.212817 0.000165 0.977092
-0.000049 0.000544 1.000000
0.212817 0.000165 0.977092
0.212678 0.000164 0.977122
0.212678 0.000164 0.977122
-0.000087 0.000430 1.000000
-0.000049 0.000544 1.000000
0.415118 0.000064 0.909768
0.414754 0.000335 0.909933
0.212678 0.000164 0.977122
0.212678 0.000164 0.977122
0.212817 0.000165 0.977092
0.415118 0.000064 0.909768
0.415118 0.000064 0.909768
0.212817 0.000165 0.977092
0.213000 0.000273 0.977052
0.213000 0.000273 0.977052
0.415850 0.000058 0.909433
0.415118 0.000064 0.909768
0.598273 0.000089 0.801293
0.597618 0.000382 0.801781
0.415118 0.000064 0.909768
0.415118 0.000064 0.909768
0.415850 0.000058 0.909433
0.598273 0.000089 0.801293
0.415850 0.000058 0.909433
0.416793 0.000366 0.909001
0.600396 0.000424 0.799703
0.600396 0.000424 0.799703
0.598273 0.000089 0.801293
0.415850 0.000058 0.909433
0.751178 0.000705 0.660100
0.750615 0.000351 0.660739
0.598273 0.000089 0.801293
0.598273 0.000089 0.801293
0.600396 0.000424 0.799703
0.751178 0.000705 0.660100
-0.000087 0.000430 1.000000
0.212678 0.000164 0.977122
0.212525 0.000021 0.977156
0.212525 0.000021 0.977156
-0.000119 0.000282 1.000000
-0.000087 0.000430 1.000000
0.212678 0.000164 0.977122
0.414754 0.000335 0.909933
0.414674 0.000011 0.909970
0.414674 0.000011 0.909970
0.212525 0.000021 0.977156
0.212678 0.000164 0.977122
0.415118 0.000064 0.909768
0.597618 0.000382 0.801781
0.597437 0.000050 0.801916
0.597437 0.000050 0.801916
0.414754 0.000335 0.909933
0.415118 0.000064 0.909768
0.598273 0.000089 0.801293
0.750615 0.000351 0.660739
0.750828 0.000579 0.660498
0.750828 0.000579 0.660498
0.597618 0.000382 0.801781
0.598273 0.000089 0.801293
0.751178 0.000705 0.660100
0.866268 0.000570 0.499579
0.868111 0.001009 0.496369
0.868111 0.001009 0.496369
0.750615 0.000351 0.660739
0.751178 0.000705 0.660100
0.948523 -0.000323 0.316707
0.950673 0.000788 0.310195
0.868111 0.001009 0.496369
0.868111 0.001009 0.496369
0.866268 0.000570 0.499579
0.948523 -0.000323 0.316707
0.993758 -0.000087 0.111558
0.994386 0.001423 0.105808
0.950673 0.000788 0.310195
0.950673 0.000788 0.310195
0.948523 -0.000323 0.316707
0.993758 -0.000087 0.111558
0.994647 -0.003517 -0.103273
0.994840 -0.000384 -0.101454
0.994386 0.001423 0.105808
0.994386 0.001423 0.105808
0.993758 -0.000087 0.111558
0.994647 -0.003517 -0.103273
0.951375 -0.043797 -0.304907
0.994840 -0.000384 -0.101454
0.994647 -0.003517 -0.103273
0.994647 -0.003517 -0.103273
0.930840 -0.007810 -0.365344
0.951375 -0.043797 -0.304907
0.951375 -0.043797 -0.304907
0.967008 -0.014458 -0.254337
0.995579 -0.004972 -0.093799
0.995579 -0.004972 -0.093799
0.994840 -0.000384 -0.101454
0.951375 -0.043797 -0.304907
0.995579 -0.004972 -0.093799
0.994761 0.000666 0.102223
0.994386 0.001423 0.105808
0.994386 0.001423 0.105808
0.994840 -0.000384 -0.101454
0.995579 -0.004972 -0.093799
0.995579 -0.004972 -0.093799
0.995805 0.000396 -0.091503
0.995258 0.000236 0.097269
0.995258 0.000236 0.097269
0.994761 0.000666 0.102223
0.995579 -0.004972 -0.093799
0.952570 0.001159 0.304317
0.950673 0.000788 0.310195
0.994386 0.001423 0.105808
0.994386 0.001423 0.105808
0.994761 0.000666 0.102223
0.952570 0.001159 0.304317
0.995258 0.000236 0.097269
0.954016 0.000022 0.299757
0.952570 0.001159 0.304317
0.952570 0.001159 0.304317
0.994761 0.000666 0.102223
0.995258 0.000236 0.097269
0.995258 0.000236 0.097269
0.995917 0.000151 0.090272
0.955747 0.000513 0.294189
0.955747 0.000513 0.294189
0.954016 0.000022 0.299757
0.995258 0.000236 0.097269
0.871991 0.001115 0.489520
0.869869 0.000539 0.493283
0.952570 0.001159 0.304317
0.952570 0.001159 0.304317
0.954016 0.000022 0.299757
0.871991 0.001115 0.489520
0.955747 0.000513 0.294189
0.873733 0.000159 0.486406
0.871991 0.001115 0.489520
0.871991 0.001115 0.489520
0.954016 0.000022 0.299757
0.955747 0.000513 0.294189
0.955747 0.000513 0.294189
0.957565 0.000276 0.288216
0.876144 0.000608 0.482050
0.876144 0.000608 0.482050
0.873733 0.000159 0.486406
0.955747 0.000513 0.294189
0.753488 0.000890 0.657462
0.751541 0.000320 0.659687
0.871991 0.001115 0.489520
0.871991 0.001115 0.489520
0.873733 0.000159 0.486406
0.753488 0.000890 0.657462
0.876144 0.000608 0.482050
0.755192 0.000123 0.655504
0.753488 0.000890 0.657462
0.753488 0.000890 0.657462
0.873733 0.000159 0.486406
0.876144 0.000608 0.482050
0.876144 0.000608 0.482050
0.878665 0.000169 0.477439
0.757286 0.000952 0.653082
0.757286 0.000952 0.653082
0.755192 0.000123 0.655504
0.876144 0.000608 0.482050
0.599379 0.000618 0.800465
0.597915 -0.000031 0.801560
0.753488 0.000890 0.657462
0.753488 0.000890 0.657462
0.755192 0.000123 0.655504
0.599379 0.000618 0.800465
0.757286 0.000952 0.653082
0.600749 0.001647 0.799436
0.599379 0.000618 0.800465
0.599379 0.000618 0.800465
0.755192 0.000123 0.655504
0.757286 0.000952 0.653082
0.757286 0.000952 0.653082
0.759281 -0.000085 0.650763
0.602445 0.001033 0.798159
0.602445 0.001033 0.798159
0.600749 0.001647 0.799436
0.757286 0.000952 0.653082
0.415854 0.000803 0.909431
0.414914 0.000035 0.909860
0.599379 0.000618 0.800465
0.599379 0.000618 0.800465
0.600749 0.001647 0.799436
0.415854 0.000803 0.909431
0.602445 0.001033 0.798159
0.416880 0.000418 0.908962
0.415854 0.000803 0.909431
0.415854 0.000803 0.909431
0.600749 0.001647 0.799436
0.602445 0.001033 0.798159
0.602445 0.001033 0.798159
0.603993 -0.001035 0.796989
0.417001 0.000484 0.908906
0.417001 0.000484 0.908906
0.416880 0.000418 0.908962
0.602445 0.001033 0.798159
0.211437 0.000022 0.977392
0.211964 0.000440 0.977277
0.415854 0.000803 0.909431
0.415854 0.000803 0.909431
0.416880 0.000418 0.908962
0.211437 0.000022 0.977392
0.417001 0.000484 0.908906
0.210639 0.000434 0.977564
0.211437 0.000022 0.977392
0.211437 0.000022 0.977392
0.416880 0.000418 0.908962
0.417001 0.000484 0.908906
0.417001 0.000484 0.908906
0.417124 0.000112 0.908849
0.209556 -0.000019 0.977797
0.209556 -0.000019 0.977797
0.210639 0.000434 0.977564
0.417001 0.000484 0.908906
0.000073 -0.000060 1.000000
0.211437 0.000022 0.977392
0.210639 0.000434 0.977564
0.210639 0.000434 0.977564
0.000154 0.000425 1.000000
0.000073 -0.000060 1.000000
0.000231 0.000014 1.000000
0.000154 0.000425 1.000000
0.210639 0.000434 0.977564
0.210639 0.000434 0.977564
0.209556 -0.000019 0.977797
0.000231 0.000014 1.000000
0.209556 -0.000019 0.977797
0.209082 0.000104 0.977898
0.000113 0.000061 1.000000
0.000113 0.000061 1.000000
0.000231 0.000014 1.000000
0.209556 -0.000019 0.977797
0.000113 0.000061 1.000000
0.209082 0.000104 0.977898
0.209715 0.001050 0.977762
0.209715 0.001050 0.977762
0.000036 0.000459 1.000000
0.000113 0.000061 1.000000
0.417667 0.001028 0.908600
0.419224 0.001230 0.907882
0.209715 0.001050 0.977762
0.209715 0.001050 0.977762
0.209082 0.000104 0.977898
0.417667 0.001028 0.908600
0.209556 -0.000019 0.977797
0.417124 0.000112 0.908849
0.417667 0.001028 0.908600
0.417667 0.001028 0.908600
0.209082 0.000104 0.977898
0.209556 -0.000019 0.977797
0.417001 0.000484 0.908906
0.603993 -0.001035 0.796989
0.605357 -0.000215 0.795954
0.605357 -0.000215 0.795954
0.417124 0.000112 0.908849
0.417001 0.000484 0.908906
0.602445 0.001033 0.798159
0.759281 -0.000085 0.650763
0.761568 -0.000333 0.648085
0.761568 -0.000333 0.648085
0.603993 -0.001035 0.796989
0.602445 0.001033 0.798159
0.757286 0.000952 0.653082
0.878665 0.000169 0.477439
0.880923 -0.000272 0.473259
0.880923 -0.000272 0.473259
0.759281 -0.000085 0.650763
0.757286 0.000952 0.653082
0.876144 0.000608 0.482050
0.957565 0.000276 0.288216
0.959209 -0.000574 0.282697
0.959209 -0.000574 0.282697
0.878665 0.000169 0.477439
0.876144 0.000608 0.482050
0.955747 0.000513 0.294189
0.995917 0.000151 0.090272
0.996376 -0.001310 0.085043
0.996376 -0.001310 0.085043
0.957565 0.000276 0.288216
0.955747 0.000513 0.294189
0.995258 0.000236 0.097269
0.995805 0.000396 -0.091503
0.995686 -0.002017 -0.092770
0.995686 -0.002017 -0.092770
0.995917 0.000151 0.090272
0.995258 0.000236 0.097269
0.995579 -0.004972 -0.093799
0.967008 -0.014458 -0.254337
0.971632 -0.011206 -0.236230
0.971632 -0.011206 -0.236230
0.995805 0.000396 -0.091503
0.995579 -0.004972 -0.093799
0.951375 -0.043797 -0.304907
0.854311 -0.206034 -0.477181
0.921670 -0.074277 -0.380798
0.921670 -0.074277 -0.380798
0.967008 -0.014458 -0.254337
0.951375 -0.043797 -0.304907
0.808404 -0.067705 -0.584721
0.854311 -0.206034 -0.477181
0.951375 -0.043797 -0.304907
0.951375 -0.043797 -0.304907
0.930840 -0.007810 -0.365344
0.808404 -0.067705 -0.584721
0.854311 -0.206034 -0.477181
0.808404 -0.067705 -0.584721
0.644536 -0.227092 -0.730071
0.644536 -0.227092 -0.730071
0.752290 -0.341597 -0.563357
0.854311 -0.206034 -0.477181
-0.000119 0.000282 1.000000
0.212525 0.000021 0.977156
0.212333 -0.000060 0.977197
0.212333 -0.000060 0.977197
-0.000189 0.000220 1.000000
-0.000119 0.000282 1.000000
0.212525 0.000021 0.977156
0.414674 0.000011 0.909970
0.414914 0.000035 0.909860
0.414914 0.000035 0.909860
0.212333 -0.000060 0.977197
0.212525 0.000021 0.977156
0.597915 -0.000031 0.801560
0.599379 0.000618 0.800465
0.414914 0.000035 0.909860
0.414914 0.000035 0.909860
0.414674 0.000011 0.909970
0.597915 -0.000031 0.801560
0.414674 0.000011 0.909970
0.414754 0.000335 0.909933
0.597437 0.000050 0.801916
0.597437 0.000050 0.801916
0.597915 -0.000031 0.801560
0.414674 0.000011 0.909970
0.751541 0.000320 0.659687
0.753488 0.000890 0.657462
0.597915 -0.000031 0.801560
0.597915 -0.000031 0.801560
0.597437 0.000050 0.801916
0.751541 0.000320 0.659687
0.597437 0.000050 0.801916
0.597618 0.000382 0.801781
0.750828 0.000579 0.660498
0.750828 0.000579 0.660498
0.751541 0.000320 0.659687
0.597437 0.000050 0.801916
0.869869 0.000539 0.493283
0.871991 0.001115 0.489520
0.751541 0.000320 0.659687
0.751541 0.000320 0.659687
0.750828 0.000579 0.660498
0.869869 0.000539 0.493283
0.750828 0.000579 0.660498
0.750615 0.000351 0.660739
0.868111 0.001009 0.496369
0.868111 0.001009 0.496369
0.869869 0.000539 0.493283
0.750828 0.000579 0.660498
0.950673 0.000788 0.310195
0.952570 0.001159 0.304317
0.869869 0.000539 0.493283
0.869869 0.000539 0.493283
0.868111 0.001009 0.496369
0.950673 0.000788 0.310195
0.414914 0.000035 0.909860
0.415854 0.000803 0.909431
0.211964 0.000440 0.977277
0.211964 0.000440 0.977277
0.212333 -0.000060 0.977197
0.414914 0.000035 0.909860
0.211964 0.000440 0.977277
0.211437 0.000022 0.977392
0.000073 -0.000060 1.000000
0.000073 -0.000060 1.000000
-0.000036 0.000271 1.000000
0.211964 0.000440 0.977277
0.209715 0.001050 0.977762
0.211026 0.001785 0.977479
-0.000057 0.001017 0.999999
-0.000057 0.001017 0.999999
0.000036 0.000459 1.000000
0.209715 0.001050 0.977762
0.419224 0.001230 0.907882
0.419914 0.004656 0.907552
0.211026 0.001785 0.977479
0.211026 0.001785 0.977479
0.209715 0.001050 0.977762
0.419224 0.001230 0.907882
0.417667 0.001028 0.908600
0.606380 0.000556 0.795175
0.608167 0.001496 0.793807
0.608167 0.001496 0.793807
0.419224 0.001230 0.907882
0.417667 0.001028 0.908600
0.605357 -0.000215 0.795954
0.606380 0.000556 0.795175
0.417667 0.001028 0.908600
0.417667 0.001028 0.908600
0.417124 0.000112 0.908849
0.605357 -0.000215 0.795954
0.764508 0.000715 0.644614
0.766005 -0.000219 0.642835
0.606380 0.000556 0.795175
0.606380 0.000556 0.795175
0.605357 -0.000215 0.795954
0.764508 0.000715 0.644614
0.605357 -0.000215 0.795954
0.603993 -0.001035 0.796989
0.761568 -0.000333 0.648085
0.761568 -0.000333 0.648085
0.764508 0.000715 0.644614
0.605357 -0.000215 0.795954
0.884103 0.001109 0.467291
0.886180 -0.000017 0.463342
0.764508 0.000715 0.644614
0.764508 0.000715 0.644614
0.761568 -0.000333 0.648085
0.884103 0.001109 0.467291
0.761568 -0.000333 0.648085
0.759281 -0.000085 0.650763
0.880923 -0.000272 0.473259
0.880923 -0.000272 0.473259
0.884103 0.001109 0.467291
0.761568 -0.000333 0.648085
0.961741 0.001143 0.273958
0.963578 -0.000241 0.267426
0.884103 0.001109 0.467291
0.884103 0.001109 0.467291
0.880923 -0.000272 0.473259
0.961741 0.001143 0.273958
0.880923 -0.000272 0.473259
0.878665 0.000169 0.477439
0.959209 -0.000574 0.282697
0.959209 -0.000574 0.282697
0.961741 0.001143 0.273958
0.880923 -0.000272 0.473259
0.997158 0.001222 0.075325
0.997714 0.000703 0.067571
0.961741 0.001143 0.273958
0.961741 0.001143 0.273958
0.959209 -0.000574 0.282697
0.997158 0.001222 0.075325
0.959209 -0.000574 0.282697
0.957565 0.000276 0.288216
0.996376 -0.001310 0.085043
0.996376 -0.001310 0.085043
0.997158 0.001222 0.075325
0.959209 -0.000574 0.282697
0.995195 -0.000217 -0.097910
0.994584 0.001930 -0.103921
0.997158 0.001222 0.075325
0.997158 0.001222 0.075325
0.996376 -0.001310 0.085043
0.995195 -0.000217 -0.097910
0.996376 -0.001310 0.085043
0.995917 0.000151 0.090272
0.995686 -0.002017 -0.092770
0.995686 -0.002017 -0.092770
0.995195 -0.000217 -0.097910
0.996376 -0.001310 0.085043
0.976132 -0.010567 -0.216919
0.977718 -0.000298 -0.209922
0.995195 -0.000217 -0.097910
0.995195 -0.000217 -0.097910
0.995686 -0.002017 -0.092770
0.976132 -0.010567 -0.216919
0.995686 -0.002017 -0.092770
0.995805 0.000396 -0.091503
0.971632 -0.011206 -0.236230
0.971632 -0.011206 -0.236230
0.976132 -0.010567 -0.216919
0.995686 -0.002017 -0.092770
0.949225 -0.053048 -0.310094
0.963087 -0.024507 -0.268072
0.976132 -0.010567 -0.216919
0.976132 -0.010567 -0.216919
0.971632 -0.011206 -0.236230
0.949225 -0.053048 -0.310094
0.971632 -0.011206 -0.236230
0.967008 -0.014458 -0.254337
0.921670 -0.074277 -0.380798
0.921670 -0.074277 -0.380798
0.949225 -0.053048 -0.310094
0.971632 -0.011206 -0.236230
0.885293 -0.177497 -0.429826
0.937745 -0.098313 -0.333119
0.949225 -0.053048 -0.310094
0.949225 -0.053048 -0.310094
0.921670 -0.074277 -0.380798
0.885293 -0.177497 -0.429826
0.885293 -0.177497 -0.429826
0.921670 -0.074277 -0.380798
0.854311 -0.206034 -0.477181
0.854311 -0.206034 -0.477181
0.752290 -0.341597 -0.563357
0.885293 -0.177497 -0.429826
0.752290 -0.341597 -0.563357
0.609769 -0.504226 -0.611504
0.849870 -0.297991 -0.434652
0.849870 -0.297991 -0.434652
0.885293 -0.177497 -0.429826
0.752290 -0.341597 -0.563357
0.603405 -0.643839 -0.470503
0.850579 -0.386678 -0.356364
0.849870 -0.297991 -0.434652
0.849870 -0.297991 -0.434652
0.609769 -0.504226 -0.611504
0.603405 -0.643839 -0.470503
0.251681 -0.847319 -0.467661
0.603405 -0.643839 -0.470503
0.609769 -0.504226 -0.611504
0.609769 -0.504226 -0.611504
0.268569 -0.657953 -0.703540
0.251681 -0.847319 -0.467661
0.268569 -0.657953 -0.703540
0.320898 -0.297000 -0.899342
-0.017321 -0.184085 -0.982758
-0.017321 -0.184085 -0.982758
-0.018504 -0.599880 -0.799876
0.268569 -0.657953 -0.703540
-0.000189 0.000220 1.000000
0.212333 -0.000060 0.977197
0.211964 0.000440 0.977277
0.211964 0.000440 0.977277
-0.000036 0.000271 1.000000
-0.000189 0.000220 1.000000
0.211026 0.001785 0.977479
0.197472 0.297047 0.934220
-0.002441 0.338685 0.940897
-0.002441 0.338685 0.940897
-0.000057 0.001017 0.999999
0.211026 0.001785 0.977479
0.390919 0.380613 0.838043
0.197472 0.297047 0.934220
0.211026 0.001785 0.977479
0.211026 0.001785 0.977479
0.419914 0.004656 0.907552
0.390919 0.380613 0.838043
0.419224 0.001230 0.907882
0.608167 0.001496 0.793807
0.610412 0.008138 0.792042
0.610412 0.008138 0.792042
0.419914 0.004656 0.907552
0.419224 0.001230 0.907882
0.608167 0.001496 0.793807
0.606380 0.000556 0.795175
0.766005 -0.000219 0.642835
0.766005 -0.000219 0.642835
0.768484 0.001521 0.639867
0.608167 0.001496 0.793807
0.887613 0.000752 0.460590
0.890596 0.001853 0.454792
0.768484 0.001521 0.639867
0.768484 0.001521 0.639867
0.766005 -0.000219 0.642835
0.887613 0.000752 0.460590
0.764508 0.000715 0.644614
0.886180 -0.000017 0.463342
0.887613 0.000752 0.460590
0.887613 0.000752 0.460590
0.766005 -0.000219 0.642835
0.764508 0.000715 0.644614
0.884103 0.001109 0.467291
0.963578 -0.000241 0.267426
0.965164 0.000768 0.261644
0.965164 0.000768 0.261644
0.886180 -0.000017 0.463342
0.884103 0.001109 0.467291
0.961741 0.001143 0.273958
0.997714 0.000703 0.067571
0.998230 0.001190 0.059458
0.998230 0.001190 0.059458
0.963578 -0.000241 0.267426
0.961741 0.001143 0.273958
0.997158 0.001222 0.075325
0.994584 0.001930 -0.103921
0.993638 0.000570 -0.112618
0.993638 0.000570 -0.112618
0.997714 0.000703 0.067571
0.997158 0.001222 0.075325
0.995195 -0.000217 -0.097910
0.977718 -0.000298 -0.209922
0.976529 0.003168 -0.215362
0.976529 0.003168 -0.215362
0.994584 0.001930 -0.103921
0.995195 -0.000217 -0.097910
0.976132 -0.010567 -0.216919
0.963087 -0.024507 -0.268072
0.967139 -0.007860 -0.254128
0.967139 -0.007860 -0.254128
0.977718 -0.000298 -0.209922
0.976132 -0.010567 -0.216919
0.949225 -0.053048 -0.310094
0.937745 -0.098313 -0.333119
0.960408 -0.057907 -0.272513
0.960408 -0.057907 -0.272513
0.963087 -0.024507 -0.268072
0.949225 -0.053048 -0.310094
0.885293 -0.177497 -0.429826
0.849870 -0.297991 -0.434652
0.942424 -0.167610 -0.289385
0.942424 -0.167610 -0.289385
0.937745 -0.098313 -0.333119
0.885293 -0.177497 -0.429826
0.939468 -0.264551 -0.217746
0.942424 -0.167610 -0.289385
0.849870 -0.297991 -0.434652
0.849870 -0.297991 -0.434652
0.850579 -0.386678 -0.356364
0.939468 -0.264551 -0.217746
0.840651 -0.509012 -0.184967
0.928857 -0.367057 -0.049937
0.939468 -0.264551 -0.217746
0.939468 -0.264551 -0.217746
0.850579 -0.386678 -0.356364
0.840651 -0.509012 -0.184967
0.609638 -0.728990 -0.311310
0.840651 -0.509012 -0.184967
0.850579 -0.386678 -0.356364
0.850579 -0.386678 -0.356364
0.603405 -0.643839 -0.470503
0.609638 -0.728990 -0.311310
0.603405 -0.643839 -0.470503
0.251681 -0.847319 -0.467661
0.270855 -0.929779 -0.249298
0.270855 -0.929779 -0.249298
0.609638 -0.728990 -0.311310
0.603405 -0.643839 -0.470503
0.000000 -0.897740 -0.440526
-0.005727 -0.986582 -0.163166
0.270855 -0.929779 -0.249298
0.270855 -0.929779 -0.249298
0.251681 -0.847319 -0.467661
0.000000 -0.897740 -0.440526
0.000000 -0.897740 -0.440526
0.251681 -0.847319 -0.467661
0.268569 -0.657953 -0.703540
0.268569 -0.657953 -0.703540
-0.018504 -0.599880 -0.799876
0.000000 -0.897740 -0.440526
0.101663 0.872771 0.477427
0.001791 0.999965 0.008124
0.000382 0.999996 0.002741
0.000382 0.999996 0.002741
-0.002555 0.897995 0.439998
0.101663 0.872771 0.477427
-0.002441 0.338685 0.940897
0.197472 0.297047 0.934220
0.101663 0.872771 0.477427
0.101663 0.872771 0.477427
-0.002555 0.897995 0.439998
-0.002441 0.338685 0.940897
0.002483 0.999981 0.005631
0.001791 0.999965 0.008124
0.101663 0.872771 0.477427
0.101663 0.872771 0.477427
0.173278 0.913830 0.367273
0.002483 0.999981 0.005631
0.390919 0.380613 0.838043
0.173278 0.913830 0.367273
0.101663 0.872771 0.477427
0.101663 0.872771 0.477427
0.197472 0.297047 0.934220
0.390919 0.380613 0.838043
0.235099 0.923406 0.303396
0.003979 0.999979 0.005118
0.002483 0.999981 0.005631
0.002483 0.999981 0.005631
0.173278 0.913830 0.367273
0.235099 0.923406 0.303396
0.390919 0.380613 0.838043
0.559361 0.405707 0.722853
0.235099 0.923406 0.303396
0.235099 0.923406 0.303396
0.173278 0.913830 0.367273
0.390919 0.380613 0.838043
0.610412 0.008138 0.792042
0.559361 0.405707 0.722853
0.390919 0.380613 0.838043
0.390919 0.380613 0.838043
0.419914 0.004656 0.907552
0.610412 0.008138 0.792042
0.769767 0.006007 0.638296
0.711230 0.383516 0.589124
0.559361 0.405707 0.722853
0.559361 0.405707 0.722853
0.610412 0.008138 0.792042
0.769767 0.006007 0.638296
0.610412 0.008138 0.792042
0.608167 0.001496 0.793807
0.768484 0.001521 0.639867
0.768484 0.001521 0.639867
0.769767 0.006007 0.638296
0.610412 0.008138 0.792042
0.890596 0.001853 0.454792
0.891571 0.002361 0.452875
0.769767 0.006007 0.638296
0.769767 0.006007 0.638296
0.768484 0.001521 0.639867
0.890596 0.001853 0.454792
0.887613 0.000752 0.460590
0.966178 0.000647 0.257875
0.967443 0.000910 0.253089
0.967443 0.000910 0.253089
0.890596 0.001853 0.454792
0.887613 0.000752 0.460590
0.965164 0.000768 0.261644
0.966178 0.000647 0.257875
0.887613 0.000752 0.460590
0.887613 0.000752 0.460590
0.886180 -0.000017 0.463342
0.965164 0.000768 0.261644
0.998820 -0.000698 0.048556
0.999104 -0.007246 0.041696
0.966178 0.000647 0.257875
0.966178 0.000647 0.257875
0.965164 0.000768 0.261644
0.998820 -0.000698 0.048556
0.965164 0.000768 0.261644
0.963578 -0.000241 0.267426
0.998230 0.001190 0.059458
0.998230 0.001190 0.059458
0.998820 -0.000698 0.048556
0.965164 0.000768 0.261644
0.991673 0.005641 -0.128655
0.989591 0.000603 -0.143907
0.998820 -0.000698 0.048556
0.998820 -0.000698 0.048556
0.998230 0.001190 0.059458
0.991673 0.005641 -0.128655
0.998230 0.001190 0.059458
0.997714 0.000703 0.067571
0.993638 0.000570 -0.112618
0.993638 0.000570 -0.112618
0.991673 0.005641 -0.128655
0.998230 0.001190 0.059458
0.971241 0.015390 -0.237602
0.964523 0.013870 -0.263634
0.991673 0.005641 -0.128655
0.991673 0.005641 -0.128655
0.993638 0.000570 -0.112618
0.971241 0.015390 -0.237602
0.993638 0.000570 -0.112618
0.994584 0.001930 -0.103921
0.976529 0.003168 -0.215362
0.976529 0.003168 -0.215362
0.971241 0.015390 -0.237602
0.993638 0.000570 -0.112618
0.964474 0.021081 -0.263336
0.955146 0.039697 -0.293463
0.971241 0.015390 -0.237602
0.971241 0.015390 -0.237602
0.976529 0.003168 -0.215362
0.964474 0.021081 -0.263336
0.976529 0.003168 -0.215362
0.977718 -0.000298 -0.209922
0.967139 -0.007860 -0.254128
0.967139 -0.007860 -0.254128
0.964474 0.021081 -0.263336
0.976529 0.003168 -0.215362
0.971995 -0.013446 -0.234618
0.970527 0.050687 -0.235603
0.964474 0.021081 -0.263336
0.964474 0.021081 -0.263336
0.967139 -0.007860 -0.254128
0.971995 -0.013446 -0.234618
0.967139 -0.007860 -0.254128
0.963087 -0.024507 -0.268072
0.960408 -0.057907 -0.272513
0.960408 -0.057907 -0.272513
0.971995 -0.013446 -0.234618
0.967139 -0.007860 -0.254128
0.976109 -0.111860 -0.186277
0.988255 -0.011824 -0.152357
0.971995 -0.013446 -0.234618
0.971995 -0.013446 -0.234618
0.960408 -0.057907 -0.272513
0.976109 -0.111860 -0.186277
0.960408 -0.057907 -0.272513
0.937745 -0.098313 -0.333119
0.942424 -0.167610 -0.289385
0.942424 -0.167610 -0.289385
0.976109 -0.111860 -0.186277
0.960408 -0.057907 -0.272513
0.987232 -0.145289 -0.065300
0.976109 -0.111860 -0.186277
0.942424 -0.167610 -0.289385
0.942424 -0.167610 -0.289385
0.939468 -0.264551 -0.217746
0.987232 -0.145289 -0.065300
0.975796 -0.212764 0.050532
0.987232 -0.145289 -0.065300
0.939468 -0.264551 -0.217746
0.939468 -0.264551 -0.217746
0.928857 -0.367057 -0.049937
0.975796 -0.212764 0.050532
0.895937 -0.441196 0.051418
0.928857 -0.367057 -0.049937
0.840651 -0.509012 -0.184967
0.840651 -0.509012 -0.184967
0.782005 -0.621543 -0.046396
0.895937 -0.441196 0.051418
0.840651 -0.509012 -0.184967
0.609638 -0.728990 -0.311310
0.589064 -0.800419 -0.111053
0.589064 -0.800419 -0.111053
0.782005 -0.621543 -0.046396
0.840651 -0.509012 -0.184967
0.609638 -0.728990 -0.311310
0.270855 -0.929779 -0.249298
0.301481 -0.948989 -0.092352
0.301481 -0.948989 -0.092352
0.589064 -0.800419 -0.111053
0.609638 -0.728990 -0.311310
0.270855 -0.929779 -0.249298
-0.005727 -0.986582 -0.163166
-0.006303 -0.999095 -0.042073
-0.006303 -0.999095 -0.042073
0.301481 -0.948989 -0.092352
0.270855 -0.929779 -0.249298
0.235099 0.923406 0.303396
0.312511 0.914429 0.257210
0.005146 0.999978 0.004213
0.005146 0.999978 0.004213
0.003979 0.999979 0.005118
0.235099 0.923406 0.303396
0.711230 0.383516 0.589124
0.312511 0.914429 0.257210
0.235099 0.923406 0.303396
0.235099 0.923406 0.303396
0.559361 0.405707 0.722853
0.711230 0.383516 0.589124
0.822066 0.389396 0.415426
0.354386 0.918496 0.175429
0.312511 0.914429 0.257210
0.312511 0.914429 0.257210
0.711230 0.383516 0.589124
0.822066 0.389396 0.415426
0.769767 0.006007 0.638296
0.891571 0.002361 0.452875
0.822066 0.389396 0.415426
0.822066 0.389396 0.415426
0.711230 0.383516 0.589124
0.769767 0.006007 0.638296
0.890596 0.001853 0.454792
0.967443 0.000910 0.253089
0.968803 0.005266 0.247775
0.968803 0.005266 0.247775
0.891571 0.002361 0.452875
0.890596 0.001853 0.454792
0.967443 0.000910 0.253089
0.966178 0.000647 0.257875
0.999104 -0.007246 0.041696
0.999104 -0.007246 0.041696
0.999392 0.001009 0.034856
0.967443 0.000910 0.253089
0.987707 0.003015 -0.156289
0.983953 -0.000967 -0.178423
0.999392 0.001009 0.034856
0.999392 0.001009 0.034856
0.999104 -0.007246 0.041696
0.987707 0.003015 -0.156289
0.998820 -0.000698 0.048556
0.989591 0.000603 -0.143907
0.987707 0.003015 -0.156289
0.987707 0.003015 -0.156289
0.999104 -0.007246 0.041696
0.998820 -0.000698 0.048556
0.991673 0.005641 -0.128655
0.964523 0.013870 -0.263634
0.955781 0.026352 -0.292895
0.955781 0.026352 -0.292895
0.989591 0.000603 -0.143907
0.991673 0.005641 -0.128655
0.971241 0.015390 -0.237602
0.955146 0.039697 -0.293463
0.937208 0.062219 -0.343175
0.937208 0.062219 -0.343175
0.964523 0.013870 -0.263634
0.971241 0.015390 -0.237602
0.964474 0.021081 -0.263336
0.970527 0.050687 -0.235603
0.951538 0.090727 -0.293845
0.951538 0.090727 -0.293845
0.955146 0.039697 -0.293463
0.964474 0.021081 -0.263336
0.971995 -0.013446 -0.234618
0.988255 -0.011824 -0.152357
0.981860 0.091619 -0.166005
0.981860 0.091619 -0.166005
0.970527 0.050687 -0.235603
0.971995 -0.013446 -0.234618
0.999689 -0.007773 -0.023710
0.988255 -0.011824 -0.152357
0.976109 -0.111860 -0.186277
0.976109 -0.111860 -0.186277
0.987232 -0.145289 -0.065300
0.999689 -0.007773 -0.023710
0.995461 -0.002986 0.095126
0.999689 -0.007773 -0.023710
0.987232 -0.145289 -0.065300
0.987232 -0.145289 -0.065300
0.975796 -0.212764 0.050532
0.995461 -0.002986 0.095126
0.968731 -0.241186 0.058223
0.997867 0.003500 0.065188
0.995461 -0.002986 0.095126
0.995461 -0.002986 0.095126
0.975796 -0.212764 0.050532
0.968731 -0.241186 0.058223
0.895937 -0.441196 0.051418
0.968731 -0.241186 0.058223
0.975796 -0.212764 0.050532
0.975796 -0.212764 0.050532
0.928857 -0.367057 -0.049937
0.895937 -0.441196 0.051418
0.882700 -0.466825 0.053987
0.974710 -0.221897 -0.026493
0.968731 -0.241186 0.058223
0.968731 -0.241186 0.058223
0.895937 -0.441196 0.051418
0.882700 -0.466825 0.053987
0.764333 -0.644139 0.029685
0.882700 -0.466825 0.053987
0.895937 -0.441196 0.051418
0.895937 -0.441196 0.051418
0.782005 -0.621543 -0.046396
0.764333 -0.644139 0.029685
0.782005 -0.621543 -0.046396
0.589064 -0.800419 -0.111053
0.559930 -0.828450 -0.012221
0.559930 -0.828450 -0.012221
0.764333 -0.644139 0.029685
0.782005 -0.621543 -0.046396
0.589064 -0.800419 -0.111053
0.301481 -0.948989 -0.092352
0.292840 -0.955930 -0.021053
0.292840 -0.955930 -0.021053
0.559930 -0.828450 -0.012221
0.589064 -0.800419 -0.111053
0.301481 -0.948989 -0.092352
-0.006303 -0.999095 -0.042073
-0.000298 -0.999967 -0.008141
-0.000298 -0.999967 -0.008141
0.292840 -0.955930 -0.021053
0.301481 -0.948989 -0.092352
0.354386 0.918496 0.175429
0.005727 0.999979 0.002913
0.005146 0.999978 0.004213
0.005146 0.999978 0.004213
0.312511 0.914429 0.257210
0.354386 0.918496 0.175429
0.298235 0.951104 0.080364
0.005193 0.999986 0.001223
0.005727 0.999979 0.002913
0.005727 0.999979 0.002913
0.354386 0.918496 0.175429
0.298235 0.951104 0.080364
0.822066 0.389396 0.415426
0.855433 0.468143 0.221531
0.298235 0.951104 0.080364
0.298235 0.951104 0.080364
0.354386 0.918496 0.175429
0.822066 0.389396 0.415426
0.968803 0.005266 0.247775
0.855433 0.468143 0.221531
0.822066 0.389396 0.415426
0.822066 0.389396 0.415426
0.891571 0.002361 0.452875
0.968803 0.005266 0.247775
0.998884 0.037507 0.028690
0.829928 0.557462 0.021351
0.855433 0.468143 0.221531
0.855433 0.468143 0.221531
0.968803 0.005266 0.247775
0.998884 0.037507 0.028690
0.968803 0.005266 0.247775
0.967443 0.000910 0.253089
0.999392 0.001009 0.034856
0.999392 0.001009 0.034856
0.998884 0.037507 0.028690
0.968803 0.005266 0.247775
0.983953 -0.000967 -0.178423
0.977591 0.081989 -0.193890
0.998884 0.037507 0.028690
0.998884 0.037507 0.028690
0.999392 0.001009 0.034856
0.983953 -0.000967 -0.178423
0.987707 0.003015 -0.156289
0.947999 0.041648 -0.315536
0.930243 0.057642 -0.362388
0.930243 0.057642 -0.362388
0.983953 -0.000967 -0.178423
0.987707 0.003015 -0.156289
0.955781 0.026352 -0.292895
0.947999 0.041648 -0.315536
0.987707 0.003015 -0.156289
0.987707 0.003015 -0.156289
0.989591 0.000603 -0.143907
0.955781 0.026352 -0.292895
0.897494 0.140128 -0.418174
0.854930 0.181262 -0.486044
0.947999 0.041648 -0.315536
0.947999 0.041648 -0.315536
0.955781 0.026352 -0.292895
0.897494 0.140128 -0.418174
0.955781 0.026352 -0.292895
0.964523 0.013870 -0.263634
0.937208 0.062219 -0.343175
0.937208 0.062219 -0.343175
0.897494 0.140128 -0.418174
0.955781 0.026352 -0.292895
0.908364 0.163377 -0.384945
0.781235 0.341997 -0.522216
0.897494 0.140128 -0.418174
0.897494 0.140128 -0.418174
0.937208 0.062219 -0.343175
0.908364 0.163377 -0.384945
0.937208 0.062219 -0.343175
0.955146 0.039697 -0.293463
0.951538 0.090727 -0.293845
0.951538 0.090727 -0.293845
0.908364 0.163377 -0.384945
0.937208 0.062219 -0.343175
0.948598 0.186000 -0.256059
0.862773 0.321343 -0.390335
0.908364 0.163377 -0.384945
0.908364 0.163377 -0.384945
0.951538 0.090727 -0.293845
0.948598 0.186000 -0.256059
0.951538 0.090727 -0.293845
0.970527 0.050687 -0.235603
0.981860 0.091619 -0.166005
0.981860 0.091619 -0.166005
0.948598 0.186000 -0.256059
0.951538 0.090727 -0.293845
0.989772 0.138954 -0.032290
0.948483 0.278204 -0.151603
0.948598 0.186000 -0.256059
0.948598 0.186000 -0.256059
0.981860 0.091619 -0.166005
0.989772 0.138954 -0.032290
0.999689 -0.007773 -0.023710
0.989772 0.138954 -0.032290
0.981860 0.091619 -0.166005
0.981860 0.091619 -0.166005
0.988255 -0.011824 -0.152357
0.999689 -0.007773 -0.023710
0.976577 0.202687 0.072217
0.989772 0.138954 -0.032290
0.999689 -0.007773 -0.023710
0.999689 -0.007773 -0.023710
0.995461 -0.002986 0.095126
0.976577 0.202687 0.072217
0.967099 0.248338 0.055199
0.976577 0.202687 0.072217
0.995461 -0.002986 0.095126
0.995461 -0.002986 0.095126
0.997867 0.003500 0.065188
0.967099 0.248338 0.055199
0.997867 0.003500 0.065188
0.968731 -0.241186 0.058223
0.974710 -0.221897 -0.026493
0.974710 -0.221897 -0.026493
0.999837 0.005774 -0.017134
0.997867 0.003500 0.065188
0.967099 0.248338 0.055199
0.967372 0.251669 -0.029223
0.866542 0.495787 0.057449
0.866542 0.495787 0.057449
0.870422 0.485712 0.080310
0.967099 0.248338 0.055199
0.725165 0.688357 0.017304
0.758126 0.651731 -0.022159
0.870422 0.485712 0.080310
0.870422 0.485712 0.080310
0.866542 0.495787 0.057449
0.725165 0.688357 0.017304
0.917466 0.396689 -0.029897
0.870422 0.485712 0.080310
0.758126 0.651731 -0.022159
0.758126 0.651731 -0.022159
0.801331 0.579274 -0.149363
0.917466 0.396689 -0.029897
0.758126 0.651731 -0.022159
0.504095 0.860263 -0.076400
0.513778 0.828347 -0.223323
0.513778 0.828347 -0.223323
0.801331 0.579274 -0.149363
0.758126 0.651731 -0.022159
0.827500 0.491705 -0.271054
0.801331 0.579274 -0.149363
0.513778 0.828347 -0.223323
0.513778 0.828347 -0.223323
0.563381 0.681415 -0.467199
0.827500 0.491705 -0.271054
0.862773 0.321343 -0.390335
0.827500 0.491705 -0.271054
0.563381 0.681415 -0.467199
0.563381 0.681415 -0.467199
0.644218 0.551733 -0.529691
0.862773 0.321343 -0.390335
0.563381 0.681415 -0.467199
0.222805 0.886866 -0.404755
0.441394 0.713538 -0.544091
0.441394 0.713538 -0.544091
0.644218 0.551733 -0.529691
0.563381 0.681415 -0.467199
0.781235 0.341997 -0.522216
0.908364 0.163377 -0.384945
0.862773 0.321343 -0.390335
0.862773 0.321343 -0.390335
0.644218 0.551733 -0.529691
0.781235 0.341997 -0.522216
0.441394 0.713538 -0.544091
0.697229 0.396536 -0.597185
0.781235 0.341997 -0.522216
0.781235 0.341997 -0.522216
0.644218 0.551733 -0.529691
0.441394 0.713538 -0.544091
0.586032 0.522238 -0.619543
0.697229 0.396536 -0.597185
0.441394 0.713538 -0.544091
0.441394 0.713538 -0.544091
0.265704 0.828751 -0.492517
0.586032 0.522238 -0.619543
0.586032 0.522238 -0.619543
0.813495 0.189822 -0.549722
0.854930 0.181262 -0.486044
0.854930 0.181262 -0.486044
0.697229 0.396536 -0.597185
0.586032 0.522238 -0.619543
0.586032 0.522238 -0.619543
0.292624 0.865129 -0.407336
0.607598 0.666249 -0.432362
0.607598 0.666249 -0.432362
0.813495 0.189822 -0.549722
0.586032 0.522238 -0.619543
0.930243 0.057642 -0.362388
0.947999 0.041648 -0.315536
0.854930 0.181262 -0.486044
0.854930 0.181262 -0.486044
0.813495 0.189822 -0.549722
0.930243 0.057642 -0.362388
0.607598 0.666249 -0.432362
0.815398 0.469103 -0.339218
0.930243 0.057642 -0.362388
0.930243 0.057642 -0.362388
0.813495 0.189822 -0.549722
0.607598 0.666249 -0.432362
0.607598 0.666249 -0.432362
0.123576 0.987180 -0.101017
0.319692 0.938717 -0.128868
0.319692 0.938717 -0.128868
0.815398 0.469103 -0.339218
0.607598 0.666249 -0.432362
0.977591 0.081989 -0.193890
0.983953 -0.000967 -0.178423
0.930243 0.057642 -0.362388
0.930243 0.057642 -0.362388
0.815398 0.469103 -0.339218
0.977591 0.081989 -0.193890
0.319692 0.938717 -0.128868
0.721016 0.674382 -0.159201
0.977591 0.081989 -0.193890
0.977591 0.081989 -0.193890
0.815398 0.469103 -0.339218
0.319692 0.938717 -0.128868
0.319692 0.938717 -0.128868
0.012132 0.999909 -0.005950
0.088598 0.995920 -0.017130
0.088598 0.995920 -0.017130
0.721016 0.674382 -0.159201
0.319692 0.938717 -0.128868
0.223130 0.974749 0.008866
0.829928 0.557462 0.021351
0.721016 0.674382 -0.159201
0.721016 0.674382 -0.159201
0.088598 0.995920 -0.017130
0.223130 0.974749 0.008866
0.001640 0.999999 -0.000247
0.004788 0.999989 0.000013
0.223130 0.974749 0.008866
0.223130 0.974749 0.008866
0.088598 0.995920 -0.017130
0.001640 0.999999 -0.000247
0.006449 0.999968 -0.004829
0.001009 0.999999 -0.000932
0.002042 0.999997 -0.000919
0.002042 0.999997 -0.000919
0.012132 0.999909 -0.005950
0.006449 0.999968 -0.004829
0.001640 0.999999 -0.000247
0.088598 0.995920 -0.017130
0.012132 0.999909 -0.005950
0.012132 0.999909 -0.005950
0.002042 0.999997 -0.000919
0.001640 0.999999 -0.000247
0.006449 0.999968 -0.004829
0.012132 0.999909 -0.005950
0.319692 0.938717 -0.128868
0.319692 0.938717 -0.128868
0.123576 0.987180 -0.101017
0.006449 0.999968 -0.004829
0.013945 0.999838 -0.011381
0.000886 0.999998 -0.001512
0.006449 0.999968 -0.004829
0.006449 0.999968 -0.004829
0.123576 0.987180 -0.101017
0.013945 0.999838 -0.011381
0.607598 0.666249 -0.432362
0.292624 0.865129 -0.407336
0.013945 0.999838 -0.011381
0.013945 0.999838 -0.011381
0.123576 0.987180 -0.101017
0.607598 0.666249 -0.432362
0.586032 0.522238 -0.619543
0.265704 0.828751 -0.492517
0.090691 0.959853 -0.265440
0.090691 0.959853 -0.265440
0.292624 0.865129 -0.407336
0.586032 0.522238 -0.619543
0.513778 0.828347 -0.223323
0.504095 0.860263 -0.076400
0.259169 0.962789 -0.076613
0.259169 0.962789 -0.076613
0.228106 0.959136 -0.167411
0.513778 0.828347 -0.223323
0.504095 0.860263 -0.076400
0.758126 0.651731 -0.022159
0.725165 0.688357 0.017304
0.725165 0.688357 0.017304
0.502904 0.864284 -0.010025
0.504095 0.860263 -0.076400
0.502904 0.864284 -0.010025
0.271370 0.961473 -0.043919
0.259169 0.962789 -0.076613
0.259169 0.962789 -0.076613
0.504095 0.860263 -0.076400
0.502904 0.864284 -0.010025
0.271370 0.961473 -0.043919
0.008400 0.999913 -0.010194
-0.001345 0.999557 -0.029716
-0.001345 0.999557 -0.029716
0.259169 0.962789 -0.076613
0.271370 0.961473 -0.043919
0.298235 0.951104 0.080364
0.223130 0.974749 0.008866
0.004788 0.999989 0.000013
0.004788 0.999989 0.000013
0.005193 0.999986 0.001223
0.298235 0.951104 0.080364
0.829928 0.557462 0.021351
0.223130 0.974749 0.008866
0.298235 0.951104 0.080364
0.298235 0.951104 0.080364
0.855433 0.468143 0.221531
0.829928 0.557462 0.021351
0.977591 0.081989 -0.193890
0.721016 0.674382 -0.159201
0.829928 0.557462 0.021351
0.829928 0.557462 0.021351
0.998884 0.037507 0.028690
0.977591 0.081989 -0.193890
0.781235 0.341997 -0.522216
0.697229 0.396536 -0.597185
0.854930 0.181262 -0.486044
0.854930 0.181262 -0.486044
0.897494 0.140128 -0.418174
0.781235 0.341997 -0.522216
0.862773 0.321343 -0.390335
0.948598 0.186000 -0.256059
0.948483 0.278204 -0.151603
0.948483 0.278204 -0.151603
0.827500 0.491705 -0.271054
0.862773 0.321343 -0.390335
0.917466 0.396689 -0.029897
0.801331 0.579274 -0.149363
0.827500 0.491705 -0.271054
0.827500 0.491705 -0.271054
0.948483 0.278204 -0.151603
0.917466 0.396689 -0.029897
0.976577 0.202687 0.072217
0.917466 0.396689 -0.029897
0.948483 0.278204 -0.151603
0.948483 0.278204 -0.151603
0.989772 0.138954 -0.032290
0.976577 0.202687 0.072217
0.917466 0.396689 -0.029897
0.976577 0.202687 0.072217
0.967099 0.248338 0.055199
0.967099 0.248338 0.055199
0.870422 0.485712 0.080310
0.917466 0.396689 -0.029897
0.000886 0.999998 -0.001512
-0.000672 1.000000 0.000805
0.001009 0.999999 -0.000932
0.001009 0.999999 -0.000932
0.006449 0.999968 -0.004829
0.000886 0.999998 -0.001512
0.000454 0.999999 -0.001208
0.000011 1.000000 0.000814
-0.000672 1.000000 0.000805
-0.000672 1.000000 0.000805
0.000886 0.999998 -0.001512
0.000454 0.999999 -0.001208
0.013945 0.999838 -0.011381
0.002473 0.999970 -0.007396
0.000454 0.999999 -0.001208
0.000454 0.999999 -0.001208
0.000886 0.999998 -0.001512
0.013945 0.999838 -0.011381
0.090691 0.959853 -0.265440
0.002473 0.999970 -0.007396
0.013945 0.999838 -0.011381
0.013945 0.999838 -0.011381
0.292624 0.865129 -0.407336
0.090691 0.959853 -0.265440
-0.000142 0.998208 -0.059841
-0.000238 1.000000 -0.000139
0.002473 0.999970 -0.007396
0.002473 0.999970 -0.007396
0.090691 0.959853 -0.265440
-0.000142 0.998208 -0.059841
0.090691 0.959853 -0.265440
0.265704 0.828751 -0.492517
-0.000000 0.941830 -0.336089
-0.000000 0.941830 -0.336089
-0.000142 0.998208 -0.059841
0.090691 0.959853 -0.265440
0.000454 0.999999 -0.001208
-0.000080 1.000000 -0.000051
-0.000024 1.000000 0.000029
-0.000024 1.000000 0.000029
0.000011 1.000000 0.000814
0.000454 0.999999 -0.001208
-0.000238 1.000000 -0.000139
-0.000080 1.000000 -0.000051
0.000454 0.999999 -0.001208
0.000454 0.999999 -0.001208
0.002473 0.999970 -0.007396
-0.000238 1.000000 -0.000139
0.999837 0.005774 -0.017134
0.967372 0.251669 -0.029223
0.967099 0.248338 0.055199
0.967099 0.248338 0.055199
0.997867 0.003500 0.065188
0.999837 0.005774 -0.017134
-0.001345 0.999557 -0.029716
-0.000702 0.994759 -0.102242
0.228106 0.959136 -0.167411
0.228106 0.959136 -0.167411
0.259169 0.962789 -0.076613
-0.001345 0.999557 -0.029716
-0.002070 0.999967 0.007868
0.000382 0.999996 0.002741
-0.000001 1.000000 -0.000067
-0.000001 1.000000 -0.000067
0.000010 1.000000 -0.000063
-0.002070 0.999967 0.007868
-0.002459 0.999981 0.005631
-0.002070 0.999967 0.007868
0.000010 1.000000 -0.000063
0.000010 1.000000 -0.000063
0.000031 1.000000 -0.000057
-0.002459 0.999981 0.005631
-0.005164 0.999978 0.004213
-0.003998 0.999979 0.005093
0.000041 1.000000 -0.000050
0.000041 1.000000 -0.000050
0.000050 1.000000 -0.000041
-0.005164 0.999978 0.004213
-0.001628 0.999999 -0.000217
-0.004770 0.999989 -0.000021
0.000053 1.000000 -0.000072
0.000053 1.000000 -0.000072
0.000029 1.000000 -0.000006
-0.001628 0.999999 -0.000217
-0.000997 0.999999 -0.001099
-0.002021 0.999997 -0.000937
0.000013 1.000000 0.000080
0.000013 1.000000 0.000080
0.000143 1.000000 -0.000075
-0.000997 0.999999 -0.001099
-0.000024 1.000000 0.000029
0.000047 1.000000 0.000747
-0.000147 1.000000 0.000046
-0.000147 1.000000 0.000046
-0.000000 1.000000 0.000067
-0.000024 1.000000 0.000029
0.000382 0.999996 0.002741
0.001791 0.999965 0.008124
-0.000011 1.000000 -0.000063
-0.000011 1.000000 -0.000063
-0.000001 1.000000 -0.000067
0.000382 0.999996 0.002741
0.002483 0.999981 0.005631
-0.000032 1.000000 -0.000057
-0.000011 1.000000 -0.000063
-0.000011 1.000000 -0.000063
0.001791 0.999965 0.008124
0.002483 0.999981 0.005631
0.003979 0.999979 0.005118
-0.000042 1.000000 -0.000050
-0.000032 1.000000 -0.000057
-0.000032 1.000000 -0.000057
0.002483 0.999981 0.005631
0.003979 0.999979 0.005118
0.005193 0.999986 0.001223
-0.000054 1.000000 -0.000039
-0.000054 1.000000 -0.000037
-0.000054 1.000000 -0.000037
0.005727 0.999979 0.002913
0.005193 0.999986 0.001223
0.004788 0.999989 0.000013
0.001640 0.999999 -0.000247
-0.000030 1.000000 -0.000006
-0.000030 1.000000 -0.000006
-0.000054 1.000000 -0.000072
0.004788 0.999989 0.000013
0.000011 1.000000 0.000814
0.000146 1.000000 0.000046
-0.000090 1.000000 -0.000095
-0.000090 1.000000 -0.000095
-0.000672 1.000000 0.000805
0.000011 1.000000 0.000814
-0.003998 0.999979 0.005093
-0.002459 0.999981 0.005631
0.000031 1.000000 -0.000057
0.000031 1.000000 -0.000057
0.000041 1.000000 -0.000050
-0.003998 0.999979 0.005093
-0.005801 0.999979 0.002886
-0.005164 0.999978 0.004213
0.000050 1.000000 -0.000041
0.000050 1.000000 -0.000041
0.000053 1.000000 -0.000036
-0.005801 0.999979 0.002886
-0.005180 0.999986 0.001327
0.000052 1.000000 -0.000039
0.000053 1.000000 -0.000072
0.000053 1.000000 -0.000072
-0.004770 0.999989 -0.000021
-0.005180 0.999986 0.001327
-0.002021 0.999997 -0.000937
-0.001628 0.999999 -0.000217
0.000029 1.000000 -0.000006
0.000029 1.000000 -0.000006
0.000013 1.000000 0.000080
-0.002021 0.999997 -0.000937
-0.005180 0.999986 0.001327
-0.005801 0.999979 0.002886
0.000053 1.000000 -0.000036
0.000053 1.000000 -0.000036
0.000052 1.000000 -0.000039
-0.005180 0.999986 0.001327
0.000572 0.999999 0.000857
-0.000997 0.999999 -0.001099
0.000143 1.000000 -0.000075
0.000143 1.000000 -0.000075
0.000089 1.000000 -0.000095
0.000572 0.999999 0.000857
0.000047 1.000000 0.000747
0.000572 0.999999 0.000857
0.000089 1.000000 -0.000095
0.000089 1.000000 -0.000095
-0.000147 1.000000 0.000046
0.000047 1.000000 0.000747
0.005146 0.999978 0.004213
-0.000051 1.000000 -0.000041
-0.000042 1.000000 -0.000050
-0.000042 1.000000 -0.000050
0.003979 0.999979 0.005118
0.005146 0.999978 0.004213
0.005727 0.999979 0.002913
-0.000054 1.000000 -0.000037
-0.000051 1.000000 -0.000041
-0.000051 1.000000 -0.000041
0.005146 0.999978 0.004213
0.005727 0.999979 0.002913
0.001640 0.999999 -0.000247
0.002042 0.999997 -0.000919
-0.000013 1.000000 0.000080
-0.000013 1.000000 0.000080
-0.000030 1.000000 -0.000006
0.001640 0.999999 -0.000247
0.002042 0.999997 -0.000919
0.001009 0.999999 -0.000932
-0.000144 1.000000 -0.000075
-0.000144 1.000000 -0.000075
-0.000013 1.000000 0.000080
0.002042 0.999997 -0.000919
0.004788 0.999989 0.000013
-0.000054 1.000000 -0.000072
-0.000054 1.000000 -0.000039
-0.000054 1.000000 -0.000039
0.005193 0.999986 0.001223
0.004788 0.999989 0.000013
-0.000672 1.000000 0.000805
-0.000090 1.000000 -0.000095
-0.000144 1.000000 -0.000075
-0.000144 1.000000 -0.000075
0.001009 0.999999 -0.000932
-0.000672 1.000000 0.000805
-0.000024 1.000000 0.000029
-0.000000 1.000000 0.000067
0.000146 1.000000 0.000046
0.000146 1.000000 0.000046
0.000011 1.000000 0.000814
-0.000024 1.000000 0.000029
-0.210542 0.114539 0.970852
-0.000000 0.117165 0.993112
-0.000000 0.117165 0.993112
-0.000000 0.117165 0.993112
-0.213850 0.114454 0.970138
-0.210542 0.114539 0.970852
-0.415451 0.106574 0.903350
-0.210542 0.114539 0.970852
-0.213850 0.114454 0.970138
-0.213850 0.114454 0.970138
-0.421810 0.106230 0.900439
-0.415451 0.106574 0.903350
-0.765876 0.075335 0.638560
-0.605381 0.093254 0.790454
-0.613460 0.092527 0.784287
-0.613460 0.092527 0.784287
-0.774085 0.074175 0.628722
-0.765876 0.075335 0.638560
-0.979355 -0.023685 -0.200754
-0.999623 0.003216 0.027259
-0.999944 0.001241 0.010526
-0.999944 0.001241 0.010526
-0.975727 -0.025658 -0.217482
-0.979355 -0.023685 -0.200754
-0.766285 -0.075279 -0.638075
-0.902114 -0.050557 -0.428526
-0.894798 -0.052311 -0.443395
-0.894798 -0.052311 -0.443395
-0.756990 -0.076559 -0.648926
-0.766285 -0.075279 -0.638075
-0.000000 -0.117167 -0.993112
-0.313372 -0.111264 -0.943090
-0.306785 -0.111516 -0.945223
-0.306785 -0.111516 -0.945223
-0.000000 -0.117167 -0.993112
-0.000000 -0.117167 -0.993112
-0.000000 0.117165 0.993112
0.210542 0.114539 0.970852
0.213850 0.114455 0.970138
0.213850 0.114455 0.970138
-0.000000 0.117165 0.993112
-0.000000 0.117165 0.993112
0.210542 0.114539 0.970852
0.415452 0.106574 0.903350
0.421811 0.106231 0.900439
0.421811 0.106231 0.900439
0.213850 0.114455 0.970138
0.210542 0.114539 0.970852
0.415452 0.106574 0.903350
0.605381 0.093255 0.790454
0.613460 0.092527 0.784287
0.613460 0.092527 0.784287
0.421811 0.106231 0.900439
0.415452 0.106574 0.903350
0.888983 0.053656 0.454787
0.968349 0.029245 0.247879
0.972272 0.027400 0.232241
0.972272 0.027400 0.232241
0.895718 0.052095 0.441561
0.888983 0.053656 0.454787
0.999623 0.003217 0.027259
0.979355 -0.023684 -0.200754
0.975727 -0.025658 -0.217482
0.975727 -0.025658 -0.217482
0.999944 0.001242 0.010526
0.999623 0.003217 0.027259
0.570924 -0.096193 -0.815348
0.313373 -0.111264 -0.943090
0.306785 -0.111515 -0.945223
0.306785 -0.111515 -0.945223
0.561329 -0.096965 -0.821893
0.570924 -0.096193 -0.815348
-0.605381 0.093254 0.790454
-0.415451 0.106574 0.903350
-0.421810 0.106230 0.900439
-0.421810 0.106230 0.900439
-0.613460 0.092527 0.784287
-0.605381 0.093254 0.790454
-0.888983 0.053655 0.454786
-0.765876 0.075335 0.638560
-0.774085 0.074175 0.628722
-0.774085 0.074175 0.628722
-0.895718 0.052095 0.441561
-0.888983 0.053655 0.454786
-0.999623 0.003216 0.027259
-0.968349 0.029244 0.247879
-0.972272 0.027399 0.232241
-0.972272 0.027399 0.232241
-0.999944 0.001241 0.010526
-0.999623 0.003216 0.027259
-0.902114 -0.050557 -0.428526
-0.979355 -0.023685 -0.200754
-0.975727 -0.025658 -0.217482
-0.975727 -0.025658 -0.217482
-0.894798 -0.052311 -0.443395
-0.902114 -0.050557 -0.428526
-0.968349 0.029244 0.247879
-0.888983 0.053655 0.454786
-0.895718 0.052095 0.441561
-0.895718 0.052095 0.441561
-0.972272 0.027399 0.232241
-0.968349 0.029244 0.247879
-0.570924 -0.096193 -0.815348
-0.766285 -0.075279 -0.638075
-0.756990 -0.076559 -0.648926
-0.756990 -0.076559 -0.648926
-0.561329 -0.096965 -0.821893
-0.570924 -0.096193 -0.815348
-0.313372 -0.111264 -0.943090
-0.570924 -0.096193 -0.815348
-0.561329 -0.096965 -0.821893
-0.561329 -0.096965 -0.821893
-0.306785 -0.111516 -0.945223
-0.313372 -0.111264 -0.943090
0.605381 0.093255 0.790454
0.765876 0.075336 0.638560
0.774085 0.074175 0.628722
0.774085 0.074175 0.628722
0.613460 0.092527 0.784287
0.605381 0.093255 0.790454
0.765876 0.075336 0.638560
0.888983 0.053656 0.454787
0.895718 0.052095 0.441561
0.895718 0.052095 0.441561
0.774085 0.074175 0.628722
0.765876 0.075336 0.638560
0.979355 -0.023684 -0.200754
0.902114 -0.050556 -0.428526
0.894799 -0.052311 -0.443395
0.894799 -0.052311 -0.443395
0.975727 -0.025658 -0.217482
0.979355 -0.023684 -0.200754
0.902114 -0.050556 -0.428526
0.766285 -0.075279 -0.638075
0.756990 -0.076559 -0.648926
0.756990 -0.076559 -0.648926
0.894799 -0.052311 -0.443395
0.902114 -0.050556 -0.428526
0.968349 0.029245 0.247879
0.999623 0.003217 0.027259
0.999944 0.001242 0.010526
0.999944 0.001242 0.010526
0.972272 0.027400 0.232241
0.968349 0.029245 0.247879
0.766285 -0.075279 -0.638075
0.570924 -0.096193 -0.815348
0.561329 -0.096965 -0.821893
0.561329 -0.096965 -0.821893
0.756990 -0.076559 -0.648926
0.766285 -0.075279 -0.638075
0.313373 -0.111264 -0.943090
-0.000000 -0.117167 -0.993112
-0.000000 -0.117167 -0.993112
-0.000000 -0.117167 -0.993112
0.306785 -0.111515 -0.945223
0.313373 -0.111264 -0.943090
0.000004 1.000000 -0.000011
0.000019 1.000000 0.000073
-0.000013 1.000000 -0.000028
-0.000013 1.000000 -0.000028
-0.000011 1.000000 -0.000009
-0.000019 1.000000 -0.000019
-0.000019 1.000000 -0.000019
-0.000063 1.000000 -0.000041
-0.000032 1.000000 -0.000030
-0.000013 1.000000 -0.000028
-0.000019 1.000000 -0.000019
-0.000032 1.000000 -0.000030
-0.000032 1.000000 -0.000030
-0.000352 1.000000 -0.000079
0.000240 1.000000 -0.000058
0.000240 1.000000 -0.000058
-0.000172 1.000000 0.000156
-0.000079 1.000000 -0.000038
-0.000032 1.000000 -0.000030
0.000240 1.000000 -0.000058
-0.000079 1.000000 -0.000038
-0.000079 1.000000 -0.000038
0.000796 0.999999 -0.001372
0.000120 1.000000 -0.000065
-0.000032 1.000000 -0.000030
-0.000079 1.000000 -0.000038
0.000120 1.000000 -0.000065
-0.000013 1.000000 -0.000028
-0.000032 1.000000 -0.000030
0.000120 1.000000 -0.000065
0.000004 1.000000 -0.000011
-0.000013 1.000000 -0.000028
0.000120 1.000000 -0.000065
0.000004 1.000000 -0.000011
0.000120 1.000000 -0.000065
0.000005 1.000000 -0.000010
-0.000137 1.000000 -0.000067
-0.000797 0.999999 -0.001372
0.000218 1.000000 0.000126
0.000218 1.000000 0.000126
0.000172 1.000000 0.000156
0.000064 1.000000 -0.000010
-0.000137 1.000000 -0.000067
0.000218 1.000000 0.000126
0.000064 1.000000 -0.000010
0.000064 1.000000 -0.000010
0.000342 1.000000 -0.000079
0.000136 1.000000 -0.000074
0.000136 1.000000 -0.000074
0.000063 1.000000 -0.000041
0.000049 1.000000 -0.000053
0.000064 1.000000 -0.000010
0.000136 1.000000 -0.000074
0.000049 1.000000 -0.000053
0.000049 1.000000 -0.000053
0.000010 1.000000 -0.000010
0.000019 1.000000 -0.000036
0.000064 1.000000 -0.000010
0.000049 1.000000 -0.000053
0.000019 1.000000 -0.000036
-0.000137 1.000000 -0.000067
0.000064 1.000000 -0.000010
0.000019 1.000000 -0.000036
-0.000137 1.000000 -0.000067
0.000019 1.000000 -0.000036
-0.000011 1.000000 -0.000015
0.000005 1.000000 -0.000010
-0.000137 1.000000 -0.000067
-0.000011 1.000000 -0.000015
0.000004 1.000000 -0.000011
0.000005 1.000000 -0.000010
-0.000011 1.000000 -0.000015
-0.309439 -0.290700 -0.905395
-0.325564 -0.000000 -0.945520
-0.628012 -0.000000 -0.778204
-0.628012 -0.000000 -0.778204
-0.644536 -0.227092 -0.730071
-0.309439 -0.290700 -0.905395
-0.751362 0.000455 0.659890
-0.750884 -0.000000 0.660434
-0.599991 -0.000000 0.800007
-0.599991 -0.000000 0.800007
-0.600337 -0.000119 0.799747
-0.751362 0.000455 0.659890
-0.866268 0.000569 0.499579
-0.866778 -0.000000 0.498694
-0.750884 -0.000000 0.660434
-0.750884 -0.000000 0.660434
-0.751362 0.000455 0.659890
-0.866268 0.000569 0.499579
-0.948523 -0.000324 0.316708
-0.948922 -0.000000 0.315510
-0.866778 -0.000000 0.498694
-0.866778 -0.000000 0.498694
-0.866268 0.000569 0.499579
-0.948523 -0.000324 0.316708
-0.993758 -0.000088 0.111558
-0.993803 -0.000000 0.111154
-0.948922 -0.000000 0.315510
-0.948922 -0.000000 0.315510
-0.948523 -0.000324 0.316708
-0.993758 -0.000088 0.111558
-0.994647 -0.003518 -0.103273
-0.994181 -0.000000 -0.107724
-0.993803 -0.000000 0.111154
-0.993803 -0.000000 0.111154
-0.993758 -0.000088 0.111558
-0.994647 -0.003518 -0.103273
-0.644536 -0.227092 -0.730071
-0.628012 -0.000000 -0.778204
-0.811638 -0.000000 -0.584161
-0.811638 -0.000000 -0.584161
-0.802149 -0.074374 -0.592475
-0.644536 -0.227092 -0.730071
0.000000 0.000338 1.000000
-0.000000 0.000000 1.000000
0.212940 0.000000 0.977065
0.212940 0.000000 0.977065
0.212794 0.000321 0.977097
0.000000 0.000338 1.000000
0.600396 0.000424 0.799703
0.416793 0.000366 0.909001
0.416546 0.000000 0.909115
0.416546 0.000000 0.909115
0.599991 0.000000 0.800007
0.600396 0.000424 0.799703
0.866268 0.000570 0.499579
0.751178 0.000705 0.660100
0.750884 0.000000 0.660434
0.750884 0.000000 0.660434
0.866778 0.000000 0.498694
0.866268 0.000570 0.499579
0.948523 -0.000323 0.316707
0.866268 0.000570 0.499579
0.866778 0.000000 0.498694
0.866778 0.000000 0.498694
0.948922 0.000000 0.315510
0.948523 -0.000323 0.316707
0.993758 -0.000087 0.111558
0.948523 -0.000323 0.316707
0.948922 0.000000 0.315510
0.948922 0.000000 0.315510
0.993803 0.000000 0.111154
0.993758 -0.000087 0.111558
0.994647 -0.003517 -0.103273
0.993758 -0.000087 0.111558
0.993803 0.000000 0.111154
0.993803 0.000000 0.111154
0.994181 0.000001 -0.107724
0.994647 -0.003517 -0.103273
0.808404 -0.067705 -0.584721
0.811638 0.000000 -0.584161
0.628012 0.000000 -0.778204
0.628012 0.000000 -0.778204
0.644536 -0.227092 -0.730071
0.808404 -0.067705 -0.584721
-0.802149 -0.074374 -0.592475
-0.811638 -0.000000 -0.584161
-0.932451 -0.000000 -0.361297
-0.932451 -0.000000 -0.361297
-0.938041 -0.023931 -0.345696
-0.802149 -0.074374 -0.592475
-0.600337 -0.000119 0.799747
-0.599991 -0.000000 0.800007
-0.416546 -0.000000 0.909115
-0.416546 -0.000000 0.909115
-0.416504 0.000055 0.909134
-0.600337 -0.000119 0.799747
-0.416504 0.000055 0.909134
-0.416546 -0.000000 0.909115
-0.212940 -0.000000 0.977065
-0.212940 -0.000000 0.977065
-0.212757 0.000290 0.977105
-0.416504 0.000055 0.909134
0.000000 0.000338 1.000000
-0.212757 0.000290 0.977105
-0.212940 -0.000000 0.977065
-0.212940 -0.000000 0.977065
-0.000000 0.000000 1.000000
0.000000 0.000338 1.000000
-0.938041 -0.023931 -0.345696
-0.932451 -0.000000 -0.361297
-0.994181 -0.000000 -0.107724
-0.994181 -0.000000 -0.107724
-0.994647 -0.003518 -0.103273
-0.938041 -0.023931 -0.345696
-0.017321 -0.184085 -0.982758
0.000000 0.000000 -1.000000
-0.325564 -0.000000 -0.945520
-0.325564 -0.000000 -0.945520
-0.309439 -0.290700 -0.905395
-0.017321 -0.184085 -0.982758
0.994647 -0.003517 -0.103273
0.994181 0.000001 -0.107724
0.932451 0.000000 -0.361297
0.932451 0.000000 -0.361297
0.930840 -0.007810 -0.365344
0.994647 -0.003517 -0.103273
0.808404 -0.067705 -0.584721
0.930840 -0.007810 -0.365344
0.932451 0.000000 -0.361297
0.932451 0.000000 -0.361297
0.811638 0.000000 -0.584161
0.808404 -0.067705 -0.584721
0.212794 0.000321 0.977097
0.212940 0.000000 0.977065
0.416546 0.000000 0.909115
0.416546 0.000000 0.909115
0.416793 0.000366 0.909001
0.212794 0.000321 0.977097
0.751178 0.000705 0.660100
0.600396 0.000424 0.799703
0.599991 0.000000 0.800007
0.599991 0.000000 0.800007
0.750884 0.000000 0.660434
0.751178 0.000705 0.660100
0.644536 -0.227092 -0.730071
0.628012 0.000000 -0.778204
0.325564 0.000000 -0.945520
0.325564 0.000000 -0.945520
0.320898 -0.297000 -0.899342
0.644536 -0.227092 -0.730071
0.320898 -0.297000 -0.899342
0.325564 0.000000 -0.945520
0.000000 0.000000 -1.000000
0.000000 0.000000 -1.000000
-0.017321 -0.184085 -0.982758
0.320898 -0.297000 -0.899342
0.000000 -1.000000 0.000185
0.000168 -1.000000 -0.000227
-0.000266 -1.000000 0.000616
-0.000266 -1.000000 0.000616
-0.004711 -0.999983 0.003359
-0.001723 -0.999998 0.001291
-0.001723 -0.999998 0.001291
-0.001053 -0.999999 0.001157
-0.000104 -1.000000 0.000717
-0.000266 -1.000000 0.000616
-0.001723 -0.999998 0.001291
-0.000104 -1.000000 0.000717
-0.000104 -1.000000 0.000717
0.002306 -0.999996 0.001487
0.000561 -0.999999 0.000899
0.000561 -0.999999 0.000899
-0.000158 -1.000000 0.000299
0.000072 -1.000000 0.000620
-0.000104 -1.000000 0.000717
0.000561 -0.999999 0.000899
0.000072 -1.000000 0.000620
-0.000266 -1.000000 0.000616
-0.000104 -1.000000 0.000717
0.000072 -1.000000 0.000620
0.000072 -1.000000 0.000620
0.000357 -0.999999 0.001127
0.000014 -1.000000 0.000347
0.000014 -1.000000 0.000347
0.000000 -1.000000 -0.000420
-0.000010 -1.000000 0.000393
0.000072 -1.000000 0.000620
0.000014 -1.000000 0.000347
-0.000010 -1.000000 0.000393
-0.000010 -1.000000 0.000393
-0.000358 -0.999999 0.001130
-0.000073 -1.000000 0.000517
-0.000073 -1.000000 0.000517
0.000155 -1.000000 0.000301
-0.000193 -1.000000 0.000801
-0.000010 -1.000000 0.000393
-0.000073 -1.000000 0.000517
-0.000193 -1.000000 0.000801
0.000072 -1.000000 0.000620
-0.000010 -1.000000 0.000393
-0.000193 -1.000000 0.000801
-0.000193 -1.000000 0.000801
-0.002302 -0.999996 0.001487
-0.000663 -0.999999 0.000979
-0.000663 -0.999999 0.000979
0.001053 -0.999999 0.001157
0.000154 -1.000000 0.000690
-0.000193 -1.000000 0.000801
-0.000663 -0.999999 0.000979
0.000154 -1.000000 0.000690
0.000072 -1.000000 0.000620
-0.000193 -1.000000 0.000801
0.000154 -1.000000 0.000690
-0.000266 -1.000000 0.000616
0.000072 -1.000000 0.000620
0.000154 -1.000000 0.000690
0.000154 -1.000000 0.000690
0.004707 -0.999983 0.003356
0.000191 -1.000000 0.000220
-0.000266 -1.000000 0.000616
0.000154 -1.000000 0.000690
0.000191 -1.000000 0.000220
0.000000 -1.000000 0.000185
-0.000266 -1.000000 0.000616
0.000191 -1.000000 0.000220
-0.000167 -1.000000 -0.000228
0.000000 -1.000000 0.000185
0.000191 -1.000000 0.000220
-0.325564 -0.000000 -0.945520
-0.325555 -0.000000 -0.945523
-0.628036 -0.000000 -0.778184
-0.628036 -0.000000 -0.778184
-0.628012 -0.000000 -0.778204
-0.325564 -0.000000 -0.945520
-0.750898 -0.000000 0.660418
-0.600006 -0.000000 0.799995
-0.599991 -0.000000 0.800007
-0.599991 -0.000000 0.800007
-0.750884 -0.000000 0.660434
-0.750898 -0.000000 0.660418
-0.866790 -0.000000 0.498674
-0.750898 -0.000000 0.660418
-0.750884 -0.000000 0.660434
-0.750884 -0.000000 0.660434
-0.866778 -0.000000 0.498694
-0.866790 -0.000000 0.498674
-0.948936 -0.000000 0.315467
-0.866790 -0.000000 0.498674
-0.866778 -0.000000 0.498694
-0.866778 -0.000000 0.498694
-0.948922 -0.000000 0.315510
-0.948936 -0.000000 0.315467
-0.993811 -0.000000 0.111083
-0.948936 -0.000000 0.315467
-0.948922 -0.000000 0.315510
-0.948922 -0.000000 0.315510
-0.993803 -0.000000 0.111154
-0.993811 -0.000000 0.111083
-0.994173 -0.000001 -0.107798
-0.993811 -0.000000 0.111083
-0.993803 -0.000000 0.111154
-0.993803 -0.000000 0.111154
-0.994181 -0.000000 -0.107724
-0.994173 -0.000001 -0.107798
-0.628036 -0.000000 -0.778184
-0.811639 -0.000001 -0.584159
-0.811638 -0.000000 -0.584161
-0.811638 -0.000000 -0.584161
-0.628012 -0.000000 -0.778204
-0.628036 -0.000000 -0.778184
-0.000000 -0.000000 1.000000
0.212939 0.000000 0.977065
0.212940 0.000000 0.977065
0.212940 0.000000 0.977065
-0.000000 0.000000 1.000000
-0.000000 -0.000000 1.000000
0.416555 0.000000 0.909111
0.600006 0.000000 0.799995
0.599991 0.000000 0.800007
0.599991 0.000000 0.800007
0.416546 0.000000 0.909115
0.416555 0.000000 0.909111
0.750898 0.000000 0.660418
0.866790 0.000000 0.498674
0.866778 0.000000 0.498694
0.866778 0.000000 0.498694
0.750884 0.000000 0.660434
0.750898 0.000000 0.660418
0.866790 0.000000 0.498674
0.948936 0.000000 0.315467
0.948922 0.000000 0.315510
0.948922 0.000000 0.315510
0.866778 0.000000 0.498694
0.866790 0.000000 0.498674
0.948936 0.000000 0.315467
0.993811 0.000000 0.111083
0.993803 0.000000 0.111154
0.993803 0.000000 0.111154
0.948922 0.000000 0.315510
0.948936 0.000000 0.315467
0.993811 0.000000 0.111083
0.994173 0.000001 -0.107798
0.994181 0.000001 -0.107724
0.994181 0.000001 -0.107724
0.993803 0.000000 0.111154
0.993811 0.000000 0.111083
0.811639 0.000001 -0.584160
0.628036 0.000000 -0.778184
0.628012 0.000000 -0.778204
0.628012 0.000000 -0.778204
0.811638 0.000000 -0.584161
0.811639 0.000001 -0.584160
-0.811639 -0.000001 -0.584159
-0.932425 -0.000001 -0.361363
-0.932451 -0.000000 -0.361297
-0.932451 -0.000000 -0.361297
-0.811638 -0.000000 -0.584161
-0.811639 -0.000001 -0.584159
-0.600006 -0.000000 0.799995
-0.416555 -0.000000 0.909110
-0.416546 -0.000000 0.909115
-0.416546 -0.000000 0.909115
-0.599991 -0.000000 0.800007
-0.600006 -0.000000 0.799995
-0.416546 -0.000000 0.909115
-0.416555 -0.000000 0.909110
-0.212939 -0.000000 0.977066
-0.212939 -0.000000 0.977066
-0.212940 -0.000000 0.977065
-0.416546 -0.000000 0.909115
-0.212939 -0.000000 0.977066
-0.000000 -0.000000 1.000000
-0.000000 0.000000 1.000000
-0.000000 0.000000 1.000000
-0.212940 -0.000000 0.977065
-0.212939 -0.000000 0.977066
-0.932451 -0.000000 -0.361297
-0.932425 -0.000001 -0.361363
-0.994173 -0.000001 -0.107798
-0.994173 -0.000001 -0.107798
-0.994181 -0.000000 -0.107724
-0.932451 -0.000000 -0.361297
-0.000000 0.000000 -1.000000
-0.325555 -0.000000 -0.945523
-0.325564 -0.000000 -0.945520
-0.325564 -0.000000 -0.945520
0.000000 0.000000 -1.000000
-0.000000 0.000000 -1.000000
0.994173 0.000001 -0.107798
0.932425 0.000001 -0.361363
0.932451 0.000000 -0.361297
0.932451 0.000000 -0.361297
0.994181 0.000001 -0.107724
0.994173 0.000001 -0.107798
0.932425 0.000001 -0.361363
0.811639 0.000001 -0.584160
0.811638 0.000000 -0.584161
0.811638 0.000000 -0.584161
0.932451 0.000000 -0.361297
0.932425 0.000001 -0.361363
0.212939 0.000000 0.977065
0.416555 0.000000 0.909111
0.416546 0.000000 0.909115
0.416546 0.000000 0.909115
0.212940 0.000000 0.977065
0.212939 0.000000 0.977065
0.600006 0.000000 0.799995
0.750898 0.000000 0.660418
0.750884 0.000000 0.660434
0.750884 0.000000 0.660434
0.599991 0.000000 0.800007
0.600006 0.000000 0.799995
0.628012 0.000000 -0.778204
0.628036 0.000000 -0.778184
0.325555 0.000000 -0.945523
0.325555 0.000000 -0.945523
0.325564 0.000000 -0.945520
0.628012 0.000000 -0.778204
0.325555 0.000000 -0.945523
-0.000000 0.000000 -1.000000
0.000000 0.000000 -1.000000
0.000000 0.000000 -1.000000
0.325564 0.000000 -0.945520
0.325555 0.000000 -0.945523
0.000000 0.000000 -1.000000
0.000000 0.000000 -1.000000
0.000000 0.000000 -1.000000
0.000000 0.000000 -1.000000
0.000000 0.000000 -1.000000
0.000000 0.000000 -1.000000
0.000000 0.000000 -1.000000
0.000000 0.000000 -1.000000
0.000000 0.000000 -1.000000
0.000000 0.000000 -1.000000
0.000000 0.000000 -1.000000
0.000000 0.000000 -1.000000
0.000000 0.000000 -1.000000
0.000000 0.000000 -1.000000
0.000000 0.000000 -1.000000
0.000000 0.000000 -1.000000
0.000000 0.000000 -1.000000
0.000000 0.000000 -1.000000
0.000000 0.000000 -1.000000
0.000000 0.000000 -1.000000
0.000000 0.000000 -1.000000
0.000000 0.000000 -1.000000
0.000000 0.000000 -1.000000
0.000000 0.000000 -1.000000
0.000000 0.000000 -1.000000
0.000000 0.000000 -1.000000
0.000000 0.000000 -1.000000
0.000000 0.000000 -1.000000
0.000000 0.000000 -1.000000
0.000000 0.000000 -1.000000
0.000000 0.000000 -1.000000
0.000000 0.000000 -1.000000
0.000000 0.000000 -1.000000
0.000000 0.000000 -1.000000
0.000000 0.000000 -1.000000
0.000000 0.000000 -1.000000
0.000000 0.000000 -1.000000
0.000000 0.000000 -1.000000
0.000000 0.000000 -1.000000
0.000000 0.000000 -1.000000
0.000000 0.000000 -1.000000
0.000000 0.000000 -1.000000
0.000000 0.000000 -1.000000
0.000000 0.000000 -1.000000
0.000000 0.000000 -1.000000
0.000000 0.000000 -1.000000
0.000000 0.000000 -1.000000
0.000000 0.000000 -1.000000
0.000000 0.000000 -1.000000
0.000000 0.000000 -1.000000
0.000000 0.000000 -1.000000
0.000000 0.000000 -1.000000
0.000000 0.000000 -1.000000
0.000000 0.000000 -1.000000
0.000000 0.000000 -1.000000
0.000000 0.000000 -1.000000
0.000000 0.000000 -1.000000
0.000000 0.000000 -1.000000
0.000000 0.000000 -1.000000
0.000000 0.000000 -1.000000
0.000000 0.000000 -1.000000
0.000000 0.000000 -1.000000
0.000000 0.000000 -1.000000
0.000000 0.000000 -1.000000
0.000000 0.000000 -1.000000
0.000000 0.000000 -1.000000
0.320898 -0.297000 -0.899342
0.268569 -0.657953 -0.703540
0.609769 -0.504226 -0.611504
0.609769 -0.504226 -0.611504
0.644536 -0.227092 -0.730071
0.320898 -0.297000 -0.899342
-0.644536 -0.227092 -0.730071
-0.752308 -0.317947 -0.577011
-0.622118 -0.510265 -0.593801
-0.228262 0.888790 -0.397428
-0.438501 0.656833 -0.613422
-0.268849 0.814374 -0.514310
0.265704 0.828751 -0.492517
0.441394 0.713538 -0.544091
0.222805 0.886866 -0.404755
</float_array>
          <technique_common>
            <accessor source="#arm_l_link1-Normal0-array" count="3642" stride="3">
              <param name="X" type="float"/>
              <param name="Y" type="float"/>
              <param name="Z" type="float"/>
            </accessor>
          </technique_common>
        </source>
        <vertices id="arm_l_link1-VERTEX">
          <input semantic="POSITION" source="#arm_l_link1-POSITION"/>
        </vertices>
        <triangles count="1214" material="black">
          <input semantic="VERTEX" offset="0" source="#arm_l_link1-VERTEX"/>
          <input semantic="NORMAL" offset="1" source="#arm_l_link1-Normal0"/>
          <p> 0 0 1 1 2 2 2 3 3 4 0 5 0 6 4 7 5 8 5 9 6 10 0 11 0 12 6 13 7 14 7 15 1 16 0 17 8 18 9 19 10 20 10 21 11 22 8 23 12 24 13 25 14 26 14 27 15 28 12 29 16 30 17 31 13 32 13 33 12 34 16 35 17 36 18 37 19 38 19 39 13 40 17 41 20 42 21 43 19 44 19 45 18 46 20 47 22 48 14 49 13 50 13 51 19 52 22 53 23 54 24 55 15 56 15 57 14 58 23 59 25 60 26 61 21 62 21 63 20 64 25 65 26 66 27 67 28 68 28 69 21 70 26 71 28 72 22 73 19 74 19 75 21 76 28 77 29 78 30 79 22 80 22 81 28 82 29 83 30 84 23 85 14 86 14 87 22 88 30 89 31 90 32 91 23 92 23 93 30 94 31 95 32 96 33 97 24 98 24 99 23 100 32 101 34 102 35 103 33 104 33 105 32 106 34 107 34 108 36 109 37 110 37 111 35 112 34 113 36 114 38 115 39 116 39 117 37 118 36 119 38 120 40 121 41 122 41 123 39 124 38 125 42 126 43 127 41 128 41 129 40 130 42 131 40 132 44 133 45 134 45 135 42 136 40 137 38 138 46 139 44 140 44 141 40 142 38 143 46 144 47 145 48 146 48 147 44 148 46 149 49 150 50 151 47 152 47 153 46 154 49 155 50 156 51 157 52 158 52 159 47 160 50 161 50 162 49 163 53 164 53 165 54 166 50 167 54 168 55 169 51 170 51 171 50 172 54 173 55 174 56 175 57 176 57 177 51 178 55 179 55 180 54 181 58 182 58 183 59 184 55 185 59 186 60 187 56 188 56 189 55 190 59 191 60 192 61 193 62 194 62 195 56 196 60 197 60 198 59 199 63 200 63 201 64 202 60 203 64 204 65 205 61 206 61 207 60 208 64 209 65 210 66 211 67 212 67 213 61 214 65 215 65 216 64 217 68 218 68 219 69 220 65 221 69 222 70 223 66 224 66 225 65 226 69 227 70 228 71 229 72 230 72 231 66 232 70 233 70 234 69 235 73 236 73 237 74 238 70 239 74 240 75 241 71 242 71 243 70 244 74 245 75 246 76 247 77 248 77 249 71 250 75 251 75 252 74 253 78 254 78 255 79 256 75 257 79 258 80 259 76 260 76 261 75 262 79 263 80 264 81 265 82 266 82 267 76 268 80 269 83 270 84 271 82 272 82 273 81 274 83 275 84 276 85 277 86 278 86 279 82 280 84 281 82 282 86 283 77 284 77 285 76 286 82 287 77 288 87 289 72 290 72 291 71 292 77 293 72 294 88 295 67 296 67 297 66 298 72 299 67 300 89 301 62 302 62 303 61 304 67 305 62 306 90 307 57 308 57 309 56 310 62 311 57 312 91 313 52 314 52 315 51 316 57 317 52 318 92 319 48 320 48 321 47 322 52 323 48 324 93 325 45 326 45 327 44 328 48 329 45 330 94 331 95 332 95 333 42 334 45 335 95 336 96 337 43 338 43 339 42 340 95 341 95 342 97 343 11 344 11 345 96 346 95 347 98 348 99 349 26 350 26 351 25 352 98 353 99 354 68 355 27 356 27 357 26 358 99 359 27 360 63 361 29 362 29 363 28 364 27 365 29 366 58 367 31 368 31 369 30 370 29 371 31 372 53 373 34 374 34 375 32 376 31 377 53 378 49 379 36 380 36 381 34 382 53 383 49 384 46 385 38 386 38 387 36 388 49 389 53 390 31 391 58 392 58 393 54 394 53 395 58 396 29 397 63 398 63 399 59 400 58 401 63 402 27 403 68 404 68 405 64 406 63 407 68 408 99 409 73 410 73 411 69 412 68 413 100 414 78 415 74 416 74 417 73 418 100 419 101 420 102 421 84 422 84 423 83 424 101 425 102 426 103 427 85 428 85 429 84 430 102 431 86 432 85 433 104 434 104 435 105 436 86 437 105 438 87 439 77 440 77 441 86 442 105 443 87 444 105 445 106 446 106 447 107 448 87 449 87 450 107 451 88 452 88 453 72 454 87 455 88 456 108 457 89 458 89 459 67 460 88 461 89 462 109 463 90 464 90 465 62 466 89 467 90 468 110 469 91 470 91 471 57 472 90 473 91 474 111 475 92 476 92 477 52 478 91 479 92 480 112 481 93 482 93 483 48 484 92 485 93 486 113 487 94 488 94 489 45 490 93 491 114 492 97 493 95 494 95 495 94 496 114 497 114 498 115 499 8 500 8 501 97 502 114 503 8 504 115 505 116 506 116 507 117 508 8 509 8 510 117 511 118 512 118 513 9 514 8 515 119 516 120 517 10 518 10 519 9 520 119 521 100 522 73 523 99 524 99 525 98 526 100 527 101 528 121 529 122 530 122 531 102 532 101 533 102 534 122 535 123 536 123 537 103 538 102 539 124 540 104 541 85 542 85 543 103 544 124 545 125 546 106 547 105 548 105 549 104 550 125 551 125 552 126 553 127 554 127 555 106 556 125 557 106 558 127 559 128 560 128 561 107 562 106 563 128 564 108 565 88 566 88 567 107 568 128 569 129 570 130 571 108 572 108 573 128 574 129 575 130 576 109 577 89 578 89 579 108 580 130 581 131 582 132 583 109 584 109 585 130 586 131 587 132 588 110 589 90 590 90 591 109 592 132 593 133 594 134 595 110 596 110 597 132 598 133 599 134 600 111 601 91 602 91 603 110 604 134 605 135 606 136 607 111 608 111 609 134 610 135 611 136 612 112 613 92 614 92 615 111 616 136 617 137 618 138 619 112 620 112 621 136 622 137 623 138 624 113 625 93 626 93 627 112 628 138 629 139 630 140 631 113 632 113 633 138 634 139 635 140 636 114 637 94 638 94 639 113 640 140 641 141 642 115 643 114 644 114 645 140 646 141 647 141 648 142 649 116 650 116 651 115 652 141 653 116 654 142 655 143 656 143 657 144 658 116 659 116 660 144 661 145 662 145 663 117 664 116 665 145 666 146 667 118 668 118 669 117 670 145 671 146 672 147 673 148 674 148 675 118 676 146 677 148 678 119 679 9 680 9 681 118 682 148 683 149 684 150 685 151 686 151 687 152 688 149 689 149 690 152 691 122 692 122 693 121 694 149 695 152 696 151 697 153 698 153 699 154 700 152 701 152 702 154 703 123 704 123 705 122 706 152 707 154 708 153 709 155 710 155 711 156 712 154 713 154 714 156 715 157 716 157 717 123 718 154 719 157 720 124 721 103 722 103 723 123 724 157 725 124 726 157 727 158 728 158 729 159 730 124 731 124 732 159 733 125 734 125 735 104 736 124 737 127 738 126 739 160 740 160 741 161 742 127 743 161 744 129 745 128 746 128 747 127 748 161 749 129 750 161 751 162 752 162 753 163 754 129 755 129 756 163 757 131 758 131 759 130 760 129 761 131 762 164 763 133 764 133 765 132 766 131 767 133 768 165 769 135 770 135 771 134 772 133 773 135 774 166 775 137 776 137 777 136 778 135 779 137 780 167 781 139 782 139 783 138 784 137 785 139 786 168 787 141 788 141 789 140 790 139 791 168 792 169 793 142 794 142 795 141 796 168 797 169 798 170 799 143 800 143 801 142 802 169 803 171 804 172 805 144 806 144 807 143 808 171 809 172 810 173 811 145 812 145 813 144 814 172 815 173 816 174 817 146 818 146 819 145 820 173 821 174 822 175 823 147 824 147 825 146 826 174 827 155 828 176 829 177 830 177 831 156 832 155 833 177 834 158 835 157 836 157 837 156 838 177 839 158 840 177 841 178 842 178 843 179 844 158 845 158 846 179 847 180 848 180 849 159 850 158 851 180 852 126 853 125 854 125 855 159 856 180 857 181 858 160 859 126 860 126 861 180 862 181 863 182 864 162 865 161 866 161 867 160 868 182 869 182 870 183 871 184 872 184 873 162 874 182 875 162 876 184 877 185 878 185 879 163 880 162 881 185 882 164 883 131 884 131 885 163 886 185 887 186 888 187 889 164 890 164 891 185 892 186 893 187 894 165 895 133 896 133 897 164 898 187 899 188 900 189 901 165 902 165 903 187 904 188 905 189 906 166 907 135 908 135 909 165 910 189 911 190 912 191 913 166 914 166 915 189 916 190 917 191 918 167 919 137 920 137 921 166 922 191 923 192 924 193 925 167 926 167 927 191 928 192 929 193 930 168 931 139 932 139 933 167 934 193 935 194 936 169 937 168 938 168 939 193 940 194 941 194 942 195 943 170 944 170 945 169 946 194 947 195 948 196 949 197 950 197 951 170 952 195 953 170 954 197 955 171 956 171 957 143 958 170 959 171 960 197 961 198 962 198 963 199 964 171 965 199 966 200 967 172 968 172 969 171 970 199 971 200 972 201 973 173 974 173 975 172 976 200 977 201 978 202 979 174 980 174 981 173 982 201 983 202 984 203 985 175 986 175 987 174 988 202 989 204 990 178 991 177 992 177 993 176 994 204 995 178 996 204 997 205 998 205 999 206 1000 178 1001 178 1002 206 1003 207 1004 207 1005 179 1006 178 1007 207 1008 181 1009 180 1010 180 1011 179 1012 207 1013 181 1014 207 1015 208 1016 208 1017 209 1018 181 1019 181 1020 209 1021 182 1022 182 1023 160 1024 181 1025 184 1026 183 1027 210 1028 210 1029 211 1030 184 1031 211 1032 186 1033 185 1034 185 1035 184 1036 211 1037 186 1038 211 1039 212 1040 212 1041 213 1042 186 1043 186 1044 213 1045 188 1046 188 1047 187 1048 186 1049 188 1050 214 1051 190 1052 190 1053 189 1054 188 1055 190 1056 215 1057 192 1058 192 1059 191 1060 190 1061 192 1062 215 1063 216 1064 216 1065 217 1066 192 1067 192 1068 217 1069 194 1070 194 1071 193 1072 192 1073 218 1074 195 1075 194 1076 194 1077 217 1078 218 1079 218 1080 219 1081 196 1082 196 1083 195 1084 218 1085 220 1086 198 1087 197 1088 197 1089 196 1090 220 1091 219 1092 221 1093 222 1094 222 1095 223 1096 219 1097 221 1098 224 1099 225 1100 225 1101 222 1102 221 1103 226 1104 227 1105 224 1106 224 1107 221 1108 226 1109 227 1110 2 1111 228 1112 228 1113 224 1114 227 1115 229 1116 3 1117 2 1118 2 1119 227 1120 229 1121 229 1122 230 1123 231 1124 231 1125 3 1126 229 1127 231 1128 232 1129 0 1130 0 1131 3 1132 231 1133 231 1134 233 1135 234 1136 234 1137 232 1138 231 1139 234 1140 235 1141 4 1142 4 1143 232 1144 234 1145 212 1146 236 1147 235 1148 235 1149 234 1150 212 1151 236 1152 237 1153 238 1154 238 1155 235 1156 236 1157 210 1158 239 1159 237 1160 237 1161 236 1162 210 1163 239 1164 240 1165 241 1166 241 1167 237 1168 239 1169 239 1170 242 1171 243 1172 243 1173 240 1174 239 1175 243 1176 244 1177 245 1178 245 1179 240 1180 243 1181 244 1182 243 1183 208 1184 208 1185 246 1186 244 1187 246 1188 247 1189 248 1190 248 1191 244 1192 246 1193 249 1194 250 1195 251 1196 251 1197 245 1198 249 1199 249 1200 245 1201 244 1202 244 1203 248 1204 249 1205 251 1206 241 1207 240 1208 240 1209 245 1210 251 1211 241 1212 251 1213 252 1214 252 1215 253 1216 241 1217 241 1218 253 1219 238 1220 238 1221 237 1222 241 1223 238 1224 254 1225 4 1226 4 1227 235 1228 238 1229 1 1230 255 1231 228 1232 228 1233 2 1234 1 1235 228 1236 256 1237 225 1238 225 1239 224 1240 228 1241 228 1242 255 1243 257 1244 257 1245 256 1246 228 1247 255 1248 258 1249 259 1250 259 1251 257 1252 255 1253 205 1254 247 1255 246 1256 246 1257 206 1258 205 1259 246 1260 208 1261 207 1262 207 1263 206 1264 246 1265 208 1266 243 1267 242 1268 242 1269 209 1270 208 1271 242 1272 183 1273 182 1274 182 1275 209 1276 242 1277 242 1278 239 1279 210 1280 210 1281 183 1282 242 1283 210 1284 236 1285 212 1286 212 1287 211 1288 210 1289 212 1290 234 1291 233 1292 233 1293 213 1294 212 1295 233 1296 214 1297 188 1298 188 1299 213 1300 233 1301 233 1302 231 1303 230 1304 230 1305 214 1306 233 1307 230 1308 215 1309 190 1310 190 1311 214 1312 230 1313 229 1314 216 1315 215 1316 215 1317 230 1318 229 1319 216 1320 229 1321 227 1322 227 1323 226 1324 216 1325 216 1326 226 1327 218 1328 218 1329 217 1330 216 1331 221 1332 219 1333 218 1334 218 1335 226 1336 221 1337 260 1338 252 1339 251 1340 251 1341 250 1342 260 1343 252 1344 260 1345 261 1346 261 1347 262 1348 252 1349 252 1350 262 1351 263 1352 263 1353 253 1354 252 1355 263 1356 254 1357 238 1358 238 1359 253 1360 263 1361 254 1362 263 1363 264 1364 264 1365 265 1366 254 1367 254 1368 265 1369 5 1370 5 1371 4 1372 254 1373 261 1374 266 1375 267 1376 267 1377 262 1378 261 1379 267 1380 264 1381 263 1382 263 1383 262 1384 267 1385 223 1386 220 1387 196 1388 196 1389 219 1390 223 1391 255 1392 1 1393 7 1394 7 1395 258 1396 255 1397 268 1398 269 1399 270 1400 270 1401 271 1402 268 1403 5 1404 272 1405 271 1406 271 1407 6 1408 5 1409 270 1410 7 1411 6 1412 6 1413 271 1414 270 1415 273 1416 274 1417 275 1418 276 1419 277 1420 278 1421 278 1422 279 1423 276 1424 278 1425 17 1426 16 1427 16 1428 279 1429 278 1430 280 1431 18 1432 17 1433 17 1434 278 1435 280 1436 18 1437 280 1438 281 1439 281 1440 20 1441 18 1442 282 1443 283 1444 281 1445 281 1446 280 1447 282 1448 282 1449 280 1450 278 1451 278 1452 277 1453 282 1454 284 1455 285 1456 282 1457 282 1458 277 1459 284 1460 277 1461 276 1462 286 1463 286 1464 284 1465 277 1466 287 1467 288 1468 284 1469 284 1470 286 1471 287 1472 20 1473 281 1474 289 1475 289 1476 25 1477 20 1478 281 1479 283 1480 290 1481 290 1482 289 1483 281 1484 282 1485 285 1486 291 1487 291 1488 283 1489 282 1490 284 1491 288 1492 292 1493 292 1494 285 1495 284 1496 287 1497 293 1498 294 1499 294 1500 288 1501 287 1502 295 1503 296 1504 294 1505 294 1506 293 1507 295 1508 297 1509 298 1510 296 1511 296 1512 295 1513 297 1514 299 1515 300 1516 298 1517 298 1518 297 1519 299 1520 301 1521 300 1522 299 1523 299 1524 302 1525 301 1526 301 1527 303 1528 304 1529 304 1530 300 1531 301 1532 304 1533 305 1534 298 1535 298 1536 300 1537 304 1538 304 1539 306 1540 307 1541 307 1542 305 1543 304 1544 308 1545 296 1546 298 1547 298 1548 305 1549 308 1550 307 1551 309 1552 308 1553 308 1554 305 1555 307 1556 307 1557 310 1558 311 1559 311 1560 309 1561 307 1562 312 1563 313 1564 308 1565 308 1566 309 1567 312 1568 311 1569 314 1570 312 1571 312 1572 309 1573 311 1574 311 1575 315 1576 316 1577 316 1578 314 1579 311 1580 317 1581 318 1582 312 1583 312 1584 314 1585 317 1586 316 1587 319 1588 317 1589 317 1590 314 1591 316 1592 316 1593 320 1594 321 1595 321 1596 319 1597 316 1598 322 1599 323 1600 317 1601 317 1602 319 1603 322 1604 321 1605 324 1606 322 1607 322 1608 319 1609 321 1610 321 1611 325 1612 326 1613 326 1614 324 1615 321 1616 327 1617 328 1618 322 1619 322 1620 324 1621 327 1622 326 1623 329 1624 327 1625 327 1626 324 1627 326 1628 326 1629 330 1630 331 1631 331 1632 329 1633 326 1634 332 1635 333 1636 327 1637 327 1638 329 1639 332 1640 331 1641 334 1642 332 1643 332 1644 329 1645 331 1646 331 1647 335 1648 336 1649 336 1650 334 1651 331 1652 78 1653 332 1654 334 1655 334 1656 79 1657 78 1658 80 1659 79 1660 334 1661 334 1662 336 1663 80 1664 336 1665 337 1666 81 1667 81 1668 80 1669 336 1670 81 1671 337 1672 338 1673 338 1674 83 1675 81 1676 339 1677 340 1678 338 1679 338 1680 337 1681 339 1682 336 1683 335 1684 339 1685 339 1686 337 1687 336 1688 331 1689 330 1690 341 1691 341 1692 335 1693 331 1694 326 1695 325 1696 342 1697 342 1698 330 1699 326 1700 321 1701 320 1702 343 1703 343 1704 325 1705 321 1706 316 1707 315 1708 344 1709 344 1710 320 1711 316 1712 311 1713 310 1714 345 1715 345 1716 315 1717 311 1718 307 1719 306 1720 346 1721 346 1722 310 1723 307 1724 304 1725 303 1726 347 1727 347 1728 306 1729 304 1730 301 1731 348 1732 349 1733 349 1734 303 1735 301 1736 350 1737 348 1738 301 1739 301 1740 302 1741 350 1742 348 1743 350 1744 274 1745 274 1746 273 1747 348 1748 25 1749 289 1750 351 1751 351 1752 98 1753 25 1754 289 1755 290 1756 328 1757 328 1758 351 1759 289 1760 323 1761 322 1762 328 1763 328 1764 290 1765 323 1766 290 1767 283 1768 291 1769 291 1770 323 1771 290 1772 318 1773 317 1774 323 1775 323 1776 291 1777 318 1778 291 1779 285 1780 292 1781 292 1782 318 1783 291 1784 313 1785 312 1786 318 1787 318 1788 292 1789 313 1790 292 1791 288 1792 294 1793 294 1794 313 1795 292 1796 296 1797 308 1798 313 1799 313 1800 294 1801 296 1802 328 1803 327 1804 333 1805 333 1806 351 1807 328 1808 333 1809 332 1810 78 1811 78 1812 100 1813 333 1814 338 1815 352 1816 101 1817 101 1818 83 1819 338 1820 340 1821 353 1822 352 1823 352 1824 338 1825 340 1826 339 1827 354 1828 355 1829 355 1830 340 1831 339 1832 341 1833 354 1834 339 1835 339 1836 335 1837 341 1838 356 1839 357 1840 354 1841 354 1842 341 1843 356 1844 341 1845 330 1846 342 1847 342 1848 356 1849 341 1850 358 1851 359 1852 356 1853 356 1854 342 1855 358 1856 342 1857 325 1858 343 1859 343 1860 358 1861 342 1862 360 1863 361 1864 358 1865 358 1866 343 1867 360 1868 343 1869 320 1870 344 1871 344 1872 360 1873 343 1874 362 1875 363 1876 360 1877 360 1878 344 1879 362 1880 344 1881 315 1882 345 1883 345 1884 362 1885 344 1886 364 1887 365 1888 362 1889 362 1890 345 1891 364 1892 345 1893 310 1894 346 1895 346 1896 364 1897 345 1898 366 1899 367 1900 364 1901 364 1902 346 1903 366 1904 346 1905 306 1906 347 1907 347 1908 366 1909 346 1910 368 1911 369 1912 366 1913 366 1914 347 1915 368 1916 347 1917 303 1918 349 1919 349 1920 368 1921 347 1922 370 1923 371 1924 368 1925 368 1926 349 1927 370 1928 370 1929 349 1930 348 1931 348 1932 273 1933 370 1934 273 1935 275 1936 372 1937 372 1938 370 1939 273 1940 373 1941 374 1942 372 1943 372 1944 275 1945 373 1946 375 1947 373 1948 275 1949 275 1950 376 1951 375 1952 376 1953 377 1954 120 1955 120 1956 119 1957 376 1958 98 1959 351 1960 333 1961 333 1962 100 1963 98 1964 352 1965 378 1966 121 1967 121 1968 101 1969 352 1970 379 1971 378 1972 352 1973 352 1974 353 1975 379 1976 340 1977 355 1978 380 1979 380 1980 353 1981 340 1982 355 1983 354 1984 357 1985 357 1986 381 1987 355 1988 382 1989 383 1990 381 1991 381 1992 357 1993 382 1994 356 1995 359 1996 382 1997 382 1998 357 1999 356 2000 358 2001 361 2002 384 2003 384 2004 359 2005 358 2006 360 2007 363 2008 385 2009 385 2010 361 2011 360 2012 362 2013 365 2014 386 2015 386 2016 363 2017 362 2018 364 2019 367 2020 387 2021 387 2022 365 2023 364 2024 366 2025 369 2026 388 2027 388 2028 367 2029 366 2030 368 2031 371 2032 389 2033 389 2034 369 2035 368 2036 370 2037 372 2038 390 2039 390 2040 371 2041 370 2042 391 2043 390 2044 372 2045 372 2046 374 2047 391 2048 392 2049 393 2050 391 2051 391 2052 374 2053 392 2054 394 2055 392 2056 374 2057 374 2058 373 2059 394 2060 373 2061 375 2062 395 2063 395 2064 394 2065 373 2066 148 2067 147 2068 395 2069 395 2070 375 2071 148 2072 148 2073 375 2074 376 2075 376 2076 119 2077 148 2078 396 2079 397 2080 150 2081 150 2082 149 2083 396 2084 121 2085 378 2086 396 2087 396 2088 149 2089 121 2090 398 2091 397 2092 396 2093 396 2094 399 2095 398 2096 379 2097 399 2098 396 2099 396 2100 378 2101 379 2102 400 2103 401 2104 398 2105 398 2106 399 2107 400 2108 379 2109 402 2110 400 2111 400 2112 399 2113 379 2114 380 2115 402 2116 379 2117 379 2118 353 2119 380 2120 403 2121 404 2122 402 2123 402 2124 380 2125 403 2126 380 2127 355 2128 381 2129 381 2130 403 2131 380 2132 383 2133 405 2134 403 2135 403 2136 381 2137 383 2138 382 2139 406 2140 407 2141 407 2142 383 2143 382 2144 384 2145 406 2146 382 2147 382 2148 359 2149 384 2150 408 2151 409 2152 406 2153 406 2154 384 2155 408 2156 384 2157 361 2158 385 2159 385 2160 408 2161 384 2162 410 2163 411 2164 408 2165 408 2166 385 2167 410 2168 385 2169 363 2170 386 2171 386 2172 410 2173 385 2174 412 2175 413 2176 410 2177 410 2178 386 2179 412 2180 386 2181 365 2182 387 2183 387 2184 412 2185 386 2186 414 2187 415 2188 412 2189 412 2190 387 2191 414 2192 387 2193 367 2194 388 2195 388 2196 414 2197 387 2198 416 2199 417 2200 414 2201 414 2202 388 2203 416 2204 388 2205 369 2206 389 2207 389 2208 416 2209 388 2210 418 2211 419 2212 416 2213 416 2214 389 2215 418 2216 389 2217 371 2218 390 2219 390 2220 418 2221 389 2222 420 2223 418 2224 390 2225 390 2226 391 2227 420 2228 421 2229 420 2230 391 2231 391 2232 393 2233 421 2234 422 2235 393 2236 392 2237 392 2238 423 2239 422 2240 392 2241 394 2242 424 2243 424 2244 423 2245 392 2246 394 2247 395 2248 425 2249 425 2250 424 2251 394 2252 395 2253 147 2254 175 2255 175 2256 425 2257 395 2258 400 2259 426 2260 427 2261 427 2262 401 2263 400 2264 404 2265 426 2266 400 2267 400 2268 402 2269 404 2270 428 2271 429 2272 426 2273 426 2274 404 2275 428 2276 403 2277 405 2278 428 2279 428 2280 404 2281 403 2282 383 2283 407 2284 430 2285 430 2286 405 2287 383 2288 407 2289 406 2290 409 2291 409 2292 431 2293 407 2294 432 2295 433 2296 431 2297 431 2298 409 2299 432 2300 408 2301 411 2302 432 2303 432 2304 409 2305 408 2306 410 2307 413 2308 434 2309 434 2310 411 2311 410 2312 412 2313 415 2314 435 2315 435 2316 413 2317 412 2318 414 2319 417 2320 436 2321 436 2322 415 2323 414 2324 416 2325 419 2326 437 2327 437 2328 417 2329 416 2330 438 2331 419 2332 418 2333 418 2334 420 2335 438 2336 439 2337 438 2338 420 2339 420 2340 421 2341 439 2342 440 2343 441 2344 439 2345 439 2346 421 2347 440 2348 422 2349 440 2350 421 2351 421 2352 393 2353 422 2354 442 2355 443 2356 440 2357 440 2358 422 2359 442 2360 444 2361 442 2362 422 2363 422 2364 423 2365 444 2366 423 2367 424 2368 445 2369 445 2370 444 2371 423 2372 424 2373 425 2374 446 2375 446 2376 445 2377 424 2378 425 2379 175 2380 203 2381 203 2382 446 2383 425 2384 429 2385 447 2386 427 2387 427 2388 426 2389 429 2390 448 2391 449 2392 447 2393 447 2394 429 2395 448 2396 428 2397 450 2398 448 2399 448 2400 429 2401 428 2402 430 2403 450 2404 428 2405 428 2406 405 2407 430 2408 451 2409 452 2410 450 2411 450 2412 430 2413 451 2414 430 2415 407 2416 431 2417 431 2418 451 2419 430 2420 433 2421 453 2422 451 2423 451 2424 431 2425 433 2426 432 2427 454 2428 455 2429 455 2430 433 2431 432 2432 434 2433 454 2434 432 2435 432 2436 411 2437 434 2438 456 2439 457 2440 454 2441 454 2442 434 2443 456 2444 434 2445 413 2446 435 2447 435 2448 456 2449 434 2450 458 2451 459 2452 456 2453 456 2454 435 2455 458 2456 435 2457 415 2458 436 2459 436 2460 458 2461 435 2462 460 2463 461 2464 458 2465 458 2466 436 2467 460 2468 436 2469 417 2470 437 2471 437 2472 460 2473 436 2474 462 2475 463 2476 460 2477 460 2478 437 2479 462 2480 438 2481 462 2482 437 2483 437 2484 419 2485 438 2486 464 2487 462 2488 438 2489 438 2490 439 2491 464 2492 465 2493 464 2494 439 2495 439 2496 441 2497 465 2498 441 2499 440 2500 443 2501 443 2502 466 2503 441 2504 465 2505 467 2506 468 2507 468 2508 469 2509 465 2510 470 2511 471 2512 469 2513 469 2514 468 2515 470 2516 472 2517 469 2518 471 2519 471 2520 473 2521 472 2522 471 2523 474 2524 269 2525 269 2526 473 2527 471 2528 475 2529 473 2530 269 2531 269 2532 268 2533 475 2534 461 2535 475 2536 268 2537 268 2538 476 2539 461 2540 268 2541 271 2542 477 2543 477 2544 476 2545 268 2546 459 2547 458 2548 461 2549 461 2550 476 2551 459 2552 477 2553 478 2554 459 2555 459 2556 476 2557 477 2558 479 2559 478 2560 477 2561 477 2562 272 2563 479 2564 479 2565 480 2566 457 2567 457 2568 478 2569 479 2570 479 2571 481 2572 482 2573 482 2574 480 2575 479 2576 455 2577 454 2578 457 2579 457 2580 480 2581 455 2582 482 2583 483 2584 455 2585 455 2586 480 2587 482 2588 482 2589 484 2590 485 2591 485 2592 483 2593 482 2594 453 2595 433 2596 455 2597 455 2598 483 2599 453 2600 485 2601 486 2602 453 2603 453 2604 483 2605 485 2606 485 2607 487 2608 488 2609 488 2610 486 2611 485 2612 489 2613 452 2614 486 2615 486 2616 488 2617 489 2618 490 2619 491 2620 489 2621 489 2622 488 2623 490 2624 492 2625 493 2626 494 2627 494 2628 487 2629 492 2630 490 2631 488 2632 487 2633 487 2634 494 2635 490 2636 492 2637 487 2638 485 2639 485 2640 484 2641 492 2642 495 2643 496 2644 492 2645 492 2646 484 2647 495 2648 482 2649 481 2650 495 2651 495 2652 484 2653 482 2654 479 2655 272 2656 497 2657 497 2658 481 2659 479 2660 269 2661 474 2662 498 2663 498 2664 270 2665 269 2666 474 2667 471 2668 470 2669 470 2670 499 2671 474 2672 499 2673 500 2674 498 2675 498 2676 474 2677 499 2678 500 2679 259 2680 258 2681 258 2682 498 2683 500 2684 448 2685 489 2686 491 2687 491 2688 449 2689 448 2690 452 2691 489 2692 448 2693 448 2694 450 2695 452 2696 453 2697 486 2698 452 2699 452 2700 451 2701 453 2702 459 2703 478 2704 457 2705 457 2706 456 2707 459 2708 461 2709 460 2710 463 2711 463 2712 475 2713 461 2714 472 2715 473 2716 475 2717 475 2718 463 2719 472 2720 464 2721 472 2722 463 2723 463 2724 462 2725 464 2726 472 2727 464 2728 465 2729 465 2730 469 2731 472 2732 496 2733 501 2734 493 2735 493 2736 492 2737 496 2738 502 2739 503 2740 501 2741 501 2742 496 2743 502 2744 495 2745 504 2746 502 2747 502 2748 496 2749 495 2750 497 2751 504 2752 495 2753 495 2754 481 2755 497 2756 265 2757 264 2758 504 2759 504 2760 497 2761 265 2762 497 2763 272 2764 5 2765 5 2766 265 2767 497 2768 502 2769 267 2770 266 2771 266 2772 503 2773 502 2774 264 2775 267 2776 502 2777 502 2778 504 2779 264 2780 466 2781 467 2782 465 2783 465 2784 441 2785 466 2786 258 2787 7 2788 270 2789 270 2790 498 2791 258 2792 151 2793 150 2794 505 2795 505 2796 506 2797 151 2798 153 2799 151 2800 506 2801 506 2802 507 2803 153 2804 176 2805 155 2806 508 2807 508 2808 509 2809 176 2810 248 2811 247 2812 510 2813 510 2814 511 2815 248 2816 250 2817 249 2818 512 2819 512 2820 513 2821 250 2822 266 2823 261 2824 514 2825 514 2826 515 2827 266 2828 150 2829 397 2830 516 2831 516 2832 505 2833 150 2834 398 2835 517 2836 516 2837 516 2838 397 2839 398 2840 401 2841 518 2842 517 2843 517 2844 398 2845 401 2846 449 2847 519 2848 520 2849 520 2850 447 2851 449 2852 491 2853 490 2854 521 2855 521 2856 522 2857 491 2858 503 2859 523 2860 524 2861 524 2862 501 2863 503 2864 155 2865 153 2866 507 2867 507 2868 508 2869 155 2870 204 2871 176 2872 509 2873 509 2874 525 2875 204 2876 205 2877 526 2878 510 2879 510 2880 247 2881 205 2882 249 2883 248 2884 511 2885 511 2886 512 2887 249 2888 205 2889 204 2890 525 2891 525 2892 526 2893 205 2894 260 2895 250 2896 513 2897 513 2898 527 2899 260 2900 261 2901 260 2902 527 2903 527 2904 514 2905 261 2906 427 2907 528 2908 518 2909 518 2910 401 2911 427 2912 447 2913 520 2914 528 2915 528 2916 427 2917 447 2918 490 2919 494 2920 529 2921 529 2922 521 2923 490 2924 494 2925 493 2926 530 2927 530 2928 529 2929 494 2930 491 2931 522 2932 519 2933 519 2934 449 2935 491 2936 501 2937 524 2938 530 2939 530 2940 493 2941 501 2942 266 2943 515 2944 523 2945 523 2946 503 2947 266 2948 506 2949 505 2950 531 2951 531 2952 532 2953 506 2954 507 2955 506 2956 532 2957 532 2958 533 2959 507 2960 509 2961 508 2962 534 2963 534 2964 535 2965 509 2966 511 2967 510 2968 536 2969 536 2970 537 2971 511 2972 513 2973 512 2974 538 2975 538 2976 539 2977 513 2978 515 2979 514 2980 540 2981 540 2982 541 2983 515 2984 505 2985 516 2986 542 2987 542 2988 531 2989 505 2990 516 2991 517 2992 543 2993 543 2994 542 2995 516 2996 517 2997 518 2998 544 2999 544 3000 543 3001 517 3002 520 3003 519 3004 545 3005 545 3006 546 3007 520 3008 522 3009 521 3010 547 3011 547 3012 548 3013 522 3014 524 3015 523 3016 549 3017 549 3018 550 3019 524 3020 508 3021 507 3022 533 3023 533 3024 534 3025 508 3026 525 3027 509 3028 535 3029 535 3030 551 3031 525 3032 510 3033 526 3034 552 3035 552 3036 536 3037 510 3038 512 3039 511 3040 537 3041 537 3042 538 3043 512 3044 526 3045 525 3046 551 3047 551 3048 552 3049 526 3050 527 3051 513 3052 539 3053 539 3054 553 3055 527 3056 514 3057 527 3058 553 3059 553 3060 540 3061 514 3062 518 3063 528 3064 554 3065 554 3066 544 3067 518 3068 528 3069 520 3070 546 3071 546 3072 554 3073 528 3074 521 3075 529 3076 555 3077 555 3078 547 3079 521 3080 529 3081 530 3082 556 3083 556 3084 555 3085 529 3086 519 3087 522 3088 548 3089 548 3090 545 3091 519 3092 530 3093 524 3094 550 3095 550 3096 556 3097 530 3098 523 3099 515 3100 541 3101 541 3102 549 3103 523 3104 531 3105 542 3106 543 3107 543 3108 544 3109 554 3110 554 3111 546 3112 545 3113 543 3114 554 3115 545 3116 545 3117 548 3118 547 3119 547 3120 555 3121 556 3122 545 3123 547 3124 556 3125 556 3126 550 3127 549 3128 545 3129 556 3130 549 3131 543 3132 545 3133 549 3134 531 3135 543 3136 549 3137 531 3138 549 3139 541 3140 540 3141 553 3142 539 3143 539 3144 538 3145 537 3146 540 3147 539 3148 537 3149 537 3150 536 3151 552 3152 552 3153 551 3154 535 3155 537 3156 552 3157 535 3158 535 3159 534 3160 533 3161 537 3162 535 3163 533 3164 540 3165 537 3166 533 3167 540 3168 533 3169 532 3170 541 3171 540 3172 532 3173 531 3174 541 3175 532 3176 10 3177 557 3178 558 3179 558 3180 11 3181 10 3182 33 3183 559 3184 560 3185 560 3186 24 3187 33 3188 35 3189 561 3190 559 3191 559 3192 33 3193 35 3194 37 3195 562 3196 561 3197 561 3198 35 3199 37 3200 39 3201 563 3202 562 3203 562 3204 37 3205 39 3206 41 3207 564 3208 563 3209 563 3210 39 3211 41 3212 11 3213 558 3214 565 3215 565 3216 96 3217 11 3218 16 3219 566 3220 567 3221 567 3222 279 3223 16 3224 286 3225 276 3226 568 3227 568 3228 569 3229 286 3230 293 3231 287 3232 570 3233 570 3234 571 3235 293 3236 295 3237 293 3238 571 3239 571 3240 572 3241 295 3242 297 3243 295 3244 572 3245 572 3246 573 3247 297 3248 299 3249 297 3250 573 3251 573 3252 574 3253 299 3254 350 3255 575 3256 576 3257 576 3258 274 3259 350 3260 96 3261 565 3262 577 3263 577 3264 43 3265 96 3266 24 3267 560 3268 578 3269 578 3270 15 3271 24 3272 15 3273 578 3274 579 3275 579 3276 12 3277 15 3278 16 3279 12 3280 579 3281 579 3282 566 3283 16 3284 43 3285 577 3286 564 3287 564 3288 41 3289 43 3290 120 3291 580 3292 557 3293 557 3294 10 3295 120 3296 299 3297 574 3298 581 3299 581 3300 302 3301 299 3302 350 3303 302 3304 581 3305 581 3306 575 3307 350 3308 279 3309 567 3310 568 3311 568 3312 276 3313 279 3314 287 3315 286 3316 569 3317 569 3318 570 3319 287 3320 274 3321 576 3322 582 3323 582 3324 377 3325 274 3326 377 3327 582 3328 580 3329 580 3330 120 3331 377 3332 583 3333 584 3334 585 3335 585 3336 586 3337 587 3338 587 3339 588 3340 589 3341 585 3342 587 3343 589 3344 589 3345 590 3346 591 3347 591 3348 592 3349 593 3350 589 3351 591 3352 593 3353 585 3354 589 3355 593 3356 593 3357 594 3358 595 3359 595 3360 596 3361 597 3362 593 3363 595 3364 597 3365 597 3366 598 3367 599 3368 599 3369 600 3370 601 3371 597 3372 599 3373 601 3374 593 3375 597 3376 601 3377 601 3378 602 3379 603 3380 603 3381 604 3382 605 3383 601 3384 603 3385 605 3386 593 3387 601 3388 605 3389 585 3390 593 3391 605 3392 605 3393 606 3394 607 3395 585 3396 605 3397 607 3398 583 3399 585 3400 607 3401 608 3402 583 3403 607 3404 557 3405 608 3406 607 3407 607 3408 558 3409 557 3410 600 3411 599 3412 560 3413 560 3414 559 3415 600 3416 601 3417 600 3418 559 3419 559 3420 561 3421 601 3422 602 3423 601 3424 561 3425 561 3426 562 3427 602 3428 603 3429 602 3430 562 3431 562 3432 563 3433 603 3434 604 3435 603 3436 563 3437 563 3438 564 3439 604 3440 607 3441 606 3442 565 3443 565 3444 558 3445 607 3446 596 3447 595 3448 567 3449 567 3450 566 3451 596 3452 594 3453 593 3454 569 3455 569 3456 568 3457 594 3458 592 3459 591 3460 571 3461 571 3462 570 3463 592 3464 591 3465 590 3466 572 3467 572 3468 571 3469 591 3470 590 3471 589 3472 573 3473 573 3474 572 3475 590 3476 589 3477 588 3478 574 3479 574 3480 573 3481 589 3482 586 3483 585 3484 576 3485 576 3486 575 3487 586 3488 606 3489 605 3490 577 3491 577 3492 565 3493 606 3494 599 3495 598 3496 578 3497 578 3498 560 3499 599 3500 578 3501 598 3502 597 3503 597 3504 579 3505 578 3506 597 3507 596 3508 566 3509 566 3510 579 3511 597 3512 577 3513 605 3514 604 3515 604 3516 564 3517 577 3518 583 3519 608 3520 557 3521 557 3522 580 3523 583 3524 588 3525 587 3526 581 3527 581 3528 574 3529 588 3530 587 3531 586 3532 575 3533 575 3534 581 3535 587 3536 595 3537 594 3538 568 3539 568 3540 567 3541 595 3542 593 3543 592 3544 570 3545 570 3546 569 3547 593 3548 576 3549 585 3550 584 3551 584 3552 582 3553 576 3554 584 3555 583 3556 580 3557 580 3558 582 3559 584 3560 220 3561 223 3562 222 3563 222 3564 225 3565 256 3566 256 3567 257 3568 259 3569 259 3570 500 3571 499 3572 256 3573 259 3574 499 3575 222 3576 256 3577 499 3578 499 3579 470 3580 468 3581 468 3582 467 3583 466 3584 499 3585 468 3586 466 3587 222 3588 499 3589 466 3590 466 3591 443 3592 442 3593 442 3594 444 3595 445 3596 466 3597 442 3598 445 3599 445 3600 446 3601 203 3602 203 3603 202 3604 201 3605 445 3606 203 3607 201 3608 466 3609 445 3610 201 3611 222 3612 466 3613 201 3614 201 3615 200 3616 199 3617 222 3618 201 3619 199 3620 220 3621 222 3622 199 3623 198 3624 220 3625 199 3626 377 3627 376 3628 275 3629 275 3630 274 3631 377 3632 11 3633 97 3634 8 3635 0 3636 232 3637 4 3638 272 3639 477 3640 271 3641</p>
        </triangles>
      </mesh>
    </geometry>
  </library_geometries>
  <library_visual_scenes>
    <visual_scene id="arm_l_link1" name="arm_l_link1">
      <node name="arm_l_link1" id="arm_l_link1" sid="arm_l_link1">
        <node id="arm_l_link1-Pivot" name="arm_l_link1-Pivot">
          <translate>0.000000 0.007372 0.169591</translate>
          <rotate>0.000000 0.000000 0.000000 0.000000</rotate>
          <instance_geometry url="#arm_l_link1-lib">
            <bind_material>
              <technique_common>
                <instance_material symbol="black" target="#black"/>
              </technique_common>
            </bind_material>
          </instance_geometry>
        </node>
        <extra>
          <technique profile="FCOLLADA">
            <visibility>1.000000</visibility>
          </technique>
        </extra>
      </node>
      <extra>
        <technique profile="MAX3D">
          <frame_rate>30.000000</frame_rate>
        </technique>
        <technique profile="FCOLLADA">
          <start_time>0.000000</start_time>
          <end_time>3.333333</end_time>
        </technique>
      </extra>
    </visual_scene>
  </library_visual_scenes>
  <scene>
    <instance_visual_scene url="#arm_l_link1"/>
  </scene>
</COLLADA>
