<?xml version="1.0" encoding="utf-8"?>
<COLLADA xmlns="http://www.collada.org/2005/11/COLLADASchema" version="1.4.1">
  <asset>
    <contributor>
      <author/>
      <authoring_tool>FBX COLLADA exporter</authoring_tool>
      <comments/>
    </contributor>
    <created>2026-06-09T06:35:52Z</created>
    <keywords/>
    <modified>2026-06-09T06:35:52Z</modified>
    <revision/>
    <subject/>
    <title/>
    <unit meter="1.000000" name="centimeter"/>
    <up_axis>Z_UP</up_axis>
  </asset>
  <library_materials>
    <material id="white" name="white">
      <instance_effect url="#white-fx"/>
    </material>
  </library_materials>
  <library_effects>
    <effect id="white-fx" name="white">
      <profile_COMMON>
        <technique sid="standard">
          <phong>
            <emission>
              <color sid="emission">0.000000  0.000000 0.000000 1.000000</color>
            </emission>
            <ambient>
              <color sid="ambient">0.766000  0.766000 0.766000 1.000000</color>
            </ambient>
            <diffuse>
              <color sid="diffuse">0.766000  0.766000 0.766000 1.000000</color>
            </diffuse>
            <specular>
              <color sid="specular">2.763290  2.763290 2.763290 1.000000</color>
            </specular>
            <shininess>
              <float sid="shininess">13.928808</float>
            </shininess>
          </phong>
        </technique>
      </profile_COMMON>
    </effect>
  </library_effects>
  <library_geometries>
    <geometry id="arm_r_link4-lib" name="arm_r_link4Mesh">
      <mesh>
        <source id="arm_r_link4-POSITION">
          <float_array id="arm_r_link4-POSITION-array" count="5613">
-0.030256 -0.006466 0.058981
-0.030656 0.001267 0.054368
-0.035066 -0.001025 0.051888
-0.035351 -0.008574 0.055818
-0.025394 -0.008800 0.063253
-0.016886 -0.002804 0.063584
-0.019985 0.000713 0.060572
-0.021751 0.006090 0.056825
-0.033854 -0.014832 0.060513
-0.030451 -0.015661 0.063687
-0.036215 -0.014915 0.058241
0.031099 -0.004696 0.063451
0.026777 -0.008588 0.065715
0.034624 -0.016920 0.065774
0.038381 -0.014842 0.065215
0.041080 -0.014462 0.063221
0.036340 -0.005478 0.060888
0.033035 0.000574 0.058924
0.028688 0.001492 0.060470
-0.040940 0.017480 0.034972
-0.040829 0.025922 0.032490
-0.046504 0.025924 0.022079
-0.046775 0.018827 0.022565
-0.033224 0.021033 0.042319
-0.033283 0.028390 0.039495
-0.037775 0.011320 0.042033
-0.032172 0.014650 0.046043
-0.047134 0.014172 0.021618
-0.043267 0.012702 0.032376
-0.040139 0.008860 0.039751
0.038123 0.042706 0.006458
0.039047 0.051586 0.001488
0.038002 0.055206 0.012656
0.037022 0.047803 0.016182
0.037646 0.040998 -0.006955
0.037261 0.048454 -0.011914
0.036178 0.038119 0.017866
0.036274 0.035097 0.015939
0.037478 0.037418 0.005530
0.034885 0.041630 0.022426
0.037348 0.037482 -0.005003
-0.012540 -0.051010 0.052677
-0.007812 -0.051790 0.052677
-0.010055 -0.059428 0.052677
-0.015941 -0.055438 0.052677
-0.014410 -0.046264 0.052677
-0.008361 -0.044660 0.052677
-0.020572 -0.049983 0.052677
0.034968 -0.054980 0.052677
0.039038 -0.058073 0.052677
0.031390 -0.065138 0.052677
0.028611 -0.058326 0.052677
0.027041 -0.049796 0.052677
0.035143 -0.048349 0.052677
0.041658 -0.048619 0.052677
-0.009815 -0.014202 0.065796
-0.013419 -0.017827 0.065804
-0.007289 -0.020513 0.065826
-0.004696 -0.014568 0.065812
-0.011745 -0.010292 0.065731
-0.018013 -0.014153 0.065715
-0.004659 -0.008499 0.065740
-0.016264 -0.059154 0.065827
-0.020560 -0.062432 0.065812
-0.015610 -0.067196 0.065814
-0.012194 -0.060845 0.065829
-0.016917 -0.054481 0.065830
-0.023944 -0.056158 0.065814
-0.011112 -0.054711 0.065833
0.019020 -0.035245 0.065835
0.014746 -0.032068 0.065835
0.010681 -0.038125 0.065835
0.018713 -0.040230 0.065835
0.001379 -0.058069 0.065834
0.003505 -0.063688 0.065832
0.009309 -0.061221 0.065834
0.004092 -0.054709 0.065835
-0.000573 -0.051642 0.065835
-0.002275 -0.056765 0.065834
-0.002327 -0.064052 0.065831
0.029373 -0.002768 -0.059640
0.026445 0.003617 -0.056526
0.031293 0.002810 -0.054933
0.035063 -0.003451 -0.057047
0.038380 -0.009093 -0.058452
0.035866 -0.009498 -0.060559
0.032304 -0.011452 -0.062342
0.024617 -0.006242 -0.062240
-0.039857 0.016792 -0.033536
-0.038967 0.024915 -0.031825
-0.030739 0.026986 -0.038415
-0.031257 0.019789 -0.041017
-0.030564 0.012891 -0.044813
-0.036685 0.010333 -0.040457
-0.045375 0.018206 -0.022933
-0.044656 0.024859 -0.023101
-0.039333 0.008092 -0.038117
-0.042420 0.012195 -0.030963
-0.046031 0.013843 -0.021883
0.033330 0.051837 -0.021027
0.033751 0.061040 -0.019226
0.037595 0.059535 -0.010556
0.034955 0.041693 -0.018889
0.032074 0.045135 -0.023919
0.035931 0.038344 -0.015711
0.029781 -0.046822 -0.049322
0.029055 -0.042025 -0.049322
0.022454 -0.043436 -0.049322
0.025485 -0.049442 -0.049322
0.030032 -0.055016 -0.049322
0.034440 -0.049289 -0.049322
0.035947 -0.042425 -0.049322
0.002279 -0.067888 -0.049322
0.006851 -0.066460 -0.049322
0.002902 -0.060191 -0.049322
-0.002121 -0.064304 -0.049322
-0.006947 -0.070280 -0.049322
0.000797 -0.073661 -0.049322
0.008424 -0.074000 -0.049322
-0.010147 -0.012400 -0.062422
-0.013107 -0.016410 -0.062444
-0.018698 -0.012666 -0.062313
-0.013196 -0.008162 -0.062284
-0.004936 -0.011152 -0.062430
-0.006204 -0.017537 -0.062467
-0.005844 -0.004947 -0.062252
-0.006801 -0.051090 -0.062480
-0.007138 -0.047022 -0.062481
-0.001812 -0.047107 -0.062481
-0.002989 -0.052371 -0.062480
-0.011581 -0.054140 -0.062479
-0.014236 -0.048415 -0.062479
-0.007224 -0.058309 -0.062479
0.021087 -0.035989 -0.062481
0.017324 -0.034546 -0.062481
0.022154 -0.029513 -0.062481
0.026072 -0.033760 -0.062481
0.028459 -0.039583 -0.062480
0.021278 -0.040280 -0.062481
0.015718 -0.039864 -0.062481
0.020025 -0.069373 -0.062478
0.022755 -0.073618 -0.062466
0.015845 -0.076778 -0.062464
0.015016 -0.070200 -0.062478
0.016413 -0.063681 -0.062480
0.022741 -0.065042 -0.062479
0.028473 -0.068750 -0.062470
-0.022937 0.000115 -0.056260
-0.017364 -0.003984 -0.060660
-0.023237 -0.009399 -0.061095
-0.027911 -0.007498 -0.057739
-0.031648 -0.007030 -0.054804
-0.030312 -0.000949 -0.052485
-0.029966 0.006047 -0.048843
-0.022254 0.008321 -0.052071
0.013641 0.094085 -0.019263
0.015391 0.094085 -0.014949
0.022987 0.094085 -0.020255
0.018046 0.094085 -0.025237
0.009099 0.094085 -0.020174
0.008881 0.094085 -0.013714
0.012047 0.094085 -0.029231
-0.011460 0.094085 0.016425
-0.012955 0.094085 0.013104
-0.018336 0.094085 0.017726
-0.013790 0.094085 0.021170
-0.007917 0.094085 0.022916
-0.007552 0.094085 0.016047
-0.008105 0.094085 0.011758
0.005648 0.094085 0.013297
0.001896 0.094085 0.014188
0.003835 0.094085 0.020714
0.008798 0.094085 0.017424
0.012156 0.094085 0.013160
0.006189 0.094085 0.009757
0.001114 0.094085 0.009978
-0.018924 0.094085 -0.011194
-0.014478 0.094085 -0.012443
-0.020531 0.094085 -0.019837
-0.025729 0.094085 -0.015429
-0.020026 0.094085 -0.007075
-0.013229 0.094085 -0.006912
-0.029114 0.094085 -0.009527
-0.037504 0.094085 -0.011826
-0.039881 0.094085 -0.003449
-0.031173 0.094085 -0.003001
-0.022212 0.094085 -0.002738
-0.033147 0.094085 -0.019530
-0.040635 0.094085 -0.023742
-0.045764 0.094085 -0.014239
-0.026882 0.094085 -0.026250
-0.033245 0.094085 -0.031836
-0.033389 0.091128 -0.031489
-0.040755 0.091160 -0.023564
-0.019343 0.094085 -0.030578
-0.024153 0.094085 -0.037780
-0.024403 0.091016 -0.037361
-0.024403 0.087426 -0.036388
-0.033063 0.087439 -0.030704
-0.014134 0.094085 -0.041254
-0.014493 0.090994 -0.040891
-0.014791 0.087424 -0.039900
-0.014752 0.087085 -0.039278
-0.024234 0.087085 -0.035789
-0.004268 0.091026 -0.041989
-0.004757 0.087428 -0.041122
-0.004849 0.087085 -0.040514
-0.005122 0.085281 -0.040711
-0.015084 0.085318 -0.039429
0.005053 0.087435 -0.040001
0.004829 0.087085 -0.039459
0.004673 0.085275 -0.039746
0.004318 0.082682 -0.039497
-0.005430 0.082700 -0.040355
0.013804 0.087085 -0.036321
0.013754 0.085316 -0.036632
0.013411 0.082599 -0.036472
0.012970 0.078377 -0.036341
0.003833 0.078699 -0.039225
0.021755 0.085264 -0.031743
0.021475 0.082414 -0.031636
0.021126 0.077847 -0.031608
0.020795 0.071784 -0.031795
0.012478 0.072571 -0.036344
0.028289 0.082141 -0.025441
0.028097 0.077309 -0.025505
0.027980 0.070709 -0.025812
0.027871 0.062937 -0.026519
0.020406 0.064489 -0.032316
0.033615 0.076782 -0.018184
0.033689 0.069626 -0.018473
0.037524 0.076509 -0.009720
0.037574 0.069045 -0.009932
0.039386 0.076724 -0.000133
0.039348 0.069555 -0.000087
0.039306 0.060917 0.000200
0.038372 0.070902 0.010294
0.038287 0.063144 0.011041
0.034507 0.072622 0.020165
0.034387 0.065578 0.021023
0.033980 0.058315 0.022519
0.033122 0.051460 0.024774
0.027837 0.067530 0.029505
0.027389 0.060559 0.030573
0.026677 0.053665 0.032113
0.025686 0.046708 0.034157
0.031533 0.044561 0.028221
0.018879 0.061870 0.036791
0.018297 0.054917 0.037771
0.017775 0.048019 0.039198
0.017445 0.041236 0.041037
0.024638 0.040014 0.036909
0.008653 0.055358 0.041695
0.008358 0.048428 0.042759
0.008294 0.041596 0.044237
0.008587 0.034936 0.046236
0.017294 0.034633 0.043530
-0.002055 0.048119 0.044344
-0.002054 0.041196 0.045693
-0.001759 0.034507 0.047579
-0.001081 0.028127 0.049999
0.009388 0.028514 0.048742
-0.012903 0.040157 0.045047
-0.012798 0.033303 0.046979
-0.012471 0.026801 0.049442
-0.011893 0.020729 0.052298
-0.000027 0.022093 0.052775
-0.023622 0.031237 0.044202
-0.023576 0.024398 0.046788
-0.023205 0.018065 0.049869
-0.022584 0.011936 0.053287
-0.011071 0.015034 0.055345
-0.031101 0.008279 0.050097
-0.035724 0.005633 0.047345
-0.038137 0.003865 0.045460
-0.037384 -0.002270 0.050214
-0.037359 -0.009059 0.054082
-0.039666 0.002417 0.044091
-0.038911 -0.003201 0.048941
-0.038819 -0.009512 0.052669
-0.039408 -0.015845 0.055017
-0.037916 -0.015438 0.056561
-0.040029 -0.004079 0.047804
-0.039980 -0.009979 0.051330
-0.040573 -0.016147 0.053557
-0.041597 -0.022825 0.054769
-0.040527 -0.022746 0.056424
-0.040824 -0.010467 0.050013
-0.041393 -0.016411 0.051981
-0.042282 -0.022874 0.053082
-0.040697 -0.016376 0.051357
-0.041204 -0.022789 0.052363
-0.042008 -0.030731 0.052663
-0.043323 -0.030909 0.053580
-0.042913 -0.031042 0.055372
-0.043888 -0.040334 0.053493
-0.043733 -0.040536 0.055377
-0.042986 -0.040669 0.057332
-0.042014 -0.031047 0.057200
-0.041995 -0.040747 0.059336
-0.040918 -0.031075 0.059135
-0.039207 -0.022605 0.058265
-0.039611 -0.031171 0.061135
-0.037687 -0.022516 0.060175
-0.038133 -0.031339 0.063147
-0.036049 -0.022644 0.062140
-0.036136 -0.031799 0.064992
-0.033774 -0.023255 0.064423
-0.033213 -0.032598 0.065631
-0.030692 -0.024568 0.065534
-0.026926 -0.017363 0.065408
-0.021392 -0.011191 0.065337
-0.026965 -0.026253 0.065731
-0.023185 -0.019685 0.065731
-0.021189 -0.028724 0.065810
-0.017701 -0.022871 0.065806
-0.013807 -0.031388 0.065830
-0.010722 -0.025922 0.065829
-0.006986 -0.033686 0.065834
-0.004260 -0.028382 0.065834
-0.000940 -0.022419 0.065832
0.001529 -0.031026 0.065835
0.005148 -0.024784 0.065834
0.009437 -0.017551 0.065830
0.002059 -0.015481 0.065823
0.013091 -0.010237 0.065808
0.003648 -0.008472 0.065777
0.015699 -0.004394 0.065696
0.004447 -0.002903 0.065644
-0.005583 -0.003661 0.065506
0.004587 0.001912 0.064377
-0.006919 0.000759 0.064048
-0.014065 -0.006406 0.065473
0.004166 0.005994 0.061931
-0.008433 0.004805 0.061473
0.002825 0.011053 0.058833
-0.009947 0.009796 0.058370
0.001339 0.016398 0.055772
0.015727 0.010111 0.058390
0.012993 0.016323 0.054880
0.010901 0.022336 0.051647
0.021391 0.015662 0.053358
0.019044 0.021984 0.049857
0.017766 0.028238 0.046551
0.023937 0.021477 0.048240
0.023324 0.027580 0.044314
0.023634 0.033693 0.040443
0.026712 0.026809 0.042531
0.027715 0.032403 0.037764
0.029526 0.038141 0.032839
0.030268 0.030910 0.035544
0.032341 0.035947 0.029305
0.032097 0.029334 0.033682
0.033850 0.033748 0.026603
0.033512 0.027638 0.032119
0.034666 0.031460 0.024756
0.033927 0.025838 0.030935
0.034871 0.029014 0.023458
0.035999 0.031965 0.014808
0.033671 0.026973 0.022599
0.034780 0.029117 0.014086
0.035405 0.030147 0.005348
0.036841 0.033780 0.005359
0.035402 0.030172 -0.002976
0.036780 0.033739 -0.003797
0.034857 0.029216 -0.010809
0.035990 0.032116 -0.011886
0.036158 0.035260 -0.013492
0.035031 0.029475 -0.019246
0.034816 0.031927 -0.020534
0.034083 0.034369 -0.022360
0.033699 0.028445 -0.027324
0.032494 0.030256 -0.028839
0.030830 0.031942 -0.030686
0.032755 0.036660 -0.024830
0.028431 0.033595 -0.032891
0.030273 0.039024 -0.028177
0.024551 0.035219 -0.035665
0.025713 0.041353 -0.032247
0.026736 0.047967 -0.029679
0.018877 0.043118 -0.036364
0.019417 0.049938 -0.034540
0.019956 0.057042 -0.033231
0.027473 0.055036 -0.027795
0.010760 0.051078 -0.038285
0.011305 0.058198 -0.037227
0.011894 0.065521 -0.036607
0.001849 0.058778 -0.039418
0.002556 0.066082 -0.039041
0.003259 0.073035 -0.038998
-0.007203 0.066291 -0.039297
-0.006463 0.073218 -0.039448
-0.005890 0.078744 -0.039903
-0.016197 0.073155 -0.037782
-0.015684 0.078611 -0.038358
-0.015306 0.082748 -0.038972
-0.025026 0.078467 -0.034715
-0.024739 0.082767 -0.035372
-0.024592 0.085278 -0.035853
-0.033267 0.082566 -0.029761
-0.033195 0.085178 -0.030226
-0.032745 0.087085 -0.030203
-0.040457 0.085071 -0.022737
-0.039977 0.087085 -0.022765
-0.040404 0.087466 -0.023101
-0.045461 0.087085 -0.013721
-0.045877 0.087485 -0.013943
-0.046048 0.090993 -0.014194
-0.048832 0.087509 -0.003647
-0.048856 0.090882 -0.003847
-0.048402 0.094085 -0.003984
-0.048892 0.090880 0.006872
-0.048477 0.094085 0.006624
-0.040031 0.094085 0.005182
-0.046013 0.094085 0.016982
-0.038249 0.094085 0.013831
-0.030606 0.094085 0.010891
-0.031659 0.094085 0.003903
-0.022693 0.094085 0.008096
-0.023059 0.094085 0.002610
-0.015545 0.094085 0.005892
-0.015617 0.094085 0.001364
-0.014568 0.094085 -0.002927
-0.009881 0.094085 0.000293
-0.009485 0.094085 -0.003862
-0.009570 0.094085 -0.008254
-0.005311 0.094085 -0.009356
-0.006359 0.094085 -0.015867
-0.010876 0.094085 -0.014525
-0.004934 0.094085 -0.004639
0.000253 0.094085 -0.004955
-0.000405 0.094085 -0.009720
-0.004772 0.094085 -0.000491
0.000734 0.094085 -0.000820
0.006779 0.094085 -0.000851
0.005919 0.094085 -0.004935
-0.004506 0.094085 0.003405
0.000907 0.094085 0.002911
0.007121 0.094085 0.003085
0.014376 0.094085 0.004244
0.014097 0.094085 -0.000608
0.000970 0.094085 0.006576
0.006793 0.094085 0.006667
0.013690 0.094085 0.008959
0.020709 0.094085 0.012292
0.022376 0.094085 0.005991
0.017708 0.094085 0.018211
0.023501 0.094085 0.023303
0.027694 0.094085 0.015720
0.012867 0.094085 0.023619
0.016975 0.094085 0.029696
0.021749 0.094085 0.036708
0.029806 0.094085 0.028771
0.006369 0.094085 0.027587
0.008800 0.094085 0.034483
0.011683 0.094085 0.042419
0.011443 0.090969 0.042272
0.021518 0.091069 0.036654
-0.000433 0.094085 0.037187
0.000280 0.094085 0.045314
0.000100 0.091010 0.045026
-0.000209 0.087424 0.044234
0.010910 0.087434 0.041544
-0.011636 0.094085 0.045082
-0.011724 0.090978 0.044765
-0.011739 0.087419 0.043857
-0.011664 0.087085 0.043262
-0.000298 0.087085 0.043651
-0.023020 0.090982 0.041327
-0.022641 0.087427 0.040559
-0.022449 0.087085 0.039983
-0.022583 0.085365 0.040169
-0.011750 0.085407 0.043494
-0.032304 0.087435 0.034692
-0.031914 0.087085 0.034247
-0.032134 0.085270 0.034457
-0.031978 0.082935 0.034225
-0.022491 0.083178 0.039874
-0.039645 0.087085 0.026543
-0.039955 0.085134 0.026743
-0.039797 0.082541 0.026615
-0.039656 0.078634 0.026499
-0.031812 0.079062 0.033919
-0.045711 0.085124 0.017501
-0.045626 0.082304 0.017537
-0.045565 0.078220 0.017604
-0.045576 0.072364 0.017739
-0.039609 0.073158 0.026470
-0.048903 0.082260 0.007320
-0.048907 0.077791 0.007526
-0.049025 0.071697 0.007805
-0.049133 0.064578 0.008166
-0.045688 0.065297 0.018055
-0.049076 0.077674 -0.002984
-0.049286 0.071492 -0.002635
-0.049510 0.064313 -0.002274
-0.049732 0.056647 -0.001974
-0.049255 0.056949 0.008566
-0.046438 0.071762 -0.012615
-0.046850 0.064514 -0.012284
-0.047265 0.056779 -0.012099
-0.047642 0.048836 -0.012085
-0.049960 0.048762 -0.001736
-0.041674 0.064968 -0.021088
-0.042332 0.057194 -0.021026
-0.042933 0.049226 -0.021230
-0.043473 0.041109 -0.021689
-0.047982 0.040853 -0.012209
-0.035435 0.057749 -0.028310
-0.036266 0.049842 -0.028662
-0.037053 0.041769 -0.029346
-0.037911 0.033514 -0.030451
-0.044005 0.032936 -0.022429
-0.028011 0.050541 -0.034287
-0.028915 0.042729 -0.035159
-0.029821 0.034831 -0.036494
-0.019495 0.043637 -0.039193
-0.020224 0.036192 -0.040695
-0.020852 0.028968 -0.042786
-0.021332 0.022041 -0.045454
-0.009938 0.037110 -0.042959
-0.010254 0.030197 -0.045165
-0.010382 0.023549 -0.047907
-0.010338 0.017166 -0.050997
-0.021615 0.015244 -0.048604
0.000409 0.030745 -0.045533
0.000751 0.024241 -0.048346
0.001358 0.018058 -0.051509
0.002126 0.012231 -0.054795
-0.010176 0.011040 -0.054293
0.011064 0.024257 -0.047246
0.012182 0.017999 -0.050637
0.013810 0.011807 -0.054227
0.015297 0.005795 -0.057855
0.002752 0.006681 -0.058163
0.020501 0.017509 -0.049022
0.023054 0.010787 -0.052821
0.025128 0.017045 -0.047599
0.027685 0.010320 -0.051380
0.027949 0.016673 -0.046449
0.030215 0.010082 -0.050266
0.033711 0.002882 -0.053456
0.032323 0.009849 -0.049085
0.035432 0.003022 -0.052026
0.038555 -0.003026 -0.053795
0.037090 -0.003266 -0.055356
0.041634 -0.008749 -0.054976
0.040123 -0.008854 -0.056710
0.044362 -0.016355 -0.057831
0.042756 -0.016691 -0.059781
0.045658 -0.016035 -0.055849
0.049980 -0.024843 -0.056181
0.048814 -0.025169 -0.058359
0.042871 -0.008694 -0.053321
0.046708 -0.015858 -0.053945
0.050851 -0.024561 -0.054145
0.053809 -0.034844 -0.053878
0.052942 -0.035078 -0.055924
0.047440 -0.015779 -0.052103
0.051399 -0.024408 -0.052175
0.054269 -0.034619 -0.051899
0.054905 -0.046019 -0.051405
0.054499 -0.046191 -0.053439
0.051291 -0.024430 -0.050278
0.054384 -0.034459 -0.050232
0.054580 -0.045770 -0.049558
0.052153 -0.057367 -0.049453
0.052776 -0.057794 -0.050984
0.052514 -0.034591 -0.049362
0.052831 -0.045486 -0.049342
0.050435 -0.056644 -0.049343
0.045323 -0.066985 -0.049334
0.046910 -0.068142 -0.049397
0.050765 -0.045210 -0.049324
0.048484 -0.055862 -0.049324
0.043529 -0.065729 -0.049324
0.036591 -0.074034 -0.049323
0.038080 -0.075706 -0.049332
0.046258 -0.054968 -0.049322
0.041566 -0.064336 -0.049322
0.034863 -0.072118 -0.049322
0.026892 -0.078048 -0.049322
0.028118 -0.080315 -0.049323
0.039055 -0.062524 -0.049322
0.032534 -0.069601 -0.049322
0.024959 -0.074733 -0.049322
0.016921 -0.078036 -0.049322
0.017964 -0.081927 -0.049322
0.029126 -0.065581 -0.049322
0.022257 -0.069777 -0.049322
0.015263 -0.072504 -0.049322
0.008435 -0.079731 -0.049322
0.018380 -0.062578 -0.049322
0.012359 -0.064774 -0.049322
0.014103 -0.054930 -0.049322
0.008343 -0.057247 -0.049322
0.003728 -0.050508 -0.049322
-0.002280 -0.054488 -0.049322
0.009919 -0.047632 -0.049322
0.006518 -0.040953 -0.049322
-0.000185 -0.044169 -0.049322
0.019823 -0.052519 -0.049322
0.016065 -0.045417 -0.049322
0.013385 -0.038641 -0.049322
0.011185 -0.031650 -0.049322
0.003920 -0.033967 -0.049322
0.020413 -0.036911 -0.049322
0.018605 -0.030024 -0.049322
0.016744 -0.022545 -0.049322
0.009146 -0.024012 -0.049322
0.027806 -0.035770 -0.049322
0.026256 -0.028931 -0.049322
0.024461 -0.021641 -0.049322
0.022770 -0.014032 -0.049316
0.015173 -0.014529 -0.049318
0.033756 -0.028151 -0.049322
0.031487 -0.020846 -0.049321
0.029163 -0.013597 -0.049310
0.027166 -0.006614 -0.049261
0.021578 -0.006538 -0.049272
0.036748 -0.019898 -0.049319
0.033907 -0.012856 -0.049295
0.031530 -0.006240 -0.049213
0.029872 0.000077 -0.048341
0.026108 -0.000035 -0.048768
0.036729 -0.012048 -0.049274
0.034131 -0.005659 -0.049090
0.032175 0.000529 -0.047929
0.030571 0.006351 -0.045074
0.028526 0.006125 -0.045647
0.036173 -0.005002 -0.048920
0.034112 0.001013 -0.047458
0.032432 0.006643 -0.044406
0.030911 0.011547 -0.040202
0.029029 0.011209 -0.040719
0.035853 0.001417 -0.046914
0.034058 0.007053 -0.044029
0.032476 0.012337 -0.040336
0.031397 0.016633 -0.035731
0.029758 0.015413 -0.035365
0.035318 0.007933 -0.044645
0.033655 0.013421 -0.041076
0.032666 0.017988 -0.036512
0.032448 0.021592 -0.031232
0.031031 0.020026 -0.030401
0.034439 0.014508 -0.041963
0.033691 0.019272 -0.037432
0.033625 0.023143 -0.032201
0.034046 0.026486 -0.026130
0.032886 0.024716 -0.025201
0.032831 0.020455 -0.038608
0.032984 0.024725 -0.033369
0.031193 0.021344 -0.039752
0.031401 0.026044 -0.034665
0.029196 0.022104 -0.041003
0.029491 0.027249 -0.036126
0.026847 0.022741 -0.042285
0.027111 0.028305 -0.037673
0.023810 0.023290 -0.043681
0.023732 0.029289 -0.039588
0.018927 0.023846 -0.045404
0.018312 0.030143 -0.041923
0.018358 0.036542 -0.038851
0.010360 0.030700 -0.044222
0.010086 0.037312 -0.041658
0.010313 0.044115 -0.039700
0.000381 0.037491 -0.043220
0.000685 0.044435 -0.041503
0.001209 0.051550 -0.040254
-0.009434 0.044245 -0.041340
-0.008769 0.051537 -0.040210
-0.008011 0.058912 -0.039519
-0.018673 0.051162 -0.038177
-0.017804 0.058714 -0.037593
-0.016931 0.066205 -0.037469
-0.027088 0.058288 -0.033816
-0.026193 0.065900 -0.033763
-0.025473 0.072924 -0.034113
-0.034594 0.065467 -0.028298
-0.033899 0.072601 -0.028614
-0.033490 0.078270 -0.029150
-0.041063 0.072208 -0.021397
-0.040704 0.078101 -0.021853
-0.040507 0.082250 -0.022345
-0.046159 0.077889 -0.013031
-0.046011 0.082147 -0.013414
-0.045934 0.085088 -0.013683
-0.048997 0.082201 -0.003274
-0.048905 0.085148 -0.003454
-0.048416 0.087087 -0.003552
-0.048859 0.085165 0.007185
-0.048398 0.087087 0.007047
-0.048822 0.087509 0.007081
-0.045351 0.087085 0.017305
-0.045793 0.087484 0.017477
-0.046151 0.090986 0.017314
-0.040119 0.087466 0.026826
-0.040762 0.091160 0.026909
-0.040883 0.094085 0.026739
-0.032961 0.091102 0.035188
-0.033151 0.094085 0.035277
-0.028205 0.094085 0.029316
-0.034435 0.094085 0.022056
-0.023195 0.094085 0.023317
-0.027722 0.094085 0.017465
-0.021060 0.094085 0.013246
-0.014515 0.094085 0.009830
-0.008891 0.094085 0.008066
-0.009773 0.094085 0.004376
-0.004039 0.094085 0.007196
-0.003495 0.094085 0.011018
-0.002818 0.094085 0.015610
-0.001881 0.094085 0.022531
-0.001042 0.094085 0.029776
-0.008956 0.094085 0.029835
-0.010280 0.094085 0.037523
-0.016708 0.094085 0.027732
-0.019911 0.094085 0.034772
-0.023096 0.094085 0.041610
0.030167 0.016282 -0.045334
0.032061 0.015815 -0.044183
0.034039 0.009592 -0.047906
0.033572 0.015294 -0.043098
0.035400 0.009330 -0.046781
0.037968 0.003074 -0.049363
0.036836 0.003076 -0.050670
0.040804 -0.002809 -0.050855
0.039786 -0.002897 -0.052303
0.043831 -0.008658 -0.051710
0.040882 -0.003108 -0.049278
0.043824 -0.008956 -0.049931
0.047429 -0.015894 -0.050198
0.042494 -0.009699 -0.049127
0.046009 -0.016510 -0.049332
0.049794 -0.024826 -0.049372
0.044115 -0.017301 -0.049307
0.047735 -0.025357 -0.049323
0.050307 -0.034799 -0.049325
0.045546 -0.025924 -0.049322
0.048024 -0.034984 -0.049322
0.048430 -0.044861 -0.049322
0.045386 -0.035091 -0.049322
0.045789 -0.044365 -0.049322
0.043685 -0.053858 -0.049322
0.041627 -0.043552 -0.049322
0.039663 -0.052021 -0.049322
0.035228 -0.059671 -0.049322
0.024430 -0.059497 -0.049322
0.041290 -0.035275 -0.049322
0.035443 -0.035373 -0.049322
0.039428 -0.027413 -0.049322
0.043174 -0.026598 -0.049322
0.039984 -0.018983 -0.049316
0.042137 -0.018144 -0.049311
0.038815 -0.011267 -0.049259
0.040729 -0.010479 -0.049222
0.038033 -0.004395 -0.048565
0.039749 -0.003757 -0.048371
0.037447 0.002040 -0.046935
0.038296 0.002758 -0.048015
0.036094 0.008873 -0.045654
0.033834 0.027321 -0.018304
0.032035 0.025161 -0.017463
0.031285 0.022881 -0.024345
0.029785 0.022728 -0.016774
0.029314 0.020930 -0.023671
0.029239 0.018453 -0.029792
0.026703 0.019441 -0.023454
0.027023 0.017469 -0.029799
0.027843 0.014766 -0.035522
0.024176 0.016270 -0.030086
0.025361 0.014259 -0.035937
0.026926 0.011044 -0.041299
0.021836 0.013877 -0.036804
0.023629 0.010888 -0.042113
0.025129 0.006076 -0.046207
0.019221 0.010660 -0.043097
0.020500 0.006238 -0.046892
0.021145 0.000396 -0.048909
0.013451 0.005880 -0.047725
0.013844 0.000244 -0.049134
0.014222 -0.006596 -0.049288
0.005116 -0.001014 -0.049223
0.006007 -0.007656 -0.049303
0.007353 -0.015651 -0.049321
-0.002178 -0.009652 -0.049310
-0.000435 -0.017718 -0.049322
0.001617 -0.026185 -0.049322
-0.008027 -0.020487 -0.049322
-0.005746 -0.029053 -0.049322
-0.003309 -0.036996 -0.049322
-0.012941 -0.032437 -0.049322
-0.010346 -0.040564 -0.049322
-0.006834 -0.048099 -0.049322
-0.017289 -0.044451 -0.049322
-0.013202 -0.052355 -0.049322
-0.008164 -0.059212 -0.049322
-0.019837 -0.057060 -0.049322
-0.013981 -0.064630 -0.049322
-0.025089 -0.060973 -0.049322
-0.018511 -0.069168 -0.049322
-0.010230 -0.075243 -0.049322
-0.021569 -0.072448 -0.049322
-0.012369 -0.079011 -0.049322
-0.002072 -0.082719 -0.049322
-0.000988 -0.079003 -0.049322
0.008279 -0.083549 -0.049322
-0.002725 -0.085270 -0.049322
0.008257 -0.086251 -0.049322
0.018606 -0.084446 -0.049323
0.008289 -0.088613 -0.049327
0.019238 -0.086788 -0.049330
0.029225 -0.082389 -0.049330
0.019785 -0.088854 -0.049386
0.030238 -0.084274 -0.049397
0.039414 -0.077262 -0.049399
0.030814 -0.085434 -0.050435
0.040173 -0.078254 -0.050485
0.047692 -0.068853 -0.050636
0.039905 -0.078208 -0.052488
0.047366 -0.068884 -0.052654
0.052427 -0.057911 -0.053023
0.046705 -0.068696 -0.054758
0.051629 -0.057886 -0.055035
0.053692 -0.046338 -0.055439
0.050566 -0.057756 -0.057101
0.052591 -0.046440 -0.057509
0.051761 -0.035348 -0.058037
0.051141 -0.046505 -0.059592
0.050221 -0.035658 -0.060098
0.047239 -0.025598 -0.060400
0.048270 -0.036048 -0.061865
0.045277 -0.026246 -0.061953
0.040746 -0.017273 -0.061578
0.042507 -0.027305 -0.062373
0.038024 -0.018866 -0.062353
0.039303 -0.028550 -0.062450
0.034627 -0.021007 -0.062454
0.028405 -0.014835 -0.062456
0.028785 -0.024811 -0.062479
0.022896 -0.020339 -0.062479
0.015861 -0.017689 -0.062477
0.020485 -0.010879 -0.062450
0.008363 -0.016489 -0.062474
0.011118 -0.009054 -0.062442
0.013310 -0.003322 -0.062300
0.002505 -0.009420 -0.062429
0.002951 -0.003276 -0.062292
0.003121 0.002154 -0.060869
0.015513 0.001179 -0.060756
-0.007565 0.000343 -0.060805
-0.009668 0.004959 -0.057800
0.000994 -0.016786 -0.062472
-0.001673 -0.023494 -0.062478
-0.008995 -0.023150 -0.062474
0.005139 -0.023712 -0.062479
0.002176 -0.030299 -0.062480
-0.004424 -0.029652 -0.062480
0.011520 -0.024640 -0.062480
0.008013 -0.031275 -0.062481
0.017258 -0.026556 -0.062480
0.012991 -0.032747 -0.062481
0.010567 -0.038842 -0.062481
0.005633 -0.037459 -0.062481
-0.000097 -0.036308 -0.062481
0.004237 -0.042964 -0.062481
-0.001375 -0.041919 -0.062481
-0.007618 -0.041516 -0.062481
-0.006578 -0.035576 -0.062480
-0.015076 -0.041813 -0.062479
-0.014236 -0.035135 -0.062477
-0.011987 -0.028890 -0.062476
-0.022553 -0.034596 -0.062464
-0.020272 -0.027348 -0.062455
-0.016945 -0.021237 -0.062449
-0.026693 -0.025412 -0.062371
-0.023137 -0.018320 -0.062342
-0.030811 -0.024007 -0.062153
-0.027546 -0.016045 -0.061714
-0.033906 -0.023150 -0.060923
-0.030945 -0.014779 -0.059463
-0.036063 -0.022819 -0.058852
-0.033708 -0.014285 -0.057002
-0.037668 -0.022850 -0.056995
-0.035992 -0.014429 -0.054871
-0.034833 -0.007553 -0.052440
-0.034299 -0.001733 -0.049654
-0.037717 -0.015047 -0.053239
-0.036997 -0.008346 -0.050723
-0.036911 -0.002739 -0.047651
-0.037561 0.002780 -0.043514
-0.034762 0.004283 -0.045757
-0.038605 -0.009174 -0.049378
-0.038585 -0.003642 -0.046263
-0.039207 0.001515 -0.042029
-0.040798 0.006130 -0.036547
-0.039797 -0.004484 -0.045131
-0.040408 0.000257 -0.040846
-0.041876 0.004216 -0.035369
-0.044179 0.006618 -0.028501
-0.043492 0.009195 -0.029567
-0.041283 -0.000974 -0.039793
-0.042579 0.002329 -0.034404
-0.044566 0.004122 -0.027720
-0.046593 0.004537 -0.019675
-0.046544 0.007293 -0.020115
-0.042724 0.000423 -0.033577
-0.044132 0.001812 -0.027105
-0.045390 0.002331 -0.019213
-0.046288 0.002373 -0.010177
-0.048038 0.004207 -0.010379
-0.042478 0.000385 -0.026796
-0.043797 0.000626 -0.018969
-0.044568 0.000749 -0.010050
-0.044999 0.000854 -0.000565
-0.046763 0.002383 -0.000561
-0.041520 0.000559 -0.018892
-0.042463 0.000455 -0.009972
-0.042889 0.000382 -0.000558
-0.042733 0.000414 0.009054
-0.044864 0.000882 0.009162
-0.040195 0.000760 -0.009896
-0.040578 0.000700 -0.000565
-0.040376 0.000732 0.008926
-0.039663 0.000841 0.018303
-0.041966 0.000504 0.018449
-0.038100 0.001099 -0.000581
-0.037909 0.001128 0.008820
-0.037193 0.001244 0.018203
-0.036015 0.001434 0.027360
-0.038434 0.001021 0.027281
-0.034935 0.001639 0.008734
-0.034153 0.001789 0.018100
-0.032935 0.002009 0.027556
-0.032184 0.002115 0.036165
-0.035165 0.001526 0.035777
-0.029395 0.002999 0.018061
-0.028552 0.003224 0.027722
-0.027970 0.003373 0.036320
-0.028021 0.003278 0.043298
-0.032204 0.002110 0.043219
-0.023142 0.004880 0.027779
-0.022730 0.005000 0.036380
-0.022526 0.004990 0.043066
-0.021939 0.003566 0.048761
-0.027903 0.001553 0.049280
-0.015620 0.007051 0.036087
-0.015150 0.007150 0.042453
-0.014379 0.005961 0.048165
-0.012992 0.001849 0.051812
-0.020488 -0.000749 0.052078
-0.006810 0.009185 0.041889
-0.005914 0.008158 0.047597
-0.004659 0.004297 0.051519
-0.003278 -0.001424 0.052567
-0.011325 -0.003864 0.052581
0.002991 0.010163 0.046932
0.004298 0.006586 0.050979
0.005220 0.000852 0.052504
0.006089 -0.006264 0.052651
-0.001858 -0.008170 0.052659
0.013146 0.007987 0.049802
0.013888 0.002262 0.052233
0.014026 -0.005113 0.052629
0.014648 -0.013946 0.052672
0.007194 -0.014940 0.052675
0.020901 0.002860 0.051819
0.021148 -0.004733 0.052606
0.021846 -0.013393 0.052669
0.023231 -0.022741 0.052676
0.015851 -0.023472 0.052676
0.026456 -0.004675 0.052579
0.028087 -0.012961 0.052662
0.030287 -0.021814 0.052676
0.032413 -0.030823 0.052677
0.024689 -0.031919 0.052677
0.032983 -0.011985 0.052648
0.035965 -0.020499 0.052675
0.038948 -0.029602 0.052677
0.041046 -0.038990 0.052677
0.034068 -0.039747 0.052677
0.039722 -0.019267 0.052672
0.043326 -0.028527 0.052677
0.045631 -0.038652 0.052677
0.045586 -0.049450 0.052677
0.045955 -0.027688 0.052676
0.048412 -0.038430 0.052677
0.048048 -0.050109 0.052677
0.043889 -0.061867 0.052677
0.041844 -0.060355 0.052677
0.050729 -0.038227 0.052679
0.050344 -0.050676 0.052681
0.045930 -0.063235 0.052682
0.037329 -0.073905 0.052679
0.035723 -0.071934 0.052677
0.052519 -0.051226 0.052717
0.047821 -0.064529 0.052720
0.038845 -0.075782 0.052699
0.027064 -0.083768 0.052694
0.026076 -0.081336 0.052678
0.049463 -0.065720 0.053558
0.040047 -0.077377 0.052815
0.027842 -0.085816 0.052772
0.013933 -0.090146 0.052761
0.013790 -0.087832 0.052687
0.040246 -0.078000 0.055019
0.028030 -0.086845 0.054561
0.013867 -0.091533 0.054187
-0.000680 -0.091820 0.053986
-0.000216 -0.090324 0.052677
0.027578 -0.086605 0.056950
0.013533 -0.091257 0.056535
-0.000887 -0.091572 0.056247
-0.014011 -0.087907 0.056096
-0.013981 -0.088216 0.053967
0.013109 -0.090410 0.058866
-0.000996 -0.090690 0.058554
-0.013857 -0.087058 0.058372
-0.024548 -0.080483 0.058484
-0.024921 -0.081186 0.056219
-0.001121 -0.089467 0.060820
-0.013615 -0.085927 0.060701
-0.023921 -0.079486 0.060770
-0.031870 -0.071077 0.060945
-0.032799 -0.071788 0.058734
-0.013243 -0.084489 0.062924
-0.023119 -0.078261 0.062932
-0.030732 -0.070201 0.063049
-0.035957 -0.060854 0.063237
-0.037344 -0.061365 0.061179
-0.022068 -0.076697 0.064938
-0.029284 -0.069080 0.064963
-0.034207 -0.060195 0.065029
-0.036894 -0.050652 0.065204
-0.038813 -0.050855 0.063524
-0.027101 -0.067365 0.065673
-0.031600 -0.059137 0.065680
-0.034040 -0.050264 0.065699
-0.034423 -0.041241 0.065670
-0.037303 -0.040980 0.065181
-0.028508 -0.057919 0.065768
-0.030785 -0.049844 0.065769
-0.031128 -0.041550 0.065758
-0.029732 -0.033544 0.065748
-0.025499 -0.049192 0.065815
-0.025390 -0.042088 0.065815
-0.023856 -0.035157 0.065814
-0.017392 -0.042893 0.065832
-0.016062 -0.037053 0.065831
-0.010263 -0.044075 0.065835
-0.008980 -0.038871 0.065835
-0.004152 -0.045470 0.065835
-0.002798 -0.040740 0.065835
-0.000994 -0.036141 0.065835
0.002964 -0.043213 0.065835
0.004422 -0.039281 0.065835
0.006443 -0.034426 0.065835
0.010496 -0.028068 0.065835
0.010475 -0.042956 0.065835
0.010007 -0.047651 0.065835
0.017587 -0.051670 0.065835
0.019121 -0.045636 0.065835
0.025862 -0.055616 0.065835
0.028355 -0.047616 0.065835
0.028300 -0.039878 0.065835
0.036609 -0.049279 0.065830
0.036959 -0.039227 0.065830
0.034603 -0.029501 0.065829
0.026104 -0.032591 0.065835
0.029446 -0.020648 0.065828
0.021906 -0.026220 0.065835
0.022074 -0.014087 0.065822
0.016161 -0.021131 0.065833
0.040029 -0.027585 0.065791
0.042775 -0.038752 0.065794
0.046738 -0.038486 0.065688
0.043689 -0.026376 0.065668
0.049693 -0.038273 0.064425
0.046611 -0.025688 0.064443
0.051519 -0.038154 0.062255
0.048522 -0.025475 0.062317
0.043114 -0.014619 0.061291
0.049979 -0.025355 0.060003
0.044747 -0.014672 0.059347
0.039999 -0.005848 0.057875
0.038328 -0.005599 0.059344
0.036714 0.000632 0.056073
0.035084 0.000625 0.057462
0.033484 0.007466 0.053493
0.031511 0.007739 0.054610
0.028932 0.008058 0.055780
0.028631 0.014684 0.050999
0.025930 0.015080 0.052063
0.024920 0.008519 0.057097
0.017832 0.004219 0.061793
0.017890 0.000182 0.064354
0.026986 0.020985 0.046958
0.030797 0.014279 0.049923
0.029344 0.020409 0.045737
0.029186 0.025922 0.041010
0.031342 0.019728 0.044555
0.031192 0.024834 0.039561
0.032949 0.018941 0.043445
0.032833 0.023626 0.038293
0.033924 0.017890 0.042320
0.033617 0.022211 0.037159
0.032934 0.016615 0.041435
0.032469 0.020666 0.036180
0.032747 0.024060 0.029990
0.031057 0.019119 0.035379
0.031234 0.022306 0.029164
0.031903 0.024855 0.021855
0.029323 0.020381 0.028537
0.029697 0.022429 0.021309
0.030074 0.023508 0.013431
0.032604 0.026410 0.013649
0.030203 0.023808 0.005587
0.032936 0.026966 0.005452
0.030188 0.023798 -0.002063
0.032944 0.026974 -0.002440
0.030115 0.023573 -0.009497
0.032682 0.026517 -0.010021
0.026620 0.021315 -0.001803
0.026653 0.021153 -0.009245
0.026673 0.020654 -0.016505
0.022320 0.019222 -0.009134
0.022684 0.018873 -0.016532
0.023245 0.017936 -0.023648
0.017613 0.016791 -0.016873
0.018814 0.016051 -0.024332
0.020244 0.014921 -0.030869
0.013300 0.013828 -0.025504
0.015072 0.013759 -0.032319
0.017269 0.013341 -0.038112
0.008663 0.012434 -0.034049
0.010626 0.012344 -0.039734
0.012304 0.010116 -0.044404
0.002011 0.010872 -0.040837
0.003352 0.008846 -0.045531
0.004375 0.004656 -0.048480
-0.005959 0.006893 -0.045974
-0.004808 0.002549 -0.048701
-0.003559 -0.003001 -0.049240
-0.013295 0.000164 -0.048893
-0.011780 -0.005549 -0.049261
-0.010073 -0.012296 -0.049314
-0.019329 -0.008196 -0.049277
-0.017421 -0.015340 -0.049318
-0.015247 -0.023843 -0.049322
-0.023623 -0.018484 -0.049320
-0.022044 -0.027262 -0.049322
-0.020009 -0.036017 -0.049322
-0.028046 -0.029932 -0.049322
-0.026788 -0.039304 -0.049322
-0.024153 -0.048459 -0.049322
-0.031932 -0.041443 -0.049322
-0.029593 -0.051452 -0.049322
-0.035711 -0.042516 -0.049322
-0.033421 -0.053231 -0.049322
-0.028687 -0.063523 -0.049322
-0.036109 -0.054278 -0.049322
-0.031110 -0.065143 -0.049322
-0.023456 -0.074502 -0.049322
-0.033127 -0.066541 -0.049322
-0.025090 -0.076276 -0.049322
-0.014800 -0.083522 -0.049322
-0.013656 -0.081381 -0.049322
-0.003278 -0.087579 -0.049322
-0.015853 -0.085430 -0.049322
-0.003796 -0.089766 -0.049322
0.008323 -0.090819 -0.049331
-0.004168 -0.091312 -0.050300
0.008338 -0.092281 -0.050388
0.020100 -0.090139 -0.050387
0.008253 -0.092069 -0.052358
0.019961 -0.089972 -0.052365
0.030622 -0.085314 -0.052395
0.019713 -0.089351 -0.054468
0.030226 -0.084846 -0.054535
0.039325 -0.077831 -0.054601
0.029623 -0.084042 -0.056628
0.038530 -0.077235 -0.056653
0.045745 -0.068325 -0.056834
0.037560 -0.076464 -0.058660
0.044586 -0.067835 -0.058825
0.049253 -0.057538 -0.059106
0.043107 -0.067150 -0.060801
0.047599 -0.057223 -0.061064
0.049301 -0.046538 -0.061475
0.045069 -0.056644 -0.062309
0.046552 -0.046501 -0.062339
0.045533 -0.036567 -0.062377
0.042798 -0.046382 -0.062439
0.042063 -0.037147 -0.062447
0.037155 -0.046279 -0.062475
0.036356 -0.038212 -0.062476
0.033443 -0.030906 -0.062477
0.029196 -0.046114 -0.062480
0.028341 -0.052942 -0.062480
0.020696 -0.051821 -0.062481
0.021642 -0.045900 -0.062481
0.035948 -0.054409 -0.062474
0.032988 -0.062177 -0.062471
0.026054 -0.059372 -0.062480
0.041290 -0.055681 -0.062440
0.037505 -0.064364 -0.062429
0.031859 -0.071615 -0.062434
0.040940 -0.066080 -0.062185
0.034641 -0.073987 -0.062189
0.026772 -0.079828 -0.062146
0.024952 -0.077018 -0.062426
0.036361 -0.075473 -0.060642
0.028017 -0.081735 -0.060622
0.018455 -0.085765 -0.060638
0.017765 -0.083584 -0.062220
0.028897 -0.083018 -0.058672
0.018944 -0.087215 -0.058681
0.008031 -0.089227 -0.058670
0.007928 -0.087613 -0.060671
0.019367 -0.088423 -0.056579
0.008125 -0.090517 -0.056549
-0.003869 -0.089571 -0.056335
-0.003625 -0.088384 -0.058436
0.008217 -0.091498 -0.054454
-0.004055 -0.090521 -0.054275
-0.016290 -0.086301 -0.054118
-0.015820 -0.085481 -0.056191
-0.004185 -0.091133 -0.052251
-0.016608 -0.086817 -0.052074
-0.027624 -0.079117 -0.052017
-0.027196 -0.078757 -0.054067
-0.016675 -0.086914 -0.050174
-0.027769 -0.079186 -0.049850
-0.036276 -0.068719 -0.050197
-0.036201 -0.068761 -0.052234
-0.026550 -0.077872 -0.049322
-0.034921 -0.067771 -0.049322
-0.040444 -0.055865 -0.049327
-0.041731 -0.056391 -0.050390
-0.038469 -0.055153 -0.049323
-0.040652 -0.043388 -0.049326
-0.042719 -0.043713 -0.049366
-0.038298 -0.043019 -0.049322
-0.038274 -0.032526 -0.049315
-0.040472 -0.032753 -0.049311
-0.035867 -0.032234 -0.049319
-0.035301 -0.023131 -0.049285
-0.037530 -0.023387 -0.049276
-0.032703 -0.031580 -0.049321
-0.032782 -0.022523 -0.049300
-0.032990 -0.014786 -0.049212
-0.035172 -0.015517 -0.049095
-0.028621 -0.021013 -0.049315
-0.029522 -0.013298 -0.049276
-0.031223 -0.006849 -0.049094
-0.034320 -0.008265 -0.048815
-0.025277 -0.010926 -0.049304
-0.026982 -0.004807 -0.049157
-0.028255 0.000294 -0.047105
-0.032585 -0.001391 -0.046884
-0.020979 -0.002435 -0.049042
-0.022318 0.002309 -0.046836
-0.022960 0.004680 -0.042031
-0.028549 0.002926 -0.042085
-0.014673 0.004702 -0.046364
-0.015447 0.006915 -0.041624
-0.015796 0.007006 -0.036016
-0.023025 0.004898 -0.036100
-0.006877 0.008962 -0.041294
-0.007546 0.009063 -0.035710
-0.008367 0.008892 -0.028587
-0.016188 0.006899 -0.028809
0.000810 0.010855 -0.035028
-0.000553 0.010614 -0.028044
-0.001991 0.010354 -0.019290
-0.009356 0.008672 -0.019575
0.006684 0.012141 -0.026927
0.005011 0.012041 -0.018335
0.003917 0.012098 -0.009741
-0.003001 0.010170 -0.010071
0.011597 0.014428 -0.017499
0.010564 0.014524 -0.009415
0.010066 0.014464 -0.001325
0.003451 0.012040 -0.001249
0.016744 0.016928 -0.009194
0.016324 0.016899 -0.001441
0.016396 0.016914 0.006367
0.010154 0.014481 0.006782
0.022068 0.019270 -0.001599
0.022103 0.019273 0.006022
0.022377 0.019191 0.013759
0.016945 0.016937 0.014262
0.026620 0.021313 0.005774
0.026655 0.021113 0.013494
0.026717 0.020474 0.021185
0.022798 0.018737 0.021457
0.023487 0.017568 0.028771
0.019297 0.015714 0.029681
0.017928 0.016700 0.022149
0.026813 0.019058 0.028445
0.027205 0.016738 0.034929
0.024529 0.015690 0.035287
0.029322 0.017668 0.034872
0.030112 0.014224 0.040434
0.028186 0.013634 0.040744
0.031686 0.015306 0.040677
0.033057 0.010396 0.045192
0.031475 0.009721 0.045291
0.034125 0.011469 0.045851
0.036169 0.005386 0.049093
0.034792 0.004522 0.048831
0.034911 0.012517 0.046656
0.036880 0.006345 0.050068
0.039523 -0.000175 0.052089
0.038585 -0.001068 0.051077
0.034109 0.013313 0.047790
0.036371 0.006895 0.051225
0.039264 0.000346 0.053465
0.042615 -0.006369 0.054851
0.042793 -0.006917 0.053122
0.035076 0.007180 0.052358
0.038077 0.000520 0.054803
0.041431 -0.006135 0.056401
0.046044 -0.014787 0.057441
0.046983 -0.014930 0.055525
0.051760 -0.025279 0.055734
0.051899 -0.025437 0.053638
0.047221 -0.015250 0.053551
0.051033 -0.025282 0.057838
0.053948 -0.037941 0.057840
0.054618 -0.037871 0.055706
0.052915 -0.038060 0.060028
0.052355 -0.051867 0.059957
0.053372 -0.051921 0.057821
0.051026 -0.051723 0.062117
0.046326 -0.065031 0.062005
0.047567 -0.065486 0.059838
0.049314 -0.051495 0.064279
0.044804 -0.064410 0.064082
0.036389 -0.075492 0.063956
0.037699 -0.076478 0.061869
0.046527 -0.051071 0.065672
0.042281 -0.063305 0.065649
0.034329 -0.073818 0.065606
0.023573 -0.081454 0.065528
0.025018 -0.083489 0.063723
0.038479 -0.061561 0.065797
0.031294 -0.071285 0.065795
0.021515 -0.078388 0.065787
0.010230 -0.082211 0.065776
0.011264 -0.085670 0.065362
0.027254 -0.067815 0.065828
0.018775 -0.074348 0.065825
0.008920 -0.077942 0.065811
-0.001310 -0.078384 0.065781
-0.001275 -0.082502 0.065670
0.014287 -0.067872 0.065833
0.006494 -0.071098 0.065828
-0.001726 -0.071934 0.065820
-0.009261 -0.070437 0.065817
-0.010764 -0.076012 0.065776
-0.007589 -0.062825 0.065830
-0.006303 -0.055815 0.065834
-0.005243 -0.050333 0.065835
-0.010882 -0.049323 0.065834
-0.017647 -0.048769 0.065831
0.001352 -0.047235 0.065835
0.007585 -0.051565 0.065835
0.014029 -0.057177 0.065835
0.020928 -0.062640 0.065835
0.033298 -0.059111 0.065829
0.042386 -0.050325 0.065796
-0.018524 -0.071399 0.065770
-0.020434 -0.074325 0.065683
-0.011749 -0.079623 0.065683
-0.012694 -0.082596 0.064939
-0.001288 -0.085863 0.065024
-0.001221 -0.087945 0.063010
0.012003 -0.087729 0.063345
0.012598 -0.089238 0.061148
0.026047 -0.084836 0.061522
0.026900 -0.085867 0.059226
0.038813 -0.077264 0.059600
0.039683 -0.077806 0.057389
0.048543 -0.065785 0.057686
0.049206 -0.065884 0.055496
0.054026 -0.051882 0.055679
0.054259 -0.051746 0.053694
0.054828 -0.037844 0.053683
0.052994 -0.038015 0.052705
0.050281 -0.026132 0.052700
0.048162 -0.026920 0.052677
0.043966 -0.017257 0.052662
0.045872 -0.016193 0.052673
0.039891 -0.008870 0.052491
0.041592 -0.007894 0.052309
0.036970 -0.001844 0.051348
0.037961 -0.009866 0.052588
0.035169 -0.002554 0.051914
0.033142 0.004023 0.049403
0.033188 -0.003401 0.052207
0.031292 0.003531 0.050119
0.029613 0.009398 0.045991
0.029096 0.003040 0.050711
0.027598 0.009148 0.046659
0.025925 0.013319 0.041329
0.024387 0.008927 0.047473
0.022610 0.012942 0.042413
0.020799 0.014754 0.036309
0.018225 0.012492 0.043703
0.015864 0.013796 0.037879
0.014014 0.013680 0.031285
0.009636 0.012552 0.039801
0.007610 0.012295 0.033141
0.005652 0.012082 0.024833
0.012079 0.014337 0.023272
0.004263 0.012113 0.015860
0.010821 0.014533 0.014981
0.003552 0.012060 0.007251
-0.002609 0.010247 0.016744
-0.003314 0.010107 0.007715
-0.003439 0.010081 -0.001181
-0.010332 0.008443 0.008100
-0.010449 0.008415 -0.001069
-0.010123 0.008492 -0.010248
-0.017495 0.006554 -0.000933
-0.017255 0.006614 -0.010205
-0.016747 0.006752 -0.019616
-0.024060 0.004606 -0.010053
-0.023581 0.004750 -0.019446
-0.023170 0.004873 -0.028663
-0.029130 0.003066 -0.019094
-0.028438 0.003244 -0.028251
-0.028192 0.003292 -0.035860
-0.032664 0.002095 -0.027723
-0.032271 0.002092 -0.035431
-0.032689 0.001660 -0.041756
-0.035293 0.001494 -0.034844
-0.035803 0.000610 -0.040992
-0.035723 -0.002856 -0.045876
-0.037610 -0.000343 -0.040268
-0.037428 -0.003975 -0.045016
-0.036277 -0.009163 -0.048112
-0.038705 -0.004751 -0.044290
-0.037880 -0.009901 -0.047435
-0.037314 -0.016008 -0.048884
-0.039415 -0.010452 -0.046772
-0.039193 -0.016367 -0.048645
-0.039609 -0.023607 -0.049226
-0.040858 -0.016716 -0.048029
-0.041526 -0.023768 -0.049040
-0.042493 -0.032915 -0.049341
-0.042349 -0.023705 -0.049984
-0.043504 -0.032933 -0.050540
-0.043757 -0.043912 -0.050520
-0.043018 -0.032885 -0.052440
-0.043534 -0.043947 -0.052551
-0.041618 -0.056462 -0.052438
-0.042761 -0.043893 -0.054567
-0.040962 -0.056291 -0.054507
-0.035701 -0.068498 -0.054314
-0.039966 -0.056012 -0.056648
-0.034843 -0.067998 -0.056461
-0.026541 -0.078124 -0.056215
-0.033689 -0.067325 -0.058632
-0.025646 -0.077224 -0.058464
-0.015241 -0.084410 -0.058328
-0.024495 -0.076103 -0.060571
-0.014474 -0.083020 -0.060446
-0.003298 -0.086824 -0.060524
-0.013309 -0.080916 -0.062107
-0.002800 -0.084552 -0.062124
0.007817 -0.085255 -0.062137
-0.002023 -0.081305 -0.062364
0.007764 -0.082016 -0.062407
0.016903 -0.080469 -0.062429
0.007768 -0.078056 -0.062452
-0.000951 -0.077351 -0.062439
0.001060 -0.070277 -0.062471
0.008255 -0.070971 -0.062475
0.003888 -0.062577 -0.062478
0.010035 -0.063335 -0.062479
0.006456 -0.055759 -0.062480
0.012300 -0.056719 -0.062481
0.018755 -0.057683 -0.062481
0.014103 -0.050864 -0.062481
0.008283 -0.049771 -0.062481
0.009479 -0.044304 -0.062481
0.015162 -0.045285 -0.062481
0.003082 -0.048267 -0.062481
0.001188 -0.054206 -0.062480
-0.001944 -0.060938 -0.062479
-0.005991 -0.068073 -0.062471
-0.012622 -0.064042 -0.062472
-0.018350 -0.058137 -0.062471
-0.009662 -0.074377 -0.062442
-0.017744 -0.069137 -0.062441
-0.024328 -0.061719 -0.062438
-0.028568 -0.052699 -0.062434
-0.021864 -0.050625 -0.062471
-0.020550 -0.072033 -0.062374
-0.027541 -0.063664 -0.062374
-0.031965 -0.053710 -0.062383
-0.033639 -0.043284 -0.062355
-0.030142 -0.043069 -0.062421
-0.030182 -0.065258 -0.062144
-0.034810 -0.054527 -0.062178
-0.036611 -0.043400 -0.062126
-0.036112 -0.032779 -0.061799
-0.033028 -0.033230 -0.062293
-0.037074 -0.055175 -0.060870
-0.038910 -0.043504 -0.060850
-0.038092 -0.032591 -0.060204
-0.040457 -0.043634 -0.058840
-0.039587 -0.032619 -0.058237
-0.041744 -0.043790 -0.056672
-0.040920 -0.032722 -0.056228
-0.039156 -0.023049 -0.055151
-0.042049 -0.032818 -0.054295
-0.040473 -0.023315 -0.053392
-0.039219 -0.015642 -0.051788
-0.041598 -0.023551 -0.051732
-0.040464 -0.016143 -0.050386
-0.039789 -0.009859 -0.048214
-0.041363 -0.016574 -0.048801
-0.040732 -0.010562 -0.046909
-0.040711 -0.005401 -0.043970
-0.040634 -0.010909 -0.046191
-0.040856 -0.006029 -0.043149
-0.041622 -0.002099 -0.038928
-0.039897 -0.005685 -0.043434
-0.040642 -0.002107 -0.038932
-0.041390 -0.000167 -0.033452
-0.039194 -0.001193 -0.039652
-0.039486 0.000591 -0.033927
-0.040279 0.000687 -0.026871
-0.037439 0.001072 -0.034265
-0.038068 0.001063 -0.027032
-0.039234 0.000904 -0.018823
-0.035778 0.001466 -0.027272
-0.036832 0.001304 -0.018797
-0.037750 0.001150 -0.009851
-0.033767 0.001875 -0.018865
-0.034718 0.001662 -0.009840
-0.035145 0.001614 -0.000610
-0.029811 0.002859 -0.009898
-0.030156 0.002754 -0.000674
-0.029983 0.002801 0.008626
-0.024280 0.004546 -0.000791
-0.024162 0.004577 0.008524
-0.023740 0.004710 0.018039
-0.017376 0.006585 0.008364
-0.016902 0.006707 0.017883
-0.016227 0.006897 0.027636
-0.009730 0.008583 0.017490
-0.008716 0.008820 0.027095
-0.007653 0.009051 0.035457
-0.001309 0.010481 0.026128
0.000249 0.010768 0.034551
0.001661 0.010974 0.041246
0.011655 0.011591 0.045502
0.019922 0.008692 0.048507
0.025622 0.002909 0.051259
0.030623 -0.004210 0.052459
0.035957 -0.010899 0.052603
0.041944 -0.018260 0.052668
-0.038668 -0.055635 -0.058791
-0.032242 -0.066482 -0.060733
-0.022810 -0.074399 -0.062090
-0.011716 -0.077972 -0.062381
-0.029328 -0.033688 -0.062402
-0.023276 -0.042572 -0.062468
-0.024363 -0.065275 0.065764
0.032629 0.013814 0.048828
-0.039313 -0.040865 0.063482
-0.040792 -0.040804 0.061428
-0.040310 -0.051022 0.061402
-0.041480 -0.051121 0.059290
-0.038474 -0.061756 0.059060
-0.042381 -0.051139 0.057193
-0.039363 -0.062030 0.056919
-0.033449 -0.072286 0.056516
-0.039763 -0.062048 0.054600
-0.033728 -0.072503 0.054274
-0.025033 -0.081488 0.054053
-0.032971 -0.071885 0.052677
-0.024253 -0.080573 0.052677
-0.013257 -0.086950 0.052677
-0.022889 -0.078880 0.052677
-0.012214 -0.084940 0.052677
0.000309 -0.088074 0.052677
-0.011063 -0.082699 0.052677
0.000843 -0.085613 0.052677
0.013585 -0.085265 0.052677
0.001419 -0.082780 0.052677
0.013323 -0.082386 0.052677
0.025031 -0.078745 0.052677
0.012978 -0.077857 0.052677
0.023688 -0.075017 0.052677
0.033795 -0.069303 0.052677
0.022089 -0.069141 0.052677
0.012633 -0.071071 0.052677
0.012355 -0.062095 0.052677
0.020491 -0.060636 0.052677
0.011990 -0.052494 0.052677
0.019372 -0.051326 0.052677
0.011206 -0.042967 0.052677
0.018337 -0.042049 0.052677
0.025887 -0.040890 0.052677
0.017188 -0.032872 0.052677
0.010057 -0.033773 0.052677
0.008616 -0.024415 0.052677
0.003201 -0.034718 0.052677
0.001546 -0.025742 0.052677
-0.000242 -0.016453 0.052676
-0.005432 -0.027546 0.052677
-0.007513 -0.018662 0.052676
-0.009526 -0.010532 0.052663
-0.014547 -0.021425 0.052676
-0.016734 -0.013325 0.052668
-0.018739 -0.006520 0.052601
-0.022904 -0.016388 0.052672
-0.024825 -0.009262 0.052650
-0.026687 -0.003225 0.052406
-0.029112 -0.011803 0.052637
-0.031005 -0.005534 0.052400
-0.032301 -0.000207 0.049390
-0.034080 -0.007316 0.052112
-0.035450 -0.001900 0.048741
-0.035392 0.001223 0.042820
-0.037297 -0.003168 0.047913
-0.037412 0.000270 0.042370
-0.037420 0.001125 0.035434
-0.039065 -0.000497 0.041908
-0.039498 0.000728 0.035170
-0.040714 0.000649 0.027301
-0.041483 0.000156 0.034989
-0.042960 0.000451 0.027454
-0.044198 0.000724 0.018626
-0.044566 0.002018 0.027881
-0.045796 0.002376 0.018899
-0.046571 0.002389 0.009275
-0.047322 0.004544 0.019354
-0.048471 0.004213 0.009428
-0.048700 0.004168 -0.000591
-0.048982 0.007355 0.009613
-0.049322 0.007349 -0.000656
-0.048422 0.007281 -0.010625
-0.049692 0.010695 -0.000750
-0.048639 0.010621 -0.011117
-0.046378 0.010308 -0.020843
-0.048744 0.014130 -0.011694
-0.050013 0.014296 -0.000874
-0.050318 0.019796 -0.001048
-0.048752 0.019354 -0.012309
-0.050398 0.026023 -0.001209
-0.048603 0.025633 -0.012595
-0.050305 0.033204 -0.001348
-0.048313 0.032996 -0.012454
-0.050150 0.040894 -0.001510
-0.049643 0.033451 0.010106
-0.049513 0.041206 0.009582
-0.049389 0.049092 0.009043
-0.046131 0.041845 0.020065
-0.046006 0.049833 0.019200
-0.045861 0.057685 0.018538
-0.040207 0.050883 0.027935
-0.039959 0.058692 0.027165
-0.039730 0.066247 0.026678
-0.032048 0.059791 0.034032
-0.031812 0.067220 0.033672
-0.031725 0.073879 0.033667
-0.022434 0.068117 0.038804
-0.022347 0.074554 0.039016
-0.022389 0.079478 0.039443
-0.011890 0.075117 0.042236
-0.011792 0.079865 0.042716
-0.011763 0.083225 0.043152
-0.000624 0.080177 0.043314
-0.000456 0.083313 0.043620
-0.000332 0.085414 0.043902
0.010542 0.083411 0.041117
0.010730 0.085444 0.041313
0.010661 0.087085 0.041023
0.020622 0.085474 0.035987
0.020479 0.087085 0.035727
0.020814 0.087432 0.036170
0.028515 0.087085 0.028333
0.028947 0.087458 0.028686
0.029655 0.091093 0.028882
0.034936 0.087483 0.019725
0.035422 0.091009 0.019661
0.035410 0.094085 0.019436
0.038766 0.090811 0.009802
0.038458 0.094085 0.009604
0.029988 0.094085 0.007720
0.039099 0.094085 -0.000142
0.030520 0.094085 -0.000170
0.022108 0.094085 -0.000314
0.029237 0.094085 -0.007652
0.020763 0.094085 -0.006181
0.012738 0.094085 -0.005222
0.018400 0.094085 -0.011169
0.010650 0.094085 -0.009447
0.004743 0.094085 -0.009485
0.003923 0.094085 -0.015005
-0.001254 0.094085 -0.016067
-0.002019 0.094085 -0.024189
-0.008436 0.094085 -0.024287
0.004032 0.094085 -0.022663
0.004976 0.094085 -0.031860
-0.002881 0.094085 -0.033363
-0.003852 0.094085 -0.042266
-0.011122 0.094085 -0.032885
0.006101 0.094085 -0.040915
0.005664 0.091019 -0.040738
0.015194 0.094085 -0.037467
0.014800 0.091007 -0.037417
0.014107 0.087438 -0.036813
0.023124 0.094085 -0.032250
0.022821 0.091113 -0.032267
0.022082 0.087433 -0.031844
0.021681 0.087085 -0.031450
0.029456 0.091122 -0.025782
0.028742 0.087457 -0.025576
0.028312 0.087085 -0.025222
0.028494 0.085163 -0.025496
0.033974 0.087473 -0.018182
0.033537 0.087085 -0.017893
0.033811 0.085142 -0.018110
0.033680 0.081896 -0.018115
0.037245 0.087085 -0.009501
0.037623 0.085102 -0.009628
0.037554 0.081733 -0.009650
0.039456 0.085070 -0.000139
0.039418 0.081763 -0.000145
0.038506 0.085201 0.009890
0.038452 0.082146 0.009913
0.038410 0.077502 0.010007
0.034688 0.082700 0.019706
0.034579 0.078539 0.019792
0.028565 0.083170 0.028551
0.028353 0.079330 0.028597
0.028127 0.074125 0.028861
0.020073 0.079808 0.035809
0.019742 0.075086 0.035832
0.019346 0.068731 0.036130
0.009927 0.075475 0.040753
0.009530 0.069256 0.040748
0.009079 0.062372 0.041031
-0.001191 0.069241 0.042727
-0.001537 0.062262 0.042831
-0.001854 0.055162 0.043375
-0.012332 0.061717 0.042063
-0.012611 0.054459 0.042624
-0.012828 0.047244 0.043624
-0.022970 0.053385 0.039655
-0.023251 0.045921 0.040704
-0.023474 0.038490 0.042192
-0.032654 0.044355 0.035835
-0.032969 0.036441 0.037330
-0.040392 0.042898 0.028996
-0.040551 0.034719 0.030458
-0.046276 0.033819 0.021101
-0.049739 0.026129 0.010517
-0.049711 0.019740 0.010630
-0.049510 0.014337 0.010312
-0.049279 0.010627 0.009931
-0.047380 0.010526 0.020588
-0.044317 0.009681 0.030649
-0.047407 0.007358 0.019821
-0.044888 0.006965 0.029445
-0.042443 0.004810 0.037088
-0.041459 0.006856 0.038298
-0.045217 0.004356 0.028607
-0.043124 0.002807 0.036084
-0.041601 -0.000360 0.041923
-0.040810 0.001001 0.042944
-0.043104 0.000832 0.035268
-0.041810 -0.001523 0.041130
-0.040743 -0.005523 0.046001
-0.040872 -0.004989 0.046698
-0.040629 -0.001468 0.041222
-0.039819 -0.005078 0.046367
-0.039196 -0.010088 0.050027
-0.040478 -0.010679 0.049447
-0.038547 -0.004094 0.047111
-0.037652 -0.009369 0.050635
-0.037000 -0.015342 0.052223
-0.038899 -0.015889 0.051912
-0.036129 -0.008469 0.051436
-0.034828 -0.014670 0.052425
-0.034746 -0.021709 0.052630
-0.037064 -0.022178 0.052610
-0.032500 -0.013668 0.052550
-0.032025 -0.020838 0.052651
-0.031798 -0.028954 0.052674
-0.035191 -0.029789 0.052672
-0.027794 -0.019056 0.052668
-0.027066 -0.027189 0.052676
-0.025826 -0.035390 0.052677
-0.031198 -0.037560 0.052677
-0.021145 -0.024520 0.052676
-0.019242 -0.032528 0.052677
-0.017012 -0.039890 0.052677
-0.023709 -0.043146 0.052677
-0.012367 -0.029787 0.052677
-0.010214 -0.037430 0.052677
-0.003522 -0.035845 0.052677
-0.002040 -0.043983 0.052677
-0.001825 -0.052638 0.052677
0.004423 -0.043585 0.052677
0.004942 -0.052963 0.052677
0.004453 -0.062359 0.052677
-0.003051 -0.061731 0.052677
0.003395 -0.071310 0.052677
-0.005528 -0.069699 0.052677
-0.013794 -0.066297 0.052677
-0.020686 -0.060828 0.052677
-0.007934 -0.075982 0.052677
-0.017124 -0.071484 0.052677
-0.024620 -0.064863 0.052677
-0.030156 -0.056804 0.052677
-0.026123 -0.054028 0.052677
-0.019574 -0.074813 0.052677
-0.027485 -0.067414 0.052677
-0.033116 -0.058535 0.052677
-0.036485 -0.048955 0.052677
-0.033529 -0.047868 0.052677
-0.029586 -0.069141 0.052677
-0.035475 -0.059769 0.052677
-0.038925 -0.049696 0.052677
-0.040180 -0.039702 0.052678
-0.037774 -0.039276 0.052676
-0.037580 -0.060805 0.052677
-0.041189 -0.050308 0.052690
-0.042385 -0.040048 0.052718
-0.039867 -0.030449 0.052658
-0.043026 -0.050859 0.053223
-0.039198 -0.061655 0.052677
-0.042911 -0.051039 0.055112
-0.031445 -0.070628 0.052677
-0.021317 -0.076966 0.052677
-0.009777 -0.080111 0.052677
0.002270 -0.078134 0.052677
-0.039149 -0.022509 0.052577
-0.037589 -0.030155 0.052665
-0.035096 -0.038706 0.052676
-0.029448 -0.046069 0.052677
-0.032348 0.052130 0.034744
-0.022670 0.060838 0.039017
-0.012066 0.068829 0.041950
-0.000876 0.075451 0.042953
0.010252 0.080142 0.040915
0.020404 0.083413 0.035886
0.028747 0.085411 0.028576
0.034780 0.085334 0.019691
0.034470 0.087085 0.019503
0.038102 0.087085 0.009787
0.038552 0.087495 0.009884
0.039007 0.087084 -0.000070
0.039456 0.087532 -0.000116
0.039544 0.090776 -0.000130
0.037699 0.087492 -0.009629
0.037959 0.090876 -0.009642
0.037737 0.094085 -0.009458
0.034510 0.091081 -0.018180
0.034539 0.094085 -0.018002
0.026764 0.094085 -0.014406
0.029616 0.094085 -0.025663
-0.014724 0.094085 -0.022915
</float_array>
          <technique_common>
            <accessor source="#arm_r_link4-POSITION-array" count="1871" stride="3">
              <param name="X" type="float"/>
              <param name="Y" type="float"/>
              <param name="Z" type="float"/>
            </accessor>
          </technique_common>
        </source>
        <source id="arm_r_link4-Normal0">
          <float_array id="arm_r_link4-Normal0-array" count="33642">
-0.519504 0.413198 0.747919
-0.526311 0.416400 0.741356
-0.633173 0.380534 0.674007
-0.633173 0.380534 0.674007
-0.630351 0.359385 0.688114
-0.519504 0.413198 0.747919
-0.519504 0.413198 0.747919
-0.371430 0.404691 0.835622
-0.252631 0.404964 0.878739
-0.252631 0.404964 0.878739
-0.331017 0.445449 0.831867
-0.519504 0.413198 0.747919
-0.519504 0.413198 0.747919
-0.331017 0.445449 0.831867
-0.356940 0.453960 0.816403
-0.356940 0.453960 0.816403
-0.526311 0.416400 0.741356
-0.519504 0.413198 0.747919
-0.519504 0.413198 0.747919
-0.627183 0.354929 0.693302
-0.460545 0.317956 0.828735
-0.460545 0.317956 0.828735
-0.371430 0.404691 0.835622
-0.519504 0.413198 0.747919
-0.519504 0.413198 0.747919
-0.630351 0.359385 0.688114
-0.681701 0.328399 0.653787
-0.681701 0.328399 0.653787
-0.627183 0.354929 0.693302
-0.519504 0.413198 0.747919
0.312536 0.409123 0.857286
0.122377 0.172273 0.977418
0.061262 0.080859 0.994841
0.061262 0.080859 0.994841
0.309373 0.277123 0.909666
0.312536 0.409123 0.857286
0.312536 0.409123 0.857286
0.309373 0.277123 0.909666
0.567289 0.407474 0.715645
0.567289 0.407474 0.715645
0.502833 0.474002 0.722829
0.312536 0.409123 0.857286
0.312536 0.409123 0.857286
0.502833 0.474002 0.722829
0.444985 0.518377 0.730255
0.444985 0.518377 0.730255
0.303076 0.516040 0.801154
0.312536 0.409123 0.857286
-0.818945 0.204066 0.536364
-0.791982 0.175140 0.584885
-0.923247 0.081120 0.375546
-0.923247 0.081120 0.375546
-0.937093 0.027687 0.347981
-0.818945 0.204066 0.536364
-0.818945 0.204066 0.536364
-0.620828 0.295105 0.726282
-0.606225 0.250660 0.754759
-0.606225 0.250660 0.754759
-0.791982 0.175140 0.584885
-0.818945 0.204066 0.536364
-0.818945 0.204066 0.536364
-0.730369 0.306775 0.610287
-0.591061 0.356392 0.723624
-0.591061 0.356392 0.723624
-0.620828 0.295105 0.726282
-0.818945 0.204066 0.536364
-0.818945 0.204066 0.536364
-0.937093 0.027687 0.347981
-0.954528 0.006245 0.298055
-0.954528 0.006245 0.298055
-0.906931 0.171601 0.384746
-0.818945 0.204066 0.536364
-0.818945 0.204066 0.536364
-0.906931 0.171601 0.384746
-0.825227 0.229254 0.516181
-0.825227 0.229254 0.516181
-0.730369 0.306775 0.610287
-0.818945 0.204066 0.536364
0.994260 -0.087496 0.061569
0.997404 -0.070402 -0.015102
0.973058 0.002308 0.230550
0.973058 0.002308 0.230550
0.961140 -0.039074 0.273284
0.994260 -0.087496 0.061569
0.994260 -0.087496 0.061569
0.994643 -0.057162 -0.086125
0.969135 -0.010012 -0.246327
0.969135 -0.010012 -0.246327
0.997404 -0.070402 -0.015102
0.994260 -0.087496 0.061569
0.994260 -0.087496 0.061569
0.977008 -0.006534 0.213103
0.985831 -0.095190 0.138113
0.985831 -0.095190 0.138113
0.988903 -0.145782 0.028600
0.994260 -0.087496 0.061569
0.994260 -0.087496 0.061569
0.961140 -0.039074 0.273284
0.931690 0.045913 0.360341
0.931690 0.045913 0.360341
0.977008 -0.006534 0.213103
0.994260 -0.087496 0.061569
0.994260 -0.087496 0.061569
0.988903 -0.145782 0.028600
0.988630 -0.140567 -0.053392
0.988630 -0.140567 -0.053392
0.994643 -0.057162 -0.086125
0.994260 -0.087496 0.061569
-0.000001 -0.000000 -1.000000
-0.000000 -0.000000 -1.000000
-0.000001 -0.000001 -1.000000
-0.000001 -0.000001 -1.000000
-0.000001 -0.000000 -1.000000
-0.000001 -0.000000 -1.000000
-0.000001 -0.000000 -1.000000
-0.000001 -0.000000 -1.000000
-0.000001 -0.000000 -1.000000
-0.000001 -0.000000 -1.000000
-0.000000 -0.000000 -1.000000
-0.000001 -0.000000 -1.000000
-0.000001 -0.000000 -1.000000
-0.000001 -0.000000 -1.000000
-0.000001 0.000000 -1.000000
-0.000001 0.000000 -1.000000
-0.000001 -0.000000 -1.000000
-0.000001 -0.000000 -1.000000
0.000000 -0.000000 -1.000000
0.000001 -0.000000 -1.000000
0.000000 0.000000 -1.000000
0.000000 0.000000 -1.000000
0.000001 -0.000001 -1.000000
0.000000 -0.000000 -1.000000
0.000000 -0.000000 -1.000000
0.000001 -0.000001 -1.000000
0.000001 -0.000000 -1.000000
0.000001 -0.000000 -1.000000
0.000001 0.000000 -1.000000
0.000000 -0.000000 -1.000000
0.000000 -0.000000 -1.000000
0.000001 0.000000 -1.000000
0.000000 -0.000000 -1.000000
0.000000 -0.000000 -1.000000
0.000001 -0.000000 -1.000000
0.000000 -0.000000 -1.000000
-0.005083 0.009371 0.999943
-0.006069 0.007243 0.999955
-0.001333 0.002279 0.999997
-0.001333 0.002279 0.999997
-0.001311 0.007386 0.999972
-0.005083 0.009371 0.999943
-0.005083 0.009371 0.999943
-0.016912 0.032995 0.999312
-0.033180 0.036954 0.998766
-0.033180 0.036954 0.998766
-0.006069 0.007243 0.999955
-0.005083 0.009371 0.999943
-0.005083 0.009371 0.999943
-0.001311 0.007386 0.999972
-0.005908 0.030338 0.999522
-0.005908 0.030338 0.999522
-0.016912 0.032995 0.999312
-0.005083 0.009371 0.999943
-0.001502 -0.001153 0.999998
-0.005447 -0.004083 0.999977
-0.003823 -0.004339 0.999983
-0.003823 -0.004339 0.999983
-0.000847 -0.001119 0.999999
-0.001502 -0.001153 0.999998
-0.001502 -0.001153 0.999998
-0.001329 -0.000560 0.999999
-0.005723 -0.002360 0.999981
-0.005723 -0.002360 0.999981
-0.005447 -0.004083 0.999977
-0.001502 -0.001153 0.999998
-0.001502 -0.001153 0.999998
-0.000847 -0.001119 0.999999
-0.000449 -0.000359 1.000000
-0.000449 -0.000359 1.000000
-0.001329 -0.000560 0.999999
-0.001502 -0.001153 0.999998
0.000014 0.000011 1.000000
0.000001 0.000027 1.000000
-0.000003 0.000001 1.000000
-0.000003 0.000001 1.000000
0.000012 0.000003 1.000000
0.000014 0.000011 1.000000
-0.000072 -0.000260 1.000000
-0.000226 -0.000698 1.000000
-0.000138 -0.000287 1.000000
-0.000138 -0.000287 1.000000
-0.000028 -0.000101 1.000000
-0.000072 -0.000260 1.000000
-0.000072 -0.000260 1.000000
-0.000028 -0.000101 1.000000
-0.000005 -0.000082 1.000000
-0.000005 -0.000082 1.000000
-0.000093 -0.000269 1.000000
-0.000072 -0.000260 1.000000
-0.000072 -0.000260 1.000000
-0.000093 -0.000269 1.000000
-0.000255 -0.000994 0.999999
-0.000255 -0.000994 0.999999
-0.000226 -0.000698 1.000000
-0.000072 -0.000260 1.000000
0.290940 0.455629 -0.841282
0.273613 0.533116 -0.800577
0.390951 0.530907 -0.751861
0.390951 0.530907 -0.751861
0.466484 0.481135 -0.742228
0.290940 0.455629 -0.841282
0.290940 0.455629 -0.841282
0.466484 0.481135 -0.742228
0.543237 0.470880 -0.695102
0.543237 0.470880 -0.695102
0.400673 0.430134 -0.808978
0.290940 0.455629 -0.841282
0.290940 0.455629 -0.841282
0.400673 0.430134 -0.808978
0.147396 0.190134 -0.970631
0.147396 0.190134 -0.970631
0.099811 0.260544 -0.960289
0.290940 0.455629 -0.841282
-0.786081 0.232999 -0.572528
-0.732543 0.203533 -0.649581
-0.553491 0.281666 -0.783780
-0.553491 0.281666 -0.783780
-0.577914 0.332086 -0.745476
-0.786081 0.232999 -0.572528
-0.786081 0.232999 -0.572528
-0.577914 0.332086 -0.745476
-0.547379 0.387856 -0.741582
-0.547379 0.387856 -0.741582
-0.696899 0.336439 -0.633357
-0.786081 0.232999 -0.572528
-0.786081 0.232999 -0.572528
-0.920175 0.060807 -0.386755
-0.894687 0.103738 -0.434481
-0.894687 0.103738 -0.434481
-0.732543 0.203533 -0.649581
-0.786081 0.232999 -0.572528
-0.786081 0.232999 -0.572528
-0.696899 0.336439 -0.633357
-0.805546 0.264998 -0.529974
-0.805546 0.264998 -0.529974
-0.888326 0.185298 -0.420169
-0.786081 0.232999 -0.572528
-0.786081 0.232999 -0.572528
-0.888326 0.185298 -0.420169
-0.941628 0.044107 -0.333753
-0.941628 0.044107 -0.333753
-0.920175 0.060807 -0.386755
-0.786081 0.232999 -0.572528
0.969135 -0.010012 -0.246327
0.860091 0.055506 -0.507113
0.860106 0.049422 -0.507715
0.860106 0.049422 -0.507715
0.959789 0.013540 -0.280396
0.969135 -0.010012 -0.246327
0.969135 -0.010012 -0.246327
0.927399 0.068555 -0.367739
0.838152 0.125744 -0.530744
0.838152 0.125744 -0.530744
0.860091 0.055506 -0.507113
0.969135 -0.010012 -0.246327
0.969135 -0.010012 -0.246327
0.994643 -0.057162 -0.086125
0.971796 -0.041346 -0.232169
0.971796 -0.041346 -0.232169
0.927399 0.068555 -0.367739
0.969135 -0.010012 -0.246327
0.000001 -0.000000 1.000000
0.000001 0.000000 1.000000
0.000001 0.000000 1.000000
0.000001 0.000000 1.000000
0.000001 -0.000000 1.000000
0.000001 -0.000000 1.000000
0.000001 -0.000000 1.000000
0.000001 -0.000000 1.000000
0.000001 -0.000000 1.000000
0.000001 -0.000000 1.000000
0.000001 -0.000000 1.000000
0.000001 -0.000000 1.000000
0.000001 -0.000000 1.000000
0.000001 -0.000000 1.000000
0.000001 0.000000 1.000000
0.000001 0.000000 1.000000
0.000001 0.000000 1.000000
0.000001 -0.000000 1.000000
-0.000000 -0.000001 1.000000
-0.000000 -0.000001 1.000000
-0.000000 -0.000001 1.000000
-0.000000 -0.000001 1.000000
-0.000000 -0.000001 1.000000
-0.000000 -0.000001 1.000000
-0.000000 -0.000001 1.000000
-0.000000 -0.000001 1.000000
-0.000000 -0.000001 1.000000
-0.000000 -0.000001 1.000000
-0.000000 -0.000001 1.000000
-0.000000 -0.000001 1.000000
-0.000000 -0.000001 1.000000
-0.000000 -0.000001 1.000000
0.000000 -0.000000 1.000000
0.000000 -0.000000 1.000000
-0.000000 -0.000001 1.000000
-0.000000 -0.000001 1.000000
-0.007458 0.016851 -0.999830
-0.008264 0.009327 -0.999922
-0.086532 0.091034 -0.992081
-0.086532 0.091034 -0.992081
-0.074186 0.136706 -0.987830
-0.007458 0.016851 -0.999830
-0.007458 0.016851 -0.999830
-0.005001 0.016401 -0.999853
-0.001747 0.004035 -0.999990
-0.001747 0.004035 -0.999990
-0.008264 0.009327 -0.999922
-0.007458 0.016851 -0.999830
-0.007458 0.016851 -0.999830
-0.074186 0.136706 -0.987830
-0.043636 0.143101 -0.988746
-0.043636 0.143101 -0.988746
-0.005001 0.016401 -0.999853
-0.007458 0.016851 -0.999830
-0.000147 -0.000131 -1.000000
-0.000132 -0.000035 -1.000000
-0.000005 -0.000027 -1.000000
-0.000005 -0.000027 -1.000000
-0.000042 -0.000141 -1.000000
-0.000147 -0.000131 -1.000000
-0.000147 -0.000131 -1.000000
-0.000539 -0.000380 -1.000000
-0.000670 -0.000154 -1.000000
-0.000670 -0.000154 -1.000000
-0.000132 -0.000035 -1.000000
-0.000147 -0.000131 -1.000000
-0.000147 -0.000131 -1.000000
-0.000042 -0.000141 -1.000000
-0.000342 -0.000512 -1.000000
-0.000342 -0.000512 -1.000000
-0.000539 -0.000380 -1.000000
-0.000147 -0.000131 -1.000000
0.000016 0.000005 -1.000000
0.000001 0.000008 -1.000000
0.000108 0.000127 -1.000000
0.000108 0.000127 -1.000000
0.000207 0.000122 -1.000000
0.000016 0.000005 -1.000000
0.000016 0.000005 -1.000000
0.000207 0.000122 -1.000000
0.000287 0.000035 -1.000000
0.000287 0.000035 -1.000000
0.000020 0.000002 -1.000000
0.000016 0.000005 -1.000000
0.000016 0.000005 -1.000000
0.000020 0.000002 -1.000000
-0.000001 0.000003 -1.000000
-0.000001 0.000003 -1.000000
0.000001 0.000008 -1.000000
0.000016 0.000005 -1.000000
0.000540 -0.001322 -0.999999
0.003146 -0.005496 -0.999980
0.000814 -0.005828 -0.999983
0.000814 -0.005828 -0.999983
-0.000199 -0.001347 -0.999999
0.000540 -0.001322 -0.999999
0.000540 -0.001322 -0.999999
-0.000199 -0.001347 -0.999999
-0.000069 -0.000228 -1.000000
-0.000069 -0.000228 -1.000000
0.000597 -0.000566 -1.000000
0.000540 -0.001322 -0.999999
0.000540 -0.001322 -0.999999
0.000597 -0.000566 -1.000000
0.003672 -0.003780 -0.999986
0.003672 -0.003780 -0.999986
0.003146 -0.005496 -0.999980
0.000540 -0.001322 -0.999999
-0.375255 0.449432 -0.810675
-0.225645 0.370091 -0.901175
-0.285157 0.298253 -0.910896
-0.285157 0.298253 -0.910896
-0.474279 0.419378 -0.774068
-0.375255 0.449432 -0.810675
-0.375255 0.449432 -0.810675
-0.474279 0.419378 -0.774068
-0.551556 0.405708 -0.728826
-0.551556 0.405708 -0.728826
-0.521064 0.408796 -0.749251
-0.375255 0.449432 -0.810675
-0.375255 0.449432 -0.810675
-0.521064 0.408796 -0.749251
-0.523061 0.407981 -0.748304
-0.523061 0.407981 -0.748304
-0.359854 0.446834 -0.819051
-0.375255 0.449432 -0.810675
-0.000001 1.000000 0.000001
-0.000001 1.000000 -0.000001
-0.000002 1.000000 0.000002
-0.000002 1.000000 0.000002
-0.000002 1.000000 0.000002
-0.000001 1.000000 0.000001
-0.000001 1.000000 0.000001
-0.000000 1.000000 0.000001
0.000000 1.000000 0.000000
0.000000 1.000000 0.000000
-0.000001 1.000000 -0.000001
-0.000001 1.000000 0.000001
-0.000001 1.000000 0.000001
-0.000002 1.000000 0.000002
-0.000001 1.000000 0.000002
-0.000001 1.000000 0.000002
-0.000000 1.000000 0.000001
-0.000001 1.000000 0.000001
0.000000 1.000000 0.000000
0.000000 1.000000 0.000000
0.000000 1.000000 0.000000
0.000000 1.000000 0.000000
0.000000 1.000000 0.000000
0.000000 1.000000 0.000000
0.000000 1.000000 0.000000
0.000000 1.000000 0.000000
0.000000 1.000000 0.000000
0.000000 1.000000 0.000000
0.000000 1.000000 0.000000
0.000000 1.000000 0.000000
0.000000 1.000000 0.000000
0.000000 1.000000 0.000000
0.000000 1.000000 0.000000
0.000000 1.000000 0.000000
0.000000 1.000000 0.000000
0.000000 1.000000 0.000000
0.000000 1.000000 0.000000
0.000000 1.000000 0.000000
0.000000 1.000000 0.000000
0.000000 1.000000 0.000000
0.000000 1.000000 0.000000
0.000000 1.000000 0.000000
0.000000 1.000000 0.000000
0.000000 1.000000 0.000000
0.000000 1.000000 0.000000
0.000000 1.000000 0.000000
0.000000 1.000000 0.000000
0.000000 1.000000 0.000000
0.000000 1.000000 0.000000
0.000000 1.000000 0.000000
0.000000 1.000000 0.000000
0.000000 1.000000 0.000000
0.000000 1.000000 0.000000
0.000000 1.000000 0.000000
0.000000 1.000000 -0.000000
0.000000 1.000000 0.000000
0.000001 1.000000 0.000001
0.000001 1.000000 0.000001
0.000001 1.000000 -0.000000
0.000000 1.000000 -0.000000
0.000000 1.000000 -0.000000
0.000001 1.000000 0.000000
0.000000 1.000000 0.000000
0.000000 1.000000 0.000000
0.000000 1.000000 0.000000
0.000000 1.000000 -0.000000
0.000000 1.000000 -0.000000
0.000001 1.000000 -0.000000
0.000001 1.000000 -0.000000
0.000001 1.000000 -0.000000
0.000001 1.000000 0.000000
0.000000 1.000000 -0.000000
0.000001 1.000000 -0.000000
0.000002 1.000000 0.000000
0.000002 1.000000 0.000000
0.000002 1.000000 0.000000
0.000002 1.000000 0.000001
0.000001 1.000000 -0.000000
0.000001 1.000000 -0.000000
0.000002 1.000000 0.000001
0.000001 1.000000 0.000000
0.000001 1.000000 0.000000
0.000001 1.000000 0.000000
0.000001 1.000000 -0.000000
0.000001 1.000000 -0.000000
0.000001 1.000000 -0.000000
0.000002 1.000000 0.000001
0.000002 1.000000 0.000001
0.000002 1.000000 0.000000
0.000001 1.000000 -0.000000
0.000002 1.000000 0.000001
0.000003 1.000000 0.000002
0.000003 1.000000 0.000001
0.000003 1.000000 0.000001
0.000002 1.000000 0.000000
0.000002 1.000000 0.000001
0.000002 1.000000 0.000001
0.000001 1.000000 -0.000000
0.000001 1.000000 0.000001
0.000001 1.000000 0.000001
0.000002 1.000000 0.000002
0.000002 1.000000 0.000001
0.000002 1.000000 0.000001
0.000002 1.000000 0.000002
0.000002 1.000000 0.000003
0.000002 1.000000 0.000003
0.000003 1.000000 0.000002
0.000002 1.000000 0.000001
-0.637755 -0.056375 -0.768174
-0.638373 -0.133014 -0.758147
-0.806259 -0.076438 -0.586604
-0.806259 -0.076438 -0.586604
-0.807658 0.002973 -0.589643
-0.637755 -0.056375 -0.768174
0.000002 1.000000 0.000003
0.000002 1.000000 0.000002
0.000001 1.000000 0.000002
0.000001 1.000000 0.000002
0.000002 1.000000 0.000003
0.000002 1.000000 0.000003
-0.637755 -0.056375 -0.768174
-0.429847 -0.087683 -0.898634
-0.440254 -0.158114 -0.883842
-0.440254 -0.158114 -0.883842
-0.638373 -0.133014 -0.758147
-0.637755 -0.056375 -0.768174
-0.440254 -0.158114 -0.883842
-0.444204 -0.234562 -0.864675
-0.626882 -0.214869 -0.748900
-0.626882 -0.214869 -0.748900
-0.638373 -0.133014 -0.758147
-0.440254 -0.158114 -0.883842
-0.440254 -0.158114 -0.883842
-0.429847 -0.087683 -0.898634
-0.206506 -0.092911 -0.974024
-0.206506 -0.092911 -0.974024
-0.218392 -0.164853 -0.961836
-0.440254 -0.158114 -0.883842
-0.440254 -0.158114 -0.883842
-0.218392 -0.164853 -0.961836
-0.228362 -0.240842 -0.943317
-0.228362 -0.240842 -0.943317
-0.444204 -0.234562 -0.864675
-0.440254 -0.158114 -0.883842
-0.109216 -0.875590 -0.470546
-0.120118 -0.874913 -0.469146
-0.225516 -0.872290 -0.433882
-0.225516 -0.872290 -0.433882
-0.214039 -0.873244 -0.437758
-0.109216 -0.875590 -0.470546
-0.228362 -0.240842 -0.943317
-0.218392 -0.164853 -0.961836
0.008007 -0.163361 -0.986534
0.008007 -0.163361 -0.986534
-0.009476 -0.229946 -0.973157
-0.228362 -0.240842 -0.943317
-0.109216 -0.875590 -0.470546
0.003162 -0.871513 -0.490361
-0.006857 -0.870640 -0.491874
-0.006857 -0.870640 -0.491874
-0.120118 -0.874913 -0.469146
-0.109216 -0.875590 -0.470546
-0.003138 0.111052 -0.993810
-0.018082 -0.013363 -0.999747
-0.242118 -0.010304 -0.970192
-0.242118 -0.010304 -0.970192
-0.225989 0.122224 -0.966432
-0.003138 0.111052 -0.993810
-0.006857 -0.870640 -0.491874
0.003162 -0.871513 -0.490361
0.119582 -0.856320 -0.502410
0.119582 -0.856320 -0.502410
0.109327 -0.854692 -0.507493
-0.006857 -0.870640 -0.491874
-0.003138 0.111052 -0.993810
0.227006 0.133452 -0.964707
0.211875 0.006011 -0.977278
0.211875 0.006011 -0.977278
-0.018082 -0.013363 -0.999747
-0.003138 0.111052 -0.993810
0.211875 0.006011 -0.977278
0.197778 -0.108524 -0.974221
-0.024086 -0.120661 -0.992401
-0.024086 -0.120661 -0.992401
-0.018082 -0.013363 -0.999747
0.211875 0.006011 -0.977278
0.211875 0.006011 -0.977278
0.227006 0.133452 -0.964707
0.429977 0.142203 -0.891570
0.429977 0.142203 -0.891570
0.425839 0.020415 -0.904569
0.211875 0.006011 -0.977278
0.211875 0.006011 -0.977278
0.425839 0.020415 -0.904569
0.412693 -0.088497 -0.906561
0.412693 -0.088497 -0.906561
0.197778 -0.108524 -0.974221
0.211875 0.006011 -0.977278
0.412693 -0.088497 -0.906561
0.396982 -0.055297 -0.916159
0.187173 -0.071529 -0.979719
0.187173 -0.071529 -0.979719
0.197778 -0.108524 -0.974221
0.412693 -0.088497 -0.906561
0.412693 -0.088497 -0.906561
0.425839 0.020415 -0.904569
0.602618 0.030605 -0.797443
0.602618 0.030605 -0.797443
0.595478 -0.067799 -0.800506
0.412693 -0.088497 -0.906561
0.412693 -0.088497 -0.906561
0.595478 -0.067799 -0.800506
0.580408 -0.027476 -0.813862
0.580408 -0.027476 -0.813862
0.396982 -0.055297 -0.916159
0.412693 -0.088497 -0.906561
0.580408 -0.027476 -0.813862
0.559613 0.007528 -0.828720
0.384066 -0.011149 -0.923238
0.384066 -0.011149 -0.923238
0.396982 -0.055297 -0.916159
0.580408 -0.027476 -0.813862
0.580408 -0.027476 -0.813862
0.595478 -0.067799 -0.800506
0.740676 -0.042420 -0.670522
0.740676 -0.042420 -0.670522
0.734202 0.000990 -0.678930
0.580408 -0.027476 -0.813862
0.580408 -0.027476 -0.813862
0.734202 0.000990 -0.678930
0.721179 0.032568 -0.691983
0.721179 0.032568 -0.691983
0.559613 0.007528 -0.828720
0.580408 -0.027476 -0.813862
0.721179 0.032568 -0.691983
0.709446 0.065719 -0.701689
0.541520 0.059112 -0.838607
0.541520 0.059112 -0.838607
0.559613 0.007528 -0.828720
0.721179 0.032568 -0.691983
0.721179 0.032568 -0.691983
0.734202 0.000990 -0.678930
0.857745 0.011671 -0.513944
0.857745 0.011671 -0.513944
0.858095 0.037881 -0.512092
0.721179 0.032568 -0.691983
0.721179 0.032568 -0.691983
0.858095 0.037881 -0.512092
0.860106 0.049422 -0.507715
0.860106 0.049422 -0.507715
0.709446 0.065719 -0.701689
0.721179 0.032568 -0.691983
0.858095 0.037881 -0.512092
0.857745 0.011671 -0.513944
0.952066 0.007784 -0.305795
0.952066 0.007784 -0.305795
0.955449 0.013558 -0.294844
0.858095 0.037881 -0.512092
0.858095 0.037881 -0.512092
0.955449 0.013558 -0.294844
0.959789 0.013540 -0.280396
0.959789 0.013540 -0.280396
0.860106 0.049422 -0.507715
0.858095 0.037881 -0.512092
0.955449 0.013558 -0.294844
0.952066 0.007784 -0.305795
0.998924 -0.003828 -0.046229
0.998924 -0.003828 -0.046229
0.999069 -0.005594 -0.042775
0.955449 0.013558 -0.294844
0.955449 0.013558 -0.294844
0.999069 -0.005594 -0.042775
0.999394 -0.011787 -0.032760
0.999394 -0.011787 -0.032760
0.959789 0.013540 -0.280396
0.955449 0.013558 -0.294844
0.999394 -0.011787 -0.032760
0.997404 -0.070402 -0.015102
0.969135 -0.010012 -0.246327
0.969135 -0.010012 -0.246327
0.959789 0.013540 -0.280396
0.999394 -0.011787 -0.032760
0.999394 -0.011787 -0.032760
0.999069 -0.005594 -0.042775
0.973673 0.007982 0.227808
0.973673 0.007982 0.227808
0.974032 0.010082 0.226185
0.999394 -0.011787 -0.032760
0.999394 -0.011787 -0.032760
0.974032 0.010082 0.226185
0.973058 0.002308 0.230550
0.973058 0.002308 0.230550
0.997404 -0.070402 -0.015102
0.999394 -0.011787 -0.032760
0.974032 0.010082 0.226185
0.973673 0.007982 0.227808
0.879017 0.030741 0.475798
0.879017 0.030741 0.475798
0.877245 0.043499 0.478068
0.974032 0.010082 0.226185
0.974032 0.010082 0.226185
0.877245 0.043499 0.478068
0.865867 0.054436 0.497303
0.865867 0.054436 0.497303
0.973058 0.002308 0.230550
0.974032 0.010082 0.226185
0.865867 0.054436 0.497303
0.850799 0.063975 0.521583
0.961140 -0.039074 0.273284
0.961140 -0.039074 0.273284
0.973058 0.002308 0.230550
0.865867 0.054436 0.497303
0.865867 0.054436 0.497303
0.877245 0.043499 0.478068
0.711721 0.052902 0.700468
0.711721 0.052902 0.700468
0.699578 0.070679 0.711052
0.865867 0.054436 0.497303
0.865867 0.054436 0.497303
0.699578 0.070679 0.711052
0.673423 0.110176 0.731001
0.673423 0.110176 0.731001
0.850799 0.063975 0.521583
0.865867 0.054436 0.497303
0.673423 0.110176 0.731001
0.639008 0.178789 0.748133
0.827340 0.113244 0.550167
0.827340 0.113244 0.550167
0.850799 0.063975 0.521583
0.673423 0.110176 0.731001
0.673423 0.110176 0.731001
0.699578 0.070679 0.711052
0.496405 0.069977 0.865266
0.496405 0.069977 0.865266
0.479502 0.109179 0.870723
0.673423 0.110176 0.731001
0.673423 0.110176 0.731001
0.479502 0.109179 0.870723
0.453278 0.181824 0.872628
0.453278 0.181824 0.872628
0.639008 0.178789 0.748133
0.673423 0.110176 0.731001
0.453278 0.181824 0.872628
0.414818 0.274244 0.867592
0.603706 0.260318 0.753508
0.603706 0.260318 0.753508
0.639008 0.178789 0.748133
0.453278 0.181824 0.872628
0.453278 0.181824 0.872628
0.479502 0.109179 0.870723
0.264839 0.108378 0.958183
0.264839 0.108378 0.958183
0.251625 0.167868 0.953155
0.453278 0.181824 0.872628
0.453278 0.181824 0.872628
0.251625 0.167868 0.953155
0.226306 0.250937 0.941178
0.226306 0.250937 0.941178
0.414818 0.274244 0.867592
0.453278 0.181824 0.872628
0.226306 0.250937 0.941178
0.192240 0.338919 0.920966
0.374543 0.364536 0.852544
0.374543 0.364536 0.852544
0.414818 0.274244 0.867592
0.226306 0.250937 0.941178
0.226306 0.250937 0.941178
0.251625 0.167868 0.953155
0.029516 0.165049 0.985844
0.029516 0.165049 0.985844
0.021547 0.232381 0.972386
0.226306 0.250937 0.941178
0.226306 0.250937 0.941178
0.021547 0.232381 0.972386
0.010851 0.316805 0.948429
0.010851 0.316805 0.948429
0.192240 0.338919 0.920966
0.226306 0.250937 0.941178
0.010851 0.316805 0.948429
0.000041 0.387442 0.921894
0.167817 0.413671 0.894826
0.167817 0.413671 0.894826
0.192240 0.338919 0.920966
0.010851 0.316805 0.948429
0.010851 0.316805 0.948429
0.021547 0.232381 0.972386
-0.185496 0.229540 0.955459
-0.185496 0.229540 0.955459
-0.190602 0.302171 0.934004
0.010851 0.316805 0.948429
0.010851 0.316805 0.948429
-0.190602 0.302171 0.934004
-0.190328 0.372631 0.908252
-0.190328 0.372631 0.908252
0.000041 0.387442 0.921894
0.010851 0.316805 0.948429
-0.190328 0.372631 0.908252
-0.185342 0.422107 0.887397
-0.004673 0.441994 0.897006
-0.004673 0.441994 0.897006
0.000041 0.387442 0.921894
-0.190328 0.372631 0.908252
-0.190328 0.372631 0.908252
-0.190602 0.302171 0.934004
-0.390661 0.287478 0.874495
-0.390661 0.287478 0.874495
-0.395382 0.353255 0.847870
-0.190328 0.372631 0.908252
-0.190328 0.372631 0.908252
-0.395382 0.353255 0.847870
-0.386228 0.403104 0.829660
-0.386228 0.403104 0.829660
-0.185342 0.422107 0.887397
-0.190328 0.372631 0.908252
-0.386228 0.403104 0.829660
-0.370855 0.430126 0.823079
-0.181652 0.454743 0.871901
-0.181652 0.454743 0.871901
-0.185342 0.422107 0.887397
-0.386228 0.403104 0.829660
-0.386228 0.403104 0.829660
-0.395382 0.353255 0.847870
-0.620828 0.295105 0.726282
-0.620828 0.295105 0.726282
-0.591061 0.356392 0.723624
-0.386228 0.403104 0.829660
-0.386228 0.403104 0.829660
-0.591061 0.356392 0.723624
-0.550927 0.398964 0.733013
-0.550927 0.398964 0.733013
-0.370855 0.430126 0.823079
-0.386228 0.403104 0.829660
-0.550927 0.398964 0.733013
-0.526311 0.416400 0.741356
-0.356940 0.453960 0.816403
-0.356940 0.453960 0.816403
-0.370855 0.430126 0.823079
-0.550927 0.398964 0.733013
-0.550927 0.398964 0.733013
-0.591061 0.356392 0.723624
-0.730369 0.306775 0.610287
-0.730369 0.306775 0.610287
-0.675730 0.376243 0.633901
-0.550927 0.398964 0.733013
-0.550927 0.398964 0.733013
-0.675730 0.376243 0.633901
-0.633173 0.380534 0.674007
-0.633173 0.380534 0.674007
-0.526311 0.416400 0.741356
-0.550927 0.398964 0.733013
-0.675730 0.376243 0.633901
-0.730369 0.306775 0.610287
-0.825227 0.229254 0.516181
-0.825227 0.229254 0.516181
-0.756989 0.345388 0.554685
-0.675730 0.376243 0.633901
-0.675730 0.376243 0.633901
-0.756989 0.345388 0.554685
-0.697581 0.366792 0.615504
-0.697581 0.366792 0.615504
-0.633173 0.380534 0.674007
-0.675730 0.376243 0.633901
-0.697581 0.366792 0.615504
-0.682931 0.338293 0.647428
-0.630351 0.359385 0.688114
-0.630351 0.359385 0.688114
-0.633173 0.380534 0.674007
-0.697581 0.366792 0.615504
-0.697581 0.366792 0.615504
-0.756989 0.345388 0.554685
-0.804749 0.317548 0.501539
-0.804749 0.317548 0.501539
-0.754004 0.350949 0.555259
-0.697581 0.366792 0.615504
-0.697581 0.366792 0.615504
-0.754004 0.350949 0.555259
-0.739736 0.315366 0.594420
-0.739736 0.315366 0.594420
-0.682931 0.338293 0.647428
-0.697581 0.366792 0.615504
-0.739736 0.315366 0.594420
-0.755453 0.274714 0.594831
-0.716316 0.297790 0.631041
-0.716316 0.297790 0.631041
-0.682931 0.338293 0.647428
-0.739736 0.315366 0.594420
-0.739736 0.315366 0.594420
-0.754004 0.350949 0.555259
-0.822060 0.303563 0.481733
-0.822060 0.303563 0.481733
-0.811437 0.281273 0.512304
-0.739736 0.315366 0.594420
-0.739736 0.315366 0.594420
-0.811437 0.281273 0.512304
-0.833339 0.238124 0.498842
-0.833339 0.238124 0.498842
-0.755453 0.274714 0.594831
-0.739736 0.315366 0.594420
-0.833339 0.238124 0.498842
-0.872062 0.193566 0.449490
-0.814405 0.210130 0.540916
-0.814405 0.210130 0.540916
-0.755453 0.274714 0.594831
-0.833339 0.238124 0.498842
-0.833339 0.238124 0.498842
-0.811437 0.281273 0.512304
-0.997648 0.064228 0.023951
-0.997648 0.064228 0.023951
-0.982891 0.071833 -0.169605
-0.833339 0.238124 0.498842
-0.833339 0.238124 0.498842
-0.982891 0.071833 -0.169605
-0.953458 0.110336 -0.280612
-0.953458 0.110336 -0.280612
-0.872062 0.193566 0.449490
-0.833339 0.238124 0.498842
-0.953458 0.110336 -0.280612
-0.982891 0.071833 -0.169605
-0.190183 -0.198797 -0.961411
-0.190183 -0.198797 -0.961411
-0.238277 -0.064666 -0.969042
-0.953458 0.110336 -0.280612
-0.953458 0.110336 -0.280612
-0.238277 -0.064666 -0.969042
-0.306417 0.001287 -0.951897
-0.306417 0.001287 -0.951897
-0.935690 0.074656 -0.344835
-0.953458 0.110336 -0.280612
-0.953458 0.110336 -0.280612
-0.935690 0.074656 -0.344835
-0.933102 0.123065 0.337900
-0.933102 0.123065 0.337900
-0.872062 0.193566 0.449490
-0.953458 0.110336 -0.280612
-0.933102 0.123065 0.337900
-0.935690 0.074656 -0.344835
-0.883776 0.007488 -0.467851
-0.883776 0.007488 -0.467851
-0.975416 -0.000860 0.220368
-0.933102 0.123065 0.337900
-0.933102 0.123065 0.337900
-0.975416 -0.000860 0.220368
-0.916715 0.009630 0.399425
-0.916715 0.009630 0.399425
-0.871986 0.154461 0.464523
-0.933102 0.123065 0.337900
-0.933102 0.123065 0.337900
-0.871986 0.154461 0.464523
-0.814405 0.210130 0.540916
-0.814405 0.210130 0.540916
-0.872062 0.193566 0.449490
-0.933102 0.123065 0.337900
-0.871986 0.154461 0.464523
-0.916715 0.009630 0.399425
-0.881839 0.025856 0.470841
-0.881839 0.025856 0.470841
-0.840947 0.166437 0.514885
-0.871986 0.154461 0.464523
-0.871986 0.154461 0.464523
-0.840947 0.166437 0.514885
-0.779297 0.245235 0.576677
-0.779297 0.245235 0.576677
-0.814405 0.210130 0.540916
-0.871986 0.154461 0.464523
-0.779297 0.245235 0.576677
-0.716316 0.297790 0.631041
-0.755453 0.274714 0.594831
-0.755453 0.274714 0.594831
-0.814405 0.210130 0.540916
-0.779297 0.245235 0.576677
-0.779297 0.245235 0.576677
-0.840947 0.166437 0.514885
-0.802190 0.174921 0.570871
-0.802190 0.174921 0.570871
-0.741270 0.277169 0.611307
-0.779297 0.245235 0.576677
-0.779297 0.245235 0.576677
-0.741270 0.277169 0.611307
-0.681701 0.328399 0.653787
-0.681701 0.328399 0.653787
-0.716316 0.297790 0.631041
-0.779297 0.245235 0.576677
-0.741270 0.277169 0.611307
-0.802190 0.174921 0.570871
-0.717761 0.176757 0.673481
-0.717761 0.176757 0.673481
-0.680381 0.288582 0.673648
-0.741270 0.277169 0.611307
-0.741270 0.277169 0.611307
-0.680381 0.288582 0.673648
-0.627183 0.354929 0.693302
-0.627183 0.354929 0.693302
-0.681701 0.328399 0.653787
-0.741270 0.277169 0.611307
-0.680381 0.288582 0.673648
-0.717761 0.176757 0.673481
-0.444288 0.129836 0.886426
-0.444288 0.129836 0.886426
-0.479137 0.224235 0.848614
-0.680381 0.288582 0.673648
-0.680381 0.288582 0.673648
-0.479137 0.224235 0.848614
-0.460545 0.317956 0.828735
-0.460545 0.317956 0.828735
-0.627183 0.354929 0.693302
-0.680381 0.288582 0.673648
-0.479137 0.224235 0.848614
-0.444288 0.129836 0.886426
-0.120443 0.047255 0.991595
-0.120443 0.047255 0.991595
-0.170160 0.083697 0.981856
-0.479137 0.224235 0.848614
-0.479137 0.224235 0.848614
-0.170160 0.083697 0.981856
-0.195767 0.159312 0.967624
-0.195767 0.159312 0.967624
-0.460545 0.317956 0.828735
-0.479137 0.224235 0.848614
-0.195767 0.159312 0.967624
-0.177252 0.209460 0.961618
-0.371430 0.404691 0.835622
-0.371430 0.404691 0.835622
-0.460545 0.317956 0.828735
-0.195767 0.159312 0.967624
-0.195767 0.159312 0.967624
-0.170160 0.083697 0.981856
-0.028525 0.017470 0.999440
-0.028525 0.017470 0.999440
-0.035799 0.027885 0.998970
-0.195767 0.159312 0.967624
-0.195767 0.159312 0.967624
-0.035799 0.027885 0.998970
-0.033180 0.036954 0.998766
-0.033180 0.036954 0.998766
-0.177252 0.209460 0.961618
-0.195767 0.159312 0.967624
-0.035799 0.027885 0.998970
-0.028525 0.017470 0.999440
-0.006778 0.003880 0.999969
-0.006778 0.003880 0.999969
-0.006095 0.004869 0.999970
-0.035799 0.027885 0.998970
-0.035799 0.027885 0.998970
-0.006095 0.004869 0.999970
-0.006069 0.007243 0.999955
-0.006069 0.007243 0.999955
-0.033180 0.036954 0.998766
-0.035799 0.027885 0.998970
-0.006095 0.004869 0.999970
-0.006778 0.003880 0.999969
-0.001361 0.000963 0.999999
-0.001361 0.000963 0.999999
-0.001484 0.001224 0.999998
-0.006095 0.004869 0.999970
-0.006095 0.004869 0.999970
-0.001484 0.001224 0.999998
-0.001333 0.002279 0.999997
-0.001333 0.002279 0.999997
-0.006069 0.007243 0.999955
-0.006095 0.004869 0.999970
-0.001484 0.001224 0.999998
-0.001361 0.000963 0.999999
-0.000278 0.000235 1.000000
-0.000278 0.000235 1.000000
-0.000295 0.000385 1.000000
-0.001484 0.001224 0.999998
-0.001484 0.001224 0.999998
-0.000295 0.000385 1.000000
-0.000435 0.001067 0.999999
-0.000435 0.001067 0.999999
-0.001333 0.002279 0.999997
-0.001484 0.001224 0.999998
-0.000435 0.001067 0.999999
-0.000295 0.000385 1.000000
-0.000056 0.000158 1.000000
-0.000056 0.000158 1.000000
-0.000130 0.000347 1.000000
-0.000435 0.001067 0.999999
-0.000435 0.001067 0.999999
-0.000130 0.000347 1.000000
0.000083 0.001908 0.999998
0.000083 0.001908 0.999998
-0.001442 0.004605 0.999988
-0.000435 0.001067 0.999999
-0.000435 0.001067 0.999999
-0.001442 0.004605 0.999988
-0.001311 0.007386 0.999972
-0.001311 0.007386 0.999972
-0.001333 0.002279 0.999997
-0.000435 0.001067 0.999999
-0.001442 0.004605 0.999988
0.000083 0.001908 0.999998
0.001279 0.011236 0.999936
0.001279 0.011236 0.999936
-0.005130 0.017988 0.999825
-0.001442 0.004605 0.999988
-0.001442 0.004605 0.999988
-0.005130 0.017988 0.999825
-0.005908 0.030338 0.999522
-0.005908 0.030338 0.999522
-0.001311 0.007386 0.999972
-0.001442 0.004605 0.999988
-0.005130 0.017988 0.999825
0.001279 0.011236 0.999936
0.031981 0.146698 0.988664
0.031981 0.146698 0.988664
-0.003433 0.148964 0.988837
-0.005130 0.017988 0.999825
-0.005130 0.017988 0.999825
-0.003433 0.148964 0.988837
-0.055571 0.179642 0.982161
-0.055571 0.179642 0.982161
-0.005908 0.030338 0.999522
-0.005130 0.017988 0.999825
-0.055571 0.179642 0.982161
-0.003433 0.148964 0.988837
0.001446 0.400166 0.916442
0.001446 0.400166 0.916442
-0.127070 0.400008 0.907660
-0.055571 0.179642 0.982161
-0.055571 0.179642 0.982161
-0.127070 0.400008 0.907660
-0.252631 0.404964 0.878739
-0.252631 0.404964 0.878739
-0.113156 0.217372 0.969508
-0.055571 0.179642 0.982161
-0.055571 0.179642 0.982161
-0.113156 0.217372 0.969508
-0.016912 0.032995 0.999312
-0.016912 0.032995 0.999312
-0.005908 0.030338 0.999522
-0.055571 0.179642 0.982161
-0.113156 0.217372 0.969508
-0.252631 0.404964 0.878739
-0.371430 0.404691 0.835622
-0.371430 0.404691 0.835622
-0.177252 0.209460 0.961618
-0.113156 0.217372 0.969508
-0.113156 0.217372 0.969508
-0.177252 0.209460 0.961618
-0.033180 0.036954 0.998766
-0.033180 0.036954 0.998766
-0.016912 0.032995 0.999312
-0.113156 0.217372 0.969508
-0.127070 0.400008 0.907660
0.001446 0.400166 0.916442
0.003092 0.519749 0.854313
0.003092 0.519749 0.854313
-0.161962 0.488580 0.857355
-0.127070 0.400008 0.907660
-0.127070 0.400008 0.907660
-0.161962 0.488580 0.857355
-0.331017 0.445449 0.831867
-0.331017 0.445449 0.831867
-0.252631 0.404964 0.878739
-0.127070 0.400008 0.907660
-0.161962 0.488580 0.857355
0.003092 0.519749 0.854313
-0.004297 0.507488 0.861648
-0.004297 0.507488 0.861648
-0.173887 0.474519 0.862900
-0.161962 0.488580 0.857355
-0.161962 0.488580 0.857355
-0.173887 0.474519 0.862900
-0.356940 0.453960 0.816403
-0.356940 0.453960 0.816403
-0.331017 0.445449 0.831867
-0.161962 0.488580 0.857355
-0.173887 0.474519 0.862900
-0.004297 0.507488 0.861648
-0.005756 0.482926 0.875642
-0.005756 0.482926 0.875642
-0.181652 0.454743 0.871901
-0.173887 0.474519 0.862900
-0.173887 0.474519 0.862900
-0.181652 0.454743 0.871901
-0.370855 0.430126 0.823079
-0.370855 0.430126 0.823079
-0.356940 0.453960 0.816403
-0.173887 0.474519 0.862900
-0.005756 0.482926 0.875642
-0.004297 0.507488 0.861648
0.140007 0.533060 0.834413
0.140007 0.533060 0.834413
0.131263 0.515602 0.846714
-0.005756 0.482926 0.875642
-0.005756 0.482926 0.875642
0.131263 0.515602 0.846714
0.145222 0.481173 0.864513
0.145222 0.481173 0.864513
-0.004673 0.441994 0.897006
-0.005756 0.482926 0.875642
-0.005756 0.482926 0.875642
-0.004673 0.441994 0.897006
-0.185342 0.422107 0.887397
-0.185342 0.422107 0.887397
-0.181652 0.454743 0.871901
-0.005756 0.482926 0.875642
0.145222 0.481173 0.864513
0.131263 0.515602 0.846714
0.244216 0.536422 0.807842
0.244216 0.536422 0.807842
0.257506 0.517006 0.816330
0.145222 0.481173 0.864513
0.145222 0.481173 0.864513
0.257506 0.517006 0.816330
0.312164 0.462636 0.829772
0.312164 0.462636 0.829772
0.167817 0.413671 0.894826
0.145222 0.481173 0.864513
0.145222 0.481173 0.864513
0.167817 0.413671 0.894826
0.000041 0.387442 0.921894
0.000041 0.387442 0.921894
-0.004673 0.441994 0.897006
0.145222 0.481173 0.864513
0.312164 0.462636 0.829772
0.257506 0.517006 0.816330
0.360793 0.537844 0.761940
0.360793 0.537844 0.761940
0.424511 0.500944 0.754218
0.312164 0.462636 0.829772
0.312164 0.462636 0.829772
0.424511 0.500944 0.754218
0.524693 0.397408 0.752837
0.524693 0.397408 0.752837
0.374543 0.364536 0.852544
0.312164 0.462636 0.829772
0.312164 0.462636 0.829772
0.374543 0.364536 0.852544
0.192240 0.338919 0.920966
0.192240 0.338919 0.920966
0.167817 0.413671 0.894826
0.312164 0.462636 0.829772
0.524693 0.397408 0.752837
0.424511 0.500944 0.754218
0.541730 0.493496 0.680434
0.541730 0.493496 0.680434
0.646381 0.411077 0.642812
0.524693 0.397408 0.752837
0.524693 0.397408 0.752837
0.646381 0.411077 0.642812
0.760128 0.245998 0.601406
0.760128 0.245998 0.601406
0.603706 0.260318 0.753508
0.524693 0.397408 0.752837
0.524693 0.397408 0.752837
0.603706 0.260318 0.753508
0.414818 0.274244 0.867592
0.414818 0.274244 0.867592
0.374543 0.364536 0.852544
0.524693 0.397408 0.752837
0.760128 0.245998 0.601406
0.646381 0.411077 0.642812
0.771715 0.345518 0.533922
0.771715 0.345518 0.533922
0.874000 0.215721 0.435417
0.760128 0.245998 0.601406
0.760128 0.245998 0.601406
0.874000 0.215721 0.435417
0.931690 0.045913 0.360341
0.931690 0.045913 0.360341
0.827340 0.113244 0.550167
0.760128 0.245998 0.601406
0.760128 0.245998 0.601406
0.827340 0.113244 0.550167
0.639008 0.178789 0.748133
0.639008 0.178789 0.748133
0.603706 0.260318 0.753508
0.760128 0.245998 0.601406
0.874000 0.215721 0.435417
0.771715 0.345518 0.533922
0.828926 0.335992 0.447203
0.828926 0.335992 0.447203
0.937330 0.174555 0.301567
0.874000 0.215721 0.435417
0.874000 0.215721 0.435417
0.937330 0.174555 0.301567
0.977008 -0.006534 0.213103
0.977008 -0.006534 0.213103
0.931690 0.045913 0.360341
0.874000 0.215721 0.435417
0.937330 0.174555 0.301567
0.828926 0.335992 0.447203
0.927938 0.224631 0.297442
0.927938 0.224631 0.297442
0.978791 0.080772 0.188267
0.937330 0.174555 0.301567
0.937330 0.174555 0.301567
0.978791 0.080772 0.188267
0.985831 -0.095190 0.138113
0.985831 -0.095190 0.138113
0.977008 -0.006534 0.213103
0.937330 0.174555 0.301567
0.978791 0.080772 0.188267
0.927938 0.224631 0.297442
0.981780 -0.189092 0.018758
0.981780 -0.189092 0.018758
0.969800 -0.241354 0.035149
0.978791 0.080772 0.188267
0.978791 0.080772 0.188267
0.969800 -0.241354 0.035149
0.964551 -0.256957 0.060112
0.964551 -0.256957 0.060112
0.985831 -0.095190 0.138113
0.978791 0.080772 0.188267
0.964551 -0.256957 0.060112
0.969800 -0.241354 0.035149
0.833931 -0.546345 -0.077884
0.833931 -0.546345 -0.077884
0.859959 -0.510324 -0.006376
0.964551 -0.256957 0.060112
0.964551 -0.256957 0.060112
0.859959 -0.510324 -0.006376
0.870384 -0.492373 0.000120
0.870384 -0.492373 0.000120
0.964474 -0.263808 0.013994
0.964551 -0.256957 0.060112
0.964551 -0.256957 0.060112
0.964474 -0.263808 0.013994
0.988903 -0.145782 0.028600
0.988903 -0.145782 0.028600
0.985831 -0.095190 0.138113
0.964551 -0.256957 0.060112
0.964474 -0.263808 0.013994
0.870384 -0.492373 0.000120
0.874180 -0.485599 -0.001374
0.874180 -0.485599 -0.001374
0.966888 -0.253619 -0.028383
0.964474 -0.263808 0.013994
0.964474 -0.263808 0.013994
0.966888 -0.253619 -0.028383
0.988630 -0.140567 -0.053392
0.988630 -0.140567 -0.053392
0.988903 -0.145782 0.028600
0.964474 -0.263808 0.013994
0.966888 -0.253619 -0.028383
0.874180 -0.485599 -0.001374
0.869122 -0.494592 0.002383
0.869122 -0.494592 0.002383
0.970544 -0.235175 -0.052323
0.966888 -0.253619 -0.028383
0.966888 -0.253619 -0.028383
0.970544 -0.235175 -0.052323
0.986374 -0.077774 -0.144971
0.986374 -0.077774 -0.144971
0.988630 -0.140567 -0.053392
0.966888 -0.253619 -0.028383
0.986374 -0.077774 -0.144971
0.970544 -0.235175 -0.052323
0.967947 -0.245790 -0.051631
0.967947 -0.245790 -0.051631
0.977784 0.061888 -0.200269
0.986374 -0.077774 -0.144971
0.986374 -0.077774 -0.144971
0.977784 0.061888 -0.200269
0.942711 0.107605 -0.315781
0.942711 0.107605 -0.315781
0.971796 -0.041346 -0.232169
0.986374 -0.077774 -0.144971
0.986374 -0.077774 -0.144971
0.971796 -0.041346 -0.232169
0.994643 -0.057162 -0.086125
0.994643 -0.057162 -0.086125
0.988630 -0.140567 -0.053392
0.986374 -0.077774 -0.144971
0.942711 0.107605 -0.315781
0.977784 0.061888 -0.200269
0.948517 0.187881 -0.254982
0.948517 0.187881 -0.254982
0.854585 0.337843 -0.394395
0.942711 0.107605 -0.315781
0.942711 0.107605 -0.315781
0.854585 0.337843 -0.394395
0.794374 0.360302 -0.489032
0.794374 0.360302 -0.489032
0.882421 0.130633 -0.451960
0.942711 0.107605 -0.315781
0.942711 0.107605 -0.315781
0.882421 0.130633 -0.451960
0.927399 0.068555 -0.367739
0.927399 0.068555 -0.367739
0.971796 -0.041346 -0.232169
0.942711 0.107605 -0.315781
0.882421 0.130633 -0.451960
0.794374 0.360302 -0.489032
0.698489 0.375881 -0.608955
0.698489 0.375881 -0.608955
0.784723 0.184750 -0.591673
0.882421 0.130633 -0.451960
0.882421 0.130633 -0.451960
0.784723 0.184750 -0.591673
0.838152 0.125744 -0.530744
0.838152 0.125744 -0.530744
0.927399 0.068555 -0.367739
0.882421 0.130633 -0.451960
0.784723 0.184750 -0.591673
0.698489 0.375881 -0.608955
0.565126 0.380820 -0.731853
0.565126 0.380820 -0.731853
0.626818 0.231936 -0.743845
0.784723 0.184750 -0.591673
0.784723 0.184750 -0.591673
0.626818 0.231936 -0.743845
0.672510 0.154735 -0.723731
0.672510 0.154735 -0.723731
0.838152 0.125744 -0.530744
0.784723 0.184750 -0.591673
0.672510 0.154735 -0.723731
0.626818 0.231936 -0.743845
0.469540 0.241582 -0.849217
0.469540 0.241582 -0.849217
0.490106 0.149683 -0.858715
0.672510 0.154735 -0.723731
0.672510 0.154735 -0.723731
0.490106 0.149683 -0.858715
0.513996 0.092853 -0.852752
0.513996 0.092853 -0.852752
0.700176 0.096752 -0.707385
0.672510 0.154735 -0.723731
0.672510 0.154735 -0.723731
0.700176 0.096752 -0.707385
0.860091 0.055506 -0.507113
0.860091 0.055506 -0.507113
0.838152 0.125744 -0.530744
0.672510 0.154735 -0.723731
0.700176 0.096752 -0.707385
0.513996 0.092853 -0.852752
0.541520 0.059112 -0.838607
0.541520 0.059112 -0.838607
0.709446 0.065719 -0.701689
0.700176 0.096752 -0.707385
0.700176 0.096752 -0.707385
0.709446 0.065719 -0.701689
0.860106 0.049422 -0.507715
0.860106 0.049422 -0.507715
0.860091 0.055506 -0.507113
0.700176 0.096752 -0.707385
0.513996 0.092853 -0.852752
0.490106 0.149683 -0.858715
0.312827 0.145962 -0.938528
0.312827 0.145962 -0.938528
0.326882 0.080161 -0.941659
0.513996 0.092853 -0.852752
0.513996 0.092853 -0.852752
0.326882 0.080161 -0.941659
0.355976 0.029695 -0.934023
0.355976 0.029695 -0.934023
0.541520 0.059112 -0.838607
0.513996 0.092853 -0.852752
0.355976 0.029695 -0.934023
0.326882 0.080161 -0.941659
0.124752 0.074427 -0.989392
0.124752 0.074427 -0.989392
0.138259 0.012575 -0.990316
0.355976 0.029695 -0.934023
0.355976 0.029695 -0.934023
0.138259 0.012575 -0.990316
0.163326 -0.032376 -0.986041
0.163326 -0.032376 -0.986041
0.384066 -0.011149 -0.923238
0.355976 0.029695 -0.934023
0.355976 0.029695 -0.934023
0.384066 -0.011149 -0.923238
0.559613 0.007528 -0.828720
0.559613 0.007528 -0.828720
0.541520 0.059112 -0.838607
0.355976 0.029695 -0.934023
0.163326 -0.032376 -0.986041
0.138259 0.012575 -0.990316
-0.076897 0.014905 -0.996927
-0.076897 0.014905 -0.996927
-0.064213 -0.047640 -0.996798
0.163326 -0.032376 -0.986041
0.163326 -0.032376 -0.986041
-0.064213 -0.047640 -0.996798
-0.043303 -0.091193 -0.994891
-0.043303 -0.091193 -0.994891
0.187173 -0.071529 -0.979719
0.163326 -0.032376 -0.986041
0.163326 -0.032376 -0.986041
0.187173 -0.071529 -0.979719
0.396982 -0.055297 -0.916159
0.396982 -0.055297 -0.916159
0.384066 -0.011149 -0.923238
0.163326 -0.032376 -0.986041
-0.043303 -0.091193 -0.994891
-0.064213 -0.047640 -0.996798
-0.267020 -0.044209 -0.962676
-0.267020 -0.044209 -0.962676
-0.259525 -0.098621 -0.960688
-0.043303 -0.091193 -0.994891
-0.043303 -0.091193 -0.994891
-0.259525 -0.098621 -0.960688
-0.248093 -0.132063 -0.959692
-0.248093 -0.132063 -0.959692
-0.024086 -0.120661 -0.992401
-0.043303 -0.091193 -0.994891
-0.043303 -0.091193 -0.994891
-0.024086 -0.120661 -0.992401
0.197778 -0.108524 -0.974221
0.197778 -0.108524 -0.974221
0.187173 -0.071529 -0.979719
-0.043303 -0.091193 -0.994891
-0.248093 -0.132063 -0.959692
-0.259525 -0.098621 -0.960688
-0.455651 -0.081615 -0.886409
-0.455651 -0.081615 -0.886409
-0.451857 -0.123892 -0.883446
-0.248093 -0.132063 -0.959692
-0.248093 -0.132063 -0.959692
-0.451857 -0.123892 -0.883446
-0.453243 -0.009044 -0.891341
-0.453243 -0.009044 -0.891341
-0.242118 -0.010304 -0.970192
-0.248093 -0.132063 -0.959692
-0.248093 -0.132063 -0.959692
-0.242118 -0.010304 -0.970192
-0.018082 -0.013363 -0.999747
-0.018082 -0.013363 -0.999747
-0.024086 -0.120661 -0.992401
-0.248093 -0.132063 -0.959692
-0.453243 -0.009044 -0.891341
-0.451857 -0.123892 -0.883446
-0.631368 -0.097961 -0.769271
-0.631368 -0.097961 -0.769271
-0.636740 0.020286 -0.770812
-0.453243 -0.009044 -0.891341
-0.453243 -0.009044 -0.891341
-0.636740 0.020286 -0.770812
-0.620661 0.154331 -0.768741
-0.620661 0.154331 -0.768741
-0.436481 0.117653 -0.891988
-0.453243 -0.009044 -0.891341
-0.453243 -0.009044 -0.891341
-0.436481 0.117653 -0.891988
-0.225989 0.122224 -0.966432
-0.225989 0.122224 -0.966432
-0.242118 -0.010304 -0.970192
-0.453243 -0.009044 -0.891341
-0.620661 0.154331 -0.768741
-0.636740 0.020286 -0.770812
-0.790990 0.053471 -0.609488
-0.790990 0.053471 -0.609488
-0.772230 0.175210 -0.610706
-0.620661 0.154331 -0.768741
-0.334343 -0.856036 -0.394229
-0.453647 -0.819406 -0.350399
-0.453785 -0.819184 -0.350739
-0.453785 -0.819184 -0.350739
-0.327283 -0.856935 -0.398181
-0.334343 -0.856036 -0.394229
-0.334343 -0.856036 -0.394229
-0.327283 -0.856935 -0.398181
-0.214039 -0.873244 -0.437758
-0.214039 -0.873244 -0.437758
-0.225516 -0.872290 -0.433882
-0.334343 -0.856036 -0.394229
-0.453785 -0.819184 -0.350739
-0.453647 -0.819406 -0.350399
-0.594297 -0.763009 -0.254221
-0.594297 -0.763009 -0.254221
-0.593590 -0.761370 -0.260704
-0.453785 -0.819184 -0.350739
-0.797088 -0.148016 -0.585442
-0.916553 -0.072808 -0.393230
-0.924614 0.000976 -0.380905
-0.924614 0.000976 -0.380905
-0.806259 -0.076438 -0.586604
-0.797088 -0.148016 -0.585442
-0.797088 -0.148016 -0.585442
-0.806259 -0.076438 -0.586604
-0.638373 -0.133014 -0.758147
-0.638373 -0.133014 -0.758147
-0.626882 -0.214869 -0.748900
-0.797088 -0.148016 -0.585442
-0.924614 0.000976 -0.380905
-0.916553 -0.072808 -0.393230
-0.991549 -0.018838 -0.128355
-0.991549 -0.018838 -0.128355
-0.989478 0.058266 -0.132431
-0.924614 0.000976 -0.380905
-0.924614 0.000976 -0.380905
-0.989478 0.058266 -0.132431
-0.982315 0.128368 -0.136304
-0.982315 0.128368 -0.136304
-0.926817 0.079715 -0.366955
-0.924614 0.000976 -0.380905
-0.924614 0.000976 -0.380905
-0.926817 0.079715 -0.366955
-0.807658 0.002973 -0.589643
-0.807658 0.002973 -0.589643
-0.806259 -0.076438 -0.586604
-0.924614 0.000976 -0.380905
-0.982315 0.128368 -0.136304
-0.989478 0.058266 -0.132431
-0.990240 0.062098 0.124775
-0.990240 0.062098 0.124775
-0.984737 0.129885 0.115856
-0.982315 0.128368 -0.136304
0.000003 1.000000 0.000000
0.000003 1.000000 -0.000000
0.000002 1.000000 -0.000000
0.000002 1.000000 -0.000000
0.000002 1.000000 0.000000
0.000003 1.000000 0.000000
0.000003 1.000000 0.000000
0.000002 1.000000 0.000000
0.000002 1.000000 0.000000
0.000002 1.000000 0.000000
0.000003 1.000000 0.000001
0.000003 1.000000 0.000000
0.000002 1.000000 -0.000000
0.000003 1.000000 -0.000000
0.000002 1.000000 -0.000001
0.000002 1.000000 -0.000001
0.000002 1.000000 -0.000001
0.000002 1.000000 -0.000000
0.000002 1.000000 -0.000000
0.000002 1.000000 -0.000001
0.000001 1.000000 -0.000001
0.000001 1.000000 -0.000001
0.000001 1.000000 0.000000
0.000002 1.000000 -0.000000
0.000002 1.000000 -0.000000
0.000001 1.000000 0.000000
0.000002 1.000000 0.000001
0.000002 1.000000 0.000001
0.000002 1.000000 0.000000
0.000002 1.000000 -0.000000
0.000001 1.000000 0.000000
0.000001 1.000000 -0.000001
0.000001 1.000000 -0.000000
0.000001 1.000000 -0.000000
0.000000 1.000000 0.000000
0.000001 1.000000 0.000000
0.000001 1.000000 0.000000
0.000000 1.000000 0.000000
0.000001 1.000000 0.000000
0.000001 1.000000 0.000000
0.000002 1.000000 0.000001
0.000001 1.000000 0.000000
0.000000 1.000000 0.000000
0.000001 1.000000 -0.000000
0.000000 1.000000 0.000000
0.000000 1.000000 0.000000
0.000000 1.000000 0.000000
0.000000 1.000000 0.000000
0.000000 1.000000 0.000000
0.000000 1.000000 0.000000
0.000000 1.000000 0.000000
0.000000 1.000000 0.000000
0.000001 1.000000 0.000000
0.000000 1.000000 0.000000
0.000000 1.000000 0.000000
0.000000 1.000000 0.000000
0.000000 1.000000 0.000000
0.000000 1.000000 0.000000
0.000000 1.000000 0.000000
0.000000 1.000000 0.000000
0.000000 1.000000 0.000000
0.000000 1.000000 0.000000
0.000000 1.000000 0.000000
0.000000 1.000000 0.000000
0.000000 1.000000 0.000000
0.000000 1.000000 0.000000
0.000000 1.000000 0.000000
0.000000 1.000000 0.000000
0.000001 1.000000 0.000000
0.000001 1.000000 0.000000
0.000001 1.000000 0.000000
0.000000 1.000000 0.000000
0.000000 1.000000 0.000000
0.000000 1.000000 0.000000
0.000000 1.000000 0.000000
0.000000 1.000000 0.000000
0.000000 1.000000 0.000000
0.000000 1.000000 0.000000
0.000000 1.000000 0.000000
0.000000 1.000000 0.000000
0.000000 1.000000 0.000000
0.000000 1.000000 0.000000
0.000000 1.000000 0.000000
0.000000 1.000000 0.000000
0.000000 1.000000 0.000000
0.000000 1.000000 0.000000
0.000000 1.000000 0.000000
0.000000 1.000000 0.000000
0.000000 1.000000 0.000000
0.000000 1.000000 0.000000
0.000000 1.000000 0.000000
0.000000 1.000000 0.000000
0.000000 1.000000 0.000000
0.000000 1.000000 0.000000
0.000000 1.000000 0.000000
0.000000 1.000000 0.000000
0.000000 1.000000 0.000000
0.000000 1.000000 0.000000
0.000000 1.000000 0.000000
0.000000 1.000000 0.000000
0.000000 1.000000 0.000000
0.000000 1.000000 0.000000
0.000000 1.000000 0.000000
0.000000 1.000000 0.000000
0.000000 1.000000 0.000000
0.000000 1.000000 0.000000
0.000000 1.000000 0.000000
0.000000 1.000000 0.000000
0.000000 1.000000 0.000000
0.000000 1.000000 0.000000
0.000000 1.000000 0.000000
0.000000 1.000000 0.000000
0.000000 1.000000 0.000000
0.000000 1.000000 0.000000
0.000000 1.000000 0.000000
0.000000 1.000000 0.000000
0.000000 1.000000 0.000000
0.000000 1.000000 0.000000
0.000000 1.000000 0.000000
0.000000 1.000000 0.000000
0.000000 1.000000 0.000000
0.000000 1.000000 0.000000
0.000000 1.000000 0.000000
0.000000 1.000000 0.000000
0.000000 1.000000 0.000000
0.000000 1.000000 0.000000
0.000000 1.000000 0.000000
-0.000000 1.000000 0.000000
-0.000001 1.000000 0.000000
-0.000001 1.000000 0.000000
0.000000 1.000000 0.000000
0.000000 1.000000 0.000000
0.000000 1.000000 0.000000
0.000000 1.000000 0.000000
0.000000 1.000000 0.000000
0.000000 1.000000 0.000000
0.000000 1.000000 0.000000
0.000000 1.000000 0.000000
0.000000 1.000000 0.000000
0.000000 1.000000 0.000000
0.000000 1.000000 0.000000
0.000000 1.000000 0.000000
-0.000000 1.000000 0.000000
0.000000 1.000000 0.000000
0.000000 1.000000 0.000000
-0.000002 1.000000 -0.000001
-0.000002 1.000000 0.000001
-0.000002 1.000000 0.000001
-0.000000 1.000000 0.000000
0.000000 1.000000 0.000000
0.000000 1.000000 0.000000
0.000000 1.000000 0.000000
0.000000 1.000000 0.000000
0.000000 1.000000 0.000000
0.000000 1.000000 0.000000
0.000000 1.000000 0.000000
0.000000 1.000000 0.000000
0.000000 1.000000 0.000000
-0.000001 1.000000 -0.000001
-0.000001 1.000000 -0.000001
-0.000002 1.000000 -0.000001
0.000000 1.000000 0.000000
-0.000001 1.000000 -0.000001
-0.000002 1.000000 -0.000001
-0.000003 1.000000 -0.000000
-0.000003 1.000000 -0.000000
-0.000002 1.000000 -0.000001
-0.000001 1.000000 -0.000001
-0.000001 1.000000 -0.000001
0.000000 1.000000 0.000000
0.000000 1.000000 0.000000
0.000000 1.000000 0.000000
-0.000001 1.000000 -0.000001
-0.000001 1.000000 -0.000001
-0.000001 1.000000 -0.000001
-0.000001 1.000000 -0.000001
-0.000002 1.000000 -0.000002
-0.000002 1.000000 -0.000002
-0.000002 1.000000 -0.000001
-0.000001 1.000000 -0.000001
-0.000002 1.000000 -0.000002
-0.000002 1.000000 -0.000003
-0.000003 1.000000 -0.000002
-0.000003 1.000000 -0.000002
-0.000002 1.000000 -0.000001
-0.000002 1.000000 -0.000002
-0.000002 1.000000 -0.000002
-0.000001 1.000000 -0.000001
-0.000000 1.000000 -0.000001
-0.000000 1.000000 -0.000001
-0.000001 1.000000 -0.000003
-0.000002 1.000000 -0.000002
-0.000002 1.000000 -0.000002
-0.000001 1.000000 -0.000003
-0.000001 1.000000 -0.000003
-0.000001 1.000000 -0.000003
-0.000002 1.000000 -0.000003
-0.000002 1.000000 -0.000002
0.369650 -0.073243 0.926280
0.358514 -0.153345 0.920844
0.590299 -0.138967 0.795132
0.590299 -0.138967 0.795132
0.599976 -0.055232 0.798109
0.369650 -0.073243 0.926280
-0.000001 1.000000 -0.000003
-0.000001 1.000000 -0.000003
0.000000 1.000000 -0.000003
0.000000 1.000000 -0.000003
-0.000000 1.000000 -0.000002
-0.000001 1.000000 -0.000003
0.369650 -0.073243 0.926280
0.117685 -0.099278 0.988076
0.107443 -0.160759 0.981128
0.107443 -0.160759 0.981128
0.358514 -0.153345 0.920844
0.369650 -0.073243 0.926280
0.107443 -0.160759 0.981128
0.094438 -0.222474 0.970354
0.343628 -0.238938 0.908201
0.343628 -0.238938 0.908201
0.358514 -0.153345 0.920844
0.107443 -0.160759 0.981128
0.107443 -0.160759 0.981128
0.117685 -0.099278 0.988076
-0.152758 -0.095274 0.983660
-0.152758 -0.095274 0.983660
-0.155540 -0.169439 0.973189
0.107443 -0.160759 0.981128
0.107443 -0.160759 0.981128
-0.155540 -0.169439 0.973189
-0.157768 -0.239812 0.957914
-0.157768 -0.239812 0.957914
0.094438 -0.222474 0.970354
0.107443 -0.160759 0.981128
-0.078609 -0.873417 0.480586
-0.081322 -0.873535 0.479920
0.048575 -0.866818 0.496252
0.048575 -0.866818 0.496252
0.052450 -0.866433 0.496530
-0.078609 -0.873417 0.480586
-0.157768 -0.239812 0.957914
-0.155540 -0.169439 0.973189
-0.407512 -0.163302 0.898480
-0.407512 -0.163302 0.898480
-0.399438 -0.231019 0.887175
-0.157768 -0.239812 0.957914
-0.078609 -0.873417 0.480586
-0.197953 -0.871032 0.449576
-0.204489 -0.870568 0.447543
-0.204489 -0.870568 0.447543
-0.081322 -0.873535 0.479920
-0.078609 -0.873417 0.480586
-0.401661 0.131793 0.906255
-0.406371 -0.004696 0.913696
-0.165134 -0.004661 0.986260
-0.165134 -0.004661 0.986260
-0.160700 0.143322 0.976542
-0.401661 0.131793 0.906255
-0.204489 -0.870568 0.447543
-0.197953 -0.871032 0.449576
-0.316567 -0.861270 0.397491
-0.316567 -0.861270 0.397491
-0.314690 -0.860250 0.401173
-0.204489 -0.870568 0.447543
-0.401661 0.131793 0.906255
-0.606729 0.163632 0.777885
-0.611768 0.023394 0.790691
-0.611768 0.023394 0.790691
-0.406371 -0.004696 0.913696
-0.401661 0.131793 0.906255
-0.611768 0.023394 0.790691
-0.601491 -0.105029 0.791946
-0.400666 -0.127512 0.907308
-0.400666 -0.127512 0.907308
-0.406371 -0.004696 0.913696
-0.611768 0.023394 0.790691
-0.611768 0.023394 0.790691
-0.606729 0.163632 0.777885
-0.768597 0.184279 0.612617
-0.768597 0.184279 0.612617
-0.780882 0.053433 0.622389
-0.611768 0.023394 0.790691
-0.611768 0.023394 0.790691
-0.780882 0.053433 0.622389
-0.771389 -0.061193 0.633415
-0.771389 -0.061193 0.633415
-0.601491 -0.105029 0.791946
-0.611768 0.023394 0.790691
-0.771389 -0.061193 0.633415
-0.761744 -0.031114 0.647131
-0.599253 -0.066593 0.797786
-0.599253 -0.066593 0.797786
-0.601491 -0.105029 0.791946
-0.771389 -0.061193 0.633415
-0.771389 -0.061193 0.633415
-0.780882 0.053433 0.622389
-0.905733 0.088212 0.414567
-0.905733 0.088212 0.414567
-0.905583 -0.011988 0.424000
-0.771389 -0.061193 0.633415
-0.771389 -0.061193 0.633415
-0.905583 -0.011988 0.424000
-0.899214 0.002044 0.437504
-0.899214 0.002044 0.437504
-0.761744 -0.031114 0.647131
-0.771389 -0.061193 0.633415
-0.899214 0.002044 0.437504
-0.893393 0.022562 0.448710
-0.757335 0.013567 0.652886
-0.757335 0.013567 0.652886
-0.761744 -0.031114 0.647131
-0.899214 0.002044 0.437504
-0.899214 0.002044 0.437504
-0.905583 -0.011988 0.424000
-0.986939 0.014030 0.160483
-0.986939 0.014030 0.160483
-0.986011 0.018749 0.165621
-0.899214 0.002044 0.437504
-0.899214 0.002044 0.437504
-0.986011 0.018749 0.165621
-0.984140 0.026232 0.175442
-0.984140 0.026232 0.175442
-0.893393 0.022562 0.448710
-0.899214 0.002044 0.437504
-0.984140 0.026232 0.175442
-0.982962 0.025731 0.181998
-0.892698 0.041699 0.448723
-0.892698 0.041699 0.448723
-0.893393 0.022562 0.448710
-0.984140 0.026232 0.175442
-0.984140 0.026232 0.175442
-0.986011 0.018749 0.165621
-0.991208 0.016472 -0.131287
-0.991208 0.016472 -0.131287
-0.991599 0.026187 -0.126675
-0.984140 0.026232 0.175442
-0.984140 0.026232 0.175442
-0.991599 0.026187 -0.126675
-0.993454 0.027492 -0.110875
-0.993454 0.027492 -0.110875
-0.982962 0.025731 0.181998
-0.984140 0.026232 0.175442
-0.993454 0.027492 -0.110875
-0.995137 0.024455 -0.095422
-0.982844 0.027810 0.182332
-0.982844 0.027810 0.182332
-0.982962 0.025731 0.181998
-0.993454 0.027492 -0.110875
-0.993454 0.027492 -0.110875
-0.991599 0.026187 -0.126675
-0.917042 0.022017 -0.398181
-0.917042 0.022017 -0.398181
-0.921870 0.040010 -0.385429
-0.993454 0.027492 -0.110875
-0.993454 0.027492 -0.110875
-0.921870 0.040010 -0.385429
-0.931661 0.044578 -0.360583
-0.931661 0.044578 -0.360583
-0.995137 0.024455 -0.095422
-0.993454 0.027492 -0.110875
-0.931661 0.044578 -0.360583
-0.940839 0.041886 -0.336255
-0.995907 0.026366 -0.086447
-0.995907 0.026366 -0.086447
-0.995137 0.024455 -0.095422
-0.931661 0.044578 -0.360583
-0.931661 0.044578 -0.360583
-0.921870 0.040010 -0.385429
-0.796974 0.048819 -0.602038
-0.796974 0.048819 -0.602038
-0.806333 0.072211 -0.587037
-0.931661 0.044578 -0.360583
-0.931661 0.044578 -0.360583
-0.806333 0.072211 -0.587037
-0.824610 0.081404 -0.559815
-0.824610 0.081404 -0.559815
-0.940839 0.041886 -0.336255
-0.931661 0.044578 -0.360583
-0.824610 0.081404 -0.559815
-0.843689 0.089844 -0.529261
-0.946346 0.051675 -0.318998
-0.946346 0.051675 -0.318998
-0.940839 0.041886 -0.336255
-0.824610 0.081404 -0.559815
-0.824610 0.081404 -0.559815
-0.806333 0.072211 -0.587037
-0.647452 0.083344 -0.757535
-0.647452 0.083344 -0.757535
-0.659025 0.117079 -0.742953
-0.824610 0.081404 -0.559815
-0.824610 0.081404 -0.559815
-0.659025 0.117079 -0.742953
-0.683449 0.143375 -0.715780
-0.683449 0.143375 -0.715780
-0.843689 0.089844 -0.529261
-0.824610 0.081404 -0.559815
-0.683449 0.143375 -0.715780
-0.704785 0.181173 -0.685897
-0.864361 0.114954 -0.489557
-0.864361 0.114954 -0.489557
-0.843689 0.089844 -0.529261
-0.683449 0.143375 -0.715780
-0.683449 0.143375 -0.715780
-0.659025 0.117079 -0.742953
-0.483447 0.128261 -0.865926
-0.483447 0.128261 -0.865926
-0.495932 0.178358 -0.849847
-0.683449 0.143375 -0.715780
-0.683449 0.143375 -0.715780
-0.495932 0.178358 -0.849847
-0.519309 0.225055 -0.824420
-0.519309 0.225055 -0.824420
-0.704785 0.181173 -0.685897
-0.683449 0.143375 -0.715780
-0.519309 0.225055 -0.824420
-0.553491 0.281666 -0.783780
-0.732543 0.203533 -0.649581
-0.732543 0.203533 -0.649581
-0.704785 0.181173 -0.685897
-0.519309 0.225055 -0.824420
-0.519309 0.225055 -0.824420
-0.495932 0.178358 -0.849847
-0.313425 0.187023 -0.931014
-0.313425 0.187023 -0.931014
-0.324876 0.255077 -0.910709
-0.519309 0.225055 -0.824420
-0.519309 0.225055 -0.824420
-0.324876 0.255077 -0.910709
-0.341121 0.321987 -0.883154
-0.341121 0.321987 -0.883154
-0.553491 0.281666 -0.783780
-0.519309 0.225055 -0.824420
-0.341121 0.321987 -0.883154
-0.353424 0.381774 -0.854014
-0.577914 0.332086 -0.745476
-0.577914 0.332086 -0.745476
-0.553491 0.281666 -0.783780
-0.341121 0.321987 -0.883154
-0.341121 0.321987 -0.883154
-0.324876 0.255077 -0.910709
-0.135495 0.266377 -0.954298
-0.135495 0.266377 -0.954298
-0.146743 0.345159 -0.927002
-0.341121 0.321987 -0.883154
-0.341121 0.321987 -0.883154
-0.146743 0.345159 -0.927002
-0.158331 0.405371 -0.900337
-0.158331 0.405371 -0.900337
-0.353424 0.381774 -0.854014
-0.341121 0.321987 -0.883154
-0.158331 0.405371 -0.900337
-0.166773 0.446313 -0.879199
-0.353351 0.425304 -0.833222
-0.353351 0.425304 -0.833222
-0.353424 0.381774 -0.854014
-0.158331 0.405371 -0.900337
-0.158331 0.405371 -0.900337
-0.146743 0.345159 -0.927002
0.034034 0.360416 -0.932171
0.034034 0.360416 -0.932171
0.019340 0.430616 -0.902328
-0.158331 0.405371 -0.900337
-0.158331 0.405371 -0.900337
0.019340 0.430616 -0.902328
0.000396 0.475029 -0.879970
0.000396 0.475029 -0.879970
-0.166773 0.446313 -0.879199
-0.158331 0.405371 -0.900337
0.000396 0.475029 -0.879970
-0.013020 0.502149 -0.864683
-0.171956 0.472948 -0.864148
-0.171956 0.472948 -0.864148
-0.166773 0.446313 -0.879199
0.000396 0.475029 -0.879970
0.000396 0.475029 -0.879970
0.019340 0.430616 -0.902328
0.155529 0.460366 -0.873999
0.155529 0.460366 -0.873999
0.135490 0.510448 -0.849168
0.000396 0.475029 -0.879970
0.000396 0.475029 -0.879970
0.135490 0.510448 -0.849168
0.127501 0.526409 -0.840617
0.127501 0.526409 -0.840617
-0.013020 0.502149 -0.864683
0.000396 0.475029 -0.879970
0.127501 0.526409 -0.840617
0.134590 0.534690 -0.834261
-0.019282 0.516093 -0.856315
-0.019282 0.516093 -0.856315
-0.013020 0.502149 -0.864683
0.127501 0.526409 -0.840617
0.127501 0.526409 -0.840617
0.135490 0.510448 -0.849168
0.241610 0.534322 -0.810015
0.241610 0.534322 -0.810015
0.243266 0.535649 -0.808642
0.127501 0.526409 -0.840617
0.127501 0.526409 -0.840617
0.243266 0.535649 -0.808642
0.273613 0.533116 -0.800577
0.273613 0.533116 -0.800577
0.134590 0.534690 -0.834261
0.127501 0.526409 -0.840617
0.243266 0.535649 -0.808642
0.241610 0.534322 -0.810015
0.338038 0.549440 -0.764098
0.338038 0.549440 -0.764098
0.341027 0.540365 -0.769225
0.243266 0.535649 -0.808642
0.243266 0.535649 -0.808642
0.341027 0.540365 -0.769225
0.390951 0.530907 -0.751861
0.390951 0.530907 -0.751861
0.273613 0.533116 -0.800577
0.243266 0.535649 -0.808642
0.341027 0.540365 -0.769225
0.338038 0.549440 -0.764098
0.414419 0.557654 -0.719221
0.414419 0.557654 -0.719221
0.416196 0.543684 -0.728827
0.341027 0.540365 -0.769225
0.341027 0.540365 -0.769225
0.416196 0.543684 -0.728827
0.481275 0.517817 -0.707276
0.481275 0.517817 -0.707276
0.390951 0.530907 -0.751861
0.341027 0.540365 -0.769225
0.481275 0.517817 -0.707276
0.416196 0.543684 -0.728827
0.493402 0.543961 -0.678720
0.493402 0.543961 -0.678720
0.555965 0.504617 -0.660503
0.481275 0.517817 -0.707276
0.481275 0.517817 -0.707276
0.555965 0.504617 -0.660503
0.622350 0.482504 -0.616336
0.622350 0.482504 -0.616336
0.568895 0.492714 -0.658476
0.481275 0.517817 -0.707276
0.481275 0.517817 -0.707276
0.568895 0.492714 -0.658476
0.466484 0.481135 -0.742228
0.466484 0.481135 -0.742228
0.390951 0.530907 -0.751861
0.481275 0.517817 -0.707276
0.568895 0.492714 -0.658476
0.622350 0.482504 -0.616336
0.675206 0.461541 -0.575393
0.675206 0.461541 -0.575393
0.625910 0.469418 -0.622802
0.568895 0.492714 -0.658476
0.568895 0.492714 -0.658476
0.625910 0.469418 -0.622802
0.543237 0.470880 -0.695102
0.543237 0.470880 -0.695102
0.466484 0.481135 -0.742228
0.568895 0.492714 -0.658476
0.625910 0.469418 -0.622802
0.691493 0.430301 -0.580239
0.606143 0.404896 -0.684580
0.606143 0.404896 -0.684580
0.543237 0.470880 -0.695102
0.625910 0.469418 -0.622802
0.625910 0.469418 -0.622802
0.675206 0.461541 -0.575393
0.747650 0.429770 -0.506278
0.747650 0.429770 -0.506278
0.691493 0.430301 -0.580239
0.625910 0.469418 -0.622802
0.747650 0.429770 -0.506278
0.833789 0.323355 -0.447478
0.772417 0.305543 -0.556791
0.772417 0.305543 -0.556791
0.691493 0.430301 -0.580239
0.747650 0.429770 -0.506278
0.747650 0.429770 -0.506278
0.675206 0.461541 -0.575393
0.732378 0.463213 -0.499055
0.732378 0.463213 -0.499055
0.805964 0.422102 -0.415032
0.747650 0.429770 -0.506278
0.747650 0.429770 -0.506278
0.805964 0.422102 -0.415032
0.877593 0.330404 -0.347368
0.877593 0.330404 -0.347368
0.833789 0.323355 -0.447478
0.747650 0.429770 -0.506278
0.877593 0.330404 -0.347368
0.935655 0.150268 -0.319327
0.883179 0.139299 -0.447873
0.883179 0.139299 -0.447873
0.833789 0.323355 -0.447478
0.877593 0.330404 -0.347368
0.877593 0.330404 -0.347368
0.805964 0.422102 -0.415032
0.885114 0.436286 -0.161950
0.885114 0.436286 -0.161950
0.933692 0.339851 -0.112787
0.877593 0.330404 -0.347368
0.877593 0.330404 -0.347368
0.933692 0.339851 -0.112787
0.976126 0.155913 -0.151223
0.976126 0.155913 -0.151223
0.935655 0.150268 -0.319327
0.877593 0.330404 -0.347368
0.976126 0.155913 -0.151223
0.998076 -0.061897 -0.003685
0.957768 -0.066897 -0.279653
0.957768 -0.066897 -0.279653
0.935655 0.150268 -0.319327
0.976126 0.155913 -0.151223
0.976126 0.155913 -0.151223
0.933692 0.339851 -0.112787
0.807956 0.297601 0.508568
0.807956 0.297601 0.508568
0.868802 0.153132 0.470886
0.976126 0.155913 -0.151223
0.976126 0.155913 -0.151223
0.868802 0.153132 0.470886
0.706791 -0.035704 0.706520
0.706791 -0.035704 0.706520
0.998076 -0.061897 -0.003685
0.976126 0.155913 -0.151223
0.706791 -0.035704 0.706520
0.557413 -0.171020 0.812430
0.943419 -0.300761 0.139655
0.943419 -0.300761 0.139655
0.998076 -0.061897 -0.003685
0.706791 -0.035704 0.706520
0.706791 -0.035704 0.706520
0.868802 0.153132 0.470886
0.228285 0.049668 0.972327
0.228285 0.049668 0.972327
0.069233 -0.005319 0.997586
0.706791 -0.035704 0.706520
0.706791 -0.035704 0.706520
0.069233 -0.005319 0.997586
0.036305 -0.008377 0.999306
0.036305 -0.008377 0.999306
0.557413 -0.171020 0.812430
0.706791 -0.035704 0.706520
0.036305 -0.008377 0.999306
0.016642 -0.010207 0.999809
0.390993 -0.244999 0.887187
0.390993 -0.244999 0.887187
0.557413 -0.171020 0.812430
0.036305 -0.008377 0.999306
0.036305 -0.008377 0.999306
0.069233 -0.005319 0.997586
0.005092 -0.000378 0.999987
0.005092 -0.000378 0.999987
0.004834 -0.001654 0.999987
0.036305 -0.008377 0.999306
0.036305 -0.008377 0.999306
0.004834 -0.001654 0.999987
0.002521 -0.001323 0.999996
0.002521 -0.001323 0.999996
0.016642 -0.010207 0.999809
0.036305 -0.008377 0.999306
0.002521 -0.001323 0.999996
0.001532 -0.001514 0.999998
0.013645 -0.014005 0.999809
0.013645 -0.014005 0.999809
0.016642 -0.010207 0.999809
0.002521 -0.001323 0.999996
0.002521 -0.001323 0.999996
0.004834 -0.001654 0.999987
0.000359 -0.000113 1.000000
0.000359 -0.000113 1.000000
0.000240 -0.000157 1.000000
0.002521 -0.001323 0.999996
0.002521 -0.001323 0.999996
0.000240 -0.000157 1.000000
0.000103 -0.000080 1.000000
0.000103 -0.000080 1.000000
0.001532 -0.001514 0.999998
0.002521 -0.001323 0.999996
0.000103 -0.000080 1.000000
0.000052 -0.000083 1.000000
0.000920 -0.001567 0.999998
0.000920 -0.001567 0.999998
0.001532 -0.001514 0.999998
0.000103 -0.000080 1.000000
0.000103 -0.000080 1.000000
0.000240 -0.000157 1.000000
0.000011 -0.000006 1.000000
0.000011 -0.000006 1.000000
0.000002 -0.000002 1.000000
0.000103 -0.000080 1.000000
0.000103 -0.000080 1.000000
0.000002 -0.000002 1.000000
0.000001 -0.000001 1.000000
0.000001 -0.000001 1.000000
0.000052 -0.000083 1.000000
0.000103 -0.000080 1.000000
0.000001 -0.000001 1.000000
0.000000 -0.000001 1.000000
0.000022 -0.000075 1.000000
0.000022 -0.000075 1.000000
0.000052 -0.000083 1.000000
0.000001 -0.000001 1.000000
0.000001 -0.000001 1.000000
0.000002 -0.000002 1.000000
0.000000 -0.000000 1.000000
0.000000 -0.000000 1.000000
0.000000 -0.000000 1.000000
0.000001 -0.000001 1.000000
0.000001 -0.000001 1.000000
0.000000 -0.000000 1.000000
0.000000 -0.000001 1.000000
0.000000 -0.000001 1.000000
0.000000 -0.000001 1.000000
0.000001 -0.000001 1.000000
0.000000 -0.000001 1.000000
0.000000 -0.000000 1.000000
0.000000 -0.000001 1.000000
0.000000 -0.000001 1.000000
0.000000 -0.000001 1.000000
0.000000 -0.000001 1.000000
0.000000 -0.000001 1.000000
0.000000 -0.000000 1.000000
0.000001 -0.000001 1.000000
0.000001 -0.000001 1.000000
0.000000 -0.000001 1.000000
0.000000 -0.000001 1.000000
0.000000 -0.000001 1.000000
0.000000 -0.000001 1.000000
-0.000000 -0.000001 1.000000
-0.000000 -0.000001 1.000000
0.000000 -0.000000 1.000000
0.000000 -0.000001 1.000000
0.000000 -0.000001 1.000000
0.000001 -0.000001 1.000000
0.000001 -0.000000 1.000000
0.000001 -0.000000 1.000000
-0.000000 -0.000001 1.000000
0.000000 -0.000001 1.000000
0.000000 -0.000001 1.000000
-0.000000 -0.000001 1.000000
-0.000000 -0.000001 1.000000
-0.000000 -0.000001 1.000000
-0.000000 -0.000001 1.000000
0.000000 -0.000001 1.000000
-0.000000 -0.000001 1.000000
-0.000000 -0.000000 1.000000
-0.000000 -0.000001 1.000000
-0.000000 -0.000001 1.000000
-0.000000 -0.000001 1.000000
-0.000000 -0.000001 1.000000
-0.000000 -0.000001 1.000000
0.000001 -0.000000 1.000000
0.000000 -0.000000 1.000000
0.000000 -0.000000 1.000000
-0.000000 -0.000000 1.000000
-0.000000 -0.000001 1.000000
0.000000 -0.000000 1.000000
0.000000 0.000000 1.000000
-0.000000 -0.000000 1.000000
-0.000000 -0.000000 1.000000
-0.000000 -0.000000 1.000000
0.000000 -0.000000 1.000000
0.000000 -0.000000 1.000000
0.000001 -0.000000 1.000000
0.000000 -0.000000 1.000000
0.000000 -0.000000 1.000000
0.000001 -0.000000 1.000000
0.000000 -0.000000 1.000000
0.000000 -0.000000 1.000000
0.000001 -0.000000 1.000000
0.000000 0.000000 1.000000
0.000000 0.000000 1.000000
0.000000 0.000000 1.000000
0.000000 -0.000000 1.000000
0.000000 0.000000 1.000000
0.000000 -0.000003 1.000000
0.000000 -0.000000 1.000000
0.000000 -0.000000 1.000000
0.000000 0.000000 1.000000
0.000000 0.000000 1.000000
0.000000 0.000000 1.000000
0.000001 -0.000000 1.000000
0.000001 0.000000 1.000000
0.000001 0.000000 1.000000
0.000001 -0.000000 1.000000
0.000000 0.000000 1.000000
0.000000 0.000000 1.000000
0.000001 -0.000000 1.000000
-0.000007 -0.000022 1.000000
-0.000007 -0.000022 1.000000
0.000000 -0.000003 1.000000
0.000000 0.000000 1.000000
-0.000007 -0.000022 1.000000
-0.000039 -0.000242 1.000000
0.000011 -0.000102 1.000000
0.000011 -0.000102 1.000000
0.000000 -0.000003 1.000000
-0.000007 -0.000022 1.000000
-0.000007 -0.000022 1.000000
0.000001 -0.000000 1.000000
0.000001 -0.000002 1.000000
0.000001 -0.000002 1.000000
0.000001 -0.000042 1.000000
-0.000007 -0.000022 1.000000
-0.000007 -0.000022 1.000000
0.000001 -0.000042 1.000000
-0.000131 -0.000531 1.000000
-0.000131 -0.000531 1.000000
-0.000039 -0.000242 1.000000
-0.000007 -0.000022 1.000000
-0.000131 -0.000531 1.000000
-0.000600 -0.003149 0.999995
-0.000054 -0.002233 0.999997
-0.000054 -0.002233 0.999997
-0.000039 -0.000242 1.000000
-0.000131 -0.000531 1.000000
-0.000131 -0.000531 1.000000
0.000001 -0.000042 1.000000
-0.000007 -0.000094 1.000000
-0.000007 -0.000094 1.000000
-0.000045 -0.000845 1.000000
-0.000131 -0.000531 1.000000
-0.000131 -0.000531 1.000000
-0.000045 -0.000845 1.000000
-0.001873 -0.005676 0.999982
-0.001873 -0.005676 0.999982
-0.000600 -0.003149 0.999995
-0.000131 -0.000531 1.000000
-0.001873 -0.005676 0.999982
-0.007472 -0.038306 0.999238
-0.001972 -0.029594 0.999560
-0.001972 -0.029594 0.999560
-0.000600 -0.003149 0.999995
-0.001873 -0.005676 0.999982
-0.001873 -0.005676 0.999982
-0.000045 -0.000845 1.000000
-0.000442 -0.001761 0.999998
-0.000442 -0.001761 0.999998
-0.002789 -0.009308 0.999953
-0.001873 -0.005676 0.999982
-0.001873 -0.005676 0.999982
-0.002789 -0.009308 0.999953
-0.026053 -0.081748 0.996312
-0.026053 -0.081748 0.996312
-0.007472 -0.038306 0.999238
-0.001873 -0.005676 0.999982
-0.026053 -0.081748 0.996312
-0.109246 -0.286291 0.951894
-0.063767 -0.245892 0.967197
-0.063767 -0.245892 0.967197
-0.007472 -0.038306 0.999238
-0.026053 -0.081748 0.996312
-0.026053 -0.081748 0.996312
-0.002789 -0.009308 0.999953
-0.004277 -0.016066 0.999862
-0.004277 -0.016066 0.999862
-0.027480 -0.119968 0.992397
-0.026053 -0.081748 0.996312
-0.026053 -0.081748 0.996312
-0.027480 -0.119968 0.992397
-0.114537 -0.340709 0.933166
-0.114537 -0.340709 0.933166
-0.109246 -0.286291 0.951894
-0.026053 -0.081748 0.996312
-0.114537 -0.340709 0.933166
-0.176384 -0.582252 0.793644
-0.137900 -0.562817 0.814997
-0.137900 -0.562817 0.814997
-0.109246 -0.286291 0.951894
-0.114537 -0.340709 0.933166
-0.114537 -0.340709 0.933166
-0.027480 -0.119968 0.992397
-0.086865 -0.167049 0.982115
-0.086865 -0.167049 0.982115
-0.145237 -0.404326 0.903010
-0.114537 -0.340709 0.933166
-0.114537 -0.340709 0.933166
-0.145237 -0.404326 0.903010
-0.105220 -0.562971 0.819751
-0.105220 -0.562971 0.819751
-0.176384 -0.582252 0.793644
-0.114537 -0.340709 0.933166
-0.105220 -0.562971 0.819751
0.175572 -0.694914 0.697330
-0.085522 -0.756994 0.647802
-0.085522 -0.756994 0.647802
-0.176384 -0.582252 0.793644
-0.105220 -0.562971 0.819751
-0.105220 -0.562971 0.819751
-0.145237 -0.404326 0.903010
-0.021959 -0.377315 0.925825
-0.021959 -0.377315 0.925825
0.247568 -0.418317 0.873911
-0.105220 -0.562971 0.819751
-0.105220 -0.562971 0.819751
0.247568 -0.418317 0.873911
0.543920 -0.481067 0.687551
0.543920 -0.481067 0.687551
0.175572 -0.694914 0.697330
-0.105220 -0.562971 0.819751
0.543920 -0.481067 0.687551
0.683462 -0.534126 0.497583
0.399945 -0.725953 0.559497
0.399945 -0.725953 0.559497
0.175572 -0.694914 0.697330
0.543920 -0.481067 0.687551
0.543920 -0.481067 0.687551
0.247568 -0.418317 0.873911
0.701225 -0.133490 0.700332
0.701225 -0.133490 0.700332
0.779013 -0.260536 0.570316
0.543920 -0.481067 0.687551
0.543920 -0.481067 0.687551
0.779013 -0.260536 0.570316
0.802925 -0.413314 0.429514
0.802925 -0.413314 0.429514
0.683462 -0.534126 0.497583
0.543920 -0.481067 0.687551
0.802925 -0.413314 0.429514
0.812299 -0.507580 0.287283
0.733859 -0.591884 0.333354
0.733859 -0.591884 0.333354
0.683462 -0.534126 0.497583
0.802925 -0.413314 0.429514
0.802925 -0.413314 0.429514
0.779013 -0.260536 0.570316
0.983218 0.163110 0.081712
0.983218 0.163110 0.081712
0.998376 0.020667 0.053092
0.802925 -0.413314 0.429514
0.802925 -0.413314 0.429514
0.998376 0.020667 0.053092
0.992288 -0.123077 0.014746
0.992288 -0.123077 0.014746
0.812299 -0.507580 0.287283
0.802925 -0.413314 0.429514
0.992288 -0.123077 0.014746
0.977122 -0.212533 -0.007918
0.824539 -0.542477 0.160793
0.824539 -0.542477 0.160793
0.812299 -0.507580 0.287283
0.992288 -0.123077 0.014746
0.992288 -0.123077 0.014746
0.998376 0.020667 0.053092
0.782452 0.476257 -0.401184
0.782452 0.476257 -0.401184
0.869790 0.347949 -0.349852
0.992288 -0.123077 0.014746
0.992288 -0.123077 0.014746
0.869790 0.347949 -0.349852
0.948517 0.187881 -0.254982
0.948517 0.187881 -0.254982
0.977122 -0.212533 -0.007918
0.992288 -0.123077 0.014746
0.869790 0.347949 -0.349852
0.782452 0.476257 -0.401184
0.618301 0.561928 -0.549492
0.618301 0.561928 -0.549492
0.734904 0.457165 -0.500915
0.869790 0.347949 -0.349852
0.869790 0.347949 -0.349852
0.734904 0.457165 -0.500915
0.854585 0.337843 -0.394395
0.854585 0.337843 -0.394395
0.948517 0.187881 -0.254982
0.869790 0.347949 -0.349852
0.734904 0.457165 -0.500915
0.618301 0.561928 -0.549492
0.549988 0.563916 -0.616045
0.549988 0.563916 -0.616045
0.666027 0.460074 -0.587145
0.734904 0.457165 -0.500915
0.734904 0.457165 -0.500915
0.666027 0.460074 -0.587145
0.794374 0.360302 -0.489032
0.794374 0.360302 -0.489032
0.854585 0.337843 -0.394395
0.734904 0.457165 -0.500915
0.666027 0.460074 -0.587145
0.549988 0.563916 -0.616045
0.469085 0.563079 -0.680368
0.469085 0.563079 -0.680368
0.580940 0.460148 -0.671395
0.666027 0.460074 -0.587145
0.666027 0.460074 -0.587145
0.580940 0.460148 -0.671395
0.698489 0.375881 -0.608955
0.698489 0.375881 -0.608955
0.794374 0.360302 -0.489032
0.666027 0.460074 -0.587145
0.580940 0.460148 -0.671395
0.469085 0.563079 -0.680368
0.384192 0.546604 -0.744057
0.384192 0.546604 -0.744057
0.476615 0.452053 -0.753981
0.580940 0.460148 -0.671395
0.580940 0.460148 -0.671395
0.476615 0.452053 -0.753981
0.565126 0.380820 -0.731853
0.565126 0.380820 -0.731853
0.698489 0.375881 -0.608955
0.580940 0.460148 -0.671395
0.476615 0.452053 -0.753981
0.384192 0.546604 -0.744057
0.285408 0.506494 -0.813637
0.285408 0.506494 -0.813637
0.344701 0.442218 -0.828025
0.476615 0.452053 -0.753981
0.476615 0.452053 -0.753981
0.344701 0.442218 -0.828025
0.410836 0.347650 -0.842825
0.410836 0.347650 -0.842825
0.565126 0.380820 -0.731853
0.476615 0.452053 -0.753981
0.410836 0.347650 -0.842825
0.344701 0.442218 -0.828025
0.201230 0.402669 -0.892952
0.201230 0.402669 -0.892952
0.243660 0.310288 -0.918886
0.410836 0.347650 -0.842825
0.410836 0.347650 -0.842825
0.243660 0.310288 -0.918886
0.280525 0.219825 -0.934335
0.280525 0.219825 -0.934335
0.469540 0.241582 -0.849217
0.410836 0.347650 -0.842825
0.410836 0.347650 -0.842825
0.469540 0.241582 -0.849217
0.626818 0.231936 -0.743845
0.626818 0.231936 -0.743845
0.565126 0.380820 -0.731853
0.410836 0.347650 -0.842825
0.280525 0.219825 -0.934335
0.243660 0.310288 -0.918886
0.059660 0.284911 -0.956696
0.059660 0.284911 -0.956696
0.083231 0.201134 -0.976021
0.280525 0.219825 -0.934335
0.280525 0.219825 -0.934335
0.083231 0.201134 -0.976021
0.102129 0.136834 -0.985315
0.102129 0.136834 -0.985315
0.312827 0.145962 -0.938528
0.280525 0.219825 -0.934335
0.280525 0.219825 -0.934335
0.312827 0.145962 -0.938528
0.490106 0.149683 -0.858715
0.490106 0.149683 -0.858715
0.469540 0.241582 -0.849217
0.280525 0.219825 -0.934335
0.102129 0.136834 -0.985315
0.083231 0.201134 -0.976021
-0.119307 0.195654 -0.973389
-0.119307 0.195654 -0.973389
-0.105498 0.132605 -0.985538
0.102129 0.136834 -0.985315
0.102129 0.136834 -0.985315
-0.105498 0.132605 -0.985538
-0.092544 0.072841 -0.993041
-0.092544 0.072841 -0.993041
0.124752 0.074427 -0.989392
0.102129 0.136834 -0.985315
0.102129 0.136834 -0.985315
0.124752 0.074427 -0.989392
0.326882 0.080161 -0.941659
0.326882 0.080161 -0.941659
0.312827 0.145962 -0.938528
0.102129 0.136834 -0.985315
-0.092544 0.072841 -0.993041
-0.105498 0.132605 -0.985538
-0.299161 0.133338 -0.944840
-0.299161 0.133338 -0.944840
-0.288265 0.078108 -0.954360
-0.092544 0.072841 -0.993041
-0.092544 0.072841 -0.993041
-0.288265 0.078108 -0.954360
-0.279327 0.019156 -0.960005
-0.279327 0.019156 -0.960005
-0.076897 0.014905 -0.996927
-0.092544 0.072841 -0.993041
-0.092544 0.072841 -0.993041
-0.076897 0.014905 -0.996927
0.138259 0.012575 -0.990316
0.138259 0.012575 -0.990316
0.124752 0.074427 -0.989392
-0.092544 0.072841 -0.993041
-0.279327 0.019156 -0.960005
-0.288265 0.078108 -0.954360
-0.470209 0.084554 -0.878495
-0.470209 0.084554 -0.878495
-0.461769 0.031783 -0.886431
-0.279327 0.019156 -0.960005
-0.279327 0.019156 -0.960005
-0.461769 0.031783 -0.886431
-0.459482 -0.026366 -0.887796
-0.459482 -0.026366 -0.887796
-0.267020 -0.044209 -0.962676
-0.279327 0.019156 -0.960005
-0.279327 0.019156 -0.960005
-0.267020 -0.044209 -0.962676
-0.064213 -0.047640 -0.996798
-0.064213 -0.047640 -0.996798
-0.076897 0.014905 -0.996927
-0.279327 0.019156 -0.960005
-0.459482 -0.026366 -0.887796
-0.461769 0.031783 -0.886431
-0.636828 0.046960 -0.769574
-0.636828 0.046960 -0.769574
-0.631959 -0.000243 -0.775002
-0.459482 -0.026366 -0.887796
-0.459482 -0.026366 -0.887796
-0.631959 -0.000243 -0.775002
-0.632651 -0.051649 -0.772713
-0.632651 -0.051649 -0.772713
-0.455651 -0.081615 -0.886409
-0.459482 -0.026366 -0.887796
-0.459482 -0.026366 -0.887796
-0.455651 -0.081615 -0.886409
-0.259525 -0.098621 -0.960688
-0.259525 -0.098621 -0.960688
-0.267020 -0.044209 -0.962676
-0.459482 -0.026366 -0.887796
-0.632651 -0.051649 -0.772713
-0.631959 -0.000243 -0.775002
-0.789035 0.017922 -0.614086
-0.789035 0.017922 -0.614086
-0.786075 -0.017873 -0.617873
-0.632651 -0.051649 -0.772713
-0.632651 -0.051649 -0.772713
-0.786075 -0.017873 -0.617873
-0.787329 -0.053267 -0.614228
-0.787329 -0.053267 -0.614228
-0.631368 -0.097961 -0.769271
-0.632651 -0.051649 -0.772713
-0.632651 -0.051649 -0.772713
-0.631368 -0.097961 -0.769271
-0.451857 -0.123892 -0.883446
-0.451857 -0.123892 -0.883446
-0.455651 -0.081615 -0.886409
-0.632651 -0.051649 -0.772713
-0.787329 -0.053267 -0.614228
-0.786075 -0.017873 -0.617873
-0.914551 0.004023 -0.404451
-0.914551 0.004023 -0.404451
-0.913246 -0.009102 -0.407307
-0.787329 -0.053267 -0.614228
-0.787329 -0.053267 -0.614228
-0.913246 -0.009102 -0.407307
-0.910630 0.094882 -0.402182
-0.910630 0.094882 -0.402182
-0.790990 0.053471 -0.609488
-0.787329 -0.053267 -0.614228
-0.787329 -0.053267 -0.614228
-0.790990 0.053471 -0.609488
-0.636740 0.020286 -0.770812
-0.636740 0.020286 -0.770812
-0.631368 -0.097961 -0.769271
-0.787329 -0.053267 -0.614228
-0.910630 0.094882 -0.402182
-0.913246 -0.009102 -0.407307
-0.990522 0.013726 -0.136667
-0.990522 0.013726 -0.136667
-0.982104 0.128737 -0.137470
-0.910630 0.094882 -0.402182
-0.910630 0.094882 -0.402182
-0.982104 0.128737 -0.137470
-0.961589 0.234163 -0.143227
-0.961589 0.234163 -0.143227
-0.892594 0.203730 -0.402206
-0.910630 0.094882 -0.402182
-0.910630 0.094882 -0.402182
-0.892594 0.203730 -0.402206
-0.772230 0.175210 -0.610706
-0.772230 0.175210 -0.610706
-0.790990 0.053471 -0.609488
-0.910630 0.094882 -0.402182
-0.961589 0.234163 -0.143227
-0.982104 0.128737 -0.137470
-0.980355 0.128549 0.149598
-0.980355 0.128549 0.149598
-0.961022 0.239976 0.137287
-0.961589 0.234163 -0.143227
-0.697734 -0.710308 -0.092896
-0.697457 -0.708866 0.105177
-0.697051 -0.710157 0.098979
-0.697051 -0.710157 0.098979
-0.697328 -0.709697 -0.100314
-0.697734 -0.710308 -0.092896
-0.697734 -0.710308 -0.092896
-0.697328 -0.709697 -0.100314
-0.593590 -0.761370 -0.260704
-0.593590 -0.761370 -0.260704
-0.594297 -0.763009 -0.254221
-0.697734 -0.710308 -0.092896
-0.697051 -0.710157 0.098979
-0.697457 -0.708866 0.105177
-0.589564 -0.764720 0.260035
-0.589564 -0.764720 0.260035
-0.591317 -0.764519 0.256622
-0.697051 -0.710157 0.098979
-0.990691 -0.019399 0.134738
-0.909962 -0.074175 0.408003
-0.926493 0.000422 0.376313
-0.926493 0.000422 0.376313
-0.990240 0.062098 0.124775
-0.990691 -0.019399 0.134738
-0.990691 -0.019399 0.134738
-0.990240 0.062098 0.124775
-0.989478 0.058266 -0.132431
-0.989478 0.058266 -0.132431
-0.991549 -0.018838 -0.128355
-0.990691 -0.019399 0.134738
-0.926493 0.000422 0.376313
-0.909962 -0.074175 0.408003
-0.788874 -0.149881 0.595998
-0.788874 -0.149881 0.595998
-0.803501 -0.074679 0.590600
-0.926493 0.000422 0.376313
-0.926493 0.000422 0.376313
-0.803501 -0.074679 0.590600
-0.811413 0.003092 0.584465
-0.811413 0.003092 0.584465
-0.935761 0.078658 0.343750
-0.926493 0.000422 0.376313
-0.926493 0.000422 0.376313
-0.935761 0.078658 0.343750
-0.984737 0.129885 0.115856
-0.984737 0.129885 0.115856
-0.990240 0.062098 0.124775
-0.926493 0.000422 0.376313
-0.811413 0.003092 0.584465
-0.803501 -0.074679 0.590600
-0.626884 -0.133083 0.767662
-0.626884 -0.133083 0.767662
-0.643678 -0.063552 0.762653
-0.811413 0.003092 0.584465
0.000002 1.000000 -0.000002
0.000001 1.000000 -0.000001
0.000002 1.000000 -0.000003
0.000002 1.000000 -0.000003
0.000002 1.000000 -0.000001
0.000002 1.000000 -0.000002
0.000002 1.000000 -0.000002
0.000002 1.000000 -0.000001
0.000002 1.000000 -0.000001
0.000002 1.000000 -0.000001
0.000002 1.000000 -0.000001
0.000002 1.000000 -0.000002
0.000002 1.000000 -0.000001
0.000002 1.000000 -0.000003
0.000001 1.000000 -0.000001
0.000001 1.000000 -0.000001
0.000001 1.000000 0.000000
0.000002 1.000000 -0.000001
0.000002 1.000000 -0.000001
0.000001 1.000000 0.000000
0.000001 1.000000 -0.000001
0.000001 1.000000 -0.000001
0.000002 1.000000 -0.000001
0.000002 1.000000 -0.000001
0.000001 1.000000 0.000000
0.000001 1.000000 -0.000001
0.000000 1.000000 0.000000
0.000000 1.000000 0.000000
0.000001 1.000000 -0.000000
0.000001 1.000000 0.000000
0.000001 1.000000 0.000000
0.000001 1.000000 -0.000000
0.000001 1.000000 -0.000000
0.000001 1.000000 -0.000000
0.000001 1.000000 -0.000001
0.000001 1.000000 0.000000
0.000001 1.000000 -0.000000
0.000000 1.000000 0.000000
0.000000 1.000000 0.000000
0.000000 1.000000 0.000000
0.000000 1.000000 0.000000
0.000001 1.000000 -0.000000
0.000001 1.000000 -0.000000
0.000000 1.000000 0.000000
0.000000 1.000000 0.000000
0.000000 1.000000 0.000000
0.000001 1.000000 -0.000000
0.000001 1.000000 -0.000000
0.000000 1.000000 0.000000
0.000000 1.000000 0.000000
0.000000 1.000000 0.000000
0.000000 1.000000 0.000000
0.000000 1.000000 0.000000
0.000000 1.000000 0.000000
0.000000 1.000000 0.000000
0.000000 1.000000 0.000000
0.000000 1.000000 0.000000
0.000000 1.000000 0.000000
0.000000 1.000000 0.000000
0.000000 1.000000 0.000000
0.000000 1.000000 0.000000
0.000000 1.000000 0.000000
0.000000 1.000000 0.000000
0.000000 1.000000 0.000000
0.000000 1.000000 0.000000
0.000000 1.000000 0.000000
0.000000 1.000000 0.000000
0.000000 1.000000 0.000000
0.000000 1.000000 0.000000
0.000000 1.000000 0.000000
0.000000 1.000000 0.000000
0.000000 1.000000 0.000000
0.000000 1.000000 0.000000
0.000000 1.000000 0.000000
0.000000 1.000000 0.000000
0.000000 1.000000 0.000000
0.000000 1.000000 0.000000
0.000000 1.000000 0.000000
0.000000 1.000000 0.000000
0.000000 1.000000 0.000000
0.000000 1.000000 0.000000
0.000000 1.000000 0.000000
0.000000 1.000000 0.000000
0.000000 1.000000 0.000000
0.000000 1.000000 0.000000
0.000000 1.000000 0.000000
0.000000 1.000000 0.000000
0.000000 1.000000 0.000000
0.000000 1.000000 0.000000
0.000000 1.000000 0.000000
0.000000 1.000000 0.000000
0.000000 1.000000 0.000000
0.000000 1.000000 0.000000
0.000000 1.000000 0.000000
0.000000 1.000000 0.000000
0.000000 1.000000 0.000000
0.000000 1.000000 0.000000
0.000000 1.000000 0.000000
0.000000 1.000000 0.000000
0.000000 1.000000 0.000000
0.000000 1.000000 0.000000
0.000000 1.000000 0.000000
0.000000 1.000000 0.000000
0.000000 1.000000 0.000000
0.000000 1.000000 0.000000
0.000000 1.000000 0.000000
0.000000 1.000000 0.000000
0.000000 1.000000 0.000000
0.000000 1.000000 0.000000
0.000000 1.000000 0.000000
0.000000 1.000000 0.000000
0.000000 1.000000 0.000000
0.000000 1.000000 0.000000
0.000000 1.000000 0.000000
0.000000 1.000000 0.000000
0.000000 1.000000 0.000000
0.000000 1.000000 0.000000
0.000000 1.000000 0.000000
0.000000 1.000000 0.000000
0.000000 1.000000 0.000000
0.000000 1.000000 0.000000
-0.000000 1.000000 -0.000002
-0.000000 1.000000 -0.000001
-0.000000 1.000000 -0.000001
0.000000 1.000000 0.000000
0.000000 1.000000 0.000000
0.000000 1.000000 0.000000
0.000000 1.000000 0.000000
0.000000 1.000000 -0.000002
0.000000 1.000000 -0.000002
-0.000000 1.000000 -0.000002
0.000000 1.000000 0.000000
0.000000 1.000000 -0.000002
0.000000 1.000000 -0.000003
0.000000 1.000000 -0.000003
0.000000 1.000000 -0.000003
-0.000000 1.000000 -0.000002
0.000000 1.000000 -0.000002
0.000000 1.000000 -0.000002
0.000000 1.000000 0.000000
0.000000 1.000000 0.000000
0.000000 1.000000 0.000000
0.000001 1.000000 -0.000002
0.000000 1.000000 -0.000002
0.000000 1.000000 -0.000002
0.000001 1.000000 -0.000002
0.000001 1.000000 -0.000003
0.000001 1.000000 -0.000003
0.000000 1.000000 -0.000003
0.000000 1.000000 -0.000002
0.000001 1.000000 -0.000003
0.000001 1.000000 -0.000002
0.000000 1.000000 -0.000002
0.000000 1.000000 -0.000002
0.000000 1.000000 -0.000003
0.000001 1.000000 -0.000003
0.000001 1.000000 -0.000003
0.000001 1.000000 -0.000002
0.000001 1.000000 -0.000001
0.000001 1.000000 -0.000001
0.000002 1.000000 -0.000003
0.000001 1.000000 -0.000003
0.000001 1.000000 -0.000003
0.000002 1.000000 -0.000003
0.000001 1.000000 -0.000001
0.000001 1.000000 -0.000001
0.000001 1.000000 -0.000002
0.000001 1.000000 -0.000003
-0.409817 -0.089959 0.907721
-0.407512 -0.163302 0.898480
-0.155540 -0.169439 0.973189
-0.155540 -0.169439 0.973189
-0.152758 -0.095274 0.983660
-0.409817 -0.089959 0.907721
-0.409817 -0.089959 0.907721
-0.643678 -0.063552 0.762653
-0.626884 -0.133083 0.767662
-0.626884 -0.133083 0.767662
-0.407512 -0.163302 0.898480
-0.409817 -0.089959 0.907721
0.000001 1.000000 -0.000002
0.000000 1.000000 0.000000
0.000000 1.000000 0.000000
0.000000 1.000000 0.000000
0.000001 1.000000 -0.000001
0.000001 1.000000 -0.000002
0.000000 1.000000 -0.000003
0.000000 1.000000 -0.000002
-0.000000 1.000000 -0.000002
-0.000000 1.000000 -0.000002
0.000000 1.000000 -0.000003
0.000000 1.000000 -0.000003
-0.000000 1.000000 -0.000002
0.000000 1.000000 -0.000003
-0.000001 1.000000 -0.000003
-0.000001 1.000000 -0.000003
-0.000000 1.000000 -0.000001
-0.000000 1.000000 -0.000002
-0.626884 -0.133083 0.767662
-0.601491 -0.212023 0.770231
-0.399438 -0.231019 0.887175
-0.399438 -0.231019 0.887175
-0.407512 -0.163302 0.898480
-0.626884 -0.133083 0.767662
-0.626884 -0.133083 0.767662
-0.803501 -0.074679 0.590600
-0.788874 -0.149881 0.595998
-0.788874 -0.149881 0.595998
-0.601491 -0.212023 0.770231
-0.626884 -0.133083 0.767662
-0.449995 -0.821254 0.350780
-0.444459 -0.820813 0.358780
-0.314690 -0.860250 0.401173
-0.314690 -0.860250 0.401173
-0.316567 -0.861270 0.397491
-0.449995 -0.821254 0.350780
-0.449995 -0.821254 0.350780
-0.591317 -0.764519 0.256622
-0.589564 -0.764720 0.260035
-0.589564 -0.764720 0.260035
-0.444459 -0.820813 0.358780
-0.449995 -0.821254 0.350780
-0.891658 0.205300 0.403483
-0.905733 0.088212 0.414567
-0.780882 0.053433 0.622389
-0.780882 0.053433 0.622389
-0.768597 0.184279 0.612617
-0.891658 0.205300 0.403483
-0.891658 0.205300 0.403483
-0.961022 0.239976 0.137287
-0.980355 0.128549 0.149598
-0.980355 0.128549 0.149598
-0.905733 0.088212 0.414567
-0.891658 0.205300 0.403483
-0.980355 0.128549 0.149598
-0.986939 0.014030 0.160483
-0.905583 -0.011988 0.424000
-0.905583 -0.011988 0.424000
-0.905733 0.088212 0.414567
-0.980355 0.128549 0.149598
-0.980355 0.128549 0.149598
-0.982104 0.128737 -0.137470
-0.990522 0.013726 -0.136667
-0.990522 0.013726 -0.136667
-0.986939 0.014030 0.160483
-0.980355 0.128549 0.149598
-0.990522 0.013726 -0.136667
-0.991208 0.016472 -0.131287
-0.986011 0.018749 0.165621
-0.986011 0.018749 0.165621
-0.986939 0.014030 0.160483
-0.990522 0.013726 -0.136667
-0.990522 0.013726 -0.136667
-0.913246 -0.009102 -0.407307
-0.914551 0.004023 -0.404451
-0.914551 0.004023 -0.404451
-0.991208 0.016472 -0.131287
-0.990522 0.013726 -0.136667
-0.914551 0.004023 -0.404451
-0.917042 0.022017 -0.398181
-0.991599 0.026187 -0.126675
-0.991599 0.026187 -0.126675
-0.991208 0.016472 -0.131287
-0.914551 0.004023 -0.404451
-0.914551 0.004023 -0.404451
-0.786075 -0.017873 -0.617873
-0.789035 0.017922 -0.614086
-0.789035 0.017922 -0.614086
-0.917042 0.022017 -0.398181
-0.914551 0.004023 -0.404451
-0.789035 0.017922 -0.614086
-0.796974 0.048819 -0.602038
-0.921870 0.040010 -0.385429
-0.921870 0.040010 -0.385429
-0.917042 0.022017 -0.398181
-0.789035 0.017922 -0.614086
-0.789035 0.017922 -0.614086
-0.631959 -0.000243 -0.775002
-0.636828 0.046960 -0.769574
-0.636828 0.046960 -0.769574
-0.796974 0.048819 -0.602038
-0.789035 0.017922 -0.614086
-0.636828 0.046960 -0.769574
-0.647452 0.083344 -0.757535
-0.806333 0.072211 -0.587037
-0.806333 0.072211 -0.587037
-0.796974 0.048819 -0.602038
-0.636828 0.046960 -0.769574
-0.636828 0.046960 -0.769574
-0.461769 0.031783 -0.886431
-0.470209 0.084554 -0.878495
-0.470209 0.084554 -0.878495
-0.647452 0.083344 -0.757535
-0.636828 0.046960 -0.769574
-0.470209 0.084554 -0.878495
-0.483447 0.128261 -0.865926
-0.659025 0.117079 -0.742953
-0.659025 0.117079 -0.742953
-0.647452 0.083344 -0.757535
-0.470209 0.084554 -0.878495
-0.470209 0.084554 -0.878495
-0.288265 0.078108 -0.954360
-0.299161 0.133338 -0.944840
-0.299161 0.133338 -0.944840
-0.483447 0.128261 -0.865926
-0.470209 0.084554 -0.878495
-0.299161 0.133338 -0.944840
-0.313425 0.187023 -0.931014
-0.495932 0.178358 -0.849847
-0.495932 0.178358 -0.849847
-0.483447 0.128261 -0.865926
-0.299161 0.133338 -0.944840
-0.299161 0.133338 -0.944840
-0.105498 0.132605 -0.985538
-0.119307 0.195654 -0.973389
-0.119307 0.195654 -0.973389
-0.313425 0.187023 -0.931014
-0.299161 0.133338 -0.944840
-0.119307 0.195654 -0.973389
-0.135495 0.266377 -0.954298
-0.324876 0.255077 -0.910709
-0.324876 0.255077 -0.910709
-0.313425 0.187023 -0.931014
-0.119307 0.195654 -0.973389
-0.119307 0.195654 -0.973389
0.083231 0.201134 -0.976021
0.059660 0.284911 -0.956696
0.059660 0.284911 -0.956696
-0.135495 0.266377 -0.954298
-0.119307 0.195654 -0.973389
0.059660 0.284911 -0.956696
0.034034 0.360416 -0.932171
-0.146743 0.345159 -0.927002
-0.146743 0.345159 -0.927002
-0.135495 0.266377 -0.954298
0.059660 0.284911 -0.956696
0.059660 0.284911 -0.956696
0.243660 0.310288 -0.918886
0.201230 0.402669 -0.892952
0.201230 0.402669 -0.892952
0.034034 0.360416 -0.932171
0.059660 0.284911 -0.956696
0.201230 0.402669 -0.892952
0.155529 0.460366 -0.873999
0.019340 0.430616 -0.902328
0.019340 0.430616 -0.902328
0.034034 0.360416 -0.932171
0.201230 0.402669 -0.892952
0.201230 0.402669 -0.892952
0.344701 0.442218 -0.828025
0.285408 0.506494 -0.813637
0.285408 0.506494 -0.813637
0.155529 0.460366 -0.873999
0.201230 0.402669 -0.892952
0.285408 0.506494 -0.813637
0.241610 0.534322 -0.810015
0.135490 0.510448 -0.849168
0.135490 0.510448 -0.849168
0.155529 0.460366 -0.873999
0.285408 0.506494 -0.813637
0.285408 0.506494 -0.813637
0.384192 0.546604 -0.744057
0.338038 0.549440 -0.764098
0.338038 0.549440 -0.764098
0.241610 0.534322 -0.810015
0.285408 0.506494 -0.813637
0.384192 0.546604 -0.744057
0.469085 0.563079 -0.680368
0.414419 0.557654 -0.719221
0.414419 0.557654 -0.719221
0.338038 0.549440 -0.764098
0.384192 0.546604 -0.744057
0.469085 0.563079 -0.680368
0.549988 0.563916 -0.616045
0.492150 0.562569 -0.664308
0.492150 0.562569 -0.664308
0.414419 0.557654 -0.719221
0.469085 0.563079 -0.680368
0.492150 0.562569 -0.664308
0.493402 0.543961 -0.678720
0.416196 0.543684 -0.728827
0.416196 0.543684 -0.728827
0.414419 0.557654 -0.719221
0.492150 0.562569 -0.664308
0.492150 0.562569 -0.664308
0.549988 0.563916 -0.616045
0.618301 0.561928 -0.549492
0.618301 0.561928 -0.549492
0.562989 0.558947 -0.608788
0.492150 0.562569 -0.664308
0.492150 0.562569 -0.664308
0.562989 0.558947 -0.608788
0.567893 0.533677 -0.626647
0.567893 0.533677 -0.626647
0.493402 0.543961 -0.678720
0.492150 0.562569 -0.664308
0.567893 0.533677 -0.626647
0.562989 0.558947 -0.608788
0.727129 0.506439 -0.463468
0.727129 0.506439 -0.463468
0.718993 0.503234 -0.479381
0.567893 0.533677 -0.626647
0.567893 0.533677 -0.626647
0.718993 0.503234 -0.479381
0.795962 0.474426 -0.375985
0.795962 0.474426 -0.375985
0.627192 0.499792 -0.597359
0.567893 0.533677 -0.626647
0.567893 0.533677 -0.626647
0.627192 0.499792 -0.597359
0.555965 0.504617 -0.660503
0.555965 0.504617 -0.660503
0.493402 0.543961 -0.678720
0.567893 0.533677 -0.626647
0.627192 0.499792 -0.597359
0.795962 0.474426 -0.375985
0.839272 0.470062 -0.273249
0.839272 0.470062 -0.273249
0.685912 0.475473 -0.550863
0.627192 0.499792 -0.597359
0.627192 0.499792 -0.597359
0.685912 0.475473 -0.550863
0.622350 0.482504 -0.616336
0.622350 0.482504 -0.616336
0.555965 0.504617 -0.660503
0.627192 0.499792 -0.597359
0.685912 0.475473 -0.550863
0.839272 0.470062 -0.273249
0.856346 0.472945 -0.207351
0.856346 0.472945 -0.207351
0.732378 0.463213 -0.499055
0.685912 0.475473 -0.550863
0.685912 0.475473 -0.550863
0.732378 0.463213 -0.499055
0.675206 0.461541 -0.575393
0.675206 0.461541 -0.575393
0.622350 0.482504 -0.616336
0.685912 0.475473 -0.550863
0.856346 0.472945 -0.207351
0.885114 0.436286 -0.161950
0.805964 0.422102 -0.415032
0.805964 0.422102 -0.415032
0.732378 0.463213 -0.499055
0.856346 0.472945 -0.207351
0.856346 0.472945 -0.207351
0.839272 0.470062 -0.273249
0.832958 0.309707 0.458545
0.832958 0.309707 0.458545
0.769269 0.345440 0.537490
0.856346 0.472945 -0.207351
0.856346 0.472945 -0.207351
0.769269 0.345440 0.537490
0.775632 0.365275 0.514752
0.775632 0.365275 0.514752
0.885114 0.436286 -0.161950
0.856346 0.472945 -0.207351
0.775632 0.365275 0.514752
0.807956 0.297601 0.508568
0.933692 0.339851 -0.112787
0.933692 0.339851 -0.112787
0.885114 0.436286 -0.161950
0.775632 0.365275 0.514752
0.775632 0.365275 0.514752
0.769269 0.345440 0.537490
0.220135 0.034268 0.974867
0.220135 0.034268 0.974867
0.238858 0.102894 0.965588
0.775632 0.365275 0.514752
0.775632 0.365275 0.514752
0.238858 0.102894 0.965588
0.263675 0.098594 0.959560
0.263675 0.098594 0.959560
0.807956 0.297601 0.508568
0.775632 0.365275 0.514752
0.263675 0.098594 0.959560
0.228285 0.049668 0.972327
0.868802 0.153132 0.470886
0.868802 0.153132 0.470886
0.807956 0.297601 0.508568
0.263675 0.098594 0.959560
0.263675 0.098594 0.959560
0.238858 0.102894 0.965588
0.006803 -0.003642 0.999970
0.006803 -0.003642 0.999970
0.011880 0.003356 0.999924
0.263675 0.098594 0.959560
0.263675 0.098594 0.959560
0.011880 0.003356 0.999924
0.009308 0.002149 0.999954
0.009308 0.002149 0.999954
0.228285 0.049668 0.972327
0.263675 0.098594 0.959560
0.009308 0.002149 0.999954
0.005092 -0.000378 0.999987
0.069233 -0.005319 0.997586
0.069233 -0.005319 0.997586
0.228285 0.049668 0.972327
0.009308 0.002149 0.999954
0.009308 0.002149 0.999954
0.011880 0.003356 0.999924
0.000424 -0.000459 1.000000
0.000424 -0.000459 1.000000
0.000568 0.000050 1.000000
0.009308 0.002149 0.999954
0.009308 0.002149 0.999954
0.000568 0.000050 1.000000
0.000444 -0.000015 1.000000
0.000444 -0.000015 1.000000
0.005092 -0.000378 0.999987
0.009308 0.002149 0.999954
0.000444 -0.000015 1.000000
0.000359 -0.000113 1.000000
0.004834 -0.001654 0.999987
0.004834 -0.001654 0.999987
0.005092 -0.000378 0.999987
0.000444 -0.000015 1.000000
0.000444 -0.000015 1.000000
0.000568 0.000050 1.000000
0.000015 -0.000019 1.000000
0.000015 -0.000019 1.000000
0.000021 -0.000002 1.000000
0.000444 -0.000015 1.000000
0.000444 -0.000015 1.000000
0.000021 -0.000002 1.000000
0.000011 -0.000003 1.000000
0.000011 -0.000003 1.000000
0.000359 -0.000113 1.000000
0.000444 -0.000015 1.000000
0.000011 -0.000003 1.000000
0.000011 -0.000006 1.000000
0.000240 -0.000157 1.000000
0.000240 -0.000157 1.000000
0.000359 -0.000113 1.000000
0.000011 -0.000003 1.000000
0.000011 -0.000003 1.000000
0.000021 -0.000002 1.000000
-0.000000 -0.000000 1.000000
-0.000000 -0.000000 1.000000
0.000000 0.000000 1.000000
0.000011 -0.000003 1.000000
0.000011 -0.000003 1.000000
0.000000 0.000000 1.000000
0.000000 0.000000 1.000000
0.000000 0.000000 1.000000
0.000011 -0.000006 1.000000
0.000011 -0.000003 1.000000
0.000000 0.000000 1.000000
0.000000 -0.000000 1.000000
0.000002 -0.000002 1.000000
0.000002 -0.000002 1.000000
0.000011 -0.000006 1.000000
0.000000 0.000000 1.000000
0.000000 0.000000 1.000000
0.000000 0.000000 1.000000
0.000001 -0.000000 1.000000
0.000001 -0.000000 1.000000
0.000001 -0.000000 1.000000
0.000000 0.000000 1.000000
0.000000 0.000000 1.000000
0.000001 -0.000000 1.000000
0.000001 -0.000000 1.000000
0.000001 -0.000000 1.000000
0.000000 -0.000000 1.000000
0.000000 0.000000 1.000000
0.000001 -0.000000 1.000000
0.000001 -0.000001 1.000000
0.000000 -0.000000 1.000000
0.000000 -0.000000 1.000000
0.000000 -0.000000 1.000000
0.000001 -0.000000 1.000000
0.000001 -0.000000 1.000000
0.000001 -0.000000 1.000000
0.000001 -0.000000 1.000000
0.000001 -0.000000 1.000000
0.000000 -0.000000 1.000000
0.000001 -0.000000 1.000000
0.000001 -0.000000 1.000000
0.000000 -0.000000 1.000000
0.000001 -0.000000 1.000000
0.000001 -0.000000 1.000000
0.000001 -0.000001 1.000000
0.000001 -0.000000 1.000000
0.000000 0.000000 1.000000
-0.000000 -0.000000 1.000000
0.000001 0.000000 1.000000
0.000001 0.000000 1.000000
0.000001 -0.000000 1.000000
0.000000 0.000000 1.000000
-0.000000 -0.000000 1.000000
0.000021 -0.000002 1.000000
0.000015 -0.000019 1.000000
0.000015 -0.000019 1.000000
-0.000001 -0.000007 1.000000
-0.000000 -0.000000 1.000000
-0.000000 -0.000000 1.000000
-0.000001 -0.000007 1.000000
-0.000000 -0.000006 1.000000
-0.000000 -0.000006 1.000000
0.000001 0.000000 1.000000
-0.000000 -0.000000 1.000000
-0.000000 -0.000006 1.000000
-0.000001 -0.000007 1.000000
-0.000064 -0.000269 1.000000
-0.000064 -0.000269 1.000000
-0.000007 -0.000094 1.000000
-0.000000 -0.000006 1.000000
-0.000000 -0.000006 1.000000
-0.000007 -0.000094 1.000000
0.000001 -0.000042 1.000000
0.000001 -0.000042 1.000000
0.000001 -0.000002 1.000000
-0.000000 -0.000006 1.000000
-0.000000 -0.000006 1.000000
0.000001 -0.000002 1.000000
0.000001 0.000000 1.000000
0.000001 0.000000 1.000000
0.000001 0.000000 1.000000
-0.000000 -0.000006 1.000000
-0.000064 -0.000269 1.000000
-0.000001 -0.000007 1.000000
0.000015 -0.000019 1.000000
0.000015 -0.000019 1.000000
-0.000011 -0.000399 1.000000
-0.000064 -0.000269 1.000000
-0.000064 -0.000269 1.000000
-0.000011 -0.000399 1.000000
-0.000794 -0.003612 0.999993
-0.000794 -0.003612 0.999993
-0.000442 -0.001761 0.999998
-0.000064 -0.000269 1.000000
-0.000064 -0.000269 1.000000
-0.000442 -0.001761 0.999998
-0.000045 -0.000845 1.000000
-0.000045 -0.000845 1.000000
-0.000007 -0.000094 1.000000
-0.000064 -0.000269 1.000000
-0.000794 -0.003612 0.999993
-0.000011 -0.000399 1.000000
0.000424 -0.000459 1.000000
0.000424 -0.000459 1.000000
-0.000268 -0.004705 0.999989
-0.000794 -0.003612 0.999993
-0.000794 -0.003612 0.999993
-0.000268 -0.004705 0.999989
-0.007804 -0.040663 0.999142
-0.007804 -0.040663 0.999142
-0.004277 -0.016066 0.999862
-0.000794 -0.003612 0.999993
-0.000794 -0.003612 0.999993
-0.004277 -0.016066 0.999862
-0.002789 -0.009308 0.999953
-0.002789 -0.009308 0.999953
-0.000442 -0.001761 0.999998
-0.000794 -0.003612 0.999993
-0.007804 -0.040663 0.999142
-0.086865 -0.167049 0.982115
-0.027480 -0.119968 0.992397
-0.027480 -0.119968 0.992397
-0.004277 -0.016066 0.999862
-0.007804 -0.040663 0.999142
-0.007804 -0.040663 0.999142
-0.000268 -0.004705 0.999989
0.006803 -0.003642 0.999970
0.006803 -0.003642 0.999970
-0.005161 -0.066018 0.997805
-0.007804 -0.040663 0.999142
-0.007804 -0.040663 0.999142
-0.005161 -0.066018 0.997805
-0.070907 -0.195255 0.978186
-0.070907 -0.195255 0.978186
-0.086865 -0.167049 0.982115
-0.007804 -0.040663 0.999142
-0.070907 -0.195255 0.978186
-0.021959 -0.377315 0.925825
-0.145237 -0.404326 0.903010
-0.145237 -0.404326 0.903010
-0.086865 -0.167049 0.982115
-0.070907 -0.195255 0.978186
-0.070907 -0.195255 0.978186
-0.005161 -0.066018 0.997805
0.220135 0.034268 0.974867
0.220135 0.034268 0.974867
0.284177 -0.049224 0.957507
-0.070907 -0.195255 0.978186
-0.070907 -0.195255 0.978186
0.284177 -0.049224 0.957507
0.486261 -0.112243 0.866575
0.486261 -0.112243 0.866575
-0.021959 -0.377315 0.925825
-0.070907 -0.195255 0.978186
0.486261 -0.112243 0.866575
0.701225 -0.133490 0.700332
0.247568 -0.418317 0.873911
0.247568 -0.418317 0.873911
-0.021959 -0.377315 0.925825
0.486261 -0.112243 0.866575
0.486261 -0.112243 0.866575
0.284177 -0.049224 0.957507
0.832958 0.309707 0.458545
0.832958 0.309707 0.458545
0.913433 0.290789 0.284748
0.486261 -0.112243 0.866575
0.486261 -0.112243 0.866575
0.913433 0.290789 0.284748
0.956499 0.259707 0.132898
0.956499 0.259707 0.132898
0.701225 -0.133490 0.700332
0.486261 -0.112243 0.866575
0.956499 0.259707 0.132898
0.983218 0.163110 0.081712
0.779013 -0.260536 0.570316
0.779013 -0.260536 0.570316
0.701225 -0.133490 0.700332
0.956499 0.259707 0.132898
0.956499 0.259707 0.132898
0.913433 0.290789 0.284748
0.795962 0.474426 -0.375985
0.795962 0.474426 -0.375985
0.718993 0.503234 -0.479381
0.956499 0.259707 0.132898
0.956499 0.259707 0.132898
0.718993 0.503234 -0.479381
0.727129 0.506439 -0.463468
0.727129 0.506439 -0.463468
0.983218 0.163110 0.081712
0.956499 0.259707 0.132898
0.913433 0.290789 0.284748
0.832958 0.309707 0.458545
0.839272 0.470062 -0.273249
0.839272 0.470062 -0.273249
0.795962 0.474426 -0.375985
0.913433 0.290789 0.284748
0.284177 -0.049224 0.957507
0.220135 0.034268 0.974867
0.769269 0.345440 0.537490
0.769269 0.345440 0.537490
0.832958 0.309707 0.458545
0.284177 -0.049224 0.957507
-0.005161 -0.066018 0.997805
0.006803 -0.003642 0.999970
0.238858 0.102894 0.965588
0.238858 0.102894 0.965588
0.220135 0.034268 0.974867
-0.005161 -0.066018 0.997805
-0.000268 -0.004705 0.999989
0.000424 -0.000459 1.000000
0.011880 0.003356 0.999924
0.011880 0.003356 0.999924
0.006803 -0.003642 0.999970
-0.000268 -0.004705 0.999989
-0.000011 -0.000399 1.000000
0.000015 -0.000019 1.000000
0.000568 0.000050 1.000000
0.000568 0.000050 1.000000
0.000424 -0.000459 1.000000
-0.000011 -0.000399 1.000000
0.727129 0.506439 -0.463468
0.782452 0.476257 -0.401184
0.998376 0.020667 0.053092
0.998376 0.020667 0.053092
0.983218 0.163110 0.081712
0.727129 0.506439 -0.463468
0.727129 0.506439 -0.463468
0.562989 0.558947 -0.608788
0.618301 0.561928 -0.549492
0.618301 0.561928 -0.549492
0.782452 0.476257 -0.401184
0.727129 0.506439 -0.463468
0.824539 -0.542477 0.160793
0.841550 -0.536469 0.063204
0.763218 -0.639988 0.088958
0.763218 -0.639988 0.088958
0.753133 -0.631061 0.185882
0.824539 -0.542477 0.160793
0.824539 -0.542477 0.160793
0.753133 -0.631061 0.185882
0.733859 -0.591884 0.333354
0.733859 -0.591884 0.333354
0.812299 -0.507580 0.287283
0.824539 -0.542477 0.160793
0.824539 -0.542477 0.160793
0.977122 -0.212533 -0.007918
0.967947 -0.245790 -0.051631
0.967947 -0.245790 -0.051631
0.841550 -0.536469 0.063204
0.824539 -0.542477 0.160793
0.753133 -0.631061 0.185882
0.763218 -0.639988 0.088958
0.658797 -0.744760 0.106392
0.658797 -0.744760 0.106392
0.621647 -0.753317 0.214635
0.753133 -0.631061 0.185882
0.753133 -0.631061 0.185882
0.621647 -0.753317 0.214635
0.538676 -0.757705 0.368391
0.538676 -0.757705 0.368391
0.733859 -0.591884 0.333354
0.753133 -0.631061 0.185882
0.538676 -0.757705 0.368391
0.621647 -0.753317 0.214635
0.432676 -0.871934 0.229178
0.432676 -0.871934 0.229178
0.355748 -0.860799 0.363963
0.538676 -0.757705 0.368391
0.538676 -0.757705 0.368391
0.355748 -0.860799 0.363963
0.167635 -0.845677 0.506683
0.167635 -0.845677 0.506683
0.399945 -0.725953 0.559497
0.538676 -0.757705 0.368391
0.538676 -0.757705 0.368391
0.399945 -0.725953 0.559497
0.683462 -0.534126 0.497583
0.683462 -0.534126 0.497583
0.733859 -0.591884 0.333354
0.538676 -0.757705 0.368391
0.167635 -0.845677 0.506683
0.355748 -0.860799 0.363963
0.279534 -0.899851 0.334855
0.279534 -0.899851 0.334855
0.079402 -0.907884 0.411632
0.167635 -0.845677 0.506683
0.167635 -0.845677 0.506683
0.079402 -0.907884 0.411632
-0.097094 -0.773528 0.626280
-0.097094 -0.773528 0.626280
-0.085522 -0.756994 0.647802
0.167635 -0.845677 0.506683
0.167635 -0.845677 0.506683
-0.085522 -0.756994 0.647802
0.175572 -0.694914 0.697330
0.175572 -0.694914 0.697330
0.399945 -0.725953 0.559497
0.167635 -0.845677 0.506683
-0.097094 -0.773528 0.626280
0.079402 -0.907884 0.411632
0.011017 -0.939793 0.341567
0.011017 -0.939793 0.341567
-0.101765 -0.785433 0.610524
-0.097094 -0.773528 0.626280
-0.097094 -0.773528 0.626280
-0.101765 -0.785433 0.610524
-0.123563 -0.535353 0.835542
-0.123563 -0.535353 0.835542
-0.137900 -0.562817 0.814997
-0.097094 -0.773528 0.626280
-0.097094 -0.773528 0.626280
-0.137900 -0.562817 0.814997
-0.176384 -0.582252 0.793644
-0.176384 -0.582252 0.793644
-0.085522 -0.756994 0.647802
-0.097094 -0.773528 0.626280
-0.123563 -0.535353 0.835542
-0.101765 -0.785433 0.610524
-0.075213 -0.788271 0.610715
-0.075213 -0.788271 0.610715
-0.115441 -0.509148 0.852902
-0.123563 -0.535353 0.835542
-0.123563 -0.535353 0.835542
-0.115441 -0.509148 0.852902
-0.050772 -0.201790 0.978112
-0.050772 -0.201790 0.978112
-0.063767 -0.245892 0.967197
-0.123563 -0.535353 0.835542
-0.123563 -0.535353 0.835542
-0.063767 -0.245892 0.967197
-0.109246 -0.286291 0.951894
-0.109246 -0.286291 0.951894
-0.137900 -0.562817 0.814997
-0.123563 -0.535353 0.835542
-0.050772 -0.201790 0.978112
-0.115441 -0.509148 0.852902
-0.038043 -0.455618 0.889362
-0.038043 -0.455618 0.889362
-0.022803 -0.128272 0.991477
-0.050772 -0.201790 0.978112
-0.050772 -0.201790 0.978112
-0.022803 -0.128272 0.991477
-0.005734 -0.016467 0.999848
-0.005734 -0.016467 0.999848
-0.001972 -0.029594 0.999560
-0.050772 -0.201790 0.978112
-0.050772 -0.201790 0.978112
-0.001972 -0.029594 0.999560
-0.007472 -0.038306 0.999238
-0.007472 -0.038306 0.999238
-0.063767 -0.245892 0.967197
-0.050772 -0.201790 0.978112
-0.005734 -0.016467 0.999848
-0.022803 -0.128272 0.991477
0.008656 -0.072616 0.997322
0.008656 -0.072616 0.997322
-0.000226 -0.007145 0.999974
-0.005734 -0.016467 0.999848
-0.005734 -0.016467 0.999848
-0.000226 -0.007145 0.999974
-0.000233 -0.001404 0.999999
-0.000233 -0.001404 0.999999
-0.000054 -0.002233 0.999997
-0.005734 -0.016467 0.999848
-0.005734 -0.016467 0.999848
-0.000054 -0.002233 0.999997
-0.000600 -0.003149 0.999995
-0.000600 -0.003149 0.999995
-0.001972 -0.029594 0.999560
-0.005734 -0.016467 0.999848
-0.000233 -0.001404 0.999999
-0.000226 -0.007145 0.999974
0.001102 -0.005969 0.999982
0.001102 -0.005969 0.999982
0.000053 -0.000673 1.000000
-0.000233 -0.001404 0.999999
-0.000233 -0.001404 0.999999
0.000053 -0.000673 1.000000
-0.000009 -0.000044 1.000000
-0.000009 -0.000044 1.000000
0.000011 -0.000102 1.000000
-0.000233 -0.001404 0.999999
-0.000233 -0.001404 0.999999
0.000011 -0.000102 1.000000
-0.000039 -0.000242 1.000000
-0.000039 -0.000242 1.000000
-0.000054 -0.002233 0.999997
-0.000233 -0.001404 0.999999
-0.000009 -0.000044 1.000000
0.000053 -0.000673 1.000000
0.000169 -0.000450 1.000000
0.000169 -0.000450 1.000000
0.000002 -0.000013 1.000000
-0.000009 -0.000044 1.000000
-0.000009 -0.000044 1.000000
0.000002 -0.000013 1.000000
-0.000000 -0.000000 1.000000
-0.000000 -0.000000 1.000000
0.000000 -0.000000 1.000000
-0.000009 -0.000044 1.000000
-0.000009 -0.000044 1.000000
0.000000 -0.000000 1.000000
0.000000 -0.000003 1.000000
0.000000 -0.000003 1.000000
0.000011 -0.000102 1.000000
-0.000009 -0.000044 1.000000
-0.000000 -0.000000 1.000000
0.000002 -0.000013 1.000000
0.000003 -0.000007 1.000000
0.000003 -0.000007 1.000000
-0.000001 0.000000 1.000000
-0.000000 -0.000000 1.000000
-0.000000 -0.000000 1.000000
-0.000001 0.000000 1.000000
-0.000000 -0.000000 1.000000
-0.000000 -0.000000 1.000000
-0.000000 -0.000000 1.000000
-0.000000 -0.000000 1.000000
-0.000000 -0.000000 1.000000
-0.000000 -0.000000 1.000000
0.000000 0.000000 1.000000
0.000000 0.000000 1.000000
0.000000 -0.000000 1.000000
-0.000000 -0.000000 1.000000
-0.000000 -0.000000 1.000000
-0.000001 0.000000 1.000000
-0.000001 -0.000000 1.000000
-0.000001 -0.000000 1.000000
-0.000001 -0.000001 1.000000
-0.000000 -0.000000 1.000000
-0.000000 -0.000000 1.000000
-0.000001 -0.000001 1.000000
-0.000001 -0.000001 1.000000
-0.000001 -0.000001 1.000000
-0.000000 -0.000001 1.000000
-0.000000 -0.000000 1.000000
-0.000000 -0.000000 1.000000
-0.000000 -0.000001 1.000000
-0.000000 -0.000000 1.000000
-0.000000 -0.000000 1.000000
-0.000000 -0.000000 1.000000
-0.000000 -0.000000 1.000000
-0.000001 -0.000001 1.000000
-0.000001 -0.000001 1.000000
-0.000001 -0.000000 1.000000
-0.000001 -0.000000 1.000000
-0.000000 -0.000000 1.000000
-0.000001 -0.000001 1.000000
-0.000001 -0.000001 1.000000
-0.000000 -0.000000 1.000000
-0.000000 -0.000001 1.000000
-0.000000 -0.000001 1.000000
-0.000000 -0.000001 1.000000
-0.000001 -0.000001 1.000000
-0.000001 -0.000001 1.000000
-0.000000 -0.000001 1.000000
-0.000000 -0.000001 1.000000
-0.000000 -0.000001 1.000000
-0.000000 -0.000001 1.000000
-0.000001 -0.000001 1.000000
-0.000000 -0.000000 1.000000
-0.000001 -0.000000 1.000000
0.000000 0.000000 1.000000
0.000000 0.000000 1.000000
0.000000 0.000000 1.000000
-0.000000 -0.000000 1.000000
-0.000000 -0.000000 1.000000
0.000000 0.000000 1.000000
0.000000 0.000000 1.000000
0.000000 0.000000 1.000000
-0.000000 -0.000001 1.000000
-0.000000 -0.000000 1.000000
0.000000 0.000000 1.000000
0.000000 0.000000 1.000000
0.000000 0.000000 1.000000
0.000000 0.000000 1.000000
0.000000 0.000000 1.000000
0.000000 0.000000 1.000000
0.000000 0.000000 1.000000
0.000000 0.000000 1.000000
0.000000 -0.000003 1.000000
0.000000 -0.000003 1.000000
0.000000 -0.000000 1.000000
0.000000 0.000000 1.000000
0.000000 0.000000 1.000000
0.000000 -0.000000 1.000000
-0.000000 -0.000001 1.000000
-0.000000 -0.000001 1.000000
-0.000000 -0.000001 1.000000
0.000000 0.000000 1.000000
0.000000 -0.000000 1.000000
0.000000 -0.000003 1.000000
0.000010 -0.000036 1.000000
0.000010 -0.000036 1.000000
0.000000 -0.000001 1.000000
0.000000 -0.000000 1.000000
0.000000 -0.000000 1.000000
0.000000 -0.000001 1.000000
0.000000 -0.000000 1.000000
0.000000 -0.000000 1.000000
-0.000000 -0.000001 1.000000
0.000000 -0.000000 1.000000
0.000010 -0.000036 1.000000
0.000000 -0.000003 1.000000
0.000002 -0.000019 1.000000
0.000002 -0.000019 1.000000
0.000149 -0.000931 1.000000
0.000010 -0.000036 1.000000
0.000010 -0.000036 1.000000
0.000149 -0.000931 1.000000
0.000544 -0.001508 0.999999
0.000544 -0.001508 0.999999
0.000022 -0.000075 1.000000
0.000010 -0.000036 1.000000
0.000010 -0.000036 1.000000
0.000022 -0.000075 1.000000
0.000000 -0.000001 1.000000
0.000000 -0.000001 1.000000
0.000000 -0.000001 1.000000
0.000010 -0.000036 1.000000
0.000544 -0.001508 0.999999
0.000149 -0.000931 1.000000
0.000357 -0.001927 0.999998
0.000357 -0.001927 0.999998
0.005572 -0.013864 0.999888
0.000544 -0.001508 0.999999
0.000544 -0.001508 0.999999
0.005572 -0.013864 0.999888
0.009520 -0.015471 0.999835
0.009520 -0.015471 0.999835
0.000920 -0.001567 0.999998
0.000544 -0.001508 0.999999
0.000544 -0.001508 0.999999
0.000920 -0.001567 0.999998
0.000052 -0.000083 1.000000
0.000052 -0.000083 1.000000
0.000022 -0.000075 1.000000
0.000544 -0.001508 0.999999
0.009520 -0.015471 0.999835
0.005572 -0.013864 0.999888
0.104616 -0.336261 0.935940
0.104616 -0.336261 0.935940
0.189108 -0.315010 0.930057
0.009520 -0.015471 0.999835
0.009520 -0.015471 0.999835
0.189108 -0.315010 0.930057
0.277792 -0.274940 0.920456
0.277792 -0.274940 0.920456
0.013645 -0.014005 0.999809
0.009520 -0.015471 0.999835
0.009520 -0.015471 0.999835
0.013645 -0.014005 0.999809
0.001532 -0.001514 0.999998
0.001532 -0.001514 0.999998
0.000920 -0.001567 0.999998
0.009520 -0.015471 0.999835
0.277792 -0.274940 0.920456
0.189108 -0.315010 0.930057
0.473630 -0.798101 0.372438
0.473630 -0.798101 0.372438
0.657620 -0.666279 0.351579
0.277792 -0.274940 0.920456
0.277792 -0.274940 0.920456
0.657620 -0.666279 0.351579
0.815228 -0.510514 0.273455
0.815228 -0.510514 0.273455
0.390993 -0.244999 0.887187
0.277792 -0.274940 0.920456
0.277792 -0.274940 0.920456
0.390993 -0.244999 0.887187
0.016642 -0.010207 0.999809
0.016642 -0.010207 0.999809
0.013645 -0.014005 0.999809
0.277792 -0.274940 0.920456
0.815228 -0.510514 0.273455
0.657620 -0.666279 0.351579
0.682409 -0.701374 -0.205894
0.682409 -0.701374 -0.205894
0.827727 -0.519074 -0.213146
0.815228 -0.510514 0.273455
0.815228 -0.510514 0.273455
0.827727 -0.519074 -0.213146
0.921790 -0.297436 -0.248666
0.921790 -0.297436 -0.248666
0.943419 -0.300761 0.139655
0.815228 -0.510514 0.273455
0.815228 -0.510514 0.273455
0.943419 -0.300761 0.139655
0.557413 -0.171020 0.812430
0.557413 -0.171020 0.812430
0.390993 -0.244999 0.887187
0.815228 -0.510514 0.273455
0.921790 -0.297436 -0.248666
0.827727 -0.519074 -0.213146
0.786252 -0.496334 -0.368049
0.786252 -0.496334 -0.368049
0.869663 -0.284512 -0.403410
0.921790 -0.297436 -0.248666
0.921790 -0.297436 -0.248666
0.869663 -0.284512 -0.403410
0.905932 -0.066865 -0.418111
0.905932 -0.066865 -0.418111
0.957768 -0.066897 -0.279653
0.921790 -0.297436 -0.248666
0.921790 -0.297436 -0.248666
0.957768 -0.066897 -0.279653
0.998076 -0.061897 -0.003685
0.998076 -0.061897 -0.003685
0.943419 -0.300761 0.139655
0.921790 -0.297436 -0.248666
0.905932 -0.066865 -0.418111
0.869663 -0.284512 -0.403410
0.822391 -0.272659 -0.499330
0.822391 -0.272659 -0.499330
0.854162 -0.065637 -0.515848
0.905932 -0.066865 -0.418111
0.905932 -0.066865 -0.418111
0.854162 -0.065637 -0.515848
0.825602 0.129277 -0.549244
0.825602 0.129277 -0.549244
0.883179 0.139299 -0.447873
0.905932 -0.066865 -0.418111
0.905932 -0.066865 -0.418111
0.883179 0.139299 -0.447873
0.935655 0.150268 -0.319327
0.935655 0.150268 -0.319327
0.957768 -0.066897 -0.279653
0.905932 -0.066865 -0.418111
0.825602 0.129277 -0.549244
0.854162 -0.065637 -0.515848
0.771683 -0.063765 -0.632803
0.771683 -0.063765 -0.632803
0.728655 0.114907 -0.675172
0.825602 0.129277 -0.549244
0.825602 0.129277 -0.549244
0.728655 0.114907 -0.675172
0.650946 0.269888 -0.709528
0.650946 0.269888 -0.709528
0.772417 0.305543 -0.556791
0.825602 0.129277 -0.549244
0.825602 0.129277 -0.549244
0.772417 0.305543 -0.556791
0.833789 0.323355 -0.447478
0.833789 0.323355 -0.447478
0.883179 0.139299 -0.447873
0.825602 0.129277 -0.549244
0.650946 0.269888 -0.709528
0.728655 0.114907 -0.675172
0.444261 0.063020 -0.893678
0.444261 0.063020 -0.893678
0.360494 0.162474 -0.918502
0.650946 0.269888 -0.709528
0.650946 0.269888 -0.709528
0.360494 0.162474 -0.918502
0.389363 0.279263 -0.877729
0.389363 0.279263 -0.877729
0.606143 0.404896 -0.684580
0.650946 0.269888 -0.709528
0.650946 0.269888 -0.709528
0.606143 0.404896 -0.684580
0.691493 0.430301 -0.580239
0.691493 0.430301 -0.580239
0.772417 0.305543 -0.556791
0.650946 0.269888 -0.709528
0.389363 0.279263 -0.877729
0.360494 0.162474 -0.918502
0.079395 0.043401 -0.995898
0.079395 0.043401 -0.995898
0.115076 0.076638 -0.990396
0.389363 0.279263 -0.877729
0.389363 0.279263 -0.877729
0.115076 0.076638 -0.990396
0.147396 0.190134 -0.970631
0.147396 0.190134 -0.970631
0.400673 0.430134 -0.808978
0.389363 0.279263 -0.877729
0.389363 0.279263 -0.877729
0.400673 0.430134 -0.808978
0.543237 0.470880 -0.695102
0.543237 0.470880 -0.695102
0.606143 0.404896 -0.684580
0.389363 0.279263 -0.877729
0.115076 0.076638 -0.990396
0.079395 0.043401 -0.995898
0.012861 0.006035 -0.999899
0.012861 0.006035 -0.999899
0.012067 0.009420 -0.999883
0.115076 0.076638 -0.990396
0.115076 0.076638 -0.990396
0.012067 0.009420 -0.999883
0.007563 0.013996 -0.999873
0.007563 0.013996 -0.999873
0.147396 0.190134 -0.970631
0.115076 0.076638 -0.990396
0.007563 0.013996 -0.999873
0.012067 0.009420 -0.999883
0.001454 0.001223 -0.999998
0.001454 0.001223 -0.999998
0.000697 0.001650 -0.999998
0.007563 0.013996 -0.999873
0.007563 0.013996 -0.999873
0.000697 0.001650 -0.999998
0.000239 0.002128 -0.999998
0.000239 0.002128 -0.999998
0.007049 0.018398 -0.999806
0.007563 0.013996 -0.999873
0.007563 0.013996 -0.999873
0.007049 0.018398 -0.999806
0.099811 0.260544 -0.960289
0.099811 0.260544 -0.960289
0.147396 0.190134 -0.970631
0.007563 0.013996 -0.999873
0.007049 0.018398 -0.999806
0.000239 0.002128 -0.999998
-0.000458 0.002949 -0.999996
-0.000458 0.002949 -0.999996
-0.000293 0.015431 -0.999881
0.007049 0.018398 -0.999806
0.007049 0.018398 -0.999806
-0.000293 0.015431 -0.999881
0.041803 0.175885 -0.983523
0.041803 0.175885 -0.983523
0.099811 0.260544 -0.960289
0.007049 0.018398 -0.999806
0.041803 0.175885 -0.983523
-0.000293 0.015431 -0.999881
-0.002408 0.014907 -0.999886
-0.002408 0.014907 -0.999886
-0.016665 0.146713 -0.989039
0.041803 0.175885 -0.983523
0.041803 0.175885 -0.983523
-0.016665 0.146713 -0.989039
-0.020718 0.399546 -0.916479
-0.020718 0.399546 -0.916479
0.122211 0.411453 -0.903200
0.041803 0.175885 -0.983523
0.041803 0.175885 -0.983523
0.122211 0.411453 -0.903200
0.290940 0.455629 -0.841282
0.290940 0.455629 -0.841282
0.099811 0.260544 -0.960289
0.041803 0.175885 -0.983523
0.122211 0.411453 -0.903200
-0.020718 0.399546 -0.916479
-0.019282 0.516093 -0.856315
-0.019282 0.516093 -0.856315
0.134590 0.534690 -0.834261
0.122211 0.411453 -0.903200
0.122211 0.411453 -0.903200
0.134590 0.534690 -0.834261
0.273613 0.533116 -0.800577
0.273613 0.533116 -0.800577
0.290940 0.455629 -0.841282
0.122211 0.411453 -0.903200
-0.020718 0.399546 -0.916479
-0.016665 0.146713 -0.989039
-0.043636 0.143101 -0.988746
-0.043636 0.143101 -0.988746
-0.118124 0.379787 -0.917501
-0.020718 0.399546 -0.916479
-0.020718 0.399546 -0.916479
-0.118124 0.379787 -0.917501
-0.178479 0.486424 -0.855299
-0.178479 0.486424 -0.855299
-0.019282 0.516093 -0.856315
-0.020718 0.399546 -0.916479
-0.178479 0.486424 -0.855299
-0.118124 0.379787 -0.917501
-0.225645 0.370091 -0.901175
-0.225645 0.370091 -0.901175
-0.375255 0.449432 -0.810675
-0.178479 0.486424 -0.855299
-0.178479 0.486424 -0.855299
-0.375255 0.449432 -0.810675
-0.359854 0.446834 -0.819051
-0.359854 0.446834 -0.819051
-0.171956 0.472948 -0.864148
-0.178479 0.486424 -0.855299
-0.178479 0.486424 -0.855299
-0.171956 0.472948 -0.864148
-0.013020 0.502149 -0.864683
-0.013020 0.502149 -0.864683
-0.019282 0.516093 -0.856315
-0.178479 0.486424 -0.855299
-0.118124 0.379787 -0.917501
-0.043636 0.143101 -0.988746
-0.074186 0.136706 -0.987830
-0.074186 0.136706 -0.987830
-0.225645 0.370091 -0.901175
-0.118124 0.379787 -0.917501
-0.016665 0.146713 -0.989039
-0.002408 0.014907 -0.999886
-0.005001 0.016401 -0.999853
-0.005001 0.016401 -0.999853
-0.043636 0.143101 -0.988746
-0.016665 0.146713 -0.989039
-0.002408 0.014907 -0.999886
-0.000685 0.003552 -0.999993
-0.001747 0.004035 -0.999990
-0.001747 0.004035 -0.999990
-0.005001 0.016401 -0.999853
-0.002408 0.014907 -0.999886
-0.002408 0.014907 -0.999886
-0.000293 0.015431 -0.999881
-0.000458 0.002949 -0.999996
-0.000458 0.002949 -0.999996
-0.000685 0.003552 -0.999993
-0.002408 0.014907 -0.999886
-0.000685 0.003552 -0.999993
-0.000321 0.000746 -1.000000
-0.001565 0.001517 -0.999998
-0.001565 0.001517 -0.999998
-0.001747 0.004035 -0.999990
-0.000685 0.003552 -0.999993
-0.000685 0.003552 -0.999993
-0.000458 0.002949 -0.999996
-0.000147 0.000520 -1.000000
-0.000147 0.000520 -1.000000
-0.000321 0.000746 -1.000000
-0.000685 0.003552 -0.999993
-0.000147 0.000520 -1.000000
-0.000053 0.000144 -1.000000
-0.000271 0.000289 -1.000000
-0.000271 0.000289 -1.000000
-0.000321 0.000746 -1.000000
-0.000147 0.000520 -1.000000
-0.000147 0.000520 -1.000000
-0.000458 0.002949 -0.999996
0.000239 0.002128 -0.999998
0.000239 0.002128 -0.999998
-0.000033 0.000316 -1.000000
-0.000147 0.000520 -1.000000
-0.000147 0.000520 -1.000000
-0.000033 0.000316 -1.000000
-0.000022 0.000080 -1.000000
-0.000022 0.000080 -1.000000
-0.000053 0.000144 -1.000000
-0.000147 0.000520 -1.000000
-0.000022 0.000080 -1.000000
-0.000033 0.000316 -1.000000
0.000015 0.000212 -1.000000
0.000015 0.000212 -1.000000
-0.000002 0.000023 -1.000000
-0.000022 0.000080 -1.000000
-0.000022 0.000080 -1.000000
-0.000002 0.000023 -1.000000
-0.000001 0.000003 -1.000000
-0.000001 0.000003 -1.000000
0.000001 0.000005 -1.000000
-0.000022 0.000080 -1.000000
-0.000022 0.000080 -1.000000
0.000001 0.000005 -1.000000
-0.000032 0.000043 -1.000000
-0.000032 0.000043 -1.000000
-0.000053 0.000144 -1.000000
-0.000022 0.000080 -1.000000
-0.000032 0.000043 -1.000000
0.000001 0.000005 -1.000000
0.000000 -0.000012 -1.000000
0.000000 -0.000012 -1.000000
-0.000011 0.000000 -1.000000
-0.000032 0.000043 -1.000000
-0.000032 0.000043 -1.000000
-0.000011 0.000000 -1.000000
-0.000156 0.000026 -1.000000
-0.000156 0.000026 -1.000000
-0.000219 0.000160 -1.000000
-0.000032 0.000043 -1.000000
-0.000032 0.000043 -1.000000
-0.000219 0.000160 -1.000000
-0.000271 0.000289 -1.000000
-0.000271 0.000289 -1.000000
-0.000053 0.000144 -1.000000
-0.000032 0.000043 -1.000000
-0.000219 0.000160 -1.000000
-0.000156 0.000026 -1.000000
-0.000808 0.000107 -1.000000
-0.000808 0.000107 -1.000000
-0.000972 0.000481 -0.999999
-0.000219 0.000160 -1.000000
-0.000219 0.000160 -1.000000
-0.000972 0.000481 -0.999999
-0.001354 0.001064 -0.999998
-0.001354 0.001064 -0.999998
-0.000271 0.000289 -1.000000
-0.000219 0.000160 -1.000000
-0.001354 0.001064 -0.999998
-0.001565 0.001517 -0.999998
-0.000321 0.000746 -1.000000
-0.000321 0.000746 -1.000000
-0.000271 0.000289 -1.000000
-0.001354 0.001064 -0.999998
-0.001354 0.001064 -0.999998
-0.000972 0.000481 -0.999999
-0.005459 0.001928 -0.999983
-0.005459 0.001928 -0.999983
-0.006574 0.004342 -0.999969
-0.001354 0.001064 -0.999998
-0.001354 0.001064 -0.999998
-0.006574 0.004342 -0.999969
-0.007683 0.007046 -0.999946
-0.007683 0.007046 -0.999946
-0.001565 0.001517 -0.999998
-0.001354 0.001064 -0.999998
-0.007683 0.007046 -0.999946
-0.008264 0.009327 -0.999922
-0.001747 0.004035 -0.999990
-0.001747 0.004035 -0.999990
-0.001565 0.001517 -0.999998
-0.007683 0.007046 -0.999946
-0.007683 0.007046 -0.999946
-0.006574 0.004342 -0.999969
-0.027520 0.016616 -0.999483
-0.027520 0.016616 -0.999483
-0.055459 0.062347 -0.996512
-0.007683 0.007046 -0.999946
-0.007683 0.007046 -0.999946
-0.055459 0.062347 -0.996512
-0.086532 0.091034 -0.992081
-0.086532 0.091034 -0.992081
-0.008264 0.009327 -0.999922
-0.007683 0.007046 -0.999946
-0.055459 0.062347 -0.996512
-0.027520 0.016616 -0.999483
-0.201052 0.092674 -0.975187
-0.201052 0.092674 -0.975187
-0.266387 0.230226 -0.935967
-0.055459 0.062347 -0.996512
-0.055459 0.062347 -0.996512
-0.266387 0.230226 -0.935967
-0.285157 0.298253 -0.910896
-0.285157 0.298253 -0.910896
-0.086532 0.091034 -0.992081
-0.055459 0.062347 -0.996512
-0.266387 0.230226 -0.935967
-0.201052 0.092674 -0.975187
-0.495702 0.230559 -0.837330
-0.495702 0.230559 -0.837330
-0.507751 0.350329 -0.787057
-0.266387 0.230226 -0.935967
-0.266387 0.230226 -0.935967
-0.507751 0.350329 -0.787057
-0.474279 0.419378 -0.774068
-0.474279 0.419378 -0.774068
-0.285157 0.298253 -0.910896
-0.266387 0.230226 -0.935967
-0.507751 0.350329 -0.787057
-0.495702 0.230559 -0.837330
-0.682625 0.288614 -0.671361
-0.682625 0.288614 -0.671361
-0.618349 0.345717 -0.705780
-0.507751 0.350329 -0.787057
-0.507751 0.350329 -0.787057
-0.618349 0.345717 -0.705780
-0.551556 0.405708 -0.728826
-0.551556 0.405708 -0.728826
-0.474279 0.419378 -0.774068
-0.507751 0.350329 -0.787057
-0.618349 0.345717 -0.705780
-0.682625 0.288614 -0.671361
-0.744283 0.273402 -0.609339
-0.744283 0.273402 -0.609339
-0.684452 0.321263 -0.654458
-0.618349 0.345717 -0.705780
-0.618349 0.345717 -0.705780
-0.684452 0.321263 -0.654458
-0.627954 0.369737 -0.684812
-0.627954 0.369737 -0.684812
-0.551556 0.405708 -0.728826
-0.618349 0.345717 -0.705780
-0.627954 0.369737 -0.684812
-0.614345 0.390915 -0.685394
-0.521064 0.408796 -0.749251
-0.521064 0.408796 -0.749251
-0.551556 0.405708 -0.728826
-0.627954 0.369737 -0.684812
-0.627954 0.369737 -0.684812
-0.684452 0.321263 -0.654458
-0.712711 0.302097 -0.633073
-0.712711 0.302097 -0.633073
-0.679060 0.339858 -0.650672
-0.627954 0.369737 -0.684812
-0.627954 0.369737 -0.684812
-0.679060 0.339858 -0.650672
-0.683299 0.371694 -0.628448
-0.683299 0.371694 -0.628448
-0.614345 0.390915 -0.685394
-0.627954 0.369737 -0.684812
-0.683299 0.371694 -0.628448
-0.725405 0.356689 -0.588694
-0.648901 0.377516 -0.660612
-0.648901 0.377516 -0.660612
-0.614345 0.390915 -0.685394
-0.683299 0.371694 -0.628448
-0.683299 0.371694 -0.628448
-0.679060 0.339858 -0.650672
-0.724753 0.319614 -0.610393
-0.724753 0.319614 -0.610393
-0.728929 0.359644 -0.582511
-0.683299 0.371694 -0.628448
-0.683299 0.371694 -0.628448
-0.728929 0.359644 -0.582511
-0.790309 0.325273 -0.519238
-0.790309 0.325273 -0.519238
-0.725405 0.356689 -0.588694
-0.683299 0.371694 -0.628448
-0.790309 0.325273 -0.519238
-0.859357 0.247684 -0.447391
-0.805546 0.264998 -0.529974
-0.805546 0.264998 -0.529974
-0.725405 0.356689 -0.588694
-0.790309 0.325273 -0.519238
-0.790309 0.325273 -0.519238
-0.728929 0.359644 -0.582511
-0.804909 0.310360 -0.505765
-0.804909 0.310360 -0.505765
-0.841312 0.304102 -0.446897
-0.790309 0.325273 -0.519238
-0.790309 0.325273 -0.519238
-0.841312 0.304102 -0.446897
-0.899873 0.197395 -0.388927
-0.899873 0.197395 -0.388927
-0.859357 0.247684 -0.447391
-0.790309 0.325273 -0.519238
-0.899873 0.197395 -0.388927
-0.944711 0.076242 -0.318916
-0.919345 0.144491 -0.365960
-0.919345 0.144491 -0.365960
-0.859357 0.247684 -0.447391
-0.899873 0.197395 -0.388927
-0.899873 0.197395 -0.388927
-0.841312 0.304102 -0.446897
-0.922014 0.182285 -0.341558
-0.922014 0.182285 -0.341558
-0.952917 0.088376 -0.290067
-0.899873 0.197395 -0.388927
-0.899873 0.197395 -0.388927
-0.952917 0.088376 -0.290067
-0.967565 -0.080296 -0.239523
-0.967565 -0.080296 -0.239523
-0.944711 0.076242 -0.318916
-0.899873 0.197395 -0.388927
-0.967565 -0.080296 -0.239523
-0.943832 -0.264538 -0.197990
-0.974147 -0.005230 -0.225854
-0.974147 -0.005230 -0.225854
-0.944711 0.076242 -0.318916
-0.967565 -0.080296 -0.239523
-0.967565 -0.080296 -0.239523
-0.952917 0.088376 -0.290067
-0.843920 -0.535648 -0.029676
-0.843920 -0.535648 -0.029676
-0.852547 -0.512566 -0.102178
-0.967565 -0.080296 -0.239523
-0.967565 -0.080296 -0.239523
-0.852547 -0.512566 -0.102178
-0.792682 -0.598148 -0.117790
-0.792682 -0.598148 -0.117790
-0.943832 -0.264538 -0.197990
-0.967565 -0.080296 -0.239523
-0.792682 -0.598148 -0.117790
-0.699932 -0.712204 -0.053486
-0.901092 -0.423559 -0.092907
-0.901092 -0.423559 -0.092907
-0.943832 -0.264538 -0.197990
-0.792682 -0.598148 -0.117790
-0.792682 -0.598148 -0.117790
-0.852547 -0.512566 -0.102178
-0.285363 -0.958332 0.012940
-0.285363 -0.958332 0.012940
-0.409943 -0.911175 -0.041315
-0.792682 -0.598148 -0.117790
-0.792682 -0.598148 -0.117790
-0.409943 -0.911175 -0.041315
-0.434118 -0.900243 -0.033228
-0.434118 -0.900243 -0.033228
-0.699932 -0.712204 -0.053486
-0.792682 -0.598148 -0.117790
-0.434118 -0.900243 -0.033228
-0.454531 -0.890730 -0.000607
-0.667729 -0.744370 -0.007223
-0.667729 -0.744370 -0.007223
-0.699932 -0.712204 -0.053486
-0.434118 -0.900243 -0.033228
-0.434118 -0.900243 -0.033228
-0.409943 -0.911175 -0.041315
0.054817 -0.998495 -0.001402
0.054817 -0.998495 -0.001402
-0.004306 -0.999931 -0.010953
-0.434118 -0.900243 -0.033228
-0.434118 -0.900243 -0.033228
-0.004306 -0.999931 -0.010953
-0.042327 -0.999103 0.001137
-0.042327 -0.999103 0.001137
-0.454531 -0.890730 -0.000607
-0.434118 -0.900243 -0.033228
-0.042327 -0.999103 0.001137
-0.040203 -0.999189 0.002080
-0.456387 -0.889683 0.013223
-0.456387 -0.889683 0.013223
-0.454531 -0.890730 -0.000607
-0.042327 -0.999103 0.001137
-0.042327 -0.999103 0.001137
-0.004306 -0.999931 -0.010953
0.145416 -0.989370 -0.000539
0.145416 -0.989370 -0.000539
0.147435 -0.989072 0.000009
-0.042327 -0.999103 0.001137
-0.042327 -0.999103 0.001137
0.147435 -0.989072 0.000009
0.146646 -0.989189 -0.000061
0.146646 -0.989189 -0.000061
-0.040203 -0.999189 0.002080
-0.042327 -0.999103 0.001137
0.146646 -0.989189 -0.000061
0.153356 -0.988170 -0.001637
0.021664 -0.999702 0.011225
0.021664 -0.999702 0.011225
-0.040203 -0.999189 0.002080
0.146646 -0.989189 -0.000061
0.146646 -0.989189 -0.000061
0.147435 -0.989072 0.000009
0.165232 -0.986255 0.000252
0.165232 -0.986255 0.000252
0.163931 -0.986472 -0.000447
0.146646 -0.989189 -0.000061
0.146646 -0.989189 -0.000061
0.163931 -0.986472 -0.000447
0.168785 -0.985653 -0.000643
0.168785 -0.985653 -0.000643
0.153356 -0.988170 -0.001637
0.146646 -0.989189 -0.000061
0.168785 -0.985653 -0.000643
0.176614 -0.984267 -0.005163
0.164412 -0.986380 -0.004779
0.164412 -0.986380 -0.004779
0.153356 -0.988170 -0.001637
0.168785 -0.985653 -0.000643
0.168785 -0.985653 -0.000643
0.163931 -0.986472 -0.000447
0.198708 -0.980057 -0.001876
0.198708 -0.980057 -0.001876
0.209582 -0.977790 -0.001182
0.168785 -0.985653 -0.000643
0.168785 -0.985653 -0.000643
0.209582 -0.977790 -0.001182
0.226280 -0.974052 -0.004584
0.226280 -0.974052 -0.004584
0.176614 -0.984267 -0.005163
0.168785 -0.985653 -0.000643
0.226280 -0.974052 -0.004584
0.248093 -0.968667 -0.011616
0.187114 -0.982108 -0.021266
0.187114 -0.982108 -0.021266
0.176614 -0.984267 -0.005163
0.226280 -0.974052 -0.004584
0.226280 -0.974052 -0.004584
0.209582 -0.977790 -0.001182
0.269507 -0.962998 -0.000798
0.269507 -0.962998 -0.000798
0.279790 -0.960059 -0.001831
0.226280 -0.974052 -0.004584
0.226280 -0.974052 -0.004584
0.279790 -0.960059 -0.001831
0.288345 -0.957506 -0.006293
0.288345 -0.957506 -0.006293
0.248093 -0.968667 -0.011616
0.226280 -0.974052 -0.004584
0.288345 -0.957506 -0.006293
0.287301 -0.945321 -0.154359
0.277338 -0.944396 -0.176636
0.277338 -0.944396 -0.176636
0.248093 -0.968667 -0.011616
0.288345 -0.957506 -0.006293
0.288345 -0.957506 -0.006293
0.279790 -0.960059 -0.001831
0.286732 -0.958010 -0.001058
0.286732 -0.958010 -0.001058
0.287044 -0.957900 -0.005719
0.288345 -0.957506 -0.006293
0.288345 -0.957506 -0.006293
0.287044 -0.957900 -0.005719
0.283048 -0.949493 -0.135450
0.283048 -0.949493 -0.135450
0.287301 -0.945321 -0.154359
0.288345 -0.957506 -0.006293
0.283048 -0.949493 -0.135450
0.220257 -0.791277 -0.570410
0.246431 -0.763680 -0.596712
0.246431 -0.763680 -0.596712
0.287301 -0.945321 -0.154359
0.283048 -0.949493 -0.135450
0.283048 -0.949493 -0.135450
0.287044 -0.957900 -0.005719
0.260699 -0.965415 -0.003255
0.260699 -0.965415 -0.003255
0.249948 -0.961119 -0.117376
0.283048 -0.949493 -0.135450
0.283048 -0.949493 -0.135450
0.249948 -0.961119 -0.117376
0.209297 -0.827277 -0.521351
0.209297 -0.827277 -0.521351
0.220257 -0.791277 -0.570410
0.283048 -0.949493 -0.135450
0.209297 -0.827277 -0.521351
0.097404 -0.390358 -0.915496
0.082096 -0.352100 -0.932355
0.082096 -0.352100 -0.932355
0.220257 -0.791277 -0.570410
0.209297 -0.827277 -0.521351
0.209297 -0.827277 -0.521351
0.249948 -0.961119 -0.117376
0.215288 -0.970403 -0.109400
0.215288 -0.970403 -0.109400
0.172162 -0.860853 -0.478845
0.209297 -0.827277 -0.521351
0.209297 -0.827277 -0.521351
0.172162 -0.860853 -0.478845
0.082396 -0.452084 -0.888162
0.082396 -0.452084 -0.888162
0.097404 -0.390358 -0.915496
0.209297 -0.827277 -0.521351
0.082396 -0.452084 -0.888162
0.022077 -0.092684 -0.995451
0.016782 -0.073796 -0.997132
0.016782 -0.073796 -0.997132
0.097404 -0.390358 -0.915496
0.082396 -0.452084 -0.888162
0.082396 -0.452084 -0.888162
0.172162 -0.860853 -0.478845
0.123312 -0.883921 -0.451086
0.123312 -0.883921 -0.451086
0.021516 -0.524729 -0.850997
0.082396 -0.452084 -0.888162
0.082396 -0.452084 -0.888162
0.021516 -0.524729 -0.850997
-0.007451 -0.153231 -0.988162
-0.007451 -0.153231 -0.988162
0.022077 -0.092684 -0.995451
0.082396 -0.452084 -0.888162
-0.007451 -0.153231 -0.988162
0.000456 -0.011832 -0.999930
0.000761 -0.008583 -0.999963
0.000761 -0.008583 -0.999963
0.022077 -0.092684 -0.995451
-0.007451 -0.153231 -0.988162
-0.007451 -0.153231 -0.988162
0.021516 -0.524729 -0.850997
-0.040472 -0.589363 -0.806854
-0.040472 -0.589363 -0.806854
-0.029162 -0.244554 -0.969197
-0.007451 -0.153231 -0.988162
-0.007451 -0.153231 -0.988162
-0.029162 -0.244554 -0.969197
-0.010078 -0.032731 -0.999413
-0.010078 -0.032731 -0.999413
0.000456 -0.011832 -0.999930
-0.007451 -0.153231 -0.988162
-0.010078 -0.032731 -0.999413
-0.000068 -0.002697 -0.999996
-0.000256 -0.001801 -0.999998
-0.000256 -0.001801 -0.999998
0.000456 -0.011832 -0.999930
-0.010078 -0.032731 -0.999413
-0.010078 -0.032731 -0.999413
-0.029162 -0.244554 -0.969197
-0.064682 -0.306721 -0.949599
-0.064682 -0.306721 -0.949599
-0.012199 -0.067780 -0.997626
-0.010078 -0.032731 -0.999413
-0.010078 -0.032731 -0.999413
-0.012199 -0.067780 -0.997626
-0.000999 -0.004315 -0.999990
-0.000999 -0.004315 -0.999990
-0.000068 -0.002697 -0.999996
-0.010078 -0.032731 -0.999413
-0.000999 -0.004315 -0.999990
-0.000013 -0.000411 -1.000000
-0.000029 -0.000305 -1.000000
-0.000029 -0.000305 -1.000000
-0.000068 -0.002697 -0.999996
-0.000999 -0.004315 -0.999990
-0.000999 -0.004315 -0.999990
-0.012199 -0.067780 -0.997626
-0.010289 -0.089631 -0.995922
-0.010289 -0.089631 -0.995922
-0.002693 -0.008617 -0.999959
-0.000999 -0.004315 -0.999990
-0.000999 -0.004315 -0.999990
-0.002693 -0.008617 -0.999959
-0.000217 -0.001018 -1.000000
-0.000217 -0.001018 -1.000000
-0.000013 -0.000411 -1.000000
-0.000999 -0.004315 -0.999990
-0.000217 -0.001018 -1.000000
0.000009 -0.000057 -1.000000
-0.000007 -0.000032 -1.000000
-0.000007 -0.000032 -1.000000
-0.000013 -0.000411 -1.000000
-0.000217 -0.001018 -1.000000
-0.000217 -0.001018 -1.000000
-0.002693 -0.008617 -0.999959
-0.004390 -0.014340 -0.999887
-0.004390 -0.014340 -0.999887
-0.000406 -0.002749 -0.999996
-0.000217 -0.001018 -1.000000
-0.000217 -0.001018 -1.000000
-0.000406 -0.002749 -0.999996
-0.000033 -0.000166 -1.000000
-0.000033 -0.000166 -1.000000
0.000009 -0.000057 -1.000000
-0.000217 -0.001018 -1.000000
-0.000033 -0.000166 -1.000000
0.000000 -0.000002 -1.000000
0.000001 -0.000001 -1.000000
0.000001 -0.000001 -1.000000
0.000009 -0.000057 -1.000000
-0.000033 -0.000166 -1.000000
-0.000033 -0.000166 -1.000000
-0.000406 -0.002749 -0.999996
0.000389 -0.003947 -0.999992
0.000389 -0.003947 -0.999992
-0.000001 -0.000339 -1.000000
-0.000033 -0.000166 -1.000000
-0.000033 -0.000166 -1.000000
-0.000001 -0.000339 -1.000000
0.000023 -0.000011 -1.000000
0.000023 -0.000011 -1.000000
0.000000 -0.000002 -1.000000
-0.000033 -0.000166 -1.000000
0.000023 -0.000011 -1.000000
0.000038 -0.000006 -1.000000
0.000000 -0.000000 -1.000000
0.000000 -0.000000 -1.000000
0.000000 -0.000002 -1.000000
0.000023 -0.000011 -1.000000
0.000023 -0.000011 -1.000000
-0.000001 -0.000339 -1.000000
0.000328 -0.000332 -1.000000
0.000328 -0.000332 -1.000000
0.000593 0.000001 -1.000000
0.000023 -0.000011 -1.000000
0.000023 -0.000011 -1.000000
0.000593 0.000001 -1.000000
0.000891 -0.000223 -1.000000
0.000891 -0.000223 -1.000000
0.000038 -0.000006 -1.000000
0.000023 -0.000011 -1.000000
0.000891 -0.000223 -1.000000
0.001076 -0.000591 -0.999999
0.000059 -0.000038 -1.000000
0.000059 -0.000038 -1.000000
0.000038 -0.000006 -1.000000
0.000891 -0.000223 -1.000000
0.000891 -0.000223 -1.000000
0.000593 0.000001 -1.000000
0.006598 0.000446 -0.999978
0.006598 0.000446 -0.999978
0.009360 -0.002062 -0.999954
0.000891 -0.000223 -1.000000
0.000891 -0.000223 -1.000000
0.009360 -0.002062 -0.999954
0.008856 -0.004426 -0.999951
0.008856 -0.004426 -0.999951
0.001076 -0.000591 -0.999999
0.000891 -0.000223 -1.000000
0.008856 -0.004426 -0.999951
0.003530 -0.003626 -0.999987
0.000411 -0.000347 -1.000000
0.000411 -0.000347 -1.000000
0.001076 -0.000591 -0.999999
0.008856 -0.004426 -0.999951
0.008856 -0.004426 -0.999951
0.009360 -0.002062 -0.999954
0.269664 -0.049783 -0.961667
0.269664 -0.049783 -0.961667
0.200867 -0.103106 -0.974177
0.008856 -0.004426 -0.999951
0.008856 -0.004426 -0.999951
0.200867 -0.103106 -0.974177
0.041890 -0.021726 -0.998886
0.041890 -0.021726 -0.998886
0.003530 -0.003626 -0.999987
0.008856 -0.004426 -0.999951
0.041890 -0.021726 -0.998886
0.010168 -0.019986 -0.999749
0.001707 -0.003123 -0.999994
0.001707 -0.003123 -0.999994
0.003530 -0.003626 -0.999987
0.041890 -0.021726 -0.998886
0.041890 -0.021726 -0.998886
0.200867 -0.103106 -0.974177
0.764775 -0.411311 -0.495925
0.764775 -0.411311 -0.495925
0.477764 -0.461286 -0.747634
0.041890 -0.021726 -0.998886
0.041890 -0.021726 -0.998886
0.477764 -0.461286 -0.747634
0.266673 -0.488242 -0.830967
0.266673 -0.488242 -0.830967
0.010168 -0.019986 -0.999749
0.041890 -0.021726 -0.998886
0.266673 -0.488242 -0.830967
0.076112 -0.430324 -0.899460
0.003924 -0.018935 -0.999813
0.003924 -0.018935 -0.999813
0.010168 -0.019986 -0.999749
0.266673 -0.488242 -0.830967
0.266673 -0.488242 -0.830967
0.477764 -0.461286 -0.747634
0.698998 -0.714762 -0.022767
0.698998 -0.714762 -0.022767
0.453711 -0.876308 -0.161956
0.266673 -0.488242 -0.830967
0.266673 -0.488242 -0.830967
0.453711 -0.876308 -0.161956
0.158926 -0.942567 -0.293785
0.158926 -0.942567 -0.293785
0.076112 -0.430324 -0.899460
0.266673 -0.488242 -0.830967
0.158926 -0.942567 -0.293785
-0.108742 -0.926071 -0.361342
-0.034030 -0.371241 -0.927913
-0.034030 -0.371241 -0.927913
0.076112 -0.430324 -0.899460
0.158926 -0.942567 -0.293785
0.158926 -0.942567 -0.293785
0.453711 -0.876308 -0.161956
0.429797 -0.858527 0.279652
0.429797 -0.858527 0.279652
0.157503 -0.955747 0.248478
0.158926 -0.942567 -0.293785
0.158926 -0.942567 -0.293785
0.157503 -0.955747 0.248478
-0.126031 -0.966483 0.223667
-0.126031 -0.966483 0.223667
-0.108742 -0.926071 -0.361342
0.158926 -0.942567 -0.293785
-0.126031 -0.966483 0.223667
-0.388570 -0.890743 0.235776
-0.373364 -0.863180 -0.339881
-0.373364 -0.863180 -0.339881
-0.108742 -0.926071 -0.361342
-0.126031 -0.966483 0.223667
-0.126031 -0.966483 0.223667
0.157503 -0.955747 0.248478
0.142607 -0.897392 0.417553
0.142607 -0.897392 0.417553
-0.124516 -0.905539 0.405579
-0.126031 -0.966483 0.223667
-0.126031 -0.966483 0.223667
-0.124516 -0.905539 0.405579
-0.371466 -0.842160 0.390871
-0.371466 -0.842160 0.390871
-0.388570 -0.890743 0.235776
-0.126031 -0.966483 0.223667
-0.371466 -0.842160 0.390871
-0.575057 -0.718918 0.390469
-0.607955 -0.759320 0.232000
-0.607955 -0.759320 0.232000
-0.388570 -0.890743 0.235776
-0.371466 -0.842160 0.390871
-0.371466 -0.842160 0.390871
-0.124516 -0.905539 0.405579
-0.121244 -0.850036 0.512580
-0.121244 -0.850036 0.512580
-0.355130 -0.795171 0.491513
-0.371466 -0.842160 0.390871
-0.371466 -0.842160 0.390871
-0.355130 -0.795171 0.491513
-0.542292 -0.671553 0.504912
-0.542292 -0.671553 0.504912
-0.575057 -0.718918 0.390469
-0.371466 -0.842160 0.390871
-0.542292 -0.671553 0.504912
-0.683667 -0.516898 0.515185
-0.729601 -0.550935 0.405158
-0.729601 -0.550935 0.405158
-0.575057 -0.718918 0.390469
-0.542292 -0.671553 0.504912
-0.542292 -0.671553 0.504912
-0.355130 -0.795171 0.491513
-0.321511 -0.713805 0.622184
-0.321511 -0.713805 0.622184
-0.496352 -0.607974 0.619680
-0.542292 -0.671553 0.504912
-0.542292 -0.671553 0.504912
-0.496352 -0.607974 0.619680
-0.623061 -0.467118 0.627372
-0.623061 -0.467118 0.627372
-0.683667 -0.516898 0.515185
-0.542292 -0.671553 0.504912
-0.623061 -0.467118 0.627372
-0.695388 -0.304273 0.651040
-0.775329 -0.335781 0.534897
-0.775329 -0.335781 0.534897
-0.683667 -0.516898 0.515185
-0.623061 -0.467118 0.627372
-0.623061 -0.467118 0.627372
-0.496352 -0.607974 0.619680
-0.332750 -0.407473 0.850437
-0.332750 -0.407473 0.850437
-0.418724 -0.310404 0.853417
-0.623061 -0.467118 0.627372
-0.623061 -0.467118 0.627372
-0.418724 -0.310404 0.853417
-0.448707 -0.197429 0.871598
-0.448707 -0.197429 0.871598
-0.695388 -0.304273 0.651040
-0.623061 -0.467118 0.627372
-0.448707 -0.197429 0.871598
-0.437947 -0.077844 0.895625
-0.734802 -0.126869 0.666312
-0.734802 -0.126869 0.666312
-0.695388 -0.304273 0.651040
-0.448707 -0.197429 0.871598
-0.448707 -0.197429 0.871598
-0.418724 -0.310404 0.853417
-0.117159 -0.087338 0.989265
-0.117159 -0.087338 0.989265
-0.123612 -0.051512 0.990993
-0.448707 -0.197429 0.871598
-0.448707 -0.197429 0.871598
-0.123612 -0.051512 0.990993
-0.102185 -0.019819 0.994568
-0.102185 -0.019819 0.994568
-0.437947 -0.077844 0.895625
-0.448707 -0.197429 0.871598
-0.102185 -0.019819 0.994568
-0.100612 0.008535 0.994889
-0.434494 0.027299 0.900261
-0.434494 0.027299 0.900261
-0.437947 -0.077844 0.895625
-0.102185 -0.019819 0.994568
-0.102185 -0.019819 0.994568
-0.123612 -0.051512 0.990993
-0.016567 -0.007605 0.999834
-0.016567 -0.007605 0.999834
-0.015284 -0.001833 0.999882
-0.102185 -0.019819 0.994568
-0.102185 -0.019819 0.994568
-0.015284 -0.001833 0.999882
-0.018657 0.003281 0.999821
-0.018657 0.003281 0.999821
-0.100612 0.008535 0.994889
-0.102185 -0.019819 0.994568
-0.018657 0.003281 0.999821
-0.021748 0.009345 0.999720
-0.120443 0.047255 0.991595
-0.120443 0.047255 0.991595
-0.100612 0.008535 0.994889
-0.018657 0.003281 0.999821
-0.018657 0.003281 0.999821
-0.015284 -0.001833 0.999882
-0.005748 -0.000577 0.999983
-0.005748 -0.000577 0.999983
-0.006165 0.000799 0.999981
-0.018657 0.003281 0.999821
-0.018657 0.003281 0.999821
-0.006165 0.000799 0.999981
-0.006407 0.002672 0.999976
-0.006407 0.002672 0.999976
-0.021748 0.009345 0.999720
-0.018657 0.003281 0.999821
-0.006407 0.002672 0.999976
-0.006778 0.003880 0.999969
-0.028525 0.017470 0.999440
-0.028525 0.017470 0.999440
-0.021748 0.009345 0.999720
-0.006407 0.002672 0.999976
-0.006407 0.002672 0.999976
-0.006165 0.000799 0.999981
-0.001300 0.000187 0.999999
-0.001300 0.000187 0.999999
-0.001283 0.000481 0.999999
-0.006407 0.002672 0.999976
-0.006407 0.002672 0.999976
-0.001283 0.000481 0.999999
-0.001361 0.000963 0.999999
-0.001361 0.000963 0.999999
-0.006778 0.003880 0.999969
-0.006407 0.002672 0.999976
-0.001283 0.000481 0.999999
-0.001300 0.000187 0.999999
-0.000267 0.000016 1.000000
-0.000267 0.000016 1.000000
-0.000269 0.000101 1.000000
-0.001283 0.000481 0.999999
-0.001283 0.000481 0.999999
-0.000269 0.000101 1.000000
-0.000278 0.000235 1.000000
-0.000278 0.000235 1.000000
-0.001361 0.000963 0.999999
-0.001283 0.000481 0.999999
-0.000269 0.000101 1.000000
-0.000267 0.000016 1.000000
-0.000045 -0.000017 1.000000
-0.000045 -0.000017 1.000000
-0.000032 0.000015 1.000000
-0.000269 0.000101 1.000000
-0.000269 0.000101 1.000000
-0.000032 0.000015 1.000000
-0.000044 0.000054 1.000000
-0.000044 0.000054 1.000000
-0.000278 0.000235 1.000000
-0.000269 0.000101 1.000000
-0.000044 0.000054 1.000000
-0.000056 0.000158 1.000000
-0.000295 0.000385 1.000000
-0.000295 0.000385 1.000000
-0.000278 0.000235 1.000000
-0.000044 0.000054 1.000000
-0.000044 0.000054 1.000000
-0.000032 0.000015 1.000000
-0.000001 -0.000006 1.000000
-0.000001 -0.000006 1.000000
-0.000001 0.000002 1.000000
-0.000044 0.000054 1.000000
-0.000044 0.000054 1.000000
-0.000001 0.000002 1.000000
-0.000011 0.000041 1.000000
-0.000011 0.000041 1.000000
-0.000056 0.000158 1.000000
-0.000044 0.000054 1.000000
-0.000011 0.000041 1.000000
-0.000046 0.000132 1.000000
-0.000130 0.000347 1.000000
-0.000130 0.000347 1.000000
-0.000056 0.000158 1.000000
-0.000011 0.000041 1.000000
-0.000011 0.000041 1.000000
-0.000001 0.000002 1.000000
-0.000002 0.000001 1.000000
-0.000002 0.000001 1.000000
-0.000003 0.000001 1.000000
-0.000011 0.000041 1.000000
-0.000011 0.000041 1.000000
-0.000003 0.000001 1.000000
0.000001 0.000027 1.000000
0.000001 0.000027 1.000000
-0.000046 0.000132 1.000000
-0.000011 0.000041 1.000000
-0.000002 0.000001 1.000000
-0.000009 -0.000013 1.000000
0.000010 -0.000019 1.000000
0.000010 -0.000019 1.000000
0.000016 -0.000000 1.000000
-0.000002 0.000001 1.000000
-0.000002 0.000001 1.000000
0.000016 -0.000000 1.000000
0.000012 0.000003 1.000000
0.000012 0.000003 1.000000
-0.000003 0.000001 1.000000
-0.000002 0.000001 1.000000
-0.000002 0.000001 1.000000
-0.000001 0.000002 1.000000
-0.000001 -0.000006 1.000000
-0.000001 -0.000006 1.000000
-0.000009 -0.000013 1.000000
-0.000002 0.000001 1.000000
0.000016 -0.000000 1.000000
0.000010 -0.000019 1.000000
0.000329 -0.000175 1.000000
0.000329 -0.000175 1.000000
0.000344 -0.000059 1.000000
0.000016 -0.000000 1.000000
0.000016 -0.000000 1.000000
0.000344 -0.000059 1.000000
0.000340 0.000047 1.000000
0.000340 0.000047 1.000000
0.000012 0.000003 1.000000
0.000016 -0.000000 1.000000
0.000340 0.000047 1.000000
0.000344 -0.000059 1.000000
0.003392 -0.000623 0.999994
0.003392 -0.000623 0.999994
0.003572 0.000483 0.999994
0.000340 0.000047 1.000000
0.000340 0.000047 1.000000
0.003572 0.000483 0.999994
0.003651 0.001546 0.999992
0.003651 0.001546 0.999992
0.000314 0.000162 1.000000
0.000340 0.000047 1.000000
0.000340 0.000047 1.000000
0.000314 0.000162 1.000000
0.000014 0.000011 1.000000
0.000014 0.000011 1.000000
0.000012 0.000003 1.000000
0.000340 0.000047 1.000000
0.000314 0.000162 1.000000
0.003651 0.001546 0.999992
0.003436 0.003569 0.999988
0.003436 0.003569 0.999988
0.000247 0.000439 1.000000
0.000314 0.000162 1.000000
0.000314 0.000162 1.000000
0.000247 0.000439 1.000000
0.000001 0.000027 1.000000
0.000001 0.000027 1.000000
0.000014 0.000011 1.000000
0.000314 0.000162 1.000000
0.000247 0.000439 1.000000
0.003436 0.003569 0.999988
0.002963 0.008380 0.999961
0.002963 0.008380 0.999961
0.000171 0.001084 0.999999
0.000247 0.000439 1.000000
0.000247 0.000439 1.000000
0.000171 0.001084 0.999999
-0.000046 0.000132 1.000000
-0.000046 0.000132 1.000000
0.000001 0.000027 1.000000
0.000247 0.000439 1.000000
0.000171 0.001084 0.999999
0.002963 0.008380 0.999961
0.001279 0.011236 0.999936
0.001279 0.011236 0.999936
0.000083 0.001908 0.999998
0.000171 0.001084 0.999999
0.000171 0.001084 0.999999
0.000083 0.001908 0.999998
-0.000130 0.000347 1.000000
-0.000130 0.000347 1.000000
-0.000046 0.000132 1.000000
0.000171 0.001084 0.999999
0.002963 0.008380 0.999961
0.003436 0.003569 0.999988
0.061262 0.080859 0.994841
0.061262 0.080859 0.994841
0.122377 0.172273 0.977418
0.002963 0.008380 0.999961
0.002963 0.008380 0.999961
0.122377 0.172273 0.977418
0.031981 0.146698 0.988664
0.031981 0.146698 0.988664
0.001279 0.011236 0.999936
0.002963 0.008380 0.999961
0.003436 0.003569 0.999988
0.003651 0.001546 0.999992
0.020899 0.017332 0.999631
0.020899 0.017332 0.999631
0.061262 0.080859 0.994841
0.003436 0.003569 0.999988
0.020899 0.017332 0.999631
0.017146 0.002056 0.999851
0.227015 0.027086 0.973514
0.227015 0.027086 0.973514
0.207255 0.111087 0.971959
0.020899 0.017332 0.999631
0.020899 0.017332 0.999631
0.207255 0.111087 0.971959
0.309373 0.277123 0.909666
0.309373 0.277123 0.909666
0.061262 0.080859 0.994841
0.020899 0.017332 0.999631
0.020899 0.017332 0.999631
0.003651 0.001546 0.999992
0.003572 0.000483 0.999994
0.003572 0.000483 0.999994
0.017146 0.002056 0.999851
0.020899 0.017332 0.999631
0.207255 0.111087 0.971959
0.227015 0.027086 0.973514
0.605386 0.062177 0.793500
0.605386 0.062177 0.793500
0.542834 0.238283 0.805327
0.207255 0.111087 0.971959
0.207255 0.111087 0.971959
0.542834 0.238283 0.805327
0.567289 0.407474 0.715645
0.567289 0.407474 0.715645
0.309373 0.277123 0.909666
0.207255 0.111087 0.971959
0.542834 0.238283 0.805327
0.605386 0.062177 0.793500
0.805276 0.076333 0.587966
0.805276 0.076333 0.587966
0.752160 0.296705 0.588406
0.542834 0.238283 0.805327
0.542834 0.238283 0.805327
0.752160 0.296705 0.588406
0.666159 0.430885 0.608745
0.666159 0.430885 0.608745
0.567289 0.407474 0.715645
0.542834 0.238283 0.805327
0.666159 0.430885 0.608745
0.752160 0.296705 0.588406
0.823984 0.310912 0.473692
0.823984 0.310912 0.473692
0.729814 0.424429 0.535941
0.666159 0.430885 0.608745
0.666159 0.430885 0.608745
0.729814 0.424429 0.535941
0.649472 0.477358 0.591874
0.649472 0.477358 0.591874
0.583494 0.475940 0.658039
0.666159 0.430885 0.608745
0.666159 0.430885 0.608745
0.583494 0.475940 0.658039
0.502833 0.474002 0.722829
0.502833 0.474002 0.722829
0.567289 0.407474 0.715645
0.666159 0.430885 0.608745
0.583494 0.475940 0.658039
0.649472 0.477358 0.591874
0.591366 0.498566 0.633812
0.591366 0.498566 0.633812
0.518184 0.506484 0.689173
0.583494 0.475940 0.658039
0.583494 0.475940 0.658039
0.518184 0.506484 0.689173
0.444985 0.518377 0.730255
0.444985 0.518377 0.730255
0.502833 0.474002 0.722829
0.583494 0.475940 0.658039
0.518184 0.506484 0.689173
0.591366 0.498566 0.633812
0.517090 0.530464 0.671734
0.517090 0.530464 0.671734
0.435922 0.531469 0.726300
0.518184 0.506484 0.689173
0.518184 0.506484 0.689173
0.435922 0.531469 0.726300
0.364214 0.541377 0.757798
0.364214 0.541377 0.757798
0.444985 0.518377 0.730255
0.518184 0.506484 0.689173
0.364214 0.541377 0.757798
0.435922 0.531469 0.726300
0.411898 0.559123 0.719529
0.411898 0.559123 0.719529
0.335715 0.553261 0.762363
0.364214 0.541377 0.757798
0.364214 0.541377 0.757798
0.335715 0.553261 0.762363
0.244216 0.536422 0.807842
0.244216 0.536422 0.807842
0.265435 0.542626 0.796932
0.364214 0.541377 0.757798
0.364214 0.541377 0.757798
0.265435 0.542626 0.796932
0.303076 0.516040 0.801154
0.303076 0.516040 0.801154
0.444985 0.518377 0.730255
0.364214 0.541377 0.757798
0.265435 0.542626 0.796932
0.244216 0.536422 0.807842
0.131263 0.515602 0.846714
0.131263 0.515602 0.846714
0.140007 0.533060 0.834413
0.265435 0.542626 0.796932
0.265435 0.542626 0.796932
0.140007 0.533060 0.834413
0.157305 0.528110 0.834479
0.157305 0.528110 0.834479
0.303076 0.516040 0.801154
0.265435 0.542626 0.796932
0.157305 0.528110 0.834479
0.129493 0.409515 0.903067
0.312536 0.409123 0.857286
0.312536 0.409123 0.857286
0.303076 0.516040 0.801154
0.157305 0.528110 0.834479
0.157305 0.528110 0.834479
0.140007 0.533060 0.834413
-0.004297 0.507488 0.861648
-0.004297 0.507488 0.861648
0.003092 0.519749 0.854313
0.157305 0.528110 0.834479
0.157305 0.528110 0.834479
0.003092 0.519749 0.854313
0.001446 0.400166 0.916442
0.001446 0.400166 0.916442
0.129493 0.409515 0.903067
0.157305 0.528110 0.834479
0.129493 0.409515 0.903067
0.031981 0.146698 0.988664
0.122377 0.172273 0.977418
0.122377 0.172273 0.977418
0.312536 0.409123 0.857286
0.129493 0.409515 0.903067
0.129493 0.409515 0.903067
0.001446 0.400166 0.916442
-0.003433 0.148964 0.988837
-0.003433 0.148964 0.988837
0.031981 0.146698 0.988664
0.129493 0.409515 0.903067
0.335715 0.553261 0.762363
0.411898 0.559123 0.719529
0.448550 0.555673 0.700022
0.448550 0.555673 0.700022
0.360793 0.537844 0.761940
0.335715 0.553261 0.762363
0.335715 0.553261 0.762363
0.360793 0.537844 0.761940
0.257506 0.517006 0.816330
0.257506 0.517006 0.816330
0.244216 0.536422 0.807842
0.335715 0.553261 0.762363
0.448550 0.555673 0.700022
0.411898 0.559123 0.719529
0.490298 0.555774 0.671359
0.490298 0.555774 0.671359
0.515926 0.566055 0.642964
0.448550 0.555673 0.700022
0.448550 0.555673 0.700022
0.515926 0.566055 0.642964
0.630808 0.504126 0.589863
0.630808 0.504126 0.589863
0.541730 0.493496 0.680434
0.448550 0.555673 0.700022
0.448550 0.555673 0.700022
0.541730 0.493496 0.680434
0.424511 0.500944 0.754218
0.424511 0.500944 0.754218
0.360793 0.537844 0.761940
0.448550 0.555673 0.700022
0.630808 0.504126 0.589863
0.515926 0.566055 0.642964
0.602807 0.549376 0.578627
0.602807 0.549376 0.578627
0.699208 0.524006 0.486338
0.630808 0.504126 0.589863
0.630808 0.504126 0.589863
0.699208 0.524006 0.486338
0.828926 0.335992 0.447203
0.828926 0.335992 0.447203
0.771715 0.345518 0.533922
0.630808 0.504126 0.589863
0.630808 0.504126 0.589863
0.771715 0.345518 0.533922
0.646381 0.411077 0.642812
0.646381 0.411077 0.642812
0.541730 0.493496 0.680434
0.630808 0.504126 0.589863
0.699208 0.524006 0.486338
0.602807 0.549376 0.578627
0.746217 0.489118 0.451579
0.746217 0.489118 0.451579
0.831039 0.433434 0.348580
0.699208 0.524006 0.486338
0.699208 0.524006 0.486338
0.831039 0.433434 0.348580
0.927938 0.224631 0.297442
0.927938 0.224631 0.297442
0.828926 0.335992 0.447203
0.699208 0.524006 0.486338
0.831039 0.433434 0.348580
0.746217 0.489118 0.451579
0.996530 0.069999 -0.045040
0.996530 0.069999 -0.045040
0.998760 -0.042081 -0.026592
0.831039 0.433434 0.348580
0.831039 0.433434 0.348580
0.998760 -0.042081 -0.026592
0.981780 -0.189092 0.018758
0.981780 -0.189092 0.018758
0.927938 0.224631 0.297442
0.831039 0.433434 0.348580
0.998760 -0.042081 -0.026592
0.996530 0.069999 -0.045040
0.791928 -0.371081 -0.484921
0.791928 -0.371081 -0.484921
0.813057 -0.481438 -0.327347
0.998760 -0.042081 -0.026592
0.998760 -0.042081 -0.026592
0.813057 -0.481438 -0.327347
0.825543 -0.534047 -0.182410
0.825543 -0.534047 -0.182410
0.981780 -0.189092 0.018758
0.998760 -0.042081 -0.026592
0.825543 -0.534047 -0.182410
0.813057 -0.481438 -0.327347
0.717613 -0.581186 -0.383738
0.717613 -0.581186 -0.383738
0.755458 -0.620013 -0.211817
0.825543 -0.534047 -0.182410
0.825543 -0.534047 -0.182410
0.755458 -0.620013 -0.211817
0.764672 -0.636727 -0.099271
0.764672 -0.636727 -0.099271
0.833931 -0.546345 -0.077884
0.825543 -0.534047 -0.182410
0.825543 -0.534047 -0.182410
0.833931 -0.546345 -0.077884
0.969800 -0.241354 0.035149
0.969800 -0.241354 0.035149
0.981780 -0.189092 0.018758
0.825543 -0.534047 -0.182410
0.764672 -0.636727 -0.099271
0.755458 -0.620013 -0.211817
0.603483 -0.756441 -0.252203
0.603483 -0.756441 -0.252203
0.653994 -0.747944 -0.113451
0.764672 -0.636727 -0.099271
0.764672 -0.636727 -0.099271
0.653994 -0.747944 -0.113451
0.670399 -0.740708 -0.043791
0.670399 -0.740708 -0.043791
0.769604 -0.637610 -0.034108
0.764672 -0.636727 -0.099271
0.764672 -0.636727 -0.099271
0.769604 -0.637610 -0.034108
0.859959 -0.510324 -0.006376
0.859959 -0.510324 -0.006376
0.833931 -0.546345 -0.077884
0.764672 -0.636727 -0.099271
0.769604 -0.637610 -0.034108
0.670399 -0.740708 -0.043791
0.669966 -0.742334 -0.009262
0.669966 -0.742334 -0.009262
0.773722 -0.633495 -0.006238
0.769604 -0.637610 -0.034108
0.769604 -0.637610 -0.034108
0.773722 -0.633495 -0.006238
0.870384 -0.492373 0.000120
0.870384 -0.492373 0.000120
0.859959 -0.510324 -0.006376
0.769604 -0.637610 -0.034108
0.773722 -0.633495 -0.006238
0.669966 -0.742334 -0.009262
0.669614 -0.742668 0.007878
0.669614 -0.742668 0.007878
0.774329 -0.632741 0.007308
0.773722 -0.633495 -0.006238
0.773722 -0.633495 -0.006238
0.774329 -0.632741 0.007308
0.874180 -0.485599 -0.001374
0.874180 -0.485599 -0.001374
0.870384 -0.492373 0.000120
0.773722 -0.633495 -0.006238
0.774329 -0.632741 0.007308
0.669614 -0.742668 0.007878
0.671371 -0.740348 0.033831
0.671371 -0.740348 0.033831
0.768389 -0.639318 0.029166
0.774329 -0.632741 0.007308
0.774329 -0.632741 0.007308
0.768389 -0.639318 0.029166
0.869122 -0.494592 0.002383
0.869122 -0.494592 0.002383
0.874180 -0.485599 -0.001374
0.774329 -0.632741 0.007308
0.768389 -0.639318 0.029166
0.671371 -0.740348 0.033831
0.658797 -0.744760 0.106392
0.658797 -0.744760 0.106392
0.763218 -0.639988 0.088958
0.768389 -0.639318 0.029166
0.768389 -0.639318 0.029166
0.763218 -0.639988 0.088958
0.841550 -0.536469 0.063204
0.841550 -0.536469 0.063204
0.869122 -0.494592 0.002383
0.768389 -0.639318 0.029166
0.671371 -0.740348 0.033831
0.669614 -0.742668 0.007878
0.493502 -0.869687 0.010009
0.493502 -0.869687 0.010009
0.494168 -0.868422 0.040518
0.671371 -0.740348 0.033831
0.671371 -0.740348 0.033831
0.494168 -0.868422 0.040518
0.481039 -0.869434 0.112630
0.481039 -0.869434 0.112630
0.658797 -0.744760 0.106392
0.671371 -0.740348 0.033831
0.481039 -0.869434 0.112630
0.494168 -0.868422 0.040518
0.393772 -0.918315 0.040511
0.393772 -0.918315 0.040511
0.388741 -0.915303 0.105363
0.481039 -0.869434 0.112630
0.481039 -0.869434 0.112630
0.388741 -0.915303 0.105363
0.361521 -0.908243 0.210707
0.361521 -0.908243 0.210707
0.432676 -0.871934 0.229178
0.481039 -0.869434 0.112630
0.481039 -0.869434 0.112630
0.432676 -0.871934 0.229178
0.621647 -0.753317 0.214635
0.621647 -0.753317 0.214635
0.658797 -0.744760 0.106392
0.481039 -0.869434 0.112630
0.361521 -0.908243 0.210707
0.388741 -0.915303 0.105363
0.363123 -0.926015 0.103142
0.363123 -0.926015 0.103142
0.346568 -0.918791 0.188982
0.361521 -0.908243 0.210707
0.361521 -0.908243 0.210707
0.346568 -0.918791 0.188982
0.218131 -0.951857 0.215375
0.218131 -0.951857 0.215375
0.279534 -0.899851 0.334855
0.361521 -0.908243 0.210707
0.361521 -0.908243 0.210707
0.279534 -0.899851 0.334855
0.355748 -0.860799 0.363963
0.355748 -0.860799 0.363963
0.432676 -0.871934 0.229178
0.361521 -0.908243 0.210707
0.218131 -0.951857 0.215375
0.346568 -0.918791 0.188982
0.280733 -0.953216 0.112109
0.280733 -0.953216 0.112109
0.190702 -0.977133 0.094038
0.218131 -0.951857 0.215375
0.218131 -0.951857 0.215375
0.190702 -0.977133 0.094038
0.056109 -0.950306 0.306221
0.056109 -0.950306 0.306221
0.011017 -0.939793 0.341567
0.218131 -0.951857 0.215375
0.218131 -0.951857 0.215375
0.011017 -0.939793 0.341567
0.079402 -0.907884 0.411632
0.079402 -0.907884 0.411632
0.279534 -0.899851 0.334855
0.218131 -0.951857 0.215375
0.056109 -0.950306 0.306221
0.190702 -0.977133 0.094038
0.183915 -0.981586 0.051617
0.183915 -0.981586 0.051617
0.108566 -0.957809 0.266111
0.056109 -0.950306 0.306221
0.056109 -0.950306 0.306221
0.108566 -0.957809 0.266111
0.005284 -0.776576 0.630001
0.005284 -0.776576 0.630001
-0.075213 -0.788271 0.610715
0.056109 -0.950306 0.306221
0.056109 -0.950306 0.306221
-0.075213 -0.788271 0.610715
-0.101765 -0.785433 0.610524
-0.101765 -0.785433 0.610524
0.011017 -0.939793 0.341567
0.056109 -0.950306 0.306221
0.005284 -0.776576 0.630001
0.108566 -0.957809 0.266111
0.158949 -0.957229 0.241759
0.158949 -0.957229 0.241759
0.076651 -0.760620 0.644656
0.005284 -0.776576 0.630001
0.005284 -0.776576 0.630001
0.076651 -0.760620 0.644656
0.020639 -0.371155 0.928342
0.020639 -0.371155 0.928342
-0.038043 -0.455618 0.889362
0.005284 -0.776576 0.630001
0.005284 -0.776576 0.630001
-0.038043 -0.455618 0.889362
-0.115441 -0.509148 0.852902
-0.115441 -0.509148 0.852902
-0.075213 -0.788271 0.610715
0.005284 -0.776576 0.630001
0.020639 -0.371155 0.928342
0.076651 -0.760620 0.644656
0.141855 -0.733389 0.664844
0.141855 -0.733389 0.664844
0.050934 -0.309856 0.949418
0.020639 -0.371155 0.928342
0.020639 -0.371155 0.928342
0.050934 -0.309856 0.949418
0.005050 -0.053380 0.998562
0.005050 -0.053380 0.998562
0.008656 -0.072616 0.997322
0.020639 -0.371155 0.928342
0.020639 -0.371155 0.928342
0.008656 -0.072616 0.997322
-0.022803 -0.128272 0.991477
-0.022803 -0.128272 0.991477
-0.038043 -0.455618 0.889362
0.020639 -0.371155 0.928342
0.005050 -0.053380 0.998562
0.050934 -0.309856 0.949418
0.057679 -0.266632 0.962071
0.057679 -0.266632 0.962071
0.005567 -0.032503 0.999456
0.005050 -0.053380 0.998562
0.005050 -0.053380 0.998562
0.005567 -0.032503 0.999456
0.000622 -0.004331 0.999990
0.000622 -0.004331 0.999990
0.001102 -0.005969 0.999982
0.005050 -0.053380 0.998562
0.005050 -0.053380 0.998562
0.001102 -0.005969 0.999982
-0.000226 -0.007145 0.999974
-0.000226 -0.007145 0.999974
0.008656 -0.072616 0.997322
0.005050 -0.053380 0.998562
0.000622 -0.004331 0.999990
0.005567 -0.032503 0.999456
0.002998 -0.020950 0.999776
0.002998 -0.020950 0.999776
0.000211 -0.002538 0.999997
0.000622 -0.004331 0.999990
0.000622 -0.004331 0.999990
0.000211 -0.002538 0.999997
0.000036 -0.000269 1.000000
0.000036 -0.000269 1.000000
0.000169 -0.000450 1.000000
0.000622 -0.004331 0.999990
0.000622 -0.004331 0.999990
0.000169 -0.000450 1.000000
0.000053 -0.000673 1.000000
0.000053 -0.000673 1.000000
0.001102 -0.005969 0.999982
0.000622 -0.004331 0.999990
0.000036 -0.000269 1.000000
0.000211 -0.002538 0.999997
0.001665 -0.001491 0.999997
0.001665 -0.001491 0.999997
0.000211 -0.000199 1.000000
0.000036 -0.000269 1.000000
0.000036 -0.000269 1.000000
0.000211 -0.000199 1.000000
0.000015 -0.000012 1.000000
0.000015 -0.000012 1.000000
0.000003 -0.000007 1.000000
0.000036 -0.000269 1.000000
0.000036 -0.000269 1.000000
0.000003 -0.000007 1.000000
0.000002 -0.000013 1.000000
0.000002 -0.000013 1.000000
0.000169 -0.000450 1.000000
0.000036 -0.000269 1.000000
0.000015 -0.000012 1.000000
0.000211 -0.000199 1.000000
0.000660 -0.000689 1.000000
0.000660 -0.000689 1.000000
0.000034 -0.000042 1.000000
0.000015 -0.000012 1.000000
0.000015 -0.000012 1.000000
0.000034 -0.000042 1.000000
0.000001 -0.000001 1.000000
0.000001 -0.000001 1.000000
-0.000001 -0.000000 1.000000
0.000015 -0.000012 1.000000
0.000015 -0.000012 1.000000
-0.000001 -0.000000 1.000000
-0.000001 0.000000 1.000000
-0.000001 0.000000 1.000000
0.000003 -0.000007 1.000000
0.000015 -0.000012 1.000000
0.000001 -0.000001 1.000000
0.000034 -0.000042 1.000000
0.000073 -0.000094 1.000000
0.000073 -0.000094 1.000000
0.000003 -0.000003 1.000000
0.000001 -0.000001 1.000000
0.000001 -0.000001 1.000000
0.000003 -0.000003 1.000000
0.000000 0.000000 1.000000
0.000000 0.000000 1.000000
-0.000001 -0.000000 1.000000
0.000001 -0.000001 1.000000
0.000001 -0.000001 1.000000
-0.000001 -0.000000 1.000000
-0.000001 -0.000001 1.000000
-0.000001 -0.000001 1.000000
-0.000001 -0.000000 1.000000
0.000001 -0.000001 1.000000
0.000003 -0.000003 1.000000
0.000073 -0.000094 1.000000
0.000052 -0.000139 1.000000
0.000052 -0.000139 1.000000
-0.000004 -0.000010 1.000000
0.000003 -0.000003 1.000000
0.000003 -0.000003 1.000000
-0.000004 -0.000010 1.000000
-0.000001 0.000001 1.000000
-0.000001 0.000001 1.000000
0.000000 0.000000 1.000000
0.000003 -0.000003 1.000000
-0.000001 0.000001 1.000000
-0.000004 -0.000010 1.000000
-0.000221 -0.000080 1.000000
-0.000221 -0.000080 1.000000
-0.000027 0.000012 1.000000
-0.000001 0.000001 1.000000
-0.000001 0.000001 1.000000
-0.000027 0.000012 1.000000
-0.000000 0.000000 1.000000
-0.000000 0.000000 1.000000
0.000000 0.000000 1.000000
-0.000001 0.000001 1.000000
-0.000001 0.000001 1.000000
0.000000 0.000000 1.000000
0.000000 0.000000 1.000000
0.000000 0.000000 1.000000
0.000000 0.000000 1.000000
-0.000001 0.000001 1.000000
-0.000000 0.000000 1.000000
-0.000027 0.000012 1.000000
-0.000029 0.000035 1.000000
-0.000029 0.000035 1.000000
-0.000000 0.000000 1.000000
-0.000000 0.000000 1.000000
-0.000000 0.000000 1.000000
-0.000000 0.000000 1.000000
0.000003 -0.000001 1.000000
0.000003 -0.000001 1.000000
0.000001 -0.000002 1.000000
-0.000000 0.000000 1.000000
-0.000000 0.000000 1.000000
0.000001 -0.000002 1.000000
0.000000 0.000000 1.000000
0.000000 0.000000 1.000000
0.000000 0.000000 1.000000
-0.000000 0.000000 1.000000
0.000001 -0.000002 1.000000
0.000003 -0.000001 1.000000
0.000189 -0.000157 1.000000
0.000189 -0.000157 1.000000
0.000002 -0.000019 1.000000
0.000001 -0.000002 1.000000
0.000001 -0.000002 1.000000
0.000002 -0.000019 1.000000
0.000000 -0.000003 1.000000
0.000000 -0.000003 1.000000
0.000000 0.000000 1.000000
0.000001 -0.000002 1.000000
0.000189 -0.000157 1.000000
0.000003 -0.000001 1.000000
-0.107049 -0.221136 0.969350
-0.107049 -0.221136 0.969350
-0.058413 -0.285046 0.956732
0.000189 -0.000157 1.000000
0.000189 -0.000157 1.000000
-0.058413 -0.285046 0.956732
0.019615 -0.330031 0.943766
0.019615 -0.330031 0.943766
0.000357 -0.001927 0.999998
0.000189 -0.000157 1.000000
0.000189 -0.000157 1.000000
0.000357 -0.001927 0.999998
0.000149 -0.000931 1.000000
0.000149 -0.000931 1.000000
0.000002 -0.000019 1.000000
0.000189 -0.000157 1.000000
0.019615 -0.330031 0.943766
-0.058413 -0.285046 0.956732
-0.183519 -0.883429 0.431131
-0.183519 -0.883429 0.431131
0.050051 -0.919273 0.390426
0.019615 -0.330031 0.943766
0.019615 -0.330031 0.943766
0.050051 -0.919273 0.390426
0.268865 -0.882116 0.386758
0.268865 -0.882116 0.386758
0.104616 -0.336261 0.935940
0.019615 -0.330031 0.943766
0.019615 -0.330031 0.943766
0.104616 -0.336261 0.935940
0.005572 -0.013864 0.999888
0.005572 -0.013864 0.999888
0.000357 -0.001927 0.999998
0.019615 -0.330031 0.943766
0.268865 -0.882116 0.386758
0.050051 -0.919273 0.390426
0.047315 -0.981411 -0.185993
0.047315 -0.981411 -0.185993
0.284857 -0.937542 -0.199681
0.268865 -0.882116 0.386758
0.268865 -0.882116 0.386758
0.284857 -0.937542 -0.199681
0.497527 -0.846845 -0.187938
0.497527 -0.846845 -0.187938
0.473630 -0.798101 0.372438
0.268865 -0.882116 0.386758
0.268865 -0.882116 0.386758
0.473630 -0.798101 0.372438
0.189108 -0.315010 0.930057
0.189108 -0.315010 0.930057
0.104616 -0.336261 0.935940
0.268865 -0.882116 0.386758
0.497527 -0.846845 -0.187938
0.284857 -0.937542 -0.199681
0.271059 -0.892218 -0.361212
0.271059 -0.892218 -0.361212
0.472156 -0.809005 -0.350114
0.497527 -0.846845 -0.187938
0.497527 -0.846845 -0.187938
0.472156 -0.809005 -0.350114
0.647161 -0.669029 -0.365489
0.647161 -0.669029 -0.365489
0.682409 -0.701374 -0.205894
0.497527 -0.846845 -0.187938
0.497527 -0.846845 -0.187938
0.682409 -0.701374 -0.205894
0.657620 -0.666279 0.351579
0.657620 -0.666279 0.351579
0.473630 -0.798101 0.372438
0.497527 -0.846845 -0.187938
0.647161 -0.669029 -0.365489
0.472156 -0.809005 -0.350114
0.441873 -0.761046 -0.474929
0.441873 -0.761046 -0.474929
0.609381 -0.634357 -0.475653
0.647161 -0.669029 -0.365489
0.647161 -0.669029 -0.365489
0.609381 -0.634357 -0.475653
0.739681 -0.469079 -0.482532
0.739681 -0.469079 -0.482532
0.786252 -0.496334 -0.368049
0.647161 -0.669029 -0.365489
0.647161 -0.669029 -0.365489
0.786252 -0.496334 -0.368049
0.827727 -0.519074 -0.213146
0.827727 -0.519074 -0.213146
0.682409 -0.701374 -0.205894
0.647161 -0.669029 -0.365489
0.739681 -0.469079 -0.482532
0.609381 -0.634357 -0.475653
0.568204 -0.596037 -0.567348
0.568204 -0.596037 -0.567348
0.686592 -0.439432 -0.579216
0.739681 -0.469079 -0.482532
0.739681 -0.469079 -0.482532
0.686592 -0.439432 -0.579216
0.760024 -0.253234 -0.598528
0.760024 -0.253234 -0.598528
0.822391 -0.272659 -0.499330
0.739681 -0.469079 -0.482532
0.739681 -0.469079 -0.482532
0.822391 -0.272659 -0.499330
0.869663 -0.284512 -0.403410
0.869663 -0.284512 -0.403410
0.786252 -0.496334 -0.368049
0.739681 -0.469079 -0.482532
0.760024 -0.253234 -0.598528
0.686592 -0.439432 -0.579216
0.553002 -0.356688 -0.752970
0.553002 -0.356688 -0.752970
0.590831 -0.200879 -0.781388
0.760024 -0.253234 -0.598528
0.760024 -0.253234 -0.598528
0.590831 -0.200879 -0.781388
0.536959 -0.042665 -0.842529
0.536959 -0.042665 -0.842529
0.771683 -0.063765 -0.632803
0.760024 -0.253234 -0.598528
0.760024 -0.253234 -0.598528
0.771683 -0.063765 -0.632803
0.854162 -0.065637 -0.515848
0.854162 -0.065637 -0.515848
0.822391 -0.272659 -0.499330
0.760024 -0.253234 -0.598528
0.536959 -0.042665 -0.842529
0.590831 -0.200879 -0.781388
0.237009 -0.084243 -0.967848
0.237009 -0.084243 -0.967848
0.175760 -0.006836 -0.984409
0.536959 -0.042665 -0.842529
0.536959 -0.042665 -0.842529
0.175760 -0.006836 -0.984409
0.109766 0.010737 -0.993899
0.109766 0.010737 -0.993899
0.444261 0.063020 -0.893678
0.536959 -0.042665 -0.842529
0.536959 -0.042665 -0.842529
0.444261 0.063020 -0.893678
0.728655 0.114907 -0.675172
0.728655 0.114907 -0.675172
0.771683 -0.063765 -0.632803
0.536959 -0.042665 -0.842529
0.109766 0.010737 -0.993899
0.175760 -0.006836 -0.984409
0.016834 -0.001646 -0.999857
0.016834 -0.001646 -0.999857
0.012850 0.002126 -0.999915
0.109766 0.010737 -0.993899
0.109766 0.010737 -0.993899
0.012850 0.002126 -0.999915
0.012861 0.006035 -0.999899
0.012861 0.006035 -0.999899
0.079395 0.043401 -0.995898
0.109766 0.010737 -0.993899
0.109766 0.010737 -0.993899
0.079395 0.043401 -0.995898
0.360494 0.162474 -0.918502
0.360494 0.162474 -0.918502
0.444261 0.063020 -0.893678
0.109766 0.010737 -0.993899
0.012850 0.002126 -0.999915
0.016834 -0.001646 -0.999857
0.003569 -0.000378 -0.999994
0.003569 -0.000378 -0.999994
0.002916 0.000576 -0.999996
0.012850 0.002126 -0.999915
0.012850 0.002126 -0.999915
0.002916 0.000576 -0.999996
0.002293 0.000918 -0.999997
0.002293 0.000918 -0.999997
0.012861 0.006035 -0.999899
0.012850 0.002126 -0.999915
0.002293 0.000918 -0.999997
0.002916 0.000576 -0.999996
0.000287 0.000035 -1.000000
0.000287 0.000035 -1.000000
0.000207 0.000122 -1.000000
0.002293 0.000918 -0.999997
0.002293 0.000918 -0.999997
0.000207 0.000122 -1.000000
0.000108 0.000127 -1.000000
0.000108 0.000127 -1.000000
0.001454 0.001223 -0.999998
0.002293 0.000918 -0.999997
0.002293 0.000918 -0.999997
0.001454 0.001223 -0.999998
0.012067 0.009420 -0.999883
0.012067 0.009420 -0.999883
0.012861 0.006035 -0.999899
0.002293 0.000918 -0.999997
0.002916 0.000576 -0.999996
0.003569 -0.000378 -0.999994
0.000387 -0.000058 -1.000000
0.000387 -0.000058 -1.000000
0.000287 0.000035 -1.000000
0.002916 0.000576 -0.999996
0.000387 -0.000058 -1.000000
0.000448 -0.000137 -1.000000
0.000034 -0.000016 -1.000000
0.000034 -0.000016 -1.000000
0.000028 -0.000001 -1.000000
0.000387 -0.000058 -1.000000
0.000387 -0.000058 -1.000000
0.000028 -0.000001 -1.000000
0.000020 0.000002 -1.000000
0.000020 0.000002 -1.000000
0.000287 0.000035 -1.000000
0.000387 -0.000058 -1.000000
0.000387 -0.000058 -1.000000
0.003569 -0.000378 -0.999994
0.003671 -0.001400 -0.999992
0.003671 -0.001400 -0.999992
0.000448 -0.000137 -1.000000
0.000387 -0.000058 -1.000000
0.003671 -0.001400 -0.999992
0.004394 -0.002611 -0.999987
0.000559 -0.000418 -1.000000
0.000559 -0.000418 -1.000000
0.000448 -0.000137 -1.000000
0.003671 -0.001400 -0.999992
0.003671 -0.001400 -0.999992
0.003569 -0.000378 -0.999994
0.016834 -0.001646 -0.999857
0.016834 -0.001646 -0.999857
0.019514 -0.006989 -0.999785
0.003671 -0.001400 -0.999992
0.003671 -0.001400 -0.999992
0.019514 -0.006989 -0.999785
0.029934 -0.021257 -0.999326
0.029934 -0.021257 -0.999326
0.004394 -0.002611 -0.999987
0.003671 -0.001400 -0.999992
0.029934 -0.021257 -0.999326
0.027957 -0.028414 -0.999205
0.003672 -0.003780 -0.999986
0.003672 -0.003780 -0.999986
0.004394 -0.002611 -0.999987
0.029934 -0.021257 -0.999326
0.029934 -0.021257 -0.999326
0.019514 -0.006989 -0.999785
0.237009 -0.084243 -0.967848
0.237009 -0.084243 -0.967848
0.254636 -0.166617 -0.952575
0.029934 -0.021257 -0.999326
0.029934 -0.021257 -0.999326
0.254636 -0.166617 -0.952575
0.234952 -0.251204 -0.938986
0.234952 -0.251204 -0.938986
0.027957 -0.028414 -0.999205
0.029934 -0.021257 -0.999326
0.234952 -0.251204 -0.938986
0.171010 -0.302370 -0.937725
0.023475 -0.042782 -0.998809
0.023475 -0.042782 -0.998809
0.027957 -0.028414 -0.999205
0.234952 -0.251204 -0.938986
0.234952 -0.251204 -0.938986
0.254636 -0.166617 -0.952575
0.553002 -0.356688 -0.752970
0.553002 -0.356688 -0.752970
0.474307 -0.502978 -0.722528
0.234952 -0.251204 -0.938986
0.234952 -0.251204 -0.938986
0.474307 -0.502978 -0.722528
0.341236 -0.594837 -0.727823
0.341236 -0.594837 -0.727823
0.171010 -0.302370 -0.937725
0.234952 -0.251204 -0.938986
0.341236 -0.594837 -0.727823
0.193802 -0.662895 -0.723195
0.094020 -0.332007 -0.938580
0.094020 -0.332007 -0.938580
0.171010 -0.302370 -0.937725
0.341236 -0.594837 -0.727823
0.341236 -0.594837 -0.727823
0.474307 -0.502978 -0.722528
0.568204 -0.596037 -0.567348
0.568204 -0.596037 -0.567348
0.410954 -0.711024 -0.570580
0.341236 -0.594837 -0.727823
0.341236 -0.594837 -0.727823
0.410954 -0.711024 -0.570580
0.235455 -0.789112 -0.567330
0.235455 -0.789112 -0.567330
0.193802 -0.662895 -0.723195
0.341236 -0.594837 -0.727823
0.235455 -0.789112 -0.567330
0.040160 -0.818723 -0.572782
0.031675 -0.668350 -0.743172
0.031675 -0.668350 -0.743172
0.193802 -0.662895 -0.723195
0.235455 -0.789112 -0.567330
0.235455 -0.789112 -0.567330
0.410954 -0.711024 -0.570580
0.441873 -0.761046 -0.474929
0.441873 -0.761046 -0.474929
0.253792 -0.844761 -0.471136
0.235455 -0.789112 -0.567330
0.235455 -0.789112 -0.567330
0.253792 -0.844761 -0.471136
0.042516 -0.880985 -0.471230
0.042516 -0.880985 -0.471230
0.040160 -0.818723 -0.572782
0.235455 -0.789112 -0.567330
0.042516 -0.880985 -0.471230
-0.186324 -0.867542 -0.461145
-0.175228 -0.814995 -0.552339
-0.175228 -0.814995 -0.552339
0.040160 -0.818723 -0.572782
0.042516 -0.880985 -0.471230
0.042516 -0.880985 -0.471230
0.253792 -0.844761 -0.471136
0.271059 -0.892218 -0.361212
0.271059 -0.892218 -0.361212
0.045529 -0.937665 -0.344544
0.042516 -0.880985 -0.471230
0.042516 -0.880985 -0.471230
0.045529 -0.937665 -0.344544
-0.194059 -0.913523 -0.357515
-0.194059 -0.913523 -0.357515
-0.186324 -0.867542 -0.461145
0.042516 -0.880985 -0.471230
-0.194059 -0.913523 -0.357515
-0.424749 -0.836294 -0.346699
-0.402103 -0.795233 -0.453781
-0.402103 -0.795233 -0.453781
-0.186324 -0.867542 -0.461145
-0.194059 -0.913523 -0.357515
-0.194059 -0.913523 -0.357515
0.045529 -0.937665 -0.344544
0.047315 -0.981411 -0.185993
0.047315 -0.981411 -0.185993
-0.203166 -0.960228 -0.191533
-0.194059 -0.913523 -0.357515
-0.194059 -0.913523 -0.357515
-0.203166 -0.960228 -0.191533
-0.449115 -0.876817 -0.171722
-0.449115 -0.876817 -0.171722
-0.424749 -0.836294 -0.346699
-0.194059 -0.913523 -0.357515
-0.449115 -0.876817 -0.171722
-0.667705 -0.726250 -0.163497
-0.637738 -0.698499 -0.324638
-0.637738 -0.698499 -0.324638
-0.424749 -0.836294 -0.346699
-0.449115 -0.876817 -0.171722
-0.449115 -0.876817 -0.171722
-0.203166 -0.960228 -0.191533
-0.183519 -0.883429 0.431131
-0.183519 -0.883429 0.431131
-0.397756 -0.784561 0.475662
-0.449115 -0.876817 -0.171722
-0.449115 -0.876817 -0.171722
-0.397756 -0.784561 0.475662
-0.568639 -0.614026 0.547377
-0.568639 -0.614026 0.547377
-0.667705 -0.726250 -0.163497
-0.449115 -0.876817 -0.171722
-0.568639 -0.614026 0.547377
-0.750457 -0.447525 0.486349
-0.841669 -0.520993 -0.141988
-0.841669 -0.520993 -0.141988
-0.667705 -0.726250 -0.163497
-0.568639 -0.614026 0.547377
-0.568639 -0.614026 0.547377
-0.397756 -0.784561 0.475662
-0.107049 -0.221136 0.969350
-0.107049 -0.221136 0.969350
-0.104863 -0.113268 0.988015
-0.568639 -0.614026 0.547377
-0.568639 -0.614026 0.547377
-0.104863 -0.113268 0.988015
-0.226724 -0.126238 0.965743
-0.226724 -0.126238 0.965743
-0.750457 -0.447525 0.486349
-0.568639 -0.614026 0.547377
-0.226724 -0.126238 0.965743
-0.334311 -0.097038 0.937454
-0.873620 -0.259737 0.411492
-0.873620 -0.259737 0.411492
-0.750457 -0.447525 0.486349
-0.226724 -0.126238 0.965743
-0.226724 -0.126238 0.965743
-0.104863 -0.113268 0.988015
-0.000000 0.000000 1.000000
-0.000000 0.000000 1.000000
-0.000029 0.000035 1.000000
-0.226724 -0.126238 0.965743
-0.226724 -0.126238 0.965743
-0.000029 0.000035 1.000000
-0.001797 0.000433 0.999998
-0.001797 0.000433 0.999998
-0.334311 -0.097038 0.937454
-0.226724 -0.126238 0.965743
-0.001797 0.000433 0.999998
-0.010559 -0.001634 0.999943
-0.432446 -0.033695 0.901030
-0.432446 -0.033695 0.901030
-0.334311 -0.097038 0.937454
-0.001797 0.000433 0.999998
-0.001797 0.000433 0.999998
-0.000029 0.000035 1.000000
-0.000027 0.000012 1.000000
-0.000027 0.000012 1.000000
-0.000221 -0.000080 1.000000
-0.001797 0.000433 0.999998
-0.001797 0.000433 0.999998
-0.000221 -0.000080 1.000000
-0.000660 -0.000459 1.000000
-0.000660 -0.000459 1.000000
-0.010559 -0.001634 0.999943
-0.001797 0.000433 0.999998
-0.000660 -0.000459 1.000000
0.002985 -0.003872 0.999988
-0.006418 -0.004802 0.999968
-0.006418 -0.004802 0.999968
-0.010559 -0.001634 0.999943
-0.000660 -0.000459 1.000000
-0.000660 -0.000459 1.000000
-0.000221 -0.000080 1.000000
-0.000004 -0.000010 1.000000
-0.000004 -0.000010 1.000000
0.000052 -0.000139 1.000000
-0.000660 -0.000459 1.000000
-0.000660 -0.000459 1.000000
0.000052 -0.000139 1.000000
0.001618 -0.001977 0.999997
0.001618 -0.001977 0.999997
0.002985 -0.003872 0.999988
-0.000660 -0.000459 1.000000
0.001618 -0.001977 0.999997
0.012666 -0.020648 0.999707
0.016937 -0.029293 0.999427
0.016937 -0.029293 0.999427
0.002985 -0.003872 0.999988
0.001618 -0.001977 0.999997
0.001618 -0.001977 0.999997
0.000052 -0.000139 1.000000
0.000073 -0.000094 1.000000
0.000073 -0.000094 1.000000
0.000652 -0.001169 0.999999
0.001618 -0.001977 0.999997
0.001618 -0.001977 0.999997
0.000652 -0.001169 0.999999
0.009796 -0.008761 0.999914
0.009796 -0.008761 0.999914
0.012666 -0.020648 0.999707
0.001618 -0.001977 0.999997
0.009796 -0.008761 0.999914
0.067230 -0.045490 0.996700
0.091887 -0.073768 0.993033
0.091887 -0.073768 0.993033
0.012666 -0.020648 0.999707
0.009796 -0.008761 0.999914
0.009796 -0.008761 0.999914
0.000652 -0.001169 0.999999
0.000660 -0.000689 1.000000
0.000660 -0.000689 1.000000
0.003227 -0.002407 0.999992
0.009796 -0.008761 0.999914
0.009796 -0.008761 0.999914
0.003227 -0.002407 0.999992
0.024732 -0.017060 0.999549
0.024732 -0.017060 0.999549
0.067230 -0.045490 0.996700
0.009796 -0.008761 0.999914
0.024732 -0.017060 0.999549
0.154226 -0.182784 0.970981
0.280877 -0.188832 0.940984
0.280877 -0.188832 0.940984
0.067230 -0.045490 0.996700
0.024732 -0.017060 0.999549
0.024732 -0.017060 0.999549
0.003227 -0.002407 0.999992
0.001665 -0.001491 0.999997
0.001665 -0.001491 0.999997
0.007551 -0.011841 0.999901
0.024732 -0.017060 0.999549
0.024732 -0.017060 0.999549
0.007551 -0.011841 0.999901
0.079517 -0.193911 0.977791
0.079517 -0.193911 0.977791
0.154226 -0.182784 0.970981
0.024732 -0.017060 0.999549
0.079517 -0.193911 0.977791
0.223070 -0.625094 0.747996
0.370549 -0.561281 0.740039
0.370549 -0.561281 0.740039
0.154226 -0.182784 0.970981
0.079517 -0.193911 0.977791
0.079517 -0.193911 0.977791
0.007551 -0.011841 0.999901
0.002998 -0.020950 0.999776
0.002998 -0.020950 0.999776
0.066118 -0.223587 0.972439
0.079517 -0.193911 0.977791
0.079517 -0.193911 0.977791
0.066118 -0.223587 0.972439
0.190059 -0.663740 0.723413
0.190059 -0.663740 0.723413
0.223070 -0.625094 0.747996
0.079517 -0.193911 0.977791
0.190059 -0.663740 0.723413
0.274927 -0.926985 0.255176
0.294457 -0.919644 0.259905
0.294457 -0.919644 0.259905
0.223070 -0.625094 0.747996
0.190059 -0.663740 0.723413
0.190059 -0.663740 0.723413
0.066118 -0.223587 0.972439
0.057679 -0.266632 0.962071
0.057679 -0.266632 0.962071
0.168037 -0.705677 0.688319
0.190059 -0.663740 0.723413
0.190059 -0.663740 0.723413
0.168037 -0.705677 0.688319
0.244184 -0.938893 0.242598
0.244184 -0.938893 0.242598
0.274927 -0.926985 0.255176
0.190059 -0.663740 0.723413
0.244184 -0.938893 0.242598
0.260439 -0.965355 0.016138
0.289240 -0.957044 0.020183
0.289240 -0.957044 0.020183
0.274927 -0.926985 0.255176
0.244184 -0.938893 0.242598
0.244184 -0.938893 0.242598
0.168037 -0.705677 0.688319
0.141855 -0.733389 0.664844
0.141855 -0.733389 0.664844
0.203840 -0.948852 0.241100
0.244184 -0.938893 0.242598
0.244184 -0.938893 0.242598
0.203840 -0.948852 0.241100
0.224515 -0.974218 0.022179
0.224515 -0.974218 0.022179
0.260439 -0.965355 0.016138
0.244184 -0.938893 0.242598
0.224515 -0.974218 0.022179
0.231536 -0.972824 0.001992
0.262105 -0.965039 0.000859
0.262105 -0.965039 0.000859
0.260439 -0.965355 0.016138
0.224515 -0.974218 0.022179
0.224515 -0.974218 0.022179
0.203840 -0.948852 0.241100
0.158949 -0.957229 0.241759
0.158949 -0.957229 0.241759
0.196622 -0.980152 0.025329
0.224515 -0.974218 0.022179
0.224515 -0.974218 0.022179
0.196622 -0.980152 0.025329
0.211541 -0.977324 0.009430
0.211541 -0.977324 0.009430
0.231536 -0.972824 0.001992
0.224515 -0.974218 0.022179
0.211541 -0.977324 0.009430
0.228421 -0.973542 0.006366
0.236304 -0.971676 0.002348
0.236304 -0.971676 0.002348
0.231536 -0.972824 0.001992
0.211541 -0.977324 0.009430
0.211541 -0.977324 0.009430
0.196622 -0.980152 0.025329
0.183915 -0.981586 0.051617
0.183915 -0.981586 0.051617
0.215301 -0.976077 0.030311
0.211541 -0.977324 0.009430
0.211541 -0.977324 0.009430
0.215301 -0.976077 0.030311
0.272048 -0.961236 0.044893
0.272048 -0.961236 0.044893
0.228421 -0.973542 0.006366
0.211541 -0.977324 0.009430
0.272048 -0.961236 0.044893
0.304388 -0.952168 0.026895
0.244471 -0.969617 0.008778
0.244471 -0.969617 0.008778
0.228421 -0.973542 0.006366
0.272048 -0.961236 0.044893
0.272048 -0.961236 0.044893
0.215301 -0.976077 0.030311
0.280733 -0.953216 0.112109
0.280733 -0.953216 0.112109
0.340788 -0.934959 0.098566
0.272048 -0.961236 0.044893
0.272048 -0.961236 0.044893
0.340788 -0.934959 0.098566
0.350719 -0.935853 0.034283
0.350719 -0.935853 0.034283
0.304388 -0.952168 0.026895
0.272048 -0.961236 0.044893
0.350719 -0.935853 0.034283
0.353286 -0.935493 0.006463
0.308110 -0.951339 0.004687
0.308110 -0.951339 0.004687
0.304388 -0.952168 0.026895
0.350719 -0.935853 0.034283
0.350719 -0.935853 0.034283
0.340788 -0.934959 0.098566
0.363123 -0.926015 0.103142
0.363123 -0.926015 0.103142
0.370061 -0.928242 0.037714
0.350719 -0.935853 0.034283
0.350719 -0.935853 0.034283
0.370061 -0.928242 0.037714
0.371883 -0.928249 0.007551
0.371883 -0.928249 0.007551
0.353286 -0.935493 0.006463
0.350719 -0.935853 0.034283
0.371883 -0.928249 0.007551
0.371827 -0.928217 -0.012557
0.352772 -0.935629 -0.012270
0.352772 -0.935629 -0.012270
0.353286 -0.935493 0.006463
0.371883 -0.928249 0.007551
0.371883 -0.928249 0.007551
0.370061 -0.928242 0.037714
0.393772 -0.918315 0.040511
0.393772 -0.918315 0.040511
0.395550 -0.918400 0.009064
0.371883 -0.928249 0.007551
0.371883 -0.928249 0.007551
0.395550 -0.918400 0.009064
0.395754 -0.918268 -0.012740
0.395754 -0.918268 -0.012740
0.371827 -0.928217 -0.012557
0.371883 -0.928249 0.007551
0.395754 -0.918268 -0.012740
0.392911 -0.918250 -0.049378
0.369741 -0.927855 -0.048757
0.369741 -0.927855 -0.048757
0.371827 -0.928217 -0.012557
0.395754 -0.918268 -0.012740
0.395754 -0.918268 -0.012740
0.395550 -0.918400 0.009064
0.493502 -0.869687 0.010009
0.493502 -0.869687 0.010009
0.493314 -0.869762 -0.012444
0.395754 -0.918268 -0.012740
0.395754 -0.918268 -0.012740
0.493314 -0.869762 -0.012444
0.490391 -0.869983 -0.051446
0.490391 -0.869983 -0.051446
0.392911 -0.918250 -0.049378
0.395754 -0.918268 -0.012740
0.490391 -0.869983 -0.051446
0.474332 -0.871481 -0.124617
0.381915 -0.915242 -0.128349
0.381915 -0.915242 -0.128349
0.392911 -0.918250 -0.049378
0.490391 -0.869983 -0.051446
0.490391 -0.869983 -0.051446
0.493314 -0.869762 -0.012444
0.669966 -0.742334 -0.009262
0.669966 -0.742334 -0.009262
0.670399 -0.740708 -0.043791
0.490391 -0.869983 -0.051446
0.490391 -0.869983 -0.051446
0.670399 -0.740708 -0.043791
0.653994 -0.747944 -0.113451
0.653994 -0.747944 -0.113451
0.474332 -0.871481 -0.124617
0.490391 -0.869983 -0.051446
0.381915 -0.915242 -0.128349
0.353723 -0.906933 -0.228804
0.330473 -0.923717 -0.193739
0.330473 -0.923717 -0.193739
0.356446 -0.926021 -0.124225
0.381915 -0.915242 -0.128349
0.381915 -0.915242 -0.128349
0.356446 -0.926021 -0.124225
0.369741 -0.927855 -0.048757
0.369741 -0.927855 -0.048757
0.392911 -0.918250 -0.049378
0.381915 -0.915242 -0.128349
0.381915 -0.915242 -0.128349
0.474332 -0.871481 -0.124617
0.415800 -0.870825 -0.262250
0.415800 -0.870825 -0.262250
0.353723 -0.906933 -0.228804
0.381915 -0.915242 -0.128349
0.415800 -0.870825 -0.262250
0.312209 -0.863270 -0.396600
0.222183 -0.908046 -0.355088
0.222183 -0.908046 -0.355088
0.353723 -0.906933 -0.228804
0.415800 -0.870825 -0.262250
0.415800 -0.870825 -0.262250
0.474332 -0.871481 -0.124617
0.653994 -0.747944 -0.113451
0.653994 -0.747944 -0.113451
0.603483 -0.756441 -0.252203
0.415800 -0.870825 -0.262250
0.415800 -0.870825 -0.262250
0.603483 -0.756441 -0.252203
0.509855 -0.751661 -0.418395
0.509855 -0.751661 -0.418395
0.312209 -0.863270 -0.396600
0.415800 -0.870825 -0.262250
0.509855 -0.751661 -0.418395
0.329898 -0.726548 -0.602740
0.069589 -0.819121 -0.569384
0.069589 -0.819121 -0.569384
0.312209 -0.863270 -0.396600
0.509855 -0.751661 -0.418395
0.509855 -0.751661 -0.418395
0.603483 -0.756441 -0.252203
0.755458 -0.620013 -0.211817
0.755458 -0.620013 -0.211817
0.717613 -0.581186 -0.383738
0.509855 -0.751661 -0.418395
0.509855 -0.751661 -0.418395
0.717613 -0.581186 -0.383738
0.641264 -0.524667 -0.559915
0.641264 -0.524667 -0.559915
0.329898 -0.726548 -0.602740
0.509855 -0.751661 -0.418395
0.641264 -0.524667 -0.559915
0.463926 -0.460107 -0.757017
0.036306 -0.645226 -0.763128
0.036306 -0.645226 -0.763128
0.329898 -0.726548 -0.602740
0.641264 -0.524667 -0.559915
0.641264 -0.524667 -0.559915
0.717613 -0.581186 -0.383738
0.813057 -0.481438 -0.327347
0.813057 -0.481438 -0.327347
0.791928 -0.371081 -0.484921
0.641264 -0.524667 -0.559915
0.641264 -0.524667 -0.559915
0.791928 -0.371081 -0.484921
0.751037 -0.234817 -0.617094
0.751037 -0.234817 -0.617094
0.463926 -0.460107 -0.757017
0.641264 -0.524667 -0.559915
0.751037 -0.234817 -0.617094
0.595817 -0.136078 -0.791508
0.112446 -0.402770 -0.908368
0.112446 -0.402770 -0.908368
0.463926 -0.460107 -0.757017
0.751037 -0.234817 -0.617094
0.751037 -0.234817 -0.617094
0.791928 -0.371081 -0.484921
0.996530 0.069999 -0.045040
0.996530 0.069999 -0.045040
0.979377 0.159217 -0.124382
0.751037 -0.234817 -0.617094
0.751037 -0.234817 -0.617094
0.979377 0.159217 -0.124382
0.939563 0.262699 -0.219571
0.939563 0.262699 -0.219571
0.595817 -0.136078 -0.791508
0.751037 -0.234817 -0.617094
0.939563 0.262699 -0.219571
0.876350 0.290027 -0.384570
0.351379 -0.078397 -0.932945
0.351379 -0.078397 -0.932945
0.595817 -0.136078 -0.791508
0.939563 0.262699 -0.219571
0.939563 0.262699 -0.219571
0.979377 0.159217 -0.124382
0.732424 0.500570 0.461503
0.732424 0.500570 0.461503
0.772291 0.484296 0.411124
0.939563 0.262699 -0.219571
0.939563 0.262699 -0.219571
0.772291 0.484296 0.411124
0.827712 0.470588 0.305678
0.827712 0.470588 0.305678
0.876350 0.290027 -0.384570
0.939563 0.262699 -0.219571
0.827712 0.470588 0.305678
0.852134 0.461783 0.246219
0.786468 0.342064 -0.514257
0.786468 0.342064 -0.514257
0.876350 0.290027 -0.384570
0.827712 0.470588 0.305678
0.827712 0.470588 0.305678
0.772291 0.484296 0.411124
0.590609 0.515919 0.620491
0.590609 0.515919 0.620491
0.647359 0.489532 0.584196
0.827712 0.470588 0.305678
0.827712 0.470588 0.305678
0.647359 0.489532 0.584196
0.709851 0.463800 0.530096
0.709851 0.463800 0.530096
0.852134 0.461783 0.246219
0.827712 0.470588 0.305678
0.709851 0.463800 0.530096
0.791515 0.431714 0.432582
0.870365 0.446735 0.207105
0.870365 0.446735 0.207105
0.852134 0.461783 0.246219
0.709851 0.463800 0.530096
0.709851 0.463800 0.530096
0.647359 0.489532 0.584196
0.591366 0.498566 0.633812
0.591366 0.498566 0.633812
0.649472 0.477358 0.591874
0.709851 0.463800 0.530096
0.709851 0.463800 0.530096
0.649472 0.477358 0.591874
0.729814 0.424429 0.535941
0.729814 0.424429 0.535941
0.791515 0.431714 0.432582
0.709851 0.463800 0.530096
0.870365 0.446735 0.207105
0.930799 0.319809 0.177020
0.829706 0.280503 -0.482604
0.829706 0.280503 -0.482604
0.789795 0.373648 -0.486427
0.870365 0.446735 0.207105
0.870365 0.446735 0.207105
0.789795 0.373648 -0.486427
0.786468 0.342064 -0.514257
0.786468 0.342064 -0.514257
0.852134 0.461783 0.246219
0.870365 0.446735 0.207105
0.870365 0.446735 0.207105
0.791515 0.431714 0.432582
0.874730 0.310871 0.371762
0.874730 0.310871 0.371762
0.930799 0.319809 0.177020
0.870365 0.446735 0.207105
0.874730 0.310871 0.371762
0.927531 0.085833 0.363756
0.975255 0.088861 0.202440
0.975255 0.088861 0.202440
0.930799 0.319809 0.177020
0.874730 0.310871 0.371762
0.874730 0.310871 0.371762
0.791515 0.431714 0.432582
0.729814 0.424429 0.535941
0.729814 0.424429 0.535941
0.823984 0.310912 0.473692
0.874730 0.310871 0.371762
0.874730 0.310871 0.371762
0.823984 0.310912 0.473692
0.873755 0.080369 0.479679
0.873755 0.080369 0.479679
0.927531 0.085833 0.363756
0.874730 0.310871 0.371762
0.873755 0.080369 0.479679
0.863599 -0.169334 0.474892
0.918033 -0.178099 0.354254
0.918033 -0.178099 0.354254
0.927531 0.085833 0.363756
0.873755 0.080369 0.479679
0.873755 0.080369 0.479679
0.823984 0.310912 0.473692
0.752160 0.296705 0.588406
0.752160 0.296705 0.588406
0.805276 0.076333 0.587966
0.873755 0.080369 0.479679
0.873755 0.080369 0.479679
0.805276 0.076333 0.587966
0.803807 -0.158026 0.573517
0.803807 -0.158026 0.573517
0.863599 -0.169334 0.474892
0.873755 0.080369 0.479679
0.803807 -0.158026 0.573517
0.723661 -0.394755 0.566113
0.777103 -0.421214 0.467643
0.777103 -0.421214 0.467643
0.863599 -0.169334 0.474892
0.803807 -0.158026 0.573517
0.803807 -0.158026 0.573517
0.805276 0.076333 0.587966
0.605386 0.062177 0.793500
0.605386 0.062177 0.793500
0.627696 -0.126333 0.768139
0.803807 -0.158026 0.573517
0.803807 -0.158026 0.573517
0.627696 -0.126333 0.768139
0.581368 -0.318883 0.748548
0.581368 -0.318883 0.748548
0.723661 -0.394755 0.566113
0.803807 -0.158026 0.573517
0.581368 -0.318883 0.748548
0.464478 -0.497081 0.732919
0.571750 -0.601147 0.558322
0.571750 -0.601147 0.558322
0.723661 -0.394755 0.566113
0.581368 -0.318883 0.748548
0.581368 -0.318883 0.748548
0.627696 -0.126333 0.768139
0.256121 -0.054618 0.965100
0.256121 -0.054618 0.965100
0.258418 -0.142830 0.955416
0.581368 -0.318883 0.748548
0.581368 -0.318883 0.748548
0.258418 -0.142830 0.955416
0.217283 -0.239251 0.946333
0.217283 -0.239251 0.946333
0.464478 -0.497081 0.732919
0.581368 -0.318883 0.748548
0.217283 -0.239251 0.946333
0.152697 -0.337866 0.928725
0.303203 -0.639913 0.706102
0.303203 -0.639913 0.706102
0.464478 -0.497081 0.732919
0.217283 -0.239251 0.946333
0.217283 -0.239251 0.946333
0.258418 -0.142830 0.955416
0.019413 -0.011447 0.999746
0.019413 -0.011447 0.999746
0.020071 -0.021117 0.999576
0.217283 -0.239251 0.946333
0.217283 -0.239251 0.946333
0.020071 -0.021117 0.999576
0.014872 -0.041409 0.999031
0.014872 -0.041409 0.999031
0.152697 -0.337866 0.928725
0.217283 -0.239251 0.946333
0.014872 -0.041409 0.999031
0.001382 -0.071648 0.997429
0.056616 -0.442098 0.895178
0.056616 -0.442098 0.895178
0.152697 -0.337866 0.928725
0.014872 -0.041409 0.999031
0.014872 -0.041409 0.999031
0.020071 -0.021117 0.999576
0.002560 -0.002927 0.999992
0.002560 -0.002927 0.999992
0.001537 -0.004622 0.999988
0.014872 -0.041409 0.999031
0.014872 -0.041409 0.999031
0.001537 -0.004622 0.999988
-0.002128 -0.007480 0.999970
-0.002128 -0.007480 0.999970
0.001382 -0.071648 0.997429
0.014872 -0.041409 0.999031
-0.002128 -0.007480 0.999970
-0.003648 -0.017508 0.999840
-0.018176 -0.114551 0.993251
-0.018176 -0.114551 0.993251
0.001382 -0.071648 0.997429
-0.002128 -0.007480 0.999970
-0.002128 -0.007480 0.999970
0.001537 -0.004622 0.999988
-0.000103 -0.000964 1.000000
-0.000103 -0.000964 1.000000
-0.000386 -0.001746 0.999998
-0.002128 -0.007480 0.999970
-0.002128 -0.007480 0.999970
-0.000386 -0.001746 0.999998
-0.001321 -0.003708 0.999992
-0.001321 -0.003708 0.999992
-0.003648 -0.017508 0.999840
-0.002128 -0.007480 0.999970
-0.001321 -0.003708 0.999992
-0.001901 -0.004314 0.999989
-0.006720 -0.015621 0.999855
-0.006720 -0.015621 0.999855
-0.003648 -0.017508 0.999840
-0.001321 -0.003708 0.999992
-0.001321 -0.003708 0.999992
-0.000386 -0.001746 0.999998
-0.000226 -0.000698 1.000000
-0.000226 -0.000698 1.000000
-0.000255 -0.000994 0.999999
-0.001321 -0.003708 0.999992
-0.001321 -0.003708 0.999992
-0.000255 -0.000994 0.999999
-0.000597 -0.001078 0.999999
-0.000597 -0.001078 0.999999
-0.001901 -0.004314 0.999989
-0.001321 -0.003708 0.999992
-0.000597 -0.001078 0.999999
-0.000847 -0.001119 0.999999
-0.003823 -0.004339 0.999983
-0.003823 -0.004339 0.999983
-0.001901 -0.004314 0.999989
-0.000597 -0.001078 0.999999
-0.000597 -0.001078 0.999999
-0.000255 -0.000994 0.999999
-0.000093 -0.000269 1.000000
-0.000093 -0.000269 1.000000
-0.000192 -0.000307 1.000000
-0.000597 -0.001078 0.999999
-0.000597 -0.001078 0.999999
-0.000192 -0.000307 1.000000
-0.000449 -0.000359 1.000000
-0.000449 -0.000359 1.000000
-0.000847 -0.001119 0.999999
-0.000597 -0.001078 0.999999
-0.000192 -0.000307 1.000000
-0.000078 -0.000084 1.000000
-0.000318 -0.000122 1.000000
-0.000318 -0.000122 1.000000
-0.000449 -0.000359 1.000000
-0.000192 -0.000307 1.000000
-0.000192 -0.000307 1.000000
-0.000093 -0.000269 1.000000
-0.000005 -0.000082 1.000000
-0.000005 -0.000082 1.000000
-0.000078 -0.000084 1.000000
-0.000192 -0.000307 1.000000
-0.000318 -0.000122 1.000000
-0.000267 0.000016 1.000000
-0.001300 0.000187 0.999999
-0.001300 0.000187 0.999999
-0.001325 -0.000213 0.999999
-0.000318 -0.000122 1.000000
-0.000318 -0.000122 1.000000
-0.001325 -0.000213 0.999999
-0.001329 -0.000560 0.999999
-0.001329 -0.000560 0.999999
-0.000449 -0.000359 1.000000
-0.000318 -0.000122 1.000000
-0.000318 -0.000122 1.000000
-0.000078 -0.000084 1.000000
-0.000045 -0.000017 1.000000
-0.000045 -0.000017 1.000000
-0.000267 0.000016 1.000000
-0.000318 -0.000122 1.000000
-0.001325 -0.000213 0.999999
-0.001300 0.000187 0.999999
-0.006165 0.000799 0.999981
-0.006165 0.000799 0.999981
-0.005748 -0.000577 0.999983
-0.001325 -0.000213 0.999999
-0.001325 -0.000213 0.999999
-0.005748 -0.000577 0.999983
-0.005723 -0.002360 0.999981
-0.005723 -0.002360 0.999981
-0.001329 -0.000560 0.999999
-0.001325 -0.000213 0.999999
-0.000078 -0.000084 1.000000
-0.000005 -0.000082 1.000000
-0.000001 -0.000031 1.000000
-0.000001 -0.000031 1.000000
-0.000045 -0.000017 1.000000
-0.000078 -0.000084 1.000000
-0.000001 -0.000031 1.000000
-0.000001 -0.000006 1.000000
-0.000032 0.000015 1.000000
-0.000032 0.000015 1.000000
-0.000045 -0.000017 1.000000
-0.000001 -0.000031 1.000000
-0.000001 -0.000031 1.000000
-0.000005 -0.000082 1.000000
-0.000028 -0.000101 1.000000
-0.000028 -0.000101 1.000000
-0.000031 -0.000058 1.000000
-0.000001 -0.000031 1.000000
-0.000001 -0.000031 1.000000
-0.000031 -0.000058 1.000000
-0.000009 -0.000013 1.000000
-0.000009 -0.000013 1.000000
-0.000001 -0.000006 1.000000
-0.000001 -0.000031 1.000000
-0.000031 -0.000058 1.000000
-0.000028 -0.000101 1.000000
-0.000138 -0.000287 1.000000
-0.000138 -0.000287 1.000000
-0.000039 -0.000083 1.000000
-0.000031 -0.000058 1.000000
-0.000031 -0.000058 1.000000
-0.000039 -0.000083 1.000000
0.000010 -0.000019 1.000000
0.000010 -0.000019 1.000000
-0.000009 -0.000013 1.000000
-0.000031 -0.000058 1.000000
-0.000039 -0.000083 1.000000
-0.000138 -0.000287 1.000000
-0.000103 -0.000964 1.000000
-0.000103 -0.000964 1.000000
0.000242 -0.000419 1.000000
-0.000039 -0.000083 1.000000
-0.000039 -0.000083 1.000000
0.000242 -0.000419 1.000000
0.000329 -0.000175 1.000000
0.000329 -0.000175 1.000000
0.000010 -0.000019 1.000000
-0.000039 -0.000083 1.000000
0.000242 -0.000419 1.000000
-0.000103 -0.000964 1.000000
0.001537 -0.004622 0.999988
0.001537 -0.004622 0.999988
0.002560 -0.002927 0.999992
0.000242 -0.000419 1.000000
0.000242 -0.000419 1.000000
0.002560 -0.002927 0.999992
0.003056 -0.001643 0.999994
0.003056 -0.001643 0.999994
0.000329 -0.000175 1.000000
0.000242 -0.000419 1.000000
0.003056 -0.001643 0.999994
0.002560 -0.002927 0.999992
0.020071 -0.021117 0.999576
0.020071 -0.021117 0.999576
0.019413 -0.011447 0.999746
0.003056 -0.001643 0.999994
0.003056 -0.001643 0.999994
0.019413 -0.011447 0.999746
0.018413 -0.004048 0.999822
0.018413 -0.004048 0.999822
0.003392 -0.000623 0.999994
0.003056 -0.001643 0.999994
0.003056 -0.001643 0.999994
0.003392 -0.000623 0.999994
0.000344 -0.000059 1.000000
0.000344 -0.000059 1.000000
0.000329 -0.000175 1.000000
0.003056 -0.001643 0.999994
0.018413 -0.004048 0.999822
0.019413 -0.011447 0.999746
0.258418 -0.142830 0.955416
0.258418 -0.142830 0.955416
0.256121 -0.054618 0.965100
0.018413 -0.004048 0.999822
0.018413 -0.004048 0.999822
0.256121 -0.054618 0.965100
0.227015 0.027086 0.973514
0.227015 0.027086 0.973514
0.017146 0.002056 0.999851
0.018413 -0.004048 0.999822
0.018413 -0.004048 0.999822
0.017146 0.002056 0.999851
0.003572 0.000483 0.999994
0.003572 0.000483 0.999994
0.003392 -0.000623 0.999994
0.018413 -0.004048 0.999822
-0.006720 -0.015621 0.999855
-0.011550 -0.013240 0.999846
-0.093424 -0.114749 0.988992
-0.093424 -0.114749 0.988992
-0.058442 -0.125233 0.990405
-0.006720 -0.015621 0.999855
-0.006720 -0.015621 0.999855
-0.058442 -0.125233 0.990405
-0.018176 -0.114551 0.993251
-0.018176 -0.114551 0.993251
-0.003648 -0.017508 0.999840
-0.006720 -0.015621 0.999855
-0.006720 -0.015621 0.999855
-0.001901 -0.004314 0.999989
-0.003823 -0.004339 0.999983
-0.003823 -0.004339 0.999983
-0.011550 -0.013240 0.999846
-0.006720 -0.015621 0.999855
-0.058442 -0.125233 0.990405
-0.093424 -0.114749 0.988992
-0.332750 -0.407473 0.850437
-0.332750 -0.407473 0.850437
-0.215476 -0.467477 0.857342
-0.058442 -0.125233 0.990405
-0.058442 -0.125233 0.990405
-0.215476 -0.467477 0.857342
-0.076797 -0.480476 0.873639
-0.076797 -0.480476 0.873639
-0.018176 -0.114551 0.993251
-0.058442 -0.125233 0.990405
-0.076797 -0.480476 0.873639
-0.215476 -0.467477 0.857342
-0.321511 -0.713805 0.622184
-0.321511 -0.713805 0.622184
-0.112590 -0.763000 0.636517
-0.076797 -0.480476 0.873639
-0.076797 -0.480476 0.873639
-0.112590 -0.763000 0.636517
0.109964 -0.745518 0.657352
0.109964 -0.745518 0.657352
0.056616 -0.442098 0.895178
-0.076797 -0.480476 0.873639
-0.076797 -0.480476 0.873639
0.056616 -0.442098 0.895178
0.001382 -0.071648 0.997429
0.001382 -0.071648 0.997429
-0.018176 -0.114551 0.993251
-0.076797 -0.480476 0.873639
0.109964 -0.745518 0.657352
-0.112590 -0.763000 0.636517
-0.121244 -0.850036 0.512580
-0.121244 -0.850036 0.512580
0.127268 -0.839041 0.528974
0.109964 -0.745518 0.657352
0.109964 -0.745518 0.657352
0.127268 -0.839041 0.528974
0.365596 -0.753993 0.545742
0.365596 -0.753993 0.545742
0.303203 -0.639913 0.706102
0.109964 -0.745518 0.657352
0.109964 -0.745518 0.657352
0.303203 -0.639913 0.706102
0.152697 -0.337866 0.928725
0.152697 -0.337866 0.928725
0.056616 -0.442098 0.895178
0.109964 -0.745518 0.657352
0.365596 -0.753993 0.545742
0.127268 -0.839041 0.528974
0.142607 -0.897392 0.417553
0.142607 -0.897392 0.417553
0.397436 -0.805324 0.439885
0.365596 -0.753993 0.545742
0.365596 -0.753993 0.545742
0.397436 -0.805324 0.439885
0.616602 -0.640547 0.457713
0.616602 -0.640547 0.457713
0.571750 -0.601147 0.558322
0.365596 -0.753993 0.545742
0.365596 -0.753993 0.545742
0.571750 -0.601147 0.558322
0.464478 -0.497081 0.732919
0.464478 -0.497081 0.732919
0.303203 -0.639913 0.706102
0.365596 -0.753993 0.545742
0.616602 -0.640547 0.457713
0.397436 -0.805324 0.439885
0.429797 -0.858527 0.279652
0.429797 -0.858527 0.279652
0.662578 -0.680327 0.313282
0.616602 -0.640547 0.457713
0.616602 -0.640547 0.457713
0.662578 -0.680327 0.313282
0.825915 -0.444406 0.346942
0.825915 -0.444406 0.346942
0.777103 -0.421214 0.467643
0.616602 -0.640547 0.457713
0.616602 -0.640547 0.457713
0.777103 -0.421214 0.467643
0.723661 -0.394755 0.566113
0.723661 -0.394755 0.566113
0.571750 -0.601147 0.558322
0.616602 -0.640547 0.457713
0.825915 -0.444406 0.346942
0.662578 -0.680327 0.313282
0.698998 -0.714762 -0.022767
0.698998 -0.714762 -0.022767
0.864572 -0.473501 0.168262
0.825915 -0.444406 0.346942
0.825915 -0.444406 0.346942
0.864572 -0.473501 0.168262
0.963728 -0.184358 0.192979
0.963728 -0.184358 0.192979
0.918033 -0.178099 0.354254
0.825915 -0.444406 0.346942
0.825915 -0.444406 0.346942
0.918033 -0.178099 0.354254
0.863599 -0.169334 0.474892
0.863599 -0.169334 0.474892
0.777103 -0.421214 0.467643
0.825915 -0.444406 0.346942
0.963728 -0.184358 0.192979
0.864572 -0.473501 0.168262
0.764775 -0.411311 -0.495925
0.764775 -0.411311 -0.495925
0.878979 -0.163584 -0.447924
0.963728 -0.184358 0.192979
0.963728 -0.184358 0.192979
0.878979 -0.163584 -0.447924
0.888613 0.081665 -0.451329
0.888613 0.081665 -0.451329
0.975255 0.088861 0.202440
0.963728 -0.184358 0.192979
0.963728 -0.184358 0.192979
0.975255 0.088861 0.202440
0.927531 0.085833 0.363756
0.927531 0.085833 0.363756
0.918033 -0.178099 0.354254
0.963728 -0.184358 0.192979
0.888613 0.081665 -0.451329
0.878979 -0.163584 -0.447924
0.269664 -0.049783 -0.961667
0.269664 -0.049783 -0.961667
0.264108 0.024502 -0.964182
0.888613 0.081665 -0.451329
0.888613 0.081665 -0.451329
0.264108 0.024502 -0.964182
0.248981 0.080842 -0.965129
0.248981 0.080842 -0.965129
0.829706 0.280503 -0.482604
0.888613 0.081665 -0.451329
0.888613 0.081665 -0.451329
0.829706 0.280503 -0.482604
0.930799 0.319809 0.177020
0.930799 0.319809 0.177020
0.975255 0.088861 0.202440
0.888613 0.081665 -0.451329
0.248981 0.080842 -0.965129
0.264108 0.024502 -0.964182
0.006598 0.000446 -0.999978
0.006598 0.000446 -0.999978
0.005323 0.001045 -0.999985
0.248981 0.080842 -0.965129
0.248981 0.080842 -0.965129
0.005323 0.001045 -0.999985
0.006001 -0.008225 -0.999948
0.006001 -0.008225 -0.999948
0.233116 0.094325 -0.967863
0.248981 0.080842 -0.965129
0.248981 0.080842 -0.965129
0.233116 0.094325 -0.967863
0.789795 0.373648 -0.486427
0.789795 0.373648 -0.486427
0.829706 0.280503 -0.482604
0.248981 0.080842 -0.965129
0.233116 0.094325 -0.967863
0.006001 -0.008225 -0.999948
-0.016195 -0.101180 -0.994736
-0.016195 -0.101180 -0.994736
0.226532 0.014192 -0.973900
0.233116 0.094325 -0.967863
0.233116 0.094325 -0.967863
0.226532 0.014192 -0.973900
0.786468 0.342064 -0.514257
0.786468 0.342064 -0.514257
0.789795 0.373648 -0.486427
0.233116 0.094325 -0.967863
0.226532 0.014192 -0.973900
-0.016195 -0.101180 -0.994736
-0.091491 -0.268317 -0.958976
-0.091491 -0.268317 -0.958976
0.351379 -0.078397 -0.932945
0.226532 0.014192 -0.973900
0.226532 0.014192 -0.973900
0.351379 -0.078397 -0.932945
0.876350 0.290027 -0.384570
0.876350 0.290027 -0.384570
0.786468 0.342064 -0.514257
0.226532 0.014192 -0.973900
-0.091491 -0.268317 -0.958976
-0.016195 -0.101180 -0.994736
-0.004747 -0.066642 -0.997766
-0.004747 -0.066642 -0.997766
-0.107152 -0.254771 -0.961046
-0.091491 -0.268317 -0.958976
-0.091491 -0.268317 -0.958976
-0.107152 -0.254771 -0.961046
-0.155744 -0.482534 -0.861919
-0.155744 -0.482534 -0.861919
0.112446 -0.402770 -0.908368
-0.091491 -0.268317 -0.958976
-0.091491 -0.268317 -0.958976
0.112446 -0.402770 -0.908368
0.595817 -0.136078 -0.791508
0.595817 -0.136078 -0.791508
0.351379 -0.078397 -0.932945
-0.091491 -0.268317 -0.958976
-0.155744 -0.482534 -0.861919
-0.107152 -0.254771 -0.961046
-0.056084 -0.200127 -0.978163
-0.056084 -0.200127 -0.978163
-0.163859 -0.454477 -0.875558
-0.155744 -0.482534 -0.861919
-0.155744 -0.482534 -0.861919
-0.163859 -0.454477 -0.875558
-0.129354 -0.688889 -0.713232
-0.129354 -0.688889 -0.713232
0.036306 -0.645226 -0.763128
-0.155744 -0.482534 -0.861919
-0.155744 -0.482534 -0.861919
0.036306 -0.645226 -0.763128
0.463926 -0.460107 -0.757017
0.463926 -0.460107 -0.757017
0.112446 -0.402770 -0.908368
-0.155744 -0.482534 -0.861919
-0.129354 -0.688889 -0.713232
-0.163859 -0.454477 -0.875558
-0.140773 -0.417226 -0.897834
-0.140773 -0.417226 -0.897834
-0.137546 -0.687751 -0.712797
-0.129354 -0.688889 -0.713232
-0.129354 -0.688889 -0.713232
-0.137546 -0.687751 -0.712797
-0.007228 -0.865906 -0.500154
-0.007228 -0.865906 -0.500154
0.069589 -0.819121 -0.569384
-0.129354 -0.688889 -0.713232
-0.129354 -0.688889 -0.713232
0.069589 -0.819121 -0.569384
0.329898 -0.726548 -0.602740
0.329898 -0.726548 -0.602740
0.036306 -0.645226 -0.763128
-0.129354 -0.688889 -0.713232
-0.007228 -0.865906 -0.500154
-0.137546 -0.687751 -0.712797
-0.133599 -0.681991 -0.719054
-0.133599 -0.681991 -0.719054
-0.044083 -0.891218 -0.451428
-0.007228 -0.865906 -0.500154
-0.007228 -0.865906 -0.500154
-0.044083 -0.891218 -0.451428
0.158872 -0.955009 -0.250436
0.158872 -0.955009 -0.250436
0.222183 -0.908046 -0.355088
-0.007228 -0.865906 -0.500154
-0.007228 -0.865906 -0.500154
0.222183 -0.908046 -0.355088
0.312209 -0.863270 -0.396600
0.312209 -0.863270 -0.396600
0.069589 -0.819121 -0.569384
-0.007228 -0.865906 -0.500154
0.158872 -0.955009 -0.250436
-0.044083 -0.891218 -0.451428
-0.008830 -0.897769 -0.440378
-0.008830 -0.897769 -0.440378
0.142135 -0.980009 -0.139211
0.158872 -0.955009 -0.250436
0.158872 -0.955009 -0.250436
0.142135 -0.980009 -0.139211
0.252944 -0.962123 -0.101680
0.252944 -0.962123 -0.101680
0.330473 -0.923717 -0.193739
0.158872 -0.955009 -0.250436
0.158872 -0.955009 -0.250436
0.330473 -0.923717 -0.193739
0.353723 -0.906933 -0.228804
0.353723 -0.906933 -0.228804
0.222183 -0.908046 -0.355088
0.158872 -0.955009 -0.250436
0.252944 -0.962123 -0.101680
0.142135 -0.980009 -0.139211
0.166708 -0.978303 -0.123009
0.166708 -0.978303 -0.123009
0.200745 -0.979410 -0.021411
0.252944 -0.962123 -0.101680
0.252944 -0.962123 -0.101680
0.200745 -0.979410 -0.021411
0.250185 -0.966948 -0.049190
0.250185 -0.966948 -0.049190
0.331391 -0.937035 -0.110206
0.252944 -0.962123 -0.101680
0.252944 -0.962123 -0.101680
0.331391 -0.937035 -0.110206
0.356446 -0.926021 -0.124225
0.356446 -0.926021 -0.124225
0.330473 -0.923717 -0.193739
0.252944 -0.962123 -0.101680
0.331391 -0.937035 -0.110206
0.250185 -0.966948 -0.049190
0.293257 -0.955530 -0.031028
0.293257 -0.955530 -0.031028
0.349695 -0.935606 -0.048527
0.331391 -0.937035 -0.110206
0.331391 -0.937035 -0.110206
0.349695 -0.935606 -0.048527
0.369741 -0.927855 -0.048757
0.369741 -0.927855 -0.048757
0.356446 -0.926021 -0.124225
0.331391 -0.937035 -0.110206
0.349695 -0.935606 -0.048527
0.293257 -0.955530 -0.031028
0.306536 -0.951818 -0.008812
0.306536 -0.951818 -0.008812
0.352772 -0.935629 -0.012270
0.349695 -0.935606 -0.048527
0.349695 -0.935606 -0.048527
0.352772 -0.935629 -0.012270
0.371827 -0.928217 -0.012557
0.371827 -0.928217 -0.012557
0.369741 -0.927855 -0.048757
0.349695 -0.935606 -0.048527
0.306536 -0.951818 -0.008812
0.293257 -0.955530 -0.031028
0.244835 -0.969529 -0.008295
0.244835 -0.969529 -0.008295
0.251256 -0.967918 -0.002227
0.306536 -0.951818 -0.008812
0.306536 -0.951818 -0.008812
0.251256 -0.967918 -0.002227
0.251139 -0.967950 0.001397
0.251139 -0.967950 0.001397
0.308110 -0.951339 0.004687
0.306536 -0.951818 -0.008812
0.306536 -0.951818 -0.008812
0.308110 -0.951339 0.004687
0.353286 -0.935493 0.006463
0.353286 -0.935493 0.006463
0.352772 -0.935629 -0.012270
0.306536 -0.951818 -0.008812
0.251139 -0.967950 0.001397
0.251256 -0.967918 -0.002227
0.243134 -0.969993 -0.000685
0.243134 -0.969993 -0.000685
0.243422 -0.969921 0.000216
0.251139 -0.967950 0.001397
0.251139 -0.967950 0.001397
0.243422 -0.969921 0.000216
0.241386 -0.970428 0.001248
0.241386 -0.970428 0.001248
0.244471 -0.969617 0.008778
0.251139 -0.967950 0.001397
0.251139 -0.967950 0.001397
0.244471 -0.969617 0.008778
0.304388 -0.952168 0.026895
0.304388 -0.952168 0.026895
0.308110 -0.951339 0.004687
0.251139 -0.967950 0.001397
0.241386 -0.970428 0.001248
0.243422 -0.969921 0.000216
0.269701 -0.962944 0.000353
0.269701 -0.962944 0.000353
0.269101 -0.963112 0.000496
0.241386 -0.970428 0.001248
0.241386 -0.970428 0.001248
0.269101 -0.963112 0.000496
0.266096 -0.963946 0.000896
0.266096 -0.963946 0.000896
0.236304 -0.971676 0.002348
0.241386 -0.970428 0.001248
0.241386 -0.970428 0.001248
0.236304 -0.971676 0.002348
0.228421 -0.973542 0.006366
0.228421 -0.973542 0.006366
0.244471 -0.969617 0.008778
0.241386 -0.970428 0.001248
0.266096 -0.963946 0.000896
0.269101 -0.963112 0.000496
0.286668 -0.958030 0.000478
0.286668 -0.958030 0.000478
0.285780 -0.958295 -0.000121
0.266096 -0.963946 0.000896
0.266096 -0.963946 0.000896
0.285780 -0.958295 -0.000121
0.287282 -0.957844 0.002012
0.287282 -0.957844 0.002012
0.262105 -0.965039 0.000859
0.266096 -0.963946 0.000896
0.266096 -0.963946 0.000896
0.262105 -0.965039 0.000859
0.231536 -0.972824 0.001992
0.231536 -0.972824 0.001992
0.236304 -0.971676 0.002348
0.266096 -0.963946 0.000896
0.287282 -0.957844 0.002012
0.285780 -0.958295 -0.000121
0.270080 -0.962838 -0.000447
0.270080 -0.962838 -0.000447
0.278603 -0.960399 0.003827
0.287282 -0.957844 0.002012
0.287282 -0.957844 0.002012
0.278603 -0.960399 0.003827
0.290746 -0.956496 0.024142
0.290746 -0.956496 0.024142
0.289240 -0.957044 0.020183
0.287282 -0.957844 0.002012
0.287282 -0.957844 0.002012
0.289240 -0.957044 0.020183
0.260439 -0.965355 0.016138
0.260439 -0.965355 0.016138
0.262105 -0.965039 0.000859
0.287282 -0.957844 0.002012
0.290746 -0.956496 0.024142
0.278603 -0.960399 0.003827
0.233369 -0.972363 0.007018
0.233369 -0.972363 0.007018
0.244747 -0.969066 0.031797
0.290746 -0.956496 0.024142
0.290746 -0.956496 0.024142
0.244747 -0.969066 0.031797
0.342818 -0.891848 0.295097
0.342818 -0.891848 0.295097
0.294457 -0.919644 0.259905
0.290746 -0.956496 0.024142
0.290746 -0.956496 0.024142
0.294457 -0.919644 0.259905
0.274927 -0.926985 0.255176
0.274927 -0.926985 0.255176
0.289240 -0.957044 0.020183
0.290746 -0.956496 0.024142
0.342818 -0.891848 0.295097
0.244747 -0.969066 0.031797
0.215625 -0.974978 0.054077
0.215625 -0.974978 0.054077
0.442705 -0.831199 0.336334
0.342818 -0.891848 0.295097
0.342818 -0.891848 0.295097
0.442705 -0.831199 0.336334
0.516055 -0.519403 0.681108
0.516055 -0.519403 0.681108
0.370549 -0.561281 0.740039
0.342818 -0.891848 0.295097
0.342818 -0.891848 0.295097
0.370549 -0.561281 0.740039
0.223070 -0.625094 0.747996
0.223070 -0.625094 0.747996
0.294457 -0.919644 0.259905
0.342818 -0.891848 0.295097
0.516055 -0.519403 0.681108
0.442705 -0.831199 0.336334
0.548881 -0.759644 0.348812
0.548881 -0.759644 0.348812
0.622908 -0.459216 0.633330
0.516055 -0.519403 0.681108
0.516055 -0.519403 0.681108
0.622908 -0.459216 0.633330
0.421891 -0.220002 0.879549
0.421891 -0.220002 0.879549
0.280877 -0.188832 0.940984
0.516055 -0.519403 0.681108
0.516055 -0.519403 0.681108
0.280877 -0.188832 0.940984
0.154226 -0.182784 0.970981
0.154226 -0.182784 0.970981
0.370549 -0.561281 0.740039
0.516055 -0.519403 0.681108
0.421891 -0.220002 0.879549
0.622908 -0.459216 0.633330
0.669900 -0.432130 0.603737
0.669900 -0.432130 0.603737
0.485073 -0.290335 0.824870
0.421891 -0.220002 0.879549
0.421891 -0.220002 0.879549
0.485073 -0.290335 0.824870
0.153933 -0.130364 0.979443
0.153933 -0.130364 0.979443
0.091887 -0.073768 0.993033
0.421891 -0.220002 0.879549
0.421891 -0.220002 0.879549
0.091887 -0.073768 0.993033
0.067230 -0.045490 0.996700
0.067230 -0.045490 0.996700
0.280877 -0.188832 0.940984
0.421891 -0.220002 0.879549
0.153933 -0.130364 0.979443
0.485073 -0.290335 0.824870
0.475417 -0.342561 0.810328
0.475417 -0.342561 0.810328
0.268207 -0.190753 0.944287
0.153933 -0.130364 0.979443
0.153933 -0.130364 0.979443
0.268207 -0.190753 0.944287
0.075389 -0.062901 0.995168
0.075389 -0.062901 0.995168
0.016937 -0.029293 0.999427
0.153933 -0.130364 0.979443
0.153933 -0.130364 0.979443
0.016937 -0.029293 0.999427
0.012666 -0.020648 0.999707
0.012666 -0.020648 0.999707
0.091887 -0.073768 0.993033
0.153933 -0.130364 0.979443
0.075389 -0.062901 0.995168
0.268207 -0.190753 0.944287
-0.313319 -0.166417 0.934953
-0.313319 -0.166417 0.934953
-0.372753 -0.036898 0.927197
0.075389 -0.062901 0.995168
0.075389 -0.062901 0.995168
-0.372753 -0.036898 0.927197
-0.434490 0.018142 0.900494
-0.434490 0.018142 0.900494
-0.006418 -0.004802 0.999968
0.075389 -0.062901 0.995168
0.075389 -0.062901 0.995168
-0.006418 -0.004802 0.999968
0.002985 -0.003872 0.999988
0.002985 -0.003872 0.999988
0.016937 -0.029293 0.999427
0.075389 -0.062901 0.995168
-0.434490 0.018142 0.900494
-0.372753 -0.036898 0.927197
-0.982387 0.114609 0.147585
-0.982387 0.114609 0.147585
-0.975352 0.072548 0.208390
-0.434490 0.018142 0.900494
-0.434490 0.018142 0.900494
-0.975352 0.072548 0.208390
-0.951011 -0.062881 0.302696
-0.951011 -0.062881 0.302696
-0.432446 -0.033695 0.901030
-0.434490 0.018142 0.900494
-0.434490 0.018142 0.900494
-0.432446 -0.033695 0.901030
-0.010559 -0.001634 0.999943
-0.010559 -0.001634 0.999943
-0.006418 -0.004802 0.999968
-0.434490 0.018142 0.900494
-0.951011 -0.062881 0.302696
-0.975352 0.072548 0.208390
-0.931200 0.100902 -0.350265
-0.931200 0.100902 -0.350265
-0.970256 -0.047275 -0.237420
-0.951011 -0.062881 0.302696
-0.951011 -0.062881 0.302696
-0.970256 -0.047275 -0.237420
-0.943969 -0.277729 -0.178295
-0.943969 -0.277729 -0.178295
-0.873620 -0.259737 0.411492
-0.951011 -0.062881 0.302696
-0.951011 -0.062881 0.302696
-0.873620 -0.259737 0.411492
-0.334311 -0.097038 0.937454
-0.334311 -0.097038 0.937454
-0.432446 -0.033695 0.901030
-0.951011 -0.062881 0.302696
-0.943969 -0.277729 -0.178295
-0.970256 -0.047275 -0.237420
-0.917672 -0.035287 -0.395768
-0.917672 -0.035287 -0.395768
-0.892062 -0.255915 -0.372470
-0.943969 -0.277729 -0.178295
-0.943969 -0.277729 -0.178295
-0.892062 -0.255915 -0.372470
-0.798646 -0.496181 -0.340541
-0.798646 -0.496181 -0.340541
-0.841669 -0.520993 -0.141988
-0.943969 -0.277729 -0.178295
-0.943969 -0.277729 -0.178295
-0.841669 -0.520993 -0.141988
-0.750457 -0.447525 0.486349
-0.750457 -0.447525 0.486349
-0.873620 -0.259737 0.411492
-0.943969 -0.277729 -0.178295
-0.798646 -0.496181 -0.340541
-0.892062 -0.255915 -0.372470
-0.841667 -0.241650 -0.482909
-0.841667 -0.241650 -0.482909
-0.750440 -0.463856 -0.470826
-0.798646 -0.496181 -0.340541
-0.798646 -0.496181 -0.340541
-0.750440 -0.463856 -0.470826
-0.604062 -0.663379 -0.441631
-0.604062 -0.663379 -0.441631
-0.637738 -0.698499 -0.324638
-0.798646 -0.496181 -0.340541
-0.798646 -0.496181 -0.340541
-0.637738 -0.698499 -0.324638
-0.667705 -0.726250 -0.163497
-0.667705 -0.726250 -0.163497
-0.841669 -0.520993 -0.141988
-0.798646 -0.496181 -0.340541
-0.604062 -0.663379 -0.441631
-0.750440 -0.463856 -0.470826
-0.698337 -0.431348 -0.571195
-0.698337 -0.431348 -0.571195
-0.564244 -0.618185 -0.547243
-0.604062 -0.663379 -0.441631
-0.604062 -0.663379 -0.441631
-0.564244 -0.618185 -0.547243
-0.377096 -0.748229 -0.545850
-0.377096 -0.748229 -0.545850
-0.402103 -0.795233 -0.453781
-0.604062 -0.663379 -0.441631
-0.604062 -0.663379 -0.441631
-0.402103 -0.795233 -0.453781
-0.424749 -0.836294 -0.346699
-0.424749 -0.836294 -0.346699
-0.637738 -0.698499 -0.324638
-0.604062 -0.663379 -0.441631
-0.377096 -0.748229 -0.545850
-0.564244 -0.618185 -0.547243
-0.459442 -0.508057 -0.728554
-0.459442 -0.508057 -0.728554
-0.314667 -0.625588 -0.713880
-0.377096 -0.748229 -0.545850
-0.377096 -0.748229 -0.545850
-0.314667 -0.625588 -0.713880
-0.143987 -0.679611 -0.719303
-0.143987 -0.679611 -0.719303
-0.175228 -0.814995 -0.552339
-0.377096 -0.748229 -0.545850
-0.377096 -0.748229 -0.545850
-0.175228 -0.814995 -0.552339
-0.186324 -0.867542 -0.461145
-0.186324 -0.867542 -0.461145
-0.402103 -0.795233 -0.453781
-0.377096 -0.748229 -0.545850
-0.143987 -0.679611 -0.719303
-0.314667 -0.625588 -0.713880
-0.160942 -0.317104 -0.934635
-0.160942 -0.317104 -0.934635
-0.069926 -0.343810 -0.936432
-0.143987 -0.679611 -0.719303
-0.143987 -0.679611 -0.719303
-0.069926 -0.343810 -0.936432
0.012897 -0.331890 -0.943230
0.012897 -0.331890 -0.943230
0.031675 -0.668350 -0.743172
-0.143987 -0.679611 -0.719303
-0.143987 -0.679611 -0.719303
0.031675 -0.668350 -0.743172
0.040160 -0.818723 -0.572782
0.040160 -0.818723 -0.572782
-0.175228 -0.814995 -0.552339
-0.143987 -0.679611 -0.719303
0.012897 -0.331890 -0.943230
-0.069926 -0.343810 -0.936432
-0.009518 -0.046498 -0.998873
-0.009518 -0.046498 -0.998873
-0.000928 -0.050115 -0.998743
0.012897 -0.331890 -0.943230
0.012897 -0.331890 -0.943230
-0.000928 -0.050115 -0.998743
0.010876 -0.039584 -0.999157
0.010876 -0.039584 -0.999157
0.094020 -0.332007 -0.938580
0.012897 -0.331890 -0.943230
0.012897 -0.331890 -0.943230
0.094020 -0.332007 -0.938580
0.193802 -0.662895 -0.723195
0.193802 -0.662895 -0.723195
0.031675 -0.668350 -0.743172
0.012897 -0.331890 -0.943230
0.010876 -0.039584 -0.999157
-0.000928 -0.050115 -0.998743
-0.001797 -0.007873 -0.999967
-0.001797 -0.007873 -0.999967
0.000814 -0.005828 -0.999983
0.010876 -0.039584 -0.999157
0.010876 -0.039584 -0.999157
0.000814 -0.005828 -0.999983
0.003146 -0.005496 -0.999980
0.003146 -0.005496 -0.999980
0.023475 -0.042782 -0.998809
0.010876 -0.039584 -0.999157
0.010876 -0.039584 -0.999157
0.023475 -0.042782 -0.998809
0.171010 -0.302370 -0.937725
0.171010 -0.302370 -0.937725
0.094020 -0.332007 -0.938580
0.010876 -0.039584 -0.999157
-0.001797 -0.007873 -0.999967
-0.002666 -0.011353 -0.999932
-0.000876 -0.002436 -0.999997
-0.000876 -0.002436 -0.999997
-0.000416 -0.001915 -0.999998
-0.001797 -0.007873 -0.999967
-0.001797 -0.007873 -0.999967
-0.000416 -0.001915 -0.999998
-0.000199 -0.001347 -0.999999
-0.000199 -0.001347 -0.999999
0.000814 -0.005828 -0.999983
-0.001797 -0.007873 -0.999967
-0.001797 -0.007873 -0.999967
-0.000928 -0.050115 -0.998743
-0.009518 -0.046498 -0.998873
-0.009518 -0.046498 -0.998873
-0.002666 -0.011353 -0.999932
-0.001797 -0.007873 -0.999967
-0.000416 -0.001915 -0.999998
-0.000876 -0.002436 -0.999997
-0.000208 -0.000505 -1.000000
-0.000208 -0.000505 -1.000000
-0.000151 -0.000365 -1.000000
-0.000416 -0.001915 -0.999998
-0.000416 -0.001915 -0.999998
-0.000151 -0.000365 -1.000000
-0.000069 -0.000228 -1.000000
-0.000069 -0.000228 -1.000000
-0.000199 -0.001347 -0.999999
-0.000416 -0.001915 -0.999998
-0.000151 -0.000365 -1.000000
-0.000208 -0.000505 -1.000000
-0.000062 -0.000126 -1.000000
-0.000062 -0.000126 -1.000000
-0.000054 -0.000094 -1.000000
-0.000151 -0.000365 -1.000000
-0.000151 -0.000365 -1.000000
-0.000054 -0.000094 -1.000000
0.000021 -0.000074 -1.000000
0.000021 -0.000074 -1.000000
-0.000069 -0.000228 -1.000000
-0.000151 -0.000365 -1.000000
0.000021 -0.000074 -1.000000
-0.000054 -0.000094 -1.000000
-0.000016 -0.000016 -1.000000
-0.000016 -0.000016 -1.000000
0.000034 -0.000016 -1.000000
0.000021 -0.000074 -1.000000
0.000021 -0.000074 -1.000000
0.000034 -0.000016 -1.000000
0.000448 -0.000137 -1.000000
0.000448 -0.000137 -1.000000
0.000559 -0.000418 -1.000000
0.000021 -0.000074 -1.000000
0.000021 -0.000074 -1.000000
0.000559 -0.000418 -1.000000
0.000597 -0.000566 -1.000000
0.000597 -0.000566 -1.000000
-0.000069 -0.000228 -1.000000
0.000021 -0.000074 -1.000000
-0.000016 -0.000016 -1.000000
-0.000054 -0.000094 -1.000000
-0.000062 -0.000126 -1.000000
-0.000062 -0.000126 -1.000000
-0.000024 -0.000037 -1.000000
-0.000016 -0.000016 -1.000000
-0.000016 -0.000016 -1.000000
-0.000024 -0.000037 -1.000000
-0.000007 -0.000005 -1.000000
-0.000007 -0.000005 -1.000000
-0.000002 0.000002 -1.000000
-0.000016 -0.000016 -1.000000
-0.000016 -0.000016 -1.000000
-0.000002 0.000002 -1.000000
0.000028 -0.000001 -1.000000
0.000028 -0.000001 -1.000000
0.000034 -0.000016 -1.000000
-0.000016 -0.000016 -1.000000
-0.000002 0.000002 -1.000000
-0.000007 -0.000005 -1.000000
-0.000001 0.000003 -1.000000
-0.000001 0.000003 -1.000000
-0.000001 0.000003 -1.000000
-0.000002 0.000002 -1.000000
-0.000002 0.000002 -1.000000
-0.000001 0.000003 -1.000000
0.000020 0.000002 -1.000000
0.000020 0.000002 -1.000000
0.000028 -0.000001 -1.000000
-0.000002 0.000002 -1.000000
-0.000007 -0.000005 -1.000000
-0.000024 -0.000037 -1.000000
-0.000000 -0.000038 -1.000000
-0.000000 -0.000038 -1.000000
0.000000 -0.000012 -1.000000
-0.000007 -0.000005 -1.000000
-0.000007 -0.000005 -1.000000
0.000000 -0.000012 -1.000000
0.000001 0.000005 -1.000000
0.000001 0.000005 -1.000000
-0.000001 0.000003 -1.000000
-0.000007 -0.000005 -1.000000
-0.000000 -0.000038 -1.000000
-0.000027 -0.000146 -1.000000
-0.000042 -0.000141 -1.000000
-0.000042 -0.000141 -1.000000
-0.000005 -0.000027 -1.000000
-0.000000 -0.000038 -1.000000
-0.000000 -0.000038 -1.000000
-0.000005 -0.000027 -1.000000
-0.000011 0.000000 -1.000000
-0.000011 0.000000 -1.000000
0.000000 -0.000012 -1.000000
-0.000000 -0.000038 -1.000000
-0.000000 -0.000038 -1.000000
-0.000024 -0.000037 -1.000000
-0.000062 -0.000126 -1.000000
-0.000062 -0.000126 -1.000000
-0.000027 -0.000146 -1.000000
-0.000000 -0.000038 -1.000000
-0.000027 -0.000146 -1.000000
-0.000062 -0.000126 -1.000000
-0.000208 -0.000505 -1.000000
-0.000208 -0.000505 -1.000000
-0.000204 -0.000569 -1.000000
-0.000027 -0.000146 -1.000000
-0.000027 -0.000146 -1.000000
-0.000204 -0.000569 -1.000000
-0.000342 -0.000512 -1.000000
-0.000342 -0.000512 -1.000000
-0.000042 -0.000141 -1.000000
-0.000027 -0.000146 -1.000000
-0.000204 -0.000569 -1.000000
-0.000208 -0.000505 -1.000000
-0.000876 -0.002436 -0.999997
-0.000876 -0.002436 -0.999997
-0.001007 -0.002375 -0.999997
-0.000204 -0.000569 -1.000000
-0.000204 -0.000569 -1.000000
-0.001007 -0.002375 -0.999997
-0.001772 -0.002078 -0.999996
-0.001772 -0.002078 -0.999996
-0.000342 -0.000512 -1.000000
-0.000204 -0.000569 -1.000000
-0.001772 -0.002078 -0.999996
-0.002548 -0.001739 -0.999995
-0.000539 -0.000380 -1.000000
-0.000539 -0.000380 -1.000000
-0.000342 -0.000512 -1.000000
-0.001772 -0.002078 -0.999996
-0.001772 -0.002078 -0.999996
-0.001007 -0.002375 -0.999997
-0.004158 -0.008973 -0.999951
-0.004158 -0.008973 -0.999951
-0.007341 -0.007954 -0.999941
-0.001772 -0.002078 -0.999996
-0.001772 -0.002078 -0.999996
-0.007341 -0.007954 -0.999941
-0.009414 -0.006096 -0.999937
-0.009414 -0.006096 -0.999937
-0.002548 -0.001739 -0.999995
-0.001772 -0.002078 -0.999996
-0.009414 -0.006096 -0.999937
-0.010089 -0.002362 -0.999946
-0.003196 -0.000760 -0.999995
-0.003196 -0.000760 -0.999995
-0.002548 -0.001739 -0.999995
-0.009414 -0.006096 -0.999937
-0.009414 -0.006096 -0.999937
-0.007341 -0.007954 -0.999941
-0.036810 -0.040604 -0.998497
-0.036810 -0.040604 -0.998497
-0.040699 -0.026871 -0.998810
-0.009414 -0.006096 -0.999937
-0.009414 -0.006096 -0.999937
-0.040699 -0.026871 -0.998810
-0.043209 -0.011848 -0.998996
-0.043209 -0.011848 -0.998996
-0.010089 -0.002362 -0.999946
-0.009414 -0.006096 -0.999937
-0.043209 -0.011848 -0.998996
-0.050027 0.001905 -0.998746
-0.013845 0.002332 -0.999901
-0.013845 0.002332 -0.999901
-0.010089 -0.002362 -0.999946
-0.043209 -0.011848 -0.998996
-0.043209 -0.011848 -0.998996
-0.040699 -0.026871 -0.998810
-0.268876 -0.166327 -0.948705
-0.268876 -0.166327 -0.948705
-0.288042 -0.084761 -0.953859
-0.043209 -0.011848 -0.998996
-0.043209 -0.011848 -0.998996
-0.288042 -0.084761 -0.953859
-0.309001 0.003745 -0.951054
-0.309001 0.003745 -0.951054
-0.050027 0.001905 -0.998746
-0.043209 -0.011848 -0.998996
-0.309001 0.003745 -0.951054
-0.403770 0.110216 -0.908197
-0.099550 0.044840 -0.994022
-0.099550 0.044840 -0.994022
-0.050027 0.001905 -0.998746
-0.309001 0.003745 -0.951054
-0.309001 0.003745 -0.951054
-0.288042 -0.084761 -0.953859
-0.627734 -0.184009 -0.756367
-0.627734 -0.184009 -0.756367
-0.658489 -0.002806 -0.752585
-0.309001 0.003745 -0.951054
-0.309001 0.003745 -0.951054
-0.658489 -0.002806 -0.752585
-0.703112 0.152014 -0.694641
-0.703112 0.152014 -0.694641
-0.403770 0.110216 -0.908197
-0.309001 0.003745 -0.951054
-0.703112 0.152014 -0.694641
-0.682625 0.288614 -0.671361
-0.495702 0.230559 -0.837330
-0.495702 0.230559 -0.837330
-0.403770 0.110216 -0.908197
-0.703112 0.152014 -0.694641
-0.703112 0.152014 -0.694641
-0.658489 -0.002806 -0.752585
-0.828033 -0.014028 -0.560503
-0.828033 -0.014028 -0.560503
-0.806880 0.155808 -0.569797
-0.703112 0.152014 -0.694641
-0.703112 0.152014 -0.694641
-0.806880 0.155808 -0.569797
-0.744283 0.273402 -0.609339
-0.744283 0.273402 -0.609339
-0.682625 0.288614 -0.671361
-0.703112 0.152014 -0.694641
-0.806880 0.155808 -0.569797
-0.828033 -0.014028 -0.560503
-0.878263 -0.024610 -0.477545
-0.878263 -0.024610 -0.477545
-0.842788 0.146644 -0.517884
-0.806880 0.155808 -0.569797
-0.806880 0.155808 -0.569797
-0.842788 0.146644 -0.517884
-0.779781 0.241419 -0.577631
-0.779781 0.241419 -0.577631
-0.744283 0.273402 -0.609339
-0.806880 0.155808 -0.569797
-0.779781 0.241419 -0.577631
-0.712711 0.302097 -0.633073
-0.684452 0.321263 -0.654458
-0.684452 0.321263 -0.654458
-0.744283 0.273402 -0.609339
-0.779781 0.241419 -0.577631
-0.779781 0.241419 -0.577631
-0.842788 0.146644 -0.517884
-0.870250 0.126823 -0.476005
-0.870250 0.126823 -0.476005
-0.809526 0.215712 -0.546018
-0.779781 0.241419 -0.577631
-0.779781 0.241419 -0.577631
-0.809526 0.215712 -0.546018
-0.747182 0.276049 -0.604579
-0.747182 0.276049 -0.604579
-0.712711 0.302097 -0.633073
-0.779781 0.241419 -0.577631
-0.747182 0.276049 -0.604579
-0.724753 0.319614 -0.610393
-0.679060 0.339858 -0.650672
-0.679060 0.339858 -0.650672
-0.712711 0.302097 -0.633073
-0.747182 0.276049 -0.604579
-0.747182 0.276049 -0.604579
-0.809526 0.215712 -0.546018
-0.869971 0.190473 -0.454830
-0.869971 0.190473 -0.454830
-0.820670 0.241664 -0.517782
-0.747182 0.276049 -0.604579
-0.747182 0.276049 -0.604579
-0.820670 0.241664 -0.517782
-0.799242 0.283310 -0.530046
-0.799242 0.283310 -0.530046
-0.724753 0.319614 -0.610393
-0.747182 0.276049 -0.604579
-0.799242 0.283310 -0.530046
-0.804909 0.310360 -0.505765
-0.728929 0.359644 -0.582511
-0.728929 0.359644 -0.582511
-0.724753 0.319614 -0.610393
-0.799242 0.283310 -0.530046
-0.799242 0.283310 -0.530046
-0.820670 0.241664 -0.517782
-0.993901 0.104435 0.035423
-0.993901 0.104435 0.035423
-0.968901 0.142078 -0.202593
-0.799242 0.283310 -0.530046
-0.799242 0.283310 -0.530046
-0.968901 0.142078 -0.202593
-0.933573 0.162994 -0.319177
-0.933573 0.162994 -0.319177
-0.804909 0.310360 -0.505765
-0.799242 0.283310 -0.530046
-0.933573 0.162994 -0.319177
-0.922014 0.182285 -0.341558
-0.841312 0.304102 -0.446897
-0.841312 0.304102 -0.446897
-0.804909 0.310360 -0.505765
-0.933573 0.162994 -0.319177
-0.933573 0.162994 -0.319177
-0.968901 0.142078 -0.202593
-0.459117 -0.314701 0.830767
-0.459117 -0.314701 0.830767
-0.614397 -0.541885 0.573478
-0.933573 0.162994 -0.319177
-0.933573 0.162994 -0.319177
-0.614397 -0.541885 0.573478
-0.793678 -0.589720 0.149348
-0.793678 -0.589720 0.149348
-0.922014 0.182285 -0.341558
-0.933573 0.162994 -0.319177
-0.793678 -0.589720 0.149348
-0.843920 -0.535648 -0.029676
-0.952917 0.088376 -0.290067
-0.952917 0.088376 -0.290067
-0.922014 0.182285 -0.341558
-0.793678 -0.589720 0.149348
-0.793678 -0.589720 0.149348
-0.614397 -0.541885 0.573478
0.565987 -0.495293 0.659047
0.565987 -0.495293 0.659047
0.340690 -0.801287 0.491802
-0.793678 -0.589720 0.149348
-0.793678 -0.589720 0.149348
0.340690 -0.801287 0.491802
-0.009362 -0.978743 0.204879
-0.009362 -0.978743 0.204879
-0.843920 -0.535648 -0.029676
-0.793678 -0.589720 0.149348
-0.009362 -0.978743 0.204879
-0.285363 -0.958332 0.012940
-0.852547 -0.512566 -0.102178
-0.852547 -0.512566 -0.102178
-0.843920 -0.535648 -0.029676
-0.009362 -0.978743 0.204879
-0.009362 -0.978743 0.204879
0.340690 -0.801287 0.491802
0.572270 -0.715524 0.400665
0.572270 -0.715524 0.400665
0.324709 -0.929723 0.173721
-0.009362 -0.978743 0.204879
-0.009362 -0.978743 0.204879
0.324709 -0.929723 0.173721
0.160342 -0.986229 0.040538
0.160342 -0.986229 0.040538
-0.285363 -0.958332 0.012940
-0.009362 -0.978743 0.204879
0.160342 -0.986229 0.040538
0.054817 -0.998495 -0.001402
-0.409943 -0.911175 -0.041315
-0.409943 -0.911175 -0.041315
-0.285363 -0.958332 0.012940
0.160342 -0.986229 0.040538
0.160342 -0.986229 0.040538
0.324709 -0.929723 0.173721
0.253810 -0.960477 0.114298
0.253810 -0.960477 0.114298
0.171422 -0.985153 0.009396
0.160342 -0.986229 0.040538
0.160342 -0.986229 0.040538
0.171422 -0.985153 0.009396
0.156898 -0.987610 0.003176
0.156898 -0.987610 0.003176
0.054817 -0.998495 -0.001402
0.160342 -0.986229 0.040538
0.156898 -0.987610 0.003176
0.145416 -0.989370 -0.000539
-0.004306 -0.999931 -0.010953
-0.004306 -0.999931 -0.010953
0.054817 -0.998495 -0.001402
0.156898 -0.987610 0.003176
0.156898 -0.987610 0.003176
0.171422 -0.985153 0.009396
0.186258 -0.982475 0.007122
0.186258 -0.982475 0.007122
0.173634 -0.984809 0.001817
0.156898 -0.987610 0.003176
0.156898 -0.987610 0.003176
0.173634 -0.984809 0.001817
0.163442 -0.986553 -0.000097
0.163442 -0.986553 -0.000097
0.145416 -0.989370 -0.000539
0.156898 -0.987610 0.003176
0.163442 -0.986553 -0.000097
0.165232 -0.986255 0.000252
0.147435 -0.989072 0.000009
0.147435 -0.989072 0.000009
0.145416 -0.989370 -0.000539
0.163442 -0.986553 -0.000097
0.163442 -0.986553 -0.000097
0.173634 -0.984809 0.001817
0.215887 -0.976418 0.001042
0.215887 -0.976418 0.001042
0.201146 -0.979561 0.001108
0.163442 -0.986553 -0.000097
0.163442 -0.986553 -0.000097
0.201146 -0.979561 0.001108
0.197895 -0.980223 0.000136
0.197895 -0.980223 0.000136
0.165232 -0.986255 0.000252
0.163442 -0.986553 -0.000097
0.197895 -0.980223 0.000136
0.198708 -0.980057 -0.001876
0.163931 -0.986472 -0.000447
0.163931 -0.986472 -0.000447
0.165232 -0.986255 0.000252
0.197895 -0.980223 0.000136
0.197895 -0.980223 0.000136
0.201146 -0.979561 0.001108
0.263526 -0.964652 0.000993
0.263526 -0.964652 0.000993
0.256779 -0.966470 -0.000646
0.197895 -0.980223 0.000136
0.197895 -0.980223 0.000136
0.256779 -0.966470 -0.000646
0.260570 -0.965455 -0.000496
0.260570 -0.965455 -0.000496
0.198708 -0.980057 -0.001876
0.197895 -0.980223 0.000136
0.260570 -0.965455 -0.000496
0.269507 -0.962998 -0.000798
0.209582 -0.977790 -0.001182
0.209582 -0.977790 -0.001182
0.198708 -0.980057 -0.001876
0.260570 -0.965455 -0.000496
0.260570 -0.965455 -0.000496
0.256779 -0.966470 -0.000646
0.287643 -0.957738 0.000047
0.287643 -0.957738 0.000047
0.287806 -0.957689 0.000089
0.260570 -0.965455 -0.000496
0.260570 -0.965455 -0.000496
0.287806 -0.957689 0.000089
0.285762 -0.958301 -0.000572
0.285762 -0.958301 -0.000572
0.269507 -0.962998 -0.000798
0.260570 -0.965455 -0.000496
0.285762 -0.958301 -0.000572
0.286732 -0.958010 -0.001058
0.279790 -0.960059 -0.001831
0.279790 -0.960059 -0.001831
0.269507 -0.962998 -0.000798
0.285762 -0.958301 -0.000572
0.285762 -0.958301 -0.000572
0.287806 -0.957689 0.000089
0.269057 -0.963124 -0.000510
0.269057 -0.963124 -0.000510
0.266774 -0.963759 -0.000288
0.285762 -0.958301 -0.000572
0.285762 -0.958301 -0.000572
0.266774 -0.963759 -0.000288
0.263639 -0.964621 -0.001169
0.263639 -0.964621 -0.001169
0.286732 -0.958010 -0.001058
0.285762 -0.958301 -0.000572
0.263639 -0.964621 -0.001169
0.260699 -0.965415 -0.003255
0.287044 -0.957900 -0.005719
0.287044 -0.957900 -0.005719
0.286732 -0.958010 -0.001058
0.263639 -0.964621 -0.001169
0.263639 -0.964621 -0.001169
0.266774 -0.963759 -0.000288
0.239413 -0.970916 -0.001590
0.239413 -0.970916 -0.001590
0.233386 -0.972383 -0.001753
0.263639 -0.964621 -0.001169
0.263639 -0.964621 -0.001169
0.233386 -0.972383 -0.001753
0.226911 -0.973898 -0.005827
0.226911 -0.973898 -0.005827
0.260699 -0.965415 -0.003255
0.263639 -0.964621 -0.001169
0.226911 -0.973898 -0.005827
0.215288 -0.970403 -0.109400
0.249948 -0.961119 -0.117376
0.249948 -0.961119 -0.117376
0.260699 -0.965415 -0.003255
0.226911 -0.973898 -0.005827
0.226911 -0.973898 -0.005827
0.233386 -0.972383 -0.001753
0.223903 -0.974562 -0.009867
0.223903 -0.974562 -0.009867
0.208293 -0.977991 -0.012108
0.226911 -0.973898 -0.005827
0.226911 -0.973898 -0.005827
0.208293 -0.977991 -0.012108
0.186298 -0.976889 -0.104789
0.186298 -0.976889 -0.104789
0.215288 -0.970403 -0.109400
0.226911 -0.973898 -0.005827
0.186298 -0.976889 -0.104789
0.123312 -0.883921 -0.451086
0.172162 -0.860853 -0.478845
0.172162 -0.860853 -0.478845
0.215288 -0.970403 -0.109400
0.186298 -0.976889 -0.104789
0.186298 -0.976889 -0.104789
0.208293 -0.977991 -0.012108
0.200745 -0.979410 -0.021411
0.200745 -0.979410 -0.021411
0.166708 -0.978303 -0.123009
0.186298 -0.976889 -0.104789
0.186298 -0.976889 -0.104789
0.166708 -0.978303 -0.123009
0.054514 -0.894218 -0.444299
0.054514 -0.894218 -0.444299
0.123312 -0.883921 -0.451086
0.186298 -0.976889 -0.104789
0.054514 -0.894218 -0.444299
-0.040472 -0.589363 -0.806854
0.021516 -0.524729 -0.850997
0.021516 -0.524729 -0.850997
0.123312 -0.883921 -0.451086
0.054514 -0.894218 -0.444299
0.054514 -0.894218 -0.444299
0.166708 -0.978303 -0.123009
0.142135 -0.980009 -0.139211
0.142135 -0.980009 -0.139211
-0.008830 -0.897769 -0.440378
0.054514 -0.894218 -0.444299
0.054514 -0.894218 -0.444299
-0.008830 -0.897769 -0.440378
-0.089687 -0.655911 -0.749491
-0.089687 -0.655911 -0.749491
-0.040472 -0.589363 -0.806854
0.054514 -0.894218 -0.444299
-0.089687 -0.655911 -0.749491
-0.064682 -0.306721 -0.949599
-0.029162 -0.244554 -0.969197
-0.029162 -0.244554 -0.969197
-0.040472 -0.589363 -0.806854
-0.089687 -0.655911 -0.749491
-0.089687 -0.655911 -0.749491
-0.008830 -0.897769 -0.440378
-0.044083 -0.891218 -0.451428
-0.044083 -0.891218 -0.451428
-0.133599 -0.681991 -0.719054
-0.089687 -0.655911 -0.749491
-0.089687 -0.655911 -0.749491
-0.133599 -0.681991 -0.719054
-0.105819 -0.366907 -0.924219
-0.105819 -0.366907 -0.924219
-0.064682 -0.306721 -0.949599
-0.089687 -0.655911 -0.749491
-0.105819 -0.366907 -0.924219
-0.010289 -0.089631 -0.995922
-0.012199 -0.067780 -0.997626
-0.012199 -0.067780 -0.997626
-0.064682 -0.306721 -0.949599
-0.105819 -0.366907 -0.924219
-0.105819 -0.366907 -0.924219
-0.133599 -0.681991 -0.719054
-0.137546 -0.687751 -0.712797
-0.137546 -0.687751 -0.712797
-0.140773 -0.417226 -0.897834
-0.105819 -0.366907 -0.924219
-0.105819 -0.366907 -0.924219
-0.140773 -0.417226 -0.897834
-0.039729 -0.135538 -0.989975
-0.039729 -0.135538 -0.989975
-0.010289 -0.089631 -0.995922
-0.105819 -0.366907 -0.924219
-0.039729 -0.135538 -0.989975
-0.004390 -0.014340 -0.999887
-0.002693 -0.008617 -0.999959
-0.002693 -0.008617 -0.999959
-0.010289 -0.089631 -0.995922
-0.039729 -0.135538 -0.989975
-0.039729 -0.135538 -0.989975
-0.140773 -0.417226 -0.897834
-0.163859 -0.454477 -0.875558
-0.163859 -0.454477 -0.875558
-0.056084 -0.200127 -0.978163
-0.039729 -0.135538 -0.989975
-0.039729 -0.135538 -0.989975
-0.056084 -0.200127 -0.978163
-0.005722 -0.032610 -0.999452
-0.005722 -0.032610 -0.999452
-0.004390 -0.014340 -0.999887
-0.039729 -0.135538 -0.989975
-0.005722 -0.032610 -0.999452
0.000389 -0.003947 -0.999992
-0.000406 -0.002749 -0.999996
-0.000406 -0.002749 -0.999996
-0.004390 -0.014340 -0.999887
-0.005722 -0.032610 -0.999452
-0.005722 -0.032610 -0.999452
-0.056084 -0.200127 -0.978163
-0.107152 -0.254771 -0.961046
-0.107152 -0.254771 -0.961046
-0.004747 -0.066642 -0.997766
-0.005722 -0.032610 -0.999452
-0.005722 -0.032610 -0.999452
-0.004747 -0.066642 -0.997766
-0.000355 -0.007379 -0.999973
-0.000355 -0.007379 -0.999973
0.000389 -0.003947 -0.999992
-0.005722 -0.032610 -0.999452
-0.000355 -0.007379 -0.999973
0.000328 -0.000332 -1.000000
-0.000001 -0.000339 -1.000000
-0.000001 -0.000339 -1.000000
0.000389 -0.003947 -0.999992
-0.000355 -0.007379 -0.999973
-0.000355 -0.007379 -0.999973
-0.004747 -0.066642 -0.997766
-0.016195 -0.101180 -0.994736
-0.016195 -0.101180 -0.994736
0.006001 -0.008225 -0.999948
-0.000355 -0.007379 -0.999973
-0.000355 -0.007379 -0.999973
0.006001 -0.008225 -0.999948
0.005323 0.001045 -0.999985
0.005323 0.001045 -0.999985
0.000328 -0.000332 -1.000000
-0.000355 -0.007379 -0.999973
0.208293 -0.977991 -0.012108
0.223903 -0.974562 -0.009867
0.250185 -0.966948 -0.049190
0.250185 -0.966948 -0.049190
0.200745 -0.979410 -0.021411
0.208293 -0.977991 -0.012108
0.223903 -0.974562 -0.009867
0.233386 -0.972383 -0.001753
0.239413 -0.970916 -0.001590
0.239413 -0.970916 -0.001590
0.244835 -0.969529 -0.008295
0.223903 -0.974562 -0.009867
0.223903 -0.974562 -0.009867
0.244835 -0.969529 -0.008295
0.293257 -0.955530 -0.031028
0.293257 -0.955530 -0.031028
0.250185 -0.966948 -0.049190
0.223903 -0.974562 -0.009867
0.239413 -0.970916 -0.001590
0.266774 -0.963759 -0.000288
0.269057 -0.963124 -0.000510
0.269057 -0.963124 -0.000510
0.243134 -0.969993 -0.000685
0.239413 -0.970916 -0.001590
0.239413 -0.970916 -0.001590
0.243134 -0.969993 -0.000685
0.251256 -0.967918 -0.002227
0.251256 -0.967918 -0.002227
0.244835 -0.969529 -0.008295
0.239413 -0.970916 -0.001590
0.269057 -0.963124 -0.000510
0.287806 -0.957689 0.000089
0.287643 -0.957738 0.000047
0.287643 -0.957738 0.000047
0.269701 -0.962944 0.000353
0.269057 -0.963124 -0.000510
0.269057 -0.963124 -0.000510
0.269701 -0.962944 0.000353
0.243422 -0.969921 0.000216
0.243422 -0.969921 0.000216
0.243134 -0.969993 -0.000685
0.269057 -0.963124 -0.000510
0.287643 -0.957738 0.000047
0.256779 -0.966470 -0.000646
0.263526 -0.964652 0.000993
0.263526 -0.964652 0.000993
0.286668 -0.958030 0.000478
0.287643 -0.957738 0.000047
0.287643 -0.957738 0.000047
0.286668 -0.958030 0.000478
0.269101 -0.963112 0.000496
0.269101 -0.963112 0.000496
0.269701 -0.962944 0.000353
0.287643 -0.957738 0.000047
0.263526 -0.964652 0.000993
0.201146 -0.979561 0.001108
0.215887 -0.976418 0.001042
0.215887 -0.976418 0.001042
0.270080 -0.962838 -0.000447
0.263526 -0.964652 0.000993
0.263526 -0.964652 0.000993
0.270080 -0.962838 -0.000447
0.285780 -0.958295 -0.000121
0.285780 -0.958295 -0.000121
0.286668 -0.958030 0.000478
0.263526 -0.964652 0.000993
0.215887 -0.976418 0.001042
0.173634 -0.984809 0.001817
0.186258 -0.982475 0.007122
0.186258 -0.982475 0.007122
0.233369 -0.972363 0.007018
0.215887 -0.976418 0.001042
0.215887 -0.976418 0.001042
0.233369 -0.972363 0.007018
0.278603 -0.960399 0.003827
0.278603 -0.960399 0.003827
0.270080 -0.962838 -0.000447
0.215887 -0.976418 0.001042
0.186258 -0.982475 0.007122
0.171422 -0.985153 0.009396
0.253810 -0.960477 0.114298
0.253810 -0.960477 0.114298
0.215625 -0.974978 0.054077
0.186258 -0.982475 0.007122
0.186258 -0.982475 0.007122
0.215625 -0.974978 0.054077
0.244747 -0.969066 0.031797
0.244747 -0.969066 0.031797
0.233369 -0.972363 0.007018
0.186258 -0.982475 0.007122
0.253810 -0.960477 0.114298
0.324709 -0.929723 0.173721
0.572270 -0.715524 0.400665
0.572270 -0.715524 0.400665
0.548881 -0.759644 0.348812
0.253810 -0.960477 0.114298
0.253810 -0.960477 0.114298
0.548881 -0.759644 0.348812
0.442705 -0.831199 0.336334
0.442705 -0.831199 0.336334
0.215625 -0.974978 0.054077
0.253810 -0.960477 0.114298
0.572270 -0.715524 0.400665
0.340690 -0.801287 0.491802
0.565987 -0.495293 0.659047
0.565987 -0.495293 0.659047
0.669900 -0.432130 0.603737
0.572270 -0.715524 0.400665
0.572270 -0.715524 0.400665
0.669900 -0.432130 0.603737
0.622908 -0.459216 0.633330
0.622908 -0.459216 0.633330
0.548881 -0.759644 0.348812
0.572270 -0.715524 0.400665
0.565987 -0.495293 0.659047
-0.614397 -0.541885 0.573478
-0.459117 -0.314701 0.830767
-0.459117 -0.314701 0.830767
0.475417 -0.342561 0.810328
0.565987 -0.495293 0.659047
0.565987 -0.495293 0.659047
0.475417 -0.342561 0.810328
0.485073 -0.290335 0.824870
0.485073 -0.290335 0.824870
0.669900 -0.432130 0.603737
0.565987 -0.495293 0.659047
-0.459117 -0.314701 0.830767
-0.968901 0.142078 -0.202593
-0.993901 0.104435 0.035423
-0.993901 0.104435 0.035423
-0.313319 -0.166417 0.934953
-0.459117 -0.314701 0.830767
-0.459117 -0.314701 0.830767
-0.313319 -0.166417 0.934953
0.268207 -0.190753 0.944287
0.268207 -0.190753 0.944287
0.475417 -0.342561 0.810328
-0.459117 -0.314701 0.830767
-0.993901 0.104435 0.035423
-0.820670 0.241664 -0.517782
-0.869971 0.190473 -0.454830
-0.869971 0.190473 -0.454830
-0.982387 0.114609 0.147585
-0.993901 0.104435 0.035423
-0.993901 0.104435 0.035423
-0.982387 0.114609 0.147585
-0.372753 -0.036898 0.927197
-0.372753 -0.036898 0.927197
-0.313319 -0.166417 0.934953
-0.993901 0.104435 0.035423
-0.869971 0.190473 -0.454830
-0.809526 0.215712 -0.546018
-0.870250 0.126823 -0.476005
-0.870250 0.126823 -0.476005
-0.931200 0.100902 -0.350265
-0.869971 0.190473 -0.454830
-0.869971 0.190473 -0.454830
-0.931200 0.100902 -0.350265
-0.975352 0.072548 0.208390
-0.975352 0.072548 0.208390
-0.982387 0.114609 0.147585
-0.869971 0.190473 -0.454830
-0.870250 0.126823 -0.476005
-0.842788 0.146644 -0.517884
-0.878263 -0.024610 -0.477545
-0.878263 -0.024610 -0.477545
-0.917672 -0.035287 -0.395768
-0.870250 0.126823 -0.476005
-0.870250 0.126823 -0.476005
-0.917672 -0.035287 -0.395768
-0.970256 -0.047275 -0.237420
-0.970256 -0.047275 -0.237420
-0.931200 0.100902 -0.350265
-0.870250 0.126823 -0.476005
-0.878263 -0.024610 -0.477545
-0.828033 -0.014028 -0.560503
-0.785147 -0.226684 -0.576332
-0.785147 -0.226684 -0.576332
-0.841667 -0.241650 -0.482909
-0.878263 -0.024610 -0.477545
-0.878263 -0.024610 -0.477545
-0.841667 -0.241650 -0.482909
-0.892062 -0.255915 -0.372470
-0.892062 -0.255915 -0.372470
-0.917672 -0.035287 -0.395768
-0.878263 -0.024610 -0.477545
-0.785147 -0.226684 -0.576332
-0.828033 -0.014028 -0.560503
-0.658489 -0.002806 -0.752585
-0.658489 -0.002806 -0.752585
-0.627734 -0.184009 -0.756367
-0.785147 -0.226684 -0.576332
-0.785147 -0.226684 -0.576332
-0.627734 -0.184009 -0.756367
-0.566155 -0.349049 -0.746748
-0.566155 -0.349049 -0.746748
-0.698337 -0.431348 -0.571195
-0.785147 -0.226684 -0.576332
-0.785147 -0.226684 -0.576332
-0.698337 -0.431348 -0.571195
-0.750440 -0.463856 -0.470826
-0.750440 -0.463856 -0.470826
-0.841667 -0.241650 -0.482909
-0.785147 -0.226684 -0.576332
-0.566155 -0.349049 -0.746748
-0.627734 -0.184009 -0.756367
-0.288042 -0.084761 -0.953859
-0.288042 -0.084761 -0.953859
-0.268876 -0.166327 -0.948705
-0.566155 -0.349049 -0.746748
-0.566155 -0.349049 -0.746748
-0.268876 -0.166327 -0.948705
-0.226103 -0.253133 -0.940639
-0.226103 -0.253133 -0.940639
-0.459442 -0.508057 -0.728554
-0.566155 -0.349049 -0.746748
-0.566155 -0.349049 -0.746748
-0.459442 -0.508057 -0.728554
-0.564244 -0.618185 -0.547243
-0.564244 -0.618185 -0.547243
-0.698337 -0.431348 -0.571195
-0.566155 -0.349049 -0.746748
-0.226103 -0.253133 -0.940639
-0.268876 -0.166327 -0.948705
-0.040699 -0.026871 -0.998810
-0.040699 -0.026871 -0.998810
-0.036810 -0.040604 -0.998497
-0.226103 -0.253133 -0.940639
-0.226103 -0.253133 -0.940639
-0.036810 -0.040604 -0.998497
-0.023279 -0.045325 -0.998701
-0.023279 -0.045325 -0.998701
-0.160942 -0.317104 -0.934635
-0.226103 -0.253133 -0.940639
-0.226103 -0.253133 -0.940639
-0.160942 -0.317104 -0.934635
-0.314667 -0.625588 -0.713880
-0.314667 -0.625588 -0.713880
-0.459442 -0.508057 -0.728554
-0.226103 -0.253133 -0.940639
-0.023279 -0.045325 -0.998701
-0.036810 -0.040604 -0.998497
-0.007341 -0.007954 -0.999941
-0.007341 -0.007954 -0.999941
-0.004158 -0.008973 -0.999951
-0.023279 -0.045325 -0.998701
-0.023279 -0.045325 -0.998701
-0.004158 -0.008973 -0.999951
-0.002666 -0.011353 -0.999932
-0.002666 -0.011353 -0.999932
-0.009518 -0.046498 -0.998873
-0.023279 -0.045325 -0.998701
-0.023279 -0.045325 -0.998701
-0.009518 -0.046498 -0.998873
-0.069926 -0.343810 -0.936432
-0.069926 -0.343810 -0.936432
-0.160942 -0.317104 -0.934635
-0.023279 -0.045325 -0.998701
-0.099550 0.044840 -0.994022
-0.201052 0.092674 -0.975187
-0.027520 0.016616 -0.999483
-0.027520 0.016616 -0.999483
-0.019348 0.006379 -0.999792
-0.099550 0.044840 -0.994022
-0.099550 0.044840 -0.994022
-0.019348 0.006379 -0.999792
-0.013845 0.002332 -0.999901
-0.013845 0.002332 -0.999901
-0.050027 0.001905 -0.998746
-0.099550 0.044840 -0.994022
-0.099550 0.044840 -0.994022
-0.403770 0.110216 -0.908197
-0.495702 0.230559 -0.837330
-0.495702 0.230559 -0.837330
-0.201052 0.092674 -0.975187
-0.099550 0.044840 -0.994022
-0.019348 0.006379 -0.999792
-0.027520 0.016616 -0.999483
-0.006574 0.004342 -0.999969
-0.006574 0.004342 -0.999969
-0.005459 0.001928 -0.999983
-0.019348 0.006379 -0.999792
-0.019348 0.006379 -0.999792
-0.005459 0.001928 -0.999983
-0.004424 0.000669 -0.999990
-0.004424 0.000669 -0.999990
-0.013845 0.002332 -0.999901
-0.019348 0.006379 -0.999792
-0.004424 0.000669 -0.999990
-0.005459 0.001928 -0.999983
-0.000972 0.000481 -0.999999
-0.000972 0.000481 -0.999999
-0.000808 0.000107 -1.000000
-0.004424 0.000669 -0.999990
-0.004424 0.000669 -0.999990
-0.000808 0.000107 -1.000000
-0.000670 -0.000154 -1.000000
-0.000670 -0.000154 -1.000000
-0.003196 -0.000760 -0.999995
-0.004424 0.000669 -0.999990
-0.004424 0.000669 -0.999990
-0.003196 -0.000760 -0.999995
-0.010089 -0.002362 -0.999946
-0.010089 -0.002362 -0.999946
-0.013845 0.002332 -0.999901
-0.004424 0.000669 -0.999990
-0.003196 -0.000760 -0.999995
-0.000670 -0.000154 -1.000000
-0.000539 -0.000380 -1.000000
-0.000539 -0.000380 -1.000000
-0.002548 -0.001739 -0.999995
-0.003196 -0.000760 -0.999995
-0.004158 -0.008973 -0.999951
-0.001007 -0.002375 -0.999997
-0.000876 -0.002436 -0.999997
-0.000876 -0.002436 -0.999997
-0.002666 -0.011353 -0.999932
-0.004158 -0.008973 -0.999951
0.005323 0.001045 -0.999985
0.006598 0.000446 -0.999978
0.000593 0.000001 -1.000000
0.000593 0.000001 -1.000000
0.000328 -0.000332 -1.000000
0.005323 0.001045 -0.999985
0.264108 0.024502 -0.964182
0.269664 -0.049783 -0.961667
0.009360 -0.002062 -0.999954
0.009360 -0.002062 -0.999954
0.006598 0.000446 -0.999978
0.264108 0.024502 -0.964182
0.878979 -0.163584 -0.447924
0.764775 -0.411311 -0.495925
0.200867 -0.103106 -0.974177
0.200867 -0.103106 -0.974177
0.269664 -0.049783 -0.961667
0.878979 -0.163584 -0.447924
0.864572 -0.473501 0.168262
0.698998 -0.714762 -0.022767
0.477764 -0.461286 -0.747634
0.477764 -0.461286 -0.747634
0.764775 -0.411311 -0.495925
0.864572 -0.473501 0.168262
0.662578 -0.680327 0.313282
0.429797 -0.858527 0.279652
0.453711 -0.876308 -0.161956
0.453711 -0.876308 -0.161956
0.698998 -0.714762 -0.022767
0.662578 -0.680327 0.313282
0.397436 -0.805324 0.439885
0.142607 -0.897392 0.417553
0.157503 -0.955747 0.248478
0.157503 -0.955747 0.248478
0.429797 -0.858527 0.279652
0.397436 -0.805324 0.439885
0.127268 -0.839041 0.528974
-0.121244 -0.850036 0.512580
-0.124516 -0.905539 0.405579
-0.124516 -0.905539 0.405579
0.142607 -0.897392 0.417553
0.127268 -0.839041 0.528974
-0.112590 -0.763000 0.636517
-0.321511 -0.713805 0.622184
-0.355130 -0.795171 0.491513
-0.355130 -0.795171 0.491513
-0.121244 -0.850036 0.512580
-0.112590 -0.763000 0.636517
-0.215476 -0.467477 0.857342
-0.332750 -0.407473 0.850437
-0.496352 -0.607974 0.619680
-0.496352 -0.607974 0.619680
-0.321511 -0.713805 0.622184
-0.215476 -0.467477 0.857342
-0.093424 -0.114749 0.988992
-0.117159 -0.087338 0.989265
-0.418724 -0.310404 0.853417
-0.418724 -0.310404 0.853417
-0.332750 -0.407473 0.850437
-0.093424 -0.114749 0.988992
-0.093424 -0.114749 0.988992
-0.011550 -0.013240 0.999846
-0.015150 -0.011024 0.999824
-0.015150 -0.011024 0.999824
-0.117159 -0.087338 0.989265
-0.093424 -0.114749 0.988992
-0.015150 -0.011024 0.999824
-0.016567 -0.007605 0.999834
-0.123612 -0.051512 0.990993
-0.123612 -0.051512 0.990993
-0.117159 -0.087338 0.989265
-0.015150 -0.011024 0.999824
-0.015150 -0.011024 0.999824
-0.011550 -0.013240 0.999846
-0.003823 -0.004339 0.999983
-0.003823 -0.004339 0.999983
-0.005447 -0.004083 0.999977
-0.015150 -0.011024 0.999824
-0.015150 -0.011024 0.999824
-0.005447 -0.004083 0.999977
-0.005723 -0.002360 0.999981
-0.005723 -0.002360 0.999981
-0.016567 -0.007605 0.999834
-0.015150 -0.011024 0.999824
-0.000386 -0.001746 0.999998
-0.000103 -0.000964 1.000000
-0.000138 -0.000287 1.000000
-0.000138 -0.000287 1.000000
-0.000226 -0.000698 1.000000
-0.000386 -0.001746 0.999998
0.256121 -0.054618 0.965100
0.627696 -0.126333 0.768139
0.605386 0.062177 0.793500
0.605386 0.062177 0.793500
0.227015 0.027086 0.973514
0.256121 -0.054618 0.965100
0.647359 0.489532 0.584196
0.590609 0.515919 0.620491
0.517090 0.530464 0.671734
0.517090 0.530464 0.671734
0.591366 0.498566 0.633812
0.647359 0.489532 0.584196
0.590609 0.515919 0.620491
0.772291 0.484296 0.411124
0.732424 0.500570 0.461503
0.732424 0.500570 0.461503
0.563400 0.551256 0.615384
0.590609 0.515919 0.620491
0.590609 0.515919 0.620491
0.563400 0.551256 0.615384
0.490298 0.555774 0.671359
0.490298 0.555774 0.671359
0.517090 0.530464 0.671734
0.590609 0.515919 0.620491
0.563400 0.551256 0.615384
0.732424 0.500570 0.461503
0.746217 0.489118 0.451579
0.746217 0.489118 0.451579
0.602807 0.549376 0.578627
0.563400 0.551256 0.615384
0.563400 0.551256 0.615384
0.602807 0.549376 0.578627
0.515926 0.566055 0.642964
0.515926 0.566055 0.642964
0.490298 0.555774 0.671359
0.563400 0.551256 0.615384
0.732424 0.500570 0.461503
0.979377 0.159217 -0.124382
0.996530 0.069999 -0.045040
0.996530 0.069999 -0.045040
0.746217 0.489118 0.451579
0.732424 0.500570 0.461503
0.493314 -0.869762 -0.012444
0.493502 -0.869687 0.010009
0.669614 -0.742668 0.007878
0.669614 -0.742668 0.007878
0.669966 -0.742334 -0.009262
0.493314 -0.869762 -0.012444
0.395550 -0.918400 0.009064
0.393772 -0.918315 0.040511
0.494168 -0.868422 0.040518
0.494168 -0.868422 0.040518
0.493502 -0.869687 0.010009
0.395550 -0.918400 0.009064
0.370061 -0.928242 0.037714
0.363123 -0.926015 0.103142
0.388741 -0.915303 0.105363
0.388741 -0.915303 0.105363
0.393772 -0.918315 0.040511
0.370061 -0.928242 0.037714
0.340788 -0.934959 0.098566
0.280733 -0.953216 0.112109
0.346568 -0.918791 0.188982
0.346568 -0.918791 0.188982
0.363123 -0.926015 0.103142
0.340788 -0.934959 0.098566
0.215301 -0.976077 0.030311
0.183915 -0.981586 0.051617
0.190702 -0.977133 0.094038
0.190702 -0.977133 0.094038
0.280733 -0.953216 0.112109
0.215301 -0.976077 0.030311
0.196622 -0.980152 0.025329
0.158949 -0.957229 0.241759
0.108566 -0.957809 0.266111
0.108566 -0.957809 0.266111
0.183915 -0.981586 0.051617
0.196622 -0.980152 0.025329
0.203840 -0.948852 0.241100
0.141855 -0.733389 0.664844
0.076651 -0.760620 0.644656
0.076651 -0.760620 0.644656
0.158949 -0.957229 0.241759
0.203840 -0.948852 0.241100
0.168037 -0.705677 0.688319
0.057679 -0.266632 0.962071
0.050934 -0.309856 0.949418
0.050934 -0.309856 0.949418
0.141855 -0.733389 0.664844
0.168037 -0.705677 0.688319
0.066118 -0.223587 0.972439
0.002998 -0.020950 0.999776
0.005567 -0.032503 0.999456
0.005567 -0.032503 0.999456
0.057679 -0.266632 0.962071
0.066118 -0.223587 0.972439
0.007551 -0.011841 0.999901
0.001665 -0.001491 0.999997
0.000211 -0.002538 0.999997
0.000211 -0.002538 0.999997
0.002998 -0.020950 0.999776
0.007551 -0.011841 0.999901
0.003227 -0.002407 0.999992
0.000660 -0.000689 1.000000
0.000211 -0.000199 1.000000
0.000211 -0.000199 1.000000
0.001665 -0.001491 0.999997
0.003227 -0.002407 0.999992
0.000652 -0.001169 0.999999
0.000073 -0.000094 1.000000
0.000034 -0.000042 1.000000
0.000034 -0.000042 1.000000
0.000660 -0.000689 1.000000
0.000652 -0.001169 0.999999
-0.104863 -0.113268 0.988015
-0.107049 -0.221136 0.969350
0.000003 -0.000001 1.000000
0.000003 -0.000001 1.000000
-0.000000 0.000000 1.000000
-0.104863 -0.113268 0.988015
-0.397756 -0.784561 0.475662
-0.183519 -0.883429 0.431131
-0.058413 -0.285046 0.956732
-0.058413 -0.285046 0.956732
-0.107049 -0.221136 0.969350
-0.397756 -0.784561 0.475662
-0.203166 -0.960228 -0.191533
0.047315 -0.981411 -0.185993
0.050051 -0.919273 0.390426
0.050051 -0.919273 0.390426
-0.183519 -0.883429 0.431131
-0.203166 -0.960228 -0.191533
0.045529 -0.937665 -0.344544
0.271059 -0.892218 -0.361212
0.284857 -0.937542 -0.199681
0.284857 -0.937542 -0.199681
0.047315 -0.981411 -0.185993
0.045529 -0.937665 -0.344544
0.253792 -0.844761 -0.471136
0.441873 -0.761046 -0.474929
0.472156 -0.809005 -0.350114
0.472156 -0.809005 -0.350114
0.271059 -0.892218 -0.361212
0.253792 -0.844761 -0.471136
0.410954 -0.711024 -0.570580
0.568204 -0.596037 -0.567348
0.609381 -0.634357 -0.475653
0.609381 -0.634357 -0.475653
0.441873 -0.761046 -0.474929
0.410954 -0.711024 -0.570580
0.474307 -0.502978 -0.722528
0.553002 -0.356688 -0.752970
0.686592 -0.439432 -0.579216
0.686592 -0.439432 -0.579216
0.568204 -0.596037 -0.567348
0.474307 -0.502978 -0.722528
0.023475 -0.042782 -0.998809
0.003146 -0.005496 -0.999980
0.003672 -0.003780 -0.999986
0.003672 -0.003780 -0.999986
0.027957 -0.028414 -0.999205
0.023475 -0.042782 -0.998809
0.254636 -0.166617 -0.952575
0.237009 -0.084243 -0.967848
0.590831 -0.200879 -0.781388
0.590831 -0.200879 -0.781388
0.553002 -0.356688 -0.752970
0.254636 -0.166617 -0.952575
0.019514 -0.006989 -0.999785
0.016834 -0.001646 -0.999857
0.175760 -0.006836 -0.984409
0.175760 -0.006836 -0.984409
0.237009 -0.084243 -0.967848
0.019514 -0.006989 -0.999785
0.000559 -0.000418 -1.000000
0.004394 -0.002611 -0.999987
0.003672 -0.003780 -0.999986
0.003672 -0.003780 -0.999986
0.000597 -0.000566 -1.000000
0.000559 -0.000418 -1.000000
0.490298 0.555774 0.671359
0.411898 0.559123 0.719529
0.435922 0.531469 0.726300
0.435922 0.531469 0.726300
0.517090 0.530464 0.671734
0.490298 0.555774 0.671359
-0.005748 -0.000577 0.999983
-0.015284 -0.001833 0.999882
-0.016567 -0.007605 0.999834
-0.016567 -0.007605 0.999834
-0.005723 -0.002360 0.999981
-0.005748 -0.000577 0.999983
-0.021748 0.009345 0.999720
-0.028525 0.017470 0.999440
-0.170160 0.083697 0.981856
-0.170160 0.083697 0.981856
-0.120443 0.047255 0.991595
-0.021748 0.009345 0.999720
-0.434494 0.027299 0.900261
-0.444288 0.129836 0.886426
-0.717761 0.176757 0.673481
-0.717761 0.176757 0.673481
-0.734779 0.039044 0.677182
-0.434494 0.027299 0.900261
-0.434494 0.027299 0.900261
-0.734779 0.039044 0.677182
-0.734802 -0.126869 0.666312
-0.734802 -0.126869 0.666312
-0.437947 -0.077844 0.895625
-0.434494 0.027299 0.900261
-0.434494 0.027299 0.900261
-0.100612 0.008535 0.994889
-0.120443 0.047255 0.991595
-0.120443 0.047255 0.991595
-0.444288 0.129836 0.886426
-0.434494 0.027299 0.900261
-0.734779 0.039044 0.677182
-0.717761 0.176757 0.673481
-0.802190 0.174921 0.570871
-0.802190 0.174921 0.570871
-0.838620 0.035605 0.543552
-0.734779 0.039044 0.677182
-0.734779 0.039044 0.677182
-0.838620 0.035605 0.543552
-0.834377 -0.144348 0.531957
-0.834377 -0.144348 0.531957
-0.734802 -0.126869 0.666312
-0.734779 0.039044 0.677182
-0.834377 -0.144348 0.531957
-0.838620 0.035605 0.543552
-0.881839 0.025856 0.470841
-0.881839 0.025856 0.470841
-0.886480 -0.151795 0.437163
-0.834377 -0.144348 0.531957
-0.834377 -0.144348 0.531957
-0.886480 -0.151795 0.437163
-0.824158 -0.357165 0.439542
-0.824158 -0.357165 0.439542
-0.775329 -0.335781 0.534897
-0.834377 -0.144348 0.531957
-0.834377 -0.144348 0.531957
-0.775329 -0.335781 0.534897
-0.695388 -0.304273 0.651040
-0.695388 -0.304273 0.651040
-0.734802 -0.126869 0.666312
-0.834377 -0.144348 0.531957
-0.824158 -0.357165 0.439542
-0.886480 -0.151795 0.437163
-0.935291 -0.160371 0.315454
-0.935291 -0.160371 0.315454
-0.881039 -0.381612 0.279539
-0.824158 -0.357165 0.439542
-0.824158 -0.357165 0.439542
-0.881039 -0.381612 0.279539
-0.771736 -0.584725 0.250041
-0.771736 -0.584725 0.250041
-0.729601 -0.550935 0.405158
-0.824158 -0.357165 0.439542
-0.824158 -0.357165 0.439542
-0.729601 -0.550935 0.405158
-0.683667 -0.516898 0.515185
-0.683667 -0.516898 0.515185
-0.775329 -0.335781 0.534897
-0.824158 -0.357165 0.439542
-0.771736 -0.584725 0.250041
-0.881039 -0.381612 0.279539
-0.913587 -0.398806 -0.079453
-0.913587 -0.398806 -0.079453
-0.781722 -0.595272 -0.185908
-0.771736 -0.584725 0.250041
-0.771736 -0.584725 0.250041
-0.781722 -0.595272 -0.185908
-0.594852 -0.754785 -0.276497
-0.594852 -0.754785 -0.276497
-0.607955 -0.759320 0.232000
-0.771736 -0.584725 0.250041
-0.771736 -0.584725 0.250041
-0.607955 -0.759320 0.232000
-0.575057 -0.718918 0.390469
-0.575057 -0.718918 0.390469
-0.729601 -0.550935 0.405158
-0.771736 -0.584725 0.250041
-0.594852 -0.754785 -0.276497
-0.781722 -0.595272 -0.185908
-0.407789 -0.311602 -0.858261
-0.407789 -0.311602 -0.858261
-0.267671 -0.350897 -0.897342
-0.594852 -0.754785 -0.276497
-0.594852 -0.754785 -0.276497
-0.267671 -0.350897 -0.897342
-0.148989 -0.353967 -0.923315
-0.148989 -0.353967 -0.923315
-0.373364 -0.863180 -0.339881
-0.594852 -0.754785 -0.276497
-0.594852 -0.754785 -0.276497
-0.373364 -0.863180 -0.339881
-0.388570 -0.890743 0.235776
-0.388570 -0.890743 0.235776
-0.607955 -0.759320 0.232000
-0.594852 -0.754785 -0.276497
-0.148989 -0.353967 -0.923315
-0.267671 -0.350897 -0.897342
0.000000 0.000000 -1.000000
0.000000 0.000000 -1.000000
0.000018 -0.000009 -1.000000
-0.148989 -0.353967 -0.923315
-0.148989 -0.353967 -0.923315
0.000018 -0.000009 -1.000000
0.001636 -0.001333 -0.999998
0.001636 -0.001333 -0.999998
-0.034030 -0.371241 -0.927913
-0.148989 -0.353967 -0.923315
-0.148989 -0.353967 -0.923315
-0.034030 -0.371241 -0.927913
-0.108742 -0.926071 -0.361342
-0.108742 -0.926071 -0.361342
-0.373364 -0.863180 -0.339881
-0.148989 -0.353967 -0.923315
0.001636 -0.001333 -0.999998
0.000018 -0.000009 -1.000000
0.000009 -0.000010 -1.000000
0.000009 -0.000010 -1.000000
0.000009 -0.000105 -1.000000
0.001636 -0.001333 -0.999998
0.001636 -0.001333 -0.999998
0.000009 -0.000105 -1.000000
0.000680 -0.002083 -0.999998
0.000680 -0.002083 -0.999998
0.003924 -0.018935 -0.999813
0.001636 -0.001333 -0.999998
0.001636 -0.001333 -0.999998
0.003924 -0.018935 -0.999813
0.076112 -0.430324 -0.899460
0.076112 -0.430324 -0.899460
-0.034030 -0.371241 -0.927913
0.001636 -0.001333 -0.999998
0.000680 -0.002083 -0.999998
0.000009 -0.000105 -1.000000
0.000008 -0.000022 -1.000000
0.000008 -0.000022 -1.000000
0.000018 -0.000094 -1.000000
0.000680 -0.002083 -0.999998
0.000680 -0.002083 -0.999998
0.000018 -0.000094 -1.000000
0.000140 -0.000208 -1.000000
0.000140 -0.000208 -1.000000
0.001707 -0.003123 -0.999994
0.000680 -0.002083 -0.999998
0.000680 -0.002083 -0.999998
0.001707 -0.003123 -0.999994
0.010168 -0.019986 -0.999749
0.010168 -0.019986 -0.999749
0.003924 -0.018935 -0.999813
0.000680 -0.002083 -0.999998
0.000140 -0.000208 -1.000000
0.000018 -0.000094 -1.000000
0.000001 -0.000002 -1.000000
0.000001 -0.000002 -1.000000
0.000003 -0.000006 -1.000000
0.000140 -0.000208 -1.000000
0.000140 -0.000208 -1.000000
0.000003 -0.000006 -1.000000
0.000016 -0.000009 -1.000000
0.000016 -0.000009 -1.000000
0.000411 -0.000347 -1.000000
0.000140 -0.000208 -1.000000
0.000140 -0.000208 -1.000000
0.000411 -0.000347 -1.000000
0.003530 -0.003626 -0.999987
0.003530 -0.003626 -0.999987
0.001707 -0.003123 -0.999994
0.000140 -0.000208 -1.000000
0.000016 -0.000009 -1.000000
0.000003 -0.000006 -1.000000
0.000000 -0.000000 -1.000000
0.000000 -0.000000 -1.000000
0.000000 0.000000 -1.000000
0.000016 -0.000009 -1.000000
0.000016 -0.000009 -1.000000
0.000000 0.000000 -1.000000
0.000001 -0.000000 -1.000000
0.000001 -0.000000 -1.000000
0.000059 -0.000038 -1.000000
0.000016 -0.000009 -1.000000
0.000016 -0.000009 -1.000000
0.000059 -0.000038 -1.000000
0.001076 -0.000591 -0.999999
0.001076 -0.000591 -0.999999
0.000411 -0.000347 -1.000000
0.000016 -0.000009 -1.000000
0.000000 -0.000000 -1.000000
0.000000 -0.000001 -1.000000
0.000000 -0.000001 -1.000000
0.000000 -0.000001 -1.000000
0.000001 -0.000001 -1.000000
0.000000 -0.000000 -1.000000
0.000000 -0.000000 -1.000000
0.000001 -0.000001 -1.000000
0.000001 -0.000001 -1.000000
0.000001 -0.000001 -1.000000
0.000000 0.000000 -1.000000
0.000000 -0.000000 -1.000000
0.000000 -0.000000 -1.000000
0.000003 -0.000006 -1.000000
0.000001 -0.000002 -1.000000
0.000001 -0.000002 -1.000000
0.000000 -0.000001 -1.000000
0.000000 -0.000000 -1.000000
0.000001 -0.000001 -1.000000
0.000000 -0.000001 -1.000000
0.000000 -0.000000 -1.000000
0.000000 -0.000000 -1.000000
0.000001 -0.000000 -1.000000
0.000001 -0.000001 -1.000000
0.000001 -0.000001 -1.000000
0.000001 -0.000000 -1.000000
0.000001 -0.000000 -1.000000
0.000001 -0.000000 -1.000000
0.000001 -0.000001 -1.000000
0.000001 -0.000001 -1.000000
0.000001 -0.000000 -1.000000
0.000000 -0.000000 -1.000000
0.000000 0.000000 -1.000000
0.000000 0.000000 -1.000000
0.000000 0.000000 -1.000000
0.000001 -0.000000 -1.000000
0.000001 -0.000000 -1.000000
0.000000 0.000000 -1.000000
0.000001 -0.000000 -1.000000
0.000001 -0.000000 -1.000000
0.000001 -0.000000 -1.000000
0.000001 -0.000000 -1.000000
0.000001 -0.000000 -1.000000
0.000000 0.000000 -1.000000
-0.000003 -0.000010 -1.000000
-0.000003 -0.000010 -1.000000
-0.000007 -0.000032 -1.000000
0.000001 -0.000000 -1.000000
0.000001 -0.000000 -1.000000
-0.000007 -0.000032 -1.000000
0.000009 -0.000057 -1.000000
0.000009 -0.000057 -1.000000
0.000001 -0.000001 -1.000000
0.000001 -0.000000 -1.000000
0.000001 -0.000000 -1.000000
0.000001 -0.000001 -1.000000
0.000001 0.000000 -1.000000
0.000001 0.000000 -1.000000
0.000001 -0.000000 -1.000000
0.000001 -0.000000 -1.000000
-0.000003 -0.000010 -1.000000
0.000000 0.000000 -1.000000
0.000000 0.000000 -1.000000
0.000000 0.000000 -1.000000
0.000001 -0.000001 -1.000000
-0.000003 -0.000010 -1.000000
-0.000003 -0.000010 -1.000000
0.000001 -0.000001 -1.000000
-0.000042 -0.000142 -1.000000
-0.000042 -0.000142 -1.000000
-0.000029 -0.000305 -1.000000
-0.000003 -0.000010 -1.000000
-0.000003 -0.000010 -1.000000
-0.000029 -0.000305 -1.000000
-0.000013 -0.000411 -1.000000
-0.000013 -0.000411 -1.000000
-0.000007 -0.000032 -1.000000
-0.000003 -0.000010 -1.000000
-0.000042 -0.000142 -1.000000
0.000001 -0.000001 -1.000000
-0.000000 -0.000000 -1.000000
-0.000000 -0.000000 -1.000000
0.000009 -0.000048 -1.000000
-0.000042 -0.000142 -1.000000
-0.000042 -0.000142 -1.000000
0.000009 -0.000048 -1.000000
0.000058 -0.001124 -0.999999
0.000058 -0.001124 -0.999999
-0.000256 -0.001801 -0.999998
-0.000042 -0.000142 -1.000000
-0.000042 -0.000142 -1.000000
-0.000256 -0.001801 -0.999998
-0.000068 -0.002697 -0.999996
-0.000068 -0.002697 -0.999996
-0.000029 -0.000305 -1.000000
-0.000042 -0.000142 -1.000000
0.000058 -0.001124 -0.999999
0.000009 -0.000048 -1.000000
0.000007 -0.000039 -1.000000
0.000007 -0.000039 -1.000000
0.000248 -0.000811 -1.000000
0.000058 -0.001124 -0.999999
0.000058 -0.001124 -0.999999
0.000248 -0.000811 -1.000000
0.001290 -0.006586 -0.999978
0.001290 -0.006586 -0.999978
0.000761 -0.008583 -0.999963
0.000058 -0.001124 -0.999999
0.000058 -0.001124 -0.999999
0.000761 -0.008583 -0.999963
0.000456 -0.011832 -0.999930
0.000456 -0.011832 -0.999930
-0.000256 -0.001801 -0.999998
0.000058 -0.001124 -0.999999
0.001290 -0.006586 -0.999978
0.000248 -0.000811 -1.000000
0.000146 -0.000580 -1.000000
0.000146 -0.000580 -1.000000
0.001599 -0.005056 -0.999986
0.001290 -0.006586 -0.999978
0.001290 -0.006586 -0.999978
0.001599 -0.005056 -0.999986
0.002901 -0.047586 -0.998863
0.002901 -0.047586 -0.998863
0.016782 -0.073796 -0.997132
0.001290 -0.006586 -0.999978
0.001290 -0.006586 -0.999978
0.016782 -0.073796 -0.997132
0.022077 -0.092684 -0.995451
0.022077 -0.092684 -0.995451
0.000761 -0.008583 -0.999963
0.001290 -0.006586 -0.999978
0.002901 -0.047586 -0.998863
0.001599 -0.005056 -0.999986
0.000474 -0.002525 -0.999997
0.000474 -0.002525 -0.999997
0.007730 -0.020222 -0.999766
0.002901 -0.047586 -0.998863
0.002901 -0.047586 -0.998863
0.007730 -0.020222 -0.999766
0.099755 -0.290623 -0.951623
0.099755 -0.290623 -0.951623
0.082096 -0.352100 -0.932355
0.002901 -0.047586 -0.998863
0.002901 -0.047586 -0.998863
0.082096 -0.352100 -0.932355
0.097404 -0.390358 -0.915496
0.097404 -0.390358 -0.915496
0.016782 -0.073796 -0.997132
0.002901 -0.047586 -0.998863
0.099755 -0.290623 -0.951623
0.007730 -0.020222 -0.999766
0.021599 -0.016965 -0.999623
0.021599 -0.016965 -0.999623
0.170041 -0.233517 -0.957369
0.099755 -0.290623 -0.951623
0.099755 -0.290623 -0.951623
0.170041 -0.233517 -0.957369
0.349698 -0.685878 -0.638187
0.349698 -0.685878 -0.638187
0.246431 -0.763680 -0.596712
0.099755 -0.290623 -0.951623
0.099755 -0.290623 -0.951623
0.246431 -0.763680 -0.596712
0.220257 -0.791277 -0.570410
0.220257 -0.791277 -0.570410
0.082096 -0.352100 -0.932355
0.099755 -0.290623 -0.951623
0.349698 -0.685878 -0.638187
0.170041 -0.233517 -0.957369
0.305362 -0.223402 -0.925659
0.305362 -0.223402 -0.925659
0.536709 -0.579684 -0.613115
0.349698 -0.685878 -0.638187
0.349698 -0.685878 -0.638187
0.536709 -0.579684 -0.613115
0.381979 -0.894156 -0.233619
0.381979 -0.894156 -0.233619
0.277338 -0.944396 -0.176636
0.349698 -0.685878 -0.638187
0.349698 -0.685878 -0.638187
0.277338 -0.944396 -0.176636
0.287301 -0.945321 -0.154359
0.287301 -0.945321 -0.154359
0.246431 -0.763680 -0.596712
0.349698 -0.685878 -0.638187
0.381979 -0.894156 -0.233619
0.536709 -0.579684 -0.613115
0.646754 -0.512354 -0.564981
0.646754 -0.512354 -0.564981
0.476551 -0.822104 -0.311518
0.381979 -0.894156 -0.233619
0.381979 -0.894156 -0.233619
0.476551 -0.822104 -0.311518
0.210683 -0.975408 -0.064741
0.210683 -0.975408 -0.064741
0.187114 -0.982108 -0.021266
0.381979 -0.894156 -0.233619
0.381979 -0.894156 -0.233619
0.187114 -0.982108 -0.021266
0.248093 -0.968667 -0.011616
0.248093 -0.968667 -0.011616
0.277338 -0.944396 -0.176636
0.381979 -0.894156 -0.233619
0.210683 -0.975408 -0.064741
0.476551 -0.822104 -0.311518
0.528165 -0.774836 -0.347377
0.528165 -0.774836 -0.347377
0.255214 -0.958555 -0.126647
0.210683 -0.975408 -0.064741
0.210683 -0.975408 -0.064741
0.255214 -0.958555 -0.126647
0.124274 -0.991958 -0.023972
0.124274 -0.991958 -0.023972
0.164412 -0.986380 -0.004779
0.210683 -0.975408 -0.064741
0.210683 -0.975408 -0.064741
0.164412 -0.986380 -0.004779
0.176614 -0.984267 -0.005163
0.176614 -0.984267 -0.005163
0.187114 -0.982108 -0.021266
0.210683 -0.975408 -0.064741
0.124274 -0.991958 -0.023972
0.255214 -0.958555 -0.126647
-0.050347 -0.988996 -0.139113
-0.050347 -0.988996 -0.139113
-0.326984 -0.945029 0.001598
0.124274 -0.991958 -0.023972
0.124274 -0.991958 -0.023972
-0.326984 -0.945029 0.001598
-0.430738 -0.901500 0.041982
-0.430738 -0.901500 0.041982
0.021664 -0.999702 0.011225
0.124274 -0.991958 -0.023972
0.124274 -0.991958 -0.023972
0.021664 -0.999702 0.011225
0.153356 -0.988170 -0.001637
0.153356 -0.988170 -0.001637
0.164412 -0.986380 -0.004779
0.124274 -0.991958 -0.023972
-0.430738 -0.901500 0.041982
-0.326984 -0.945029 0.001598
-0.851599 -0.513528 0.105208
-0.851599 -0.513528 0.105208
-0.768150 -0.634287 0.087321
-0.430738 -0.901500 0.041982
-0.430738 -0.901500 0.041982
-0.768150 -0.634287 0.087321
-0.682124 -0.730079 0.041131
-0.682124 -0.730079 0.041131
-0.456387 -0.889683 0.013223
-0.430738 -0.901500 0.041982
-0.430738 -0.901500 0.041982
-0.456387 -0.889683 0.013223
-0.040203 -0.999189 0.002080
-0.040203 -0.999189 0.002080
0.021664 -0.999702 0.011225
-0.430738 -0.901500 0.041982
-0.682124 -0.730079 0.041131
-0.768150 -0.634287 0.087321
-0.930134 -0.332469 0.155932
-0.930134 -0.332469 0.155932
-0.883868 -0.461570 0.075706
-0.682124 -0.730079 0.041131
-0.682124 -0.730079 0.041131
-0.883868 -0.461570 0.075706
-0.878090 -0.478112 -0.019141
-0.878090 -0.478112 -0.019141
-0.667729 -0.744370 -0.007223
-0.682124 -0.730079 0.041131
-0.682124 -0.730079 0.041131
-0.667729 -0.744370 -0.007223
-0.454531 -0.890730 -0.000607
-0.454531 -0.890730 -0.000607
-0.456387 -0.889683 0.013223
-0.682124 -0.730079 0.041131
-0.878090 -0.478112 -0.019141
-0.883868 -0.461570 0.075706
-0.987055 -0.130116 0.093769
-0.987055 -0.130116 0.093769
-0.988259 -0.150495 -0.026376
-0.878090 -0.478112 -0.019141
-0.878090 -0.478112 -0.019141
-0.988259 -0.150495 -0.026376
-0.985184 -0.104228 -0.136194
-0.985184 -0.104228 -0.136194
-0.901092 -0.423559 -0.092907
-0.878090 -0.478112 -0.019141
-0.878090 -0.478112 -0.019141
-0.901092 -0.423559 -0.092907
-0.699932 -0.712204 -0.053486
-0.699932 -0.712204 -0.053486
-0.667729 -0.744370 -0.007223
-0.878090 -0.478112 -0.019141
-0.985184 -0.104228 -0.136194
-0.988259 -0.150495 -0.026376
-0.995006 -0.095132 -0.030200
-0.995006 -0.095132 -0.030200
-0.984239 -0.071651 -0.161677
-0.985184 -0.104228 -0.136194
-0.985184 -0.104228 -0.136194
-0.984239 -0.071651 -0.161677
-0.961998 0.005774 -0.272997
-0.961998 0.005774 -0.272997
-0.974147 -0.005230 -0.225854
-0.985184 -0.104228 -0.136194
-0.985184 -0.104228 -0.136194
-0.974147 -0.005230 -0.225854
-0.943832 -0.264538 -0.197990
-0.943832 -0.264538 -0.197990
-0.901092 -0.423559 -0.092907
-0.985184 -0.104228 -0.136194
-0.961998 0.005774 -0.272997
-0.984239 -0.071651 -0.161677
-0.981155 -0.035505 -0.189934
-0.981155 -0.035505 -0.189934
-0.941628 0.044107 -0.333753
-0.961998 0.005774 -0.272997
-0.961998 0.005774 -0.272997
-0.941628 0.044107 -0.333753
-0.888326 0.185298 -0.420169
-0.888326 0.185298 -0.420169
-0.919345 0.144491 -0.365960
-0.961998 0.005774 -0.272997
-0.961998 0.005774 -0.272997
-0.919345 0.144491 -0.365960
-0.944711 0.076242 -0.318916
-0.944711 0.076242 -0.318916
-0.974147 -0.005230 -0.225854
-0.961998 0.005774 -0.272997
-0.981155 -0.035505 -0.189934
-0.996823 -0.072058 -0.033927
-0.998773 -0.031292 -0.038375
-0.998773 -0.031292 -0.038375
-0.972160 -0.002652 -0.234302
-0.981155 -0.035505 -0.189934
-0.981155 -0.035505 -0.189934
-0.972160 -0.002652 -0.234302
-0.920175 0.060807 -0.386755
-0.920175 0.060807 -0.386755
-0.941628 0.044107 -0.333753
-0.981155 -0.035505 -0.189934
-0.981155 -0.035505 -0.189934
-0.984239 -0.071651 -0.161677
-0.995006 -0.095132 -0.030200
-0.995006 -0.095132 -0.030200
-0.996823 -0.072058 -0.033927
-0.981155 -0.035505 -0.189934
-0.972160 -0.002652 -0.234302
-0.998773 -0.031292 -0.038375
-0.998883 0.001742 -0.047219
-0.998883 0.001742 -0.047219
-0.962852 0.031004 -0.268245
-0.972160 -0.002652 -0.234302
-0.972160 -0.002652 -0.234302
-0.962852 0.031004 -0.268245
-0.894687 0.103738 -0.434481
-0.894687 0.103738 -0.434481
-0.920175 0.060807 -0.386755
-0.972160 -0.002652 -0.234302
-0.962852 0.031004 -0.268245
-0.998883 0.001742 -0.047219
-0.998204 0.018554 -0.056968
-0.998204 0.018554 -0.056968
-0.953714 0.048192 -0.296829
-0.962852 0.031004 -0.268245
-0.962852 0.031004 -0.268245
-0.953714 0.048192 -0.296829
-0.864361 0.114954 -0.489557
-0.864361 0.114954 -0.489557
-0.894687 0.103738 -0.434481
-0.962852 0.031004 -0.268245
-0.953714 0.048192 -0.296829
-0.998204 0.018554 -0.056968
-0.997132 0.025450 -0.071271
-0.997132 0.025450 -0.071271
-0.946346 0.051675 -0.318998
-0.953714 0.048192 -0.296829
-0.953714 0.048192 -0.296829
-0.946346 0.051675 -0.318998
-0.843689 0.089844 -0.529261
-0.843689 0.089844 -0.529261
-0.864361 0.114954 -0.489557
-0.953714 0.048192 -0.296829
-0.997132 0.025450 -0.071271
-0.998204 0.018554 -0.056968
-0.984048 0.025698 0.176036
-0.984048 0.025698 0.176036
-0.983189 0.030156 0.180081
-0.997132 0.025450 -0.071271
-0.997132 0.025450 -0.071271
-0.983189 0.030156 0.180081
-0.982570 0.031751 0.183161
-0.982570 0.031751 0.183161
-0.995907 0.026366 -0.086447
-0.997132 0.025450 -0.071271
-0.997132 0.025450 -0.071271
-0.995907 0.026366 -0.086447
-0.940839 0.041886 -0.336255
-0.940839 0.041886 -0.336255
-0.946346 0.051675 -0.318998
-0.997132 0.025450 -0.071271
-0.982570 0.031751 0.183161
-0.983189 0.030156 0.180081
-0.905507 0.066658 0.419063
-0.905507 0.066658 0.419063
-0.900870 0.058915 0.430073
-0.982570 0.031751 0.183161
-0.982570 0.031751 0.183161
-0.900870 0.058915 0.430073
-0.896041 0.051789 0.440940
-0.896041 0.051789 0.440940
-0.982844 0.027810 0.182332
-0.982570 0.031751 0.183161
-0.982570 0.031751 0.183161
-0.982844 0.027810 0.182332
-0.995137 0.024455 -0.095422
-0.995137 0.024455 -0.095422
-0.995907 0.026366 -0.086447
-0.982570 0.031751 0.183161
-0.896041 0.051789 0.440940
-0.900870 0.058915 0.430073
-0.753883 0.094085 0.650237
-0.753883 0.094085 0.650237
-0.750170 0.076993 0.656747
-0.896041 0.051789 0.440940
-0.896041 0.051789 0.440940
-0.750170 0.076993 0.656747
-0.751995 0.045976 0.657563
-0.751995 0.045976 0.657563
-0.892698 0.041699 0.448723
-0.896041 0.051789 0.440940
-0.896041 0.051789 0.440940
-0.892698 0.041699 0.448723
-0.982962 0.025731 0.181998
-0.982962 0.025731 0.181998
-0.982844 0.027810 0.182332
-0.896041 0.051789 0.440940
-0.751995 0.045976 0.657563
-0.750170 0.076993 0.656747
-0.572488 0.079259 0.816073
-0.572488 0.079259 0.816073
-0.575378 0.031369 0.817286
-0.751995 0.045976 0.657563
-0.751995 0.045976 0.657563
-0.575378 0.031369 0.817286
-0.587772 -0.019886 0.808782
-0.587772 -0.019886 0.808782
-0.757335 0.013567 0.652886
-0.751995 0.045976 0.657563
-0.751995 0.045976 0.657563
-0.757335 0.013567 0.652886
-0.893393 0.022562 0.448710
-0.893393 0.022562 0.448710
-0.892698 0.041699 0.448723
-0.751995 0.045976 0.657563
-0.587772 -0.019886 0.808782
-0.575378 0.031369 0.817286
-0.391062 0.009900 0.920311
-0.391062 0.009900 0.920311
-0.393140 -0.054789 0.917845
-0.587772 -0.019886 0.808782
-0.587772 -0.019886 0.808782
-0.393140 -0.054789 0.917845
-0.397069 -0.097160 0.912631
-0.397069 -0.097160 0.912631
-0.599253 -0.066593 0.797786
-0.587772 -0.019886 0.808782
-0.587772 -0.019886 0.808782
-0.599253 -0.066593 0.797786
-0.761744 -0.031114 0.647131
-0.761744 -0.031114 0.647131
-0.757335 0.013567 0.652886
-0.587772 -0.019886 0.808782
-0.397069 -0.097160 0.912631
-0.393140 -0.054789 0.917845
-0.178349 -0.067568 0.981645
-0.178349 -0.067568 0.981645
-0.173122 -0.108843 0.978868
-0.397069 -0.097160 0.912631
-0.397069 -0.097160 0.912631
-0.173122 -0.108843 0.978868
-0.167020 -0.136087 0.976517
-0.167020 -0.136087 0.976517
-0.400666 -0.127512 0.907308
-0.397069 -0.097160 0.912631
-0.397069 -0.097160 0.912631
-0.400666 -0.127512 0.907308
-0.601491 -0.105029 0.791946
-0.601491 -0.105029 0.791946
-0.599253 -0.066593 0.797786
-0.397069 -0.097160 0.912631
-0.167020 -0.136087 0.976517
-0.173122 -0.108843 0.978868
0.084668 -0.092622 0.992095
0.084668 -0.092622 0.992095
0.089626 -0.118464 0.988905
-0.167020 -0.136087 0.976517
-0.167020 -0.136087 0.976517
0.089626 -0.118464 0.988905
0.096868 0.004548 0.995287
0.096868 0.004548 0.995287
-0.165134 -0.004661 0.986260
-0.167020 -0.136087 0.976517
-0.167020 -0.136087 0.976517
-0.165134 -0.004661 0.986260
-0.406371 -0.004696 0.913696
-0.406371 -0.004696 0.913696
-0.400666 -0.127512 0.907308
-0.167020 -0.136087 0.976517
0.096868 0.004548 0.995287
0.089626 -0.118464 0.988905
0.348156 -0.106230 0.931398
0.348156 -0.106230 0.931398
0.353607 0.028720 0.934953
0.096868 0.004548 0.995287
0.096868 0.004548 0.995287
0.353607 0.028720 0.934953
0.350165 0.175965 0.920011
0.350165 0.175965 0.920011
0.102359 0.145411 0.984062
0.096868 0.004548 0.995287
0.096868 0.004548 0.995287
0.102359 0.145411 0.984062
-0.160700 0.143322 0.976542
-0.160700 0.143322 0.976542
-0.165134 -0.004661 0.986260
0.096868 0.004548 0.995287
0.350165 0.175965 0.920011
0.353607 0.028720 0.934953
0.579327 0.039677 0.814129
0.579327 0.039677 0.814129
0.570935 0.181142 0.800763
0.350165 0.175965 0.920011
0.183360 -0.855229 0.484729
0.306798 -0.847868 0.432430
0.308722 -0.847752 0.431285
0.308722 -0.847752 0.431285
0.188725 -0.855336 0.482475
0.183360 -0.855229 0.484729
0.183360 -0.855229 0.484729
0.188725 -0.855336 0.482475
0.052450 -0.866433 0.496530
0.052450 -0.866433 0.496530
0.048575 -0.866818 0.496252
0.183360 -0.855229 0.484729
0.308722 -0.847752 0.431285
0.306798 -0.847868 0.432430
0.421032 -0.831702 0.361945
0.421032 -0.831702 0.361945
0.423544 -0.830588 0.361571
0.308722 -0.847752 0.431285
0.573299 -0.214970 0.790643
0.743310 -0.179339 0.644459
0.770701 -0.096050 0.629916
0.770701 -0.096050 0.629916
0.590299 -0.138967 0.795132
0.573299 -0.214970 0.790643
0.573299 -0.214970 0.790643
0.590299 -0.138967 0.795132
0.358514 -0.153345 0.920844
0.358514 -0.153345 0.920844
0.343628 -0.238938 0.908201
0.573299 -0.214970 0.790643
0.770701 -0.096050 0.629916
0.743310 -0.179339 0.644459
0.887393 -0.123332 0.444211
0.887393 -0.123332 0.444211
0.900812 -0.036351 0.432684
0.770701 -0.096050 0.629916
0.770701 -0.096050 0.629916
0.900812 -0.036351 0.432684
0.906788 0.036817 0.419977
0.906788 0.036817 0.419977
0.788665 -0.017195 0.614582
0.770701 -0.096050 0.629916
0.770701 -0.096050 0.629916
0.788665 -0.017195 0.614582
0.599976 -0.055232 0.798109
0.599976 -0.055232 0.798109
0.590299 -0.138967 0.795132
0.770701 -0.096050 0.629916
0.906788 0.036817 0.419977
0.900812 -0.036351 0.432684
0.980395 0.018356 0.196185
0.980395 0.018356 0.196185
0.977308 0.106871 0.182884
0.906788 0.036817 0.419977
-0.000002 1.000000 -0.000001
-0.000002 1.000000 -0.000000
-0.000002 1.000000 -0.000000
-0.000002 1.000000 -0.000000
-0.000003 1.000000 -0.000000
-0.000002 1.000000 -0.000001
-0.000002 1.000000 -0.000001
-0.000003 1.000000 -0.000000
-0.000002 1.000000 -0.000001
-0.000002 1.000000 -0.000001
-0.000003 1.000000 -0.000002
-0.000002 1.000000 -0.000001
-0.000002 1.000000 -0.000000
-0.000002 1.000000 -0.000000
-0.000002 1.000000 0.000000
-0.000002 1.000000 0.000000
-0.000002 1.000000 -0.000001
-0.000002 1.000000 -0.000000
-0.000002 1.000000 -0.000000
-0.000002 1.000000 -0.000001
-0.000002 1.000000 -0.000000
-0.000002 1.000000 -0.000000
-0.000002 1.000000 0.000001
-0.000002 1.000000 -0.000000
-0.000002 1.000000 -0.000000
-0.000002 1.000000 0.000001
-0.000002 1.000000 -0.000001
-0.000002 1.000000 -0.000001
-0.000003 1.000000 -0.000000
-0.000002 1.000000 -0.000000
-0.000002 1.000000 -0.000000
-0.000002 1.000000 -0.000001
-0.000003 1.000000 -0.000000
-0.000003 1.000000 -0.000000
-0.000001 1.000000 -0.000000
-0.000002 1.000000 -0.000000
-0.000002 1.000000 -0.000000
-0.000001 1.000000 -0.000000
-0.000001 1.000000 0.000000
-0.000001 1.000000 0.000000
-0.000001 1.000000 0.000000
-0.000002 1.000000 -0.000000
-0.000002 1.000000 -0.000000
-0.000001 1.000000 0.000000
-0.000000 1.000000 0.000000
-0.000000 1.000000 0.000000
-0.000002 1.000000 0.000001
-0.000002 1.000000 -0.000000
-0.000001 1.000000 0.000000
-0.000001 1.000000 -0.000000
-0.000001 1.000000 -0.000000
-0.000001 1.000000 -0.000000
-0.000001 1.000000 -0.000000
-0.000001 1.000000 0.000000
-0.000001 1.000000 0.000000
-0.000001 1.000000 -0.000000
0.000000 1.000000 0.000000
0.000000 1.000000 0.000000
0.000000 1.000000 0.000000
-0.000001 1.000000 0.000000
-0.000001 1.000000 0.000000
0.000000 1.000000 0.000000
0.000000 1.000000 0.000000
0.000000 1.000000 0.000000
-0.000001 1.000000 0.000000
-0.000001 1.000000 0.000000
0.000000 1.000000 0.000000
-0.000001 1.000000 -0.000000
0.000000 1.000000 0.000000
0.000000 1.000000 0.000000
0.000000 1.000000 0.000000
0.000000 1.000000 0.000000
0.000000 1.000000 0.000000
0.000000 1.000000 0.000000
0.000000 1.000000 0.000000
0.000000 1.000000 0.000000
0.000000 1.000000 0.000000
0.000000 1.000000 0.000000
0.000000 1.000000 0.000000
0.000000 1.000000 0.000000
0.000000 1.000000 0.000000
0.000000 1.000000 0.000000
0.000000 1.000000 0.000000
0.000000 1.000000 0.000000
0.000000 1.000000 0.000000
-0.000000 1.000000 0.000001
0.000000 1.000000 0.000001
0.000000 1.000000 0.000001
0.000000 1.000000 0.000000
0.000000 1.000000 0.000000
0.000000 1.000000 0.000000
0.000000 1.000000 0.000000
0.000000 1.000000 0.000000
0.000000 1.000000 0.000000
0.000000 1.000000 0.000000
0.000000 1.000000 0.000000
0.000000 1.000000 0.000000
0.000000 1.000000 0.000000
-0.000000 1.000000 0.000001
-0.000000 1.000000 0.000001
-0.000000 1.000000 0.000001
0.000000 1.000000 0.000000
-0.000000 1.000000 0.000001
-0.000001 1.000000 0.000002
-0.000000 1.000000 0.000003
-0.000000 1.000000 0.000003
-0.000000 1.000000 0.000001
-0.000000 1.000000 0.000001
-0.000000 1.000000 0.000001
0.000000 1.000000 0.000000
0.000000 1.000000 0.000000
0.000000 1.000000 0.000000
-0.000000 1.000000 0.000001
-0.000000 1.000000 0.000001
-0.000000 1.000000 0.000001
-0.000000 1.000000 0.000001
-0.000001 1.000000 0.000002
-0.000001 1.000000 0.000002
-0.000001 1.000000 0.000002
-0.000000 1.000000 0.000001
-0.000000 1.000000 0.000003
-0.000000 1.000000 0.000003
0.000001 1.000000 0.000003
0.000001 1.000000 0.000003
0.000000 1.000000 0.000003
-0.000000 1.000000 0.000003
-0.000000 1.000000 0.000003
0.000000 1.000000 0.000003
0.000000 1.000000 0.000001
0.000000 1.000000 0.000001
-0.000000 1.000000 0.000001
-0.000000 1.000000 0.000003
-0.000000 1.000000 0.000003
-0.000001 1.000000 0.000002
-0.000001 1.000000 0.000003
-0.000001 1.000000 0.000003
-0.000000 1.000000 0.000003
-0.000000 1.000000 0.000003
0.244398 -0.088952 -0.965586
0.229035 -0.162002 -0.959843
0.008007 -0.163361 -0.986534
0.008007 -0.163361 -0.986534
0.024877 -0.096036 -0.995067
0.244398 -0.088952 -0.965586
-0.000001 1.000000 0.000003
-0.000001 1.000000 0.000002
-0.000001 1.000000 0.000002
-0.000001 1.000000 0.000002
-0.000002 1.000000 0.000003
-0.000001 1.000000 0.000003
0.244398 -0.088952 -0.965586
0.460108 -0.073313 -0.884831
0.438911 -0.150847 -0.885778
0.438911 -0.150847 -0.885778
0.229035 -0.162002 -0.959843
0.244398 -0.088952 -0.965586
0.438911 -0.150847 -0.885778
0.415336 -0.229573 -0.880223
0.213608 -0.228775 -0.949755
0.213608 -0.228775 -0.949755
0.229035 -0.162002 -0.959843
0.438911 -0.150847 -0.885778
0.438911 -0.150847 -0.885778
0.460108 -0.073313 -0.884831
0.634310 -0.063410 -0.770474
0.634310 -0.063410 -0.770474
0.620641 -0.131580 -0.772975
0.438911 -0.150847 -0.885778
0.438911 -0.150847 -0.885778
0.620641 -0.131580 -0.772975
0.602651 -0.209113 -0.770119
0.602651 -0.209113 -0.770119
0.415336 -0.229573 -0.880223
0.438911 -0.150847 -0.885778
0.325965 -0.847517 -0.418881
0.319673 -0.847221 -0.424295
0.222937 -0.851700 -0.474243
0.222937 -0.851700 -0.474243
0.228445 -0.852480 -0.470203
0.325965 -0.847517 -0.418881
0.602651 -0.209113 -0.770119
0.620641 -0.131580 -0.772975
0.764194 -0.101460 -0.636957
0.764194 -0.101460 -0.636957
0.746312 -0.173425 -0.642606
0.602651 -0.209113 -0.770119
0.325965 -0.847517 -0.418881
0.420618 -0.831733 -0.362355
0.419694 -0.831575 -0.363785
0.419694 -0.831575 -0.363785
0.319673 -0.847221 -0.424295
0.325965 -0.847517 -0.418881
0.742350 0.162683 -0.649962
0.747104 0.048316 -0.662949
0.602618 0.030605 -0.797443
0.602618 0.030605 -0.797443
0.603334 0.149058 -0.783435
0.742350 0.162683 -0.649962
0.419694 -0.831575 -0.363785
0.420618 -0.831733 -0.362355
0.517529 -0.803518 -0.294147
0.517529 -0.803518 -0.294147
0.521665 -0.801771 -0.291597
0.419694 -0.831575 -0.363785
0.742350 0.162683 -0.649962
0.856406 0.174874 -0.485786
0.863360 0.070038 -0.499704
0.863360 0.070038 -0.499704
0.747104 0.048316 -0.662949
0.742350 0.162683 -0.649962
0.863360 0.070038 -0.499704
0.860399 -0.020701 -0.509201
0.740676 -0.042420 -0.670522
0.740676 -0.042420 -0.670522
0.747104 0.048316 -0.662949
0.863360 0.070038 -0.499704
0.863360 0.070038 -0.499704
0.856406 0.174874 -0.485786
0.936235 0.195313 -0.292089
0.936235 0.195313 -0.292089
0.950011 0.090332 -0.298863
0.863360 0.070038 -0.499704
0.863360 0.070038 -0.499704
0.950011 0.090332 -0.298863
0.952347 -0.010886 -0.304821
0.952347 -0.010886 -0.304821
0.860399 -0.020701 -0.509201
0.863360 0.070038 -0.499704
0.952347 -0.010886 -0.304821
0.952066 0.007784 -0.305795
0.857745 0.011671 -0.513944
0.857745 0.011671 -0.513944
0.860399 -0.020701 -0.509201
0.952347 -0.010886 -0.304821
0.952347 -0.010886 -0.304821
0.950011 0.090332 -0.298863
0.993509 0.102290 -0.049756
0.993509 0.102290 -0.049756
0.998749 -0.009240 -0.049146
0.952347 -0.010886 -0.304821
0.952347 -0.010886 -0.304821
0.998749 -0.009240 -0.049146
0.998924 -0.003828 -0.046229
0.998924 -0.003828 -0.046229
0.952066 0.007784 -0.305795
0.952347 -0.010886 -0.304821
0.998749 -0.009240 -0.049146
0.993509 0.102290 -0.049756
0.969475 0.099695 0.224007
0.969475 0.099695 0.224007
0.973507 -0.010380 0.228421
0.998749 -0.009240 -0.049146
0.998749 -0.009240 -0.049146
0.973507 -0.010380 0.228421
0.973212 -0.000774 0.229907
0.973212 -0.000774 0.229907
0.998924 -0.003828 -0.046229
0.998749 -0.009240 -0.049146
0.973212 -0.000774 0.229907
0.973673 0.007982 0.227808
0.999069 -0.005594 -0.042775
0.999069 -0.005594 -0.042775
0.998924 -0.003828 -0.046229
0.973212 -0.000774 0.229907
0.973212 -0.000774 0.229907
0.973507 -0.010380 0.228421
0.883974 -0.021468 0.467043
0.883974 -0.021468 0.467043
0.880361 -0.000946 0.474303
0.973212 -0.000774 0.229907
0.973212 -0.000774 0.229907
0.880361 -0.000946 0.474303
0.879017 0.030741 0.475798
0.879017 0.030741 0.475798
0.973673 0.007982 0.227808
0.973212 -0.000774 0.229907
0.880361 -0.000946 0.474303
0.883974 -0.021468 0.467043
0.747025 -0.049239 0.662969
0.747025 -0.049239 0.662969
0.743742 -0.018373 0.668214
0.880361 -0.000946 0.474303
0.880361 -0.000946 0.474303
0.743742 -0.018373 0.668214
0.729555 0.017180 0.683706
0.729555 0.017180 0.683706
0.879017 0.030741 0.475798
0.880361 -0.000946 0.474303
0.729555 0.017180 0.683706
0.711721 0.052902 0.700468
0.877245 0.043499 0.478068
0.877245 0.043499 0.478068
0.879017 0.030741 0.475798
0.729555 0.017180 0.683706
0.729555 0.017180 0.683706
0.743742 -0.018373 0.668214
0.557055 -0.048263 0.829072
0.557055 -0.048263 0.829072
0.549096 -0.017310 0.835580
0.729555 0.017180 0.683706
0.729555 0.017180 0.683706
0.549096 -0.017310 0.835580
0.526223 0.027341 0.849907
0.526223 0.027341 0.849907
0.711721 0.052902 0.700468
0.729555 0.017180 0.683706
0.526223 0.027341 0.849907
0.496405 0.069977 0.865266
0.699578 0.070679 0.711052
0.699578 0.070679 0.711052
0.711721 0.052902 0.700468
0.526223 0.027341 0.849907
0.526223 0.027341 0.849907
0.549096 -0.017310 0.835580
0.322069 -0.034818 0.946076
0.322069 -0.034818 0.946076
0.309573 -0.003915 0.950868
0.526223 0.027341 0.849907
0.526223 0.027341 0.849907
0.309573 -0.003915 0.950868
0.287425 0.050456 0.956473
0.287425 0.050456 0.956473
0.496405 0.069977 0.865266
0.526223 0.027341 0.849907
0.287425 0.050456 0.956473
0.264839 0.108378 0.958183
0.479502 0.109179 0.870723
0.479502 0.109179 0.870723
0.496405 0.069977 0.865266
0.287425 0.050456 0.956473
0.287425 0.050456 0.956473
0.309573 -0.003915 0.950868
0.053360 -0.011576 0.998508
0.053360 -0.011576 0.998508
0.046921 0.043177 0.997965
0.287425 0.050456 0.956473
0.287425 0.050456 0.956473
0.046921 0.043177 0.997965
0.039312 0.107467 0.993431
0.039312 0.107467 0.993431
0.264839 0.108378 0.958183
0.287425 0.050456 0.956473
0.039312 0.107467 0.993431
0.029516 0.165049 0.985844
0.251625 0.167868 0.953155
0.251625 0.167868 0.953155
0.264839 0.108378 0.958183
0.039312 0.107467 0.993431
0.039312 0.107467 0.993431
0.046921 0.043177 0.997965
-0.181287 0.052424 0.982032
-0.181287 0.052424 0.982032
-0.183105 0.112452 0.976641
0.039312 0.107467 0.993431
0.039312 0.107467 0.993431
-0.183105 0.112452 0.976641
-0.183794 0.168109 0.968483
-0.183794 0.168109 0.968483
0.029516 0.165049 0.985844
0.039312 0.107467 0.993431
-0.183794 0.168109 0.968483
-0.185496 0.229540 0.955459
0.021547 0.232381 0.972386
0.021547 0.232381 0.972386
0.029516 0.165049 0.985844
-0.183794 0.168109 0.968483
-0.183794 0.168109 0.968483
-0.183105 0.112452 0.976641
-0.381189 0.118125 0.916919
-0.381189 0.118125 0.916919
-0.383376 0.167821 0.908217
-0.183794 0.168109 0.968483
-0.183794 0.168109 0.968483
-0.383376 0.167821 0.908217
-0.386707 0.221946 0.895097
-0.386707 0.221946 0.895097
-0.185496 0.229540 0.955459
-0.183794 0.168109 0.968483
-0.386707 0.221946 0.895097
-0.390661 0.287478 0.874495
-0.190602 0.302171 0.934004
-0.190602 0.302171 0.934004
-0.185496 0.229540 0.955459
-0.386707 0.221946 0.895097
-0.386707 0.221946 0.895097
-0.383376 0.167821 0.908217
-0.578152 0.155502 0.800974
-0.578152 0.155502 0.800974
-0.589046 0.197091 0.783696
-0.386707 0.221946 0.895097
-0.386707 0.221946 0.895097
-0.589046 0.197091 0.783696
-0.606225 0.250660 0.754759
-0.606225 0.250660 0.754759
-0.390661 0.287478 0.874495
-0.386707 0.221946 0.895097
-0.589046 0.197091 0.783696
-0.578152 0.155502 0.800974
-0.763256 0.117275 0.635363
-0.763256 0.117275 0.635363
-0.777626 0.137575 0.613491
-0.589046 0.197091 0.783696
-0.589046 0.197091 0.783696
-0.777626 0.137575 0.613491
-0.791982 0.175140 0.584885
-0.791982 0.175140 0.584885
-0.606225 0.250660 0.754759
-0.589046 0.197091 0.783696
-0.777626 0.137575 0.613491
-0.763256 0.117275 0.635363
-0.905507 0.066658 0.419063
-0.905507 0.066658 0.419063
-0.912088 0.067692 0.404369
-0.777626 0.137575 0.613491
-0.777626 0.137575 0.613491
-0.912088 0.067692 0.404369
-0.923247 0.081120 0.375546
-0.923247 0.081120 0.375546
-0.791982 0.175140 0.584885
-0.777626 0.137575 0.613491
-0.912088 0.067692 0.404369
-0.905507 0.066658 0.419063
-0.983189 0.030156 0.180081
-0.983189 0.030156 0.180081
-0.984048 0.025698 0.176036
-0.912088 0.067692 0.404369
-0.912088 0.067692 0.404369
-0.984048 0.025698 0.176036
-0.986440 0.017647 0.163173
-0.986440 0.017647 0.163173
-0.923247 0.081120 0.375546
-0.912088 0.067692 0.404369
-0.986440 0.017647 0.163173
-0.989871 -0.018966 0.140700
-0.937093 0.027687 0.347981
-0.937093 0.027687 0.347981
-0.923247 0.081120 0.375546
-0.986440 0.017647 0.163173
-0.986440 0.017647 0.163173
-0.984048 0.025698 0.176036
-0.998204 0.018554 -0.056968
-0.998204 0.018554 -0.056968
-0.998883 0.001742 -0.047219
-0.986440 0.017647 0.163173
-0.986440 0.017647 0.163173
-0.998883 0.001742 -0.047219
-0.998773 -0.031292 -0.038375
-0.998773 -0.031292 -0.038375
-0.989871 -0.018966 0.140700
-0.986440 0.017647 0.163173
-0.989871 -0.018966 0.140700
-0.991410 -0.054931 0.118692
-0.954528 0.006245 0.298055
-0.954528 0.006245 0.298055
-0.937093 0.027687 0.347981
-0.989871 -0.018966 0.140700
-0.989871 -0.018966 0.140700
-0.998773 -0.031292 -0.038375
-0.996823 -0.072058 -0.033927
-0.996823 -0.072058 -0.033927
-0.991410 -0.054931 0.118692
-0.989871 -0.018966 0.140700
-0.991410 -0.054931 0.118692
-0.990655 -0.086985 0.105049
-0.971670 -0.019984 0.235494
-0.971670 -0.019984 0.235494
-0.954528 0.006245 0.298055
-0.991410 -0.054931 0.118692
-0.991410 -0.054931 0.118692
-0.996823 -0.072058 -0.033927
-0.995006 -0.095132 -0.030200
-0.995006 -0.095132 -0.030200
-0.990655 -0.086985 0.105049
-0.991410 -0.054931 0.118692
-0.971670 -0.019984 0.235494
-0.937937 0.095749 0.333327
-0.906931 0.171601 0.384746
-0.906931 0.171601 0.384746
-0.954528 0.006245 0.298055
-0.971670 -0.019984 0.235494
-0.971670 -0.019984 0.235494
-0.990655 -0.086985 0.105049
-0.987055 -0.130116 0.093769
-0.987055 -0.130116 0.093769
-0.979439 -0.055335 0.194002
-0.971670 -0.019984 0.235494
-0.971670 -0.019984 0.235494
-0.979439 -0.055335 0.194002
-0.955035 0.050096 0.292230
-0.955035 0.050096 0.292230
-0.937937 0.095749 0.333327
-0.971670 -0.019984 0.235494
-0.955035 0.050096 0.292230
-0.915658 0.183770 0.357489
-0.878133 0.208027 0.430822
-0.878133 0.208027 0.430822
-0.937937 0.095749 0.333327
-0.955035 0.050096 0.292230
-0.955035 0.050096 0.292230
-0.979439 -0.055335 0.194002
-0.930134 -0.332469 0.155932
-0.930134 -0.332469 0.155932
-0.967438 -0.139504 0.211194
-0.955035 0.050096 0.292230
-0.955035 0.050096 0.292230
-0.967438 -0.139504 0.211194
-0.961471 0.029285 0.273343
-0.961471 0.029285 0.273343
-0.915658 0.183770 0.357489
-0.955035 0.050096 0.292230
-0.961471 0.029285 0.273343
-0.940881 0.145161 0.306058
-0.866580 0.263217 0.423976
-0.866580 0.263217 0.423976
-0.915658 0.183770 0.357489
-0.961471 0.029285 0.273343
-0.961471 0.029285 0.273343
-0.967438 -0.139504 0.211194
-0.851599 -0.513528 0.105208
-0.851599 -0.513528 0.105208
-0.836879 -0.544554 0.055628
-0.961471 0.029285 0.273343
-0.961471 0.029285 0.273343
-0.836879 -0.544554 0.055628
-0.739028 -0.660658 -0.131791
-0.739028 -0.660658 -0.131791
-0.940881 0.145161 0.306058
-0.961471 0.029285 0.273343
-0.739028 -0.660658 -0.131791
-0.418263 -0.644647 -0.639911
-0.971543 0.070856 0.226015
-0.971543 0.070856 0.226015
-0.940881 0.145161 0.306058
-0.739028 -0.660658 -0.131791
-0.739028 -0.660658 -0.131791
-0.836879 -0.544554 0.055628
-0.050347 -0.988996 -0.139113
-0.050347 -0.988996 -0.139113
0.346522 -0.844388 -0.408572
-0.739028 -0.660658 -0.131791
-0.739028 -0.660658 -0.131791
0.346522 -0.844388 -0.408572
0.590204 -0.506957 -0.628215
0.590204 -0.506957 -0.628215
-0.418263 -0.644647 -0.639911
-0.739028 -0.660658 -0.131791
0.590204 -0.506957 -0.628215
0.498196 -0.358004 -0.789705
-0.260795 -0.375097 -0.889544
-0.260795 -0.375097 -0.889544
-0.418263 -0.644647 -0.639911
0.590204 -0.506957 -0.628215
0.590204 -0.506957 -0.628215
0.346522 -0.844388 -0.408572
0.528165 -0.774836 -0.347377
0.528165 -0.774836 -0.347377
0.681908 -0.472577 -0.558276
0.590204 -0.506957 -0.628215
0.590204 -0.506957 -0.628215
0.681908 -0.472577 -0.558276
0.499628 -0.278430 -0.820274
0.499628 -0.278430 -0.820274
0.498196 -0.358004 -0.789705
0.590204 -0.506957 -0.628215
0.499628 -0.278430 -0.820274
0.161620 -0.152206 -0.975045
0.286349 -0.187998 -0.939500
0.286349 -0.187998 -0.939500
0.498196 -0.358004 -0.789705
0.499628 -0.278430 -0.820274
0.499628 -0.278430 -0.820274
0.681908 -0.472577 -0.558276
0.646754 -0.512354 -0.564981
0.646754 -0.512354 -0.564981
0.484467 -0.212851 -0.848520
0.499628 -0.278430 -0.820274
0.499628 -0.278430 -0.820274
0.484467 -0.212851 -0.848520
0.123682 -0.080925 -0.989017
0.123682 -0.080925 -0.989017
0.161620 -0.152206 -0.975045
0.499628 -0.278430 -0.820274
0.123682 -0.080925 -0.989017
0.012163 -0.017200 -0.999778
0.020395 -0.027761 -0.999407
0.020395 -0.027761 -0.999407
0.161620 -0.152206 -0.975045
0.123682 -0.080925 -0.989017
0.123682 -0.080925 -0.989017
0.484467 -0.212851 -0.848520
0.305362 -0.223402 -0.925659
0.305362 -0.223402 -0.925659
0.055930 -0.025886 -0.998099
0.123682 -0.080925 -0.989017
0.123682 -0.080925 -0.989017
0.055930 -0.025886 -0.998099
0.012480 -0.009844 -0.999874
0.012480 -0.009844 -0.999874
0.012163 -0.017200 -0.999778
0.123682 -0.080925 -0.989017
0.012480 -0.009844 -0.999874
0.000959 -0.001541 -0.999998
0.002587 -0.002481 -0.999994
0.002587 -0.002481 -0.999994
0.012163 -0.017200 -0.999778
0.012480 -0.009844 -0.999874
0.012480 -0.009844 -0.999874
0.055930 -0.025886 -0.998099
0.021599 -0.016965 -0.999623
0.021599 -0.016965 -0.999623
0.003486 -0.001854 -0.999992
0.012480 -0.009844 -0.999874
0.012480 -0.009844 -0.999874
0.003486 -0.001854 -0.999992
0.000906 -0.000789 -0.999999
0.000906 -0.000789 -0.999999
0.000959 -0.001541 -0.999998
0.012480 -0.009844 -0.999874
0.000906 -0.000789 -0.999999
0.000033 -0.000057 -1.000000
0.000106 -0.000119 -1.000000
0.000106 -0.000119 -1.000000
0.000959 -0.001541 -0.999998
0.000906 -0.000789 -0.999999
0.000906 -0.000789 -0.999999
0.003486 -0.001854 -0.999992
0.000474 -0.002525 -0.999997
0.000474 -0.002525 -0.999997
0.000134 -0.000303 -1.000000
0.000906 -0.000789 -0.999999
0.000906 -0.000789 -0.999999
0.000134 -0.000303 -1.000000
0.000027 -0.000028 -1.000000
0.000027 -0.000028 -1.000000
0.000033 -0.000057 -1.000000
0.000906 -0.000789 -0.999999
0.000027 -0.000028 -1.000000
-0.000001 -0.000000 -1.000000
0.000001 -0.000003 -1.000000
0.000001 -0.000003 -1.000000
0.000033 -0.000057 -1.000000
0.000027 -0.000028 -1.000000
0.000027 -0.000028 -1.000000
0.000134 -0.000303 -1.000000
0.000146 -0.000580 -1.000000
0.000146 -0.000580 -1.000000
0.000004 -0.000025 -1.000000
0.000027 -0.000028 -1.000000
0.000027 -0.000028 -1.000000
0.000004 -0.000025 -1.000000
-0.000001 -0.000000 -1.000000
-0.000001 -0.000000 -1.000000
-0.000001 -0.000000 -1.000000
0.000027 -0.000028 -1.000000
-0.000001 -0.000000 -1.000000
-0.000001 -0.000000 -1.000000
-0.000001 -0.000000 -1.000000
-0.000001 -0.000000 -1.000000
-0.000001 -0.000000 -1.000000
-0.000001 -0.000000 -1.000000
-0.000001 -0.000000 -1.000000
0.000004 -0.000025 -1.000000
0.000007 -0.000039 -1.000000
0.000007 -0.000039 -1.000000
-0.000001 0.000000 -1.000000
-0.000001 -0.000000 -1.000000
-0.000001 -0.000000 -1.000000
-0.000001 0.000000 -1.000000
-0.000000 -0.000000 -1.000000
-0.000000 -0.000000 -1.000000
-0.000001 -0.000000 -1.000000
-0.000001 -0.000000 -1.000000
-0.000000 -0.000000 -1.000000
-0.000001 -0.000000 -1.000000
-0.000000 -0.000000 -1.000000
-0.000000 -0.000000 -1.000000
-0.000001 -0.000000 -1.000000
-0.000000 -0.000000 -1.000000
-0.000000 -0.000000 -1.000000
-0.000001 0.000000 -1.000000
-0.000000 -0.000000 -1.000000
-0.000000 -0.000000 -1.000000
0.000000 0.000000 -1.000000
-0.000000 -0.000000 -1.000000
-0.000000 -0.000000 -1.000000
0.000000 0.000000 -1.000000
-0.000000 -0.000000 -1.000000
-0.000000 -0.000000 -1.000000
-0.000001 -0.000000 -1.000000
-0.000000 -0.000000 -1.000000
-0.000000 -0.000000 -1.000000
0.000000 0.000000 -1.000000
0.000000 0.000000 -1.000000
0.000000 0.000000 -1.000000
0.000000 -0.000000 -1.000000
-0.000000 -0.000000 -1.000000
-0.000000 -0.000000 -1.000000
0.000000 -0.000000 -1.000000
0.000000 -0.000001 -1.000000
0.000000 -0.000001 -1.000000
-0.000000 -0.000001 -1.000000
-0.000000 -0.000000 -1.000000
-0.000000 -0.000000 -1.000000
-0.000000 -0.000001 -1.000000
-0.000000 -0.000001 -1.000000
-0.000000 -0.000001 -1.000000
-0.000001 -0.000000 -1.000000
-0.000000 -0.000000 -1.000000
-0.000000 -0.000001 -1.000000
-0.000001 -0.000001 -1.000000
-0.000000 -0.000000 -1.000000
-0.000000 -0.000000 -1.000000
-0.000001 -0.000000 -1.000000
-0.000000 -0.000001 -1.000000
-0.000000 -0.000001 -1.000000
-0.000000 -0.000001 -1.000000
-0.000000 -0.000001 -1.000000
-0.000000 -0.000001 -1.000000
-0.000000 -0.000001 -1.000000
-0.000000 -0.000001 -1.000000
-0.000000 -0.000001 -1.000000
-0.000000 -0.000001 -1.000000
-0.000000 -0.000000 -1.000000
-0.000000 -0.000000 -1.000000
-0.000001 -0.000001 -1.000000
-0.000000 -0.000001 -1.000000
-0.000000 -0.000000 -1.000000
-0.000000 -0.000000 -1.000000
-0.000001 -0.000000 -1.000000
-0.000001 -0.000000 -1.000000
-0.000001 -0.000001 -1.000000
-0.000000 -0.000000 -1.000000
-0.000000 -0.000000 -1.000000
-0.000000 -0.000001 -1.000000
0.000000 0.000000 -1.000000
0.000000 0.000000 -1.000000
0.000000 0.000000 -1.000000
-0.000000 -0.000000 -1.000000
-0.000000 -0.000000 -1.000000
0.000000 0.000000 -1.000000
-0.000000 0.000000 -1.000000
-0.000000 0.000000 -1.000000
-0.000000 -0.000000 -1.000000
-0.000000 -0.000000 -1.000000
-0.000000 0.000000 -1.000000
-0.000000 -0.000000 -1.000000
-0.000000 0.000000 -1.000000
-0.000000 0.000000 -1.000000
-0.000000 -0.000000 -1.000000
-0.000000 0.000000 -1.000000
-0.000000 0.000000 -1.000000
0.000000 0.000000 -1.000000
0.000000 0.000000 -1.000000
0.000000 0.000000 -1.000000
-0.000000 0.000000 -1.000000
-0.000000 0.000000 -1.000000
-0.000000 0.000000 -1.000000
-0.000000 0.000000 -1.000000
-0.000024 0.000010 -1.000000
-0.000024 0.000010 -1.000000
-0.000000 -0.000000 -1.000000
-0.000000 0.000000 -1.000000
-0.000024 0.000010 -1.000000
-0.000155 -0.000069 -1.000000
0.000008 -0.000020 -1.000000
0.000008 -0.000020 -1.000000
-0.000000 -0.000000 -1.000000
-0.000024 0.000010 -1.000000
-0.000024 0.000010 -1.000000
-0.000000 0.000000 -1.000000
-0.000001 0.000000 -1.000000
-0.000001 0.000000 -1.000000
-0.000064 0.000018 -1.000000
-0.000024 0.000010 -1.000000
-0.000024 0.000010 -1.000000
-0.000064 0.000018 -1.000000
-0.003450 0.000216 -0.999994
-0.003450 0.000216 -0.999994
-0.000155 -0.000069 -1.000000
-0.000024 0.000010 -1.000000
-0.003450 0.000216 -0.999994
-0.009615 -0.001458 -0.999953
-0.000081 -0.000870 -1.000000
-0.000081 -0.000870 -1.000000
-0.000155 -0.000069 -1.000000
-0.003450 0.000216 -0.999994
-0.003450 0.000216 -0.999994
-0.000064 0.000018 -1.000000
-0.012841 0.008133 -0.999884
-0.012841 0.008133 -0.999884
-0.144038 -0.030050 -0.989116
-0.003450 0.000216 -0.999994
-0.003450 0.000216 -0.999994
-0.144038 -0.030050 -0.989116
-0.253210 0.005018 -0.967398
-0.253210 0.005018 -0.967398
-0.009615 -0.001458 -0.999953
-0.003450 0.000216 -0.999994
-0.253210 0.005018 -0.967398
-0.306417 0.001287 -0.951897
0.006195 -0.013315 -0.999892
0.006195 -0.013315 -0.999892
-0.009615 -0.001458 -0.999953
-0.253210 0.005018 -0.967398
-0.253210 0.005018 -0.967398
-0.144038 -0.030050 -0.989116
-0.808343 -0.148081 -0.569784
-0.808343 -0.148081 -0.569784
-0.883776 0.007488 -0.467851
-0.253210 0.005018 -0.967398
-0.253210 0.005018 -0.967398
-0.883776 0.007488 -0.467851
-0.935690 0.074656 -0.344835
-0.935690 0.074656 -0.344835
-0.306417 0.001287 -0.951897
-0.253210 0.005018 -0.967398
-0.808343 -0.148081 -0.569784
-0.144038 -0.030050 -0.989116
-0.012841 0.008133 -0.999884
-0.012841 0.008133 -0.999884
-0.549391 -0.229049 -0.803559
-0.808343 -0.148081 -0.569784
-0.808343 -0.148081 -0.569784
-0.549391 -0.229049 -0.803559
-0.913587 -0.398806 -0.079453
-0.913587 -0.398806 -0.079453
-0.974649 -0.173309 0.141500
-0.808343 -0.148081 -0.569784
-0.808343 -0.148081 -0.569784
-0.974649 -0.173309 0.141500
-0.975416 -0.000860 0.220368
-0.975416 -0.000860 0.220368
-0.883776 0.007488 -0.467851
-0.808343 -0.148081 -0.569784
-0.974649 -0.173309 0.141500
-0.913587 -0.398806 -0.079453
-0.881039 -0.381612 0.279539
-0.881039 -0.381612 0.279539
-0.935291 -0.160371 0.315454
-0.974649 -0.173309 0.141500
-0.974649 -0.173309 0.141500
-0.935291 -0.160371 0.315454
-0.916715 0.009630 0.399425
-0.916715 0.009630 0.399425
-0.975416 -0.000860 0.220368
-0.974649 -0.173309 0.141500
-0.549391 -0.229049 -0.803559
-0.012841 0.008133 -0.999884
-0.000002 0.000002 -1.000000
-0.000002 0.000002 -1.000000
-0.407789 -0.311602 -0.858261
-0.549391 -0.229049 -0.803559
-0.549391 -0.229049 -0.803559
-0.407789 -0.311602 -0.858261
-0.781722 -0.595272 -0.185908
-0.781722 -0.595272 -0.185908
-0.913587 -0.398806 -0.079453
-0.549391 -0.229049 -0.803559
-0.000002 0.000002 -1.000000
-0.012841 0.008133 -0.999884
-0.000064 0.000018 -1.000000
-0.000064 0.000018 -1.000000
-0.000001 0.000000 -1.000000
-0.000002 0.000002 -1.000000
-0.000002 0.000002 -1.000000
-0.000001 0.000000 -1.000000
0.000000 0.000000 -1.000000
0.000000 0.000000 -1.000000
0.000000 0.000000 -1.000000
-0.000002 0.000002 -1.000000
-0.000002 0.000002 -1.000000
0.000000 0.000000 -1.000000
-0.267671 -0.350897 -0.897342
-0.267671 -0.350897 -0.897342
-0.407789 -0.311602 -0.858261
-0.000002 0.000002 -1.000000
0.000000 0.000000 -1.000000
-0.000001 0.000000 -1.000000
-0.000000 0.000000 -1.000000
-0.000000 0.000000 -1.000000
0.000000 0.000000 -1.000000
0.000000 0.000000 -1.000000
0.000000 0.000000 -1.000000
0.000000 0.000000 -1.000000
0.000001 -0.000002 -1.000000
0.000001 -0.000002 -1.000000
0.000009 -0.000010 -1.000000
0.000000 0.000000 -1.000000
0.000000 0.000000 -1.000000
0.000009 -0.000010 -1.000000
0.000018 -0.000009 -1.000000
0.000018 -0.000009 -1.000000
0.000000 0.000000 -1.000000
0.000000 0.000000 -1.000000
0.000001 -0.000002 -1.000000
0.000000 0.000000 -1.000000
0.000000 0.000000 -1.000000
0.000000 0.000000 -1.000000
0.000000 0.000000 -1.000000
0.000001 -0.000002 -1.000000
0.000001 -0.000002 -1.000000
0.000000 0.000000 -1.000000
0.000000 -0.000001 -1.000000
0.000000 -0.000001 -1.000000
0.000008 -0.000022 -1.000000
0.000001 -0.000002 -1.000000
0.000001 -0.000002 -1.000000
0.000008 -0.000022 -1.000000
0.000009 -0.000105 -1.000000
0.000009 -0.000105 -1.000000
0.000009 -0.000010 -1.000000
0.000001 -0.000002 -1.000000
0.000000 -0.000001 -1.000000
0.000000 0.000000 -1.000000
-0.000000 -0.000001 -1.000000
-0.000000 -0.000001 -1.000000
-0.000000 -0.000001 -1.000000
0.000000 -0.000001 -1.000000
0.000000 -0.000001 -1.000000
-0.000000 -0.000001 -1.000000
0.000000 -0.000001 -1.000000
0.000000 -0.000001 -1.000000
0.000001 -0.000002 -1.000000
0.000000 -0.000001 -1.000000
0.000000 -0.000001 -1.000000
0.000001 -0.000002 -1.000000
0.000018 -0.000094 -1.000000
0.000018 -0.000094 -1.000000
0.000008 -0.000022 -1.000000
0.000000 -0.000001 -1.000000
0.006195 -0.013315 -0.999892
0.084088 -0.064908 -0.994342
0.020395 -0.027761 -0.999407
0.020395 -0.027761 -0.999407
0.003564 -0.003697 -0.999987
0.006195 -0.013315 -0.999892
0.006195 -0.013315 -0.999892
0.003564 -0.003697 -0.999987
-0.000081 -0.000870 -1.000000
-0.000081 -0.000870 -1.000000
-0.009615 -0.001458 -0.999953
0.006195 -0.013315 -0.999892
0.006195 -0.013315 -0.999892
-0.306417 0.001287 -0.951897
-0.238277 -0.064666 -0.969042
-0.238277 -0.064666 -0.969042
0.084088 -0.064908 -0.994342
0.006195 -0.013315 -0.999892
0.003564 -0.003697 -0.999987
0.020395 -0.027761 -0.999407
0.012163 -0.017200 -0.999778
0.012163 -0.017200 -0.999778
0.002587 -0.002481 -0.999994
0.003564 -0.003697 -0.999987
0.003564 -0.003697 -0.999987
0.002587 -0.002481 -0.999994
0.000328 -0.000405 -1.000000
0.000328 -0.000405 -1.000000
-0.000081 -0.000870 -1.000000
0.003564 -0.003697 -0.999987
0.000328 -0.000405 -1.000000
0.002587 -0.002481 -0.999994
0.000959 -0.001541 -0.999998
0.000959 -0.001541 -0.999998
0.000106 -0.000119 -1.000000
0.000328 -0.000405 -1.000000
0.000328 -0.000405 -1.000000
0.000106 -0.000119 -1.000000
0.000011 -0.000010 -1.000000
0.000011 -0.000010 -1.000000
0.000008 -0.000020 -1.000000
0.000328 -0.000405 -1.000000
0.000328 -0.000405 -1.000000
0.000008 -0.000020 -1.000000
-0.000155 -0.000069 -1.000000
-0.000155 -0.000069 -1.000000
-0.000081 -0.000870 -1.000000
0.000328 -0.000405 -1.000000
0.000011 -0.000010 -1.000000
0.000106 -0.000119 -1.000000
0.000033 -0.000057 -1.000000
0.000033 -0.000057 -1.000000
0.000001 -0.000003 -1.000000
0.000011 -0.000010 -1.000000
0.000011 -0.000010 -1.000000
0.000001 -0.000003 -1.000000
-0.000001 0.000000 -1.000000
-0.000001 0.000000 -1.000000
-0.000000 0.000000 -1.000000
0.000011 -0.000010 -1.000000
0.000011 -0.000010 -1.000000
-0.000000 0.000000 -1.000000
-0.000000 -0.000000 -1.000000
-0.000000 -0.000000 -1.000000
0.000008 -0.000020 -1.000000
0.000011 -0.000010 -1.000000
0.084088 -0.064908 -0.994342
-0.238277 -0.064666 -0.969042
-0.190183 -0.198797 -0.961411
-0.190183 -0.198797 -0.961411
0.286349 -0.187998 -0.939500
0.084088 -0.064908 -0.994342
0.084088 -0.064908 -0.994342
0.286349 -0.187998 -0.939500
0.161620 -0.152206 -0.975045
0.161620 -0.152206 -0.975045
0.020395 -0.027761 -0.999407
0.084088 -0.064908 -0.994342
-0.000000 0.000000 -1.000000
-0.000001 0.000000 -1.000000
-0.000001 -0.000000 -1.000000
-0.000001 -0.000000 -1.000000
-0.000000 -0.000000 -1.000000
-0.000000 0.000000 -1.000000
-0.000000 -0.000001 -1.000000
-0.000000 -0.000001 -1.000000
0.000000 -0.000001 -1.000000
0.000000 -0.000001 -1.000000
0.000000 -0.000001 -1.000000
-0.000000 -0.000001 -1.000000
0.000000 0.000000 -1.000000
-0.000000 -0.000000 -1.000000
0.000001 -0.000001 -1.000000
0.000001 -0.000001 -1.000000
0.000000 0.000000 -1.000000
0.000000 0.000000 -1.000000
-0.000001 0.000000 -1.000000
0.000007 -0.000039 -1.000000
0.000009 -0.000048 -1.000000
0.000009 -0.000048 -1.000000
-0.000000 -0.000000 -1.000000
-0.000001 0.000000 -1.000000
0.000004 -0.000025 -1.000000
0.000146 -0.000580 -1.000000
0.000248 -0.000811 -1.000000
0.000248 -0.000811 -1.000000
0.000007 -0.000039 -1.000000
0.000004 -0.000025 -1.000000
0.000001 -0.000003 -1.000000
-0.000001 -0.000000 -1.000000
-0.000001 -0.000000 -1.000000
-0.000001 -0.000000 -1.000000
-0.000001 0.000000 -1.000000
0.000001 -0.000003 -1.000000
0.000134 -0.000303 -1.000000
0.000474 -0.002525 -0.999997
0.001599 -0.005056 -0.999986
0.001599 -0.005056 -0.999986
0.000146 -0.000580 -1.000000
0.000134 -0.000303 -1.000000
0.003486 -0.001854 -0.999992
0.021599 -0.016965 -0.999623
0.007730 -0.020222 -0.999766
0.007730 -0.020222 -0.999766
0.000474 -0.002525 -0.999997
0.003486 -0.001854 -0.999992
0.055930 -0.025886 -0.998099
0.305362 -0.223402 -0.925659
0.170041 -0.233517 -0.957369
0.170041 -0.233517 -0.957369
0.021599 -0.016965 -0.999623
0.055930 -0.025886 -0.998099
0.484467 -0.212851 -0.848520
0.646754 -0.512354 -0.564981
0.536709 -0.579684 -0.613115
0.536709 -0.579684 -0.613115
0.305362 -0.223402 -0.925659
0.484467 -0.212851 -0.848520
0.286349 -0.187998 -0.939500
-0.190183 -0.198797 -0.961411
-0.260795 -0.375097 -0.889544
-0.260795 -0.375097 -0.889544
0.498196 -0.358004 -0.789705
0.286349 -0.187998 -0.939500
0.681908 -0.472577 -0.558276
0.528165 -0.774836 -0.347377
0.476551 -0.822104 -0.311518
0.476551 -0.822104 -0.311518
0.646754 -0.512354 -0.564981
0.681908 -0.472577 -0.558276
-0.260795 -0.375097 -0.889544
-0.190183 -0.198797 -0.961411
-0.982891 0.071833 -0.169605
-0.982891 0.071833 -0.169605
-0.997648 0.064228 0.023951
-0.260795 -0.375097 -0.889544
-0.260795 -0.375097 -0.889544
-0.997648 0.064228 0.023951
-0.971543 0.070856 0.226015
-0.971543 0.070856 0.226015
-0.418263 -0.644647 -0.639911
-0.260795 -0.375097 -0.889544
0.346522 -0.844388 -0.408572
-0.050347 -0.988996 -0.139113
0.255214 -0.958555 -0.126647
0.255214 -0.958555 -0.126647
0.528165 -0.774836 -0.347377
0.346522 -0.844388 -0.408572
-0.971543 0.070856 0.226015
-0.997648 0.064228 0.023951
-0.811437 0.281273 0.512304
-0.811437 0.281273 0.512304
-0.822060 0.303563 0.481733
-0.971543 0.070856 0.226015
-0.971543 0.070856 0.226015
-0.822060 0.303563 0.481733
-0.866580 0.263217 0.423976
-0.866580 0.263217 0.423976
-0.940881 0.145161 0.306058
-0.971543 0.070856 0.226015
-0.836879 -0.544554 0.055628
-0.851599 -0.513528 0.105208
-0.326984 -0.945029 0.001598
-0.326984 -0.945029 0.001598
-0.050347 -0.988996 -0.139113
-0.836879 -0.544554 0.055628
-0.866580 0.263217 0.423976
-0.822060 0.303563 0.481733
-0.754004 0.350949 0.555259
-0.754004 0.350949 0.555259
-0.804749 0.317548 0.501539
-0.866580 0.263217 0.423976
-0.866580 0.263217 0.423976
-0.804749 0.317548 0.501539
-0.878133 0.208027 0.430822
-0.878133 0.208027 0.430822
-0.915658 0.183770 0.357489
-0.866580 0.263217 0.423976
-0.967438 -0.139504 0.211194
-0.930134 -0.332469 0.155932
-0.768150 -0.634287 0.087321
-0.768150 -0.634287 0.087321
-0.851599 -0.513528 0.105208
-0.967438 -0.139504 0.211194
-0.878133 0.208027 0.430822
-0.804749 0.317548 0.501539
-0.756989 0.345388 0.554685
-0.756989 0.345388 0.554685
-0.825227 0.229254 0.516181
-0.878133 0.208027 0.430822
-0.878133 0.208027 0.430822
-0.825227 0.229254 0.516181
-0.906931 0.171601 0.384746
-0.906931 0.171601 0.384746
-0.937937 0.095749 0.333327
-0.878133 0.208027 0.430822
-0.979439 -0.055335 0.194002
-0.987055 -0.130116 0.093769
-0.883868 -0.461570 0.075706
-0.883868 -0.461570 0.075706
-0.930134 -0.332469 0.155932
-0.979439 -0.055335 0.194002
-0.990655 -0.086985 0.105049
-0.995006 -0.095132 -0.030200
-0.988259 -0.150495 -0.026376
-0.988259 -0.150495 -0.026376
-0.987055 -0.130116 0.093769
-0.990655 -0.086985 0.105049
-0.763256 0.117275 0.635363
-0.578152 0.155502 0.800974
-0.573243 0.114926 0.811285
-0.573243 0.114926 0.811285
-0.753883 0.094085 0.650237
-0.763256 0.117275 0.635363
-0.763256 0.117275 0.635363
-0.753883 0.094085 0.650237
-0.900870 0.058915 0.430073
-0.900870 0.058915 0.430073
-0.905507 0.066658 0.419063
-0.763256 0.117275 0.635363
-0.573243 0.114926 0.811285
-0.578152 0.155502 0.800974
-0.383376 0.167821 0.908217
-0.383376 0.167821 0.908217
-0.381189 0.118125 0.916919
-0.573243 0.114926 0.811285
-0.573243 0.114926 0.811285
-0.381189 0.118125 0.916919
-0.384422 0.067262 0.920704
-0.384422 0.067262 0.920704
-0.572488 0.079259 0.816073
-0.573243 0.114926 0.811285
-0.573243 0.114926 0.811285
-0.572488 0.079259 0.816073
-0.750170 0.076993 0.656747
-0.750170 0.076993 0.656747
-0.753883 0.094085 0.650237
-0.573243 0.114926 0.811285
-0.384422 0.067262 0.920704
-0.381189 0.118125 0.916919
-0.183105 0.112452 0.976641
-0.183105 0.112452 0.976641
-0.181287 0.052424 0.982032
-0.384422 0.067262 0.920704
-0.384422 0.067262 0.920704
-0.181287 0.052424 0.982032
-0.180494 -0.006416 0.983555
-0.180494 -0.006416 0.983555
-0.391062 0.009900 0.920311
-0.384422 0.067262 0.920704
-0.384422 0.067262 0.920704
-0.391062 0.009900 0.920311
-0.575378 0.031369 0.817286
-0.575378 0.031369 0.817286
-0.572488 0.079259 0.816073
-0.384422 0.067262 0.920704
-0.180494 -0.006416 0.983555
-0.181287 0.052424 0.982032
0.046921 0.043177 0.997965
0.046921 0.043177 0.997965
0.053360 -0.011576 0.998508
-0.180494 -0.006416 0.983555
-0.180494 -0.006416 0.983555
0.053360 -0.011576 0.998508
0.069717 -0.057578 0.995904
0.069717 -0.057578 0.995904
-0.178349 -0.067568 0.981645
-0.180494 -0.006416 0.983555
-0.180494 -0.006416 0.983555
-0.178349 -0.067568 0.981645
-0.393140 -0.054789 0.917845
-0.393140 -0.054789 0.917845
-0.391062 0.009900 0.920311
-0.180494 -0.006416 0.983555
0.069717 -0.057578 0.995904
0.053360 -0.011576 0.998508
0.309573 -0.003915 0.950868
0.309573 -0.003915 0.950868
0.322069 -0.034818 0.946076
0.069717 -0.057578 0.995904
0.069717 -0.057578 0.995904
0.322069 -0.034818 0.946076
0.337258 -0.071827 0.938668
0.337258 -0.071827 0.938668
0.084668 -0.092622 0.992095
0.069717 -0.057578 0.995904
0.069717 -0.057578 0.995904
0.084668 -0.092622 0.992095
-0.173122 -0.108843 0.978868
-0.173122 -0.108843 0.978868
-0.178349 -0.067568 0.981645
0.069717 -0.057578 0.995904
0.337258 -0.071827 0.938668
0.322069 -0.034818 0.946076
0.549096 -0.017310 0.835580
0.549096 -0.017310 0.835580
0.557055 -0.048263 0.829072
0.337258 -0.071827 0.938668
0.337258 -0.071827 0.938668
0.557055 -0.048263 0.829072
0.568553 -0.083727 0.818375
0.568553 -0.083727 0.818375
0.348156 -0.106230 0.931398
0.337258 -0.071827 0.938668
0.337258 -0.071827 0.938668
0.348156 -0.106230 0.931398
0.089626 -0.118464 0.988905
0.089626 -0.118464 0.988905
0.084668 -0.092622 0.992095
0.337258 -0.071827 0.938668
0.568553 -0.083727 0.818375
0.557055 -0.048263 0.829072
0.743742 -0.018373 0.668214
0.743742 -0.018373 0.668214
0.747025 -0.049239 0.662969
0.568553 -0.083727 0.818375
0.568553 -0.083727 0.818375
0.747025 -0.049239 0.662969
0.753017 0.064026 0.654879
0.753017 0.064026 0.654879
0.579327 0.039677 0.814129
0.568553 -0.083727 0.818375
0.568553 -0.083727 0.818375
0.579327 0.039677 0.814129
0.353607 0.028720 0.934953
0.353607 0.028720 0.934953
0.348156 -0.106230 0.931398
0.568553 -0.083727 0.818375
0.753017 0.064026 0.654879
0.747025 -0.049239 0.662969
0.883974 -0.021468 0.467043
0.883974 -0.021468 0.467043
0.883697 0.087773 0.459756
0.753017 0.064026 0.654879
0.753017 0.064026 0.654879
0.883697 0.087773 0.459756
0.870112 0.202821 0.449187
0.870112 0.202821 0.449187
0.744515 0.195844 0.638235
0.753017 0.064026 0.654879
0.753017 0.064026 0.654879
0.744515 0.195844 0.638235
0.570935 0.181142 0.800763
0.570935 0.181142 0.800763
0.579327 0.039677 0.814129
0.753017 0.064026 0.654879
0.870112 0.202821 0.449187
0.883697 0.087773 0.459756
0.969475 0.099695 0.224007
0.969475 0.099695 0.224007
0.952013 0.215783 0.217047
0.870112 0.202821 0.449187
0.544851 -0.791505 0.276870
0.649143 -0.745937 0.148969
0.649229 -0.746162 0.147458
0.649229 -0.746162 0.147458
0.545752 -0.791516 0.275057
0.544851 -0.791505 0.276870
0.544851 -0.791505 0.276870
0.545752 -0.791516 0.275057
0.423544 -0.830588 0.361571
0.423544 -0.830588 0.361571
0.421032 -0.831702 0.361945
0.544851 -0.791505 0.276870
0.649229 -0.746162 0.147458
0.649143 -0.745937 0.148969
0.702688 -0.710874 -0.029792
0.702688 -0.710874 -0.029792
0.704037 -0.709323 -0.034541
0.649229 -0.746162 0.147458
0.976142 -0.061942 0.208110
0.998572 -0.027289 -0.045925
0.998141 0.043271 -0.042917
0.998141 0.043271 -0.042917
0.980395 0.018356 0.196185
0.976142 -0.061942 0.208110
0.976142 -0.061942 0.208110
0.980395 0.018356 0.196185
0.900812 -0.036351 0.432684
0.900812 -0.036351 0.432684
0.887393 -0.123332 0.444211
0.976142 -0.061942 0.208110
0.998141 0.043271 -0.042917
0.998572 -0.027289 -0.045925
0.957656 -0.077451 -0.277302
0.957656 -0.077451 -0.277302
0.962391 0.003237 -0.271650
0.998141 0.043271 -0.042917
0.998141 0.043271 -0.042917
0.962391 0.003237 -0.271650
0.961650 0.080358 -0.262242
0.961650 0.080358 -0.262242
0.990319 0.132925 -0.039975
0.998141 0.043271 -0.042917
0.998141 0.043271 -0.042917
0.990319 0.132925 -0.039975
0.977308 0.106871 0.182884
0.977308 0.106871 0.182884
0.980395 0.018356 0.196185
0.998141 0.043271 -0.042917
0.961650 0.080358 -0.262242
0.962391 0.003237 -0.271650
0.882408 -0.053790 -0.467399
0.882408 -0.053790 -0.467399
0.895568 0.017825 -0.444567
0.961650 0.080358 -0.262242
-0.000003 1.000000 0.000000
-0.000003 1.000000 0.000002
-0.000002 1.000000 0.000001
-0.000002 1.000000 0.000001
-0.000003 1.000000 -0.000000
-0.000003 1.000000 0.000000
-0.000003 1.000000 0.000000
-0.000003 1.000000 -0.000000
-0.000002 1.000000 -0.000001
-0.000002 1.000000 -0.000001
-0.000002 1.000000 0.000000
-0.000003 1.000000 0.000000
-0.000002 1.000000 0.000001
-0.000003 1.000000 0.000002
-0.000003 1.000000 0.000002
-0.000003 1.000000 0.000002
-0.000002 1.000000 0.000002
-0.000002 1.000000 0.000001
-0.000002 1.000000 0.000001
-0.000002 1.000000 0.000002
-0.000001 1.000000 -0.000001
-0.000001 1.000000 -0.000001
-0.000001 1.000000 -0.000000
-0.000002 1.000000 0.000001
-0.000002 1.000000 0.000001
-0.000001 1.000000 -0.000000
-0.000001 1.000000 -0.000000
-0.000001 1.000000 -0.000000
-0.000003 1.000000 -0.000000
-0.000002 1.000000 0.000001
0.774895 -0.017111 -0.631858
0.764194 -0.101460 -0.636957
0.620641 -0.131580 -0.772975
0.620641 -0.131580 -0.772975
0.634310 -0.063410 -0.770474
0.774895 -0.017111 -0.631858
-0.000003 1.000000 0.000002
-0.000002 1.000000 0.000003
-0.000002 1.000000 0.000002
-0.000002 1.000000 0.000002
-0.000002 1.000000 0.000002
-0.000003 1.000000 0.000002
0.774895 -0.017111 -0.631858
0.895568 0.017825 -0.444567
0.882408 -0.053790 -0.467399
0.882408 -0.053790 -0.467399
0.764194 -0.101460 -0.636957
0.774895 -0.017111 -0.631858
0.882408 -0.053790 -0.467399
0.861712 -0.127817 -0.491036
0.746312 -0.173425 -0.642606
0.746312 -0.173425 -0.642606
0.764194 -0.101460 -0.636957
0.882408 -0.053790 -0.467399
0.882408 -0.053790 -0.467399
0.962391 0.003237 -0.271650
0.957656 -0.077451 -0.277302
0.957656 -0.077451 -0.277302
0.861712 -0.127817 -0.491036
0.882408 -0.053790 -0.467399
0.625457 -0.756173 -0.192371
0.624951 -0.756007 -0.194654
0.521665 -0.801771 -0.291597
0.521665 -0.801771 -0.291597
0.517529 -0.803518 -0.294147
0.625457 -0.756173 -0.192371
0.625457 -0.756173 -0.192371
0.704037 -0.709323 -0.034541
0.702688 -0.710874 -0.029792
0.702688 -0.710874 -0.029792
0.624951 -0.756007 -0.194654
0.625457 -0.756173 -0.192371
0.975076 0.217127 -0.045642
0.993509 0.102290 -0.049756
0.950011 0.090332 -0.298863
0.950011 0.090332 -0.298863
0.936235 0.195313 -0.292089
0.975076 0.217127 -0.045642
0.975076 0.217127 -0.045642
0.952013 0.215783 0.217047
0.969475 0.099695 0.224007
0.969475 0.099695 0.224007
0.993509 0.102290 -0.049756
0.975076 0.217127 -0.045642
0.883697 0.087773 0.459756
0.883974 -0.021468 0.467043
0.973507 -0.010380 0.228421
0.973507 -0.010380 0.228421
0.969475 0.099695 0.224007
0.883697 0.087773 0.459756
0.860399 -0.020701 -0.509201
0.857745 0.011671 -0.513944
0.734202 0.000990 -0.678930
0.734202 0.000990 -0.678930
0.740676 -0.042420 -0.670522
0.860399 -0.020701 -0.509201
0.747104 0.048316 -0.662949
0.740676 -0.042420 -0.670522
0.595478 -0.067799 -0.800506
0.595478 -0.067799 -0.800506
0.602618 0.030605 -0.797443
0.747104 0.048316 -0.662949
0.603334 0.149058 -0.783435
0.602618 0.030605 -0.797443
0.425839 0.020415 -0.904569
0.425839 0.020415 -0.904569
0.429977 0.142203 -0.891570
0.603334 0.149058 -0.783435
-0.000002 1.000000 0.000003
-0.000002 1.000000 0.000003
-0.000001 1.000000 0.000002
-0.000001 1.000000 0.000002
-0.000002 1.000000 0.000002
-0.000002 1.000000 0.000003
0.228445 -0.852480 -0.470203
0.222937 -0.851700 -0.474243
0.109327 -0.854692 -0.507493
0.109327 -0.854692 -0.507493
0.119582 -0.856320 -0.502410
0.228445 -0.852480 -0.470203
0.229035 -0.162002 -0.959843
0.213608 -0.228775 -0.949755
-0.009476 -0.229946 -0.973157
-0.009476 -0.229946 -0.973157
0.008007 -0.163361 -0.986534
0.229035 -0.162002 -0.959843
0.000000 1.000000 0.000003
0.000001 1.000000 0.000003
0.000002 1.000000 0.000003
0.000002 1.000000 0.000003
0.000001 1.000000 0.000002
0.000000 1.000000 0.000003
0.000000 1.000000 0.000003
0.000001 1.000000 0.000002
0.000000 1.000000 0.000001
0.000000 1.000000 0.000001
0.000000 1.000000 0.000001
0.000000 1.000000 0.000003
0.000000 1.000000 0.000001
0.000001 1.000000 0.000002
0.000002 1.000000 0.000002
0.000002 1.000000 0.000002
0.000001 1.000000 0.000001
0.000000 1.000000 0.000001
0.000000 1.000000 0.000001
0.000001 1.000000 0.000001
0.000000 1.000000 0.000000
0.000000 1.000000 0.000000
0.000000 1.000000 0.000000
0.000000 1.000000 0.000001
0.000000 1.000000 0.000001
0.000000 1.000000 0.000000
0.000000 1.000000 0.000000
0.000000 1.000000 0.000000
0.000000 1.000000 0.000001
0.000000 1.000000 0.000001
0.024877 -0.096036 -0.995067
0.008007 -0.163361 -0.986534
-0.218392 -0.164853 -0.961836
-0.218392 -0.164853 -0.961836
-0.206506 -0.092911 -0.974024
0.024877 -0.096036 -0.995067
-0.000001 1.000000 -0.000000
-0.000001 1.000000 -0.000000
-0.000001 1.000000 -0.000001
-0.000001 1.000000 -0.000001
0.000000 1.000000 0.000000
-0.000001 1.000000 -0.000000
-0.935291 -0.160371 0.315454
-0.886480 -0.151795 0.437163
-0.881839 0.025856 0.470841
-0.881839 0.025856 0.470841
-0.916715 0.009630 0.399425
-0.935291 -0.160371 0.315454
-0.838620 0.035605 0.543552
-0.802190 0.174921 0.570871
-0.840947 0.166437 0.514885
-0.840947 0.166437 0.514885
-0.881839 0.025856 0.470841
-0.838620 0.035605 0.543552
0.000059 -0.000038 -1.000000
0.000001 -0.000000 -1.000000
0.000000 -0.000000 -1.000000
0.000000 -0.000000 -1.000000
0.000038 -0.000006 -1.000000
0.000059 -0.000038 -1.000000
0.000001 -0.000001 -1.000000
0.000000 -0.000002 -1.000000
0.000000 -0.000000 -1.000000
0.000000 -0.000000 -1.000000
0.000001 0.000000 -1.000000
0.000001 -0.000001 -1.000000
-0.919345 0.144491 -0.365960
-0.888326 0.185298 -0.420169
-0.805546 0.264998 -0.529974
-0.805546 0.264998 -0.529974
-0.859357 0.247684 -0.447391
-0.919345 0.144491 -0.365960
-0.648901 0.377516 -0.660612
-0.696899 0.336439 -0.633357
-0.547379 0.387856 -0.741582
-0.547379 0.387856 -0.741582
-0.523061 0.407981 -0.748304
-0.648901 0.377516 -0.660612
-0.648901 0.377516 -0.660612
-0.523061 0.407981 -0.748304
-0.521064 0.408796 -0.749251
-0.521064 0.408796 -0.749251
-0.614345 0.390915 -0.685394
-0.648901 0.377516 -0.660612
-0.648901 0.377516 -0.660612
-0.725405 0.356689 -0.588694
-0.805546 0.264998 -0.529974
-0.805546 0.264998 -0.529974
-0.696899 0.336439 -0.633357
-0.648901 0.377516 -0.660612
-0.000808 0.000107 -1.000000
-0.000156 0.000026 -1.000000
-0.000132 -0.000035 -1.000000
-0.000132 -0.000035 -1.000000
-0.000670 -0.000154 -1.000000
-0.000808 0.000107 -1.000000
-0.000156 0.000026 -1.000000
-0.000011 0.000000 -1.000000
-0.000005 -0.000027 -1.000000
-0.000005 -0.000027 -1.000000
-0.000132 -0.000035 -1.000000
-0.000156 0.000026 -1.000000
-0.000001 0.000003 -1.000000
-0.000002 0.000023 -1.000000
0.000001 0.000008 -1.000000
0.000001 0.000008 -1.000000
-0.000001 0.000003 -1.000000
-0.000001 0.000003 -1.000000
-0.000002 0.000023 -1.000000
0.000015 0.000212 -1.000000
0.000108 0.000127 -1.000000
0.000108 0.000127 -1.000000
0.000001 0.000008 -1.000000
-0.000002 0.000023 -1.000000
0.000015 0.000212 -1.000000
-0.000033 0.000316 -1.000000
0.000239 0.002128 -0.999998
0.000239 0.002128 -0.999998
0.000697 0.001650 -0.999998
0.000015 0.000212 -1.000000
0.000015 0.000212 -1.000000
0.000697 0.001650 -0.999998
0.001454 0.001223 -0.999998
0.001454 0.001223 -0.999998
0.000108 0.000127 -1.000000
0.000015 0.000212 -1.000000
0.841550 -0.536469 0.063204
0.967947 -0.245790 -0.051631
0.970544 -0.235175 -0.052323
0.970544 -0.235175 -0.052323
0.869122 -0.494592 0.002383
0.841550 -0.536469 0.063204
0.977122 -0.212533 -0.007918
0.948517 0.187881 -0.254982
0.977784 0.061888 -0.200269
0.977784 0.061888 -0.200269
0.967947 -0.245790 -0.051631
0.977122 -0.212533 -0.007918
0.000001 -0.000002 1.000000
0.000001 -0.000000 1.000000
0.000001 0.000000 1.000000
0.000001 0.000000 1.000000
0.000001 0.000000 1.000000
0.000001 -0.000002 1.000000
0.000001 -0.000000 1.000000
0.000000 -0.000000 1.000000
0.000001 -0.000000 1.000000
0.000001 -0.000000 1.000000
0.000001 0.000000 1.000000
0.000001 -0.000000 1.000000
-0.171956 0.472948 -0.864148
-0.359854 0.446834 -0.819051
-0.353351 0.425304 -0.833222
-0.353351 0.425304 -0.833222
-0.166773 0.446313 -0.879199
-0.171956 0.472948 -0.864148
-0.353351 0.425304 -0.833222
-0.359854 0.446834 -0.819051
-0.523061 0.407981 -0.748304
-0.523061 0.407981 -0.748304
-0.547379 0.387856 -0.741582
-0.353351 0.425304 -0.833222
-0.353351 0.425304 -0.833222
-0.547379 0.387856 -0.741582
-0.577914 0.332086 -0.745476
-0.577914 0.332086 -0.745476
-0.353424 0.381774 -0.854014
-0.353351 0.425304 -0.833222
-0.864361 0.114954 -0.489557
-0.704785 0.181173 -0.685897
-0.732543 0.203533 -0.649581
-0.732543 0.203533 -0.649581
-0.894687 0.103738 -0.434481
-0.864361 0.114954 -0.489557
-0.000000 1.000000 -0.000001
-0.000001 1.000000 -0.000001
0.000000 1.000000 0.000000
0.000000 1.000000 0.000000
0.000000 1.000000 0.000000
-0.000000 1.000000 -0.000001
0.000000 1.000000 0.000000
0.000000 1.000000 0.000000
0.000000 1.000000 0.000000
0.000000 1.000000 0.000000
0.000000 1.000000 0.000000
0.000000 1.000000 0.000000
-0.716316 0.297790 0.631041
-0.681701 0.328399 0.653787
-0.630351 0.359385 0.688114
-0.630351 0.359385 0.688114
-0.682931 0.338293 0.647428
-0.716316 0.297790 0.631041
-0.395382 0.353255 0.847870
-0.390661 0.287478 0.874495
-0.606225 0.250660 0.754759
-0.606225 0.250660 0.754759
-0.620828 0.295105 0.726282
-0.395382 0.353255 0.847870
0.827340 0.113244 0.550167
0.931690 0.045913 0.360341
0.961140 -0.039074 0.273284
0.961140 -0.039074 0.273284
0.850799 0.063975 0.521583
0.827340 0.113244 0.550167
-0.285157 0.298253 -0.910896
-0.225645 0.370091 -0.901175
-0.074186 0.136706 -0.987830
-0.074186 0.136706 -0.987830
-0.086532 0.091034 -0.992081
-0.285157 0.298253 -0.910896
</float_array>
          <technique_common>
            <accessor source="#arm_r_link4-Normal0-array" count="11214" stride="3">
              <param name="X" type="float"/>
              <param name="Y" type="float"/>
              <param name="Z" type="float"/>
            </accessor>
          </technique_common>
        </source>
        <vertices id="arm_r_link4-VERTEX">
          <input semantic="POSITION" source="#arm_r_link4-POSITION"/>
        </vertices>
        <triangles count="3738" material="white">
          <input semantic="VERTEX" offset="0" source="#arm_r_link4-VERTEX"/>
          <input semantic="NORMAL" offset="1" source="#arm_r_link4-Normal0"/>
          <p> 0 0 1 1 2 2 2 3 3 4 0 5 0 6 4 7 5 8 5 9 6 10 0 11 0 12 6 13 7 14 7 15 1 16 0 17 0 18 8 19 9 20 9 21 4 22 0 23 0 24 3 25 10 26 10 27 8 28 0 29 11 30 12 31 13 32 13 33 14 34 11 35 11 36 14 37 15 38 15 39 16 40 11 41 11 42 16 43 17 44 17 45 18 46 11 47 19 48 20 49 21 50 21 51 22 52 19 53 19 54 23 55 24 56 24 57 20 58 19 59 19 60 25 61 26 62 26 63 23 64 19 65 19 66 22 67 27 68 27 69 28 70 19 71 19 72 28 73 29 74 29 75 25 76 19 77 30 78 31 79 32 80 32 81 33 82 30 83 30 84 34 85 35 86 35 87 31 88 30 89 30 90 36 91 37 92 37 93 38 94 30 95 30 96 33 97 39 98 39 99 36 100 30 101 30 102 38 103 40 104 40 105 34 106 30 107 41 108 42 109 43 110 43 111 44 112 41 113 41 114 45 115 46 116 46 117 42 118 41 119 41 120 44 121 47 122 47 123 45 124 41 125 48 126 49 127 50 128 50 129 51 130 48 131 48 132 51 133 52 134 52 135 53 136 48 137 48 138 53 139 54 140 54 141 49 142 48 143 55 144 56 145 57 146 57 147 58 148 55 149 55 150 59 151 60 152 60 153 56 154 55 155 55 156 58 157 61 158 61 159 59 160 55 161 62 162 63 163 64 164 64 165 65 166 62 167 62 168 66 169 67 170 67 171 63 172 62 173 62 174 65 175 68 176 68 177 66 178 62 179 69 180 70 181 71 182 71 183 72 184 69 185 73 186 74 187 75 188 75 189 76 190 73 191 73 192 76 193 77 194 77 195 78 196 73 197 73 198 78 199 79 200 79 201 74 202 73 203 80 204 81 205 82 206 82 207 83 208 80 209 80 210 83 211 84 212 84 213 85 214 80 215 80 216 85 217 86 218 86 219 87 220 80 221 88 222 89 223 90 224 90 225 91 226 88 227 88 228 91 229 92 230 92 231 93 232 88 233 88 234 94 235 95 236 95 237 89 238 88 239 88 240 93 241 96 242 96 243 97 244 88 245 88 246 97 247 98 248 98 249 94 250 88 251 35 252 99 253 100 254 100 255 101 256 35 257 35 258 102 259 103 260 103 261 99 262 35 263 35 264 34 265 104 266 104 267 102 268 35 269 105 270 106 271 107 272 107 273 108 274 105 275 105 276 108 277 109 278 109 279 110 280 105 281 105 282 110 283 111 284 111 285 106 286 105 287 112 288 113 289 114 290 114 291 115 292 112 293 112 294 115 295 116 296 116 297 117 298 112 299 112 300 117 301 118 302 118 303 113 304 112 305 119 306 120 307 121 308 121 309 122 310 119 311 119 312 123 313 124 314 124 315 120 316 119 317 119 318 122 319 125 320 125 321 123 322 119 323 126 324 127 325 128 326 128 327 129 328 126 329 126 330 130 331 131 332 131 333 127 334 126 335 126 336 129 337 132 338 132 339 130 340 126 341 133 342 134 343 135 344 135 345 136 346 133 347 133 348 136 349 137 350 137 351 138 352 133 353 133 354 138 355 139 356 139 357 134 358 133 359 140 360 141 361 142 362 142 363 143 364 140 365 140 366 143 367 144 368 144 369 145 370 140 371 140 372 145 373 146 374 146 375 141 376 140 377 147 378 148 379 149 380 149 381 150 382 147 383 147 384 150 385 151 386 151 387 152 388 147 389 147 390 152 391 153 392 153 393 154 394 147 395 155 396 156 397 157 398 157 399 158 400 155 401 155 402 159 403 160 404 160 405 156 406 155 407 155 408 158 409 161 410 161 411 159 412 155 413 162 414 163 415 164 416 164 417 165 418 162 419 162 420 165 421 166 422 166 423 167 424 162 425 162 426 167 427 168 428 168 429 163 430 162 431 169 432 170 433 171 434 171 435 172 436 169 437 169 438 172 439 173 440 173 441 174 442 169 443 169 444 174 445 175 446 175 447 170 448 169 449 176 450 177 451 178 452 178 453 179 454 176 455 176 456 180 457 181 458 181 459 177 460 176 461 176 462 179 463 182 464 182 465 180 466 176 467 182 468 183 469 184 470 184 471 185 472 182 473 182 474 185 475 186 476 186 477 180 478 182 479 182 480 179 481 187 482 187 483 183 484 182 485 187 486 188 487 189 488 189 489 183 490 187 491 187 492 179 493 178 494 178 495 190 496 187 497 187 498 190 499 191 500 191 501 188 502 187 503 191 504 192 505 193 506 193 507 188 508 191 509 191 510 190 511 194 512 194 513 195 514 191 515 191 516 195 517 196 518 196 519 192 520 191 521 196 522 197 523 198 524 198 525 192 526 196 527 196 528 195 529 199 530 199 531 200 532 196 533 196 534 200 535 201 536 201 537 197 538 196 539 201 540 202 541 203 542 203 543 197 544 201 545 201 546 200 547 204 548 204 549 205 550 201 551 201 552 205 553 206 554 206 555 202 556 201 557 206 558 207 559 208 560 208 561 202 562 206 563 206 564 205 565 209 566 209 567 210 568 206 569 206 570 210 571 211 572 211 573 207 574 206 575 211 576 212 577 213 578 213 579 207 580 211 581 211 582 210 583 214 584 214 585 215 586 211 587 211 588 215 589 216 590 216 591 212 592 211 593 216 594 217 595 218 596 218 597 212 598 216 599 216 600 215 601 219 602 219 603 220 604 216 605 216 606 220 607 221 608 221 609 217 610 216 611 221 612 222 613 223 614 223 615 217 616 221 617 221 618 220 619 224 620 224 621 225 622 221 623 221 624 225 625 226 626 226 627 222 628 221 629 226 630 227 631 228 632 228 633 222 634 226 635 226 636 225 637 229 638 229 639 230 640 226 641 226 642 230 643 100 644 100 645 227 646 226 647 230 648 229 649 231 650 231 651 232 652 230 653 230 654 232 655 101 656 101 657 100 658 230 659 232 660 231 661 233 662 233 663 234 664 232 665 232 666 234 667 235 668 235 669 101 670 232 671 235 672 31 673 35 674 35 675 101 676 235 677 235 678 234 679 236 680 236 681 237 682 235 683 235 684 237 685 32 686 32 687 31 688 235 689 237 690 236 691 238 692 238 693 239 694 237 695 237 696 239 697 240 698 240 699 32 700 237 701 240 702 241 703 33 704 33 705 32 706 240 707 240 708 239 709 242 710 242 711 243 712 240 713 240 714 243 715 244 716 244 717 241 718 240 719 244 720 245 721 246 722 246 723 241 724 244 725 244 726 243 727 247 728 247 729 248 730 244 731 244 732 248 733 249 734 249 735 245 736 244 737 249 738 250 739 251 740 251 741 245 742 249 743 249 744 248 745 252 746 252 747 253 748 249 749 249 750 253 751 254 752 254 753 250 754 249 755 254 756 255 757 256 758 256 759 250 760 254 761 254 762 253 763 257 764 257 765 258 766 254 767 254 768 258 769 259 770 259 771 255 772 254 773 259 774 260 775 261 776 261 777 255 778 259 779 259 780 258 781 262 782 262 783 263 784 259 785 259 786 263 787 264 788 264 789 260 790 259 791 264 792 265 793 266 794 266 795 260 796 264 797 264 798 263 799 267 800 267 801 268 802 264 803 264 804 268 805 269 806 269 807 265 808 264 809 269 810 270 811 271 812 271 813 265 814 269 815 269 816 268 817 23 818 23 819 26 820 269 821 269 822 26 823 272 824 272 825 270 826 269 827 272 828 1 829 7 830 7 831 270 832 272 833 272 834 26 835 25 836 25 837 273 838 272 839 272 840 273 841 2 842 2 843 1 844 272 845 273 846 25 847 29 848 29 849 274 850 273 851 273 852 274 853 275 854 275 855 2 856 273 857 275 858 276 859 3 860 3 861 2 862 275 863 275 864 274 865 277 866 277 867 278 868 275 869 275 870 278 871 279 872 279 873 276 874 275 875 279 876 280 877 281 878 281 879 276 880 279 881 279 882 278 883 282 884 282 885 283 886 279 887 279 888 283 889 284 890 284 891 280 892 279 893 284 894 285 895 286 896 286 897 280 898 284 899 284 900 283 901 287 902 287 903 288 904 284 905 284 906 288 907 289 908 289 909 285 910 284 911 289 912 288 913 290 914 290 915 291 916 289 917 289 918 291 919 292 920 292 921 293 922 289 923 289 924 293 925 294 926 294 927 285 928 289 929 294 930 293 931 295 932 295 933 296 934 294 935 294 936 296 937 297 938 297 939 298 940 294 941 294 942 298 943 286 944 286 945 285 946 294 947 298 948 297 949 299 950 299 951 300 952 298 953 298 954 300 955 301 956 301 957 286 958 298 959 301 960 281 961 280 962 280 963 286 964 301 965 301 966 300 967 302 968 302 969 303 970 301 971 301 972 303 973 10 974 10 975 281 976 301 977 303 978 302 979 304 980 304 981 305 982 303 983 303 984 305 985 8 986 8 987 10 988 303 989 305 990 304 991 306 992 306 993 307 994 305 995 305 996 307 997 9 998 9 999 8 1000 305 1001 307 1002 306 1003 308 1004 308 1005 309 1006 307 1007 307 1008 309 1009 310 1010 310 1011 9 1012 307 1013 310 1014 311 1015 4 1016 4 1017 9 1018 310 1019 310 1020 309 1021 312 1022 312 1023 313 1024 310 1025 310 1026 313 1027 60 1028 60 1029 311 1030 310 1031 313 1032 312 1033 314 1034 314 1035 315 1036 313 1037 313 1038 315 1039 56 1040 56 1041 60 1042 313 1043 315 1044 314 1045 316 1046 316 1047 317 1048 315 1049 315 1050 317 1051 57 1052 57 1053 56 1054 315 1055 317 1056 316 1057 318 1058 318 1059 319 1060 317 1061 317 1062 319 1063 320 1064 320 1065 57 1066 317 1067 320 1068 319 1069 321 1070 321 1071 322 1072 320 1073 320 1074 322 1075 323 1076 323 1077 324 1078 320 1079 320 1080 324 1081 58 1082 58 1083 57 1084 320 1085 324 1086 323 1087 325 1088 325 1089 326 1090 324 1091 324 1092 326 1093 61 1094 61 1095 58 1096 324 1097 326 1098 325 1099 327 1100 327 1101 328 1102 326 1103 326 1104 328 1105 329 1106 329 1107 61 1108 326 1109 329 1110 328 1111 330 1112 330 1113 331 1114 329 1115 329 1116 331 1117 5 1118 5 1119 332 1120 329 1121 329 1122 332 1123 59 1124 59 1125 61 1126 329 1127 332 1128 5 1129 4 1130 4 1131 311 1132 332 1133 332 1134 311 1135 60 1136 60 1137 59 1138 332 1139 331 1140 330 1141 333 1142 333 1143 334 1144 331 1145 331 1146 334 1147 6 1148 6 1149 5 1150 331 1151 334 1152 333 1153 335 1154 335 1155 336 1156 334 1157 334 1158 336 1159 7 1160 7 1161 6 1162 334 1163 336 1164 335 1165 337 1166 337 1167 271 1168 336 1169 336 1170 271 1171 270 1172 270 1173 7 1174 336 1175 337 1176 335 1177 338 1178 338 1179 339 1180 337 1181 337 1182 339 1183 340 1184 340 1185 266 1186 337 1187 337 1188 266 1189 265 1190 265 1191 271 1192 337 1193 340 1194 339 1195 341 1196 341 1197 342 1198 340 1199 340 1200 342 1201 343 1202 343 1203 261 1204 340 1205 340 1206 261 1207 260 1208 260 1209 266 1210 340 1211 343 1212 342 1213 344 1214 344 1215 345 1216 343 1217 343 1218 345 1219 346 1220 346 1221 256 1222 343 1223 343 1224 256 1225 255 1226 255 1227 261 1228 343 1229 346 1230 345 1231 347 1232 347 1233 348 1234 346 1235 346 1236 348 1237 349 1238 349 1239 251 1240 346 1241 346 1242 251 1243 250 1244 250 1245 256 1246 346 1247 349 1248 348 1249 350 1250 350 1251 351 1252 349 1253 349 1254 351 1255 39 1256 39 1257 246 1258 349 1259 349 1260 246 1261 245 1262 245 1263 251 1264 349 1265 351 1266 350 1267 352 1268 352 1269 353 1270 351 1271 351 1272 353 1273 36 1274 36 1275 39 1276 351 1277 353 1278 352 1279 354 1280 354 1281 355 1282 353 1283 353 1284 355 1285 37 1286 37 1287 36 1288 353 1289 355 1290 354 1291 356 1292 356 1293 357 1294 355 1295 355 1296 357 1297 358 1298 358 1299 37 1300 355 1301 358 1302 357 1303 359 1304 359 1305 360 1306 358 1307 358 1308 360 1309 361 1310 361 1311 362 1312 358 1313 358 1314 362 1315 38 1316 38 1317 37 1318 358 1319 362 1320 361 1321 363 1322 363 1323 364 1324 362 1325 362 1326 364 1327 40 1328 40 1329 38 1330 362 1331 364 1332 363 1333 365 1334 365 1335 366 1336 364 1337 364 1338 366 1339 367 1340 367 1341 40 1342 364 1343 367 1344 366 1345 368 1346 368 1347 369 1348 367 1349 367 1350 369 1351 370 1352 370 1353 104 1354 367 1355 367 1356 104 1357 34 1358 34 1359 40 1360 367 1361 370 1362 369 1363 371 1364 371 1365 372 1366 370 1367 370 1368 372 1369 373 1370 373 1371 374 1372 370 1373 370 1374 374 1375 102 1376 102 1377 104 1378 370 1379 374 1380 373 1381 375 1382 375 1383 376 1384 374 1385 374 1386 376 1387 103 1388 103 1389 102 1390 374 1391 376 1392 375 1393 377 1394 377 1395 378 1396 376 1397 376 1398 378 1399 379 1400 379 1401 103 1402 376 1403 379 1404 378 1405 380 1406 380 1407 381 1408 379 1409 379 1410 381 1411 382 1412 382 1413 383 1414 379 1415 379 1416 383 1417 99 1418 99 1419 103 1420 379 1421 383 1422 382 1423 228 1424 228 1425 227 1426 383 1427 383 1428 227 1429 100 1430 100 1431 99 1432 383 1433 382 1434 381 1435 384 1436 384 1437 385 1438 382 1439 382 1440 385 1441 386 1442 386 1443 228 1444 382 1445 386 1446 385 1447 387 1448 387 1449 388 1450 386 1451 386 1452 388 1453 389 1454 389 1455 223 1456 386 1457 386 1458 223 1459 222 1460 222 1461 228 1462 386 1463 389 1464 388 1465 390 1466 390 1467 391 1468 389 1469 389 1470 391 1471 392 1472 392 1473 218 1474 389 1475 389 1476 218 1477 217 1478 217 1479 223 1480 389 1481 392 1482 391 1483 393 1484 393 1485 394 1486 392 1487 392 1488 394 1489 395 1490 395 1491 213 1492 392 1493 392 1494 213 1495 212 1496 212 1497 218 1498 392 1499 395 1500 394 1501 396 1502 396 1503 397 1504 395 1505 395 1506 397 1507 398 1508 398 1509 208 1510 395 1511 395 1512 208 1513 207 1514 207 1515 213 1516 395 1517 398 1518 397 1519 399 1520 399 1521 400 1522 398 1523 398 1524 400 1525 401 1526 401 1527 203 1528 398 1529 398 1530 203 1531 202 1532 202 1533 208 1534 398 1535 401 1536 400 1537 402 1538 402 1539 403 1540 401 1541 401 1542 403 1543 404 1544 404 1545 198 1546 401 1547 401 1548 198 1549 197 1550 197 1551 203 1552 401 1553 404 1554 403 1555 405 1556 405 1557 406 1558 404 1559 404 1560 406 1561 407 1562 407 1563 193 1564 404 1565 404 1566 193 1567 192 1568 192 1569 198 1570 404 1571 407 1572 406 1573 408 1574 408 1575 409 1576 407 1577 407 1578 409 1579 410 1580 410 1581 189 1582 407 1583 407 1584 189 1585 188 1586 188 1587 193 1588 407 1589 410 1590 409 1591 411 1592 411 1593 412 1594 410 1595 410 1596 412 1597 413 1598 413 1599 184 1600 410 1601 410 1602 184 1603 183 1604 183 1605 189 1606 410 1607 413 1608 412 1609 414 1610 414 1611 415 1612 413 1613 413 1614 415 1615 416 1616 416 1617 417 1618 413 1619 413 1620 417 1621 185 1622 185 1623 184 1624 413 1625 417 1626 416 1627 418 1628 418 1629 419 1630 417 1631 417 1632 419 1633 186 1634 186 1635 185 1636 417 1637 419 1638 418 1639 420 1640 420 1641 421 1642 419 1643 419 1644 421 1645 422 1646 422 1647 186 1648 419 1649 422 1650 421 1651 423 1652 423 1653 424 1654 422 1655 422 1656 424 1657 425 1658 425 1659 181 1660 422 1661 422 1662 181 1663 180 1664 180 1665 186 1666 422 1667 425 1668 426 1669 427 1670 427 1671 428 1672 425 1673 425 1674 428 1675 177 1676 177 1677 181 1678 425 1679 425 1680 424 1681 429 1682 429 1683 426 1684 425 1685 429 1686 430 1687 431 1688 431 1689 426 1690 429 1691 429 1692 424 1693 423 1694 423 1695 432 1696 429 1697 429 1698 432 1699 433 1700 433 1701 430 1702 429 1703 433 1704 434 1705 435 1706 435 1707 430 1708 433 1709 433 1710 432 1711 436 1712 436 1713 437 1714 433 1715 433 1716 437 1717 438 1718 438 1719 434 1720 433 1721 438 1722 439 1723 440 1724 440 1725 434 1726 438 1727 438 1728 437 1729 441 1730 441 1731 442 1732 438 1733 438 1734 442 1735 443 1736 443 1737 439 1738 438 1739 443 1740 444 1741 445 1742 445 1743 439 1744 443 1745 443 1746 442 1747 174 1748 174 1749 173 1750 443 1751 443 1752 173 1753 446 1754 446 1755 444 1756 443 1757 446 1758 447 1759 448 1760 448 1761 444 1762 446 1763 446 1764 173 1765 172 1766 172 1767 449 1768 446 1769 446 1770 449 1771 450 1772 450 1773 447 1774 446 1775 450 1776 451 1777 452 1778 452 1779 447 1780 450 1781 450 1782 449 1783 453 1784 453 1785 454 1786 450 1787 450 1788 454 1789 455 1790 455 1791 451 1792 450 1793 455 1794 456 1795 457 1796 457 1797 451 1798 455 1799 455 1800 454 1801 458 1802 458 1803 459 1804 455 1805 455 1806 459 1807 460 1808 460 1809 456 1810 455 1811 460 1812 461 1813 462 1814 462 1815 456 1816 460 1817 460 1818 459 1819 463 1820 463 1821 464 1822 460 1823 460 1824 464 1825 465 1826 465 1827 461 1828 460 1829 465 1830 466 1831 467 1832 467 1833 461 1834 465 1835 465 1836 464 1837 468 1838 468 1839 469 1840 465 1841 465 1842 469 1843 470 1844 470 1845 466 1846 465 1847 470 1848 471 1849 472 1850 472 1851 466 1852 470 1853 470 1854 469 1855 473 1856 473 1857 474 1858 470 1859 470 1860 474 1861 475 1862 475 1863 471 1864 470 1865 475 1866 476 1867 477 1868 477 1869 471 1870 475 1871 475 1872 474 1873 478 1874 478 1875 479 1876 475 1877 475 1878 479 1879 480 1880 480 1881 476 1882 475 1883 480 1884 481 1885 482 1886 482 1887 476 1888 480 1889 480 1890 479 1891 483 1892 483 1893 484 1894 480 1895 480 1896 484 1897 485 1898 485 1899 481 1900 480 1901 485 1902 486 1903 487 1904 487 1905 481 1906 485 1907 485 1908 484 1909 488 1910 488 1911 489 1912 485 1913 485 1914 489 1915 490 1916 490 1917 486 1918 485 1919 490 1920 491 1921 492 1922 492 1923 486 1924 490 1925 490 1926 489 1927 493 1928 493 1929 494 1930 490 1931 490 1932 494 1933 495 1934 495 1935 491 1936 490 1937 495 1938 496 1939 497 1940 497 1941 491 1942 495 1943 495 1944 494 1945 498 1946 498 1947 499 1948 495 1949 495 1950 499 1951 500 1952 500 1953 496 1954 495 1955 500 1956 501 1957 502 1958 502 1959 496 1960 500 1961 500 1962 499 1963 503 1964 503 1965 504 1966 500 1967 500 1968 504 1969 505 1970 505 1971 501 1972 500 1973 505 1974 506 1975 507 1976 507 1977 501 1978 505 1979 505 1980 504 1981 508 1982 508 1983 509 1984 505 1985 505 1986 509 1987 510 1988 510 1989 506 1990 505 1991 510 1992 511 1993 512 1994 512 1995 506 1996 510 1997 510 1998 509 1999 513 2000 513 2001 514 2002 510 2003 510 2004 514 2005 515 2006 515 2007 511 2008 510 2009 515 2010 90 2011 89 2012 89 2013 511 2014 515 2015 515 2016 514 2017 516 2018 516 2019 517 2020 515 2021 515 2022 517 2023 518 2024 518 2025 90 2026 515 2027 518 2028 519 2029 91 2030 91 2031 90 2032 518 2033 518 2034 517 2035 520 2036 520 2037 521 2038 518 2039 518 2040 521 2041 522 2042 522 2043 519 2044 518 2045 522 2046 523 2047 524 2048 524 2049 519 2050 522 2051 522 2052 521 2053 525 2054 525 2055 526 2056 522 2057 522 2058 526 2059 527 2060 527 2061 523 2062 522 2063 527 2064 528 2065 529 2066 529 2067 523 2068 527 2069 527 2070 526 2071 530 2072 530 2073 531 2074 527 2075 527 2076 531 2077 532 2078 532 2079 528 2080 527 2081 532 2082 533 2083 534 2084 534 2085 528 2086 532 2087 532 2088 531 2089 535 2090 535 2091 536 2092 532 2093 532 2094 536 2095 81 2096 81 2097 533 2098 532 2099 536 2100 535 2101 537 2102 537 2103 538 2104 536 2105 536 2106 538 2107 82 2108 82 2109 81 2110 536 2111 538 2112 537 2113 539 2114 539 2115 540 2116 538 2117 538 2118 540 2119 541 2120 541 2121 82 2122 538 2123 541 2124 540 2125 542 2126 542 2127 543 2128 541 2129 541 2130 543 2131 544 2132 544 2133 545 2134 541 2135 541 2136 545 2137 83 2138 83 2139 82 2140 541 2141 545 2142 544 2143 546 2144 546 2145 547 2146 545 2147 545 2148 547 2149 84 2150 84 2151 83 2152 545 2153 547 2154 548 2155 549 2156 549 2157 84 2158 547 2159 547 2160 546 2161 550 2162 550 2163 548 2164 547 2165 550 2166 551 2167 552 2168 552 2169 548 2170 550 2171 550 2172 546 2173 553 2174 553 2175 554 2176 550 2177 550 2178 554 2179 555 2180 555 2181 551 2182 550 2183 555 2184 556 2185 557 2186 557 2187 551 2188 555 2189 555 2190 554 2191 558 2192 558 2193 559 2194 555 2195 555 2196 559 2197 560 2198 560 2199 556 2200 555 2201 560 2202 561 2203 562 2204 562 2205 556 2206 560 2207 560 2208 559 2209 563 2210 563 2211 564 2212 560 2213 560 2214 564 2215 565 2216 565 2217 561 2218 560 2219 565 2220 566 2221 567 2222 567 2223 561 2224 565 2225 565 2226 564 2227 568 2228 568 2229 569 2230 565 2231 565 2232 569 2233 570 2234 570 2235 566 2236 565 2237 570 2238 571 2239 572 2240 572 2241 566 2242 570 2243 570 2244 569 2245 573 2246 573 2247 574 2248 570 2249 570 2250 574 2251 575 2252 575 2253 571 2254 570 2255 575 2256 576 2257 577 2258 577 2259 571 2260 575 2261 575 2262 574 2263 578 2264 578 2265 579 2266 575 2267 575 2268 579 2269 580 2270 580 2271 576 2272 575 2273 580 2274 581 2275 582 2276 582 2277 576 2278 580 2279 580 2280 579 2281 583 2282 583 2283 584 2284 580 2285 580 2286 584 2287 585 2288 585 2289 581 2290 580 2291 585 2292 586 2293 587 2294 587 2295 581 2296 585 2297 585 2298 584 2299 588 2300 588 2301 589 2302 585 2303 585 2304 589 2305 590 2306 590 2307 586 2308 585 2309 590 2310 118 2311 591 2312 591 2313 586 2314 590 2315 590 2316 589 2317 592 2318 592 2319 593 2320 590 2321 590 2322 593 2323 113 2324 113 2325 118 2326 590 2327 593 2328 592 2329 594 2330 594 2331 595 2332 593 2333 593 2334 595 2335 114 2336 114 2337 113 2338 593 2339 595 2340 596 2341 597 2342 597 2343 114 2344 595 2345 595 2346 594 2347 598 2348 598 2349 596 2350 595 2351 598 2352 599 2353 600 2354 600 2355 596 2356 598 2357 598 2358 594 2359 601 2360 601 2361 602 2362 598 2363 598 2364 602 2365 603 2366 603 2367 599 2368 598 2369 603 2370 604 2371 605 2372 605 2373 599 2374 603 2375 603 2376 602 2377 107 2378 107 2379 606 2380 603 2381 603 2382 606 2383 607 2384 607 2385 604 2386 603 2387 607 2388 608 2389 609 2390 609 2391 604 2392 607 2393 607 2394 606 2395 610 2396 610 2397 611 2398 607 2399 607 2400 611 2401 612 2402 612 2403 608 2404 607 2405 612 2406 613 2407 614 2408 614 2409 608 2410 612 2411 612 2412 611 2413 615 2414 615 2415 616 2416 612 2417 612 2418 616 2419 617 2420 617 2421 613 2422 612 2423 617 2424 618 2425 619 2426 619 2427 613 2428 617 2429 617 2430 616 2431 620 2432 620 2433 621 2434 617 2435 617 2436 621 2437 622 2438 622 2439 618 2440 617 2441 622 2442 623 2443 624 2444 624 2445 618 2446 622 2447 622 2448 621 2449 625 2450 625 2451 626 2452 622 2453 622 2454 626 2455 627 2456 627 2457 623 2458 622 2459 627 2460 628 2461 629 2462 629 2463 623 2464 627 2465 627 2466 626 2467 630 2468 630 2469 631 2470 627 2471 627 2472 631 2473 632 2474 632 2475 628 2476 627 2477 632 2478 633 2479 634 2480 634 2481 628 2482 632 2483 632 2484 631 2485 635 2486 635 2487 636 2488 632 2489 632 2490 636 2491 637 2492 637 2493 633 2494 632 2495 637 2496 638 2497 639 2498 639 2499 633 2500 637 2501 637 2502 636 2503 640 2504 640 2505 641 2506 637 2507 637 2508 641 2509 642 2510 642 2511 638 2512 637 2513 642 2514 643 2515 644 2516 644 2517 638 2518 642 2519 642 2520 641 2521 645 2522 645 2523 646 2524 642 2525 642 2526 646 2527 647 2528 647 2529 643 2530 642 2531 647 2532 648 2533 649 2534 649 2535 643 2536 647 2537 647 2538 646 2539 650 2540 650 2541 651 2542 647 2543 647 2544 651 2545 371 2546 371 2547 648 2548 647 2549 651 2550 650 2551 652 2552 652 2553 653 2554 651 2555 651 2556 653 2557 372 2558 372 2559 371 2560 651 2561 653 2562 652 2563 654 2564 654 2565 655 2566 653 2567 653 2568 655 2569 373 2570 373 2571 372 2572 653 2573 655 2574 654 2575 656 2576 656 2577 657 2578 655 2579 655 2580 657 2581 375 2582 375 2583 373 2584 655 2585 657 2586 656 2587 658 2588 658 2589 659 2590 657 2591 657 2592 659 2593 377 2594 377 2595 375 2596 657 2597 659 2598 658 2599 660 2600 660 2601 661 2602 659 2603 659 2604 661 2605 662 2606 662 2607 377 2608 659 2609 662 2610 661 2611 663 2612 663 2613 664 2614 662 2615 662 2616 664 2617 665 2618 665 2619 380 2620 662 2621 662 2622 380 2623 378 2624 378 2625 377 2626 662 2627 665 2628 664 2629 666 2630 666 2631 667 2632 665 2633 665 2634 667 2635 668 2636 668 2637 384 2638 665 2639 665 2640 384 2641 381 2642 381 2643 380 2644 665 2645 668 2646 667 2647 669 2648 669 2649 670 2650 668 2651 668 2652 670 2653 671 2654 671 2655 387 2656 668 2657 668 2658 387 2659 385 2660 385 2661 384 2662 668 2663 671 2664 670 2665 672 2666 672 2667 673 2668 671 2669 671 2670 673 2671 674 2672 674 2673 390 2674 671 2675 671 2676 390 2677 388 2678 388 2679 387 2680 671 2681 674 2682 673 2683 675 2684 675 2685 676 2686 674 2687 674 2688 676 2689 677 2690 677 2691 393 2692 674 2693 674 2694 393 2695 391 2696 391 2697 390 2698 674 2699 677 2700 676 2701 678 2702 678 2703 679 2704 677 2705 677 2706 679 2707 680 2708 680 2709 396 2710 677 2711 677 2712 396 2713 394 2714 394 2715 393 2716 677 2717 680 2718 679 2719 681 2720 681 2721 682 2722 680 2723 680 2724 682 2725 683 2726 683 2727 399 2728 680 2729 680 2730 399 2731 397 2732 397 2733 396 2734 680 2735 683 2736 682 2737 684 2738 684 2739 685 2740 683 2741 683 2742 685 2743 686 2744 686 2745 402 2746 683 2747 683 2748 402 2749 400 2750 400 2751 399 2752 683 2753 686 2754 685 2755 687 2756 687 2757 688 2758 686 2759 686 2760 688 2761 689 2762 689 2763 405 2764 686 2765 686 2766 405 2767 403 2768 403 2769 402 2770 686 2771 689 2772 688 2773 690 2774 690 2775 691 2776 689 2777 689 2778 691 2779 692 2780 692 2781 408 2782 689 2783 689 2784 408 2785 406 2786 406 2787 405 2788 689 2789 692 2790 691 2791 693 2792 693 2793 694 2794 692 2795 692 2796 694 2797 695 2798 695 2799 411 2800 692 2801 692 2802 411 2803 409 2804 409 2805 408 2806 692 2807 695 2808 694 2809 696 2810 696 2811 697 2812 695 2813 695 2814 697 2815 698 2816 698 2817 414 2818 695 2819 695 2820 414 2821 412 2822 412 2823 411 2824 695 2825 698 2826 697 2827 699 2828 699 2829 700 2830 698 2831 698 2832 700 2833 701 2834 701 2835 702 2836 698 2837 698 2838 702 2839 415 2840 415 2841 414 2842 698 2843 702 2844 701 2845 703 2846 703 2847 704 2848 702 2849 702 2850 704 2851 416 2852 416 2853 415 2854 702 2855 704 2856 703 2857 164 2858 164 2859 705 2860 704 2861 704 2862 705 2863 418 2864 418 2865 416 2866 704 2867 705 2868 164 2869 163 2870 163 2871 706 2872 705 2873 705 2874 706 2875 420 2876 420 2877 418 2878 705 2879 706 2880 163 2881 168 2882 168 2883 707 2884 706 2885 706 2886 707 2887 708 2888 708 2889 420 2890 706 2891 708 2892 436 2893 432 2894 432 2895 423 2896 708 2897 708 2898 423 2899 421 2900 421 2901 420 2902 708 2903 708 2904 707 2905 709 2906 709 2907 436 2908 708 2909 709 2910 441 2911 437 2912 437 2913 436 2914 709 2915 709 2916 707 2917 168 2918 168 2919 710 2920 709 2921 709 2922 710 2923 175 2924 175 2925 441 2926 709 2927 710 2928 168 2929 167 2930 167 2931 711 2932 710 2933 710 2934 711 2935 170 2936 170 2937 175 2938 710 2939 711 2940 167 2941 166 2942 166 2943 712 2944 711 2945 711 2946 712 2947 171 2948 171 2949 170 2950 711 2951 712 2952 713 2953 453 2954 453 2955 171 2956 712 2957 712 2958 166 2959 714 2960 714 2961 713 2962 712 2963 714 2964 715 2965 458 2966 458 2967 713 2968 714 2969 714 2970 166 2971 165 2972 165 2973 716 2974 714 2975 714 2976 716 2977 717 2978 717 2979 715 2980 714 2981 717 2982 718 2983 463 2984 463 2985 715 2986 717 2987 717 2988 716 2989 703 2990 703 2991 701 2992 717 2993 717 2994 701 2995 700 2996 700 2997 718 2998 717 2999 718 3000 468 3001 464 3002 464 3003 463 3004 718 3005 718 3006 700 3007 699 3008 699 3009 468 3010 718 3011 716 3012 165 3013 164 3014 164 3015 703 3016 716 3017 715 3018 463 3019 459 3020 459 3021 458 3022 715 3023 713 3024 458 3025 454 3026 454 3027 453 3028 713 3029 699 3030 473 3031 469 3032 469 3033 468 3034 699 3035 699 3036 697 3037 696 3038 696 3039 473 3040 699 3041 696 3042 478 3043 474 3044 474 3045 473 3046 696 3047 696 3048 694 3049 693 3050 693 3051 478 3052 696 3053 693 3054 483 3055 479 3056 479 3057 478 3058 693 3059 693 3060 691 3061 690 3062 690 3063 483 3064 693 3065 690 3066 488 3067 484 3068 484 3069 483 3070 690 3071 690 3072 688 3073 687 3074 687 3075 488 3076 690 3077 687 3078 493 3079 489 3080 489 3081 488 3082 687 3083 687 3084 685 3085 684 3086 684 3087 493 3088 687 3089 684 3090 498 3091 494 3092 494 3093 493 3094 684 3095 684 3096 682 3097 681 3098 681 3099 498 3100 684 3101 681 3102 503 3103 499 3104 499 3105 498 3106 681 3107 681 3108 679 3109 678 3110 678 3111 503 3112 681 3113 678 3114 508 3115 504 3116 504 3117 503 3118 678 3119 678 3120 676 3121 675 3122 675 3123 508 3124 678 3125 675 3126 513 3127 509 3128 509 3129 508 3130 675 3131 675 3132 673 3133 672 3134 672 3135 513 3136 675 3137 672 3138 516 3139 514 3140 514 3141 513 3142 672 3143 672 3144 670 3145 669 3146 669 3147 516 3148 672 3149 669 3150 520 3151 517 3152 517 3153 516 3154 669 3155 669 3156 667 3157 666 3158 666 3159 520 3160 669 3161 666 3162 525 3163 521 3164 521 3165 520 3166 666 3167 666 3168 664 3169 663 3170 663 3171 525 3172 666 3173 663 3174 530 3175 526 3176 526 3177 525 3178 663 3179 663 3180 661 3181 660 3182 660 3183 530 3184 663 3185 660 3186 535 3187 531 3188 531 3189 530 3190 660 3191 660 3192 658 3193 537 3194 537 3195 535 3196 660 3197 658 3198 656 3199 539 3200 539 3201 537 3202 658 3203 656 3204 654 3205 719 3206 719 3207 539 3208 656 3209 719 3210 542 3211 540 3212 540 3213 539 3214 719 3215 719 3216 654 3217 652 3218 652 3219 720 3220 719 3221 719 3222 720 3223 721 3224 721 3225 542 3226 719 3227 721 3228 720 3229 722 3230 722 3231 723 3232 721 3233 721 3234 723 3235 724 3236 724 3237 725 3238 721 3239 721 3240 725 3241 543 3242 543 3243 542 3244 721 3245 725 3246 724 3247 726 3248 726 3249 727 3250 725 3251 725 3252 727 3253 544 3254 544 3255 543 3256 725 3257 727 3258 726 3259 728 3260 728 3261 553 3262 727 3263 727 3264 553 3265 546 3266 546 3267 544 3268 727 3269 728 3270 558 3271 554 3272 554 3273 553 3274 728 3275 728 3276 726 3277 729 3278 729 3279 730 3280 728 3281 728 3282 730 3283 731 3284 731 3285 558 3286 728 3287 731 3288 563 3289 559 3290 559 3291 558 3292 731 3293 731 3294 730 3295 732 3296 732 3297 733 3298 731 3299 731 3300 733 3301 734 3302 734 3303 563 3304 731 3305 734 3306 568 3307 564 3308 564 3309 563 3310 734 3311 734 3312 733 3313 735 3314 735 3315 736 3316 734 3317 734 3318 736 3319 737 3320 737 3321 568 3322 734 3323 737 3324 573 3325 569 3326 569 3327 568 3328 737 3329 737 3330 736 3331 738 3332 738 3333 739 3334 737 3335 737 3336 739 3337 740 3338 740 3339 573 3340 737 3341 740 3342 578 3343 574 3344 574 3345 573 3346 740 3347 740 3348 739 3349 741 3350 741 3351 742 3352 740 3353 740 3354 742 3355 743 3356 743 3357 578 3358 740 3359 743 3360 583 3361 579 3362 579 3363 578 3364 743 3365 743 3366 742 3367 744 3368 744 3369 745 3370 743 3371 743 3372 745 3373 746 3374 746 3375 583 3376 743 3377 746 3378 588 3379 584 3380 584 3381 583 3382 746 3383 746 3384 745 3385 110 3386 110 3387 109 3388 746 3389 746 3390 109 3391 747 3392 747 3393 588 3394 746 3395 747 3396 592 3397 589 3398 589 3399 588 3400 747 3401 747 3402 109 3403 108 3404 108 3405 601 3406 747 3407 747 3408 601 3409 594 3410 594 3411 592 3412 747 3413 745 3414 744 3415 111 3416 111 3417 110 3418 745 3419 744 3420 742 3421 741 3422 741 3423 748 3424 744 3425 744 3426 748 3427 749 3428 749 3429 111 3430 744 3431 749 3432 748 3433 750 3434 750 3435 615 3436 749 3437 749 3438 615 3439 611 3440 611 3441 610 3442 749 3443 749 3444 610 3445 106 3446 106 3447 111 3448 749 3449 750 3450 748 3451 741 3452 741 3453 751 3454 750 3455 750 3456 751 3457 752 3458 752 3459 620 3460 750 3461 750 3462 620 3463 616 3464 616 3465 615 3466 750 3467 752 3468 751 3469 738 3470 738 3471 753 3472 752 3473 752 3474 753 3475 754 3476 754 3477 625 3478 752 3479 752 3480 625 3481 621 3482 621 3483 620 3484 752 3485 754 3486 630 3487 626 3488 626 3489 625 3490 754 3491 754 3492 753 3493 735 3494 735 3495 755 3496 754 3497 754 3498 755 3499 756 3500 756 3501 630 3502 754 3503 756 3504 635 3505 631 3506 631 3507 630 3508 756 3509 756 3510 755 3511 732 3512 732 3513 757 3514 756 3515 756 3516 757 3517 758 3518 758 3519 635 3520 756 3521 758 3522 640 3523 636 3524 636 3525 635 3526 758 3527 758 3528 757 3529 729 3530 729 3531 759 3532 758 3533 758 3534 759 3535 760 3536 760 3537 640 3538 758 3539 760 3540 645 3541 641 3542 641 3543 640 3544 760 3545 760 3546 759 3547 724 3548 724 3549 723 3550 760 3551 760 3552 723 3553 722 3554 722 3555 645 3556 760 3557 759 3558 729 3559 726 3560 726 3561 724 3562 759 3563 757 3564 732 3565 730 3566 730 3567 729 3568 757 3569 755 3570 735 3571 733 3572 733 3573 732 3574 755 3575 753 3576 738 3577 736 3578 736 3579 735 3580 753 3581 751 3582 741 3583 739 3584 739 3585 738 3586 751 3587 722 3588 650 3589 646 3590 646 3591 645 3592 722 3593 722 3594 720 3595 652 3596 652 3597 650 3598 722 3599 649 3600 761 3601 762 3602 762 3603 763 3604 649 3605 649 3606 763 3607 644 3608 644 3609 643 3610 649 3611 649 3612 648 3613 368 3614 368 3615 761 3616 649 3617 763 3618 762 3619 764 3620 764 3621 765 3622 763 3623 763 3624 765 3625 766 3626 766 3627 644 3628 763 3629 766 3630 765 3631 767 3632 767 3633 768 3634 766 3635 766 3636 768 3637 769 3638 769 3639 639 3640 766 3641 766 3642 639 3643 638 3644 638 3645 644 3646 766 3647 769 3648 768 3649 770 3650 770 3651 771 3652 769 3653 769 3654 771 3655 772 3656 772 3657 634 3658 769 3659 769 3660 634 3661 633 3662 633 3663 639 3664 769 3665 772 3666 771 3667 773 3668 773 3669 774 3670 772 3671 772 3672 774 3673 775 3674 775 3675 629 3676 772 3677 772 3678 629 3679 628 3680 628 3681 634 3682 772 3683 775 3684 774 3685 776 3686 776 3687 777 3688 775 3689 775 3690 777 3691 778 3692 778 3693 624 3694 775 3695 775 3696 624 3697 623 3698 623 3699 629 3700 775 3701 778 3702 777 3703 779 3704 779 3705 780 3706 778 3707 778 3708 780 3709 781 3710 781 3711 619 3712 778 3713 778 3714 619 3715 618 3716 618 3717 624 3718 778 3719 781 3720 780 3721 782 3722 782 3723 783 3724 781 3725 781 3726 783 3727 784 3728 784 3729 614 3730 781 3731 781 3732 614 3733 613 3734 613 3735 619 3736 781 3737 784 3738 783 3739 785 3740 785 3741 786 3742 784 3743 784 3744 786 3745 787 3746 787 3747 609 3748 784 3749 784 3750 609 3751 608 3752 608 3753 614 3754 784 3755 787 3756 786 3757 788 3758 788 3759 789 3760 787 3761 787 3762 789 3763 790 3764 790 3765 605 3766 787 3767 787 3768 605 3769 604 3770 604 3771 609 3772 787 3773 790 3774 789 3775 791 3776 791 3777 792 3778 790 3779 790 3780 792 3781 793 3782 793 3783 600 3784 790 3785 790 3786 600 3787 599 3788 599 3789 605 3790 790 3791 793 3792 792 3793 794 3794 794 3795 795 3796 793 3797 793 3798 795 3799 796 3800 796 3801 597 3802 793 3803 793 3804 597 3805 596 3806 596 3807 600 3808 793 3809 796 3810 795 3811 797 3812 797 3813 798 3814 796 3815 796 3816 798 3817 116 3818 116 3819 115 3820 796 3821 796 3822 115 3823 114 3824 114 3825 597 3826 796 3827 798 3828 797 3829 799 3830 799 3831 800 3832 798 3833 798 3834 800 3835 801 3836 801 3837 116 3838 798 3839 801 3840 800 3841 802 3842 802 3843 803 3844 801 3845 801 3846 803 3847 804 3848 804 3849 805 3850 801 3851 801 3852 805 3853 117 3854 117 3855 116 3856 801 3857 805 3858 804 3859 806 3860 806 3861 591 3862 805 3863 805 3864 591 3865 118 3866 118 3867 117 3868 805 3869 806 3870 804 3871 807 3872 807 3873 808 3874 806 3875 806 3876 808 3877 809 3878 809 3879 587 3880 806 3881 806 3882 587 3883 586 3884 586 3885 591 3886 806 3887 809 3888 808 3889 810 3890 810 3891 811 3892 809 3893 809 3894 811 3895 812 3896 812 3897 582 3898 809 3899 809 3900 582 3901 581 3902 581 3903 587 3904 809 3905 812 3906 811 3907 813 3908 813 3909 814 3910 812 3911 812 3912 814 3913 815 3914 815 3915 577 3916 812 3917 812 3918 577 3919 576 3920 576 3921 582 3922 812 3923 815 3924 814 3925 816 3926 816 3927 817 3928 815 3929 815 3930 817 3931 818 3932 818 3933 572 3934 815 3935 815 3936 572 3937 571 3938 571 3939 577 3940 815 3941 818 3942 817 3943 819 3944 819 3945 820 3946 818 3947 818 3948 820 3949 821 3950 821 3951 567 3952 818 3953 818 3954 567 3955 566 3956 566 3957 572 3958 818 3959 821 3960 820 3961 822 3962 822 3963 823 3964 821 3965 821 3966 823 3967 824 3968 824 3969 562 3970 821 3971 821 3972 562 3973 561 3974 561 3975 567 3976 821 3977 824 3978 823 3979 825 3980 825 3981 826 3982 824 3983 824 3984 826 3985 827 3986 827 3987 557 3988 824 3989 824 3990 557 3991 556 3992 556 3993 562 3994 824 3995 827 3996 826 3997 828 3998 828 3999 829 4000 827 4001 827 4002 829 4003 830 4004 830 4005 552 4006 827 4007 827 4008 552 4009 551 4010 551 4011 557 4012 827 4013 830 4014 829 4015 831 4016 831 4017 832 4018 830 4019 830 4020 832 4021 833 4022 833 4023 549 4024 830 4025 830 4026 549 4027 548 4028 548 4029 552 4030 830 4031 833 4032 832 4033 834 4034 834 4035 835 4036 833 4037 833 4038 835 4039 86 4040 86 4041 85 4042 833 4043 833 4044 85 4045 84 4046 84 4047 549 4048 833 4049 835 4050 834 4051 836 4052 836 4053 837 4054 835 4055 835 4056 837 4057 838 4058 838 4059 86 4060 835 4061 838 4062 837 4063 839 4064 839 4065 840 4066 838 4067 838 4068 840 4069 841 4070 841 4071 842 4072 838 4073 838 4074 842 4075 87 4076 87 4077 86 4078 838 4079 842 4080 841 4081 843 4082 843 4083 844 4084 842 4085 842 4086 844 4087 845 4088 845 4089 87 4090 842 4091 845 4092 844 4093 846 4094 846 4095 847 4096 845 4097 845 4098 847 4099 848 4100 848 4101 849 4102 845 4103 845 4104 849 4105 80 4106 80 4107 87 4108 845 4109 849 4110 848 4111 534 4112 534 4113 533 4114 849 4115 849 4116 533 4117 81 4118 81 4119 80 4120 849 4121 848 4122 847 4123 125 4124 125 4125 850 4126 848 4127 848 4128 850 4129 851 4130 851 4131 534 4132 848 4133 851 4134 850 4135 148 4136 148 4137 147 4138 851 4139 851 4140 147 4141 154 4142 154 4143 529 4144 851 4145 851 4146 529 4147 528 4148 528 4149 534 4150 851 4151 850 4152 125 4153 122 4154 122 4155 148 4156 850 4157 847 4158 846 4159 123 4160 123 4161 125 4162 847 4163 846 4164 852 4165 124 4166 124 4167 123 4168 846 4169 846 4170 844 4171 843 4172 843 4173 852 4174 846 4175 852 4176 853 4177 854 4178 854 4179 124 4180 852 4181 852 4182 843 4183 855 4184 855 4185 853 4186 852 4187 855 4188 856 4189 857 4190 857 4191 853 4192 855 4193 855 4194 843 4195 841 4196 841 4197 858 4198 855 4199 855 4200 858 4201 859 4202 859 4203 856 4204 855 4205 859 4206 858 4207 860 4208 860 4209 861 4210 859 4211 859 4212 861 4213 862 4214 862 4215 863 4216 859 4217 859 4218 863 4219 864 4220 864 4221 856 4222 859 4223 864 4224 863 4225 865 4226 865 4227 866 4228 864 4229 864 4230 866 4231 867 4232 867 4233 868 4234 864 4235 864 4236 868 4237 857 4238 857 4239 856 4240 864 4241 868 4242 867 4243 869 4244 869 4245 870 4246 868 4247 868 4248 870 4249 871 4250 871 4251 857 4252 868 4253 871 4254 854 4255 853 4256 853 4257 857 4258 871 4259 871 4260 870 4261 872 4262 872 4263 873 4264 871 4265 871 4266 873 4267 874 4268 874 4269 854 4270 871 4271 874 4272 120 4273 124 4274 124 4275 854 4276 874 4277 874 4278 873 4279 875 4280 875 4281 876 4282 874 4283 874 4284 876 4285 121 4286 121 4287 120 4288 874 4289 876 4290 875 4291 877 4292 877 4293 878 4294 876 4295 876 4296 878 4297 149 4298 149 4299 121 4300 876 4301 878 4302 877 4303 879 4304 879 4305 880 4306 878 4307 878 4308 880 4309 150 4310 150 4311 149 4312 878 4313 880 4314 879 4315 881 4316 881 4317 882 4318 880 4319 880 4320 882 4321 151 4322 151 4323 150 4324 880 4325 882 4326 881 4327 883 4328 883 4329 884 4330 882 4331 882 4332 884 4333 885 4334 885 4335 151 4336 882 4337 885 4338 886 4339 152 4340 152 4341 151 4342 885 4343 885 4344 884 4345 887 4346 887 4347 888 4348 885 4349 885 4350 888 4351 889 4352 889 4353 886 4354 885 4355 889 4356 890 4357 891 4358 891 4359 886 4360 889 4361 889 4362 888 4363 892 4364 892 4365 893 4366 889 4367 889 4368 893 4369 894 4370 894 4371 890 4372 889 4373 894 4374 895 4375 96 4376 96 4377 890 4378 894 4379 894 4380 893 4381 896 4382 896 4383 897 4384 894 4385 894 4386 897 4387 898 4388 898 4389 895 4390 894 4391 898 4392 899 4393 900 4394 900 4395 895 4396 898 4397 898 4398 897 4399 901 4400 901 4401 902 4402 898 4403 898 4404 902 4405 903 4406 903 4407 899 4408 898 4409 903 4410 904 4411 905 4412 905 4413 899 4414 903 4415 903 4416 902 4417 906 4418 906 4419 907 4420 903 4421 903 4422 907 4423 908 4424 908 4425 904 4426 903 4427 908 4428 909 4429 910 4430 910 4431 904 4432 908 4433 908 4434 907 4435 911 4436 911 4437 912 4438 908 4439 908 4440 912 4441 913 4442 913 4443 909 4444 908 4445 913 4446 914 4447 915 4448 915 4449 909 4450 913 4451 913 4452 912 4453 916 4454 916 4455 917 4456 913 4457 913 4458 917 4459 918 4460 918 4461 914 4462 913 4463 918 4464 919 4465 920 4466 920 4467 914 4468 918 4469 918 4470 917 4471 921 4472 921 4473 922 4474 918 4475 918 4476 922 4477 923 4478 923 4479 919 4480 918 4481 923 4482 924 4483 925 4484 925 4485 919 4486 923 4487 923 4488 922 4489 926 4490 926 4491 927 4492 923 4493 923 4494 927 4495 928 4496 928 4497 924 4498 923 4499 928 4500 929 4501 930 4502 930 4503 924 4504 928 4505 928 4506 927 4507 931 4508 931 4509 932 4510 928 4511 928 4512 932 4513 933 4514 933 4515 929 4516 928 4517 933 4518 934 4519 935 4520 935 4521 929 4522 933 4523 933 4524 932 4525 936 4526 936 4527 937 4528 933 4529 933 4530 937 4531 938 4532 938 4533 934 4534 933 4535 938 4536 939 4537 940 4538 940 4539 934 4540 938 4541 938 4542 937 4543 941 4544 941 4545 942 4546 938 4547 938 4548 942 4549 943 4550 943 4551 939 4552 938 4553 943 4554 944 4555 945 4556 945 4557 939 4558 943 4559 943 4560 942 4561 946 4562 946 4563 947 4564 943 4565 943 4566 947 4567 948 4568 948 4569 944 4570 943 4571 948 4572 949 4573 950 4574 950 4575 944 4576 948 4577 948 4578 947 4579 951 4580 951 4581 952 4582 948 4583 948 4584 952 4585 953 4586 953 4587 949 4588 948 4589 953 4590 954 4591 955 4592 955 4593 949 4594 953 4595 953 4596 952 4597 956 4598 956 4599 957 4600 953 4601 953 4602 957 4603 958 4604 958 4605 954 4606 953 4607 958 4608 959 4609 960 4610 960 4611 954 4612 958 4613 958 4614 957 4615 961 4616 961 4617 962 4618 958 4619 958 4620 962 4621 963 4622 963 4623 959 4624 958 4625 963 4626 964 4627 965 4628 965 4629 959 4630 963 4631 963 4632 962 4633 966 4634 966 4635 967 4636 963 4637 963 4638 967 4639 968 4640 968 4641 964 4642 963 4643 968 4644 969 4645 970 4646 970 4647 964 4648 968 4649 968 4650 967 4651 971 4652 971 4653 972 4654 968 4655 968 4656 972 4657 973 4658 973 4659 969 4660 968 4661 973 4662 974 4663 975 4664 975 4665 969 4666 973 4667 973 4668 972 4669 976 4670 976 4671 977 4672 973 4673 973 4674 977 4675 978 4676 978 4677 974 4678 973 4679 978 4680 979 4681 980 4682 980 4683 974 4684 978 4685 978 4686 977 4687 981 4688 981 4689 982 4690 978 4691 978 4692 982 4693 983 4694 983 4695 979 4696 978 4697 983 4698 984 4699 54 4700 54 4701 979 4702 983 4703 983 4704 982 4705 985 4706 985 4707 986 4708 983 4709 983 4710 986 4711 987 4712 987 4713 984 4714 983 4715 987 4716 988 4717 989 4718 989 4719 984 4720 987 4721 987 4722 986 4723 990 4724 990 4725 991 4726 987 4727 987 4728 991 4729 992 4730 992 4731 988 4732 987 4733 992 4734 993 4735 994 4736 994 4737 988 4738 992 4739 992 4740 991 4741 995 4742 995 4743 996 4744 992 4745 992 4746 996 4747 997 4748 997 4749 993 4750 992 4751 997 4752 998 4753 999 4754 999 4755 993 4756 997 4757 997 4758 996 4759 1000 4760 1000 4761 1001 4762 997 4763 997 4764 1001 4765 1002 4766 1002 4767 998 4768 997 4769 1002 4770 1003 4771 1004 4772 1004 4773 998 4774 1002 4775 1002 4776 1001 4777 1005 4778 1005 4779 1006 4780 1002 4781 1002 4782 1006 4783 1007 4784 1007 4785 1003 4786 1002 4787 1007 4788 1008 4789 1009 4790 1009 4791 1003 4792 1007 4793 1007 4794 1006 4795 1010 4796 1010 4797 1011 4798 1007 4799 1007 4800 1011 4801 1012 4802 1012 4803 1008 4804 1007 4805 1012 4806 1013 4807 1014 4808 1014 4809 1008 4810 1012 4811 1012 4812 1011 4813 1015 4814 1015 4815 1016 4816 1012 4817 1012 4818 1016 4819 1017 4820 1017 4821 1013 4822 1012 4823 1017 4824 1018 4825 1019 4826 1019 4827 1013 4828 1017 4829 1017 4830 1016 4831 1020 4832 1020 4833 1021 4834 1017 4835 1017 4836 1021 4837 1022 4838 1022 4839 1018 4840 1017 4841 1022 4842 1023 4843 1024 4844 1024 4845 1018 4846 1022 4847 1022 4848 1021 4849 1025 4850 1025 4851 1026 4852 1022 4853 1022 4854 1026 4855 1027 4856 1027 4857 1023 4858 1022 4859 1027 4860 1028 4861 1029 4862 1029 4863 1023 4864 1027 4865 1027 4866 1026 4867 1030 4868 1030 4869 1031 4870 1027 4871 1027 4872 1031 4873 1032 4874 1032 4875 1028 4876 1027 4877 1032 4878 1033 4879 1034 4880 1034 4881 1028 4882 1032 4883 1032 4884 1031 4885 1035 4886 1035 4887 1036 4888 1032 4889 1032 4890 1036 4891 1037 4892 1037 4893 1033 4894 1032 4895 1037 4896 1038 4897 1039 4898 1039 4899 1033 4900 1037 4901 1037 4902 1036 4903 1040 4904 1040 4905 1041 4906 1037 4907 1037 4908 1041 4909 1042 4910 1042 4911 1038 4912 1037 4913 1042 4914 1043 4915 308 4916 308 4917 1038 4918 1042 4919 1042 4920 1041 4921 1044 4922 1044 4923 1045 4924 1042 4925 1042 4926 1045 4927 1046 4928 1046 4929 1043 4930 1042 4931 1046 4932 314 4933 312 4934 312 4935 1043 4936 1046 4937 1046 4938 1045 4939 1047 4940 1047 4941 1048 4942 1046 4943 1046 4944 1048 4945 316 4946 316 4947 314 4948 1046 4949 1048 4950 1047 4951 1049 4952 1049 4953 1050 4954 1048 4955 1048 4956 1050 4957 318 4958 318 4959 316 4960 1048 4961 1050 4962 1049 4963 1051 4964 1051 4965 1052 4966 1050 4967 1050 4968 1052 4969 1053 4970 1053 4971 318 4972 1050 4973 1053 4974 321 4975 319 4976 319 4977 318 4978 1053 4979 1053 4980 1052 4981 1054 4982 1054 4983 1055 4984 1053 4985 1053 4986 1055 4987 1056 4988 1056 4989 321 4990 1053 4991 1056 4992 1057 4993 322 4994 322 4995 321 4996 1056 4997 1056 4998 1055 4999 1058 5000 1058 5001 71 5002 1056 5003 1056 5004 71 5005 70 5006 70 5007 1057 5008 1056 5009 1058 5010 1059 5011 1060 5012 1060 5013 1061 5014 1058 5015 1058 5016 1061 5017 72 5018 72 5019 71 5020 1058 5021 1058 5022 1055 5023 1054 5024 1054 5025 1059 5026 1058 5027 1061 5028 1060 5029 1062 5030 1062 5031 1063 5032 1061 5033 1061 5034 1063 5035 1064 5036 1064 5037 72 5038 1061 5039 1064 5040 1063 5041 1065 5042 1065 5043 1066 5044 1064 5045 1064 5046 1066 5047 1067 5048 1067 5049 1068 5050 1064 5051 1064 5052 1068 5053 69 5054 69 5055 72 5056 1064 5057 1068 5058 1067 5059 1069 5060 1069 5061 1070 5062 1068 5063 1068 5064 1070 5065 70 5066 70 5067 69 5068 1068 5069 1070 5070 1069 5071 1071 5072 1071 5073 1072 5074 1070 5075 1070 5076 1072 5077 1057 5078 1057 5079 70 5080 1070 5081 1072 5082 1071 5083 325 5084 325 5085 323 5086 1072 5087 1072 5088 323 5089 322 5090 322 5091 1057 5092 1072 5093 1071 5094 1069 5095 13 5096 13 5097 12 5098 1071 5099 1071 5100 12 5101 327 5102 327 5103 325 5104 1071 5105 1069 5106 1067 5107 1073 5108 1073 5109 13 5110 1069 5111 1073 5112 1074 5113 1075 5114 1075 5115 1076 5116 1073 5117 1073 5118 1076 5119 14 5120 14 5121 13 5122 1073 5123 1073 5124 1067 5125 1066 5126 1066 5127 1074 5128 1073 5129 1076 5130 1075 5131 1077 5132 1077 5133 1078 5134 1076 5135 1076 5136 1078 5137 15 5138 15 5139 14 5140 1076 5141 1078 5142 1077 5143 1079 5144 1079 5145 1080 5146 1078 5147 1078 5148 1080 5149 1081 5150 1081 5151 15 5152 1078 5153 1081 5154 1080 5155 1082 5156 1082 5157 1083 5158 1081 5159 1081 5160 1083 5161 1084 5162 1084 5163 1085 5164 1081 5165 1081 5166 1085 5167 16 5168 16 5169 15 5170 1081 5171 1085 5172 1084 5173 1086 5174 1086 5175 1087 5176 1085 5177 1085 5178 1087 5179 17 5180 17 5181 16 5182 1085 5183 1087 5184 1086 5185 1088 5186 1088 5187 1089 5188 1087 5189 1087 5190 1089 5191 1090 5192 1090 5193 17 5194 1087 5195 1090 5196 1089 5197 1091 5198 1091 5199 1092 5200 1090 5201 1090 5202 1092 5203 341 5204 341 5205 1093 5206 1090 5207 1090 5208 1093 5209 18 5210 18 5211 17 5212 1090 5213 1093 5214 341 5215 339 5216 339 5217 338 5218 1093 5219 1093 5220 338 5221 1094 5222 1094 5223 18 5224 1093 5225 1094 5226 1095 5227 11 5228 11 5229 18 5230 1094 5231 1094 5232 338 5233 335 5234 335 5235 333 5236 1094 5237 1094 5238 333 5239 330 5240 330 5241 1095 5242 1094 5243 1095 5244 327 5245 12 5246 12 5247 11 5248 1095 5249 1095 5250 330 5251 328 5252 328 5253 327 5254 1095 5255 1092 5256 1091 5257 1096 5258 1096 5259 344 5260 1092 5261 1092 5262 344 5263 342 5264 342 5265 341 5266 1092 5267 1096 5268 1091 5269 1097 5270 1097 5271 1098 5272 1096 5273 1096 5274 1098 5275 1099 5276 1099 5277 347 5278 1096 5279 1096 5280 347 5281 345 5282 345 5283 344 5284 1096 5285 1099 5286 1098 5287 1100 5288 1100 5289 1101 5290 1099 5291 1099 5292 1101 5293 352 5294 352 5295 350 5296 1099 5297 1099 5298 350 5299 348 5300 348 5301 347 5302 1099 5303 1101 5304 1100 5305 1102 5306 1102 5307 1103 5308 1101 5309 1101 5310 1103 5311 354 5312 354 5313 352 5314 1101 5315 1103 5316 1102 5317 1104 5318 1104 5319 1105 5320 1103 5321 1103 5322 1105 5323 356 5324 356 5325 354 5326 1103 5327 1105 5328 1104 5329 1106 5330 1106 5331 1107 5332 1105 5333 1105 5334 1107 5335 1108 5336 1108 5337 356 5338 1105 5339 1108 5340 1107 5341 1109 5342 1109 5343 1110 5344 1108 5345 1108 5346 1110 5347 1111 5348 1111 5349 359 5350 1108 5351 1108 5352 359 5353 357 5354 357 5355 356 5356 1108 5357 1111 5358 1110 5359 1112 5360 1112 5361 1113 5362 1111 5363 1111 5364 1113 5365 1114 5366 1114 5367 1115 5368 1111 5369 1111 5370 1115 5371 360 5372 360 5373 359 5374 1111 5375 1115 5376 1114 5377 1116 5378 1116 5379 1117 5380 1115 5381 1115 5382 1117 5383 361 5384 361 5385 360 5386 1115 5387 1117 5388 1116 5389 1118 5390 1118 5391 1119 5392 1117 5393 1117 5394 1119 5395 363 5396 363 5397 361 5398 1117 5399 1119 5400 1118 5401 1120 5402 1120 5403 1121 5404 1119 5405 1119 5406 1121 5407 365 5408 365 5409 363 5410 1119 5411 1121 5412 1120 5413 764 5414 764 5415 762 5416 1121 5417 1121 5418 762 5419 761 5420 761 5421 365 5422 1121 5423 1120 5424 1118 5425 1122 5426 1122 5427 1123 5428 1120 5429 1120 5430 1123 5431 1124 5432 1124 5433 764 5434 1120 5435 1124 5436 1123 5437 1125 5438 1125 5439 1126 5440 1124 5441 1124 5442 1126 5443 1127 5444 1127 5445 767 5446 1124 5447 1124 5448 767 5449 765 5450 765 5451 764 5452 1124 5453 1127 5454 1126 5455 1128 5456 1128 5457 1129 5458 1127 5459 1127 5460 1129 5461 1130 5462 1130 5463 770 5464 1127 5465 1127 5466 770 5467 768 5468 768 5469 767 5470 1127 5471 1130 5472 1129 5473 1131 5474 1131 5475 1132 5476 1130 5477 1130 5478 1132 5479 1133 5480 1133 5481 773 5482 1130 5483 1130 5484 773 5485 771 5486 771 5487 770 5488 1130 5489 1133 5490 1132 5491 1134 5492 1134 5493 1135 5494 1133 5495 1133 5496 1135 5497 1136 5498 1136 5499 776 5500 1133 5501 1133 5502 776 5503 774 5504 774 5505 773 5506 1133 5507 1136 5508 1135 5509 1137 5510 1137 5511 1138 5512 1136 5513 1136 5514 1138 5515 1139 5516 1139 5517 779 5518 1136 5519 1136 5520 779 5521 777 5522 777 5523 776 5524 1136 5525 1139 5526 1138 5527 1140 5528 1140 5529 1141 5530 1139 5531 1139 5532 1141 5533 1142 5534 1142 5535 782 5536 1139 5537 1139 5538 782 5539 780 5540 780 5541 779 5542 1139 5543 1142 5544 1141 5545 1143 5546 1143 5547 1144 5548 1142 5549 1142 5550 1144 5551 1145 5552 1145 5553 785 5554 1142 5555 1142 5556 785 5557 783 5558 783 5559 782 5560 1142 5561 1145 5562 1144 5563 1146 5564 1146 5565 1147 5566 1145 5567 1145 5568 1147 5569 1148 5570 1148 5571 788 5572 1145 5573 1145 5574 788 5575 786 5576 786 5577 785 5578 1145 5579 1148 5580 1147 5581 1149 5582 1149 5583 1150 5584 1148 5585 1148 5586 1150 5587 1151 5588 1151 5589 791 5590 1148 5591 1148 5592 791 5593 789 5594 789 5595 788 5596 1148 5597 1151 5598 1150 5599 1152 5600 1152 5601 1153 5602 1151 5603 1151 5604 1153 5605 1154 5606 1154 5607 794 5608 1151 5609 1151 5610 794 5611 792 5612 792 5613 791 5614 1151 5615 1154 5616 1153 5617 1155 5618 1155 5619 1156 5620 1154 5621 1154 5622 1156 5623 799 5624 799 5625 797 5626 1154 5627 1154 5628 797 5629 795 5630 795 5631 794 5632 1154 5633 1156 5634 1155 5635 1157 5636 1157 5637 1158 5638 1156 5639 1156 5640 1158 5641 1159 5642 1159 5643 799 5644 1156 5645 1159 5646 1158 5647 1160 5648 1160 5649 1161 5650 1159 5651 1159 5652 1161 5653 1162 5654 1162 5655 802 5656 1159 5657 1159 5658 802 5659 800 5660 800 5661 799 5662 1159 5663 1162 5664 1161 5665 1163 5666 1163 5667 1164 5668 1162 5669 1162 5670 1164 5671 1165 5672 1165 5673 1166 5674 1162 5675 1162 5676 1166 5677 803 5678 803 5679 802 5680 1162 5681 1166 5682 1165 5683 1167 5684 1167 5685 807 5686 1166 5687 1166 5688 807 5689 804 5690 804 5691 803 5692 1166 5693 1167 5694 1165 5695 1168 5696 1168 5697 1169 5698 1167 5699 1167 5700 1169 5701 1170 5702 1170 5703 810 5704 1167 5705 1167 5706 810 5707 808 5708 808 5709 807 5710 1167 5711 1170 5712 1169 5713 1171 5714 1171 5715 1172 5716 1170 5717 1170 5718 1172 5719 1173 5720 1173 5721 813 5722 1170 5723 1170 5724 813 5725 811 5726 811 5727 810 5728 1170 5729 1173 5730 1172 5731 1174 5732 1174 5733 1175 5734 1173 5735 1173 5736 1175 5737 1176 5738 1176 5739 816 5740 1173 5741 1173 5742 816 5743 814 5744 814 5745 813 5746 1173 5747 1176 5748 1175 5749 1177 5750 1177 5751 1178 5752 1176 5753 1176 5754 1178 5755 1179 5756 1179 5757 819 5758 1176 5759 1176 5760 819 5761 817 5762 817 5763 816 5764 1176 5765 1179 5766 1178 5767 1180 5768 1180 5769 1181 5770 1179 5771 1179 5772 1181 5773 1182 5774 1182 5775 822 5776 1179 5777 1179 5778 822 5779 820 5780 820 5781 819 5782 1179 5783 1182 5784 1181 5785 1183 5786 1183 5787 1184 5788 1182 5789 1182 5790 1184 5791 1185 5792 1185 5793 825 5794 1182 5795 1182 5796 825 5797 823 5798 823 5799 822 5800 1182 5801 1185 5802 1184 5803 1186 5804 1186 5805 1187 5806 1185 5807 1185 5808 1187 5809 1188 5810 1188 5811 828 5812 1185 5813 1185 5814 828 5815 826 5816 826 5817 825 5818 1185 5819 1188 5820 1187 5821 1189 5822 1189 5823 1190 5824 1188 5825 1188 5826 1190 5827 1191 5828 1191 5829 831 5830 1188 5831 1188 5832 831 5833 829 5834 829 5835 828 5836 1188 5837 1191 5838 1190 5839 1192 5840 1192 5841 1193 5842 1191 5843 1191 5844 1193 5845 836 5846 836 5847 834 5848 1191 5849 1191 5850 834 5851 832 5852 832 5853 831 5854 1191 5855 1193 5856 1192 5857 1194 5858 1194 5859 1195 5860 1193 5861 1193 5862 1195 5863 1196 5864 1196 5865 836 5866 1193 5867 1196 5868 1195 5869 137 5870 137 5871 136 5872 1196 5873 1196 5874 136 5875 135 5876 135 5877 839 5878 1196 5879 1196 5880 839 5881 837 5882 837 5883 836 5884 1196 5885 1195 5886 1194 5887 1197 5888 1197 5889 137 5890 1195 5891 1197 5892 1198 5893 1199 5894 1199 5895 1200 5896 1197 5897 1197 5898 1200 5899 138 5900 138 5901 137 5902 1197 5903 1197 5904 1194 5905 1201 5906 1201 5907 1198 5908 1197 5909 1201 5910 1202 5911 1203 5912 1203 5913 1198 5914 1201 5915 1201 5916 1194 5917 1192 5918 1192 5919 1204 5920 1201 5921 1201 5922 1204 5923 1205 5924 1205 5925 1202 5926 1201 5927 1205 5928 1206 5929 146 5930 146 5931 1202 5932 1205 5933 1205 5934 1204 5935 1189 5936 1189 5937 1207 5938 1205 5939 1205 5940 1207 5941 1208 5942 1208 5943 1206 5944 1205 5945 1208 5946 1209 5947 1210 5948 1210 5949 1206 5950 1208 5951 1208 5952 1207 5953 1186 5954 1186 5955 1211 5956 1208 5957 1208 5958 1211 5959 1212 5960 1212 5961 1209 5962 1208 5963 1212 5964 1213 5965 1214 5966 1214 5967 1209 5968 1212 5969 1212 5970 1211 5971 1183 5972 1183 5973 1215 5974 1212 5975 1212 5976 1215 5977 1216 5978 1216 5979 1213 5980 1212 5981 1216 5982 1217 5983 1218 5984 1218 5985 1213 5986 1216 5987 1216 5988 1215 5989 1180 5990 1180 5991 1219 5992 1216 5993 1216 5994 1219 5995 1220 5996 1220 5997 1217 5998 1216 5999 1220 6000 1221 6001 1222 6002 1222 6003 1217 6004 1220 6005 1220 6006 1219 6007 1177 6008 1177 6009 1223 6010 1220 6011 1220 6012 1223 6013 1224 6014 1224 6015 1221 6016 1220 6017 1224 6018 1225 6019 1226 6020 1226 6021 1221 6022 1224 6023 1224 6024 1223 6025 1174 6026 1174 6027 1227 6028 1224 6029 1224 6030 1227 6031 1228 6032 1228 6033 1225 6034 1224 6035 1228 6036 1229 6037 1230 6038 1230 6039 1225 6040 1228 6041 1228 6042 1227 6043 1171 6044 1171 6045 1231 6046 1228 6047 1228 6048 1231 6049 1232 6050 1232 6051 1229 6052 1228 6053 1232 6054 1233 6055 1234 6056 1234 6057 1229 6058 1232 6059 1232 6060 1231 6061 1168 6062 1168 6063 1235 6064 1232 6065 1232 6066 1235 6067 1236 6068 1236 6069 1233 6070 1232 6071 1236 6072 1237 6073 1238 6074 1238 6075 1233 6076 1236 6077 1236 6078 1235 6079 1164 6080 1164 6081 1163 6082 1236 6083 1236 6084 1163 6085 1239 6086 1239 6087 1237 6088 1236 6089 1239 6090 1240 6091 1241 6092 1241 6093 1237 6094 1239 6095 1239 6096 1163 6097 1161 6098 1161 6099 1160 6100 1239 6101 1239 6102 1160 6103 1242 6104 1242 6105 1240 6106 1239 6107 1242 6108 1243 6109 1244 6110 1244 6111 1240 6112 1242 6113 1242 6114 1160 6115 1158 6116 1158 6117 1157 6118 1242 6119 1242 6120 1157 6121 1245 6122 1245 6123 1243 6124 1242 6125 1245 6126 1246 6127 1247 6128 1247 6129 1243 6130 1245 6131 1245 6132 1157 6133 1155 6134 1155 6135 1248 6136 1245 6137 1245 6138 1248 6139 1249 6140 1249 6141 1246 6142 1245 6143 1249 6144 1250 6145 1251 6146 1251 6147 1246 6148 1249 6149 1249 6150 1248 6151 1152 6152 1152 6153 1252 6154 1249 6155 1249 6156 1252 6157 1253 6158 1253 6159 1250 6160 1249 6161 1253 6162 1254 6163 1255 6164 1255 6165 1250 6166 1253 6167 1253 6168 1252 6169 1149 6170 1149 6171 1256 6172 1253 6173 1253 6174 1256 6175 1257 6176 1257 6177 1254 6178 1253 6179 1257 6180 1258 6181 1259 6182 1259 6183 1254 6184 1257 6185 1257 6186 1256 6187 1146 6188 1146 6189 1260 6190 1257 6191 1257 6192 1260 6193 1261 6194 1261 6195 1258 6196 1257 6197 1261 6198 1262 6199 1263 6200 1263 6201 1258 6202 1261 6203 1261 6204 1260 6205 1143 6206 1143 6207 1264 6208 1261 6209 1261 6210 1264 6211 1265 6212 1265 6213 1262 6214 1261 6215 1265 6216 1266 6217 1267 6218 1267 6219 1262 6220 1265 6221 1265 6222 1264 6223 1140 6224 1140 6225 1268 6226 1265 6227 1265 6228 1268 6229 1269 6230 1269 6231 1266 6232 1265 6233 1269 6234 1270 6235 1271 6236 1271 6237 1266 6238 1269 6239 1269 6240 1268 6241 1137 6242 1137 6243 1272 6244 1269 6245 1269 6246 1272 6247 1273 6248 1273 6249 1270 6250 1269 6251 1273 6252 1274 6253 1275 6254 1275 6255 1270 6256 1273 6257 1273 6258 1272 6259 1134 6260 1134 6261 1276 6262 1273 6263 1273 6264 1276 6265 1277 6266 1277 6267 1274 6268 1273 6269 1277 6270 1278 6271 1279 6272 1279 6273 1274 6274 1277 6275 1277 6276 1276 6277 1131 6278 1131 6279 1280 6280 1277 6281 1277 6282 1280 6283 1281 6284 1281 6285 1278 6286 1277 6287 1281 6288 1282 6289 1283 6290 1283 6291 1278 6292 1281 6293 1281 6294 1280 6295 1128 6296 1128 6297 1284 6298 1281 6299 1281 6300 1284 6301 1285 6302 1285 6303 1282 6304 1281 6305 1285 6306 1286 6307 1287 6308 1287 6309 1282 6310 1285 6311 1285 6312 1284 6313 1125 6314 1125 6315 1288 6316 1285 6317 1285 6318 1288 6319 1289 6320 1289 6321 1286 6322 1285 6323 1289 6324 1290 6325 1291 6326 1291 6327 1286 6328 1289 6329 1289 6330 1288 6331 1122 6332 1122 6333 1292 6334 1289 6335 1289 6336 1292 6337 1293 6338 1293 6339 1290 6340 1289 6341 1293 6342 1294 6343 1295 6344 1295 6345 1290 6346 1293 6347 1293 6348 1292 6349 1116 6350 1116 6351 1114 6352 1293 6353 1293 6354 1114 6355 1113 6356 1113 6357 1294 6358 1293 6359 1295 6360 1296 6361 1297 6362 1297 6363 1298 6364 1295 6365 1295 6366 1298 6367 1291 6368 1291 6369 1290 6370 1295 6371 1295 6372 1294 6373 1299 6374 1299 6375 1296 6376 1295 6377 1299 6378 1300 6379 1301 6380 1301 6381 1296 6382 1299 6383 1299 6384 1294 6385 1113 6386 1113 6387 1112 6388 1299 6389 1299 6390 1112 6391 1302 6392 1302 6393 1300 6394 1299 6395 1302 6396 1303 6397 1304 6398 1304 6399 1300 6400 1302 6401 1302 6402 1112 6403 1110 6404 1110 6405 1109 6406 1302 6407 1302 6408 1109 6409 1305 6410 1305 6411 1303 6412 1302 6413 1305 6414 1306 6415 1307 6416 1307 6417 1303 6418 1305 6419 1305 6420 1109 6421 1107 6422 1107 6423 1106 6424 1305 6425 1305 6426 1106 6427 1308 6428 1308 6429 1306 6430 1305 6431 1308 6432 1309 6433 1310 6434 1310 6435 1306 6436 1308 6437 1308 6438 1106 6439 1104 6440 1104 6441 1311 6442 1308 6443 1308 6444 1311 6445 1312 6446 1312 6447 1309 6448 1308 6449 1312 6450 1313 6451 1314 6452 1314 6453 1309 6454 1312 6455 1312 6456 1311 6457 1315 6458 1315 6459 1316 6460 1312 6461 1312 6462 1316 6463 1317 6464 1317 6465 1313 6466 1312 6467 1317 6468 1318 6469 1319 6470 1319 6471 1313 6472 1317 6473 1317 6474 1316 6475 1320 6476 1320 6477 1321 6478 1317 6479 1317 6480 1321 6481 1322 6482 1322 6483 1318 6484 1317 6485 1322 6486 1323 6487 1324 6488 1324 6489 1318 6490 1322 6491 1322 6492 1321 6493 1086 6494 1086 6495 1084 6496 1322 6497 1322 6498 1084 6499 1083 6500 1083 6501 1323 6502 1322 6503 1324 6504 1325 6505 1326 6506 1326 6507 1327 6508 1324 6509 1324 6510 1327 6511 1319 6512 1319 6513 1318 6514 1324 6515 1324 6516 1323 6517 1328 6518 1328 6519 1325 6520 1324 6521 1328 6522 1329 6523 1330 6524 1330 6525 1325 6526 1328 6527 1328 6528 1323 6529 1083 6530 1083 6531 1082 6532 1328 6533 1328 6534 1082 6535 1331 6536 1331 6537 1329 6538 1328 6539 1331 6540 1332 6541 1333 6542 1333 6543 1329 6544 1331 6545 1331 6546 1082 6547 1080 6548 1080 6549 1079 6550 1331 6551 1331 6552 1079 6553 1334 6554 1334 6555 1332 6556 1331 6557 1334 6558 1335 6559 1336 6560 1336 6561 1332 6562 1334 6563 1334 6564 1079 6565 1077 6566 1077 6567 1337 6568 1334 6569 1334 6570 1337 6571 1338 6572 1338 6573 1335 6574 1334 6575 1338 6576 1339 6577 1340 6578 1340 6579 1335 6580 1338 6581 1338 6582 1337 6583 1341 6584 1341 6585 1342 6586 1338 6587 1338 6588 1342 6589 1343 6590 1343 6591 1339 6592 1338 6593 1343 6594 1344 6595 1345 6596 1345 6597 1339 6598 1343 6599 1343 6600 1342 6601 1346 6602 1346 6603 1347 6604 1343 6605 1343 6606 1347 6607 1348 6608 1348 6609 1344 6610 1343 6611 1348 6612 1349 6613 1350 6614 1350 6615 1344 6616 1348 6617 1348 6618 1347 6619 1351 6620 1351 6621 1352 6622 1348 6623 1348 6624 1352 6625 1353 6626 1353 6627 1349 6628 1348 6629 1353 6630 1354 6631 1355 6632 1355 6633 1349 6634 1353 6635 1353 6636 1352 6637 1356 6638 1356 6639 1357 6640 1353 6641 1353 6642 1357 6643 1358 6644 1358 6645 1354 6646 1353 6647 1358 6648 1359 6649 1360 6650 1360 6651 1354 6652 1358 6653 1358 6654 1357 6655 74 6656 74 6657 79 6658 1358 6659 1358 6660 79 6661 1361 6662 1361 6663 1359 6664 1358 6665 1361 6666 65 6667 64 6668 64 6669 1359 6670 1361 6671 1361 6672 79 6673 78 6674 78 6675 1362 6676 1361 6677 1361 6678 1362 6679 68 6680 68 6681 65 6682 1361 6683 1362 6684 1363 6685 1364 6686 1364 6687 68 6688 1362 6689 1362 6690 78 6691 77 6692 77 6693 1363 6694 1362 6695 1364 6696 1049 6697 1047 6698 1047 6699 1365 6700 1364 6701 1364 6702 1365 6703 66 6704 66 6705 68 6706 1364 6707 1364 6708 1363 6709 1051 6710 1051 6711 1049 6712 1364 6713 1365 6714 1047 6715 1045 6716 1045 6717 1044 6718 1365 6719 1365 6720 1044 6721 67 6722 67 6723 66 6724 1365 6725 1363 6726 77 6727 1366 6728 1366 6729 1051 6730 1363 6731 1366 6732 1054 6733 1052 6734 1052 6735 1051 6736 1366 6737 1366 6738 77 6739 76 6740 76 6741 1367 6742 1366 6743 1366 6744 1367 6745 1059 6746 1059 6747 1054 6748 1366 6749 1367 6750 76 6751 75 6752 75 6753 1368 6754 1367 6755 1367 6756 1368 6757 1060 6758 1060 6759 1059 6760 1367 6761 1368 6762 75 6763 1356 6764 1356 6765 1369 6766 1368 6767 1368 6768 1369 6769 1062 6770 1062 6771 1060 6772 1368 6773 1369 6774 1356 6775 1352 6776 1352 6777 1351 6778 1369 6779 1369 6780 1351 6781 1370 6782 1370 6783 1062 6784 1369 6785 1370 6786 1351 6787 1347 6788 1347 6789 1346 6790 1370 6791 1370 6792 1346 6793 1371 6794 1371 6795 1065 6796 1370 6797 1370 6798 1065 6799 1063 6800 1063 6801 1062 6802 1370 6803 1371 6804 1346 6805 1342 6806 1342 6807 1341 6808 1371 6809 1371 6810 1341 6811 1075 6812 1075 6813 1074 6814 1371 6815 1371 6816 1074 6817 1066 6818 1066 6819 1065 6820 1371 6821 1360 6822 1372 6823 1373 6824 1373 6825 1374 6826 1360 6827 1360 6828 1374 6829 1355 6830 1355 6831 1354 6832 1360 6833 1360 6834 1359 6835 64 6836 64 6837 1372 6838 1360 6839 1374 6840 1373 6841 1030 6842 1030 6843 1375 6844 1374 6845 1374 6846 1375 6847 1376 6848 1376 6849 1355 6850 1374 6851 1376 6852 1375 6853 1025 6854 1025 6855 1377 6856 1376 6857 1376 6858 1377 6859 1378 6860 1378 6861 1350 6862 1376 6863 1376 6864 1350 6865 1349 6866 1349 6867 1355 6868 1376 6869 1378 6870 1377 6871 1020 6872 1020 6873 1379 6874 1378 6875 1378 6876 1379 6877 1380 6878 1380 6879 1345 6880 1378 6881 1378 6882 1345 6883 1344 6884 1344 6885 1350 6886 1378 6887 1380 6888 1379 6889 1015 6890 1015 6891 1381 6892 1380 6893 1380 6894 1381 6895 1382 6896 1382 6897 1340 6898 1380 6899 1380 6900 1340 6901 1339 6902 1339 6903 1345 6904 1380 6905 1382 6906 1381 6907 1010 6908 1010 6909 1383 6910 1382 6911 1382 6912 1383 6913 1384 6914 1384 6915 1336 6916 1382 6917 1382 6918 1336 6919 1335 6920 1335 6921 1340 6922 1382 6923 1384 6924 1383 6925 1005 6926 1005 6927 1385 6928 1384 6929 1384 6930 1385 6931 1386 6932 1386 6933 1333 6934 1384 6935 1384 6936 1333 6937 1332 6938 1332 6939 1336 6940 1384 6941 1386 6942 1385 6943 1000 6944 1000 6945 1387 6946 1386 6947 1386 6948 1387 6949 1388 6950 1388 6951 1330 6952 1386 6953 1386 6954 1330 6955 1329 6956 1329 6957 1333 6958 1386 6959 1388 6960 1387 6961 995 6962 995 6963 1389 6964 1388 6965 1388 6966 1389 6967 1390 6968 1390 6969 1326 6970 1388 6971 1388 6972 1326 6973 1325 6974 1325 6975 1330 6976 1388 6977 1390 6978 1389 6979 990 6980 990 6981 1391 6982 1390 6983 1390 6984 1391 6985 1392 6986 1392 6987 1393 6988 1390 6989 1390 6990 1393 6991 1327 6992 1327 6993 1326 6994 1390 6995 1393 6996 1392 6997 1394 6998 1394 6999 1395 7000 1393 7001 1393 7002 1395 7003 1319 7004 1319 7005 1327 7006 1393 7007 1395 7008 1394 7009 1396 7010 1396 7011 1314 7012 1395 7013 1395 7014 1314 7015 1313 7016 1313 7017 1319 7018 1395 7019 1396 7020 1394 7021 1397 7022 1397 7023 1398 7024 1396 7025 1396 7026 1398 7027 1399 7028 1399 7029 1310 7030 1396 7031 1396 7032 1310 7033 1309 7034 1309 7035 1314 7036 1396 7037 1399 7038 1398 7039 1400 7040 1400 7041 1401 7042 1399 7043 1399 7044 1401 7045 1402 7046 1402 7047 1307 7048 1399 7049 1399 7050 1307 7051 1306 7052 1306 7053 1310 7054 1399 7055 1402 7056 1401 7057 1403 7058 1403 7059 1404 7060 1402 7061 1402 7062 1404 7063 1405 7064 1405 7065 1304 7066 1402 7067 1402 7068 1304 7069 1303 7070 1303 7071 1307 7072 1402 7073 1405 7074 1404 7075 1406 7076 1406 7077 1407 7078 1405 7079 1405 7080 1407 7081 1408 7082 1408 7083 1301 7084 1405 7085 1405 7086 1301 7087 1300 7088 1300 7089 1304 7090 1405 7091 1408 7092 1407 7093 1409 7094 1409 7095 1410 7096 1408 7097 1408 7098 1410 7099 1411 7100 1411 7101 1297 7102 1408 7103 1408 7104 1297 7105 1296 7106 1296 7107 1301 7108 1408 7109 1411 7110 1410 7111 1412 7112 1412 7113 1413 7114 1411 7115 1411 7116 1413 7117 1414 7118 1414 7119 1415 7120 1411 7121 1411 7122 1415 7123 1298 7124 1298 7125 1297 7126 1411 7127 1415 7128 1414 7129 1416 7130 1416 7131 1417 7132 1415 7133 1415 7134 1417 7135 1291 7136 1291 7137 1298 7138 1415 7139 1417 7140 1416 7141 1418 7142 1418 7143 1287 7144 1417 7145 1417 7146 1287 7147 1286 7148 1286 7149 1291 7150 1417 7151 1418 7152 1416 7153 1419 7154 1419 7155 1420 7156 1418 7157 1418 7158 1420 7159 1421 7160 1421 7161 1283 7162 1418 7163 1418 7164 1283 7165 1282 7166 1282 7167 1287 7168 1418 7169 1421 7170 1420 7171 1422 7172 1422 7173 1423 7174 1421 7175 1421 7176 1423 7177 1424 7178 1424 7179 1279 7180 1421 7181 1421 7182 1279 7183 1278 7184 1278 7185 1283 7186 1421 7187 1424 7188 1423 7189 1425 7190 1425 7191 1426 7192 1424 7193 1424 7194 1426 7195 1427 7196 1427 7197 1275 7198 1424 7199 1424 7200 1275 7201 1274 7202 1274 7203 1279 7204 1424 7205 1427 7206 1426 7207 1428 7208 1428 7209 1429 7210 1427 7211 1427 7212 1429 7213 1430 7214 1430 7215 1271 7216 1427 7217 1427 7218 1271 7219 1270 7220 1270 7221 1275 7222 1427 7223 1430 7224 1429 7225 1431 7226 1431 7227 1432 7228 1430 7229 1430 7230 1432 7231 1433 7232 1433 7233 1267 7234 1430 7235 1430 7236 1267 7237 1266 7238 1266 7239 1271 7240 1430 7241 1433 7242 1432 7243 1434 7244 1434 7245 1435 7246 1433 7247 1433 7248 1435 7249 1436 7250 1436 7251 1263 7252 1433 7253 1433 7254 1263 7255 1262 7256 1262 7257 1267 7258 1433 7259 1436 7260 1435 7261 1437 7262 1437 7263 1438 7264 1436 7265 1436 7266 1438 7267 1439 7268 1439 7269 1259 7270 1436 7271 1436 7272 1259 7273 1258 7274 1258 7275 1263 7276 1436 7277 1439 7278 1438 7279 1440 7280 1440 7281 1441 7282 1439 7283 1439 7284 1441 7285 1442 7286 1442 7287 1255 7288 1439 7289 1439 7290 1255 7291 1254 7292 1254 7293 1259 7294 1439 7295 1442 7296 1441 7297 1443 7298 1443 7299 1444 7300 1442 7301 1442 7302 1444 7303 1445 7304 1445 7305 1251 7306 1442 7307 1442 7308 1251 7309 1250 7310 1250 7311 1255 7312 1442 7313 1445 7314 1444 7315 1446 7316 1446 7317 1447 7318 1445 7319 1445 7320 1447 7321 1448 7322 1448 7323 1247 7324 1445 7325 1445 7326 1247 7327 1246 7328 1246 7329 1251 7330 1445 7331 1448 7332 1447 7333 1449 7334 1449 7335 1450 7336 1448 7337 1448 7338 1450 7339 1451 7340 1451 7341 1244 7342 1448 7343 1448 7344 1244 7345 1243 7346 1243 7347 1247 7348 1448 7349 1451 7350 1450 7351 1452 7352 1452 7353 1453 7354 1451 7355 1451 7356 1453 7357 1454 7358 1454 7359 1241 7360 1451 7361 1451 7362 1241 7363 1240 7364 1240 7365 1244 7366 1451 7367 1454 7368 1453 7369 1455 7370 1455 7371 1456 7372 1454 7373 1454 7374 1456 7375 1457 7376 1457 7377 1238 7378 1454 7379 1454 7380 1238 7381 1237 7382 1237 7383 1241 7384 1454 7385 1457 7386 1456 7387 1458 7388 1458 7389 1459 7390 1457 7391 1457 7392 1459 7393 1460 7394 1460 7395 1234 7396 1457 7397 1457 7398 1234 7399 1233 7400 1233 7401 1238 7402 1457 7403 1460 7404 1459 7405 1461 7406 1461 7407 1462 7408 1460 7409 1460 7410 1462 7411 1463 7412 1463 7413 1230 7414 1460 7415 1460 7416 1230 7417 1229 7418 1229 7419 1234 7420 1460 7421 1463 7422 1462 7423 1464 7424 1464 7425 1465 7426 1463 7427 1463 7428 1465 7429 1466 7430 1466 7431 1226 7432 1463 7433 1463 7434 1226 7435 1225 7436 1225 7437 1230 7438 1463 7439 1466 7440 1465 7441 1467 7442 1467 7443 1468 7444 1466 7445 1466 7446 1468 7447 1469 7448 1469 7449 1222 7450 1466 7451 1466 7452 1222 7453 1221 7454 1221 7455 1226 7456 1466 7457 1469 7458 1468 7459 1470 7460 1470 7461 1471 7462 1469 7463 1469 7464 1471 7465 1472 7466 1472 7467 1218 7468 1469 7469 1469 7470 1218 7471 1217 7472 1217 7473 1222 7474 1469 7475 1472 7476 1471 7477 1473 7478 1473 7479 1474 7480 1472 7481 1472 7482 1474 7483 1475 7484 1475 7485 1214 7486 1472 7487 1472 7488 1214 7489 1213 7490 1213 7491 1218 7492 1472 7493 1475 7494 1474 7495 1476 7496 1476 7497 142 7498 1475 7499 1475 7500 142 7501 141 7502 141 7503 1210 7504 1475 7505 1475 7506 1210 7507 1209 7508 1209 7509 1214 7510 1475 7511 1476 7512 1477 7513 1478 7514 1478 7515 1479 7516 1476 7517 1476 7518 1479 7519 143 7520 143 7521 142 7522 1476 7523 1476 7524 1474 7525 1473 7526 1473 7527 1477 7528 1476 7529 1479 7530 1478 7531 1480 7532 1480 7533 1481 7534 1479 7535 1479 7536 1481 7537 144 7538 144 7539 143 7540 1479 7541 1481 7542 1480 7543 1482 7544 1482 7545 1483 7546 1481 7547 1481 7548 1483 7549 1484 7550 1484 7551 144 7552 1481 7553 1484 7554 1483 7555 1485 7556 1485 7557 1199 7558 1484 7559 1484 7560 1199 7561 1198 7562 1198 7563 1203 7564 1484 7565 1484 7566 1203 7567 145 7568 145 7569 144 7570 1484 7571 1485 7572 1483 7573 1482 7574 1482 7575 1486 7576 1485 7577 1485 7578 1486 7579 1487 7580 1487 7581 1488 7582 1485 7583 1485 7584 1488 7585 1200 7586 1200 7587 1199 7588 1485 7589 1488 7590 1487 7591 862 7592 862 7593 139 7594 1488 7595 1488 7596 139 7597 138 7598 138 7599 1200 7600 1488 7601 1487 7602 1486 7603 1489 7604 1489 7605 865 7606 1487 7607 1487 7608 865 7609 863 7610 863 7611 862 7612 1487 7613 1489 7614 1490 7615 129 7616 129 7617 128 7618 1489 7619 1489 7620 128 7621 866 7622 866 7623 865 7624 1489 7625 1489 7626 1486 7627 1482 7628 1482 7629 1490 7630 1489 7631 1490 7632 1482 7633 1480 7634 1480 7635 1491 7636 1490 7637 1490 7638 1491 7639 132 7640 132 7641 129 7642 1490 7643 1491 7644 1480 7645 1478 7646 1478 7647 1492 7648 1491 7649 1491 7650 1492 7651 1493 7652 1493 7653 132 7654 1491 7655 1493 7656 1494 7657 130 7658 130 7659 132 7660 1493 7661 1493 7662 1492 7663 1495 7664 1495 7665 1496 7666 1493 7667 1493 7668 1496 7669 1497 7670 1497 7671 1494 7672 1493 7673 1497 7674 1498 7675 1499 7676 1499 7677 1494 7678 1497 7679 1497 7680 1496 7681 1500 7682 1500 7683 1501 7684 1497 7685 1497 7686 1501 7687 1502 7688 1502 7689 1498 7690 1497 7691 1502 7692 1503 7693 1504 7694 1504 7695 1498 7696 1502 7697 1502 7698 1501 7699 1505 7700 1505 7701 1506 7702 1502 7703 1502 7704 1506 7705 1507 7706 1507 7707 1503 7708 1502 7709 1507 7710 1508 7711 1509 7712 1509 7713 1503 7714 1507 7715 1507 7716 1506 7717 1510 7718 1510 7719 1511 7720 1507 7721 1507 7722 1511 7723 1512 7724 1512 7725 1508 7726 1507 7727 1512 7728 881 7729 879 7730 879 7731 1508 7732 1512 7733 1512 7734 1511 7735 1513 7736 1513 7737 1514 7738 1512 7739 1512 7740 1514 7741 883 7742 883 7743 881 7744 1512 7745 1514 7746 1513 7747 1515 7748 1515 7749 1516 7750 1514 7751 1514 7752 1516 7753 1517 7754 1517 7755 883 7756 1514 7757 1517 7758 887 7759 884 7760 884 7761 883 7762 1517 7763 1517 7764 1516 7765 1518 7766 1518 7767 1519 7768 1517 7769 1517 7770 1519 7771 1520 7772 1520 7773 887 7774 1517 7775 1520 7776 892 7777 888 7778 888 7779 887 7780 1520 7781 1520 7782 1519 7783 1521 7784 1521 7785 1522 7786 1520 7787 1520 7788 1522 7789 1523 7790 1523 7791 892 7792 1520 7793 1523 7794 896 7795 893 7796 893 7797 892 7798 1523 7799 1523 7800 1522 7801 1524 7802 1524 7803 1525 7804 1523 7805 1523 7806 1525 7807 1526 7808 1526 7809 896 7810 1523 7811 1526 7812 901 7813 897 7814 897 7815 896 7816 1526 7817 1526 7818 1525 7819 1527 7820 1527 7821 1528 7822 1526 7823 1526 7824 1528 7825 1529 7826 1529 7827 901 7828 1526 7829 1529 7830 906 7831 902 7832 902 7833 901 7834 1529 7835 1529 7836 1528 7837 1530 7838 1530 7839 1531 7840 1529 7841 1529 7842 1531 7843 1532 7844 1532 7845 906 7846 1529 7847 1532 7848 911 7849 907 7850 907 7851 906 7852 1532 7853 1532 7854 1531 7855 1533 7856 1533 7857 1534 7858 1532 7859 1532 7860 1534 7861 1535 7862 1535 7863 911 7864 1532 7865 1535 7866 916 7867 912 7868 912 7869 911 7870 1535 7871 1535 7872 1534 7873 1536 7874 1536 7875 1537 7876 1535 7877 1535 7878 1537 7879 1538 7880 1538 7881 916 7882 1535 7883 1538 7884 921 7885 917 7886 917 7887 916 7888 1538 7889 1538 7890 1537 7891 1539 7892 1539 7893 1540 7894 1538 7895 1538 7896 1540 7897 1541 7898 1541 7899 921 7900 1538 7901 1541 7902 926 7903 922 7904 922 7905 921 7906 1541 7907 1541 7908 1540 7909 1542 7910 1542 7911 1543 7912 1541 7913 1541 7914 1543 7915 1544 7916 1544 7917 926 7918 1541 7919 1544 7920 931 7921 927 7922 927 7923 926 7924 1544 7925 1544 7926 1543 7927 1545 7928 1545 7929 1546 7930 1544 7931 1544 7932 1546 7933 1547 7934 1547 7935 931 7936 1544 7937 1547 7938 936 7939 932 7940 932 7941 931 7942 1547 7943 1547 7944 1546 7945 1548 7946 1548 7947 1549 7948 1547 7949 1547 7950 1549 7951 1550 7952 1550 7953 936 7954 1547 7955 1550 7956 941 7957 937 7958 937 7959 936 7960 1550 7961 1550 7962 1549 7963 1551 7964 1551 7965 1552 7966 1550 7967 1550 7968 1552 7969 1553 7970 1553 7971 941 7972 1550 7973 1553 7974 946 7975 942 7976 942 7977 941 7978 1553 7979 1553 7980 1552 7981 1554 7982 1554 7983 1555 7984 1553 7985 1553 7986 1555 7987 1556 7988 1556 7989 946 7990 1553 7991 1556 7992 951 7993 947 7994 947 7995 946 7996 1556 7997 1556 7998 1555 7999 1557 8000 1557 8001 1558 8002 1556 8003 1556 8004 1558 8005 1559 8006 1559 8007 951 8008 1556 8009 1559 8010 956 8011 952 8012 952 8013 951 8014 1559 8015 1559 8016 1558 8017 1413 8018 1413 8019 1412 8020 1559 8021 1559 8022 1412 8023 1560 8024 1560 8025 956 8026 1559 8027 1560 8028 961 8029 957 8030 957 8031 956 8032 1560 8033 1560 8034 1412 8035 1410 8036 1410 8037 1409 8038 1560 8039 1560 8040 1409 8041 1561 8042 1561 8043 961 8044 1560 8045 1561 8046 966 8047 962 8048 962 8049 961 8050 1561 8051 1561 8052 1409 8053 1407 8054 1407 8055 1406 8056 1561 8057 1561 8058 1406 8059 1562 8060 1562 8061 966 8062 1561 8063 1562 8064 971 8065 967 8066 967 8067 966 8068 1562 8069 1562 8070 1406 8071 1404 8072 1404 8073 1403 8074 1562 8075 1562 8076 1403 8077 1563 8078 1563 8079 971 8080 1562 8081 1563 8082 976 8083 972 8084 972 8085 971 8086 1563 8087 1563 8088 1403 8089 1401 8090 1401 8091 1400 8092 1563 8093 1563 8094 1400 8095 1564 8096 1564 8097 976 8098 1563 8099 1564 8100 981 8101 977 8102 977 8103 976 8104 1564 8105 1564 8106 1400 8107 1398 8108 1398 8109 1397 8110 1564 8111 1564 8112 1397 8113 1565 8114 1565 8115 981 8116 1564 8117 1565 8118 985 8119 982 8120 982 8121 981 8122 1565 8123 1565 8124 1397 8125 1394 8126 1394 8127 1392 8128 1565 8129 1565 8130 1392 8131 1391 8132 1391 8133 985 8134 1565 8135 1558 8136 1557 8137 1414 8138 1414 8139 1413 8140 1558 8141 1557 8142 1555 8143 1554 8144 1554 8145 1419 8146 1557 8147 1557 8148 1419 8149 1416 8150 1416 8151 1414 8152 1557 8153 1554 8154 1552 8155 1551 8156 1551 8157 1422 8158 1554 8159 1554 8160 1422 8161 1420 8162 1420 8163 1419 8164 1554 8165 1551 8166 1549 8167 1548 8168 1548 8169 1425 8170 1551 8171 1551 8172 1425 8173 1423 8174 1423 8175 1422 8176 1551 8177 1548 8178 1546 8179 1545 8180 1545 8181 1428 8182 1548 8183 1548 8184 1428 8185 1426 8186 1426 8187 1425 8188 1548 8189 1545 8190 1543 8191 1542 8192 1542 8193 1431 8194 1545 8195 1545 8196 1431 8197 1429 8198 1429 8199 1428 8200 1545 8201 1542 8202 1540 8203 1539 8204 1539 8205 1434 8206 1542 8207 1542 8208 1434 8209 1432 8210 1432 8211 1431 8212 1542 8213 1539 8214 1537 8215 1536 8216 1536 8217 1437 8218 1539 8219 1539 8220 1437 8221 1435 8222 1435 8223 1434 8224 1539 8225 1536 8226 1534 8227 1533 8228 1533 8229 1440 8230 1536 8231 1536 8232 1440 8233 1438 8234 1438 8235 1437 8236 1536 8237 1533 8238 1531 8239 1530 8240 1530 8241 1443 8242 1533 8243 1533 8244 1443 8245 1441 8246 1441 8247 1440 8248 1533 8249 1530 8250 1528 8251 1527 8252 1527 8253 1446 8254 1530 8255 1530 8256 1446 8257 1444 8258 1444 8259 1443 8260 1530 8261 1527 8262 1525 8263 1524 8264 1524 8265 1449 8266 1527 8267 1527 8268 1449 8269 1447 8270 1447 8271 1446 8272 1527 8273 1524 8274 1522 8275 1521 8276 1521 8277 1452 8278 1524 8279 1524 8280 1452 8281 1450 8282 1450 8283 1449 8284 1524 8285 1521 8286 1519 8287 1518 8288 1518 8289 1455 8290 1521 8291 1521 8292 1455 8293 1453 8294 1453 8295 1452 8296 1521 8297 1518 8298 1516 8299 1515 8300 1515 8301 1458 8302 1518 8303 1518 8304 1458 8305 1456 8306 1456 8307 1455 8308 1518 8309 1515 8310 1513 8311 1566 8312 1566 8313 1461 8314 1515 8315 1515 8316 1461 8317 1459 8318 1459 8319 1458 8320 1515 8321 1566 8322 1513 8323 1511 8324 1511 8325 1510 8326 1566 8327 1566 8328 1510 8329 1567 8330 1567 8331 1464 8332 1566 8333 1566 8334 1464 8335 1462 8336 1462 8337 1461 8338 1566 8339 1567 8340 1510 8341 1506 8342 1506 8343 1505 8344 1567 8345 1567 8346 1505 8347 1568 8348 1568 8349 1467 8350 1567 8351 1567 8352 1467 8353 1465 8354 1465 8355 1464 8356 1567 8357 1568 8358 1505 8359 1501 8360 1501 8361 1500 8362 1568 8363 1568 8364 1500 8365 1569 8366 1569 8367 1470 8368 1568 8369 1568 8370 1470 8371 1468 8372 1468 8373 1467 8374 1568 8375 1569 8376 1500 8377 1496 8378 1496 8379 1495 8380 1569 8381 1569 8382 1495 8383 1477 8384 1477 8385 1473 8386 1569 8387 1569 8388 1473 8389 1471 8390 1471 8391 1470 8392 1569 8393 1509 8394 877 8395 875 8396 875 8397 1570 8398 1509 8399 1509 8400 1570 8401 1504 8402 1504 8403 1503 8404 1509 8405 1509 8406 1508 8407 879 8408 879 8409 877 8410 1509 8411 1570 8412 875 8413 873 8414 873 8415 872 8416 1570 8417 1570 8418 872 8419 1571 8420 1571 8421 1504 8422 1570 8423 1571 8424 872 8425 870 8426 870 8427 869 8428 1571 8429 1571 8430 869 8431 131 8432 131 8433 1499 8434 1571 8435 1571 8436 1499 8437 1498 8438 1498 8439 1504 8440 1571 8441 1499 8442 131 8443 130 8444 130 8445 1494 8446 1499 8447 1495 8448 1492 8449 1478 8450 1478 8451 1477 8452 1495 8453 1391 8454 990 8455 986 8456 986 8457 985 8458 1391 8459 1389 8460 995 8461 991 8462 991 8463 990 8464 1389 8465 1387 8466 1000 8467 996 8468 996 8469 995 8470 1387 8471 1385 8472 1005 8473 1001 8474 1001 8475 1000 8476 1385 8477 1383 8478 1010 8479 1006 8480 1006 8481 1005 8482 1383 8483 1381 8484 1015 8485 1011 8486 1011 8487 1010 8488 1381 8489 1379 8490 1020 8491 1016 8492 1016 8493 1015 8494 1379 8495 1377 8496 1025 8497 1021 8498 1021 8499 1020 8500 1377 8501 1375 8502 1030 8503 1026 8504 1026 8505 1025 8506 1375 8507 1373 8508 1035 8509 1031 8510 1031 8511 1030 8512 1373 8513 1373 8514 1372 8515 1572 8516 1572 8517 1035 8518 1373 8519 1572 8520 1040 8521 1036 8522 1036 8523 1035 8524 1572 8525 1572 8526 1372 8527 64 8528 64 8529 63 8530 1572 8531 1572 8532 63 8533 67 8534 67 8535 1040 8536 1572 8537 1357 8538 1356 8539 75 8540 75 8541 74 8542 1357 8543 1341 8544 1337 8545 1077 8546 1077 8547 1075 8548 1341 8549 1321 8550 1320 8551 1088 8552 1088 8553 1086 8554 1321 8555 1320 8556 1316 8557 1315 8558 1315 8559 1573 8560 1320 8561 1320 8562 1573 8563 1097 8564 1097 8565 1088 8566 1320 8567 1573 8568 1315 8569 1102 8570 1102 8571 1100 8572 1573 8573 1573 8574 1100 8575 1098 8576 1098 8577 1097 8578 1573 8579 1315 8580 1311 8581 1104 8582 1104 8583 1102 8584 1315 8585 1292 8586 1122 8587 1118 8588 1118 8589 1116 8590 1292 8591 1288 8592 1125 8593 1123 8594 1123 8595 1122 8596 1288 8597 1284 8598 1128 8599 1126 8600 1126 8601 1125 8602 1284 8603 1280 8604 1131 8605 1129 8606 1129 8607 1128 8608 1280 8609 1276 8610 1134 8611 1132 8612 1132 8613 1131 8614 1276 8615 1272 8616 1137 8617 1135 8618 1135 8619 1134 8620 1272 8621 1268 8622 1140 8623 1138 8624 1138 8625 1137 8626 1268 8627 1264 8628 1143 8629 1141 8630 1141 8631 1140 8632 1264 8633 1260 8634 1146 8635 1144 8636 1144 8637 1143 8638 1260 8639 1256 8640 1149 8641 1147 8642 1147 8643 1146 8644 1256 8645 1252 8646 1152 8647 1150 8648 1150 8649 1149 8650 1252 8651 1248 8652 1155 8653 1153 8654 1153 8655 1152 8656 1248 8657 1235 8658 1168 8659 1165 8660 1165 8661 1164 8662 1235 8663 1231 8664 1171 8665 1169 8666 1169 8667 1168 8668 1231 8669 1227 8670 1174 8671 1172 8672 1172 8673 1171 8674 1227 8675 1223 8676 1177 8677 1175 8678 1175 8679 1174 8680 1223 8681 1219 8682 1180 8683 1178 8684 1178 8685 1177 8686 1219 8687 1215 8688 1183 8689 1181 8690 1181 8691 1180 8692 1215 8693 1211 8694 1186 8695 1184 8696 1184 8697 1183 8698 1211 8699 1210 8700 141 8701 146 8702 146 8703 1206 8704 1210 8705 1207 8706 1189 8707 1187 8708 1187 8709 1186 8710 1207 8711 1204 8712 1192 8713 1190 8714 1190 8715 1189 8716 1204 8717 1203 8718 1202 8719 146 8720 146 8721 145 8722 1203 8723 1097 8724 1091 8725 1089 8726 1089 8727 1088 8728 1097 8729 1044 8730 1041 8731 1040 8732 1040 8733 67 8734 1044 8735 1043 8736 312 8737 309 8738 309 8739 308 8740 1043 8741 1039 8742 306 8743 304 8744 304 8745 1574 8746 1039 8747 1039 8748 1574 8749 1034 8750 1034 8751 1033 8752 1039 8753 1039 8754 1038 8755 308 8756 308 8757 306 8758 1039 8759 1574 8760 304 8761 302 8762 302 8763 1575 8764 1574 8765 1574 8766 1575 8767 1576 8768 1576 8769 1034 8770 1574 8771 1576 8772 1575 8773 299 8774 299 8775 1577 8776 1576 8777 1576 8778 1577 8779 1578 8780 1578 8781 1029 8782 1576 8783 1576 8784 1029 8785 1028 8786 1028 8787 1034 8788 1576 8789 1578 8790 1577 8791 1579 8792 1579 8793 1580 8794 1578 8795 1578 8796 1580 8797 1581 8798 1581 8799 1024 8800 1578 8801 1578 8802 1024 8803 1023 8804 1023 8805 1029 8806 1578 8807 1581 8808 1580 8809 1582 8810 1582 8811 1583 8812 1581 8813 1581 8814 1583 8815 1584 8816 1584 8817 1019 8818 1581 8819 1581 8820 1019 8821 1018 8822 1018 8823 1024 8824 1581 8825 1584 8826 1583 8827 1585 8828 1585 8829 1586 8830 1584 8831 1584 8832 1586 8833 1587 8834 1587 8835 1014 8836 1584 8837 1584 8838 1014 8839 1013 8840 1013 8841 1019 8842 1584 8843 1587 8844 1586 8845 1588 8846 1588 8847 1589 8848 1587 8849 1587 8850 1589 8851 1590 8852 1590 8853 1009 8854 1587 8855 1587 8856 1009 8857 1008 8858 1008 8859 1014 8860 1587 8861 1590 8862 1589 8863 1591 8864 1591 8865 1592 8866 1590 8867 1590 8868 1592 8869 1593 8870 1593 8871 1004 8872 1590 8873 1590 8874 1004 8875 1003 8876 1003 8877 1009 8878 1590 8879 1593 8880 1592 8881 1594 8882 1594 8883 1595 8884 1593 8885 1593 8886 1595 8887 1596 8888 1596 8889 999 8890 1593 8891 1593 8892 999 8893 998 8894 998 8895 1004 8896 1593 8897 1596 8898 1595 8899 1597 8900 1597 8901 1598 8902 1596 8903 1596 8904 1598 8905 1599 8906 1599 8907 994 8908 1596 8909 1596 8910 994 8911 993 8912 993 8913 999 8914 1596 8915 1599 8916 1598 8917 1600 8918 1600 8919 50 8920 1599 8921 1599 8922 50 8923 49 8924 49 8925 989 8926 1599 8927 1599 8928 989 8929 988 8930 988 8931 994 8932 1599 8933 1600 8934 1601 8935 1602 8936 1602 8937 1603 8938 1600 8939 1600 8940 1603 8941 51 8942 51 8943 50 8944 1600 8945 1600 8946 1598 8947 1597 8948 1597 8949 1601 8950 1600 8951 1603 8952 1602 8953 1604 8954 1604 8955 1605 8956 1603 8957 1603 8958 1605 8959 52 8960 52 8961 51 8962 1603 8963 1605 8964 1604 8965 1606 8966 1606 8967 1607 8968 1605 8969 1605 8970 1607 8971 1608 8972 1608 8973 52 8974 1605 8975 1608 8976 1607 8977 1609 8978 1609 8979 975 8980 1608 8981 1608 8982 975 8983 974 8984 974 8985 980 8986 1608 8987 1608 8988 980 8989 53 8990 53 8991 52 8992 1608 8993 1609 8994 1607 8995 1606 8996 1606 8997 1610 8998 1609 8999 1609 9000 1610 9001 1611 9002 1611 9003 970 9004 1609 9005 1609 9006 970 9007 969 9008 969 9009 975 9010 1609 9011 1611 9012 1610 9013 1612 9014 1612 9015 1613 9016 1611 9017 1611 9018 1613 9019 1614 9020 1614 9021 965 9022 1611 9023 1611 9024 965 9025 964 9026 964 9027 970 9028 1611 9029 1614 9030 1613 9031 1615 9032 1615 9033 1616 9034 1614 9035 1614 9036 1616 9037 1617 9038 1617 9039 960 9040 1614 9041 1614 9042 960 9043 959 9044 959 9045 965 9046 1614 9047 1617 9048 1616 9049 1618 9050 1618 9051 1619 9052 1617 9053 1617 9054 1619 9055 1620 9056 1620 9057 955 9058 1617 9059 1617 9060 955 9061 954 9062 954 9063 960 9064 1617 9065 1620 9066 1619 9067 1621 9068 1621 9069 1622 9070 1620 9071 1620 9072 1622 9073 1623 9074 1623 9075 950 9076 1620 9077 1620 9078 950 9079 949 9080 949 9081 955 9082 1620 9083 1623 9084 1622 9085 1624 9086 1624 9087 1625 9088 1623 9089 1623 9090 1625 9091 1626 9092 1626 9093 945 9094 1623 9095 1623 9096 945 9097 944 9098 944 9099 950 9100 1623 9101 1626 9102 1625 9103 1627 9104 1627 9105 1628 9106 1626 9107 1626 9108 1628 9109 1629 9110 1629 9111 940 9112 1626 9113 1626 9114 940 9115 939 9116 939 9117 945 9118 1626 9119 1629 9120 1628 9121 1630 9122 1630 9123 1631 9124 1629 9125 1629 9126 1631 9127 1632 9128 1632 9129 935 9130 1629 9131 1629 9132 935 9133 934 9134 934 9135 940 9136 1629 9137 1632 9138 1631 9139 1633 9140 1633 9141 1634 9142 1632 9143 1632 9144 1634 9145 1635 9146 1635 9147 930 9148 1632 9149 1632 9150 930 9151 929 9152 929 9153 935 9154 1632 9155 1635 9156 1634 9157 1636 9158 1636 9159 1637 9160 1635 9161 1635 9162 1637 9163 1638 9164 1638 9165 925 9166 1635 9167 1635 9168 925 9169 924 9170 924 9171 930 9172 1635 9173 1638 9174 1637 9175 1639 9176 1639 9177 1640 9178 1638 9179 1638 9180 1640 9181 1641 9182 1641 9183 920 9184 1638 9185 1638 9186 920 9187 919 9188 919 9189 925 9190 1638 9191 1641 9192 1640 9193 1642 9194 1642 9195 1643 9196 1641 9197 1641 9198 1643 9199 1644 9200 1644 9201 915 9202 1641 9203 1641 9204 915 9205 914 9206 914 9207 920 9208 1641 9209 1644 9210 1643 9211 1645 9212 1645 9213 1646 9214 1644 9215 1644 9216 1646 9217 1647 9218 1647 9219 910 9220 1644 9221 1644 9222 910 9223 909 9224 909 9225 915 9226 1644 9227 1647 9228 1646 9229 1648 9230 1648 9231 1649 9232 1647 9233 1647 9234 1649 9235 1650 9236 1650 9237 905 9238 1647 9239 1647 9240 905 9241 904 9242 904 9243 910 9244 1647 9245 1650 9246 1649 9247 1651 9248 1651 9249 98 9250 1650 9251 1650 9252 98 9253 97 9254 97 9255 900 9256 1650 9257 1650 9258 900 9259 899 9260 899 9261 905 9262 1650 9263 1651 9264 1652 9265 1653 9266 1653 9267 1654 9268 1651 9269 1651 9270 1654 9271 94 9272 94 9273 98 9274 1651 9275 1651 9276 1649 9277 1648 9278 1648 9279 1652 9280 1651 9281 1654 9282 1653 9283 1655 9284 1655 9285 1656 9286 1654 9287 1654 9288 1656 9289 95 9290 95 9291 94 9292 1654 9293 1656 9294 1655 9295 1657 9296 1657 9297 1658 9298 1656 9299 1656 9300 1658 9301 512 9302 512 9303 95 9304 1656 9305 1658 9306 1657 9307 1659 9308 1659 9309 507 9310 1658 9311 1658 9312 507 9313 506 9314 506 9315 512 9316 1658 9317 1659 9318 1657 9319 1660 9320 1660 9321 1661 9322 1659 9323 1659 9324 1661 9325 1662 9326 1662 9327 502 9328 1659 9329 1659 9330 502 9331 501 9332 501 9333 507 9334 1659 9335 1662 9336 1661 9337 1663 9338 1663 9339 1664 9340 1662 9341 1662 9342 1664 9343 1665 9344 1665 9345 497 9346 1662 9347 1662 9348 497 9349 496 9350 496 9351 502 9352 1662 9353 1665 9354 1664 9355 1666 9356 1666 9357 1667 9358 1665 9359 1665 9360 1667 9361 1668 9362 1668 9363 492 9364 1665 9365 1665 9366 492 9367 491 9368 491 9369 497 9370 1665 9371 1668 9372 1667 9373 1669 9374 1669 9375 1670 9376 1668 9377 1668 9378 1670 9379 1671 9380 1671 9381 487 9382 1668 9383 1668 9384 487 9385 486 9386 486 9387 492 9388 1668 9389 1671 9390 1670 9391 1672 9392 1672 9393 1673 9394 1671 9395 1671 9396 1673 9397 1674 9398 1674 9399 482 9400 1671 9401 1671 9402 482 9403 481 9404 481 9405 487 9406 1671 9407 1674 9408 1673 9409 1675 9410 1675 9411 1676 9412 1674 9413 1674 9414 1676 9415 1677 9416 1677 9417 477 9418 1674 9419 1674 9420 477 9421 476 9422 476 9423 482 9424 1674 9425 1677 9426 1676 9427 1678 9428 1678 9429 1679 9430 1677 9431 1677 9432 1679 9433 1680 9434 1680 9435 472 9436 1677 9437 1677 9438 472 9439 471 9440 471 9441 477 9442 1677 9443 1680 9444 1679 9445 1681 9446 1681 9447 1682 9448 1680 9449 1680 9450 1682 9451 1683 9452 1683 9453 467 9454 1680 9455 1680 9456 467 9457 466 9458 466 9459 472 9460 1680 9461 1683 9462 1682 9463 1684 9464 1684 9465 1685 9466 1683 9467 1683 9468 1685 9469 1686 9470 1686 9471 462 9472 1683 9473 1683 9474 462 9475 461 9476 461 9477 467 9478 1683 9479 1686 9480 1685 9481 1687 9482 1687 9483 1688 9484 1686 9485 1686 9486 1688 9487 1689 9488 1689 9489 457 9490 1686 9491 1686 9492 457 9493 456 9494 456 9495 462 9496 1686 9497 1689 9498 1688 9499 1690 9500 1690 9501 1691 9502 1689 9503 1689 9504 1691 9505 1692 9506 1692 9507 452 9508 1689 9509 1689 9510 452 9511 451 9512 451 9513 457 9514 1689 9515 1692 9516 1691 9517 1693 9518 1693 9519 1694 9520 1692 9521 1692 9522 1694 9523 1695 9524 1695 9525 448 9526 1692 9527 1692 9528 448 9529 447 9530 447 9531 452 9532 1692 9533 1695 9534 1694 9535 1696 9536 1696 9537 1697 9538 1695 9539 1695 9540 1697 9541 1698 9542 1698 9543 445 9544 1695 9545 1695 9546 445 9547 444 9548 444 9549 448 9550 1695 9551 1698 9552 1697 9553 1699 9554 1699 9555 1700 9556 1698 9557 1698 9558 1700 9559 1701 9560 1701 9561 440 9562 1698 9563 1698 9564 440 9565 439 9566 439 9567 445 9568 1698 9569 1701 9570 1700 9571 1702 9572 1702 9573 1703 9574 1701 9575 1701 9576 1703 9577 1704 9578 1704 9579 435 9580 1701 9581 1701 9582 435 9583 434 9584 434 9585 440 9586 1701 9587 1704 9588 1703 9589 160 9590 160 9591 1705 9592 1704 9593 1704 9594 1705 9595 1706 9596 1706 9597 431 9598 1704 9599 1704 9600 431 9601 430 9602 430 9603 435 9604 1704 9605 1706 9606 1707 9607 1708 9608 1708 9609 427 9610 1706 9611 1706 9612 427 9613 426 9614 426 9615 431 9616 1706 9617 1706 9618 1705 9619 1709 9620 1709 9621 1707 9622 1706 9623 1709 9624 1710 9625 1711 9626 1711 9627 1707 9628 1709 9629 1709 9630 1705 9631 160 9632 160 9633 159 9634 1709 9635 1709 9636 159 9637 161 9638 161 9639 1710 9640 1709 9641 1711 9642 1712 9643 199 9644 199 9645 1713 9646 1711 9647 1711 9648 1713 9649 1708 9650 1708 9651 1707 9652 1711 9653 1711 9654 1710 9655 1714 9656 1714 9657 1712 9658 1711 9659 1714 9660 1715 9661 204 9662 204 9663 1712 9664 1714 9665 1714 9666 1710 9667 161 9668 161 9669 1716 9670 1714 9671 1714 9672 1716 9673 1717 9674 1717 9675 1715 9676 1714 9677 1717 9678 1718 9679 209 9680 209 9681 1715 9682 1717 9683 1717 9684 1716 9685 1719 9686 1719 9687 1720 9688 1717 9689 1717 9690 1720 9691 1721 9692 1721 9693 1718 9694 1717 9695 1721 9696 1722 9697 214 9698 214 9699 1718 9700 1721 9701 1721 9702 1720 9703 1723 9704 1723 9705 1724 9706 1721 9707 1721 9708 1724 9709 1725 9710 1725 9711 1722 9712 1721 9713 1725 9714 1726 9715 219 9716 219 9717 1722 9718 1725 9719 1725 9720 1724 9721 1727 9722 1727 9723 1728 9724 1725 9725 1725 9726 1728 9727 1729 9728 1729 9729 1726 9730 1725 9731 1729 9732 1730 9733 224 9734 224 9735 1726 9736 1729 9737 1729 9738 1728 9739 1731 9740 1731 9741 1732 9742 1729 9743 1729 9744 1732 9745 1733 9746 1733 9747 1730 9748 1729 9749 1733 9750 231 9751 229 9752 229 9753 1730 9754 1733 9755 1733 9756 1732 9757 1734 9758 1734 9759 1735 9760 1733 9761 1733 9762 1735 9763 233 9764 233 9765 231 9766 1733 9767 1735 9768 1734 9769 1736 9770 1736 9771 1737 9772 1735 9773 1735 9774 1737 9775 1738 9776 1738 9777 233 9778 1735 9779 1738 9780 236 9781 234 9782 234 9783 233 9784 1738 9785 1738 9786 1737 9787 1739 9788 1739 9789 1740 9790 1738 9791 1738 9792 1740 9793 238 9794 238 9795 236 9796 1738 9797 1740 9798 1739 9799 1741 9800 1741 9801 1742 9802 1740 9803 1740 9804 1742 9805 1743 9806 1743 9807 238 9808 1740 9809 1743 9810 242 9811 239 9812 239 9813 238 9814 1743 9815 1743 9816 1742 9817 1744 9818 1744 9819 1745 9820 1743 9821 1743 9822 1745 9823 1746 9824 1746 9825 242 9826 1743 9827 1746 9828 247 9829 243 9830 243 9831 242 9832 1746 9833 1746 9834 1745 9835 1747 9836 1747 9837 1748 9838 1746 9839 1746 9840 1748 9841 1749 9842 1749 9843 247 9844 1746 9845 1749 9846 252 9847 248 9848 248 9849 247 9850 1749 9851 1749 9852 1748 9853 1750 9854 1750 9855 1751 9856 1749 9857 1749 9858 1751 9859 1752 9860 1752 9861 252 9862 1749 9863 1752 9864 257 9865 253 9866 253 9867 252 9868 1752 9869 1752 9870 1751 9871 1753 9872 1753 9873 1754 9874 1752 9875 1752 9876 1754 9877 1755 9878 1755 9879 257 9880 1752 9881 1755 9882 262 9883 258 9884 258 9885 257 9886 1755 9887 1755 9888 1754 9889 1756 9890 1756 9891 1757 9892 1755 9893 1755 9894 1757 9895 1758 9896 1758 9897 262 9898 1755 9899 1758 9900 267 9901 263 9902 263 9903 262 9904 1758 9905 1758 9906 1757 9907 1759 9908 1759 9909 1760 9910 1758 9911 1758 9912 1760 9913 24 9914 24 9915 267 9916 1758 9917 1760 9918 1759 9919 1761 9920 1761 9921 1762 9922 1760 9923 1760 9924 1762 9925 20 9926 20 9927 24 9928 1760 9929 1762 9930 1761 9931 1663 9932 1663 9933 1763 9934 1762 9935 1762 9936 1763 9937 21 9938 21 9939 20 9940 1762 9941 1763 9942 1663 9943 1661 9944 1661 9945 1660 9946 1763 9947 1763 9948 1660 9949 1764 9950 1764 9951 21 9952 1763 9953 1764 9954 1765 9955 22 9956 22 9957 21 9958 1764 9959 1764 9960 1660 9961 1657 9962 1657 9963 1655 9964 1764 9965 1764 9966 1655 9967 1653 9968 1653 9969 1765 9970 1764 9971 1765 9972 1766 9973 27 9974 27 9975 22 9976 1765 9977 1765 9978 1653 9979 1652 9980 1652 9981 1766 9982 1765 9983 1766 9984 1767 9985 1768 9986 1768 9987 27 9988 1766 9989 1766 9990 1652 9991 1648 9992 1648 9993 1767 9994 1766 9995 1768 9996 1769 9997 28 9998 28 9999 27 10000 1768 10001 1768 10002 1767 10003 1645 10004 1645 10005 1770 10006 1768 10007 1768 10008 1770 10009 1771 10010 1771 10011 1769 10012 1768 10013 1771 10014 1772 10015 1773 10016 1773 10017 1769 10018 1771 10019 1771 10020 1770 10021 1642 10022 1642 10023 1774 10024 1771 10025 1771 10026 1774 10027 1775 10028 1775 10029 1772 10030 1771 10031 1775 10032 1776 10033 1777 10034 1777 10035 1772 10036 1775 10037 1775 10038 1774 10039 1639 10040 1639 10041 1778 10042 1775 10043 1775 10044 1778 10045 1779 10046 1779 10047 1776 10048 1775 10049 1779 10050 1780 10051 1781 10052 1781 10053 1776 10054 1779 10055 1779 10056 1778 10057 1636 10058 1636 10059 1782 10060 1779 10061 1779 10062 1782 10063 1783 10064 1783 10065 1780 10066 1779 10067 1783 10068 1784 10069 1785 10070 1785 10071 1780 10072 1783 10073 1783 10074 1782 10075 1633 10076 1633 10077 1786 10078 1783 10079 1783 10080 1786 10081 1787 10082 1787 10083 1784 10084 1783 10085 1787 10086 1788 10087 1789 10088 1789 10089 1784 10090 1787 10091 1787 10092 1786 10093 1630 10094 1630 10095 1790 10096 1787 10097 1787 10098 1790 10099 1791 10100 1791 10101 1788 10102 1787 10103 1791 10104 1792 10105 1793 10106 1793 10107 1788 10108 1791 10109 1791 10110 1790 10111 1627 10112 1627 10113 1794 10114 1791 10115 1791 10116 1794 10117 1795 10118 1795 10119 1792 10120 1791 10121 1795 10122 1796 10123 1797 10124 1797 10125 1792 10126 1795 10127 1795 10128 1794 10129 1624 10130 1624 10131 1798 10132 1795 10133 1795 10134 1798 10135 1799 10136 1799 10137 1796 10138 1795 10139 1799 10140 1800 10141 1801 10142 1801 10143 1796 10144 1799 10145 1799 10146 1798 10147 1621 10148 1621 10149 1802 10150 1799 10151 1799 10152 1802 10153 1803 10154 1803 10155 1800 10156 1799 10157 1803 10158 1804 10159 1805 10160 1805 10161 1800 10162 1803 10163 1803 10164 1802 10165 1618 10166 1618 10167 1806 10168 1803 10169 1803 10170 1806 10171 1807 10172 1807 10173 1804 10174 1803 10175 1807 10176 46 10177 45 10178 45 10179 1804 10180 1807 10181 1807 10182 1806 10183 1615 10184 1615 10185 1808 10186 1807 10187 1807 10188 1808 10189 1809 10190 1809 10191 46 10192 1807 10193 1809 10194 1810 10195 42 10196 42 10197 46 10198 1809 10199 1809 10200 1808 10201 1612 10202 1612 10203 1811 10204 1809 10205 1809 10206 1811 10207 1812 10208 1812 10209 1810 10210 1809 10211 1812 10212 1811 10213 1606 10214 1606 10215 1604 10216 1812 10217 1812 10218 1604 10219 1602 10220 1602 10221 1813 10222 1812 10223 1812 10224 1813 10225 1814 10226 1814 10227 1810 10228 1812 10229 1814 10230 43 10231 42 10232 42 10233 1810 10234 1814 10235 1814 10236 1813 10237 1815 10238 1815 10239 1816 10240 1814 10241 1814 10242 1816 10243 1817 10244 1817 10245 43 10246 1814 10247 1817 10248 1818 10249 44 10250 44 10251 43 10252 1817 10253 1817 10254 1816 10255 1819 10256 1819 10257 1820 10258 1817 10259 1817 10260 1820 10261 1821 10262 1821 10263 1818 10264 1817 10265 1821 10266 1822 10267 1823 10268 1823 10269 1818 10270 1821 10271 1821 10272 1820 10273 1824 10274 1824 10275 1825 10276 1821 10277 1821 10278 1825 10279 1826 10280 1826 10281 1822 10282 1821 10283 1826 10284 1827 10285 1828 10286 1828 10287 1822 10288 1826 10289 1826 10290 1825 10291 1829 10292 1829 10293 1830 10294 1826 10295 1826 10296 1830 10297 1831 10298 1831 10299 1827 10300 1826 10301 1831 10302 1832 10303 1833 10304 1833 10305 1827 10306 1831 10307 1831 10308 1830 10309 1834 10310 1834 10311 1835 10312 1831 10313 1831 10314 1835 10315 1836 10316 1836 10317 1832 10318 1831 10319 1836 10320 292 10321 1837 10322 1837 10323 1832 10324 1836 10325 1836 10326 1835 10327 1838 10328 1838 10329 295 10330 1836 10331 1836 10332 295 10333 293 10334 293 10335 292 10336 1836 10337 1838 10338 1835 10339 1834 10340 1834 10341 1839 10342 1838 10343 1838 10344 1839 10345 1582 10346 1582 10347 1840 10348 1838 10349 1838 10350 1840 10351 296 10352 296 10353 295 10354 1838 10355 1840 10356 1582 10357 1580 10358 1580 10359 1579 10360 1840 10361 1840 10362 1579 10363 297 10364 297 10365 296 10366 1840 10367 1839 10368 1834 10369 1841 10370 1841 10371 1585 10372 1839 10373 1839 10374 1585 10375 1583 10376 1583 10377 1582 10378 1839 10379 1841 10380 1834 10381 1830 10382 1830 10383 1829 10384 1841 10385 1841 10386 1829 10387 1842 10388 1842 10389 1588 10390 1841 10391 1841 10392 1588 10393 1586 10394 1586 10395 1585 10396 1841 10397 1842 10398 1829 10399 1825 10400 1825 10401 1824 10402 1842 10403 1842 10404 1824 10405 1843 10406 1843 10407 1591 10408 1842 10409 1842 10410 1591 10411 1589 10412 1589 10413 1588 10414 1842 10415 1843 10416 1824 10417 1820 10418 1820 10419 1819 10420 1843 10421 1843 10422 1819 10423 1844 10424 1844 10425 1594 10426 1843 10427 1843 10428 1594 10429 1592 10430 1592 10431 1591 10432 1843 10433 1844 10434 1819 10435 1816 10436 1816 10437 1815 10438 1844 10439 1844 10440 1815 10441 1601 10442 1601 10443 1597 10444 1844 10445 1844 10446 1597 10447 1595 10448 1595 10449 1594 10450 1844 10451 1837 10452 1845 10453 1793 10454 1793 10455 1846 10456 1837 10457 1837 10458 1846 10459 1833 10460 1833 10461 1832 10462 1837 10463 1837 10464 292 10465 291 10466 291 10467 1845 10468 1837 10469 1846 10470 1793 10471 1792 10472 1792 10473 1797 10474 1846 10475 1846 10476 1797 10477 1847 10478 1847 10479 1833 10480 1846 10481 1847 10482 1797 10483 1796 10484 1796 10485 1801 10486 1847 10487 1847 10488 1801 10489 1848 10490 1848 10491 1828 10492 1847 10493 1847 10494 1828 10495 1827 10496 1827 10497 1833 10498 1847 10499 1848 10500 1801 10501 1800 10502 1800 10503 1805 10504 1848 10505 1848 10506 1805 10507 47 10508 47 10509 1823 10510 1848 10511 1848 10512 1823 10513 1822 10514 1822 10515 1828 10516 1848 10517 1845 10518 291 10519 290 10520 290 10521 1789 10522 1845 10523 1845 10524 1789 10525 1788 10526 1788 10527 1793 10528 1845 10529 1823 10530 47 10531 44 10532 44 10533 1818 10534 1823 10535 1815 10536 1813 10537 1602 10538 1602 10539 1601 10540 1815 10541 1811 10542 1612 10543 1610 10544 1610 10545 1606 10546 1811 10547 1808 10548 1615 10549 1613 10550 1613 10551 1612 10552 1808 10553 1806 10554 1618 10555 1616 10556 1616 10557 1615 10558 1806 10559 1805 10560 1804 10561 45 10562 45 10563 47 10564 1805 10565 1802 10566 1621 10567 1619 10568 1619 10569 1618 10570 1802 10571 1798 10572 1624 10573 1622 10574 1622 10575 1621 10576 1798 10577 1794 10578 1627 10579 1625 10580 1625 10581 1624 10582 1794 10583 1790 10584 1630 10585 1628 10586 1628 10587 1627 10588 1790 10589 1789 10590 290 10591 1785 10592 1785 10593 1784 10594 1789 10595 1786 10596 1633 10597 1631 10598 1631 10599 1630 10600 1786 10601 1785 10602 290 10603 288 10604 288 10605 287 10606 1785 10607 1785 10608 287 10609 1781 10610 1781 10611 1780 10612 1785 10613 1782 10614 1636 10615 1634 10616 1634 10617 1633 10618 1782 10619 1781 10620 287 10621 283 10622 283 10623 282 10624 1781 10625 1781 10626 282 10627 1777 10628 1777 10629 1776 10630 1781 10631 1778 10632 1639 10633 1637 10634 1637 10635 1636 10636 1778 10637 1777 10638 282 10639 278 10640 278 10641 277 10642 1777 10643 1777 10644 277 10645 1773 10646 1773 10647 1772 10648 1777 10649 1774 10650 1642 10651 1640 10652 1640 10653 1639 10654 1774 10655 1773 10656 277 10657 274 10658 274 10659 29 10660 1773 10661 1773 10662 29 10663 28 10664 28 10665 1769 10666 1773 10667 1770 10668 1645 10669 1643 10670 1643 10671 1642 10672 1770 10673 1767 10674 1648 10675 1646 10676 1646 10677 1645 10678 1767 10679 1761 10680 1759 10681 1849 10682 1849 10683 1666 10684 1761 10685 1761 10686 1666 10687 1664 10688 1664 10689 1663 10690 1761 10691 1849 10692 1759 10693 1757 10694 1757 10695 1756 10696 1849 10697 1849 10698 1756 10699 1850 10700 1850 10701 1669 10702 1849 10703 1849 10704 1669 10705 1667 10706 1667 10707 1666 10708 1849 10709 1850 10710 1756 10711 1754 10712 1754 10713 1753 10714 1850 10715 1850 10716 1753 10717 1851 10718 1851 10719 1672 10720 1850 10721 1850 10722 1672 10723 1670 10724 1670 10725 1669 10726 1850 10727 1851 10728 1753 10729 1751 10730 1751 10731 1750 10732 1851 10733 1851 10734 1750 10735 1852 10736 1852 10737 1675 10738 1851 10739 1851 10740 1675 10741 1673 10742 1673 10743 1672 10744 1851 10745 1852 10746 1750 10747 1748 10748 1748 10749 1747 10750 1852 10751 1852 10752 1747 10753 1853 10754 1853 10755 1678 10756 1852 10757 1852 10758 1678 10759 1676 10760 1676 10761 1675 10762 1852 10763 1853 10764 1747 10765 1745 10766 1745 10767 1744 10768 1853 10769 1853 10770 1744 10771 1854 10772 1854 10773 1681 10774 1853 10775 1853 10776 1681 10777 1679 10778 1679 10779 1678 10780 1853 10781 1854 10782 1744 10783 1742 10784 1742 10785 1741 10786 1854 10787 1854 10788 1741 10789 1855 10790 1855 10791 1684 10792 1854 10793 1854 10794 1684 10795 1682 10796 1682 10797 1681 10798 1854 10799 1855 10800 1741 10801 1739 10802 1739 10803 1856 10804 1855 10805 1855 10806 1856 10807 1857 10808 1857 10809 1687 10810 1855 10811 1855 10812 1687 10813 1685 10814 1685 10815 1684 10816 1855 10817 1857 10818 1856 10819 1736 10820 1736 10821 1858 10822 1857 10823 1857 10824 1858 10825 1859 10826 1859 10827 1690 10828 1857 10829 1857 10830 1690 10831 1688 10832 1688 10833 1687 10834 1857 10835 1859 10836 1858 10837 1860 10838 1860 10839 1861 10840 1859 10841 1859 10842 1861 10843 1862 10844 1862 10845 1693 10846 1859 10847 1859 10848 1693 10849 1691 10850 1691 10851 1690 10852 1859 10853 1862 10854 1861 10855 1863 10856 1863 10857 1864 10858 1862 10859 1862 10860 1864 10861 1865 10862 1865 10863 1696 10864 1862 10865 1862 10866 1696 10867 1694 10868 1694 10869 1693 10870 1862 10871 1865 10872 1864 10873 1866 10874 1866 10875 1867 10876 1865 10877 1865 10878 1867 10879 1868 10880 1868 10881 1699 10882 1865 10883 1865 10884 1699 10885 1697 10886 1697 10887 1696 10888 1865 10889 1868 10890 1867 10891 1869 10892 1869 10893 157 10894 1868 10895 1868 10896 157 10897 156 10898 156 10899 1702 10900 1868 10901 1868 10902 1702 10903 1700 10904 1700 10905 1699 10906 1868 10907 1869 10908 1723 10909 1720 10910 1720 10911 1719 10912 1869 10913 1869 10914 1719 10915 158 10916 158 10917 157 10918 1869 10919 1869 10920 1867 10921 1866 10922 1866 10923 1723 10924 1869 10925 1866 10926 1727 10927 1724 10928 1724 10929 1723 10930 1866 10931 1866 10932 1864 10933 1863 10934 1863 10935 1727 10936 1866 10937 1863 10938 1731 10939 1728 10940 1728 10941 1727 10942 1863 10943 1863 10944 1861 10945 1860 10946 1860 10947 1731 10948 1863 10949 1860 10950 1734 10951 1732 10952 1732 10953 1731 10954 1860 10955 1860 10956 1858 10957 1736 10958 1736 10959 1734 10960 1860 10961 1856 10962 1739 10963 1737 10964 1737 10965 1736 10966 1856 10967 1730 10968 229 10969 225 10970 225 10971 224 10972 1730 10973 1726 10974 224 10975 220 10976 220 10977 219 10978 1726 10979 1722 10980 219 10981 215 10982 215 10983 214 10984 1722 10985 1719 10986 1716 10987 161 10988 161 10989 158 10990 1719 10991 1718 10992 214 10993 210 10994 210 10995 209 10996 1718 10997 1715 10998 209 10999 205 11000 205 11001 204 11002 1715 11003 1713 11004 199 11005 195 11006 195 11007 194 11008 1713 11009 1713 11010 194 11011 1870 11012 1870 11013 1708 11014 1713 11015 1870 11016 194 11017 190 11018 190 11019 178 11020 1870 11021 1870 11022 178 11023 177 11024 177 11025 428 11026 1870 11027 1870 11028 428 11029 427 11030 427 11031 1708 11032 1870 11033 1712 11034 204 11035 200 11036 200 11037 199 11038 1712 11039 1703 11040 1702 11041 156 11042 156 11043 160 11044 1703 11045 1579 11046 1577 11047 299 11048 299 11049 297 11050 1579 11051 1575 11052 302 11053 300 11054 300 11055 299 11056 1575 11057 989 11058 49 11059 54 11060 54 11061 984 11062 989 11063 980 11064 979 11065 54 11066 54 11067 53 11068 980 11069 900 11070 97 11071 96 11072 96 11073 895 11074 900 11075 891 11076 93 11077 92 11078 92 11079 153 11080 891 11081 891 11082 153 11083 152 11084 152 11085 886 11086 891 11087 891 11088 890 11089 96 11090 96 11091 93 11092 891 11093 869 11094 867 11095 127 11096 127 11097 131 11098 869 11099 867 11100 866 11101 128 11102 128 11103 127 11104 867 11105 862 11106 861 11107 134 11108 134 11109 139 11110 862 11111 861 11112 860 11113 135 11114 135 11115 134 11116 861 11117 860 11118 858 11119 841 11120 841 11121 840 11122 860 11123 860 11124 840 11125 839 11126 839 11127 135 11128 860 11129 761 11130 368 11131 366 11132 366 11133 365 11134 761 11135 648 11136 371 11137 369 11138 369 11139 368 11140 648 11141 610 11142 606 11143 107 11144 107 11145 106 11146 610 11147 602 11148 601 11149 108 11150 108 11151 107 11152 602 11153 529 11154 154 11155 524 11156 524 11157 523 11158 529 11159 524 11160 154 11161 153 11162 153 11163 92 11164 524 11165 524 11166 92 11167 91 11168 91 11169 519 11170 524 11171 512 11172 511 11173 89 11174 89 11175 95 11176 512 11177 453 11178 449 11179 172 11180 172 11181 171 11182 453 11183 442 11184 441 11185 175 11186 175 11187 174 11188 442 11189 281 11190 10 11191 3 11192 3 11193 276 11194 281 11195 268 11196 267 11197 24 11198 24 11199 23 11200 268 11201 246 11202 39 11203 33 11204 33 11205 241 11206 246 11207 149 11208 148 11209 122 11210 122 11211 121 11212 149 11213</p>
        </triangles>
      </mesh>
    </geometry>
  </library_geometries>
  <library_visual_scenes>
    <visual_scene id="arm_r_link4" name="arm_r_link4">
      <node name="arm_r_link4" id="arm_r_link4" sid="arm_r_link4">
        <node id="arm_r_link4-Pivot" name="arm_r_link4-Pivot">
          <translate>-0.005709 0.042915 -0.001677</translate>
          <rotate>0.000000 0.000000 0.000000 0.000000</rotate>
          <instance_geometry url="#arm_r_link4-lib">
            <bind_material>
              <technique_common>
                <instance_material symbol="white" target="#white"/>
              </technique_common>
            </bind_material>
          </instance_geometry>
        </node>
        <extra>
          <technique profile="FCOLLADA">
            <visibility>1.000000</visibility>
          </technique>
        </extra>
      </node>
      <extra>
        <technique profile="MAX3D">
          <frame_rate>30.000000</frame_rate>
        </technique>
        <technique profile="FCOLLADA">
          <start_time>0.000000</start_time>
          <end_time>3.333333</end_time>
        </technique>
      </extra>
    </visual_scene>
  </library_visual_scenes>
  <scene>
    <instance_visual_scene url="#arm_r_link4"/>
  </scene>
</COLLADA>
