<?xml version="1.0" encoding="utf-8"?>
<COLLADA xmlns="http://www.collada.org/2005/11/COLLADASchema" version="1.4.1">
  <asset>
    <contributor>
      <author/>
      <authoring_tool>FBX COLLADA exporter</authoring_tool>
      <comments/>
    </contributor>
    <created>2026-06-09T06:35:29Z</created>
    <keywords/>
    <modified>2026-06-09T06:35:29Z</modified>
    <revision/>
    <subject/>
    <title/>
    <unit meter="1.000000" name="centimeter"/>
    <up_axis>Z_UP</up_axis>
  </asset>
  <library_materials>
    <material id="white" name="white">
      <instance_effect url="#white-fx"/>
    </material>
  </library_materials>
  <library_effects>
    <effect id="white-fx" name="white">
      <profile_COMMON>
        <technique sid="standard">
          <phong>
            <emission>
              <color sid="emission">0.000000  0.000000 0.000000 1.000000</color>
            </emission>
            <ambient>
              <color sid="ambient">0.766000  0.766000 0.766000 1.000000</color>
            </ambient>
            <diffuse>
              <color sid="diffuse">0.766000  0.766000 0.766000 1.000000</color>
            </diffuse>
            <specular>
              <color sid="specular">2.763290  2.763290 2.763290 1.000000</color>
            </specular>
            <shininess>
              <float sid="shininess">13.928808</float>
            </shininess>
          </phong>
        </technique>
      </profile_COMMON>
    </effect>
  </library_effects>
  <library_geometries>
    <geometry id="arm_r_link2-lib" name="arm_r_link2Mesh">
      <mesh>
        <source id="arm_r_link2-POSITION">
          <float_array id="arm_r_link2-POSITION-array" count="3756">
-0.039142 0.026285 -0.039344
-0.042995 0.027808 -0.032458
-0.041411 0.034243 -0.033097
-0.037064 0.034442 -0.039318
-0.037255 0.020693 -0.044030
-0.039702 0.014091 -0.038409
-0.040461 0.016653 -0.033793
-0.041493 0.018754 -0.028839
0.000026 0.094262 -0.048184
-0.003281 0.094107 -0.048098
-0.003900 0.102920 -0.047385
0.000026 0.102920 -0.047542
-0.033044 -0.024456 -0.067079
-0.044832 -0.027364 -0.061835
-0.038550 -0.016230 -0.061439
-0.017963 -0.014379 -0.067079
-0.033826 -0.007590 -0.060486
-0.017230 -0.007068 -0.064908
0.000026 -0.005256 -0.066011
0.000026 -0.010840 -0.067080
0.000026 0.086351 -0.048511
-0.004921 0.086357 -0.048277
-0.029035 -0.005780 -0.046887
-0.026957 -0.000159 -0.046426
-0.035294 0.001519 -0.046272
-0.036932 -0.004004 -0.046857
-0.038601 -0.016166 -0.046947
-0.038181 -0.018783 -0.047479
-0.030301 -0.012156 -0.047477
-0.020667 -0.004000 -0.046873
-0.019635 -0.000468 -0.046356
-0.020910 -0.007175 -0.047476
-0.050199 0.032703 -0.000000
-0.050091 0.032624 -0.005052
-0.045587 0.023260 -0.004279
-0.045640 0.023291 -0.000000
-0.049755 0.037896 -0.000000
-0.049608 0.037795 -0.005255
-0.048602 0.037366 -0.012812
-0.049198 0.032119 -0.012543
-0.044985 0.022814 -0.010913
-0.047639 0.031066 -0.019634
-0.043974 0.021919 -0.017321
-0.033472 0.015118 -0.015518
-0.033917 0.015532 -0.009647
-0.034204 0.015737 -0.003707
-0.034274 0.015774 -0.000000
-0.021825 0.010122 -0.003751
-0.021913 0.010148 -0.000000
-0.008915 0.006557 -0.000000
-0.008783 0.006551 -0.004122
0.000026 0.005868 -0.004309
0.000026 0.005866 -0.000000
-0.015470 0.008030 -0.000000
-0.015357 0.008029 -0.003916
-0.015219 0.007995 -0.009861
-0.008645 0.006542 -0.010196
-0.021667 0.010053 -0.009622
-0.021532 0.009886 -0.015499
-0.015140 0.007895 -0.015872
-0.033025 0.014478 -0.021288
-0.021532 0.009629 -0.021415
-0.032743 0.013601 -0.026919
-0.021788 0.009244 -0.027366
-0.042739 0.020555 -0.023341
-0.032696 0.012493 -0.032254
-0.032933 0.010880 -0.037009
-0.039258 0.010949 -0.042167
-0.033426 0.008621 -0.041138
-0.039344 0.007224 -0.044958
-0.034190 0.005575 -0.044382
-0.036331 0.015388 -0.047526
-0.036477 0.009819 -0.050041
-0.037517 0.004006 -0.051789
-0.040012 0.002743 -0.046661
-0.027164 0.010851 -0.056625
-0.028791 0.004747 -0.058143
-0.030866 -0.001183 -0.059406
-0.039437 -0.002202 -0.052925
-0.041597 -0.002919 -0.047569
-0.042531 -0.010023 -0.053456
-0.044414 -0.010850 -0.047864
-0.040969 -0.012063 -0.046940
-0.047315 -0.021783 -0.053581
-0.048696 -0.022854 -0.048518
-0.047585 -0.024808 -0.047008
-0.052227 -0.033795 -0.050074
-0.051933 -0.035008 -0.047741
-0.050407 -0.036368 -0.047049
-0.045660 -0.026734 -0.046975
-0.054472 -0.045607 -0.052213
-0.054639 -0.046037 -0.049272
-0.053578 -0.046796 -0.047220
-0.055872 -0.057473 -0.050124
-0.055168 -0.057309 -0.047493
-0.054249 -0.057035 -0.047482
-0.052951 -0.046898 -0.047483
-0.055076 -0.068324 -0.050380
-0.054440 -0.068098 -0.047536
-0.053453 -0.067937 -0.047482
-0.052824 -0.067799 -0.049000
-0.053856 -0.057326 -0.049000
-0.051525 -0.078696 -0.047487
-0.050627 -0.078271 -0.047482
-0.049770 -0.077869 -0.049000
0.000026 -0.057296 -0.049000
-0.045730 -0.087736 -0.047482
-0.044809 -0.087150 -0.049000
-0.038133 -0.095285 -0.049000
-0.052824 -0.046853 -0.049000
-0.049770 -0.036783 -0.049000
-0.049882 -0.036680 -0.047483
-0.044809 -0.027502 -0.049000
-0.044933 -0.027385 -0.047482
-0.025740 0.003489 -0.044643
-0.024570 0.006118 -0.041672
-0.023283 0.007775 -0.037503
-0.022344 0.008690 -0.032840
-0.016189 0.007169 -0.033676
-0.015556 0.007521 -0.028128
-0.015216 0.007749 -0.021970
-0.008820 0.006367 -0.028978
-0.008600 0.006435 -0.022661
-0.008569 0.006480 -0.016370
0.000026 0.005854 -0.023195
0.000026 0.005849 -0.016762
0.000026 0.005870 -0.010475
0.000026 0.005846 -0.035041
0.000026 0.005862 -0.029595
-0.009240 0.006221 -0.034539
-0.009717 0.005987 -0.039065
0.000026 0.005735 -0.039405
-0.010199 0.004785 -0.042482
0.000026 0.004670 -0.042668
-0.017120 0.006614 -0.038309
-0.018087 0.005228 -0.042190
-0.018984 0.002718 -0.044806
-0.010594 0.002545 -0.044799
-0.010880 -0.000193 -0.046148
0.000026 0.000026 -0.046062
0.000026 0.002508 -0.044859
-0.048965 0.048811 -0.000000
-0.048744 0.048712 -0.005600
-0.047599 0.048472 -0.013043
-0.045575 0.048076 -0.020146
-0.046842 0.036502 -0.020033
-0.042801 0.047679 -0.026743
-0.044478 0.035339 -0.026774
-0.045555 0.029576 -0.026303
-0.039272 0.047535 -0.032752
-0.034628 0.047897 -0.038491
-0.022316 0.049013 -0.047780
-0.023701 0.036360 -0.050179
-0.024391 0.029976 -0.051619
-0.025025 0.023615 -0.053344
-0.025948 0.017201 -0.055034
-0.011449 0.016897 -0.059070
-0.012725 0.010780 -0.060524
-0.014490 0.004830 -0.061931
-0.016023 -0.001049 -0.063328
-0.050678 -0.031720 -0.054416
-0.053666 -0.045220 -0.056063
-0.055095 -0.057423 -0.056825
-0.055625 -0.057500 -0.053170
-0.054817 -0.068198 -0.053383
-0.051827 -0.079142 -0.053346
-0.052181 -0.079071 -0.050359
-0.047210 -0.088715 -0.050292
-0.046592 -0.088327 -0.047504
-0.040143 -0.097351 -0.050233
-0.039609 -0.096749 -0.047425
-0.038948 -0.096039 -0.047482
-0.030506 -0.104165 -0.047384
-0.030122 -0.103343 -0.047482
-0.029998 -0.101961 -0.049000
-0.021129 -0.108068 -0.047482
-0.020717 -0.106922 -0.049000
-0.009446 -0.109447 -0.049000
-0.038133 -0.019367 -0.049000
-0.029998 -0.012691 -0.049000
-0.020717 -0.007731 -0.049000
-0.010647 -0.004676 -0.049000
-0.010571 -0.004209 -0.047479
0.000026 -0.003644 -0.049000
0.000026 -0.003287 -0.047480
0.000026 -0.001975 -0.046597
-0.010784 -0.002638 -0.046729
0.000026 0.004893 -0.062839
0.000026 0.010688 -0.061391
0.000026 -0.000666 -0.064250
0.000026 0.016712 -0.059906
-0.010522 0.023152 -0.057601
0.000026 0.022908 -0.058398
-0.009835 0.029508 -0.056128
0.000026 0.029230 -0.056912
-0.048058 0.060346 -0.005880
-0.048344 0.060410 -0.000000
-0.046817 0.060277 -0.013096
-0.044642 0.060212 -0.019985
-0.041638 0.060210 -0.026409
-0.037817 0.060343 -0.032299
-0.033061 0.060692 -0.037630
-0.021052 0.061624 -0.046056
-0.007865 0.061572 -0.050234
-0.008548 0.048774 -0.052207
-0.009325 0.035926 -0.054713
0.000026 0.048529 -0.052909
0.000026 0.035628 -0.055486
-0.047617 0.072417 -0.006179
-0.047988 0.072437 -0.000000
-0.046281 0.072490 -0.013238
-0.043970 0.072591 -0.020006
-0.040760 0.072745 -0.026344
-0.036674 0.073003 -0.032143
-0.031697 0.073381 -0.037288
-0.019591 0.074191 -0.045154
-0.006958 0.074335 -0.048868
0.000026 0.061400 -0.050837
-0.047451 0.084427 -0.006512
-0.047864 0.084373 -0.000000
-0.045995 0.084631 -0.013553
-0.043529 0.084826 -0.020320
-0.040087 0.084948 -0.026667
-0.035715 0.085102 -0.032445
-0.030441 0.085373 -0.037493
-0.017848 0.086019 -0.045026
0.000026 0.074244 -0.049362
-0.047447 0.094240 -0.006838
-0.047910 0.094318 -0.000000
-0.045863 0.094036 -0.013944
-0.043261 0.093930 -0.020769
-0.039585 0.094004 -0.027188
-0.034945 0.094100 -0.033011
-0.029443 0.094121 -0.038015
-0.016250 0.094211 -0.045335
-0.014612 0.102920 -0.045216
-0.027828 0.102920 -0.038481
-0.033703 0.102920 -0.033494
-0.038606 0.102920 -0.027699
-0.042514 0.102920 -0.021208
-0.045270 0.102920 -0.014312
-0.046941 0.102920 -0.007124
-0.047475 0.102920 -0.000000
-0.043121 -0.039537 -0.067079
-0.051143 -0.043689 -0.061758
-0.046660 -0.057326 -0.067079
-0.053856 -0.057326 -0.061700
-0.045767 -0.066395 -0.067079
-0.052824 -0.067799 -0.061643
-0.054066 -0.068075 -0.056825
-0.043121 -0.075116 -0.067079
-0.049555 -0.078270 -0.061491
-0.051123 -0.078926 -0.056752
-0.044809 -0.087150 -0.061365
-0.046310 -0.088297 -0.056650
-0.046905 -0.088717 -0.053254
-0.038133 -0.095285 -0.061309
-0.039422 -0.096725 -0.056611
-0.039900 -0.097247 -0.053214
-0.030922 -0.103717 -0.056592
-0.031117 -0.104357 -0.053182
-0.031056 -0.104803 -0.050188
-0.021544 -0.108709 -0.056533
-0.021654 -0.109420 -0.053125
-0.021702 -0.109686 -0.050142
-0.010235 -0.112876 -0.053027
-0.010153 -0.112727 -0.050013
-0.009842 -0.111752 -0.047369
-0.021453 -0.108842 -0.047369
0.000026 -0.113977 -0.052956
0.000026 -0.114294 -0.050081
0.000026 -0.113583 -0.047369
-0.038826 -0.083152 -0.067079
-0.033044 -0.090197 -0.067079
-0.026000 -0.095978 -0.067079
-0.029998 -0.101961 -0.061330
-0.020717 -0.106922 -0.061353
-0.009446 -0.109447 -0.061251
-0.010057 -0.112233 -0.056387
0.000026 -0.113292 -0.056288
-0.017963 -0.100274 -0.067080
-0.008050 -0.102429 -0.067080
0.000026 -0.103812 -0.067080
0.000026 -0.111008 -0.061145
0.000026 -0.111008 -0.049000
-0.009686 -0.110774 -0.047369
0.000026 -0.112572 -0.047369
-0.007032 0.112920 -0.046697
0.000026 0.112920 -0.047542
-0.016763 0.112920 -0.044120
-0.027828 0.112920 -0.038481
-0.033703 0.112920 -0.033494
-0.038606 0.112920 -0.027699
-0.042514 0.112920 -0.021208
-0.045270 0.112920 -0.014312
-0.046941 0.112920 -0.007124
-0.047475 0.112920 -0.000000
-0.006504 0.112920 -0.040642
0.000026 0.112920 -0.041476
-0.014877 0.112920 -0.038348
-0.024267 0.112920 -0.033563
-0.029398 0.112920 -0.029209
-0.033680 0.112920 -0.024148
-0.037092 0.112920 -0.018479
-0.039499 0.112920 -0.012457
-0.040958 0.112920 -0.006180
-0.041424 0.112920 -0.000000
-0.006504 0.124920 -0.040642
0.000026 0.124920 -0.041476
-0.014877 0.124920 -0.038348
-0.024267 0.124920 -0.033563
-0.029398 0.124920 -0.029209
-0.033680 0.124920 -0.024148
-0.037092 0.124920 -0.018479
-0.039499 0.124920 -0.012457
-0.040958 0.124920 -0.006180
-0.041424 0.124920 -0.000000
0.039193 0.026285 -0.039344
0.037115 0.034442 -0.039318
0.041462 0.034243 -0.033097
0.043046 0.027808 -0.032458
0.040512 0.016653 -0.033793
0.039753 0.014091 -0.038409
0.037306 0.020693 -0.044030
0.041544 0.018754 -0.028839
0.003951 0.102920 -0.047385
0.003332 0.094107 -0.048098
0.018014 -0.014379 -0.067079
0.038601 -0.016230 -0.061439
0.033096 -0.024456 -0.067079
0.017281 -0.007068 -0.064908
0.033877 -0.007590 -0.060486
0.004972 0.086357 -0.048277
0.029086 -0.005780 -0.046887
0.036983 -0.004004 -0.046857
0.035345 0.001519 -0.046272
0.027009 -0.000159 -0.046426
0.030352 -0.012156 -0.047477
0.038232 -0.018783 -0.047479
0.038653 -0.016166 -0.046947
0.019686 -0.000468 -0.046356
0.020718 -0.004000 -0.046873
0.020961 -0.007175 -0.047476
0.050250 0.032703 -0.000000
0.045691 0.023291 -0.000000
0.045638 0.023260 -0.004279
0.050143 0.032624 -0.005052
0.049659 0.037795 -0.005255
0.049806 0.037896 -0.000000
0.049249 0.032119 -0.012543
0.048653 0.037366 -0.012812
0.045036 0.022814 -0.010913
0.047690 0.031066 -0.019634
0.044025 0.021919 -0.017321
0.033968 0.015532 -0.009647
0.033523 0.015118 -0.015518
0.034255 0.015737 -0.003707
0.034325 0.015774 -0.000000
0.021964 0.010148 -0.000000
0.021877 0.010122 -0.003751
0.008966 0.006557 -0.000000
0.008834 0.006551 -0.004122
0.015408 0.008029 -0.003916
0.015521 0.008030 -0.000000
0.008696 0.006542 -0.010196
0.015270 0.007995 -0.009861
0.021718 0.010053 -0.009622
0.015191 0.007895 -0.015872
0.021583 0.009886 -0.015499
0.021584 0.009629 -0.021415
0.033076 0.014478 -0.021288
0.021839 0.009244 -0.027366
0.032794 0.013601 -0.026919
0.042791 0.020555 -0.023341
0.032747 0.012493 -0.032254
0.032984 0.010880 -0.037009
0.039309 0.010949 -0.042167
0.033477 0.008621 -0.041138
0.034242 0.005575 -0.044382
0.039395 0.007224 -0.044958
0.036382 0.015388 -0.047526
0.036528 0.009819 -0.050041
0.040063 0.002743 -0.046661
0.037568 0.004006 -0.051789
0.028842 0.004747 -0.058143
0.027215 0.010851 -0.056625
0.039489 -0.002202 -0.052925
0.030917 -0.001183 -0.059406
0.041648 -0.002919 -0.047569
0.042582 -0.010023 -0.053456
0.044465 -0.010850 -0.047864
0.041020 -0.012063 -0.046940
0.048747 -0.022854 -0.048518
0.047367 -0.021783 -0.053581
0.047636 -0.024808 -0.047008
0.052278 -0.033795 -0.050074
0.051984 -0.035008 -0.047741
0.045711 -0.026734 -0.046975
0.050458 -0.036368 -0.047049
0.054690 -0.046037 -0.049272
0.054523 -0.045607 -0.052213
0.053629 -0.046796 -0.047220
0.055923 -0.057473 -0.050124
0.055219 -0.057309 -0.047493
0.053002 -0.046898 -0.047483
0.054300 -0.057035 -0.047482
0.054491 -0.068098 -0.047536
0.055127 -0.068324 -0.050380
0.053504 -0.067937 -0.047482
0.053907 -0.057326 -0.049000
0.052876 -0.067799 -0.049000
0.050678 -0.078271 -0.047482
0.051576 -0.078696 -0.047487
0.049821 -0.077869 -0.049000
0.044860 -0.087150 -0.049000
0.045781 -0.087736 -0.047482
0.038184 -0.095285 -0.049000
0.052876 -0.046853 -0.049000
0.049821 -0.036783 -0.049000
0.049933 -0.036680 -0.047483
0.044984 -0.027385 -0.047482
0.044860 -0.027502 -0.049000
0.025791 0.003489 -0.044643
0.024621 0.006118 -0.041672
0.023334 0.007775 -0.037503
0.022395 0.008690 -0.032840
0.015607 0.007521 -0.028128
0.016240 0.007169 -0.033676
0.015267 0.007749 -0.021970
0.008651 0.006435 -0.022661
0.008871 0.006367 -0.028978
0.008620 0.006480 -0.016370
0.009291 0.006221 -0.034539
0.009768 0.005987 -0.039065
0.010250 0.004785 -0.042482
0.017171 0.006614 -0.038309
0.018138 0.005228 -0.042190
0.010645 0.002545 -0.044799
0.019035 0.002718 -0.044806
0.010931 -0.000193 -0.046148
0.049016 0.048811 -0.000000
0.048796 0.048712 -0.005600
0.047650 0.048472 -0.013043
0.045626 0.048076 -0.020146
0.046893 0.036502 -0.020033
0.044529 0.035339 -0.026774
0.042852 0.047679 -0.026743
0.045606 0.029576 -0.026303
0.039323 0.047535 -0.032752
0.034679 0.047897 -0.038491
0.022367 0.049013 -0.047780
0.023752 0.036360 -0.050179
0.024442 0.029976 -0.051619
0.025076 0.023615 -0.053344
0.025999 0.017201 -0.055034
0.012777 0.010780 -0.060524
0.011500 0.016897 -0.059070
0.014541 0.004830 -0.061931
0.016074 -0.001049 -0.063328
0.050729 -0.031720 -0.054416
0.044883 -0.027364 -0.061835
0.053717 -0.045220 -0.056063
0.055676 -0.057500 -0.053170
0.055146 -0.057423 -0.056825
0.054869 -0.068198 -0.053383
0.052232 -0.079071 -0.050359
0.051878 -0.079142 -0.053346
0.047261 -0.088715 -0.050292
0.046643 -0.088327 -0.047504
0.039661 -0.096749 -0.047425
0.040194 -0.097351 -0.050233
0.038999 -0.096039 -0.047482
0.030173 -0.103343 -0.047482
0.030557 -0.104165 -0.047384
0.030049 -0.101961 -0.049000
0.020768 -0.106922 -0.049000
0.021180 -0.108068 -0.047482
0.009497 -0.109447 -0.049000
0.038184 -0.019367 -0.049000
0.030049 -0.012691 -0.049000
0.020768 -0.007731 -0.049000
0.010698 -0.004676 -0.049000
0.010623 -0.004209 -0.047479
0.010835 -0.002638 -0.046729
0.010573 0.023152 -0.057601
0.009886 0.029508 -0.056128
0.048109 0.060346 -0.005880
0.048395 0.060410 -0.000000
0.046869 0.060277 -0.013096
0.044693 0.060212 -0.019985
0.041689 0.060210 -0.026409
0.037868 0.060343 -0.032299
0.033112 0.060692 -0.037630
0.021103 0.061624 -0.046056
0.008599 0.048774 -0.052207
0.007916 0.061572 -0.050234
0.009376 0.035926 -0.054713
0.047669 0.072417 -0.006179
0.048039 0.072437 -0.000000
0.046332 0.072490 -0.013238
0.044021 0.072591 -0.020006
0.040811 0.072745 -0.026344
0.036725 0.073003 -0.032143
0.031748 0.073381 -0.037288
0.019642 0.074191 -0.045154
0.007009 0.074335 -0.048868
0.047502 0.084427 -0.006512
0.047915 0.084373 -0.000000
0.046046 0.084631 -0.013553
0.043580 0.084826 -0.020320
0.040139 0.084948 -0.026667
0.035766 0.085102 -0.032445
0.030493 0.085373 -0.037493
0.017899 0.086019 -0.045026
0.047498 0.094240 -0.006838
0.047961 0.094318 -0.000000
0.045914 0.094036 -0.013944
0.043312 0.093930 -0.020769
0.039636 0.094004 -0.027188
0.034996 0.094100 -0.033011
0.029494 0.094121 -0.038015
0.016301 0.094211 -0.045335
0.014664 0.102920 -0.045216
0.027879 0.102920 -0.038481
0.033754 0.102920 -0.033494
0.038657 0.102920 -0.027699
0.042565 0.102920 -0.021208
0.045321 0.102920 -0.014312
0.046992 0.102920 -0.007124
0.047526 0.102920 -0.000000
0.043172 -0.039537 -0.067079
0.051194 -0.043689 -0.061758
0.053907 -0.057326 -0.061700
0.046711 -0.057326 -0.067079
0.045818 -0.066395 -0.067079
0.052876 -0.067799 -0.061643
0.054117 -0.068075 -0.056825
0.049606 -0.078270 -0.061491
0.043172 -0.075116 -0.067079
0.051174 -0.078926 -0.056752
0.044860 -0.087150 -0.061365
0.046361 -0.088297 -0.056650
0.046956 -0.088717 -0.053254
0.039473 -0.096725 -0.056611
0.038184 -0.095285 -0.061309
0.039951 -0.097247 -0.053214
0.030973 -0.103717 -0.056592
0.031168 -0.104357 -0.053182
0.031107 -0.104803 -0.050188
0.021705 -0.109420 -0.053125
0.021595 -0.108709 -0.056533
0.021753 -0.109686 -0.050142
0.010287 -0.112876 -0.053027
0.010205 -0.112727 -0.050013
0.021504 -0.108842 -0.047369
0.009893 -0.111752 -0.047369
0.038877 -0.083152 -0.067079
0.033096 -0.090197 -0.067079
0.030049 -0.101961 -0.061330
0.026051 -0.095978 -0.067079
0.020768 -0.106922 -0.061353
0.010108 -0.112233 -0.056387
0.009497 -0.109447 -0.061251
0.018014 -0.100274 -0.067080
0.008101 -0.102429 -0.067080
0.009738 -0.110774 -0.047369
0.003951 0.112920 -0.047385
0.014664 0.112920 -0.045216
0.027879 0.112920 -0.038481
0.033754 0.112920 -0.033494
0.038657 0.112920 -0.027699
0.042565 0.112920 -0.021208
0.045321 0.112920 -0.014312
0.046992 0.112920 -0.007124
0.047526 0.112920 -0.000000
0.003423 0.112920 -0.041338
0.012778 0.112920 -0.039444
0.024318 0.112920 -0.033563
0.029449 0.112920 -0.029209
0.033731 0.112920 -0.024148
0.037143 0.112920 -0.018479
0.039550 0.112920 -0.012457
0.041009 0.112920 -0.006180
0.041475 0.112920 -0.000000
0.003423 0.124920 -0.041338
0.012778 0.124920 -0.039444
0.024318 0.124920 -0.033563
0.029449 0.124920 -0.029209
0.033731 0.124920 -0.024148
0.037143 0.124920 -0.018479
0.039550 0.124920 -0.012457
0.041009 0.124920 -0.006180
0.041475 0.124920 -0.000000
-0.014022 -0.023758 -0.069069
-0.025799 -0.031627 -0.069069
0.000026 -0.020995 -0.069070
-0.036431 -0.057296 -0.069069
-0.035734 -0.064378 -0.069069
-0.030313 -0.077463 -0.069069
-0.025799 -0.082964 -0.069069
-0.014022 -0.090833 -0.069070
-0.006281 -0.092517 -0.069070
0.000026 -0.093596 -0.069070
-0.033668 -0.043404 -0.069069
-0.033668 -0.071187 -0.069069
-0.020298 -0.087479 -0.069069
0.025850 -0.031627 -0.069069
0.014073 -0.023758 -0.069069
0.035785 -0.064378 -0.069069
0.036482 -0.057296 -0.069069
0.025850 -0.082964 -0.069069
0.030364 -0.077463 -0.069069
0.006332 -0.092517 -0.069070
0.014073 -0.090833 -0.069070
0.033719 -0.043404 -0.069069
0.033719 -0.071187 -0.069069
0.020349 -0.087479 -0.069069
-0.008164 -0.037743 -0.070268
-0.015030 -0.042331 -0.070267
0.000026 -0.036132 -0.070268
-0.021229 -0.057296 -0.070267
-0.020822 -0.061424 -0.070267
-0.017662 -0.069054 -0.070267
-0.015030 -0.072261 -0.070267
-0.008164 -0.076848 -0.070268
-0.003651 -0.077830 -0.070268
0.000026 -0.078459 -0.070268
-0.019618 -0.049197 -0.070267
-0.019618 -0.065395 -0.070267
-0.011823 -0.074893 -0.070268
0.015081 -0.042331 -0.070267
0.008215 -0.037743 -0.070268
0.020873 -0.061424 -0.070267
0.021280 -0.057296 -0.070267
0.015081 -0.072261 -0.070267
0.017713 -0.069054 -0.070267
0.003702 -0.077830 -0.070268
0.008215 -0.076848 -0.070268
0.019669 -0.049197 -0.070267
0.019669 -0.065395 -0.070267
0.011874 -0.074893 -0.070268
0.000026 -0.057296 -0.070875
-0.039142 0.026285 0.039344
-0.037064 0.034442 0.039318
-0.041411 0.034243 0.033097
-0.042995 0.027808 0.032458
-0.040461 0.016653 0.033793
-0.039702 0.014091 0.038409
-0.037255 0.020693 0.044030
-0.041493 0.018754 0.028839
0.000026 0.094262 0.048184
0.000026 0.102920 0.047542
-0.003900 0.102920 0.047385
-0.003281 0.094107 0.048098
-0.033044 -0.024456 0.067079
-0.017963 -0.014379 0.067079
-0.038550 -0.016230 0.061439
-0.044832 -0.027364 0.061835
-0.017230 -0.007068 0.064908
-0.033826 -0.007590 0.060486
0.000026 -0.010840 0.067080
0.000026 -0.005256 0.066011
0.000026 0.086351 0.048511
-0.004921 0.086357 0.048277
-0.029035 -0.005780 0.046887
-0.036932 -0.004004 0.046857
-0.035294 0.001519 0.046272
-0.026957 -0.000159 0.046426
-0.030301 -0.012156 0.047477
-0.038181 -0.018783 0.047479
-0.038601 -0.016166 0.046947
-0.019635 -0.000468 0.046356
-0.020667 -0.004000 0.046873
-0.020910 -0.007175 0.047476
-0.045587 0.023260 0.004279
-0.050091 0.032624 0.005052
-0.049608 0.037795 0.005255
-0.049198 0.032119 0.012543
-0.048602 0.037366 0.012812
-0.044985 0.022814 0.010913
-0.047639 0.031066 0.019634
-0.043974 0.021919 0.017321
-0.033917 0.015532 0.009647
-0.033472 0.015118 0.015518
-0.034204 0.015737 0.003707
-0.021825 0.010122 0.003751
0.000026 0.005868 0.004309
-0.008783 0.006551 0.004122
-0.015357 0.008029 0.003916
-0.008645 0.006542 0.010196
-0.015219 0.007995 0.009861
-0.021667 0.010053 0.009622
-0.015140 0.007895 0.015872
-0.021532 0.009886 0.015499
-0.021532 0.009629 0.021415
-0.033025 0.014478 0.021288
-0.021788 0.009244 0.027366
-0.032743 0.013601 0.026919
-0.042739 0.020555 0.023341
-0.032696 0.012493 0.032254
-0.032933 0.010880 0.037009
-0.039258 0.010949 0.042167
-0.033426 0.008621 0.041138
-0.034190 0.005575 0.044382
-0.039344 0.007224 0.044958
-0.036331 0.015388 0.047526
-0.036477 0.009819 0.050041
-0.040012 0.002743 0.046661
-0.037517 0.004006 0.051789
-0.028791 0.004747 0.058143
-0.027164 0.010851 0.056625
-0.039437 -0.002202 0.052925
-0.030866 -0.001183 0.059406
-0.041597 -0.002919 0.047569
-0.042531 -0.010023 0.053456
-0.044414 -0.010850 0.047864
-0.040969 -0.012063 0.046940
-0.048696 -0.022854 0.048518
-0.047315 -0.021783 0.053581
-0.047585 -0.024808 0.047008
-0.052227 -0.033795 0.050074
-0.051933 -0.035008 0.047741
-0.045660 -0.026734 0.046975
-0.050407 -0.036368 0.047049
-0.054639 -0.046037 0.049272
-0.054472 -0.045607 0.052213
-0.053578 -0.046796 0.047220
-0.055872 -0.057473 0.050124
-0.055168 -0.057309 0.047493
-0.052951 -0.046898 0.047483
-0.054249 -0.057035 0.047482
-0.054440 -0.068098 0.047536
-0.055076 -0.068324 0.050380
-0.053453 -0.067937 0.047482
-0.053856 -0.057326 0.049000
-0.052824 -0.067799 0.049000
-0.050627 -0.078271 0.047482
-0.051525 -0.078696 0.047487
-0.049770 -0.077869 0.049000
0.000026 -0.057296 0.049000
-0.044809 -0.087150 0.049000
-0.045730 -0.087736 0.047482
-0.038133 -0.095285 0.049000
-0.052824 -0.046853 0.049000
-0.049770 -0.036783 0.049000
-0.049882 -0.036680 0.047483
-0.044933 -0.027385 0.047482
-0.044809 -0.027502 0.049000
-0.025740 0.003489 0.044643
-0.024570 0.006118 0.041672
-0.023283 0.007775 0.037503
-0.022344 0.008690 0.032840
-0.015556 0.007521 0.028128
-0.016189 0.007169 0.033676
-0.015216 0.007749 0.021970
-0.008600 0.006435 0.022661
-0.008820 0.006367 0.028978
-0.008569 0.006480 0.016370
0.000026 0.005849 0.016762
0.000026 0.005854 0.023195
0.000026 0.005870 0.010475
0.000026 0.005846 0.035041
-0.009240 0.006221 0.034539
0.000026 0.005862 0.029595
0.000026 0.005735 0.039405
-0.009717 0.005987 0.039065
0.000026 0.004670 0.042668
-0.010199 0.004785 0.042482
-0.017120 0.006614 0.038309
-0.018087 0.005228 0.042190
-0.010594 0.002545 0.044799
-0.018984 0.002718 0.044806
0.000026 0.002508 0.044859
0.000026 0.000026 0.046062
-0.010880 -0.000193 0.046148
-0.048744 0.048712 0.005600
-0.047599 0.048472 0.013043
-0.045575 0.048076 0.020146
-0.046842 0.036502 0.020033
-0.044478 0.035339 0.026774
-0.042801 0.047679 0.026743
-0.045555 0.029576 0.026303
-0.039272 0.047535 0.032752
-0.034628 0.047897 0.038491
-0.022316 0.049013 0.047780
-0.023701 0.036360 0.050179
-0.024391 0.029976 0.051619
-0.025025 0.023615 0.053344
-0.025948 0.017201 0.055034
-0.012725 0.010780 0.060524
-0.011449 0.016897 0.059070
-0.014490 0.004830 0.061931
-0.016023 -0.001049 0.063328
-0.050678 -0.031720 0.054416
-0.053666 -0.045220 0.056063
-0.055625 -0.057500 0.053170
-0.055095 -0.057423 0.056825
-0.054817 -0.068198 0.053383
-0.052181 -0.079071 0.050359
-0.051827 -0.079142 0.053346
-0.047210 -0.088715 0.050292
-0.046592 -0.088327 0.047504
-0.039609 -0.096749 0.047425
-0.040143 -0.097351 0.050233
-0.038948 -0.096039 0.047482
-0.030122 -0.103343 0.047482
-0.030506 -0.104165 0.047384
-0.029998 -0.101961 0.049000
-0.020717 -0.106922 0.049000
-0.021129 -0.108068 0.047482
-0.009446 -0.109447 0.049000
-0.038133 -0.019367 0.049000
-0.029998 -0.012691 0.049000
-0.020717 -0.007731 0.049000
-0.010647 -0.004676 0.049000
-0.010571 -0.004209 0.047479
0.000026 -0.003287 0.047480
0.000026 -0.003644 0.049000
-0.010784 -0.002638 0.046729
0.000026 -0.001975 0.046597
0.000026 0.004893 0.062839
0.000026 0.010688 0.061391
0.000026 -0.000666 0.064250
0.000026 0.016712 0.059906
-0.010522 0.023152 0.057601
0.000026 0.022908 0.058398
0.000026 0.029230 0.056912
-0.009835 0.029508 0.056127
-0.048058 0.060346 0.005880
-0.046817 0.060277 0.013096
-0.044642 0.060212 0.019985
-0.041638 0.060210 0.026409
-0.037817 0.060343 0.032299
-0.033061 0.060692 0.037630
-0.021052 0.061624 0.046056
-0.008548 0.048774 0.052207
-0.007865 0.061572 0.050234
-0.009325 0.035926 0.054713
0.000026 0.035628 0.055486
0.000026 0.048529 0.052909
-0.047617 0.072417 0.006179
-0.046281 0.072490 0.013238
-0.043970 0.072591 0.020005
-0.040760 0.072745 0.026344
-0.036674 0.073003 0.032143
-0.031697 0.073381 0.037288
-0.019591 0.074191 0.045154
-0.006958 0.074335 0.048868
0.000026 0.061400 0.050837
-0.047451 0.084427 0.006512
-0.045995 0.084631 0.013553
-0.043529 0.084826 0.020320
-0.040087 0.084948 0.026667
-0.035715 0.085102 0.032445
-0.030441 0.085373 0.037493
-0.017848 0.086019 0.045026
0.000026 0.074244 0.049362
-0.047447 0.094240 0.006838
-0.045863 0.094036 0.013944
-0.043261 0.093930 0.020769
-0.039585 0.094004 0.027188
-0.034945 0.094100 0.033011
-0.029443 0.094121 0.038015
-0.016250 0.094211 0.045335
-0.014612 0.102920 0.045215
-0.027828 0.102920 0.038481
-0.033703 0.102920 0.033494
-0.038606 0.102920 0.027699
-0.042514 0.102920 0.021208
-0.045270 0.102920 0.014312
-0.046941 0.102920 0.007124
-0.043121 -0.039537 0.067079
-0.051143 -0.043689 0.061758
-0.053856 -0.057326 0.061700
-0.046660 -0.057326 0.067079
-0.045767 -0.066395 0.067079
-0.052824 -0.067799 0.061643
-0.054066 -0.068075 0.056825
-0.049555 -0.078270 0.061491
-0.043121 -0.075116 0.067079
-0.051123 -0.078926 0.056752
-0.044809 -0.087150 0.061365
-0.046310 -0.088297 0.056650
-0.046905 -0.088717 0.053254
-0.039422 -0.096725 0.056611
-0.038133 -0.095285 0.061309
-0.039900 -0.097247 0.053214
-0.030922 -0.103717 0.056592
-0.031117 -0.104357 0.053182
-0.031056 -0.104803 0.050188
-0.021654 -0.109420 0.053125
-0.021544 -0.108709 0.056533
-0.021702 -0.109686 0.050142
-0.010235 -0.112876 0.053027
-0.010153 -0.112727 0.050013
-0.021453 -0.108842 0.047369
-0.009842 -0.111752 0.047369
0.000026 -0.114294 0.050081
0.000026 -0.113977 0.052955
0.000026 -0.113583 0.047369
-0.038826 -0.083152 0.067079
-0.033044 -0.090197 0.067079
-0.029998 -0.101961 0.061330
-0.026000 -0.095978 0.067079
-0.020717 -0.106922 0.061353
-0.010057 -0.112233 0.056387
-0.009446 -0.109447 0.061251
0.000026 -0.113292 0.056288
-0.017963 -0.100274 0.067080
-0.008050 -0.102429 0.067080
0.000026 -0.111008 0.061145
0.000026 -0.103812 0.067080
0.000026 -0.111008 0.049000
0.000026 -0.112572 0.047369
-0.009686 -0.110774 0.047369
0.000026 0.112920 0.047542
-0.007032 0.112920 0.046697
-0.016763 0.112920 0.044120
-0.027828 0.112920 0.038481
-0.033703 0.112920 0.033494
-0.038606 0.112920 0.027699
-0.042514 0.112920 0.021208
-0.045270 0.112920 0.014312
-0.046941 0.112920 0.007124
0.000026 0.112920 0.041476
-0.006504 0.112920 0.040642
-0.014877 0.112920 0.038348
-0.024267 0.112920 0.033563
-0.029398 0.112920 0.029209
-0.033680 0.112920 0.024148
-0.037092 0.112920 0.018479
-0.039499 0.112920 0.012457
-0.040958 0.112920 0.006180
0.000026 0.124920 0.041476
-0.006504 0.124920 0.040642
-0.014877 0.124920 0.038348
-0.024267 0.124920 0.033563
-0.029398 0.124920 0.029209
-0.033680 0.124920 0.024148
-0.037092 0.124920 0.018479
-0.039499 0.124920 0.012457
-0.040958 0.124920 0.006180
0.039193 0.026285 0.039344
0.043046 0.027808 0.032458
0.041462 0.034243 0.033097
0.037115 0.034442 0.039318
0.037306 0.020693 0.044030
0.039753 0.014091 0.038409
0.040512 0.016653 0.033793
0.041544 0.018754 0.028839
0.003332 0.094107 0.048098
0.003951 0.102920 0.047385
0.018014 -0.014379 0.067079
0.033096 -0.024456 0.067079
0.038601 -0.016230 0.061439
0.033877 -0.007590 0.060486
0.017281 -0.007068 0.064908
0.004972 0.086357 0.048277
0.029086 -0.005780 0.046887
0.027009 -0.000159 0.046426
0.035345 0.001519 0.046272
0.036983 -0.004004 0.046857
0.038653 -0.016166 0.046947
0.038232 -0.018783 0.047479
0.030352 -0.012156 0.047477
0.020718 -0.004000 0.046873
0.019686 -0.000468 0.046356
0.020961 -0.007175 0.047476
0.050143 0.032624 0.005052
0.045638 0.023260 0.004279
0.049659 0.037795 0.005255
0.048653 0.037366 0.012812
0.049249 0.032119 0.012543
0.045036 0.022814 0.010913
0.047690 0.031066 0.019634
0.044025 0.021919 0.017321
0.033523 0.015118 0.015518
0.033968 0.015532 0.009647
0.034255 0.015737 0.003707
0.021877 0.010122 0.003751
0.008834 0.006551 0.004122
0.015408 0.008029 0.003916
0.015270 0.007995 0.009861
0.008696 0.006542 0.010196
0.021718 0.010053 0.009622
0.021583 0.009886 0.015499
0.015191 0.007895 0.015872
0.033076 0.014478 0.021288
0.021584 0.009629 0.021415
0.032794 0.013601 0.026919
0.021839 0.009244 0.027366
0.042791 0.020555 0.023341
0.032747 0.012493 0.032254
0.032984 0.010880 0.037009
0.039309 0.010949 0.042167
0.033477 0.008621 0.041138
0.039395 0.007224 0.044958
0.034242 0.005575 0.044382
0.036382 0.015388 0.047526
0.036528 0.009819 0.050041
0.037568 0.004006 0.051789
0.040063 0.002743 0.046661
0.027215 0.010851 0.056625
0.028842 0.004747 0.058143
0.030917 -0.001183 0.059406
0.039489 -0.002202 0.052925
0.041648 -0.002919 0.047569
0.042582 -0.010023 0.053456
0.044465 -0.010850 0.047864
0.041020 -0.012063 0.046940
0.047367 -0.021783 0.053581
0.048747 -0.022854 0.048518
0.047636 -0.024808 0.047008
0.052278 -0.033795 0.050074
0.051984 -0.035008 0.047741
0.050458 -0.036368 0.047049
0.045711 -0.026734 0.046975
0.054523 -0.045607 0.052213
0.054690 -0.046037 0.049272
0.053629 -0.046796 0.047220
0.055923 -0.057473 0.050124
0.055219 -0.057309 0.047493
0.054300 -0.057035 0.047482
0.053002 -0.046898 0.047483
0.055127 -0.068324 0.050380
0.054491 -0.068098 0.047536
0.053504 -0.067937 0.047482
0.052876 -0.067799 0.049000
0.053907 -0.057326 0.049000
0.051576 -0.078696 0.047487
0.050678 -0.078271 0.047482
0.049821 -0.077869 0.049000
0.045781 -0.087736 0.047482
0.044860 -0.087150 0.049000
0.038184 -0.095285 0.049000
0.052876 -0.046853 0.049000
0.049821 -0.036783 0.049000
0.049933 -0.036680 0.047483
0.044860 -0.027502 0.049000
0.044984 -0.027385 0.047482
0.025791 0.003489 0.044643
0.024621 0.006118 0.041672
0.023334 0.007775 0.037503
0.022395 0.008690 0.032840
0.016240 0.007169 0.033676
0.015607 0.007521 0.028128
0.015267 0.007749 0.021970
0.008871 0.006367 0.028978
0.008651 0.006435 0.022661
0.008620 0.006480 0.016370
0.009291 0.006221 0.034539
0.009768 0.005987 0.039065
0.010250 0.004785 0.042482
0.017171 0.006614 0.038309
0.018138 0.005228 0.042190
0.019035 0.002718 0.044806
0.010645 0.002545 0.044799
0.010931 -0.000193 0.046148
0.048796 0.048712 0.005600
0.047650 0.048472 0.013043
0.045626 0.048076 0.020146
0.046893 0.036502 0.020033
0.042852 0.047679 0.026743
0.044529 0.035339 0.026774
0.045606 0.029576 0.026303
0.039323 0.047535 0.032752
0.034679 0.047897 0.038491
0.022367 0.049013 0.047780
0.023752 0.036360 0.050179
0.024442 0.029976 0.051619
0.025076 0.023615 0.053344
0.025999 0.017201 0.055034
0.011500 0.016897 0.059070
0.012777 0.010780 0.060524
0.014541 0.004830 0.061931
0.016074 -0.001049 0.063328
0.044883 -0.027364 0.061835
0.050729 -0.031720 0.054416
0.053717 -0.045220 0.056063
0.055146 -0.057423 0.056825
0.055676 -0.057500 0.053170
0.054869 -0.068198 0.053383
0.051878 -0.079142 0.053346
0.052232 -0.079071 0.050359
0.047261 -0.088715 0.050292
0.046643 -0.088327 0.047504
0.040194 -0.097351 0.050233
0.039661 -0.096749 0.047425
0.038999 -0.096039 0.047482
0.030557 -0.104165 0.047384
0.030173 -0.103343 0.047482
0.030049 -0.101961 0.049000
0.021180 -0.108068 0.047482
0.020768 -0.106922 0.049000
0.009497 -0.109447 0.049000
0.038184 -0.019367 0.049000
0.030049 -0.012691 0.049000
0.020768 -0.007731 0.049000
0.010698 -0.004676 0.049000
0.010623 -0.004209 0.047479
0.010835 -0.002638 0.046729
0.010573 0.023152 0.057601
0.009886 0.029508 0.056127
0.048109 0.060346 0.005880
0.046869 0.060277 0.013096
0.044693 0.060212 0.019985
0.041689 0.060210 0.026409
0.037868 0.060343 0.032299
0.033112 0.060692 0.037630
0.021103 0.061624 0.046056
0.007916 0.061572 0.050234
0.008599 0.048774 0.052207
0.009376 0.035926 0.054713
0.047669 0.072417 0.006179
0.046332 0.072490 0.013238
0.044021 0.072591 0.020005
0.040811 0.072745 0.026344
0.036725 0.073003 0.032143
0.031748 0.073381 0.037288
0.019642 0.074191 0.045154
0.007009 0.074335 0.048868
0.047502 0.084427 0.006512
0.046046 0.084631 0.013553
0.043580 0.084826 0.020320
0.040139 0.084948 0.026667
0.035766 0.085102 0.032445
0.030493 0.085373 0.037493
0.017899 0.086019 0.045026
0.047498 0.094240 0.006838
0.045914 0.094036 0.013944
0.043312 0.093930 0.020769
0.039636 0.094004 0.027188
0.034996 0.094100 0.033011
0.029494 0.094121 0.038015
0.016301 0.094211 0.045335
0.014664 0.102920 0.045215
0.027879 0.102920 0.038481
0.033754 0.102920 0.033494
0.038657 0.102920 0.027699
0.042565 0.102920 0.021208
0.045321 0.102920 0.014312
0.046992 0.102920 0.007124
0.043172 -0.039537 0.067079
0.051194 -0.043689 0.061758
0.046711 -0.057326 0.067079
0.053907 -0.057326 0.061700
0.045818 -0.066395 0.067079
0.052876 -0.067799 0.061643
0.054117 -0.068075 0.056825
0.043172 -0.075116 0.067079
0.049606 -0.078270 0.061491
0.051174 -0.078926 0.056752
0.044860 -0.087150 0.061365
0.046361 -0.088297 0.056650
0.046956 -0.088717 0.053254
0.038184 -0.095285 0.061309
0.039473 -0.096725 0.056611
0.039951 -0.097247 0.053214
0.030973 -0.103717 0.056592
0.031168 -0.104357 0.053182
0.031107 -0.104803 0.050188
0.021595 -0.108709 0.056533
0.021705 -0.109420 0.053125
0.021753 -0.109686 0.050142
0.010287 -0.112876 0.053027
0.010205 -0.112727 0.050013
0.009893 -0.111752 0.047369
0.021504 -0.108842 0.047369
0.038877 -0.083152 0.067079
0.033096 -0.090197 0.067079
0.026051 -0.095978 0.067079
0.030049 -0.101961 0.061330
0.020768 -0.106922 0.061353
0.009497 -0.109447 0.061251
0.010108 -0.112233 0.056387
0.018014 -0.100274 0.067080
0.008101 -0.102429 0.067080
0.009738 -0.110774 0.047369
0.003951 0.112920 0.047385
0.014664 0.112920 0.045215
0.027879 0.112920 0.038481
0.033754 0.112920 0.033494
0.038657 0.112920 0.027699
0.042565 0.112920 0.021208
0.045321 0.112920 0.014312
0.046992 0.112920 0.007124
0.003423 0.112920 0.041338
0.012778 0.112920 0.039444
0.024318 0.112920 0.033563
0.029449 0.112920 0.029209
0.033731 0.112920 0.024148
0.037143 0.112920 0.018479
0.039550 0.112920 0.012457
0.041009 0.112920 0.006180
0.003423 0.124920 0.041338
0.012778 0.124920 0.039444
0.024318 0.124920 0.033563
0.029449 0.124920 0.029209
0.033731 0.124920 0.024148
0.037143 0.124920 0.018479
0.039550 0.124920 0.012457
0.041009 0.124920 0.006180
-0.025799 -0.031627 0.069069
-0.014022 -0.023758 0.069069
0.000026 -0.020995 0.069070
-0.035734 -0.064378 0.069069
-0.036431 -0.057296 0.069069
-0.025799 -0.082964 0.069069
-0.030313 -0.077463 0.069069
-0.006281 -0.092517 0.069070
-0.014022 -0.090833 0.069070
0.000026 -0.093596 0.069070
-0.033668 -0.043404 0.069069
-0.033668 -0.071187 0.069069
-0.020298 -0.087479 0.069069
0.014073 -0.023758 0.069069
0.025850 -0.031627 0.069069
0.036482 -0.057296 0.069069
0.035785 -0.064378 0.069069
0.030364 -0.077463 0.069069
0.025850 -0.082964 0.069069
0.014073 -0.090833 0.069070
0.006332 -0.092517 0.069070
0.033719 -0.043404 0.069069
0.033719 -0.071187 0.069069
0.020349 -0.087479 0.069069
-0.015030 -0.042331 0.070267
-0.008164 -0.037743 0.070267
0.000026 -0.036132 0.070268
-0.020822 -0.061424 0.070267
-0.021229 -0.057296 0.070267
-0.015030 -0.072261 0.070267
-0.017662 -0.069054 0.070267
-0.003651 -0.077830 0.070268
-0.008164 -0.076848 0.070268
0.000026 -0.078459 0.070268
-0.019618 -0.049197 0.070267
-0.019618 -0.065395 0.070267
-0.011823 -0.074893 0.070267
0.008215 -0.037743 0.070267
0.015081 -0.042331 0.070267
0.021280 -0.057296 0.070267
0.020873 -0.061424 0.070267
0.017713 -0.069054 0.070267
0.015081 -0.072261 0.070267
0.008215 -0.076848 0.070268
0.003702 -0.077830 0.070268
0.019669 -0.049197 0.070267
0.019669 -0.065395 0.070267
0.011874 -0.074893 0.070267
0.000026 -0.057296 0.070875
-0.000268 0.124920 -0.000000
</float_array>
          <technique_common>
            <accessor source="#arm_r_link2-POSITION-array" count="1252" stride="3">
              <param name="X" type="float"/>
              <param name="Y" type="float"/>
              <param name="Z" type="float"/>
            </accessor>
          </technique_common>
        </source>
        <source id="arm_r_link2-Normal0">
          <float_array id="arm_r_link2-Normal0-array" count="22500">
-0.831792 0.105896 -0.544892
-0.903249 -0.067857 -0.423717
-0.851835 0.160771 -0.498527
-0.851835 0.160771 -0.498527
-0.719195 0.176831 -0.671929
-0.831792 0.105896 -0.544892
-0.831792 0.105896 -0.544892
-0.795505 0.214040 -0.566885
-0.907368 -0.411817 0.084201
-0.907368 -0.411817 0.084201
-0.881715 -0.468885 0.052201
-0.831792 0.105896 -0.544892
-0.831792 0.105896 -0.544892
-0.881715 -0.468885 0.052201
-0.818646 -0.572842 -0.040877
-0.818646 -0.572842 -0.040877
-0.903249 -0.067857 -0.423717
-0.831792 0.105896 -0.544892
0.000000 0.059908 -0.998204
-0.116455 0.056143 -0.991608
-0.118836 0.057306 -0.991259
-0.118836 0.057306 -0.991259
-0.007769 0.045545 -0.998932
0.000000 0.059908 -0.998204
-0.271040 0.256817 -0.927676
-0.662604 0.332427 -0.671155
-0.532970 0.359635 -0.765902
-0.532970 0.359635 -0.765902
-0.143733 0.247974 -0.958045
-0.271040 0.256817 -0.927676
-0.143733 0.247974 -0.958045
-0.532970 0.359635 -0.765902
-0.460747 0.348126 -0.816407
-0.460747 0.348126 -0.816407
-0.175870 0.290303 -0.940635
-0.143733 0.247974 -0.958045
-0.143733 0.247974 -0.958045
-0.175870 0.290303 -0.940635
0.000000 0.280852 -0.959751
0.000000 0.280852 -0.959751
-0.000000 0.189928 -0.981798
-0.143733 0.247974 -0.958045
-0.000000 0.048339 -0.998831
-0.152630 0.060355 -0.986439
-0.116455 0.056143 -0.991608
-0.116455 0.056143 -0.991608
0.000000 0.059908 -0.998204
-0.000000 0.048339 -0.998831
0.024585 -0.090311 0.995610
-0.027629 -0.247779 0.968422
-0.089756 -0.240692 0.966443
-0.089756 -0.240692 0.966443
-0.077499 -0.043207 0.996056
0.024585 -0.090311 0.995610
0.024585 -0.090311 0.995610
0.090877 -0.080845 0.992575
0.212497 -0.160439 0.963901
0.212497 -0.160439 0.963901
0.082012 -0.107824 0.990782
0.024585 -0.090311 0.995610
0.024585 -0.090311 0.995610
0.034499 -0.176905 0.983623
-0.005968 -0.289154 0.957264
-0.005968 -0.289154 0.957264
-0.027629 -0.247779 0.968422
0.024585 -0.090311 0.995610
0.024585 -0.090311 0.995610
0.082012 -0.107824 0.990782
0.047696 -0.172834 0.983796
0.047696 -0.172834 0.983796
0.034499 -0.176905 0.983623
0.024585 -0.090311 0.995610
-0.984019 -0.178065 -0.000000
-0.983346 -0.170629 -0.062574
-0.757627 -0.652516 -0.014999
-0.757627 -0.652516 -0.014999
-0.754046 -0.656822 -0.000000
-0.984019 -0.178065 -0.000000
-0.983346 -0.170629 -0.062574
-0.984019 -0.178065 -0.000000
-0.996769 0.080321 0.000000
-0.996769 0.080321 0.000000
-0.992816 0.083532 -0.085670
-0.983346 -0.170629 -0.062574
-0.983346 -0.170629 -0.062574
-0.992816 0.083532 -0.085670
-0.976521 0.094409 -0.193633
-0.976521 0.094409 -0.193633
-0.975738 -0.157712 -0.151862
-0.983346 -0.170629 -0.062574
-0.983346 -0.170629 -0.062574
-0.975738 -0.157712 -0.151862
-0.762258 -0.646176 -0.037659
-0.762258 -0.646176 -0.037659
-0.757627 -0.652516 -0.014999
-0.983346 -0.170629 -0.062574
-0.963550 -0.144780 -0.224966
-0.776628 -0.628846 -0.037445
-0.762258 -0.646176 -0.037659
-0.762258 -0.646176 -0.037659
-0.975738 -0.157712 -0.151862
-0.963550 -0.144780 -0.224966
-0.762258 -0.646176 -0.037659
-0.776628 -0.628846 -0.037445
-0.474794 -0.879075 0.042401
-0.474794 -0.879075 0.042401
-0.482690 -0.875664 0.014937
-0.762258 -0.646176 -0.037659
-0.762258 -0.646176 -0.037659
-0.482690 -0.875664 0.014937
-0.484307 -0.874891 0.003469
-0.484307 -0.874891 0.003469
-0.757627 -0.652516 -0.014999
-0.762258 -0.646176 -0.037659
-0.484307 -0.874891 0.003469
-0.484893 -0.874574 -0.000000
-0.754046 -0.656822 -0.000000
-0.754046 -0.656822 -0.000000
-0.757627 -0.652516 -0.014999
-0.484307 -0.874891 0.003469
-0.484893 -0.874574 -0.000000
-0.484307 -0.874891 0.003469
-0.360433 -0.932785 0.000636
-0.360433 -0.932785 0.000636
-0.363173 -0.931722 -0.000000
-0.484893 -0.874574 -0.000000
-0.150192 -0.988657 0.000000
-0.148606 -0.988893 -0.002588
-0.000000 -1.000000 -0.000470
-0.000000 -1.000000 -0.000470
0.000000 -1.000000 0.000000
-0.150192 -0.988657 0.000000
-0.150192 -0.988657 0.000000
-0.266902 -0.963724 0.000000
-0.263582 -0.964632 -0.003201
-0.263582 -0.964632 -0.003201
-0.148606 -0.988893 -0.002588
-0.150192 -0.988657 0.000000
-0.263582 -0.964632 -0.003201
-0.259182 -0.965814 0.005364
-0.146998 -0.989130 0.003606
-0.146998 -0.989130 0.003606
-0.148606 -0.988893 -0.002588
-0.263582 -0.964632 -0.003201
-0.263582 -0.964632 -0.003201
-0.266902 -0.963724 0.000000
-0.363173 -0.931722 -0.000000
-0.363173 -0.931722 -0.000000
-0.360433 -0.932785 0.000636
-0.263582 -0.964632 -0.003201
-0.263582 -0.964632 -0.003201
-0.360433 -0.932785 0.000636
-0.354947 -0.934838 0.009548
-0.354947 -0.934838 0.009548
-0.259182 -0.965814 0.005364
-0.263582 -0.964632 -0.003201
-0.354947 -0.934838 0.009548
-0.347163 -0.937392 0.027826
-0.253456 -0.967131 0.020429
-0.253456 -0.967131 0.020429
-0.259182 -0.965814 0.005364
-0.354947 -0.934838 0.009548
-0.360433 -0.932785 0.000636
-0.484307 -0.874891 0.003469
-0.482690 -0.875664 0.014937
-0.482690 -0.875664 0.014937
-0.354947 -0.934838 0.009548
-0.360433 -0.932785 0.000636
-0.354947 -0.934838 0.009548
-0.482690 -0.875664 0.014937
-0.474794 -0.879075 0.042401
-0.474794 -0.879075 0.042401
-0.347163 -0.937392 0.027826
-0.354947 -0.934838 0.009548
-0.474794 -0.879075 0.042401
-0.458376 -0.884448 0.087433
-0.336185 -0.939899 0.059754
-0.336185 -0.939899 0.059754
-0.347163 -0.937392 0.027826
-0.474794 -0.879075 0.042401
-0.458376 -0.884448 0.087433
-0.443761 -0.884265 0.145437
-0.307687 -0.946151 0.100628
-0.307687 -0.946151 0.100628
-0.336185 -0.939899 0.059754
-0.458376 -0.884448 0.087433
-0.474794 -0.879075 0.042401
-0.776628 -0.628846 -0.037445
-0.793381 -0.608689 -0.006667
-0.793381 -0.608689 -0.006667
-0.458376 -0.884448 0.087433
-0.474794 -0.879075 0.042401
-0.458376 -0.884448 0.087433
-0.793381 -0.608689 -0.006667
-0.818646 -0.572842 -0.040877
-0.818646 -0.572842 -0.040877
-0.443761 -0.884265 0.145437
-0.458376 -0.884448 0.087433
-0.818646 -0.572842 -0.040877
-0.881715 -0.468885 0.052201
-0.422919 -0.872745 0.243837
-0.422919 -0.872745 0.243837
-0.443761 -0.884265 0.145437
-0.818646 -0.572842 -0.040877
-0.881715 -0.468885 0.052201
-0.907368 -0.411817 0.084201
-0.364160 -0.841455 0.399175
-0.364160 -0.841455 0.399175
-0.422919 -0.872745 0.243837
-0.881715 -0.468885 0.052201
-0.939887 -0.290896 0.178860
-0.289024 -0.754123 0.589715
-0.364160 -0.841455 0.399175
-0.364160 -0.841455 0.399175
-0.907368 -0.411817 0.084201
-0.939887 -0.290896 0.178860
-0.939887 -0.290896 0.178860
-0.928536 -0.121165 0.350914
-0.191798 -0.528832 0.826771
-0.191798 -0.528832 0.826771
-0.289024 -0.754123 0.589715
-0.939887 -0.290896 0.178860
-0.907368 -0.411817 0.084201
-0.795505 0.214040 -0.566885
-0.774455 0.269193 -0.572498
-0.774455 0.269193 -0.572498
-0.939887 -0.290896 0.178860
-0.907368 -0.411817 0.084201
-0.939887 -0.290896 0.178860
-0.774455 0.269193 -0.572498
-0.750533 0.305037 -0.586219
-0.750533 0.305037 -0.586219
-0.928536 -0.121165 0.350914
-0.939887 -0.290896 0.178860
-0.750533 0.305037 -0.586219
-0.750333 0.323376 -0.576566
-0.881205 0.065308 0.468202
-0.881205 0.065308 0.468202
-0.928536 -0.121165 0.350914
-0.750533 0.305037 -0.586219
-0.750333 0.323376 -0.576566
-0.750533 0.305037 -0.586219
-0.418164 0.310804 -0.853545
-0.418164 0.310804 -0.853545
-0.412137 0.322754 -0.852040
-0.750333 0.323376 -0.576566
-0.750333 0.323376 -0.576566
-0.412137 0.322754 -0.852040
-0.426153 0.318728 -0.846644
-0.426153 0.318728 -0.846644
-0.761501 0.335435 -0.554616
-0.750333 0.323376 -0.576566
-0.750333 0.323376 -0.576566
-0.761501 0.335435 -0.554616
-0.824866 0.234542 0.514380
-0.824866 0.234542 0.514380
-0.881205 0.065308 0.468202
-0.750333 0.323376 -0.576566
-0.801957 0.361742 -0.475402
-0.799879 0.312801 0.512201
-0.824866 0.234542 0.514380
-0.824866 0.234542 0.514380
-0.761501 0.335435 -0.554616
-0.801957 0.361742 -0.475402
-0.799879 0.312801 0.512201
-0.112738 0.050862 0.992322
-0.077499 -0.043207 0.996056
-0.077499 -0.043207 0.996056
-0.824866 0.234542 0.514380
-0.799879 0.312801 0.512201
-0.799879 0.312801 0.512201
-0.801957 0.361742 -0.475402
-0.863036 0.354647 -0.359715
-0.863036 0.354647 -0.359715
-0.905559 0.284532 0.314651
-0.799879 0.312801 0.512201
-0.799879 0.312801 0.512201
-0.905559 0.284532 0.314651
-0.389633 0.082145 0.917300
-0.389633 0.082145 0.917300
-0.112738 0.050862 0.992322
-0.799879 0.312801 0.512201
-0.960810 0.273048 0.047850
-0.733279 0.200987 0.649543
-0.389633 0.082145 0.917300
-0.389633 0.082145 0.917300
-0.905559 0.284532 0.314651
-0.960810 0.273048 0.047850
-0.733279 0.200987 0.649543
0.096481 -0.056949 0.993704
0.159394 -0.132470 0.978287
0.159394 -0.132470 0.978287
-0.389633 0.082145 0.917300
-0.733279 0.200987 0.649543
-0.733279 0.200987 0.649543
-0.960810 0.273048 0.047850
-0.980154 0.170025 -0.101928
-0.980154 0.170025 -0.101928
-0.962343 0.145332 0.229729
-0.733279 0.200987 0.649543
-0.733279 0.200987 0.649543
-0.962343 0.145332 0.229729
-0.349666 0.006685 0.936851
-0.349666 0.006685 0.936851
0.096481 -0.056949 0.993704
-0.733279 0.200987 0.649543
-0.995290 0.018531 0.095159
-0.639675 0.023647 0.768282
-0.349666 0.006685 0.936851
-0.349666 0.006685 0.936851
-0.962343 0.145332 0.229729
-0.995290 0.018531 0.095159
-0.639675 0.023647 0.768282
-0.012381 0.000644 0.999923
0.362124 -0.094117 0.927366
0.362124 -0.094117 0.927366
-0.349666 0.006685 0.936851
-0.639675 0.023647 0.768282
-0.639675 0.023647 0.768282
-0.995290 0.018531 0.095159
-0.983150 -0.169367 0.068784
-0.983150 -0.169367 0.068784
-0.655595 -0.109286 0.747163
-0.639675 0.023647 0.768282
-0.639675 0.023647 0.768282
-0.655595 -0.109286 0.747163
-0.051075 -0.008406 0.998659
-0.051075 -0.008406 0.998659
-0.012381 0.000644 0.999923
-0.639675 0.023647 0.768282
0.903181 0.177602 0.390795
0.903148 0.179175 0.390154
0.966008 -0.001396 0.258509
0.966008 -0.001396 0.258509
0.969074 -0.022967 0.245700
0.903181 0.177602 0.390795
-0.051075 -0.008406 0.998659
-0.655595 -0.109286 0.747163
-0.595450 -0.228787 0.770128
-0.595450 -0.228787 0.770128
-0.004974 -0.002708 0.999984
-0.051075 -0.008406 0.998659
0.903181 0.177602 0.390795
0.790244 0.310500 0.528304
0.792910 0.309227 0.525045
0.792910 0.309227 0.525045
0.903148 0.179175 0.390154
0.903181 0.177602 0.390795
-0.000000 -0.000000 1.000000
-0.000000 -0.000000 1.000000
-0.000000 -0.000000 1.000000
0.792910 0.309227 0.525045
0.790244 0.310500 0.528304
0.677977 0.450420 0.580921
0.677977 0.450420 0.580921
0.674887 0.450733 0.584267
0.792910 0.309227 0.525045
-0.000000 -0.000000 1.000000
-0.000000 -0.000000 1.000000
-0.000000 -0.000000 1.000000
-0.000000 -0.000000 1.000000
-0.000000 -0.000000 1.000000
-0.000000 -0.000000 1.000000
-0.000000 -0.000000 1.000000
-0.000000 0.000000 1.000000
-0.000000 -0.000000 1.000000
-0.000000 -0.000000 1.000000
-0.000000 -0.000000 1.000000
-0.000000 -0.000000 1.000000
-0.000000 0.000000 1.000000
-0.000000 -0.000000 1.000000
-0.000000 0.000000 1.000000
0.974309 -0.208443 0.085289
0.920623 -0.379026 0.093767
0.919097 -0.382760 0.093571
0.919097 -0.382760 0.093571
0.975825 -0.205097 0.075508
0.974309 -0.208443 0.085289
0.974309 -0.208443 0.085289
0.975825 -0.205097 0.075508
0.969074 -0.022967 0.245700
0.969074 -0.022967 0.245700
0.966008 -0.001396 0.258509
0.974309 -0.208443 0.085289
0.919097 -0.382760 0.093571
0.920623 -0.379026 0.093767
0.827520 -0.550627 0.109640
0.827520 -0.550627 0.109640
0.826113 -0.551218 0.117033
0.919097 -0.382760 0.093571
0.534644 -0.217485 0.816613
0.392063 -0.251017 0.885029
0.159394 -0.132470 0.978287
0.159394 -0.132470 0.978287
0.096481 -0.056949 0.993704
0.534644 -0.217485 0.816613
0.534644 -0.217485 0.816613
0.096481 -0.056949 0.993704
-0.349666 0.006685 0.936851
-0.349666 0.006685 0.936851
0.362124 -0.094117 0.927366
0.534644 -0.217485 0.816613
0.159394 -0.132470 0.978287
0.392063 -0.251017 0.885029
0.212497 -0.160439 0.963901
0.212497 -0.160439 0.963901
0.090877 -0.080845 0.992575
0.159394 -0.132470 0.978287
0.159394 -0.132470 0.978287
0.090877 -0.080845 0.992575
-0.112738 0.050862 0.992322
-0.112738 0.050862 0.992322
-0.389633 0.082145 0.917300
0.159394 -0.132470 0.978287
0.024585 -0.090311 0.995610
-0.077499 -0.043207 0.996056
-0.112738 0.050862 0.992322
-0.112738 0.050862 0.992322
0.090877 -0.080845 0.992575
0.024585 -0.090311 0.995610
-0.077499 -0.043207 0.996056
-0.089756 -0.240692 0.966443
-0.881205 0.065308 0.468202
-0.881205 0.065308 0.468202
-0.824866 0.234542 0.514380
-0.077499 -0.043207 0.996056
-0.191798 -0.528832 0.826771
-0.928536 -0.121165 0.350914
-0.881205 0.065308 0.468202
-0.881205 0.065308 0.468202
-0.089756 -0.240692 0.966443
-0.191798 -0.528832 0.826771
-0.089756 -0.240692 0.966443
-0.027629 -0.247779 0.968422
-0.077939 -0.576489 0.813379
-0.077939 -0.576489 0.813379
-0.191798 -0.528832 0.826771
-0.089756 -0.240692 0.966443
-0.191798 -0.528832 0.826771
-0.077939 -0.576489 0.813379
-0.138398 -0.816041 0.561181
-0.138398 -0.816041 0.561181
-0.289024 -0.754123 0.589715
-0.191798 -0.528832 0.826771
-0.138398 -0.816041 0.561181
-0.201064 -0.926803 0.317189
-0.364160 -0.841455 0.399175
-0.364160 -0.841455 0.399175
-0.289024 -0.754123 0.589715
-0.138398 -0.816041 0.561181
-0.257899 -0.949996 0.176057
-0.422919 -0.872745 0.243837
-0.364160 -0.841455 0.399175
-0.364160 -0.841455 0.399175
-0.201064 -0.926803 0.317189
-0.257899 -0.949996 0.176057
-0.307687 -0.946151 0.100628
-0.443761 -0.884265 0.145437
-0.422919 -0.872745 0.243837
-0.422919 -0.872745 0.243837
-0.257899 -0.949996 0.176057
-0.307687 -0.946151 0.100628
-0.307687 -0.946151 0.100628
-0.257899 -0.949996 0.176057
-0.167027 -0.979560 0.112094
-0.167027 -0.979560 0.112094
-0.204704 -0.976875 0.061747
-0.307687 -0.946151 0.100628
-0.307687 -0.946151 0.100628
-0.204704 -0.976875 0.061747
-0.234129 -0.971534 0.036124
-0.234129 -0.971534 0.036124
-0.336185 -0.939899 0.059754
-0.307687 -0.946151 0.100628
-0.234129 -0.971534 0.036124
-0.204704 -0.976875 0.061747
-0.110310 -0.993569 0.025536
-0.110310 -0.993569 0.025536
-0.128285 -0.991686 0.010078
-0.234129 -0.971534 0.036124
-0.234129 -0.971534 0.036124
-0.128285 -0.991686 0.010078
-0.139432 -0.990187 0.009454
-0.139432 -0.990187 0.009454
-0.253456 -0.967131 0.020429
-0.234129 -0.971534 0.036124
-0.234129 -0.971534 0.036124
-0.253456 -0.967131 0.020429
-0.347163 -0.937392 0.027826
-0.347163 -0.937392 0.027826
-0.336185 -0.939899 0.059754
-0.234129 -0.971534 0.036124
-0.139432 -0.990187 0.009454
-0.128285 -0.991686 0.010078
0.000000 -1.000000 0.000608
0.000000 -1.000000 0.000608
-0.000000 -0.999999 0.001228
-0.139432 -0.990187 0.009454
-0.139432 -0.990187 0.009454
-0.000000 -0.999999 0.001228
-0.000000 -0.999996 0.002714
-0.000000 -0.999996 0.002714
-0.146998 -0.989130 0.003606
-0.139432 -0.990187 0.009454
-0.139432 -0.990187 0.009454
-0.146998 -0.989130 0.003606
-0.259182 -0.965814 0.005364
-0.259182 -0.965814 0.005364
-0.253456 -0.967131 0.020429
-0.139432 -0.990187 0.009454
-0.000000 -0.999996 0.002714
-0.000000 -1.000000 -0.000470
-0.148606 -0.988893 -0.002588
-0.148606 -0.988893 -0.002588
-0.146998 -0.989130 0.003606
-0.000000 -0.999996 0.002714
-0.000000 -0.999726 0.023420
-0.000000 -0.999993 0.003667
-0.110310 -0.993569 0.025536
-0.110310 -0.993569 0.025536
-0.087189 -0.994871 0.051279
-0.000000 -0.999726 0.023420
-0.000000 -0.999726 0.023420
-0.087189 -0.994871 0.051279
-0.046928 -0.977304 0.206577
-0.046928 -0.977304 0.206577
-0.000000 -0.984908 0.173079
-0.000000 -0.999726 0.023420
-0.046928 -0.977304 0.206577
-0.014253 -0.848213 0.529463
0.000000 -0.851553 0.524268
0.000000 -0.851553 0.524268
-0.000000 -0.984908 0.173079
-0.046928 -0.977304 0.206577
-0.046928 -0.977304 0.206577
-0.087189 -0.994871 0.051279
-0.167027 -0.979560 0.112094
-0.167027 -0.979560 0.112094
-0.108496 -0.959587 0.259657
-0.046928 -0.977304 0.206577
-0.046928 -0.977304 0.206577
-0.108496 -0.959587 0.259657
-0.058959 -0.838337 0.541954
-0.058959 -0.838337 0.541954
-0.014253 -0.848213 0.529463
-0.046928 -0.977304 0.206577
-0.058959 -0.838337 0.541954
-0.030359 -0.578598 0.815047
-0.004467 -0.587574 0.809158
-0.004467 -0.587574 0.809158
-0.014253 -0.848213 0.529463
-0.058959 -0.838337 0.541954
-0.058959 -0.838337 0.541954
-0.108496 -0.959587 0.259657
-0.201064 -0.926803 0.317189
-0.201064 -0.926803 0.317189
-0.138398 -0.816041 0.561181
-0.058959 -0.838337 0.541954
-0.058959 -0.838337 0.541954
-0.138398 -0.816041 0.561181
-0.077939 -0.576489 0.813379
-0.077939 -0.576489 0.813379
-0.030359 -0.578598 0.815047
-0.058959 -0.838337 0.541954
-0.004467 -0.587574 0.809158
-0.006353 -0.339311 0.940653
0.000000 -0.348742 0.937219
0.000000 -0.348742 0.937219
0.000000 -0.581823 0.813316
-0.004467 -0.587574 0.809158
-0.004467 -0.587574 0.809158
0.000000 -0.581823 0.813316
0.000000 -0.851553 0.524268
0.000000 -0.851553 0.524268
-0.014253 -0.848213 0.529463
-0.004467 -0.587574 0.809158
-0.004467 -0.587574 0.809158
-0.030359 -0.578598 0.815047
-0.005968 -0.289154 0.957264
-0.005968 -0.289154 0.957264
-0.006353 -0.339311 0.940653
-0.004467 -0.587574 0.809158
-0.997803 0.066245 0.000000
-0.992811 0.067431 -0.098894
-0.992816 0.083532 -0.085670
-0.992816 0.083532 -0.085670
-0.996769 0.080321 0.000000
-0.997803 0.066245 0.000000
-0.973394 0.074033 -0.216848
-0.976521 0.094409 -0.193633
-0.992816 0.083532 -0.085670
-0.992816 0.083532 -0.085670
-0.992811 0.067431 -0.098894
-0.973394 0.074033 -0.216848
-0.938031 0.088151 -0.335153
-0.947939 0.115650 -0.296711
-0.976521 0.094409 -0.193633
-0.976521 0.094409 -0.193633
-0.973394 0.074033 -0.216848
-0.938031 0.088151 -0.335153
-0.947939 0.115650 -0.296711
-0.938031 0.088151 -0.335153
-0.887121 0.107407 -0.448866
-0.887121 0.107407 -0.448866
-0.903353 0.136140 -0.406718
-0.947939 0.115650 -0.296711
-0.947939 0.115650 -0.296711
-0.903353 0.136140 -0.406718
-0.946867 -0.096546 -0.306792
-0.946867 -0.096546 -0.306792
-0.963550 -0.144780 -0.224966
-0.947939 0.115650 -0.296711
-0.947939 0.115650 -0.296711
-0.963550 -0.144780 -0.224966
-0.975738 -0.157712 -0.151862
-0.975738 -0.157712 -0.151862
-0.976521 0.094409 -0.193633
-0.947939 0.115650 -0.296711
-0.946867 -0.096546 -0.306792
-0.903353 0.136140 -0.406718
-0.851835 0.160771 -0.498527
-0.851835 0.160771 -0.498527
-0.903249 -0.067857 -0.423717
-0.946867 -0.096546 -0.306792
-0.946867 -0.096546 -0.306792
-0.903249 -0.067857 -0.423717
-0.818646 -0.572842 -0.040877
-0.818646 -0.572842 -0.040877
-0.793381 -0.608689 -0.006667
-0.946867 -0.096546 -0.306792
-0.946867 -0.096546 -0.306792
-0.793381 -0.608689 -0.006667
-0.776628 -0.628846 -0.037445
-0.776628 -0.628846 -0.037445
-0.963550 -0.144780 -0.224966
-0.946867 -0.096546 -0.306792
-0.903353 0.136140 -0.406718
-0.887121 0.107407 -0.448866
-0.819262 0.135899 -0.557083
-0.819262 0.135899 -0.557083
-0.851835 0.160771 -0.498527
-0.903353 0.136140 -0.406718
-0.819262 0.135899 -0.557083
-0.688876 0.154667 -0.708187
-0.719195 0.176831 -0.671929
-0.719195 0.176831 -0.671929
-0.851835 0.160771 -0.498527
-0.819262 0.135899 -0.557083
-0.463152 0.184034 -0.866961
-0.475904 0.221570 -0.851130
-0.719195 0.176831 -0.671929
-0.719195 0.176831 -0.671929
-0.688876 0.154667 -0.708187
-0.463152 0.184034 -0.866961
-0.475904 0.221570 -0.851130
-0.477902 0.255572 -0.840412
-0.831792 0.105896 -0.544892
-0.831792 0.105896 -0.544892
-0.719195 0.176831 -0.671929
-0.475904 0.221570 -0.851130
-0.456028 0.285520 -0.842922
-0.795505 0.214040 -0.566885
-0.831792 0.105896 -0.544892
-0.831792 0.105896 -0.544892
-0.477902 0.255572 -0.840412
-0.456028 0.285520 -0.842922
-0.434650 0.297018 -0.850212
-0.774455 0.269193 -0.572498
-0.795505 0.214040 -0.566885
-0.795505 0.214040 -0.566885
-0.456028 0.285520 -0.842922
-0.434650 0.297018 -0.850212
-0.418164 0.310804 -0.853545
-0.750533 0.305037 -0.586219
-0.774455 0.269193 -0.572498
-0.774455 0.269193 -0.572498
-0.434650 0.297018 -0.850212
-0.418164 0.310804 -0.853545
-0.418164 0.310804 -0.853545
-0.434650 0.297018 -0.850212
-0.160598 0.255792 -0.953299
-0.160598 0.255792 -0.953299
-0.154686 0.263565 -0.952158
-0.418164 0.310804 -0.853545
-0.418164 0.310804 -0.853545
-0.154686 0.263565 -0.952158
-0.156136 0.269303 -0.950314
-0.156136 0.269303 -0.950314
-0.412137 0.322754 -0.852040
-0.418164 0.310804 -0.853545
-0.412137 0.322754 -0.852040
-0.156136 0.269303 -0.950314
-0.164755 0.278315 -0.946254
-0.164755 0.278315 -0.946254
-0.426153 0.318728 -0.846644
-0.412137 0.322754 -0.852040
-0.164755 0.278315 -0.946254
-0.175870 0.290303 -0.940635
-0.460747 0.348126 -0.816407
-0.460747 0.348126 -0.816407
-0.426153 0.318728 -0.846644
-0.164755 0.278315 -0.946254
-0.426153 0.318728 -0.846644
-0.460747 0.348126 -0.816407
-0.801957 0.361742 -0.475402
-0.801957 0.361742 -0.475402
-0.761501 0.335435 -0.554616
-0.426153 0.318728 -0.846644
-0.532970 0.359635 -0.765902
-0.863036 0.354647 -0.359715
-0.801957 0.361742 -0.475402
-0.801957 0.361742 -0.475402
-0.460747 0.348126 -0.816407
-0.532970 0.359635 -0.765902
-0.863036 0.354647 -0.359715
-0.532970 0.359635 -0.765902
-0.662604 0.332427 -0.671155
-0.662604 0.332427 -0.671155
-0.897595 0.303457 -0.319744
-0.863036 0.354647 -0.359715
-0.863036 0.354647 -0.359715
-0.897595 0.303457 -0.319744
-0.960810 0.273048 0.047850
-0.960810 0.273048 0.047850
-0.905559 0.284532 0.314651
-0.863036 0.354647 -0.359715
-0.944611 0.177494 -0.276052
-0.980154 0.170025 -0.101928
-0.960810 0.273048 0.047850
-0.960810 0.273048 0.047850
-0.897595 0.303457 -0.319744
-0.944611 0.177494 -0.276052
-0.980154 0.170025 -0.101928
-0.944611 0.177494 -0.276052
-0.978015 0.023822 -0.207171
-0.978015 0.023822 -0.207171
-0.993172 0.010744 -0.116166
-0.980154 0.170025 -0.101928
-0.980154 0.170025 -0.101928
-0.993172 0.010744 -0.116166
-0.995290 0.018531 0.095159
-0.995290 0.018531 0.095159
-0.962343 0.145332 0.229729
-0.980154 0.170025 -0.101928
-0.974162 -0.165577 -0.153597
-0.983150 -0.169367 0.068784
-0.995290 0.018531 0.095159
-0.995290 0.018531 0.095159
-0.993172 0.010744 -0.116166
-0.974162 -0.165577 -0.153597
-0.983150 -0.169367 0.068784
-0.974162 -0.165577 -0.153597
-0.920168 -0.359422 -0.155263
-0.920168 -0.359422 -0.155263
-0.930362 -0.358816 0.075349
-0.983150 -0.169367 0.068784
-0.983150 -0.169367 0.068784
-0.930362 -0.358816 0.075349
-0.595450 -0.228787 0.770128
-0.595450 -0.228787 0.770128
-0.655595 -0.109286 0.747163
-0.983150 -0.169367 0.068784
-0.834471 -0.544584 0.084175
-0.537966 -0.352260 0.765837
-0.595450 -0.228787 0.770128
-0.595450 -0.228787 0.770128
-0.930362 -0.358816 0.075349
-0.834471 -0.544584 0.084175
-0.537966 -0.352260 0.765837
-0.017519 -0.011471 0.999781
-0.004974 -0.002708 0.999984
-0.004974 -0.002708 0.999984
-0.595450 -0.228787 0.770128
-0.537966 -0.352260 0.765837
-0.537966 -0.352260 0.765837
-0.834471 -0.544584 0.084175
-0.702946 -0.704789 0.095601
-0.702946 -0.704789 0.095601
-0.428158 -0.423828 0.798154
-0.537966 -0.352260 0.765837
-0.537966 -0.352260 0.765837
-0.428158 -0.423828 0.798154
0.036548 0.044398 0.998345
0.036548 0.044398 0.998345
-0.017519 -0.011471 0.999781
-0.537966 -0.352260 0.765837
0.571638 0.569666 0.590517
0.570004 0.571738 0.590094
0.674887 0.450733 0.584267
0.674887 0.450733 0.584267
0.677977 0.450420 0.580921
0.571638 0.569666 0.590517
0.036548 0.044398 0.998345
-0.428158 -0.423828 0.798154
-0.318682 -0.486621 0.813414
-0.318682 -0.486621 0.813414
0.060636 0.090750 0.994026
0.036548 0.044398 0.998345
0.571638 0.569666 0.590517
0.417100 0.654858 0.630229
0.450359 0.643355 0.619089
0.450359 0.643355 0.619089
0.570004 0.571738 0.590094
0.571638 0.569666 0.590517
-0.000000 -0.000000 1.000000
-0.000000 -0.000000 1.000000
-0.000000 -0.000000 1.000000
0.450359 0.643355 0.619089
0.417100 0.654858 0.630229
0.271480 0.729914 0.627315
0.271480 0.729914 0.627315
0.273231 0.729824 0.626659
0.450359 0.643355 0.619089
-0.000000 -0.000000 1.000000
-0.000000 -0.000000 1.000000
-0.000000 -0.000000 1.000000
-0.000000 -0.000000 1.000000
-0.000000 -0.000000 1.000000
-0.000000 -0.000000 1.000000
-0.000000 -0.000000 1.000000
-0.000000 0.000000 1.000000
-0.000000 0.000000 1.000000
-0.000000 0.000000 1.000000
-0.000000 0.000000 1.000000
-0.000000 -0.000000 1.000000
-0.000000 0.000000 1.000000
-0.000000 -0.000000 1.000000
-0.000000 0.000000 1.000000
0.701458 -0.658824 0.271859
0.515899 -0.771482 0.372375
0.514090 -0.773833 0.369992
0.514090 -0.773833 0.369992
0.679457 -0.677454 0.281769
0.701458 -0.658824 0.271859
0.701458 -0.658824 0.271859
0.679457 -0.677454 0.281769
0.826113 -0.551218 0.117033
0.826113 -0.551218 0.117033
0.827520 -0.550627 0.109640
0.701458 -0.658824 0.271859
-0.000000 0.000000 1.000000
-0.000000 -0.000000 1.000000
-0.000000 0.000000 1.000000
-0.000000 0.000000 1.000000
-0.000000 -0.000000 1.000000
-0.000000 0.000000 1.000000
0.352862 -0.865446 0.355656
0.192777 -0.940705 0.279126
0.179233 -0.942520 0.282012
0.179233 -0.942520 0.282012
0.349277 -0.864823 0.360675
0.352862 -0.865446 0.355656
0.179233 -0.942520 0.282012
0.192777 -0.940705 0.279126
-0.000000 -0.972158 0.234325
-0.000000 -0.972158 0.234325
0.000000 -0.973511 0.228640
0.179233 -0.942520 0.282012
0.033264 -0.412748 0.910238
0.000000 -0.558315 0.829629
-0.000000 -0.401209 0.915986
-0.000000 -0.401209 0.915986
0.011616 -0.324882 0.945683
0.033264 -0.412748 0.910238
0.033264 -0.412748 0.910238
0.011616 -0.324882 0.945683
0.034499 -0.176905 0.983623
0.034499 -0.176905 0.983623
0.047696 -0.172834 0.983796
0.033264 -0.412748 0.910238
0.011616 -0.324882 0.945683
-0.000000 -0.401209 0.915986
0.000000 -0.348742 0.937219
0.000000 -0.348742 0.937219
-0.006353 -0.339311 0.940653
0.011616 -0.324882 0.945683
0.011616 -0.324882 0.945683
-0.006353 -0.339311 0.940653
-0.005968 -0.289154 0.957264
-0.005968 -0.289154 0.957264
0.034499 -0.176905 0.983623
0.011616 -0.324882 0.945683
0.000000 0.244997 -0.969524
-0.156136 0.269303 -0.950314
-0.154686 0.263565 -0.952158
-0.154686 0.263565 -0.952158
-0.000000 0.240871 -0.970557
0.000000 0.244997 -0.969524
0.000000 0.244997 -0.969524
0.000000 0.302445 -0.953167
-0.164755 0.278315 -0.946254
-0.164755 0.278315 -0.946254
-0.156136 0.269303 -0.950314
0.000000 0.244997 -0.969524
-0.164755 0.278315 -0.946254
0.000000 0.302445 -0.953167
0.000000 0.280852 -0.959751
0.000000 0.280852 -0.959751
-0.175870 0.290303 -0.940635
-0.164755 0.278315 -0.946254
-0.154686 0.263565 -0.952158
-0.160598 0.255792 -0.953299
-0.000000 0.238641 -0.971108
-0.000000 0.238641 -0.971108
-0.000000 0.240871 -0.970557
-0.154686 0.263565 -0.952158
-0.160598 0.255792 -0.953299
-0.434650 0.297018 -0.850212
-0.456028 0.285520 -0.842922
-0.456028 0.285520 -0.842922
-0.168650 0.246535 -0.954347
-0.160598 0.255792 -0.953299
-0.160598 0.255792 -0.953299
-0.168650 0.246535 -0.954347
-0.000000 0.233747 -0.972297
-0.000000 0.233747 -0.972297
-0.000000 0.238641 -0.971108
-0.160598 0.255792 -0.953299
-0.000000 0.233747 -0.972297
-0.168650 0.246535 -0.954347
-0.176379 0.233255 -0.956286
-0.176379 0.233255 -0.956286
-0.000000 0.223952 -0.974600
-0.000000 0.233747 -0.972297
-0.992855 0.045541 -0.110297
-0.992811 0.067431 -0.098894
-0.997803 0.066245 0.000000
-0.997803 0.066245 0.000000
-0.999056 0.043431 0.000000
-0.992855 0.045541 -0.110297
-0.970296 0.052030 -0.236258
-0.973394 0.074033 -0.216848
-0.992811 0.067431 -0.098894
-0.992811 0.067431 -0.098894
-0.992855 0.045541 -0.110297
-0.970296 0.052030 -0.236258
-0.929717 0.063473 -0.362765
-0.938031 0.088151 -0.335153
-0.973394 0.074033 -0.216848
-0.973394 0.074033 -0.216848
-0.970296 0.052030 -0.236258
-0.929717 0.063473 -0.362765
-0.872167 0.078911 -0.482802
-0.887121 0.107407 -0.448866
-0.938031 0.088151 -0.335153
-0.938031 0.088151 -0.335153
-0.929717 0.063473 -0.362765
-0.872167 0.078911 -0.482802
-0.793347 0.095333 -0.601259
-0.819262 0.135899 -0.557083
-0.887121 0.107407 -0.448866
-0.887121 0.107407 -0.448866
-0.872167 0.078911 -0.482802
-0.793347 0.095333 -0.601259
-0.665168 0.111492 -0.738323
-0.688876 0.154667 -0.708187
-0.819262 0.135899 -0.557083
-0.819262 0.135899 -0.557083
-0.793347 0.095333 -0.601259
-0.665168 0.111492 -0.738323
-0.446831 0.137960 -0.883917
-0.463152 0.184034 -0.866961
-0.688876 0.154667 -0.708187
-0.688876 0.154667 -0.708187
-0.665168 0.111492 -0.738323
-0.446831 0.137960 -0.883917
-0.463152 0.184034 -0.866961
-0.446831 0.137960 -0.883917
-0.187694 0.138851 -0.972364
-0.187694 0.138851 -0.972364
-0.186514 0.180852 -0.965663
-0.463152 0.184034 -0.866961
-0.186514 0.180852 -0.965663
-0.181269 0.212000 -0.960311
-0.475904 0.221570 -0.851130
-0.475904 0.221570 -0.851130
-0.463152 0.184034 -0.866961
-0.186514 0.180852 -0.965663
-0.176379 0.233255 -0.956286
-0.477902 0.255572 -0.840412
-0.475904 0.221570 -0.851130
-0.475904 0.221570 -0.851130
-0.181269 0.212000 -0.960311
-0.176379 0.233255 -0.956286
-0.168650 0.246535 -0.954347
-0.456028 0.285520 -0.842922
-0.477902 0.255572 -0.840412
-0.477902 0.255572 -0.840412
-0.176379 0.233255 -0.956286
-0.168650 0.246535 -0.954347
-0.181269 0.212000 -0.960311
-0.186514 0.180852 -0.965663
-0.000000 0.177908 -0.984047
-0.000000 0.177908 -0.984047
-0.000000 0.207066 -0.978327
-0.181269 0.212000 -0.960311
-0.181269 0.212000 -0.960311
-0.000000 0.207066 -0.978327
-0.000000 0.223952 -0.974600
-0.000000 0.223952 -0.974600
-0.176379 0.233255 -0.956286
-0.181269 0.212000 -0.960311
-0.992069 0.022422 -0.123682
-0.992855 0.045541 -0.110297
-0.999056 0.043431 0.000000
-0.999056 0.043431 0.000000
-0.999788 0.020585 -0.000000
-0.992069 0.022422 -0.123682
-0.966560 0.028201 -0.254886
-0.970296 0.052030 -0.236258
-0.992855 0.045541 -0.110297
-0.992855 0.045541 -0.110297
-0.992069 0.022422 -0.123682
-0.966560 0.028201 -0.254886
-0.921064 0.036879 -0.387660
-0.929717 0.063473 -0.362765
-0.970296 0.052030 -0.236258
-0.970296 0.052030 -0.236258
-0.966560 0.028201 -0.254886
-0.921064 0.036879 -0.387660
-0.856800 0.048638 -0.513349
-0.872167 0.078911 -0.482802
-0.929717 0.063473 -0.362765
-0.929717 0.063473 -0.362765
-0.921064 0.036879 -0.387660
-0.856800 0.048638 -0.513349
-0.770851 0.061685 -0.634022
-0.793347 0.095333 -0.601259
-0.872167 0.078911 -0.482802
-0.872167 0.078911 -0.482802
-0.856800 0.048638 -0.513349
-0.770851 0.061685 -0.634022
-0.636572 0.072541 -0.767798
-0.665168 0.111492 -0.738323
-0.793347 0.095333 -0.601259
-0.793347 0.095333 -0.601259
-0.770851 0.061685 -0.634022
-0.636572 0.072541 -0.767798
-0.421080 0.092812 -0.902262
-0.446831 0.137960 -0.883917
-0.665168 0.111492 -0.738323
-0.665168 0.111492 -0.738323
-0.636572 0.072541 -0.767798
-0.421080 0.092812 -0.902262
-0.181117 0.097507 -0.978616
-0.187694 0.138851 -0.972364
-0.446831 0.137960 -0.883917
-0.446831 0.137960 -0.883917
-0.421080 0.092812 -0.902262
-0.181117 0.097507 -0.978616
-0.000000 0.136102 -0.990695
-0.000000 0.177908 -0.984047
-0.186514 0.180852 -0.965663
-0.186514 0.180852 -0.965663
-0.187694 0.138851 -0.972364
-0.000000 0.136102 -0.990695
-0.990923 0.004344 -0.134363
-0.992069 0.022422 -0.123682
-0.999788 0.020585 -0.000000
-0.999788 0.020585 -0.000000
-0.999993 0.003798 0.000000
-0.990923 0.004344 -0.134363
-0.962031 0.008918 -0.272795
-0.966560 0.028201 -0.254886
-0.992069 0.022422 -0.123682
-0.992069 0.022422 -0.123682
-0.990923 0.004344 -0.134363
-0.962031 0.008918 -0.272795
-0.911695 0.015117 -0.410590
-0.921064 0.036879 -0.387660
-0.966560 0.028201 -0.254886
-0.966560 0.028201 -0.254886
-0.962031 0.008918 -0.272795
-0.911695 0.015117 -0.410590
-0.840839 0.023928 -0.540757
-0.856800 0.048638 -0.513349
-0.921064 0.036879 -0.387660
-0.921064 0.036879 -0.387660
-0.911695 0.015117 -0.410590
-0.840839 0.023928 -0.540757
-0.747665 0.032181 -0.663296
-0.770851 0.061685 -0.634022
-0.856800 0.048638 -0.513349
-0.856800 0.048638 -0.513349
-0.840839 0.023928 -0.540757
-0.747665 0.032181 -0.663296
-0.606479 0.036862 -0.794245
-0.636572 0.072541 -0.767798
-0.770851 0.061685 -0.634022
-0.770851 0.061685 -0.634022
-0.747665 0.032181 -0.663296
-0.606479 0.036862 -0.794245
-0.386159 0.054143 -0.920842
-0.421080 0.092812 -0.902262
-0.636572 0.072541 -0.767798
-0.636572 0.072541 -0.767798
-0.606479 0.036862 -0.794245
-0.386159 0.054143 -0.920842
-0.152630 0.060355 -0.986439
-0.181117 0.097507 -0.978616
-0.421080 0.092812 -0.902262
-0.421080 0.092812 -0.902262
-0.386159 0.054143 -0.920842
-0.152630 0.060355 -0.986439
-0.181117 0.097507 -0.978616
-0.152630 0.060355 -0.986439
-0.000000 0.048339 -0.998831
-0.000000 0.048339 -0.998831
-0.000000 0.091473 -0.995808
-0.181117 0.097507 -0.978616
-0.000000 0.091473 -0.995808
-0.000000 0.136102 -0.990695
-0.187694 0.138851 -0.972364
-0.187694 0.138851 -0.972364
-0.181117 0.097507 -0.978616
-0.000000 0.091473 -0.995808
-0.989229 0.024033 -0.144392
-0.990923 0.004344 -0.134363
-0.999993 0.003798 0.000000
-0.999993 0.003798 0.000000
-0.999732 0.023160 0.000000
-0.989229 0.024033 -0.144392
-0.957821 0.024919 -0.286283
-0.962031 0.008918 -0.272795
-0.990923 0.004344 -0.134363
-0.990923 0.004344 -0.134363
-0.989229 0.024033 -0.144392
-0.957821 0.024919 -0.286283
-0.902582 0.028396 -0.429580
-0.911695 0.015117 -0.410590
-0.962031 0.008918 -0.272795
-0.962031 0.008918 -0.272795
-0.957821 0.024919 -0.286283
-0.902582 0.028396 -0.429580
-0.828801 0.033872 -0.558517
-0.840839 0.023928 -0.540757
-0.911695 0.015117 -0.410590
-0.911695 0.015117 -0.410590
-0.902582 0.028396 -0.429580
-0.828801 0.033872 -0.558517
-0.726780 0.038985 -0.685764
-0.747665 0.032181 -0.663296
-0.840839 0.023928 -0.540757
-0.840839 0.023928 -0.540757
-0.828801 0.033872 -0.558517
-0.726780 0.038985 -0.685764
-0.586161 0.038941 -0.809258
-0.606479 0.036862 -0.794245
-0.747665 0.032181 -0.663296
-0.747665 0.032181 -0.663296
-0.726780 0.038985 -0.685764
-0.586161 0.038941 -0.809258
-0.347683 0.044997 -0.936532
-0.386159 0.054143 -0.920842
-0.606479 0.036862 -0.794245
-0.606479 0.036862 -0.794245
-0.586161 0.038941 -0.809258
-0.347683 0.044997 -0.936532
-0.116455 0.056143 -0.991608
-0.152630 0.060355 -0.986439
-0.386159 0.054143 -0.920842
-0.386159 0.054143 -0.920842
-0.347683 0.044997 -0.936532
-0.116455 0.056143 -0.991608
-0.313859 0.056660 -0.947777
-0.118836 0.057306 -0.991259
-0.116455 0.056143 -0.991608
-0.116455 0.056143 -0.991608
-0.347683 0.044997 -0.936532
-0.313859 0.056660 -0.947777
-0.556867 0.031507 -0.830004
-0.313859 0.056660 -0.947777
-0.347683 0.044997 -0.936532
-0.347683 0.044997 -0.936532
-0.586161 0.038941 -0.809258
-0.556867 0.031507 -0.830004
-0.556867 0.031507 -0.830004
-0.586161 0.038941 -0.809258
-0.726780 0.038985 -0.685764
-0.726780 0.038985 -0.685764
-0.704797 0.029945 -0.708777
-0.556867 0.031507 -0.830004
-0.726780 0.038985 -0.685764
-0.828801 0.033872 -0.558517
-0.814124 0.029617 -0.579936
-0.814124 0.029617 -0.579936
-0.704797 0.029945 -0.708777
-0.726780 0.038985 -0.685764
-0.814124 0.029617 -0.579936
-0.828801 0.033872 -0.558517
-0.902582 0.028396 -0.429580
-0.902582 0.028396 -0.429580
-0.894343 0.026199 -0.446613
-0.814124 0.029617 -0.579936
-0.902582 0.028396 -0.429580
-0.957821 0.024919 -0.286283
-0.954033 0.026702 -0.298508
-0.954033 0.026702 -0.298508
-0.894343 0.026199 -0.446613
-0.902582 0.028396 -0.429580
-0.954033 0.026702 -0.298508
-0.957821 0.024919 -0.286283
-0.989229 0.024033 -0.144392
-0.989229 0.024033 -0.144392
-0.988038 0.026305 -0.151948
-0.954033 0.026702 -0.298508
-0.989229 0.024033 -0.144392
-0.999732 0.023160 0.000000
-0.999640 0.026830 0.000000
-0.999640 0.026830 0.000000
-0.988038 0.026305 -0.151948
-0.989229 0.024033 -0.144392
-0.408121 0.157257 -0.899282
-0.784343 0.192977 -0.589548
-0.662604 0.332427 -0.671155
-0.662604 0.332427 -0.671155
-0.271040 0.256817 -0.927676
-0.408121 0.157257 -0.899282
-0.408121 0.157257 -0.899282
-0.422062 0.021727 -0.906307
-0.840178 0.040460 -0.540799
-0.840178 0.040460 -0.540799
-0.784343 0.192977 -0.589548
-0.408121 0.157257 -0.899282
-0.410205 -0.082309 -0.908272
-0.818945 -0.160835 -0.550874
-0.840178 0.040460 -0.540799
-0.840178 0.040460 -0.540799
-0.422062 0.021727 -0.906307
-0.410205 -0.082309 -0.908272
-0.818945 -0.160835 -0.550874
-0.957666 -0.171106 -0.231515
-0.978015 0.023822 -0.207171
-0.978015 0.023822 -0.207171
-0.840178 0.040460 -0.540799
-0.818945 -0.160835 -0.550874
-0.818945 -0.160835 -0.550874
-0.410205 -0.082309 -0.908272
-0.392060 -0.165702 -0.904893
-0.392060 -0.165702 -0.904893
-0.749290 -0.322822 -0.578231
-0.818945 -0.160835 -0.550874
-0.818945 -0.160835 -0.550874
-0.749290 -0.322822 -0.578231
-0.893146 -0.359229 -0.270636
-0.893146 -0.359229 -0.270636
-0.957666 -0.171106 -0.231515
-0.818945 -0.160835 -0.550874
-0.672985 -0.448976 -0.587802
-0.798835 -0.527189 -0.289715
-0.893146 -0.359229 -0.270636
-0.893146 -0.359229 -0.270636
-0.749290 -0.322822 -0.578231
-0.672985 -0.448976 -0.587802
-0.798835 -0.527189 -0.289715
-0.825112 -0.545420 -0.147335
-0.920168 -0.359422 -0.155263
-0.920168 -0.359422 -0.155263
-0.893146 -0.359229 -0.270636
-0.798835 -0.527189 -0.289715
-0.798835 -0.527189 -0.289715
-0.672985 -0.448976 -0.587802
-0.570317 -0.570364 -0.591120
-0.570317 -0.570364 -0.591120
-0.676707 -0.676089 -0.291500
-0.798835 -0.527189 -0.289715
-0.798835 -0.527189 -0.289715
-0.676707 -0.676089 -0.291500
-0.697675 -0.702276 -0.141626
-0.697675 -0.702276 -0.141626
-0.825112 -0.545420 -0.147335
-0.798835 -0.527189 -0.289715
-0.531257 -0.797808 -0.285078
-0.546905 -0.824358 -0.146048
-0.697675 -0.702276 -0.141626
-0.697675 -0.702276 -0.141626
-0.676707 -0.676089 -0.291500
-0.531257 -0.797808 -0.285078
-0.546905 -0.824358 -0.146048
-0.546395 -0.832982 0.087141
-0.702946 -0.704789 0.095601
-0.702946 -0.704789 0.095601
-0.697675 -0.702276 -0.141626
-0.546905 -0.824358 -0.146048
-0.546905 -0.824358 -0.146048
-0.531257 -0.797808 -0.285078
-0.354076 -0.886443 -0.298074
-0.354076 -0.886443 -0.298074
-0.376880 -0.914929 -0.144450
-0.546905 -0.824358 -0.146048
-0.546905 -0.824358 -0.146048
-0.376880 -0.914929 -0.144450
-0.367564 -0.923366 0.110870
-0.367564 -0.923366 0.110870
-0.546395 -0.832982 0.087141
-0.546905 -0.824358 -0.146048
-0.191158 -0.978539 -0.076939
-0.194087 -0.961383 0.195122
-0.367564 -0.923366 0.110870
-0.367564 -0.923366 0.110870
-0.376880 -0.914929 -0.144450
-0.191158 -0.978539 -0.076939
-0.194087 -0.961383 0.195122
-0.121647 -0.560189 0.819384
-0.209725 -0.527995 0.822944
-0.209725 -0.527995 0.822944
-0.367564 -0.923366 0.110870
-0.194087 -0.961383 0.195122
-0.194087 -0.961383 0.195122
-0.191158 -0.978539 -0.076939
0.000000 -0.990094 -0.140408
0.000000 -0.990094 -0.140408
-0.000000 -0.997460 0.071229
-0.194087 -0.961383 0.195122
-0.194087 -0.961383 0.195122
-0.000000 -0.997460 0.071229
-0.000000 -0.645045 0.764145
-0.000000 -0.645045 0.764145
-0.121647 -0.560189 0.819384
-0.194087 -0.961383 0.195122
-0.392060 -0.165702 -0.904893
-0.357820 -0.239068 -0.902669
-0.672985 -0.448976 -0.587802
-0.672985 -0.448976 -0.587802
-0.749290 -0.322822 -0.578231
-0.392060 -0.165702 -0.904893
-0.305079 -0.305978 -0.901834
-0.570317 -0.570364 -0.591120
-0.672985 -0.448976 -0.587802
-0.672985 -0.448976 -0.587802
-0.357820 -0.239068 -0.902669
-0.305079 -0.305978 -0.901834
-0.570317 -0.570364 -0.591120
-0.305079 -0.305978 -0.901834
-0.240342 -0.358702 -0.901980
-0.240342 -0.358702 -0.901980
-0.448888 -0.667311 -0.594302
-0.570317 -0.570364 -0.591120
-0.570317 -0.570364 -0.591120
-0.448888 -0.667311 -0.594302
-0.531257 -0.797808 -0.285078
-0.531257 -0.797808 -0.285078
-0.676707 -0.676089 -0.291500
-0.570317 -0.570364 -0.591120
-0.278202 -0.758263 -0.589610
-0.354076 -0.886443 -0.298074
-0.531257 -0.797808 -0.285078
-0.531257 -0.797808 -0.285078
-0.448888 -0.667311 -0.594302
-0.278202 -0.758263 -0.589610
-0.354076 -0.886443 -0.298074
-0.278202 -0.758263 -0.589610
-0.144296 -0.757914 -0.636196
-0.144296 -0.757914 -0.636196
-0.183135 -0.918110 -0.351476
-0.354076 -0.886443 -0.298074
-0.354076 -0.886443 -0.298074
-0.183135 -0.918110 -0.351476
-0.191158 -0.978539 -0.076939
-0.191158 -0.978539 -0.076939
-0.376880 -0.914929 -0.144450
-0.354076 -0.886443 -0.298074
0.000000 -0.945414 -0.325870
0.000000 -0.990094 -0.140408
-0.191158 -0.978539 -0.076939
-0.191158 -0.978539 -0.076939
-0.183135 -0.918110 -0.351476
0.000000 -0.945414 -0.325870
-0.240342 -0.358702 -0.901980
-0.149855 -0.409489 -0.899924
-0.278202 -0.758263 -0.589610
-0.278202 -0.758263 -0.589610
-0.448888 -0.667311 -0.594302
-0.240342 -0.358702 -0.901980
-0.079715 -0.421808 -0.903174
-0.144296 -0.757914 -0.636196
-0.278202 -0.758263 -0.589610
-0.278202 -0.758263 -0.589610
-0.149855 -0.409489 -0.899924
-0.079715 -0.421808 -0.903174
-0.079715 -0.421808 -0.903174
-0.000000 -0.448089 -0.893989
-0.000000 -0.797110 -0.603834
-0.000000 -0.797110 -0.603834
-0.144296 -0.757914 -0.636196
-0.079715 -0.421808 -0.903174
-0.144296 -0.757914 -0.636196
-0.000000 -0.797110 -0.603834
0.000000 -0.945414 -0.325870
0.000000 -0.945414 -0.325870
-0.183135 -0.918110 -0.351476
-0.144296 -0.757914 -0.636196
-0.000000 -0.000000 1.000000
-0.000000 -0.000000 1.000000
-0.000000 -0.000000 1.000000
0.000000 0.727720 0.685875
0.147093 0.756564 0.637161
0.147518 0.753958 0.640145
0.147518 0.753958 0.640145
0.000000 0.721778 0.692125
0.000000 0.727720 0.685875
0.147518 0.753958 0.640145
0.147093 0.756564 0.637161
0.273231 0.729824 0.626659
0.273231 0.729824 0.626659
0.271480 0.729914 0.627315
0.147518 0.753958 0.640145
0.000490 0.002983 0.999995
0.041955 0.127551 0.990944
-0.209725 -0.527995 0.822944
-0.209725 -0.527995 0.822944
-0.121647 -0.560189 0.819384
0.000490 0.002983 0.999995
0.000490 0.002983 0.999995
-0.121647 -0.560189 0.819384
-0.000000 -0.645045 0.764145
-0.000000 -0.645045 0.764145
0.000000 0.000000 1.000000
0.000490 0.002983 0.999995
-0.209725 -0.527995 0.822944
0.041955 0.127551 0.990944
0.060636 0.090750 0.994026
0.060636 0.090750 0.994026
-0.318682 -0.486621 0.813414
-0.209725 -0.527995 0.822944
-0.209725 -0.527995 0.822944
-0.318682 -0.486621 0.813414
-0.546395 -0.832982 0.087141
-0.546395 -0.832982 0.087141
-0.367564 -0.923366 0.110870
-0.209725 -0.527995 0.822944
-0.428158 -0.423828 0.798154
-0.702946 -0.704789 0.095601
-0.546395 -0.832982 0.087141
-0.546395 -0.832982 0.087141
-0.318682 -0.486621 0.813414
-0.428158 -0.423828 0.798154
-0.702946 -0.704789 0.095601
-0.834471 -0.544584 0.084175
-0.825112 -0.545420 -0.147335
-0.825112 -0.545420 -0.147335
-0.697675 -0.702276 -0.141626
-0.702946 -0.704789 0.095601
-0.930362 -0.358816 0.075349
-0.920168 -0.359422 -0.155263
-0.825112 -0.545420 -0.147335
-0.825112 -0.545420 -0.147335
-0.834471 -0.544584 0.084175
-0.930362 -0.358816 0.075349
-0.920168 -0.359422 -0.155263
-0.974162 -0.165577 -0.153597
-0.957666 -0.171106 -0.231515
-0.957666 -0.171106 -0.231515
-0.893146 -0.359229 -0.270636
-0.920168 -0.359422 -0.155263
-0.993172 0.010744 -0.116166
-0.978015 0.023822 -0.207171
-0.957666 -0.171106 -0.231515
-0.957666 -0.171106 -0.231515
-0.974162 -0.165577 -0.153597
-0.993172 0.010744 -0.116166
-0.978015 0.023822 -0.207171
-0.944611 0.177494 -0.276052
-0.784343 0.192977 -0.589548
-0.784343 0.192977 -0.589548
-0.840178 0.040460 -0.540799
-0.978015 0.023822 -0.207171
-0.897595 0.303457 -0.319744
-0.662604 0.332427 -0.671155
-0.784343 0.192977 -0.589548
-0.784343 0.192977 -0.589548
-0.944611 0.177494 -0.276052
-0.897595 0.303457 -0.319744
-0.000000 0.000000 1.000000
-0.000000 0.000000 1.000000
-0.000000 -0.000000 1.000000
-0.030359 -0.578598 0.815047
-0.077939 -0.576489 0.813379
-0.027629 -0.247779 0.968422
-0.027629 -0.247779 0.968422
-0.005968 -0.289154 0.957264
-0.030359 -0.578598 0.815047
-0.108496 -0.959587 0.259657
-0.167027 -0.979560 0.112094
-0.257899 -0.949996 0.176057
-0.257899 -0.949996 0.176057
-0.201064 -0.926803 0.317189
-0.108496 -0.959587 0.259657
-0.087189 -0.994871 0.051279
-0.110310 -0.993569 0.025536
-0.204704 -0.976875 0.061747
-0.204704 -0.976875 0.061747
-0.167027 -0.979560 0.112094
-0.087189 -0.994871 0.051279
-0.000000 -0.999993 0.003667
0.000000 -1.000000 0.000608
-0.128285 -0.991686 0.010078
-0.128285 -0.991686 0.010078
-0.110310 -0.993569 0.025536
-0.000000 -0.999993 0.003667
0.515899 -0.771482 0.372375
0.352862 -0.865446 0.355656
0.349277 -0.864823 0.360675
0.349277 -0.864823 0.360675
0.514090 -0.773833 0.369992
0.515899 -0.771482 0.372375
-0.007769 0.045545 -0.998932
-0.118836 0.057306 -0.991259
-0.193799 -0.002639 -0.981038
-0.193799 -0.002639 -0.981038
-0.039574 0.000000 -0.999217
-0.007769 0.045545 -0.998932
-0.118836 0.057306 -0.991259
-0.313859 0.056660 -0.947777
-0.359683 0.011553 -0.933003
-0.359683 0.011553 -0.933003
-0.193799 -0.002639 -0.981038
-0.118836 0.057306 -0.991259
-0.313859 0.056660 -0.947777
-0.556867 0.031507 -0.830004
-0.554295 0.000000 -0.832320
-0.554295 0.000000 -0.832320
-0.359683 0.011553 -0.933003
-0.313859 0.056660 -0.947777
-0.556867 0.031507 -0.830004
-0.704797 0.029945 -0.708777
-0.707672 0.000000 -0.706541
-0.707672 0.000000 -0.706541
-0.554295 0.000000 -0.832320
-0.556867 0.031507 -0.830004
-0.704797 0.029945 -0.708777
-0.814124 0.029617 -0.579936
-0.812714 0.000000 -0.582663
-0.812714 0.000000 -0.582663
-0.707672 0.000000 -0.706541
-0.704797 0.029945 -0.708777
-0.814124 0.029617 -0.579936
-0.894343 0.026199 -0.446613
-0.895576 0.000000 -0.444908
-0.895576 0.000000 -0.444908
-0.812714 0.000000 -0.582663
-0.814124 0.029617 -0.579936
-0.894343 0.026199 -0.446613
-0.954033 0.026702 -0.298508
-0.954048 0.000000 -0.299654
-0.954048 0.000000 -0.299654
-0.895576 0.000000 -0.444908
-0.894343 0.026199 -0.446613
-0.954033 0.026702 -0.298508
-0.988038 0.026305 -0.151948
-0.988534 0.000000 -0.151001
-0.988534 0.000000 -0.151001
-0.954048 0.000000 -0.299654
-0.954033 0.026702 -0.298508
-0.988038 0.026305 -0.151948
-0.999640 0.026830 0.000000
-1.000000 0.000000 0.000000
-1.000000 0.000000 0.000000
-0.988534 0.000000 -0.151001
-0.988038 0.026305 -0.151948
-0.000000 1.000000 -0.000002
-0.000000 1.000000 -0.000002
-0.000000 1.000000 -0.000002
-0.000000 1.000000 -0.000002
-0.000000 1.000000 -0.000002
-0.000000 1.000000 -0.000002
-0.000000 1.000000 -0.000002
-0.000001 1.000000 -0.000002
-0.000001 1.000000 -0.000002
-0.000001 1.000000 -0.000002
-0.000000 1.000000 -0.000002
-0.000000 1.000000 -0.000002
-0.000001 1.000000 -0.000002
-0.000001 1.000000 -0.000002
-0.000001 1.000000 -0.000002
-0.000001 1.000000 -0.000002
-0.000001 1.000000 -0.000002
-0.000001 1.000000 -0.000002
-0.000001 1.000000 -0.000002
-0.000002 1.000000 -0.000002
-0.000002 1.000000 -0.000002
-0.000002 1.000000 -0.000002
-0.000001 1.000000 -0.000002
-0.000001 1.000000 -0.000002
-0.000002 1.000000 -0.000002
-0.000002 1.000000 -0.000001
-0.000002 1.000000 -0.000001
-0.000002 1.000000 -0.000001
-0.000002 1.000000 -0.000002
-0.000002 1.000000 -0.000002
-0.000002 1.000000 -0.000001
-0.000002 1.000000 -0.000001
-0.000002 1.000000 -0.000001
-0.000002 1.000000 -0.000001
-0.000002 1.000000 -0.000001
-0.000002 1.000000 -0.000001
-0.000002 1.000000 -0.000001
-0.000002 1.000000 -0.000001
-0.000002 1.000000 -0.000001
-0.000002 1.000000 -0.000001
-0.000002 1.000000 -0.000001
-0.000002 1.000000 -0.000001
-0.000002 1.000000 -0.000001
-0.000002 1.000000 -0.000000
-0.000002 1.000000 -0.000000
-0.000002 1.000000 -0.000000
-0.000002 1.000000 -0.000001
-0.000002 1.000000 -0.000001
-0.000002 1.000000 -0.000000
-0.000002 1.000000 -0.000000
-0.000002 1.000000 0.000000
-0.000002 1.000000 0.000000
-0.000002 1.000000 -0.000000
-0.000002 1.000000 -0.000000
-0.043256 0.000000 -0.999064
-0.195914 0.000000 -0.980621
-0.195914 0.000000 -0.980621
-0.195914 0.000000 -0.980621
-0.043256 0.000000 -0.999064
-0.043256 0.000000 -0.999064
-0.195914 0.000000 -0.980621
-0.361011 0.000000 -0.932561
-0.361011 0.000000 -0.932561
-0.361011 0.000000 -0.932561
-0.195914 0.000000 -0.980621
-0.195914 0.000000 -0.980621
-0.554295 0.000000 -0.832320
-0.554295 0.000000 -0.832320
-0.361011 0.000000 -0.932561
-0.361011 0.000000 -0.932561
-0.361011 0.000000 -0.932561
-0.554295 0.000000 -0.832320
-0.554295 0.000000 -0.832320
-0.707672 0.000000 -0.706541
-0.707672 0.000000 -0.706541
-0.707672 0.000000 -0.706541
-0.554295 0.000000 -0.832320
-0.554295 0.000000 -0.832320
-0.707672 0.000000 -0.706541
-0.812714 0.000000 -0.582663
-0.812714 0.000000 -0.582663
-0.812714 0.000000 -0.582663
-0.707672 0.000000 -0.706541
-0.707672 0.000000 -0.706541
-0.812714 0.000000 -0.582663
-0.895576 0.000000 -0.444908
-0.895576 0.000000 -0.444908
-0.895576 0.000000 -0.444908
-0.812714 0.000000 -0.582663
-0.812714 0.000000 -0.582663
-0.895576 0.000000 -0.444908
-0.954048 0.000000 -0.299654
-0.954048 0.000000 -0.299654
-0.954048 0.000000 -0.299654
-0.895576 0.000000 -0.444908
-0.895576 0.000000 -0.444908
-0.954048 0.000000 -0.299654
-0.988496 0.000000 -0.151245
-0.988496 0.000000 -0.151245
-0.988496 0.000000 -0.151245
-0.954048 0.000000 -0.299654
-0.954048 0.000000 -0.299654
-0.988496 0.000000 -0.151245
-1.000000 0.000000 0.000000
-1.000000 0.000000 0.000000
-1.000000 0.000000 0.000000
-0.988496 0.000000 -0.151245
-0.988496 0.000000 -0.151245
0.831792 0.105896 -0.544893
0.719195 0.176831 -0.671929
0.851835 0.160771 -0.498527
0.851835 0.160771 -0.498527
0.903249 -0.067856 -0.423717
0.831792 0.105896 -0.544893
0.831792 0.105896 -0.544893
0.881715 -0.468885 0.052201
0.907368 -0.411817 0.084201
0.907368 -0.411817 0.084201
0.795505 0.214040 -0.566885
0.831792 0.105896 -0.544893
0.831792 0.105896 -0.544893
0.903249 -0.067856 -0.423717
0.818646 -0.572842 -0.040877
0.818646 -0.572842 -0.040877
0.881715 -0.468885 0.052201
0.831792 0.105896 -0.544893
0.000000 0.059908 -0.998204
-0.007769 0.045545 -0.998932
0.120978 0.035138 -0.992033
0.120978 0.035138 -0.992033
0.116455 0.056143 -0.991608
0.000000 0.059908 -0.998204
0.143733 0.247974 -0.958045
0.532970 0.359635 -0.765902
0.271040 0.256817 -0.927676
0.143733 0.247974 -0.958045
0.175870 0.290303 -0.940635
0.460747 0.348126 -0.816407
0.460747 0.348126 -0.816407
0.532970 0.359635 -0.765902
0.143733 0.247974 -0.958045
0.143733 0.247974 -0.958045
-0.000000 0.189928 -0.981798
0.000000 0.280852 -0.959751
0.000000 0.280852 -0.959751
0.175870 0.290303 -0.940635
0.143733 0.247974 -0.958045
-0.000000 0.048339 -0.998831
0.000000 0.059908 -0.998204
0.116455 0.056143 -0.991608
0.116455 0.056143 -0.991608
0.152630 0.060355 -0.986439
-0.000000 0.048339 -0.998831
-0.024585 -0.090311 0.995610
0.077499 -0.043207 0.996056
0.089756 -0.240692 0.966443
0.089756 -0.240692 0.966443
0.027629 -0.247779 0.968422
-0.024585 -0.090311 0.995610
-0.024585 -0.090311 0.995610
-0.082012 -0.107824 0.990782
-0.212497 -0.160438 0.963901
-0.212497 -0.160438 0.963901
-0.090877 -0.080845 0.992575
-0.024585 -0.090311 0.995610
-0.024585 -0.090311 0.995610
0.027629 -0.247779 0.968422
0.005968 -0.289154 0.957264
0.005968 -0.289154 0.957264
-0.034499 -0.176905 0.983623
-0.024585 -0.090311 0.995610
-0.024585 -0.090311 0.995610
-0.034499 -0.176905 0.983623
-0.047696 -0.172834 0.983796
-0.047696 -0.172834 0.983796
-0.082012 -0.107824 0.990782
-0.024585 -0.090311 0.995610
0.984019 -0.178065 0.000000
0.754046 -0.656822 0.000000
0.757627 -0.652516 -0.014999
0.757627 -0.652516 -0.014999
0.983346 -0.170629 -0.062574
0.984019 -0.178065 0.000000
0.983346 -0.170629 -0.062574
0.992816 0.083532 -0.085670
0.996769 0.080322 0.000000
0.996769 0.080322 0.000000
0.984019 -0.178065 0.000000
0.983346 -0.170629 -0.062574
0.983346 -0.170629 -0.062574
0.975738 -0.157712 -0.151862
0.976521 0.094409 -0.193633
0.976521 0.094409 -0.193633
0.992816 0.083532 -0.085670
0.983346 -0.170629 -0.062574
0.983346 -0.170629 -0.062574
0.757627 -0.652516 -0.014999
0.762258 -0.646176 -0.037660
0.762258 -0.646176 -0.037660
0.975738 -0.157712 -0.151862
0.983346 -0.170629 -0.062574
0.963550 -0.144780 -0.224966
0.975738 -0.157712 -0.151862
0.762258 -0.646176 -0.037660
0.762258 -0.646176 -0.037660
0.776628 -0.628846 -0.037445
0.963550 -0.144780 -0.224966
0.762258 -0.646176 -0.037660
0.482690 -0.875664 0.014937
0.474794 -0.879075 0.042401
0.474794 -0.879075 0.042401
0.776628 -0.628846 -0.037445
0.762258 -0.646176 -0.037660
0.762258 -0.646176 -0.037660
0.757627 -0.652516 -0.014999
0.484307 -0.874891 0.003470
0.484307 -0.874891 0.003470
0.482690 -0.875664 0.014937
0.762258 -0.646176 -0.037660
0.484307 -0.874891 0.003470
0.757627 -0.652516 -0.014999
0.754046 -0.656822 0.000000
0.754046 -0.656822 0.000000
0.484893 -0.874574 0.000000
0.484307 -0.874891 0.003470
0.484893 -0.874574 0.000000
0.363173 -0.931722 0.000000
0.360433 -0.932785 0.000637
0.360433 -0.932785 0.000637
0.484307 -0.874891 0.003470
0.484893 -0.874574 0.000000
0.150192 -0.988657 -0.000000
0.000000 -1.000000 0.000000
-0.000000 -1.000000 -0.000470
-0.000000 -1.000000 -0.000470
0.148606 -0.988893 -0.002588
0.150192 -0.988657 -0.000000
0.150192 -0.988657 -0.000000
0.148606 -0.988893 -0.002588
0.263582 -0.964632 -0.003201
0.263582 -0.964632 -0.003201
0.266902 -0.963724 0.000000
0.150192 -0.988657 -0.000000
0.263582 -0.964632 -0.003201
0.148606 -0.988893 -0.002588
0.146998 -0.989130 0.003606
0.146998 -0.989130 0.003606
0.259182 -0.965814 0.005364
0.263582 -0.964632 -0.003201
0.263582 -0.964632 -0.003201
0.360433 -0.932785 0.000637
0.363173 -0.931722 0.000000
0.363173 -0.931722 0.000000
0.266902 -0.963724 0.000000
0.263582 -0.964632 -0.003201
0.263582 -0.964632 -0.003201
0.259182 -0.965814 0.005364
0.354946 -0.934838 0.009548
0.354946 -0.934838 0.009548
0.360433 -0.932785 0.000637
0.263582 -0.964632 -0.003201
0.354946 -0.934838 0.009548
0.259182 -0.965814 0.005364
0.253456 -0.967131 0.020429
0.253456 -0.967131 0.020429
0.347163 -0.937392 0.027826
0.354946 -0.934838 0.009548
0.360433 -0.932785 0.000637
0.354946 -0.934838 0.009548
0.482690 -0.875664 0.014937
0.482690 -0.875664 0.014937
0.484307 -0.874891 0.003470
0.360433 -0.932785 0.000637
0.354946 -0.934838 0.009548
0.347163 -0.937392 0.027826
0.474794 -0.879075 0.042401
0.474794 -0.879075 0.042401
0.482690 -0.875664 0.014937
0.354946 -0.934838 0.009548
0.474794 -0.879075 0.042401
0.347163 -0.937392 0.027826
0.336184 -0.939899 0.059754
0.336184 -0.939899 0.059754
0.458375 -0.884448 0.087432
0.474794 -0.879075 0.042401
0.458375 -0.884448 0.087432
0.336184 -0.939899 0.059754
0.307687 -0.946152 0.100628
0.307687 -0.946152 0.100628
0.443761 -0.884265 0.145437
0.458375 -0.884448 0.087432
0.474794 -0.879075 0.042401
0.458375 -0.884448 0.087432
0.793381 -0.608688 -0.006667
0.793381 -0.608688 -0.006667
0.776628 -0.628846 -0.037445
0.474794 -0.879075 0.042401
0.458375 -0.884448 0.087432
0.443761 -0.884265 0.145437
0.818646 -0.572842 -0.040877
0.818646 -0.572842 -0.040877
0.793381 -0.608688 -0.006667
0.458375 -0.884448 0.087432
0.818646 -0.572842 -0.040877
0.443761 -0.884265 0.145437
0.422919 -0.872745 0.243837
0.422919 -0.872745 0.243837
0.881715 -0.468885 0.052201
0.818646 -0.572842 -0.040877
0.881715 -0.468885 0.052201
0.422919 -0.872745 0.243837
0.364160 -0.841455 0.399175
0.364160 -0.841455 0.399175
0.907368 -0.411817 0.084201
0.881715 -0.468885 0.052201
0.939887 -0.290896 0.178860
0.907368 -0.411817 0.084201
0.364160 -0.841455 0.399175
0.364160 -0.841455 0.399175
0.289024 -0.754123 0.589715
0.939887 -0.290896 0.178860
0.939887 -0.290896 0.178860
0.289024 -0.754123 0.589715
0.191798 -0.528832 0.826771
0.191798 -0.528832 0.826771
0.928536 -0.121165 0.350914
0.939887 -0.290896 0.178860
0.907368 -0.411817 0.084201
0.939887 -0.290896 0.178860
0.774455 0.269193 -0.572499
0.774455 0.269193 -0.572499
0.795505 0.214040 -0.566885
0.907368 -0.411817 0.084201
0.939887 -0.290896 0.178860
0.928536 -0.121165 0.350914
0.750533 0.305037 -0.586219
0.750533 0.305037 -0.586219
0.774455 0.269193 -0.572499
0.939887 -0.290896 0.178860
0.750533 0.305037 -0.586219
0.928536 -0.121165 0.350914
0.881205 0.065308 0.468202
0.881205 0.065308 0.468202
0.750333 0.323376 -0.576566
0.750533 0.305037 -0.586219
0.750333 0.323376 -0.576566
0.412137 0.322754 -0.852040
0.418164 0.310804 -0.853545
0.418164 0.310804 -0.853545
0.750533 0.305037 -0.586219
0.750333 0.323376 -0.576566
0.750333 0.323376 -0.576566
0.761501 0.335435 -0.554616
0.426153 0.318728 -0.846644
0.426153 0.318728 -0.846644
0.412137 0.322754 -0.852040
0.750333 0.323376 -0.576566
0.750333 0.323376 -0.576566
0.881205 0.065308 0.468202
0.824866 0.234542 0.514380
0.824866 0.234542 0.514380
0.761501 0.335435 -0.554616
0.750333 0.323376 -0.576566
0.801957 0.361742 -0.475402
0.761501 0.335435 -0.554616
0.824866 0.234542 0.514380
0.824866 0.234542 0.514380
0.799879 0.312801 0.512201
0.801957 0.361742 -0.475402
0.799879 0.312801 0.512201
0.824866 0.234542 0.514380
0.077499 -0.043207 0.996056
0.077499 -0.043207 0.996056
0.112738 0.050862 0.992322
0.799879 0.312801 0.512201
0.799879 0.312801 0.512201
0.905559 0.284532 0.314651
0.863036 0.354647 -0.359715
0.863036 0.354647 -0.359715
0.801957 0.361742 -0.475402
0.799879 0.312801 0.512201
0.799879 0.312801 0.512201
0.112738 0.050862 0.992322
0.389632 0.082145 0.917300
0.389632 0.082145 0.917300
0.905559 0.284532 0.314651
0.799879 0.312801 0.512201
0.960810 0.273048 0.047850
0.905559 0.284532 0.314651
0.389632 0.082145 0.917300
0.389632 0.082145 0.917300
0.733279 0.200987 0.649543
0.960810 0.273048 0.047850
0.733279 0.200987 0.649543
0.389632 0.082145 0.917300
-0.159395 -0.132471 0.978287
-0.159395 -0.132471 0.978287
-0.096481 -0.056949 0.993704
0.733279 0.200987 0.649543
0.733279 0.200987 0.649543
0.962343 0.145332 0.229730
0.980154 0.170025 -0.101928
0.980154 0.170025 -0.101928
0.960810 0.273048 0.047850
0.733279 0.200987 0.649543
0.733279 0.200987 0.649543
-0.096481 -0.056949 0.993704
0.349666 0.006685 0.936851
0.349666 0.006685 0.936851
0.962343 0.145332 0.229730
0.733279 0.200987 0.649543
0.995290 0.018531 0.095159
0.962343 0.145332 0.229730
0.349666 0.006685 0.936851
0.349666 0.006685 0.936851
0.639675 0.023647 0.768282
0.995290 0.018531 0.095159
0.639675 0.023647 0.768282
0.349666 0.006685 0.936851
-0.362124 -0.094117 0.927366
-0.362124 -0.094117 0.927366
0.012381 0.000644 0.999923
0.639675 0.023647 0.768282
0.639675 0.023647 0.768282
0.655595 -0.109286 0.747162
0.983150 -0.169367 0.068784
0.983150 -0.169367 0.068784
0.995290 0.018531 0.095159
0.639675 0.023647 0.768282
0.639675 0.023647 0.768282
0.012381 0.000644 0.999923
0.051075 -0.008406 0.998659
0.051075 -0.008406 0.998659
0.655595 -0.109286 0.747162
0.639675 0.023647 0.768282
-0.903181 0.177602 0.390797
-0.969073 -0.022967 0.245702
-0.966007 -0.001396 0.258511
-0.966007 -0.001396 0.258511
-0.903147 0.179175 0.390156
-0.903181 0.177602 0.390797
0.051075 -0.008406 0.998659
0.004974 -0.002708 0.999984
0.595450 -0.228787 0.770128
0.595450 -0.228787 0.770128
0.655595 -0.109286 0.747162
0.051075 -0.008406 0.998659
-0.903181 0.177602 0.390797
-0.903147 0.179175 0.390156
-0.792910 0.309227 0.525045
-0.792910 0.309227 0.525045
-0.790243 0.310500 0.528304
-0.903181 0.177602 0.390797
0.000000 -0.000000 1.000000
0.000000 -0.000000 1.000000
-0.000000 -0.000000 1.000000
-0.792910 0.309227 0.525045
-0.674887 0.450733 0.584267
-0.677977 0.450420 0.580921
-0.677977 0.450420 0.580921
-0.790243 0.310500 0.528304
-0.792910 0.309227 0.525045
0.000000 -0.000000 1.000000
-0.000000 -0.000000 1.000000
0.000000 -0.000000 1.000000
-0.000000 -0.000000 1.000000
0.000000 -0.000000 1.000000
0.000000 -0.000000 1.000000
0.000000 -0.000000 1.000000
0.000000 0.000000 1.000000
-0.000000 -0.000000 1.000000
-0.000000 -0.000000 1.000000
0.000000 -0.000000 1.000000
0.000000 -0.000000 1.000000
0.000000 0.000000 1.000000
0.000000 0.000000 1.000000
-0.000000 -0.000000 1.000000
-0.974308 -0.208443 0.085289
-0.975825 -0.205097 0.075508
-0.919097 -0.382760 0.093572
-0.919097 -0.382760 0.093572
-0.920623 -0.379026 0.093767
-0.974308 -0.208443 0.085289
-0.974308 -0.208443 0.085289
-0.966007 -0.001396 0.258511
-0.969073 -0.022967 0.245702
-0.969073 -0.022967 0.245702
-0.975825 -0.205097 0.075508
-0.974308 -0.208443 0.085289
-0.919097 -0.382760 0.093572
-0.826113 -0.551217 0.117037
-0.827520 -0.550626 0.109644
-0.827520 -0.550626 0.109644
-0.920623 -0.379026 0.093767
-0.919097 -0.382760 0.093572
-0.534644 -0.217485 0.816613
-0.096481 -0.056949 0.993704
-0.159395 -0.132471 0.978287
-0.159395 -0.132471 0.978287
-0.392066 -0.251019 0.885028
-0.534644 -0.217485 0.816613
-0.534644 -0.217485 0.816613
-0.362124 -0.094117 0.927366
0.349666 0.006685 0.936851
0.349666 0.006685 0.936851
-0.096481 -0.056949 0.993704
-0.534644 -0.217485 0.816613
-0.159395 -0.132471 0.978287
-0.090877 -0.080845 0.992575
-0.212497 -0.160438 0.963901
-0.212497 -0.160438 0.963901
-0.392066 -0.251019 0.885028
-0.159395 -0.132471 0.978287
-0.159395 -0.132471 0.978287
0.389632 0.082145 0.917300
0.112738 0.050862 0.992322
0.112738 0.050862 0.992322
-0.090877 -0.080845 0.992575
-0.159395 -0.132471 0.978287
-0.024585 -0.090311 0.995610
-0.090877 -0.080845 0.992575
0.112738 0.050862 0.992322
0.112738 0.050862 0.992322
0.077499 -0.043207 0.996056
-0.024585 -0.090311 0.995610
0.077499 -0.043207 0.996056
0.824866 0.234542 0.514380
0.881205 0.065308 0.468202
0.881205 0.065308 0.468202
0.089756 -0.240692 0.966443
0.077499 -0.043207 0.996056
0.191798 -0.528832 0.826771
0.089756 -0.240692 0.966443
0.881205 0.065308 0.468202
0.881205 0.065308 0.468202
0.928536 -0.121165 0.350914
0.191798 -0.528832 0.826771
0.089756 -0.240692 0.966443
0.191798 -0.528832 0.826771
0.077939 -0.576489 0.813379
0.077939 -0.576489 0.813379
0.027629 -0.247779 0.968422
0.089756 -0.240692 0.966443
0.191798 -0.528832 0.826771
0.289024 -0.754123 0.589715
0.138398 -0.816041 0.561181
0.138398 -0.816041 0.561181
0.077939 -0.576489 0.813379
0.191798 -0.528832 0.826771
0.138398 -0.816041 0.561181
0.289024 -0.754123 0.589715
0.364160 -0.841455 0.399175
0.364160 -0.841455 0.399175
0.201063 -0.926803 0.317189
0.138398 -0.816041 0.561181
0.257899 -0.949996 0.176057
0.201063 -0.926803 0.317189
0.364160 -0.841455 0.399175
0.364160 -0.841455 0.399175
0.422919 -0.872745 0.243837
0.257899 -0.949996 0.176057
0.307687 -0.946152 0.100628
0.257899 -0.949996 0.176057
0.422919 -0.872745 0.243837
0.422919 -0.872745 0.243837
0.443761 -0.884265 0.145437
0.307687 -0.946152 0.100628
0.307687 -0.946152 0.100628
0.204704 -0.976874 0.061747
0.167027 -0.979560 0.112094
0.167027 -0.979560 0.112094
0.257899 -0.949996 0.176057
0.307687 -0.946152 0.100628
0.307687 -0.946152 0.100628
0.336184 -0.939899 0.059754
0.234129 -0.971534 0.036124
0.234129 -0.971534 0.036124
0.204704 -0.976874 0.061747
0.307687 -0.946152 0.100628
0.234129 -0.971534 0.036124
0.128285 -0.991686 0.010078
0.110310 -0.993569 0.025536
0.110310 -0.993569 0.025536
0.204704 -0.976874 0.061747
0.234129 -0.971534 0.036124
0.234129 -0.971534 0.036124
0.253456 -0.967131 0.020429
0.139432 -0.990187 0.009454
0.139432 -0.990187 0.009454
0.128285 -0.991686 0.010078
0.234129 -0.971534 0.036124
0.234129 -0.971534 0.036124
0.336184 -0.939899 0.059754
0.347163 -0.937392 0.027826
0.347163 -0.937392 0.027826
0.253456 -0.967131 0.020429
0.234129 -0.971534 0.036124
0.139432 -0.990187 0.009454
-0.000000 -0.999999 0.001228
0.000000 -1.000000 0.000608
0.000000 -1.000000 0.000608
0.128285 -0.991686 0.010078
0.139432 -0.990187 0.009454
0.139432 -0.990187 0.009454
0.146998 -0.989130 0.003606
-0.000000 -0.999996 0.002714
-0.000000 -0.999996 0.002714
-0.000000 -0.999999 0.001228
0.139432 -0.990187 0.009454
0.139432 -0.990187 0.009454
0.253456 -0.967131 0.020429
0.259182 -0.965814 0.005364
0.259182 -0.965814 0.005364
0.146998 -0.989130 0.003606
0.139432 -0.990187 0.009454
-0.000000 -0.999996 0.002714
0.146998 -0.989130 0.003606
0.148606 -0.988893 -0.002588
0.148606 -0.988893 -0.002588
-0.000000 -1.000000 -0.000470
-0.000000 -0.999996 0.002714
-0.000000 -0.999726 0.023420
0.087189 -0.994871 0.051279
0.110310 -0.993569 0.025536
0.110310 -0.993569 0.025536
-0.000000 -0.999993 0.003667
-0.000000 -0.999726 0.023420
-0.000000 -0.999726 0.023420
-0.000000 -0.984908 0.173079
0.046928 -0.977304 0.206577
0.046928 -0.977304 0.206577
0.087189 -0.994871 0.051279
-0.000000 -0.999726 0.023420
0.046928 -0.977304 0.206577
-0.000000 -0.984908 0.173079
0.000000 -0.851553 0.524268
0.000000 -0.851553 0.524268
0.014253 -0.848213 0.529463
0.046928 -0.977304 0.206577
0.046928 -0.977304 0.206577
0.108496 -0.959587 0.259657
0.167027 -0.979560 0.112094
0.167027 -0.979560 0.112094
0.087189 -0.994871 0.051279
0.046928 -0.977304 0.206577
0.046928 -0.977304 0.206577
0.014253 -0.848213 0.529463
0.058959 -0.838337 0.541954
0.058959 -0.838337 0.541954
0.108496 -0.959587 0.259657
0.046928 -0.977304 0.206577
0.058959 -0.838337 0.541954
0.014253 -0.848213 0.529463
0.004467 -0.587574 0.809158
0.004467 -0.587574 0.809158
0.030359 -0.578598 0.815047
0.058959 -0.838337 0.541954
0.058959 -0.838337 0.541954
0.138398 -0.816041 0.561181
0.201063 -0.926803 0.317189
0.201063 -0.926803 0.317189
0.108496 -0.959587 0.259657
0.058959 -0.838337 0.541954
0.058959 -0.838337 0.541954
0.030359 -0.578598 0.815047
0.077939 -0.576489 0.813379
0.077939 -0.576489 0.813379
0.138398 -0.816041 0.561181
0.058959 -0.838337 0.541954
0.004467 -0.587574 0.809158
0.000000 -0.581823 0.813316
0.000000 -0.348742 0.937219
0.000000 -0.348742 0.937219
0.006353 -0.339311 0.940653
0.004467 -0.587574 0.809158
0.004467 -0.587574 0.809158
0.014253 -0.848213 0.529463
0.000000 -0.851553 0.524268
0.000000 -0.851553 0.524268
0.000000 -0.581823 0.813316
0.004467 -0.587574 0.809158
0.004467 -0.587574 0.809158
0.006353 -0.339311 0.940653
0.005968 -0.289154 0.957264
0.005968 -0.289154 0.957264
0.030359 -0.578598 0.815047
0.004467 -0.587574 0.809158
0.997803 0.066245 -0.000000
0.996769 0.080322 0.000000
0.992816 0.083532 -0.085670
0.992816 0.083532 -0.085670
0.992811 0.067431 -0.098894
0.997803 0.066245 -0.000000
0.973394 0.074033 -0.216848
0.992811 0.067431 -0.098894
0.992816 0.083532 -0.085670
0.992816 0.083532 -0.085670
0.976521 0.094409 -0.193633
0.973394 0.074033 -0.216848
0.938031 0.088151 -0.335153
0.973394 0.074033 -0.216848
0.976521 0.094409 -0.193633
0.976521 0.094409 -0.193633
0.947939 0.115650 -0.296711
0.938031 0.088151 -0.335153
0.947939 0.115650 -0.296711
0.903353 0.136139 -0.406718
0.887121 0.107407 -0.448866
0.887121 0.107407 -0.448866
0.938031 0.088151 -0.335153
0.947939 0.115650 -0.296711
0.947939 0.115650 -0.296711
0.963550 -0.144780 -0.224966
0.946867 -0.096546 -0.306791
0.946867 -0.096546 -0.306791
0.903353 0.136139 -0.406718
0.947939 0.115650 -0.296711
0.947939 0.115650 -0.296711
0.976521 0.094409 -0.193633
0.975738 -0.157712 -0.151862
0.975738 -0.157712 -0.151862
0.963550 -0.144780 -0.224966
0.947939 0.115650 -0.296711
0.946867 -0.096546 -0.306791
0.903249 -0.067856 -0.423717
0.851835 0.160771 -0.498527
0.851835 0.160771 -0.498527
0.903353 0.136139 -0.406718
0.946867 -0.096546 -0.306791
0.946867 -0.096546 -0.306791
0.793381 -0.608688 -0.006667
0.818646 -0.572842 -0.040877
0.818646 -0.572842 -0.040877
0.903249 -0.067856 -0.423717
0.946867 -0.096546 -0.306791
0.946867 -0.096546 -0.306791
0.963550 -0.144780 -0.224966
0.776628 -0.628846 -0.037445
0.776628 -0.628846 -0.037445
0.793381 -0.608688 -0.006667
0.946867 -0.096546 -0.306791
0.903353 0.136139 -0.406718
0.851835 0.160771 -0.498527
0.819262 0.135899 -0.557083
0.819262 0.135899 -0.557083
0.887121 0.107407 -0.448866
0.903353 0.136139 -0.406718
0.819262 0.135899 -0.557083
0.851835 0.160771 -0.498527
0.719195 0.176831 -0.671929
0.719195 0.176831 -0.671929
0.688876 0.154667 -0.708187
0.819262 0.135899 -0.557083
0.463152 0.184034 -0.866961
0.688876 0.154667 -0.708187
0.719195 0.176831 -0.671929
0.719195 0.176831 -0.671929
0.475904 0.221570 -0.851130
0.463152 0.184034 -0.866961
0.475904 0.221570 -0.851130
0.719195 0.176831 -0.671929
0.831792 0.105896 -0.544893
0.831792 0.105896 -0.544893
0.477902 0.255572 -0.840412
0.475904 0.221570 -0.851130
0.456028 0.285520 -0.842922
0.477902 0.255572 -0.840412
0.831792 0.105896 -0.544893
0.831792 0.105896 -0.544893
0.795505 0.214040 -0.566885
0.456028 0.285520 -0.842922
0.434650 0.297018 -0.850212
0.456028 0.285520 -0.842922
0.795505 0.214040 -0.566885
0.795505 0.214040 -0.566885
0.774455 0.269193 -0.572499
0.434650 0.297018 -0.850212
0.418164 0.310804 -0.853545
0.434650 0.297018 -0.850212
0.774455 0.269193 -0.572499
0.774455 0.269193 -0.572499
0.750533 0.305037 -0.586219
0.418164 0.310804 -0.853545
0.418164 0.310804 -0.853545
0.154686 0.263565 -0.952159
0.160598 0.255792 -0.953299
0.160598 0.255792 -0.953299
0.434650 0.297018 -0.850212
0.418164 0.310804 -0.853545
0.418164 0.310804 -0.853545
0.412137 0.322754 -0.852040
0.156136 0.269303 -0.950314
0.156136 0.269303 -0.950314
0.154686 0.263565 -0.952159
0.418164 0.310804 -0.853545
0.412137 0.322754 -0.852040
0.426153 0.318728 -0.846644
0.164755 0.278315 -0.946254
0.164755 0.278315 -0.946254
0.156136 0.269303 -0.950314
0.412137 0.322754 -0.852040
0.164755 0.278315 -0.946254
0.426153 0.318728 -0.846644
0.460747 0.348126 -0.816407
0.460747 0.348126 -0.816407
0.175870 0.290303 -0.940635
0.164755 0.278315 -0.946254
0.426153 0.318728 -0.846644
0.761501 0.335435 -0.554616
0.801957 0.361742 -0.475402
0.801957 0.361742 -0.475402
0.460747 0.348126 -0.816407
0.426153 0.318728 -0.846644
0.532970 0.359635 -0.765902
0.460747 0.348126 -0.816407
0.801957 0.361742 -0.475402
0.801957 0.361742 -0.475402
0.863036 0.354647 -0.359715
0.532970 0.359635 -0.765902
0.863036 0.354647 -0.359715
0.897595 0.303457 -0.319744
0.662604 0.332427 -0.671155
0.662604 0.332427 -0.671155
0.532970 0.359635 -0.765902
0.863036 0.354647 -0.359715
0.863036 0.354647 -0.359715
0.905559 0.284532 0.314651
0.960810 0.273048 0.047850
0.960810 0.273048 0.047850
0.897595 0.303457 -0.319744
0.863036 0.354647 -0.359715
0.944611 0.177495 -0.276053
0.897595 0.303457 -0.319744
0.960810 0.273048 0.047850
0.960810 0.273048 0.047850
0.980154 0.170025 -0.101928
0.944611 0.177495 -0.276053
0.980154 0.170025 -0.101928
0.993172 0.010744 -0.116166
0.978015 0.023822 -0.207172
0.978015 0.023822 -0.207172
0.944611 0.177495 -0.276053
0.980154 0.170025 -0.101928
0.980154 0.170025 -0.101928
0.962343 0.145332 0.229730
0.995290 0.018531 0.095159
0.995290 0.018531 0.095159
0.993172 0.010744 -0.116166
0.980154 0.170025 -0.101928
0.974162 -0.165577 -0.153597
0.993172 0.010744 -0.116166
0.995290 0.018531 0.095159
0.995290 0.018531 0.095159
0.983150 -0.169367 0.068784
0.974162 -0.165577 -0.153597
0.983150 -0.169367 0.068784
0.930362 -0.358816 0.075349
0.920168 -0.359422 -0.155263
0.920168 -0.359422 -0.155263
0.974162 -0.165577 -0.153597
0.983150 -0.169367 0.068784
0.983150 -0.169367 0.068784
0.655595 -0.109286 0.747162
0.595450 -0.228787 0.770128
0.595450 -0.228787 0.770128
0.930362 -0.358816 0.075349
0.983150 -0.169367 0.068784
0.834472 -0.544584 0.084174
0.930362 -0.358816 0.075349
0.595450 -0.228787 0.770128
0.595450 -0.228787 0.770128
0.537966 -0.352260 0.765836
0.834472 -0.544584 0.084174
0.537966 -0.352260 0.765836
0.595450 -0.228787 0.770128
0.004974 -0.002708 0.999984
0.004974 -0.002708 0.999984
0.017519 -0.011471 0.999781
0.537966 -0.352260 0.765836
0.537966 -0.352260 0.765836
0.428158 -0.423828 0.798155
0.702946 -0.704789 0.095601
0.702946 -0.704789 0.095601
0.834472 -0.544584 0.084174
0.537966 -0.352260 0.765836
0.537966 -0.352260 0.765836
0.017519 -0.011471 0.999781
-0.036548 0.044398 0.998345
-0.036548 0.044398 0.998345
0.428158 -0.423828 0.798155
0.537966 -0.352260 0.765836
-0.571638 0.569666 0.590517
-0.677977 0.450420 0.580921
-0.674887 0.450733 0.584267
-0.674887 0.450733 0.584267
-0.570004 0.571738 0.590094
-0.571638 0.569666 0.590517
-0.036548 0.044398 0.998345
-0.060636 0.090750 0.994026
0.318682 -0.486621 0.813414
0.318682 -0.486621 0.813414
0.428158 -0.423828 0.798155
-0.036548 0.044398 0.998345
-0.571638 0.569666 0.590517
-0.570004 0.571738 0.590094
-0.450358 0.643355 0.619090
-0.450358 0.643355 0.619090
-0.417100 0.654858 0.630229
-0.571638 0.569666 0.590517
0.000000 -0.000000 1.000000
0.000000 -0.000000 1.000000
-0.000000 -0.000000 1.000000
-0.450358 0.643355 0.619090
-0.273231 0.729824 0.626659
-0.271480 0.729914 0.627315
-0.271480 0.729914 0.627315
-0.417100 0.654858 0.630229
-0.450358 0.643355 0.619090
0.000000 -0.000000 1.000000
-0.000000 -0.000000 1.000000
0.000000 -0.000000 1.000000
-0.000000 -0.000000 1.000000
0.000000 -0.000000 1.000000
0.000000 -0.000000 1.000000
0.000000 0.000000 1.000000
0.000000 0.000000 1.000000
-0.000000 -0.000000 1.000000
-0.000000 -0.000000 1.000000
0.000000 0.000000 1.000000
0.000000 0.000000 1.000000
0.000000 0.000000 1.000000
0.000000 0.000000 1.000000
-0.000000 -0.000000 1.000000
-0.701458 -0.658824 0.271858
-0.679457 -0.677455 0.281768
-0.514090 -0.773833 0.369992
-0.514090 -0.773833 0.369992
-0.515900 -0.771482 0.372374
-0.701458 -0.658824 0.271858
-0.701458 -0.658824 0.271858
-0.827520 -0.550626 0.109644
-0.826113 -0.551217 0.117037
-0.826113 -0.551217 0.117037
-0.679457 -0.677455 0.281768
-0.701458 -0.658824 0.271858
0.000000 0.000000 1.000000
0.000000 0.000000 1.000000
-0.000000 -0.000000 1.000000
0.000000 0.000000 1.000000
0.000000 0.000000 1.000000
-0.000000 -0.000000 1.000000
-0.352862 -0.865446 0.355656
-0.349277 -0.864823 0.360676
-0.179233 -0.942520 0.282012
-0.179233 -0.942520 0.282012
-0.192777 -0.940705 0.279126
-0.352862 -0.865446 0.355656
-0.179233 -0.942520 0.282012
0.000000 -0.973511 0.228640
-0.000000 -0.972158 0.234325
-0.000000 -0.972158 0.234325
-0.192777 -0.940705 0.279126
-0.179233 -0.942520 0.282012
-0.033264 -0.412748 0.910238
-0.011616 -0.324882 0.945683
-0.000000 -0.401209 0.915986
-0.000000 -0.401209 0.915986
0.000000 -0.558315 0.829629
-0.033264 -0.412748 0.910238
-0.033264 -0.412748 0.910238
-0.047696 -0.172834 0.983796
-0.034499 -0.176905 0.983623
-0.034499 -0.176905 0.983623
-0.011616 -0.324882 0.945683
-0.033264 -0.412748 0.910238
-0.011616 -0.324882 0.945683
0.006353 -0.339311 0.940653
0.000000 -0.348742 0.937219
0.000000 -0.348742 0.937219
-0.000000 -0.401209 0.915986
-0.011616 -0.324882 0.945683
-0.011616 -0.324882 0.945683
-0.034499 -0.176905 0.983623
0.005968 -0.289154 0.957264
0.005968 -0.289154 0.957264
0.006353 -0.339311 0.940653
-0.011616 -0.324882 0.945683
0.000000 0.244997 -0.969524
-0.000000 0.240871 -0.970557
0.154686 0.263565 -0.952159
0.154686 0.263565 -0.952159
0.156136 0.269303 -0.950314
0.000000 0.244997 -0.969524
0.000000 0.244997 -0.969524
0.156136 0.269303 -0.950314
0.164755 0.278315 -0.946254
0.164755 0.278315 -0.946254
0.000000 0.302445 -0.953167
0.000000 0.244997 -0.969524
0.164755 0.278315 -0.946254
0.175870 0.290303 -0.940635
0.000000 0.280852 -0.959751
0.000000 0.280852 -0.959751
0.000000 0.302445 -0.953167
0.164755 0.278315 -0.946254
0.154686 0.263565 -0.952159
-0.000000 0.240871 -0.970557
-0.000000 0.238641 -0.971108
-0.000000 0.238641 -0.971108
0.160598 0.255792 -0.953299
0.154686 0.263565 -0.952159
0.160598 0.255792 -0.953299
0.168650 0.246535 -0.954347
0.456028 0.285520 -0.842922
0.456028 0.285520 -0.842922
0.434650 0.297018 -0.850212
0.160598 0.255792 -0.953299
0.160598 0.255792 -0.953299
-0.000000 0.238641 -0.971108
-0.000000 0.233747 -0.972297
-0.000000 0.233747 -0.972297
0.168650 0.246535 -0.954347
0.160598 0.255792 -0.953299
-0.000000 0.233747 -0.972297
-0.000000 0.223952 -0.974600
0.176379 0.233255 -0.956286
0.176379 0.233255 -0.956286
0.168650 0.246535 -0.954347
-0.000000 0.233747 -0.972297
0.992855 0.045541 -0.110297
0.999056 0.043431 -0.000000
0.997803 0.066245 -0.000000
0.997803 0.066245 -0.000000
0.992811 0.067431 -0.098894
0.992855 0.045541 -0.110297
0.970296 0.052030 -0.236258
0.992855 0.045541 -0.110297
0.992811 0.067431 -0.098894
0.992811 0.067431 -0.098894
0.973394 0.074033 -0.216848
0.970296 0.052030 -0.236258
0.929717 0.063473 -0.362765
0.970296 0.052030 -0.236258
0.973394 0.074033 -0.216848
0.973394 0.074033 -0.216848
0.938031 0.088151 -0.335153
0.929717 0.063473 -0.362765
0.872167 0.078911 -0.482802
0.929717 0.063473 -0.362765
0.938031 0.088151 -0.335153
0.938031 0.088151 -0.335153
0.887121 0.107407 -0.448866
0.872167 0.078911 -0.482802
0.793347 0.095333 -0.601259
0.872167 0.078911 -0.482802
0.887121 0.107407 -0.448866
0.887121 0.107407 -0.448866
0.819262 0.135899 -0.557083
0.793347 0.095333 -0.601259
0.665168 0.111492 -0.738323
0.793347 0.095333 -0.601259
0.819262 0.135899 -0.557083
0.819262 0.135899 -0.557083
0.688876 0.154667 -0.708187
0.665168 0.111492 -0.738323
0.446831 0.137960 -0.883917
0.665168 0.111492 -0.738323
0.688876 0.154667 -0.708187
0.688876 0.154667 -0.708187
0.463152 0.184034 -0.866961
0.446831 0.137960 -0.883917
0.463152 0.184034 -0.866961
0.186514 0.180852 -0.965663
0.187694 0.138851 -0.972364
0.187694 0.138851 -0.972364
0.446831 0.137960 -0.883917
0.463152 0.184034 -0.866961
0.186514 0.180852 -0.965663
0.463152 0.184034 -0.866961
0.475904 0.221570 -0.851130
0.475904 0.221570 -0.851130
0.181269 0.212000 -0.960311
0.186514 0.180852 -0.965663
0.176379 0.233255 -0.956286
0.181269 0.212000 -0.960311
0.475904 0.221570 -0.851130
0.475904 0.221570 -0.851130
0.477902 0.255572 -0.840412
0.176379 0.233255 -0.956286
0.168650 0.246535 -0.954347
0.176379 0.233255 -0.956286
0.477902 0.255572 -0.840412
0.477902 0.255572 -0.840412
0.456028 0.285520 -0.842922
0.168650 0.246535 -0.954347
0.181269 0.212000 -0.960311
-0.000000 0.207066 -0.978327
-0.000000 0.177908 -0.984047
-0.000000 0.177908 -0.984047
0.186514 0.180852 -0.965663
0.181269 0.212000 -0.960311
0.181269 0.212000 -0.960311
0.176379 0.233255 -0.956286
-0.000000 0.223952 -0.974600
-0.000000 0.223952 -0.974600
-0.000000 0.207066 -0.978327
0.181269 0.212000 -0.960311
0.992069 0.022422 -0.123681
0.999788 0.020585 0.000000
0.999056 0.043431 -0.000000
0.999056 0.043431 -0.000000
0.992855 0.045541 -0.110297
0.992069 0.022422 -0.123681
0.966560 0.028201 -0.254886
0.992069 0.022422 -0.123681
0.992855 0.045541 -0.110297
0.992855 0.045541 -0.110297
0.970296 0.052030 -0.236258
0.966560 0.028201 -0.254886
0.921064 0.036879 -0.387660
0.966560 0.028201 -0.254886
0.970296 0.052030 -0.236258
0.970296 0.052030 -0.236258
0.929717 0.063473 -0.362765
0.921064 0.036879 -0.387660
0.856800 0.048638 -0.513349
0.921064 0.036879 -0.387660
0.929717 0.063473 -0.362765
0.929717 0.063473 -0.362765
0.872167 0.078911 -0.482802
0.856800 0.048638 -0.513349
0.770851 0.061685 -0.634022
0.856800 0.048638 -0.513349
0.872167 0.078911 -0.482802
0.872167 0.078911 -0.482802
0.793347 0.095333 -0.601259
0.770851 0.061685 -0.634022
0.636572 0.072541 -0.767798
0.770851 0.061685 -0.634022
0.793347 0.095333 -0.601259
0.793347 0.095333 -0.601259
0.665168 0.111492 -0.738323
0.636572 0.072541 -0.767798
0.421080 0.092812 -0.902263
0.636572 0.072541 -0.767798
0.665168 0.111492 -0.738323
0.665168 0.111492 -0.738323
0.446831 0.137960 -0.883917
0.421080 0.092812 -0.902263
0.181117 0.097507 -0.978616
0.421080 0.092812 -0.902263
0.446831 0.137960 -0.883917
0.446831 0.137960 -0.883917
0.187694 0.138851 -0.972364
0.181117 0.097507 -0.978616
-0.000000 0.136102 -0.990695
0.187694 0.138851 -0.972364
0.186514 0.180852 -0.965663
0.186514 0.180852 -0.965663
-0.000000 0.177908 -0.984047
-0.000000 0.136102 -0.990695
0.990923 0.004344 -0.134363
0.999993 0.003798 0.000000
0.999788 0.020585 0.000000
0.999788 0.020585 0.000000
0.992069 0.022422 -0.123681
0.990923 0.004344 -0.134363
0.962031 0.008918 -0.272795
0.990923 0.004344 -0.134363
0.992069 0.022422 -0.123681
0.992069 0.022422 -0.123681
0.966560 0.028201 -0.254886
0.962031 0.008918 -0.272795
0.911695 0.015117 -0.410590
0.962031 0.008918 -0.272795
0.966560 0.028201 -0.254886
0.966560 0.028201 -0.254886
0.921064 0.036879 -0.387660
0.911695 0.015117 -0.410590
0.840839 0.023928 -0.540757
0.911695 0.015117 -0.410590
0.921064 0.036879 -0.387660
0.921064 0.036879 -0.387660
0.856800 0.048638 -0.513349
0.840839 0.023928 -0.540757
0.747665 0.032181 -0.663296
0.840839 0.023928 -0.540757
0.856800 0.048638 -0.513349
0.856800 0.048638 -0.513349
0.770851 0.061685 -0.634022
0.747665 0.032181 -0.663296
0.606479 0.036862 -0.794245
0.747665 0.032181 -0.663296
0.770851 0.061685 -0.634022
0.770851 0.061685 -0.634022
0.636572 0.072541 -0.767798
0.606479 0.036862 -0.794245
0.386159 0.054143 -0.920842
0.606479 0.036862 -0.794245
0.636572 0.072541 -0.767798
0.636572 0.072541 -0.767798
0.421080 0.092812 -0.902263
0.386159 0.054143 -0.920842
0.152630 0.060355 -0.986439
0.386159 0.054143 -0.920842
0.421080 0.092812 -0.902263
0.421080 0.092812 -0.902263
0.181117 0.097507 -0.978616
0.152630 0.060355 -0.986439
0.181117 0.097507 -0.978616
-0.000000 0.091473 -0.995808
-0.000000 0.048339 -0.998831
-0.000000 0.048339 -0.998831
0.152630 0.060355 -0.986439
0.181117 0.097507 -0.978616
-0.000000 0.091473 -0.995808
0.181117 0.097507 -0.978616
0.187694 0.138851 -0.972364
0.187694 0.138851 -0.972364
-0.000000 0.136102 -0.990695
-0.000000 0.091473 -0.995808
0.989229 0.024033 -0.144392
0.999732 0.023160 0.000000
0.999993 0.003798 0.000000
0.999993 0.003798 0.000000
0.990923 0.004344 -0.134363
0.989229 0.024033 -0.144392
0.957821 0.024919 -0.286283
0.989229 0.024033 -0.144392
0.990923 0.004344 -0.134363
0.990923 0.004344 -0.134363
0.962031 0.008918 -0.272795
0.957821 0.024919 -0.286283
0.902582 0.028396 -0.429580
0.957821 0.024919 -0.286283
0.962031 0.008918 -0.272795
0.962031 0.008918 -0.272795
0.911695 0.015117 -0.410590
0.902582 0.028396 -0.429580
0.828801 0.033872 -0.558517
0.902582 0.028396 -0.429580
0.911695 0.015117 -0.410590
0.911695 0.015117 -0.410590
0.840839 0.023928 -0.540757
0.828801 0.033872 -0.558517
0.726779 0.038985 -0.685764
0.828801 0.033872 -0.558517
0.840839 0.023928 -0.540757
0.840839 0.023928 -0.540757
0.747665 0.032181 -0.663296
0.726779 0.038985 -0.685764
0.586161 0.038941 -0.809258
0.726779 0.038985 -0.685764
0.747665 0.032181 -0.663296
0.747665 0.032181 -0.663296
0.606479 0.036862 -0.794245
0.586161 0.038941 -0.809258
0.347683 0.044997 -0.936532
0.586161 0.038941 -0.809258
0.606479 0.036862 -0.794245
0.606479 0.036862 -0.794245
0.386159 0.054143 -0.920842
0.347683 0.044997 -0.936532
0.116455 0.056143 -0.991608
0.347683 0.044997 -0.936532
0.386159 0.054143 -0.920842
0.386159 0.054143 -0.920842
0.152630 0.060355 -0.986439
0.116455 0.056143 -0.991608
0.323639 0.037992 -0.945418
0.347683 0.044997 -0.936532
0.116455 0.056143 -0.991608
0.116455 0.056143 -0.991608
0.120978 0.035138 -0.992033
0.323639 0.037992 -0.945418
0.556866 0.031507 -0.830004
0.586161 0.038941 -0.809258
0.347683 0.044997 -0.936532
0.347683 0.044997 -0.936532
0.323639 0.037992 -0.945418
0.556866 0.031507 -0.830004
0.556866 0.031507 -0.830004
0.704797 0.029945 -0.708777
0.726779 0.038985 -0.685764
0.726779 0.038985 -0.685764
0.586161 0.038941 -0.809258
0.556866 0.031507 -0.830004
0.726779 0.038985 -0.685764
0.704797 0.029945 -0.708777
0.814124 0.029617 -0.579936
0.814124 0.029617 -0.579936
0.828801 0.033872 -0.558517
0.726779 0.038985 -0.685764
0.814124 0.029617 -0.579936
0.894343 0.026199 -0.446613
0.902582 0.028396 -0.429580
0.902582 0.028396 -0.429580
0.828801 0.033872 -0.558517
0.814124 0.029617 -0.579936
0.902582 0.028396 -0.429580
0.894343 0.026199 -0.446613
0.954033 0.026702 -0.298508
0.954033 0.026702 -0.298508
0.957821 0.024919 -0.286283
0.902582 0.028396 -0.429580
0.954033 0.026702 -0.298508
0.988038 0.026305 -0.151948
0.989229 0.024033 -0.144392
0.989229 0.024033 -0.144392
0.957821 0.024919 -0.286283
0.954033 0.026702 -0.298508
0.989229 0.024033 -0.144392
0.988038 0.026305 -0.151948
0.999640 0.026830 0.000000
0.999640 0.026830 0.000000
0.999732 0.023160 0.000000
0.989229 0.024033 -0.144392
0.408121 0.157257 -0.899282
0.271040 0.256817 -0.927676
0.662604 0.332427 -0.671155
0.662604 0.332427 -0.671155
0.784343 0.192977 -0.589548
0.408121 0.157257 -0.899282
0.408121 0.157257 -0.899282
0.784343 0.192977 -0.589548
0.840178 0.040460 -0.540799
0.840178 0.040460 -0.540799
0.422062 0.021727 -0.906307
0.408121 0.157257 -0.899282
0.410205 -0.082309 -0.908272
0.422062 0.021727 -0.906307
0.840178 0.040460 -0.540799
0.840178 0.040460 -0.540799
0.818945 -0.160835 -0.550874
0.410205 -0.082309 -0.908272
0.818945 -0.160835 -0.550874
0.840178 0.040460 -0.540799
0.978015 0.023822 -0.207172
0.978015 0.023822 -0.207172
0.957666 -0.171105 -0.231516
0.818945 -0.160835 -0.550874
0.818945 -0.160835 -0.550874
0.749290 -0.322822 -0.578231
0.392060 -0.165702 -0.904893
0.392060 -0.165702 -0.904893
0.410205 -0.082309 -0.908272
0.818945 -0.160835 -0.550874
0.818945 -0.160835 -0.550874
0.957666 -0.171105 -0.231516
0.893146 -0.359229 -0.270636
0.893146 -0.359229 -0.270636
0.749290 -0.322822 -0.578231
0.818945 -0.160835 -0.550874
0.672985 -0.448976 -0.587802
0.749290 -0.322822 -0.578231
0.893146 -0.359229 -0.270636
0.893146 -0.359229 -0.270636
0.798835 -0.527189 -0.289715
0.672985 -0.448976 -0.587802
0.798835 -0.527189 -0.289715
0.893146 -0.359229 -0.270636
0.920168 -0.359422 -0.155263
0.920168 -0.359422 -0.155263
0.825112 -0.545420 -0.147335
0.798835 -0.527189 -0.289715
0.798835 -0.527189 -0.289715
0.676707 -0.676089 -0.291500
0.570317 -0.570364 -0.591120
0.570317 -0.570364 -0.591120
0.672985 -0.448976 -0.587802
0.798835 -0.527189 -0.289715
0.798835 -0.527189 -0.289715
0.825112 -0.545420 -0.147335
0.697675 -0.702276 -0.141626
0.697675 -0.702276 -0.141626
0.676707 -0.676089 -0.291500
0.798835 -0.527189 -0.289715
0.531256 -0.797808 -0.285078
0.676707 -0.676089 -0.291500
0.697675 -0.702276 -0.141626
0.697675 -0.702276 -0.141626
0.546905 -0.824358 -0.146048
0.531256 -0.797808 -0.285078
0.546905 -0.824358 -0.146048
0.697675 -0.702276 -0.141626
0.702946 -0.704789 0.095601
0.702946 -0.704789 0.095601
0.546394 -0.832982 0.087141
0.546905 -0.824358 -0.146048
0.546905 -0.824358 -0.146048
0.376880 -0.914930 -0.144450
0.354076 -0.886443 -0.298074
0.354076 -0.886443 -0.298074
0.531256 -0.797808 -0.285078
0.546905 -0.824358 -0.146048
0.546905 -0.824358 -0.146048
0.546394 -0.832982 0.087141
0.367564 -0.923366 0.110870
0.367564 -0.923366 0.110870
0.376880 -0.914930 -0.144450
0.546905 -0.824358 -0.146048
0.191158 -0.978539 -0.076939
0.376880 -0.914930 -0.144450
0.367564 -0.923366 0.110870
0.367564 -0.923366 0.110870
0.194087 -0.961383 0.195122
0.191158 -0.978539 -0.076939
0.194087 -0.961383 0.195122
0.367564 -0.923366 0.110870
0.209725 -0.527995 0.822944
0.209725 -0.527995 0.822944
0.121647 -0.560189 0.819384
0.194087 -0.961383 0.195122
0.194087 -0.961383 0.195122
-0.000000 -0.997460 0.071229
0.000000 -0.990094 -0.140408
0.000000 -0.990094 -0.140408
0.191158 -0.978539 -0.076939
0.194087 -0.961383 0.195122
0.194087 -0.961383 0.195122
0.121647 -0.560189 0.819384
-0.000000 -0.645045 0.764145
-0.000000 -0.645045 0.764145
-0.000000 -0.997460 0.071229
0.194087 -0.961383 0.195122
0.392060 -0.165702 -0.904893
0.749290 -0.322822 -0.578231
0.672985 -0.448976 -0.587802
0.672985 -0.448976 -0.587802
0.357820 -0.239068 -0.902669
0.392060 -0.165702 -0.904893
0.305079 -0.305979 -0.901834
0.357820 -0.239068 -0.902669
0.672985 -0.448976 -0.587802
0.672985 -0.448976 -0.587802
0.570317 -0.570364 -0.591120
0.305079 -0.305979 -0.901834
0.570317 -0.570364 -0.591120
0.448888 -0.667311 -0.594302
0.240342 -0.358702 -0.901980
0.240342 -0.358702 -0.901980
0.305079 -0.305979 -0.901834
0.570317 -0.570364 -0.591120
0.570317 -0.570364 -0.591120
0.676707 -0.676089 -0.291500
0.531256 -0.797808 -0.285078
0.531256 -0.797808 -0.285078
0.448888 -0.667311 -0.594302
0.570317 -0.570364 -0.591120
0.278202 -0.758263 -0.589610
0.448888 -0.667311 -0.594302
0.531256 -0.797808 -0.285078
0.531256 -0.797808 -0.285078
0.354076 -0.886443 -0.298074
0.278202 -0.758263 -0.589610
0.354076 -0.886443 -0.298074
0.183135 -0.918110 -0.351476
0.144296 -0.757914 -0.636196
0.144296 -0.757914 -0.636196
0.278202 -0.758263 -0.589610
0.354076 -0.886443 -0.298074
0.354076 -0.886443 -0.298074
0.376880 -0.914930 -0.144450
0.191158 -0.978539 -0.076939
0.191158 -0.978539 -0.076939
0.183135 -0.918110 -0.351476
0.354076 -0.886443 -0.298074
0.000000 -0.945414 -0.325870
0.183135 -0.918110 -0.351476
0.191158 -0.978539 -0.076939
0.191158 -0.978539 -0.076939
0.000000 -0.990094 -0.140408
0.000000 -0.945414 -0.325870
0.240342 -0.358702 -0.901980
0.448888 -0.667311 -0.594302
0.278202 -0.758263 -0.589610
0.278202 -0.758263 -0.589610
0.149855 -0.409489 -0.899924
0.240342 -0.358702 -0.901980
0.079715 -0.421808 -0.903174
0.149855 -0.409489 -0.899924
0.278202 -0.758263 -0.589610
0.278202 -0.758263 -0.589610
0.144296 -0.757914 -0.636196
0.079715 -0.421808 -0.903174
0.079715 -0.421808 -0.903174
0.144296 -0.757914 -0.636196
-0.000000 -0.797110 -0.603834
-0.000000 -0.797110 -0.603834
-0.000000 -0.448089 -0.893989
0.079715 -0.421808 -0.903174
0.144296 -0.757914 -0.636196
0.183135 -0.918110 -0.351476
0.000000 -0.945414 -0.325870
0.000000 -0.945414 -0.325870
-0.000000 -0.797110 -0.603834
0.144296 -0.757914 -0.636196
-0.000000 -0.000000 1.000000
0.000000 -0.000000 1.000000
-0.000000 -0.000000 1.000000
0.000000 0.727720 0.685875
0.000000 0.721778 0.692125
-0.147518 0.753958 0.640145
-0.147518 0.753958 0.640145
-0.147093 0.756564 0.637161
0.000000 0.727720 0.685875
-0.147518 0.753958 0.640145
-0.271480 0.729914 0.627315
-0.273231 0.729824 0.626659
-0.273231 0.729824 0.626659
-0.147093 0.756564 0.637161
-0.147518 0.753958 0.640145
-0.000490 0.002983 0.999995
0.121647 -0.560189 0.819384
0.209725 -0.527995 0.822944
0.209725 -0.527995 0.822944
-0.041955 0.127551 0.990944
-0.000490 0.002983 0.999995
-0.000490 0.002983 0.999995
0.000000 0.000000 1.000000
-0.000000 -0.645045 0.764145
-0.000000 -0.645045 0.764145
0.121647 -0.560189 0.819384
-0.000490 0.002983 0.999995
0.209725 -0.527995 0.822944
0.318682 -0.486621 0.813414
-0.060636 0.090750 0.994026
-0.060636 0.090750 0.994026
-0.041955 0.127551 0.990944
0.209725 -0.527995 0.822944
0.209725 -0.527995 0.822944
0.367564 -0.923366 0.110870
0.546394 -0.832982 0.087141
0.546394 -0.832982 0.087141
0.318682 -0.486621 0.813414
0.209725 -0.527995 0.822944
0.428158 -0.423828 0.798155
0.318682 -0.486621 0.813414
0.546394 -0.832982 0.087141
0.546394 -0.832982 0.087141
0.702946 -0.704789 0.095601
0.428158 -0.423828 0.798155
0.702946 -0.704789 0.095601
0.697675 -0.702276 -0.141626
0.825112 -0.545420 -0.147335
0.825112 -0.545420 -0.147335
0.834472 -0.544584 0.084174
0.702946 -0.704789 0.095601
0.930362 -0.358816 0.075349
0.834472 -0.544584 0.084174
0.825112 -0.545420 -0.147335
0.825112 -0.545420 -0.147335
0.920168 -0.359422 -0.155263
0.930362 -0.358816 0.075349
0.920168 -0.359422 -0.155263
0.893146 -0.359229 -0.270636
0.957666 -0.171105 -0.231516
0.957666 -0.171105 -0.231516
0.974162 -0.165577 -0.153597
0.920168 -0.359422 -0.155263
0.993172 0.010744 -0.116166
0.974162 -0.165577 -0.153597
0.957666 -0.171105 -0.231516
0.957666 -0.171105 -0.231516
0.978015 0.023822 -0.207172
0.993172 0.010744 -0.116166
0.978015 0.023822 -0.207172
0.840178 0.040460 -0.540799
0.784343 0.192977 -0.589548
0.784343 0.192977 -0.589548
0.944611 0.177495 -0.276053
0.978015 0.023822 -0.207172
0.897595 0.303457 -0.319744
0.944611 0.177495 -0.276053
0.784343 0.192977 -0.589548
0.784343 0.192977 -0.589548
0.662604 0.332427 -0.671155
0.897595 0.303457 -0.319744
-0.000000 -0.000000 1.000000
0.000000 0.000000 1.000000
-0.000000 0.000000 1.000000
0.030359 -0.578598 0.815047
0.005968 -0.289154 0.957264
0.027629 -0.247779 0.968422
0.027629 -0.247779 0.968422
0.077939 -0.576489 0.813379
0.030359 -0.578598 0.815047
0.108496 -0.959587 0.259657
0.201063 -0.926803 0.317189
0.257899 -0.949996 0.176057
0.257899 -0.949996 0.176057
0.167027 -0.979560 0.112094
0.108496 -0.959587 0.259657
0.087189 -0.994871 0.051279
0.167027 -0.979560 0.112094
0.204704 -0.976874 0.061747
0.204704 -0.976874 0.061747
0.110310 -0.993569 0.025536
0.087189 -0.994871 0.051279
-0.000000 -0.999993 0.003667
0.110310 -0.993569 0.025536
0.128285 -0.991686 0.010078
0.128285 -0.991686 0.010078
0.000000 -1.000000 0.000608
-0.000000 -0.999993 0.003667
-0.515900 -0.771482 0.372374
-0.514090 -0.773833 0.369992
-0.349277 -0.864823 0.360676
-0.349277 -0.864823 0.360676
-0.352862 -0.865446 0.355656
-0.515900 -0.771482 0.372374
-0.007769 0.045545 -0.998932
-0.039574 0.000000 -0.999217
0.119643 0.000000 -0.992817
0.119643 0.000000 -0.992817
0.120978 0.035138 -0.992033
-0.007769 0.045545 -0.998932
0.120978 0.035138 -0.992033
0.119643 0.000000 -0.992817
0.329281 0.000000 -0.944232
0.329281 0.000000 -0.944232
0.323639 0.037992 -0.945418
0.120978 0.035138 -0.992033
0.323639 0.037992 -0.945418
0.329281 0.000000 -0.944232
0.554295 0.000000 -0.832320
0.554295 0.000000 -0.832320
0.556866 0.031507 -0.830004
0.323639 0.037992 -0.945418
0.556866 0.031507 -0.830004
0.554295 0.000000 -0.832320
0.707672 0.000000 -0.706541
0.707672 0.000000 -0.706541
0.704797 0.029945 -0.708777
0.556866 0.031507 -0.830004
0.704797 0.029945 -0.708777
0.707672 0.000000 -0.706541
0.812714 0.000000 -0.582663
0.812714 0.000000 -0.582663
0.814124 0.029617 -0.579936
0.704797 0.029945 -0.708777
0.814124 0.029617 -0.579936
0.812714 0.000000 -0.582663
0.895576 0.000000 -0.444908
0.895576 0.000000 -0.444908
0.894343 0.026199 -0.446613
0.814124 0.029617 -0.579936
0.894343 0.026199 -0.446613
0.895576 0.000000 -0.444908
0.954048 0.000000 -0.299654
0.954048 0.000000 -0.299654
0.954033 0.026702 -0.298508
0.894343 0.026199 -0.446613
0.954033 0.026702 -0.298508
0.954048 0.000000 -0.299654
0.988534 0.000000 -0.151000
0.988534 0.000000 -0.151000
0.988038 0.026305 -0.151948
0.954033 0.026702 -0.298508
0.988038 0.026305 -0.151948
0.988534 0.000000 -0.151000
1.000000 0.000000 0.000000
1.000000 0.000000 0.000000
0.999640 0.026830 0.000000
0.988038 0.026305 -0.151948
-0.000000 1.000000 -0.000002
-0.000000 1.000000 -0.000002
0.000000 1.000000 -0.000002
0.000000 1.000000 -0.000002
0.000000 1.000000 -0.000002
-0.000000 1.000000 -0.000002
0.000000 1.000000 -0.000002
0.000000 1.000000 -0.000002
0.000001 1.000000 -0.000002
0.000001 1.000000 -0.000002
0.000001 1.000000 -0.000002
0.000000 1.000000 -0.000002
0.000001 1.000000 -0.000002
0.000001 1.000000 -0.000002
0.000001 1.000000 -0.000002
0.000001 1.000000 -0.000002
0.000001 1.000000 -0.000002
0.000001 1.000000 -0.000002
0.000001 1.000000 -0.000002
0.000001 1.000000 -0.000002
0.000002 1.000000 -0.000002
0.000002 1.000000 -0.000002
0.000002 1.000000 -0.000002
0.000001 1.000000 -0.000002
0.000002 1.000000 -0.000002
0.000002 1.000000 -0.000002
0.000002 1.000000 -0.000001
0.000002 1.000000 -0.000001
0.000002 1.000000 -0.000001
0.000002 1.000000 -0.000002
0.000002 1.000000 -0.000001
0.000002 1.000000 -0.000001
0.000002 1.000000 -0.000001
0.000002 1.000000 -0.000001
0.000002 1.000000 -0.000001
0.000002 1.000000 -0.000001
0.000002 1.000000 -0.000001
0.000002 1.000000 -0.000001
0.000002 1.000000 -0.000001
0.000002 1.000000 -0.000001
0.000002 1.000000 -0.000001
0.000002 1.000000 -0.000001
0.000002 1.000000 -0.000001
0.000002 1.000000 -0.000001
0.000002 1.000000 -0.000000
0.000002 1.000000 -0.000000
0.000002 1.000000 -0.000000
0.000002 1.000000 -0.000001
0.000002 1.000000 -0.000000
0.000002 1.000000 -0.000000
0.000002 1.000000 -0.000000
0.000002 1.000000 -0.000000
0.000002 1.000000 0.000000
0.000002 1.000000 -0.000000
-0.043256 0.000000 -0.999064
-0.043256 0.000000 -0.999064
0.119822 0.000000 -0.992795
0.119822 0.000000 -0.992795
0.119822 0.000000 -0.992795
-0.043256 0.000000 -0.999064
0.119822 0.000000 -0.992795
0.119822 0.000000 -0.992795
0.329282 0.000000 -0.944232
0.329282 0.000000 -0.944232
0.329282 0.000000 -0.944232
0.119822 0.000000 -0.992795
0.554295 0.000000 -0.832320
0.329282 0.000000 -0.944232
0.329282 0.000000 -0.944232
0.329282 0.000000 -0.944232
0.554295 0.000000 -0.832320
0.554295 0.000000 -0.832320
0.554295 0.000000 -0.832320
0.554295 0.000000 -0.832320
0.707672 0.000000 -0.706541
0.707672 0.000000 -0.706541
0.707672 0.000000 -0.706541
0.554295 0.000000 -0.832320
0.707672 0.000000 -0.706541
0.707672 0.000000 -0.706541
0.812714 0.000000 -0.582663
0.812714 0.000000 -0.582663
0.812714 0.000000 -0.582663
0.707672 0.000000 -0.706541
0.812714 0.000000 -0.582663
0.812714 0.000000 -0.582663
0.895576 0.000000 -0.444908
0.895576 0.000000 -0.444908
0.895576 0.000000 -0.444908
0.812714 0.000000 -0.582663
0.895576 0.000000 -0.444908
0.895576 0.000000 -0.444908
0.954048 0.000000 -0.299654
0.954048 0.000000 -0.299654
0.954048 0.000000 -0.299655
0.895576 0.000000 -0.444908
0.954048 0.000000 -0.299655
0.954048 0.000000 -0.299654
0.988496 0.000000 -0.151245
0.988496 0.000000 -0.151245
0.988496 0.000000 -0.151245
0.954048 0.000000 -0.299655
0.988496 0.000000 -0.151245
0.988496 0.000000 -0.151245
1.000000 0.000000 0.000000
1.000000 0.000000 0.000000
1.000000 0.000000 0.000000
0.988496 0.000000 -0.151245
0.271040 0.256817 -0.927676
0.532970 0.359635 -0.765902
0.662604 0.332427 -0.671155
-0.271040 0.256817 -0.927676
-0.143733 0.247974 -0.958045
-0.054382 0.131840 -0.989778
-0.054382 0.131840 -0.989778
-0.100599 0.100677 -0.989820
-0.271040 0.256817 -0.927676
-0.143733 0.247974 -0.958045
-0.000000 0.189928 -0.981798
-0.000000 0.142744 -0.989760
-0.000000 0.142744 -0.989760
-0.054382 0.131840 -0.989778
-0.143733 0.247974 -0.958045
-0.410205 -0.082309 -0.908272
-0.422062 0.021727 -0.906307
-0.140214 0.007320 -0.990094
-0.140214 0.007320 -0.990094
-0.135765 -0.026984 -0.990373
-0.410205 -0.082309 -0.908272
-0.305079 -0.305978 -0.901834
-0.357820 -0.239068 -0.902669
-0.115085 -0.076868 -0.990377
-0.115085 -0.076868 -0.990377
-0.097894 -0.097860 -0.990374
-0.305079 -0.305978 -0.901834
-0.079715 -0.421808 -0.903174
-0.149855 -0.409489 -0.899924
-0.048094 -0.131570 -0.990139
-0.048094 -0.131570 -0.990139
-0.026333 -0.135446 -0.990435
-0.079715 -0.421808 -0.903174
-0.000000 -0.448089 -0.893989
-0.079715 -0.421808 -0.903174
-0.026333 -0.135446 -0.990435
-0.026333 -0.135446 -0.990435
-0.000000 -0.141243 -0.989975
-0.000000 -0.448089 -0.893989
-0.408121 0.157257 -0.899282
-0.271040 0.256817 -0.927676
-0.100599 0.100677 -0.989820
-0.100599 0.100677 -0.989820
-0.131260 0.054430 -0.989853
-0.408121 0.157257 -0.899282
-0.422062 0.021727 -0.906307
-0.408121 0.157257 -0.899282
-0.131260 0.054430 -0.989853
-0.131260 0.054430 -0.989853
-0.140214 0.007320 -0.990094
-0.422062 0.021727 -0.906307
-0.392060 -0.165702 -0.904893
-0.410205 -0.082309 -0.908272
-0.135765 -0.026984 -0.990373
-0.135765 -0.026984 -0.990373
-0.127871 -0.052940 -0.990377
-0.392060 -0.165702 -0.904893
-0.357820 -0.239068 -0.902669
-0.392060 -0.165702 -0.904893
-0.127871 -0.052940 -0.990377
-0.127871 -0.052940 -0.990377
-0.115085 -0.076868 -0.990377
-0.357820 -0.239068 -0.902669
-0.240342 -0.358702 -0.901980
-0.305079 -0.305978 -0.901834
-0.097894 -0.097860 -0.990374
-0.097894 -0.097860 -0.990374
-0.076955 -0.115111 -0.990367
-0.240342 -0.358702 -0.901980
-0.149855 -0.409489 -0.899924
-0.240342 -0.358702 -0.901980
-0.076955 -0.115111 -0.990367
-0.076955 -0.115111 -0.990367
-0.048094 -0.131570 -0.990139
-0.149855 -0.409489 -0.899924
0.143733 0.247974 -0.958045
0.271040 0.256817 -0.927676
0.100599 0.100677 -0.989820
0.100599 0.100677 -0.989820
0.054382 0.131840 -0.989778
0.143733 0.247974 -0.958045
-0.000000 0.189928 -0.981798
0.143733 0.247974 -0.958045
0.054382 0.131840 -0.989778
0.054382 0.131840 -0.989778
-0.000000 0.142744 -0.989760
-0.000000 0.189928 -0.981798
0.422062 0.021727 -0.906307
0.410205 -0.082309 -0.908272
0.135765 -0.026984 -0.990373
0.135765 -0.026984 -0.990373
0.140214 0.007320 -0.990094
0.422062 0.021727 -0.906307
0.357820 -0.239068 -0.902669
0.305079 -0.305979 -0.901834
0.097894 -0.097861 -0.990374
0.097894 -0.097861 -0.990374
0.115085 -0.076868 -0.990377
0.357820 -0.239068 -0.902669
0.149855 -0.409489 -0.899924
0.079715 -0.421808 -0.903174
0.026333 -0.135446 -0.990435
0.026333 -0.135446 -0.990435
0.048094 -0.131570 -0.990139
0.149855 -0.409489 -0.899924
0.079715 -0.421808 -0.903174
-0.000000 -0.448089 -0.893989
-0.000000 -0.141243 -0.989975
-0.000000 -0.141243 -0.989975
0.026333 -0.135446 -0.990435
0.079715 -0.421808 -0.903174
0.271040 0.256817 -0.927676
0.408121 0.157257 -0.899282
0.131260 0.054430 -0.989853
0.131260 0.054430 -0.989853
0.100599 0.100677 -0.989820
0.271040 0.256817 -0.927676
0.408121 0.157257 -0.899282
0.422062 0.021727 -0.906307
0.140214 0.007320 -0.990094
0.140214 0.007320 -0.990094
0.131260 0.054430 -0.989853
0.408121 0.157257 -0.899282
0.410205 -0.082309 -0.908272
0.392060 -0.165702 -0.904893
0.127871 -0.052940 -0.990377
0.127871 -0.052940 -0.990377
0.135765 -0.026984 -0.990373
0.410205 -0.082309 -0.908272
0.392060 -0.165702 -0.904893
0.357820 -0.239068 -0.902669
0.115085 -0.076868 -0.990377
0.115085 -0.076868 -0.990377
0.127871 -0.052940 -0.990377
0.392060 -0.165702 -0.904893
0.305079 -0.305979 -0.901834
0.240342 -0.358702 -0.901980
0.076955 -0.115111 -0.990367
0.076955 -0.115111 -0.990367
0.097894 -0.097861 -0.990374
0.305079 -0.305979 -0.901834
0.240342 -0.358702 -0.901980
0.149855 -0.409489 -0.899924
0.048094 -0.131570 -0.990139
0.048094 -0.131570 -0.990139
0.076955 -0.115111 -0.990367
0.240342 -0.358702 -0.901980
-0.100599 0.100677 -0.989820
-0.054382 0.131840 -0.989778
-0.021704 0.052568 -0.998381
-0.021704 0.052568 -0.998381
-0.040152 0.040152 -0.998387
-0.100599 0.100677 -0.989820
-0.054382 0.131840 -0.989778
-0.000000 0.142744 -0.989760
0.000000 0.056904 -0.998380
0.000000 0.056904 -0.998380
-0.021704 0.052568 -0.998381
-0.054382 0.131840 -0.989778
-0.135765 -0.026984 -0.990373
-0.140214 0.007320 -0.990094
-0.055940 0.002922 -0.998430
-0.055940 0.002922 -0.998430
-0.054105 -0.010759 -0.998477
-0.135765 -0.026984 -0.990373
-0.097894 -0.097860 -0.990374
-0.115085 -0.076868 -0.990377
-0.045900 -0.030653 -0.998476
-0.045900 -0.030653 -0.998476
-0.039059 -0.039034 -0.998474
-0.097894 -0.097860 -0.990374
-0.026333 -0.135446 -0.990435
-0.048094 -0.131570 -0.990139
-0.019219 -0.052578 -0.998432
-0.019219 -0.052578 -0.998432
-0.010491 -0.053936 -0.998489
-0.026333 -0.135446 -0.990435
-0.000000 -0.141243 -0.989975
-0.026333 -0.135446 -0.990435
-0.010491 -0.053936 -0.998489
-0.010491 -0.053936 -0.998489
0.000000 -0.056507 -0.998402
-0.000000 -0.141243 -0.989975
-0.131260 0.054430 -0.989853
-0.100599 0.100677 -0.989820
-0.040152 0.040152 -0.998387
-0.040152 0.040152 -0.998387
-0.052418 0.021711 -0.998389
-0.131260 0.054430 -0.989853
-0.140214 0.007320 -0.990094
-0.131260 0.054430 -0.989853
-0.052418 0.021711 -0.998389
-0.052418 0.021711 -0.998389
-0.055940 0.002922 -0.998430
-0.140214 0.007320 -0.990094
-0.127871 -0.052940 -0.990377
-0.135765 -0.026984 -0.990373
-0.054105 -0.010759 -0.998477
-0.054105 -0.010759 -0.998477
-0.050979 -0.021106 -0.998477
-0.127871 -0.052940 -0.990377
-0.115085 -0.076868 -0.990377
-0.127871 -0.052940 -0.990377
-0.050979 -0.021106 -0.998477
-0.050979 -0.021106 -0.998477
-0.045900 -0.030653 -0.998476
-0.115085 -0.076868 -0.990377
-0.076955 -0.115111 -0.990367
-0.097894 -0.097860 -0.990374
-0.039059 -0.039034 -0.998474
-0.039059 -0.039034 -0.998474
-0.030723 -0.045921 -0.998473
-0.076955 -0.115111 -0.990367
-0.048094 -0.131570 -0.990139
-0.076955 -0.115111 -0.990367
-0.030723 -0.045921 -0.998473
-0.030723 -0.045921 -0.998473
-0.019219 -0.052578 -0.998432
-0.048094 -0.131570 -0.990139
0.054382 0.131840 -0.989778
0.100599 0.100677 -0.989820
0.040153 0.040152 -0.998387
0.040153 0.040152 -0.998387
0.021703 0.052568 -0.998381
0.054382 0.131840 -0.989778
-0.000000 0.142744 -0.989760
0.054382 0.131840 -0.989778
0.021703 0.052568 -0.998381
0.021703 0.052568 -0.998381
0.000000 0.056904 -0.998380
-0.000000 0.142744 -0.989760
0.140214 0.007320 -0.990094
0.135765 -0.026984 -0.990373
0.054105 -0.010759 -0.998477
0.054105 -0.010759 -0.998477
0.055940 0.002922 -0.998430
0.140214 0.007320 -0.990094
0.115085 -0.076868 -0.990377
0.097894 -0.097861 -0.990374
0.039059 -0.039033 -0.998474
0.039059 -0.039033 -0.998474
0.045900 -0.030653 -0.998476
0.115085 -0.076868 -0.990377
0.048094 -0.131570 -0.990139
0.026333 -0.135446 -0.990435
0.010491 -0.053936 -0.998489
0.010491 -0.053936 -0.998489
0.019219 -0.052578 -0.998432
0.048094 -0.131570 -0.990139
0.026333 -0.135446 -0.990435
-0.000000 -0.141243 -0.989975
0.000000 -0.056507 -0.998402
0.000000 -0.056507 -0.998402
0.010491 -0.053936 -0.998489
0.026333 -0.135446 -0.990435
0.100599 0.100677 -0.989820
0.131260 0.054430 -0.989853
0.052418 0.021712 -0.998389
0.052418 0.021712 -0.998389
0.040153 0.040152 -0.998387
0.100599 0.100677 -0.989820
0.131260 0.054430 -0.989853
0.140214 0.007320 -0.990094
0.055940 0.002922 -0.998430
0.055940 0.002922 -0.998430
0.052418 0.021712 -0.998389
0.131260 0.054430 -0.989853
0.135765 -0.026984 -0.990373
0.127871 -0.052940 -0.990377
0.050979 -0.021106 -0.998477
0.050979 -0.021106 -0.998477
0.054105 -0.010759 -0.998477
0.135765 -0.026984 -0.990373
0.127871 -0.052940 -0.990377
0.115085 -0.076868 -0.990377
0.045900 -0.030653 -0.998476
0.045900 -0.030653 -0.998476
0.050979 -0.021106 -0.998477
0.127871 -0.052940 -0.990377
0.097894 -0.097861 -0.990374
0.076955 -0.115111 -0.990367
0.030723 -0.045920 -0.998473
0.030723 -0.045920 -0.998473
0.039059 -0.039033 -0.998474
0.097894 -0.097861 -0.990374
0.076955 -0.115111 -0.990367
0.048094 -0.131570 -0.990139
0.019219 -0.052578 -0.998432
0.019219 -0.052578 -0.998432
0.030723 -0.045920 -0.998473
0.076955 -0.115111 -0.990367
-0.040152 0.040152 -0.998387
-0.021704 0.052568 -0.998381
-0.000000 0.000129 -1.000000
-0.021704 0.052568 -0.998381
0.000000 0.056904 -0.998380
-0.000000 0.000129 -1.000000
-0.054105 -0.010759 -0.998477
-0.055940 0.002922 -0.998430
-0.000000 0.000129 -1.000000
-0.039059 -0.039034 -0.998474
-0.045900 -0.030653 -0.998476
-0.000000 0.000129 -1.000000
-0.010491 -0.053936 -0.998489
-0.019219 -0.052578 -0.998432
-0.000000 0.000129 -1.000000
0.000000 -0.056507 -0.998402
-0.010491 -0.053936 -0.998489
-0.000000 0.000129 -1.000000
-0.052418 0.021711 -0.998389
-0.040152 0.040152 -0.998387
-0.000000 0.000129 -1.000000
-0.055940 0.002922 -0.998430
-0.052418 0.021711 -0.998389
-0.000000 0.000129 -1.000000
-0.050979 -0.021106 -0.998477
-0.054105 -0.010759 -0.998477
-0.000000 0.000129 -1.000000
-0.045900 -0.030653 -0.998476
-0.050979 -0.021106 -0.998477
-0.000000 0.000129 -1.000000
-0.030723 -0.045921 -0.998473
-0.039059 -0.039034 -0.998474
-0.000000 0.000129 -1.000000
-0.019219 -0.052578 -0.998432
-0.030723 -0.045921 -0.998473
-0.000000 0.000129 -1.000000
0.021703 0.052568 -0.998381
0.040153 0.040152 -0.998387
-0.000000 0.000129 -1.000000
0.000000 0.056904 -0.998380
0.021703 0.052568 -0.998381
-0.000000 0.000129 -1.000000
0.055940 0.002922 -0.998430
0.054105 -0.010759 -0.998477
-0.000000 0.000129 -1.000000
0.045900 -0.030653 -0.998476
0.039059 -0.039033 -0.998474
-0.000000 0.000129 -1.000000
0.019219 -0.052578 -0.998432
0.010491 -0.053936 -0.998489
-0.000000 0.000129 -1.000000
0.010491 -0.053936 -0.998489
0.000000 -0.056507 -0.998402
-0.000000 0.000129 -1.000000
0.040153 0.040152 -0.998387
0.052418 0.021712 -0.998389
-0.000000 0.000129 -1.000000
0.052418 0.021712 -0.998389
0.055940 0.002922 -0.998430
-0.000000 0.000129 -1.000000
0.054105 -0.010759 -0.998477
0.050979 -0.021106 -0.998477
-0.000000 0.000129 -1.000000
0.050979 -0.021106 -0.998477
0.045900 -0.030653 -0.998476
-0.000000 0.000129 -1.000000
0.039059 -0.039033 -0.998474
0.030723 -0.045920 -0.998473
-0.000000 0.000129 -1.000000
0.030723 -0.045920 -0.998473
0.019219 -0.052578 -0.998432
-0.000000 0.000129 -1.000000
-0.831792 0.105896 0.544892
-0.719195 0.176831 0.671929
-0.851835 0.160771 0.498527
-0.851835 0.160771 0.498527
-0.903249 -0.067857 0.423717
-0.831792 0.105896 0.544892
-0.831792 0.105896 0.544892
-0.881715 -0.468885 -0.052201
-0.907368 -0.411817 -0.084201
-0.907368 -0.411817 -0.084201
-0.795505 0.214040 0.566885
-0.831792 0.105896 0.544892
-0.831792 0.105896 0.544892
-0.903249 -0.067857 0.423717
-0.818646 -0.572842 0.040877
-0.818646 -0.572842 0.040877
-0.881715 -0.468885 -0.052201
-0.831792 0.105896 0.544892
-0.000000 0.059908 0.998204
-0.007769 0.045545 0.998932
-0.118836 0.057306 0.991259
-0.118836 0.057306 0.991259
-0.116455 0.056143 0.991608
-0.000000 0.059908 0.998204
-0.271040 0.256817 0.927676
-0.143733 0.247974 0.958045
-0.532970 0.359635 0.765902
-0.532970 0.359635 0.765902
-0.662604 0.332427 0.671155
-0.271040 0.256817 0.927676
-0.143733 0.247974 0.958045
-0.175870 0.290303 0.940635
-0.460747 0.348126 0.816407
-0.460747 0.348126 0.816407
-0.532970 0.359635 0.765902
-0.143733 0.247974 0.958045
-0.143733 0.247974 0.958045
-0.000000 0.189928 0.981798
0.000000 0.280852 0.959751
0.000000 0.280852 0.959751
-0.175870 0.290303 0.940635
-0.143733 0.247974 0.958045
-0.000000 0.048339 0.998831
-0.000000 0.059908 0.998204
-0.116455 0.056143 0.991608
-0.116455 0.056143 0.991608
-0.152630 0.060355 0.986439
-0.000000 0.048339 0.998831
0.024585 -0.090311 -0.995610
-0.077499 -0.043207 -0.996056
-0.089756 -0.240692 -0.966443
-0.089756 -0.240692 -0.966443
-0.027629 -0.247779 -0.968422
0.024585 -0.090311 -0.995610
0.024585 -0.090311 -0.995610
0.082012 -0.107824 -0.990782
0.212497 -0.160439 -0.963901
0.212497 -0.160439 -0.963901
0.090877 -0.080845 -0.992575
0.024585 -0.090311 -0.995610
0.024585 -0.090311 -0.995610
-0.027629 -0.247779 -0.968422
-0.005968 -0.289154 -0.957264
-0.005968 -0.289154 -0.957264
0.034499 -0.176905 -0.983623
0.024585 -0.090311 -0.995610
0.024585 -0.090311 -0.995610
0.034499 -0.176905 -0.983623
0.047696 -0.172834 -0.983796
0.047696 -0.172834 -0.983796
0.082012 -0.107824 -0.990782
0.024585 -0.090311 -0.995610
-0.984019 -0.178065 -0.000000
-0.754046 -0.656822 -0.000000
-0.757627 -0.652516 0.014999
-0.757627 -0.652516 0.014999
-0.983346 -0.170629 0.062574
-0.984019 -0.178065 -0.000000
-0.983346 -0.170629 0.062574
-0.992816 0.083532 0.085670
-0.996769 0.080321 0.000000
-0.996769 0.080321 0.000000
-0.984019 -0.178065 -0.000000
-0.983346 -0.170629 0.062574
-0.983346 -0.170629 0.062574
-0.975738 -0.157712 0.151862
-0.976521 0.094409 0.193633
-0.976521 0.094409 0.193633
-0.992816 0.083532 0.085670
-0.983346 -0.170629 0.062574
-0.983346 -0.170629 0.062574
-0.757627 -0.652516 0.014999
-0.762258 -0.646176 0.037659
-0.762258 -0.646176 0.037659
-0.975738 -0.157712 0.151862
-0.983346 -0.170629 0.062574
-0.963550 -0.144780 0.224966
-0.975738 -0.157712 0.151862
-0.762258 -0.646176 0.037659
-0.762258 -0.646176 0.037659
-0.776628 -0.628846 0.037445
-0.963550 -0.144780 0.224966
-0.762258 -0.646176 0.037659
-0.482690 -0.875664 -0.014937
-0.474794 -0.879075 -0.042401
-0.474794 -0.879075 -0.042401
-0.776628 -0.628846 0.037445
-0.762258 -0.646176 0.037659
-0.762258 -0.646176 0.037659
-0.757627 -0.652516 0.014999
-0.484307 -0.874891 -0.003469
-0.484307 -0.874891 -0.003469
-0.482690 -0.875664 -0.014937
-0.762258 -0.646176 0.037659
-0.484307 -0.874891 -0.003469
-0.757627 -0.652516 0.014999
-0.754046 -0.656822 -0.000000
-0.754046 -0.656822 -0.000000
-0.484893 -0.874574 -0.000000
-0.484307 -0.874891 -0.003469
-0.484893 -0.874574 -0.000000
-0.363173 -0.931722 -0.000000
-0.360433 -0.932785 -0.000636
-0.360433 -0.932785 -0.000636
-0.484307 -0.874891 -0.003469
-0.484893 -0.874574 -0.000000
-0.150192 -0.988657 0.000000
0.000000 -1.000000 0.000000
-0.000000 -1.000000 0.000470
-0.000000 -1.000000 0.000470
-0.148606 -0.988893 0.002588
-0.150192 -0.988657 0.000000
-0.150192 -0.988657 0.000000
-0.148606 -0.988893 0.002588
-0.263582 -0.964632 0.003201
-0.263582 -0.964632 0.003201
-0.266902 -0.963724 0.000000
-0.150192 -0.988657 0.000000
-0.263582 -0.964632 0.003201
-0.148606 -0.988893 0.002588
-0.146998 -0.989130 -0.003606
-0.146998 -0.989130 -0.003606
-0.259182 -0.965814 -0.005364
-0.263582 -0.964632 0.003201
-0.263582 -0.964632 0.003201
-0.360433 -0.932785 -0.000636
-0.363173 -0.931722 -0.000000
-0.363173 -0.931722 -0.000000
-0.266902 -0.963724 0.000000
-0.263582 -0.964632 0.003201
-0.263582 -0.964632 0.003201
-0.259182 -0.965814 -0.005364
-0.354947 -0.934838 -0.009548
-0.354947 -0.934838 -0.009548
-0.360433 -0.932785 -0.000636
-0.263582 -0.964632 0.003201
-0.354947 -0.934838 -0.009548
-0.259182 -0.965814 -0.005364
-0.253456 -0.967131 -0.020429
-0.253456 -0.967131 -0.020429
-0.347163 -0.937392 -0.027826
-0.354947 -0.934838 -0.009548
-0.360433 -0.932785 -0.000636
-0.354947 -0.934838 -0.009548
-0.482690 -0.875664 -0.014937
-0.482690 -0.875664 -0.014937
-0.484307 -0.874891 -0.003469
-0.360433 -0.932785 -0.000636
-0.354947 -0.934838 -0.009548
-0.347163 -0.937392 -0.027826
-0.474794 -0.879075 -0.042401
-0.474794 -0.879075 -0.042401
-0.482690 -0.875664 -0.014937
-0.354947 -0.934838 -0.009548
-0.474794 -0.879075 -0.042401
-0.347163 -0.937392 -0.027826
-0.336185 -0.939899 -0.059754
-0.336185 -0.939899 -0.059754
-0.458376 -0.884448 -0.087433
-0.474794 -0.879075 -0.042401
-0.458376 -0.884448 -0.087433
-0.336185 -0.939899 -0.059754
-0.307687 -0.946151 -0.100628
-0.307687 -0.946151 -0.100628
-0.443761 -0.884265 -0.145437
-0.458376 -0.884448 -0.087433
-0.474794 -0.879075 -0.042401
-0.458376 -0.884448 -0.087433
-0.793381 -0.608689 0.006667
-0.793381 -0.608689 0.006667
-0.776628 -0.628846 0.037445
-0.474794 -0.879075 -0.042401
-0.458376 -0.884448 -0.087433
-0.443761 -0.884265 -0.145437
-0.818646 -0.572842 0.040877
-0.818646 -0.572842 0.040877
-0.793381 -0.608689 0.006667
-0.458376 -0.884448 -0.087433
-0.818646 -0.572842 0.040877
-0.443761 -0.884265 -0.145437
-0.422919 -0.872745 -0.243837
-0.422919 -0.872745 -0.243837
-0.881715 -0.468885 -0.052201
-0.818646 -0.572842 0.040877
-0.881715 -0.468885 -0.052201
-0.422919 -0.872745 -0.243837
-0.364160 -0.841455 -0.399175
-0.364160 -0.841455 -0.399175
-0.907368 -0.411817 -0.084201
-0.881715 -0.468885 -0.052201
-0.939887 -0.290896 -0.178860
-0.907368 -0.411817 -0.084201
-0.364160 -0.841455 -0.399175
-0.364160 -0.841455 -0.399175
-0.289024 -0.754123 -0.589715
-0.939887 -0.290896 -0.178860
-0.939887 -0.290896 -0.178860
-0.289024 -0.754123 -0.589715
-0.191798 -0.528832 -0.826771
-0.191798 -0.528832 -0.826771
-0.928536 -0.121165 -0.350914
-0.939887 -0.290896 -0.178860
-0.907368 -0.411817 -0.084201
-0.939887 -0.290896 -0.178860
-0.774455 0.269193 0.572498
-0.774455 0.269193 0.572498
-0.795505 0.214040 0.566885
-0.907368 -0.411817 -0.084201
-0.939887 -0.290896 -0.178860
-0.928536 -0.121165 -0.350914
-0.750533 0.305037 0.586219
-0.750533 0.305037 0.586219
-0.774455 0.269193 0.572498
-0.939887 -0.290896 -0.178860
-0.750533 0.305037 0.586219
-0.928536 -0.121165 -0.350914
-0.881205 0.065308 -0.468202
-0.881205 0.065308 -0.468202
-0.750333 0.323376 0.576566
-0.750533 0.305037 0.586219
-0.750333 0.323376 0.576566
-0.412137 0.322754 0.852040
-0.418164 0.310804 0.853545
-0.418164 0.310804 0.853545
-0.750533 0.305037 0.586219
-0.750333 0.323376 0.576566
-0.750333 0.323376 0.576566
-0.761501 0.335435 0.554616
-0.426153 0.318728 0.846644
-0.426153 0.318728 0.846644
-0.412137 0.322754 0.852040
-0.750333 0.323376 0.576566
-0.750333 0.323376 0.576566
-0.881205 0.065308 -0.468202
-0.824866 0.234542 -0.514380
-0.824866 0.234542 -0.514380
-0.761501 0.335435 0.554616
-0.750333 0.323376 0.576566
-0.801957 0.361742 0.475402
-0.761501 0.335435 0.554616
-0.824866 0.234542 -0.514380
-0.824866 0.234542 -0.514380
-0.799879 0.312801 -0.512201
-0.801957 0.361742 0.475402
-0.799879 0.312801 -0.512201
-0.824866 0.234542 -0.514380
-0.077499 -0.043207 -0.996056
-0.077499 -0.043207 -0.996056
-0.112738 0.050862 -0.992322
-0.799879 0.312801 -0.512201
-0.799879 0.312801 -0.512201
-0.905559 0.284532 -0.314651
-0.863036 0.354647 0.359715
-0.863036 0.354647 0.359715
-0.801957 0.361742 0.475402
-0.799879 0.312801 -0.512201
-0.799879 0.312801 -0.512201
-0.112738 0.050862 -0.992322
-0.389633 0.082145 -0.917300
-0.389633 0.082145 -0.917300
-0.905559 0.284532 -0.314651
-0.799879 0.312801 -0.512201
-0.960810 0.273048 -0.047850
-0.905559 0.284532 -0.314651
-0.389633 0.082145 -0.917300
-0.389633 0.082145 -0.917300
-0.733279 0.200987 -0.649543
-0.960810 0.273048 -0.047850
-0.733279 0.200987 -0.649543
-0.389633 0.082145 -0.917300
0.159394 -0.132470 -0.978287
0.159394 -0.132470 -0.978287
0.096481 -0.056949 -0.993704
-0.733279 0.200987 -0.649543
-0.733279 0.200987 -0.649543
-0.962343 0.145332 -0.229729
-0.980154 0.170025 0.101928
-0.980154 0.170025 0.101928
-0.960810 0.273048 -0.047850
-0.733279 0.200987 -0.649543
-0.733279 0.200987 -0.649543
0.096481 -0.056949 -0.993704
-0.349666 0.006685 -0.936851
-0.349666 0.006685 -0.936851
-0.962343 0.145332 -0.229729
-0.733279 0.200987 -0.649543
-0.995290 0.018531 -0.095159
-0.962343 0.145332 -0.229729
-0.349666 0.006685 -0.936851
-0.349666 0.006685 -0.936851
-0.639675 0.023647 -0.768282
-0.995290 0.018531 -0.095159
-0.639675 0.023647 -0.768282
-0.349666 0.006685 -0.936851
0.362124 -0.094117 -0.927366
0.362124 -0.094117 -0.927366
-0.012381 0.000644 -0.999923
-0.639675 0.023647 -0.768282
-0.639675 0.023647 -0.768282
-0.655595 -0.109286 -0.747163
-0.983150 -0.169367 -0.068784
-0.983150 -0.169367 -0.068784
-0.995290 0.018531 -0.095159
-0.639675 0.023647 -0.768282
-0.639675 0.023647 -0.768282
-0.012381 0.000644 -0.999923
-0.051075 -0.008406 -0.998659
-0.051075 -0.008406 -0.998659
-0.655595 -0.109286 -0.747163
-0.639675 0.023647 -0.768282
0.903181 0.177602 -0.390795
0.969074 -0.022967 -0.245700
0.966008 -0.001396 -0.258509
0.966008 -0.001396 -0.258509
0.903148 0.179175 -0.390154
0.903181 0.177602 -0.390795
-0.051075 -0.008406 -0.998659
-0.004974 -0.002708 -0.999984
-0.595450 -0.228786 -0.770128
-0.595450 -0.228786 -0.770128
-0.655595 -0.109286 -0.747163
-0.051075 -0.008406 -0.998659
0.903181 0.177602 -0.390795
0.903148 0.179175 -0.390154
0.792910 0.309227 -0.525045
0.792910 0.309227 -0.525045
0.790244 0.310500 -0.528304
0.903181 0.177602 -0.390795
-0.000000 -0.000000 -1.000000
-0.000000 -0.000000 -1.000000
-0.000000 -0.000000 -1.000000
0.792910 0.309227 -0.525045
0.674887 0.450733 -0.584267
0.677977 0.450420 -0.580921
0.677977 0.450420 -0.580921
0.790244 0.310500 -0.528304
0.792910 0.309227 -0.525045
-0.000000 -0.000000 -1.000000
-0.000000 -0.000000 -1.000000
-0.000000 -0.000000 -1.000000
-0.000000 -0.000000 -1.000000
-0.000000 -0.000000 -1.000000
-0.000000 -0.000000 -1.000000
-0.000000 -0.000000 -1.000000
-0.000000 -0.000000 -1.000000
-0.000000 0.000000 -1.000000
-0.000000 -0.000000 -1.000000
-0.000000 -0.000000 -1.000000
-0.000000 -0.000000 -1.000000
-0.000000 0.000000 -1.000000
-0.000000 0.000000 -1.000000
-0.000000 -0.000000 -1.000000
0.974308 -0.208443 -0.085289
0.975825 -0.205097 -0.075508
0.919097 -0.382760 -0.093571
0.919097 -0.382760 -0.093571
0.920623 -0.379026 -0.093767
0.974308 -0.208443 -0.085289
0.974308 -0.208443 -0.085289
0.966008 -0.001396 -0.258509
0.969074 -0.022967 -0.245700
0.969074 -0.022967 -0.245700
0.975825 -0.205097 -0.075508
0.974308 -0.208443 -0.085289
0.919097 -0.382760 -0.093571
0.826113 -0.551218 -0.117033
0.827520 -0.550627 -0.109640
0.827520 -0.550627 -0.109640
0.920623 -0.379026 -0.093767
0.919097 -0.382760 -0.093571
0.534644 -0.217485 -0.816613
0.096481 -0.056949 -0.993704
0.159394 -0.132470 -0.978287
0.159394 -0.132470 -0.978287
0.392064 -0.251017 -0.885029
0.534644 -0.217485 -0.816613
0.534644 -0.217485 -0.816613
0.362124 -0.094117 -0.927366
-0.349666 0.006685 -0.936851
-0.349666 0.006685 -0.936851
0.096481 -0.056949 -0.993704
0.534644 -0.217485 -0.816613
0.159394 -0.132470 -0.978287
0.090877 -0.080845 -0.992575
0.212497 -0.160439 -0.963901
0.212497 -0.160439 -0.963901
0.392064 -0.251017 -0.885029
0.159394 -0.132470 -0.978287
0.159394 -0.132470 -0.978287
-0.389633 0.082145 -0.917300
-0.112738 0.050862 -0.992322
-0.112738 0.050862 -0.992322
0.090877 -0.080845 -0.992575
0.159394 -0.132470 -0.978287
0.024585 -0.090311 -0.995610
0.090877 -0.080845 -0.992575
-0.112738 0.050862 -0.992322
-0.112738 0.050862 -0.992322
-0.077499 -0.043207 -0.996056
0.024585 -0.090311 -0.995610
-0.077499 -0.043207 -0.996056
-0.824866 0.234542 -0.514380
-0.881205 0.065308 -0.468202
-0.881205 0.065308 -0.468202
-0.089756 -0.240692 -0.966443
-0.077499 -0.043207 -0.996056
-0.191798 -0.528832 -0.826771
-0.089756 -0.240692 -0.966443
-0.881205 0.065308 -0.468202
-0.881205 0.065308 -0.468202
-0.928536 -0.121165 -0.350914
-0.191798 -0.528832 -0.826771
-0.089756 -0.240692 -0.966443
-0.191798 -0.528832 -0.826771
-0.077939 -0.576489 -0.813379
-0.077939 -0.576489 -0.813379
-0.027629 -0.247779 -0.968422
-0.089756 -0.240692 -0.966443
-0.191798 -0.528832 -0.826771
-0.289024 -0.754123 -0.589715
-0.138398 -0.816041 -0.561181
-0.138398 -0.816041 -0.561181
-0.077939 -0.576489 -0.813379
-0.191798 -0.528832 -0.826771
-0.138398 -0.816041 -0.561181
-0.289024 -0.754123 -0.589715
-0.364160 -0.841455 -0.399175
-0.364160 -0.841455 -0.399175
-0.201064 -0.926803 -0.317189
-0.138398 -0.816041 -0.561181
-0.257899 -0.949996 -0.176057
-0.201064 -0.926803 -0.317189
-0.364160 -0.841455 -0.399175
-0.364160 -0.841455 -0.399175
-0.422919 -0.872745 -0.243837
-0.257899 -0.949996 -0.176057
-0.307687 -0.946151 -0.100628
-0.257899 -0.949996 -0.176057
-0.422919 -0.872745 -0.243837
-0.422919 -0.872745 -0.243837
-0.443761 -0.884265 -0.145437
-0.307687 -0.946151 -0.100628
-0.307687 -0.946151 -0.100628
-0.204704 -0.976874 -0.061747
-0.167027 -0.979560 -0.112094
-0.167027 -0.979560 -0.112094
-0.257899 -0.949996 -0.176057
-0.307687 -0.946151 -0.100628
-0.307687 -0.946151 -0.100628
-0.336185 -0.939899 -0.059754
-0.234129 -0.971534 -0.036124
-0.234129 -0.971534 -0.036124
-0.204704 -0.976874 -0.061747
-0.307687 -0.946151 -0.100628
-0.234129 -0.971534 -0.036124
-0.128285 -0.991686 -0.010078
-0.110310 -0.993569 -0.025536
-0.110310 -0.993569 -0.025536
-0.204704 -0.976874 -0.061747
-0.234129 -0.971534 -0.036124
-0.234129 -0.971534 -0.036124
-0.253456 -0.967131 -0.020429
-0.139432 -0.990187 -0.009454
-0.139432 -0.990187 -0.009454
-0.128285 -0.991686 -0.010078
-0.234129 -0.971534 -0.036124
-0.234129 -0.971534 -0.036124
-0.336185 -0.939899 -0.059754
-0.347163 -0.937392 -0.027826
-0.347163 -0.937392 -0.027826
-0.253456 -0.967131 -0.020429
-0.234129 -0.971534 -0.036124
-0.139432 -0.990187 -0.009454
-0.000000 -0.999999 -0.001228
-0.000000 -1.000000 -0.000608
-0.000000 -1.000000 -0.000608
-0.128285 -0.991686 -0.010078
-0.139432 -0.990187 -0.009454
-0.139432 -0.990187 -0.009454
-0.146998 -0.989130 -0.003606
0.000000 -0.999996 -0.002714
0.000000 -0.999996 -0.002714
-0.000000 -0.999999 -0.001228
-0.139432 -0.990187 -0.009454
-0.139432 -0.990187 -0.009454
-0.253456 -0.967131 -0.020429
-0.259182 -0.965814 -0.005364
-0.259182 -0.965814 -0.005364
-0.146998 -0.989130 -0.003606
-0.139432 -0.990187 -0.009454
0.000000 -0.999996 -0.002714
-0.146998 -0.989130 -0.003606
-0.148606 -0.988893 0.002588
-0.148606 -0.988893 0.002588
-0.000000 -1.000000 0.000470
0.000000 -0.999996 -0.002714
-0.000000 -0.999726 -0.023420
-0.087189 -0.994871 -0.051279
-0.110310 -0.993569 -0.025536
-0.110310 -0.993569 -0.025536
-0.000000 -0.999993 -0.003667
-0.000000 -0.999726 -0.023420
-0.000000 -0.999726 -0.023420
0.000000 -0.984908 -0.173079
-0.046928 -0.977304 -0.206577
-0.046928 -0.977304 -0.206577
-0.087189 -0.994871 -0.051279
-0.000000 -0.999726 -0.023420
-0.046928 -0.977304 -0.206577
0.000000 -0.984908 -0.173079
0.000000 -0.851553 -0.524268
0.000000 -0.851553 -0.524268
-0.014253 -0.848213 -0.529463
-0.046928 -0.977304 -0.206577
-0.046928 -0.977304 -0.206577
-0.108496 -0.959587 -0.259657
-0.167027 -0.979560 -0.112094
-0.167027 -0.979560 -0.112094
-0.087189 -0.994871 -0.051279
-0.046928 -0.977304 -0.206577
-0.046928 -0.977304 -0.206577
-0.014253 -0.848213 -0.529463
-0.058959 -0.838337 -0.541954
-0.058959 -0.838337 -0.541954
-0.108496 -0.959587 -0.259657
-0.046928 -0.977304 -0.206577
-0.058959 -0.838337 -0.541954
-0.014253 -0.848213 -0.529463
-0.004467 -0.587574 -0.809158
-0.004467 -0.587574 -0.809158
-0.030359 -0.578598 -0.815047
-0.058959 -0.838337 -0.541954
-0.058959 -0.838337 -0.541954
-0.138398 -0.816041 -0.561181
-0.201064 -0.926803 -0.317189
-0.201064 -0.926803 -0.317189
-0.108496 -0.959587 -0.259657
-0.058959 -0.838337 -0.541954
-0.058959 -0.838337 -0.541954
-0.030359 -0.578598 -0.815047
-0.077939 -0.576489 -0.813379
-0.077939 -0.576489 -0.813379
-0.138398 -0.816041 -0.561181
-0.058959 -0.838337 -0.541954
-0.004467 -0.587574 -0.809158
-0.000000 -0.581823 -0.813316
-0.000000 -0.348742 -0.937219
-0.000000 -0.348742 -0.937219
-0.006353 -0.339311 -0.940653
-0.004467 -0.587574 -0.809158
-0.004467 -0.587574 -0.809158
-0.014253 -0.848213 -0.529463
0.000000 -0.851553 -0.524268
0.000000 -0.851553 -0.524268
-0.000000 -0.581823 -0.813316
-0.004467 -0.587574 -0.809158
-0.004467 -0.587574 -0.809158
-0.006353 -0.339311 -0.940653
-0.005968 -0.289154 -0.957264
-0.005968 -0.289154 -0.957264
-0.030359 -0.578598 -0.815047
-0.004467 -0.587574 -0.809158
-0.997803 0.066245 0.000000
-0.996769 0.080321 0.000000
-0.992816 0.083532 0.085670
-0.992816 0.083532 0.085670
-0.992811 0.067431 0.098894
-0.997803 0.066245 0.000000
-0.973394 0.074033 0.216848
-0.992811 0.067431 0.098894
-0.992816 0.083532 0.085670
-0.992816 0.083532 0.085670
-0.976521 0.094409 0.193633
-0.973394 0.074033 0.216848
-0.938031 0.088151 0.335153
-0.973394 0.074033 0.216848
-0.976521 0.094409 0.193633
-0.976521 0.094409 0.193633
-0.947939 0.115650 0.296711
-0.938031 0.088151 0.335153
-0.947939 0.115650 0.296711
-0.903353 0.136140 0.406718
-0.887121 0.107407 0.448866
-0.887121 0.107407 0.448866
-0.938031 0.088151 0.335153
-0.947939 0.115650 0.296711
-0.947939 0.115650 0.296711
-0.963550 -0.144780 0.224966
-0.946867 -0.096546 0.306792
-0.946867 -0.096546 0.306792
-0.903353 0.136140 0.406718
-0.947939 0.115650 0.296711
-0.947939 0.115650 0.296711
-0.976521 0.094409 0.193633
-0.975738 -0.157712 0.151862
-0.975738 -0.157712 0.151862
-0.963550 -0.144780 0.224966
-0.947939 0.115650 0.296711
-0.946867 -0.096546 0.306792
-0.903249 -0.067857 0.423717
-0.851835 0.160771 0.498527
-0.851835 0.160771 0.498527
-0.903353 0.136140 0.406718
-0.946867 -0.096546 0.306792
-0.946867 -0.096546 0.306792
-0.793381 -0.608689 0.006667
-0.818646 -0.572842 0.040877
-0.818646 -0.572842 0.040877
-0.903249 -0.067857 0.423717
-0.946867 -0.096546 0.306792
-0.946867 -0.096546 0.306792
-0.963550 -0.144780 0.224966
-0.776628 -0.628846 0.037445
-0.776628 -0.628846 0.037445
-0.793381 -0.608689 0.006667
-0.946867 -0.096546 0.306792
-0.903353 0.136140 0.406718
-0.851835 0.160771 0.498527
-0.819262 0.135899 0.557083
-0.819262 0.135899 0.557083
-0.887121 0.107407 0.448866
-0.903353 0.136140 0.406718
-0.819262 0.135899 0.557083
-0.851835 0.160771 0.498527
-0.719195 0.176831 0.671929
-0.719195 0.176831 0.671929
-0.688876 0.154667 0.708187
-0.819262 0.135899 0.557083
-0.463152 0.184034 0.866961
-0.688876 0.154667 0.708187
-0.719195 0.176831 0.671929
-0.719195 0.176831 0.671929
-0.475904 0.221570 0.851130
-0.463152 0.184034 0.866961
-0.475904 0.221570 0.851130
-0.719195 0.176831 0.671929
-0.831792 0.105896 0.544892
-0.831792 0.105896 0.544892
-0.477902 0.255572 0.840412
-0.475904 0.221570 0.851130
-0.456028 0.285520 0.842922
-0.477902 0.255572 0.840412
-0.831792 0.105896 0.544892
-0.831792 0.105896 0.544892
-0.795505 0.214040 0.566885
-0.456028 0.285520 0.842922
-0.434650 0.297018 0.850212
-0.456028 0.285520 0.842922
-0.795505 0.214040 0.566885
-0.795505 0.214040 0.566885
-0.774455 0.269193 0.572498
-0.434650 0.297018 0.850212
-0.418164 0.310804 0.853545
-0.434650 0.297018 0.850212
-0.774455 0.269193 0.572498
-0.774455 0.269193 0.572498
-0.750533 0.305037 0.586219
-0.418164 0.310804 0.853545
-0.418164 0.310804 0.853545
-0.154686 0.263565 0.952158
-0.160598 0.255792 0.953299
-0.160598 0.255792 0.953299
-0.434650 0.297018 0.850212
-0.418164 0.310804 0.853545
-0.418164 0.310804 0.853545
-0.412137 0.322754 0.852040
-0.156136 0.269304 0.950314
-0.156136 0.269304 0.950314
-0.154686 0.263565 0.952158
-0.418164 0.310804 0.853545
-0.412137 0.322754 0.852040
-0.426153 0.318728 0.846644
-0.164755 0.278315 0.946254
-0.164755 0.278315 0.946254
-0.156136 0.269304 0.950314
-0.412137 0.322754 0.852040
-0.164755 0.278315 0.946254
-0.426153 0.318728 0.846644
-0.460747 0.348126 0.816407
-0.460747 0.348126 0.816407
-0.175870 0.290303 0.940635
-0.164755 0.278315 0.946254
-0.426153 0.318728 0.846644
-0.761501 0.335435 0.554616
-0.801957 0.361742 0.475402
-0.801957 0.361742 0.475402
-0.460747 0.348126 0.816407
-0.426153 0.318728 0.846644
-0.532970 0.359635 0.765902
-0.460747 0.348126 0.816407
-0.801957 0.361742 0.475402
-0.801957 0.361742 0.475402
-0.863036 0.354647 0.359715
-0.532970 0.359635 0.765902
-0.863036 0.354647 0.359715
-0.897595 0.303457 0.319744
-0.662604 0.332427 0.671155
-0.662604 0.332427 0.671155
-0.532970 0.359635 0.765902
-0.863036 0.354647 0.359715
-0.863036 0.354647 0.359715
-0.905559 0.284532 -0.314651
-0.960810 0.273048 -0.047850
-0.960810 0.273048 -0.047850
-0.897595 0.303457 0.319744
-0.863036 0.354647 0.359715
-0.944611 0.177494 0.276052
-0.897595 0.303457 0.319744
-0.960810 0.273048 -0.047850
-0.960810 0.273048 -0.047850
-0.980154 0.170025 0.101928
-0.944611 0.177494 0.276052
-0.980154 0.170025 0.101928
-0.993172 0.010744 0.116166
-0.978015 0.023822 0.207171
-0.978015 0.023822 0.207171
-0.944611 0.177494 0.276052
-0.980154 0.170025 0.101928
-0.980154 0.170025 0.101928
-0.962343 0.145332 -0.229729
-0.995290 0.018531 -0.095159
-0.995290 0.018531 -0.095159
-0.993172 0.010744 0.116166
-0.980154 0.170025 0.101928
-0.974162 -0.165577 0.153597
-0.993172 0.010744 0.116166
-0.995290 0.018531 -0.095159
-0.995290 0.018531 -0.095159
-0.983150 -0.169367 -0.068784
-0.974162 -0.165577 0.153597
-0.983150 -0.169367 -0.068784
-0.930362 -0.358816 -0.075349
-0.920168 -0.359422 0.155263
-0.920168 -0.359422 0.155263
-0.974162 -0.165577 0.153597
-0.983150 -0.169367 -0.068784
-0.983150 -0.169367 -0.068784
-0.655595 -0.109286 -0.747163
-0.595450 -0.228786 -0.770128
-0.595450 -0.228786 -0.770128
-0.930362 -0.358816 -0.075349
-0.983150 -0.169367 -0.068784
-0.834471 -0.544584 -0.084175
-0.930362 -0.358816 -0.075349
-0.595450 -0.228786 -0.770128
-0.595450 -0.228786 -0.770128
-0.537966 -0.352260 -0.765837
-0.834471 -0.544584 -0.084175
-0.537966 -0.352260 -0.765837
-0.595450 -0.228786 -0.770128
-0.004974 -0.002708 -0.999984
-0.004974 -0.002708 -0.999984
-0.017519 -0.011471 -0.999781
-0.537966 -0.352260 -0.765837
-0.537966 -0.352260 -0.765837
-0.428158 -0.423828 -0.798154
-0.702946 -0.704789 -0.095600
-0.702946 -0.704789 -0.095600
-0.834471 -0.544584 -0.084175
-0.537966 -0.352260 -0.765837
-0.537966 -0.352260 -0.765837
-0.017519 -0.011471 -0.999781
0.036548 0.044398 -0.998345
0.036548 0.044398 -0.998345
-0.428158 -0.423828 -0.798154
-0.537966 -0.352260 -0.765837
0.571638 0.569666 -0.590517
0.677977 0.450420 -0.580921
0.674887 0.450733 -0.584267
0.674887 0.450733 -0.584267
0.570004 0.571738 -0.590094
0.571638 0.569666 -0.590517
0.036548 0.044398 -0.998345
0.060636 0.090750 -0.994026
-0.318682 -0.486621 -0.813414
-0.318682 -0.486621 -0.813414
-0.428158 -0.423828 -0.798154
0.036548 0.044398 -0.998345
0.571638 0.569666 -0.590517
0.570004 0.571738 -0.590094
0.450359 0.643355 -0.619089
0.450359 0.643355 -0.619089
0.417100 0.654858 -0.630229
0.571638 0.569666 -0.590517
-0.000000 -0.000000 -1.000000
-0.000000 -0.000000 -1.000000
-0.000000 -0.000000 -1.000000
0.450359 0.643355 -0.619089
0.273231 0.729824 -0.626659
0.271480 0.729914 -0.627315
0.271480 0.729914 -0.627315
0.417100 0.654858 -0.630229
0.450359 0.643355 -0.619089
-0.000000 -0.000000 -1.000000
-0.000000 -0.000000 -1.000000
-0.000000 -0.000000 -1.000000
-0.000000 -0.000000 -1.000000
-0.000000 -0.000000 -1.000000
-0.000000 -0.000000 -1.000000
-0.000000 -0.000000 -1.000000
-0.000000 0.000000 -1.000000
-0.000000 0.000000 -1.000000
-0.000000 0.000000 -1.000000
-0.000000 -0.000000 -1.000000
-0.000000 0.000000 -1.000000
-0.000000 0.000000 -1.000000
-0.000000 0.000000 -1.000000
-0.000000 -0.000000 -1.000000
0.701458 -0.658824 -0.271859
0.679457 -0.677454 -0.281769
0.514090 -0.773833 -0.369993
0.514090 -0.773833 -0.369993
0.515899 -0.771482 -0.372375
0.701458 -0.658824 -0.271859
0.701458 -0.658824 -0.271859
0.827520 -0.550627 -0.109640
0.826113 -0.551218 -0.117033
0.826113 -0.551218 -0.117033
0.679457 -0.677454 -0.281769
0.701458 -0.658824 -0.271859
-0.000000 0.000000 -1.000000
-0.000000 0.000000 -1.000000
-0.000000 -0.000000 -1.000000
-0.000000 0.000000 -1.000000
-0.000000 0.000000 -1.000000
-0.000000 -0.000000 -1.000000
0.352862 -0.865446 -0.355656
0.349277 -0.864823 -0.360675
0.179233 -0.942520 -0.282012
0.179233 -0.942520 -0.282012
0.192777 -0.940705 -0.279126
0.352862 -0.865446 -0.355656
0.179233 -0.942520 -0.282012
0.000000 -0.973511 -0.228640
-0.000000 -0.972158 -0.234325
-0.000000 -0.972158 -0.234325
0.192777 -0.940705 -0.279126
0.179233 -0.942520 -0.282012
0.033264 -0.412748 -0.910238
0.011616 -0.324882 -0.945683
0.000000 -0.401209 -0.915986
0.000000 -0.401209 -0.915986
0.000000 -0.558315 -0.829629
0.033264 -0.412748 -0.910238
0.033264 -0.412748 -0.910238
0.047696 -0.172834 -0.983796
0.034499 -0.176905 -0.983623
0.034499 -0.176905 -0.983623
0.011616 -0.324882 -0.945683
0.033264 -0.412748 -0.910238
0.011616 -0.324882 -0.945683
-0.006353 -0.339311 -0.940653
-0.000000 -0.348742 -0.937219
-0.000000 -0.348742 -0.937219
0.000000 -0.401209 -0.915986
0.011616 -0.324882 -0.945683
0.011616 -0.324882 -0.945683
0.034499 -0.176905 -0.983623
-0.005968 -0.289154 -0.957264
-0.005968 -0.289154 -0.957264
-0.006353 -0.339311 -0.940653
0.011616 -0.324882 -0.945683
0.000000 0.244997 0.969524
-0.000000 0.240871 0.970557
-0.154686 0.263565 0.952158
-0.154686 0.263565 0.952158
-0.156136 0.269304 0.950314
0.000000 0.244997 0.969524
0.000000 0.244997 0.969524
-0.156136 0.269304 0.950314
-0.164755 0.278315 0.946254
-0.164755 0.278315 0.946254
-0.000000 0.302445 0.953167
0.000000 0.244997 0.969524
-0.164755 0.278315 0.946254
-0.175870 0.290303 0.940635
0.000000 0.280852 0.959751
0.000000 0.280852 0.959751
-0.000000 0.302445 0.953167
-0.164755 0.278315 0.946254
-0.154686 0.263565 0.952158
-0.000000 0.240871 0.970557
0.000000 0.238641 0.971108
0.000000 0.238641 0.971108
-0.160598 0.255792 0.953299
-0.154686 0.263565 0.952158
-0.160598 0.255792 0.953299
-0.168650 0.246535 0.954347
-0.456028 0.285520 0.842922
-0.456028 0.285520 0.842922
-0.434650 0.297018 0.850212
-0.160598 0.255792 0.953299
-0.160598 0.255792 0.953299
0.000000 0.238641 0.971108
0.000000 0.233747 0.972298
0.000000 0.233747 0.972298
-0.168650 0.246535 0.954347
-0.160598 0.255792 0.953299
0.000000 0.233747 0.972298
-0.000000 0.223952 0.974600
-0.176379 0.233255 0.956286
-0.176379 0.233255 0.956286
-0.168650 0.246535 0.954347
0.000000 0.233747 0.972298
-0.992855 0.045541 0.110297
-0.999056 0.043431 0.000000
-0.997803 0.066245 0.000000
-0.997803 0.066245 0.000000
-0.992811 0.067431 0.098894
-0.992855 0.045541 0.110297
-0.970296 0.052030 0.236258
-0.992855 0.045541 0.110297
-0.992811 0.067431 0.098894
-0.992811 0.067431 0.098894
-0.973394 0.074033 0.216848
-0.970296 0.052030 0.236258
-0.929717 0.063473 0.362765
-0.970296 0.052030 0.236258
-0.973394 0.074033 0.216848
-0.973394 0.074033 0.216848
-0.938031 0.088151 0.335153
-0.929717 0.063473 0.362765
-0.872167 0.078911 0.482802
-0.929717 0.063473 0.362765
-0.938031 0.088151 0.335153
-0.938031 0.088151 0.335153
-0.887121 0.107407 0.448866
-0.872167 0.078911 0.482802
-0.793347 0.095333 0.601259
-0.872167 0.078911 0.482802
-0.887121 0.107407 0.448866
-0.887121 0.107407 0.448866
-0.819262 0.135899 0.557083
-0.793347 0.095333 0.601259
-0.665168 0.111492 0.738323
-0.793347 0.095333 0.601259
-0.819262 0.135899 0.557083
-0.819262 0.135899 0.557083
-0.688876 0.154667 0.708187
-0.665168 0.111492 0.738323
-0.446831 0.137960 0.883917
-0.665168 0.111492 0.738323
-0.688876 0.154667 0.708187
-0.688876 0.154667 0.708187
-0.463152 0.184034 0.866961
-0.446831 0.137960 0.883917
-0.463152 0.184034 0.866961
-0.186514 0.180852 0.965663
-0.187694 0.138851 0.972364
-0.187694 0.138851 0.972364
-0.446831 0.137960 0.883917
-0.463152 0.184034 0.866961
-0.186514 0.180852 0.965663
-0.463152 0.184034 0.866961
-0.475904 0.221570 0.851130
-0.475904 0.221570 0.851130
-0.181269 0.212000 0.960311
-0.186514 0.180852 0.965663
-0.176379 0.233255 0.956286
-0.181269 0.212000 0.960311
-0.475904 0.221570 0.851130
-0.475904 0.221570 0.851130
-0.477902 0.255572 0.840412
-0.176379 0.233255 0.956286
-0.168650 0.246535 0.954347
-0.176379 0.233255 0.956286
-0.477902 0.255572 0.840412
-0.477902 0.255572 0.840412
-0.456028 0.285520 0.842922
-0.168650 0.246535 0.954347
-0.181269 0.212000 0.960311
-0.000000 0.207066 0.978327
-0.000000 0.177908 0.984047
-0.000000 0.177908 0.984047
-0.186514 0.180852 0.965663
-0.181269 0.212000 0.960311
-0.181269 0.212000 0.960311
-0.176379 0.233255 0.956286
-0.000000 0.223952 0.974600
-0.000000 0.223952 0.974600
-0.000000 0.207066 0.978327
-0.181269 0.212000 0.960311
-0.992069 0.022422 0.123682
-0.999788 0.020585 -0.000000
-0.999056 0.043431 0.000000
-0.999056 0.043431 0.000000
-0.992855 0.045541 0.110297
-0.992069 0.022422 0.123682
-0.966560 0.028201 0.254886
-0.992069 0.022422 0.123682
-0.992855 0.045541 0.110297
-0.992855 0.045541 0.110297
-0.970296 0.052030 0.236258
-0.966560 0.028201 0.254886
-0.921064 0.036879 0.387660
-0.966560 0.028201 0.254886
-0.970296 0.052030 0.236258
-0.970296 0.052030 0.236258
-0.929717 0.063473 0.362765
-0.921064 0.036879 0.387660
-0.856800 0.048638 0.513349
-0.921064 0.036879 0.387660
-0.929717 0.063473 0.362765
-0.929717 0.063473 0.362765
-0.872167 0.078911 0.482802
-0.856800 0.048638 0.513349
-0.770851 0.061685 0.634022
-0.856800 0.048638 0.513349
-0.872167 0.078911 0.482802
-0.872167 0.078911 0.482802
-0.793347 0.095333 0.601259
-0.770851 0.061685 0.634022
-0.636572 0.072541 0.767798
-0.770851 0.061685 0.634022
-0.793347 0.095333 0.601259
-0.793347 0.095333 0.601259
-0.665168 0.111492 0.738323
-0.636572 0.072541 0.767798
-0.421080 0.092812 0.902262
-0.636572 0.072541 0.767798
-0.665168 0.111492 0.738323
-0.665168 0.111492 0.738323
-0.446831 0.137960 0.883917
-0.421080 0.092812 0.902262
-0.181117 0.097507 0.978616
-0.421080 0.092812 0.902262
-0.446831 0.137960 0.883917
-0.446831 0.137960 0.883917
-0.187694 0.138851 0.972364
-0.181117 0.097507 0.978616
0.000000 0.136102 0.990695
-0.187694 0.138851 0.972364
-0.186514 0.180852 0.965663
-0.186514 0.180852 0.965663
-0.000000 0.177908 0.984047
0.000000 0.136102 0.990695
-0.990923 0.004344 0.134363
-0.999993 0.003798 0.000000
-0.999788 0.020585 -0.000000
-0.999788 0.020585 -0.000000
-0.992069 0.022422 0.123682
-0.990923 0.004344 0.134363
-0.962031 0.008918 0.272795
-0.990923 0.004344 0.134363
-0.992069 0.022422 0.123682
-0.992069 0.022422 0.123682
-0.966560 0.028201 0.254886
-0.962031 0.008918 0.272795
-0.911695 0.015117 0.410590
-0.962031 0.008918 0.272795
-0.966560 0.028201 0.254886
-0.966560 0.028201 0.254886
-0.921064 0.036879 0.387660
-0.911695 0.015117 0.410590
-0.840839 0.023928 0.540757
-0.911695 0.015117 0.410590
-0.921064 0.036879 0.387660
-0.921064 0.036879 0.387660
-0.856800 0.048638 0.513349
-0.840839 0.023928 0.540757
-0.747665 0.032181 0.663296
-0.840839 0.023928 0.540757
-0.856800 0.048638 0.513349
-0.856800 0.048638 0.513349
-0.770851 0.061685 0.634022
-0.747665 0.032181 0.663296
-0.606479 0.036862 0.794245
-0.747665 0.032181 0.663296
-0.770851 0.061685 0.634022
-0.770851 0.061685 0.634022
-0.636572 0.072541 0.767798
-0.606479 0.036862 0.794245
-0.386159 0.054143 0.920842
-0.606479 0.036862 0.794245
-0.636572 0.072541 0.767798
-0.636572 0.072541 0.767798
-0.421080 0.092812 0.902262
-0.386159 0.054143 0.920842
-0.152630 0.060355 0.986439
-0.386159 0.054143 0.920842
-0.421080 0.092812 0.902262
-0.421080 0.092812 0.902262
-0.181117 0.097507 0.978616
-0.152630 0.060355 0.986439
-0.181117 0.097507 0.978616
0.000000 0.091473 0.995808
-0.000000 0.048339 0.998831
-0.000000 0.048339 0.998831
-0.152630 0.060355 0.986439
-0.181117 0.097507 0.978616
0.000000 0.091473 0.995808
-0.181117 0.097507 0.978616
-0.187694 0.138851 0.972364
-0.187694 0.138851 0.972364
0.000000 0.136102 0.990695
0.000000 0.091473 0.995808
-0.989229 0.024033 0.144392
-0.999732 0.023160 0.000000
-0.999993 0.003798 0.000000
-0.999993 0.003798 0.000000
-0.990923 0.004344 0.134363
-0.989229 0.024033 0.144392
-0.957821 0.024919 0.286283
-0.989229 0.024033 0.144392
-0.990923 0.004344 0.134363
-0.990923 0.004344 0.134363
-0.962031 0.008918 0.272795
-0.957821 0.024919 0.286283
-0.902582 0.028396 0.429580
-0.957821 0.024919 0.286283
-0.962031 0.008918 0.272795
-0.962031 0.008918 0.272795
-0.911695 0.015117 0.410590
-0.902582 0.028396 0.429580
-0.828801 0.033872 0.558517
-0.902582 0.028396 0.429580
-0.911695 0.015117 0.410590
-0.911695 0.015117 0.410590
-0.840839 0.023928 0.540757
-0.828801 0.033872 0.558517
-0.726780 0.038985 0.685764
-0.828801 0.033872 0.558517
-0.840839 0.023928 0.540757
-0.840839 0.023928 0.540757
-0.747665 0.032181 0.663296
-0.726780 0.038985 0.685764
-0.586161 0.038941 0.809258
-0.726780 0.038985 0.685764
-0.747665 0.032181 0.663296
-0.747665 0.032181 0.663296
-0.606479 0.036862 0.794245
-0.586161 0.038941 0.809258
-0.347683 0.044997 0.936532
-0.586161 0.038941 0.809258
-0.606479 0.036862 0.794245
-0.606479 0.036862 0.794245
-0.386159 0.054143 0.920842
-0.347683 0.044997 0.936532
-0.116455 0.056143 0.991608
-0.347683 0.044997 0.936532
-0.386159 0.054143 0.920842
-0.386159 0.054143 0.920842
-0.152630 0.060355 0.986439
-0.116455 0.056143 0.991608
-0.313859 0.056660 0.947777
-0.347683 0.044997 0.936532
-0.116455 0.056143 0.991608
-0.116455 0.056143 0.991608
-0.118836 0.057306 0.991259
-0.313859 0.056660 0.947777
-0.556867 0.031507 0.830004
-0.586161 0.038941 0.809258
-0.347683 0.044997 0.936532
-0.347683 0.044997 0.936532
-0.313859 0.056660 0.947777
-0.556867 0.031507 0.830004
-0.556867 0.031507 0.830004
-0.704797 0.029945 0.708777
-0.726780 0.038985 0.685764
-0.726780 0.038985 0.685764
-0.586161 0.038941 0.809258
-0.556867 0.031507 0.830004
-0.726780 0.038985 0.685764
-0.704797 0.029945 0.708777
-0.814124 0.029617 0.579936
-0.814124 0.029617 0.579936
-0.828801 0.033872 0.558517
-0.726780 0.038985 0.685764
-0.814124 0.029617 0.579936
-0.894343 0.026199 0.446613
-0.902582 0.028396 0.429580
-0.902582 0.028396 0.429580
-0.828801 0.033872 0.558517
-0.814124 0.029617 0.579936
-0.902582 0.028396 0.429580
-0.894343 0.026199 0.446613
-0.954033 0.026702 0.298508
-0.954033 0.026702 0.298508
-0.957821 0.024919 0.286283
-0.902582 0.028396 0.429580
-0.954033 0.026702 0.298508
-0.988038 0.026305 0.151948
-0.989229 0.024033 0.144392
-0.989229 0.024033 0.144392
-0.957821 0.024919 0.286283
-0.954033 0.026702 0.298508
-0.989229 0.024033 0.144392
-0.988038 0.026305 0.151948
-0.999640 0.026830 0.000000
-0.999640 0.026830 0.000000
-0.999732 0.023160 0.000000
-0.989229 0.024033 0.144392
-0.408121 0.157257 0.899282
-0.271040 0.256817 0.927676
-0.662604 0.332427 0.671155
-0.662604 0.332427 0.671155
-0.784343 0.192977 0.589548
-0.408121 0.157257 0.899282
-0.408121 0.157257 0.899282
-0.784343 0.192977 0.589548
-0.840178 0.040460 0.540799
-0.840178 0.040460 0.540799
-0.422062 0.021727 0.906307
-0.408121 0.157257 0.899282
-0.410205 -0.082309 0.908272
-0.422062 0.021727 0.906307
-0.840178 0.040460 0.540799
-0.840178 0.040460 0.540799
-0.818945 -0.160835 0.550874
-0.410205 -0.082309 0.908272
-0.818945 -0.160835 0.550874
-0.840178 0.040460 0.540799
-0.978015 0.023822 0.207171
-0.978015 0.023822 0.207171
-0.957666 -0.171105 0.231515
-0.818945 -0.160835 0.550874
-0.818945 -0.160835 0.550874
-0.749290 -0.322822 0.578231
-0.392060 -0.165702 0.904893
-0.392060 -0.165702 0.904893
-0.410205 -0.082309 0.908272
-0.818945 -0.160835 0.550874
-0.818945 -0.160835 0.550874
-0.957666 -0.171105 0.231515
-0.893146 -0.359229 0.270636
-0.893146 -0.359229 0.270636
-0.749290 -0.322822 0.578231
-0.818945 -0.160835 0.550874
-0.672985 -0.448976 0.587802
-0.749290 -0.322822 0.578231
-0.893146 -0.359229 0.270636
-0.893146 -0.359229 0.270636
-0.798835 -0.527189 0.289715
-0.672985 -0.448976 0.587802
-0.798835 -0.527189 0.289715
-0.893146 -0.359229 0.270636
-0.920168 -0.359422 0.155263
-0.920168 -0.359422 0.155263
-0.825112 -0.545420 0.147335
-0.798835 -0.527189 0.289715
-0.798835 -0.527189 0.289715
-0.676707 -0.676089 0.291500
-0.570317 -0.570364 0.591120
-0.570317 -0.570364 0.591120
-0.672985 -0.448976 0.587802
-0.798835 -0.527189 0.289715
-0.798835 -0.527189 0.289715
-0.825112 -0.545420 0.147335
-0.697675 -0.702276 0.141626
-0.697675 -0.702276 0.141626
-0.676707 -0.676089 0.291500
-0.798835 -0.527189 0.289715
-0.531257 -0.797808 0.285078
-0.676707 -0.676089 0.291500
-0.697675 -0.702276 0.141626
-0.697675 -0.702276 0.141626
-0.546905 -0.824358 0.146048
-0.531257 -0.797808 0.285078
-0.546905 -0.824358 0.146048
-0.697675 -0.702276 0.141626
-0.702946 -0.704789 -0.095600
-0.702946 -0.704789 -0.095600
-0.546395 -0.832982 -0.087141
-0.546905 -0.824358 0.146048
-0.546905 -0.824358 0.146048
-0.376880 -0.914929 0.144450
-0.354077 -0.886443 0.298074
-0.354077 -0.886443 0.298074
-0.531257 -0.797808 0.285078
-0.546905 -0.824358 0.146048
-0.546905 -0.824358 0.146048
-0.546395 -0.832982 -0.087141
-0.367564 -0.923366 -0.110870
-0.367564 -0.923366 -0.110870
-0.376880 -0.914929 0.144450
-0.546905 -0.824358 0.146048
-0.191158 -0.978539 0.076939
-0.376880 -0.914929 0.144450
-0.367564 -0.923366 -0.110870
-0.367564 -0.923366 -0.110870
-0.194087 -0.961383 -0.195122
-0.191158 -0.978539 0.076939
-0.194087 -0.961383 -0.195122
-0.367564 -0.923366 -0.110870
-0.209725 -0.527995 -0.822944
-0.209725 -0.527995 -0.822944
-0.121647 -0.560189 -0.819384
-0.194087 -0.961383 -0.195122
-0.194087 -0.961383 -0.195122
0.000000 -0.997460 -0.071229
0.000000 -0.990094 0.140408
0.000000 -0.990094 0.140408
-0.191158 -0.978539 0.076939
-0.194087 -0.961383 -0.195122
-0.194087 -0.961383 -0.195122
-0.121647 -0.560189 -0.819384
-0.000000 -0.645045 -0.764145
-0.000000 -0.645045 -0.764145
0.000000 -0.997460 -0.071229
-0.194087 -0.961383 -0.195122
-0.392060 -0.165702 0.904893
-0.749290 -0.322822 0.578231
-0.672985 -0.448976 0.587802
-0.672985 -0.448976 0.587802
-0.357820 -0.239068 0.902669
-0.392060 -0.165702 0.904893
-0.305079 -0.305978 0.901834
-0.357820 -0.239068 0.902669
-0.672985 -0.448976 0.587802
-0.672985 -0.448976 0.587802
-0.570317 -0.570364 0.591120
-0.305079 -0.305978 0.901834
-0.570317 -0.570364 0.591120
-0.448888 -0.667311 0.594302
-0.240342 -0.358702 0.901980
-0.240342 -0.358702 0.901980
-0.305079 -0.305978 0.901834
-0.570317 -0.570364 0.591120
-0.570317 -0.570364 0.591120
-0.676707 -0.676089 0.291500
-0.531257 -0.797808 0.285078
-0.531257 -0.797808 0.285078
-0.448888 -0.667311 0.594302
-0.570317 -0.570364 0.591120
-0.278202 -0.758263 0.589610
-0.448888 -0.667311 0.594302
-0.531257 -0.797808 0.285078
-0.531257 -0.797808 0.285078
-0.354077 -0.886443 0.298074
-0.278202 -0.758263 0.589610
-0.354077 -0.886443 0.298074
-0.183135 -0.918110 0.351476
-0.144296 -0.757914 0.636196
-0.144296 -0.757914 0.636196
-0.278202 -0.758263 0.589610
-0.354077 -0.886443 0.298074
-0.354077 -0.886443 0.298074
-0.376880 -0.914929 0.144450
-0.191158 -0.978539 0.076939
-0.191158 -0.978539 0.076939
-0.183135 -0.918110 0.351476
-0.354077 -0.886443 0.298074
-0.000000 -0.945414 0.325870
-0.183135 -0.918110 0.351476
-0.191158 -0.978539 0.076939
-0.191158 -0.978539 0.076939
0.000000 -0.990094 0.140408
-0.000000 -0.945414 0.325870
-0.240342 -0.358702 0.901980
-0.448888 -0.667311 0.594302
-0.278202 -0.758263 0.589610
-0.278202 -0.758263 0.589610
-0.149855 -0.409489 0.899924
-0.240342 -0.358702 0.901980
-0.079715 -0.421808 0.903174
-0.149855 -0.409489 0.899924
-0.278202 -0.758263 0.589610
-0.278202 -0.758263 0.589610
-0.144296 -0.757914 0.636196
-0.079715 -0.421808 0.903174
-0.079715 -0.421808 0.903174
-0.144296 -0.757914 0.636196
-0.000000 -0.797110 0.603834
-0.000000 -0.797110 0.603834
-0.000000 -0.448089 0.893989
-0.079715 -0.421808 0.903174
-0.144296 -0.757914 0.636196
-0.183135 -0.918110 0.351476
-0.000000 -0.945414 0.325870
-0.000000 -0.945414 0.325870
-0.000000 -0.797110 0.603834
-0.144296 -0.757914 0.636196
-0.000000 -0.000000 -1.000000
-0.000000 -0.000000 -1.000000
-0.000000 -0.000000 -1.000000
0.000000 0.727720 -0.685875
0.000000 0.721778 -0.692125
0.147518 0.753958 -0.640145
0.147518 0.753958 -0.640145
0.147093 0.756564 -0.637161
0.000000 0.727720 -0.685875
0.147518 0.753958 -0.640145
0.271480 0.729914 -0.627315
0.273231 0.729824 -0.626659
0.273231 0.729824 -0.626659
0.147093 0.756564 -0.637161
0.147518 0.753958 -0.640145
0.000490 0.002983 -0.999995
-0.121647 -0.560189 -0.819384
-0.209725 -0.527995 -0.822944
-0.209725 -0.527995 -0.822944
0.041955 0.127551 -0.990944
0.000490 0.002983 -0.999995
0.000490 0.002983 -0.999995
0.000000 0.000000 -1.000000
-0.000000 -0.645045 -0.764145
-0.000000 -0.645045 -0.764145
-0.121647 -0.560189 -0.819384
0.000490 0.002983 -0.999995
-0.209725 -0.527995 -0.822944
-0.318682 -0.486621 -0.813414
0.060636 0.090750 -0.994026
0.060636 0.090750 -0.994026
0.041955 0.127551 -0.990944
-0.209725 -0.527995 -0.822944
-0.209725 -0.527995 -0.822944
-0.367564 -0.923366 -0.110870
-0.546395 -0.832982 -0.087141
-0.546395 -0.832982 -0.087141
-0.318682 -0.486621 -0.813414
-0.209725 -0.527995 -0.822944
-0.428158 -0.423828 -0.798154
-0.318682 -0.486621 -0.813414
-0.546395 -0.832982 -0.087141
-0.546395 -0.832982 -0.087141
-0.702946 -0.704789 -0.095600
-0.428158 -0.423828 -0.798154
-0.702946 -0.704789 -0.095600
-0.697675 -0.702276 0.141626
-0.825112 -0.545420 0.147335
-0.825112 -0.545420 0.147335
-0.834471 -0.544584 -0.084175
-0.702946 -0.704789 -0.095600
-0.930362 -0.358816 -0.075349
-0.834471 -0.544584 -0.084175
-0.825112 -0.545420 0.147335
-0.825112 -0.545420 0.147335
-0.920168 -0.359422 0.155263
-0.930362 -0.358816 -0.075349
-0.920168 -0.359422 0.155263
-0.893146 -0.359229 0.270636
-0.957666 -0.171105 0.231515
-0.957666 -0.171105 0.231515
-0.974162 -0.165577 0.153597
-0.920168 -0.359422 0.155263
-0.993172 0.010744 0.116166
-0.974162 -0.165577 0.153597
-0.957666 -0.171105 0.231515
-0.957666 -0.171105 0.231515
-0.978015 0.023822 0.207171
-0.993172 0.010744 0.116166
-0.978015 0.023822 0.207171
-0.840178 0.040460 0.540799
-0.784343 0.192977 0.589548
-0.784343 0.192977 0.589548
-0.944611 0.177494 0.276052
-0.978015 0.023822 0.207171
-0.897595 0.303457 0.319744
-0.944611 0.177494 0.276052
-0.784343 0.192977 0.589548
-0.784343 0.192977 0.589548
-0.662604 0.332427 0.671155
-0.897595 0.303457 0.319744
-0.000000 0.000000 -1.000000
-0.000000 -0.000000 -1.000000
-0.000000 0.000000 -1.000000
-0.030359 -0.578598 -0.815047
-0.005968 -0.289154 -0.957264
-0.027629 -0.247779 -0.968422
-0.027629 -0.247779 -0.968422
-0.077939 -0.576489 -0.813379
-0.030359 -0.578598 -0.815047
-0.108496 -0.959587 -0.259657
-0.201064 -0.926803 -0.317189
-0.257899 -0.949996 -0.176057
-0.257899 -0.949996 -0.176057
-0.167027 -0.979560 -0.112094
-0.108496 -0.959587 -0.259657
-0.087189 -0.994871 -0.051279
-0.167027 -0.979560 -0.112094
-0.204704 -0.976874 -0.061747
-0.204704 -0.976874 -0.061747
-0.110310 -0.993569 -0.025536
-0.087189 -0.994871 -0.051279
-0.000000 -0.999993 -0.003667
-0.110310 -0.993569 -0.025536
-0.128285 -0.991686 -0.010078
-0.128285 -0.991686 -0.010078
-0.000000 -1.000000 -0.000608
-0.000000 -0.999993 -0.003667
0.515899 -0.771482 -0.372375
0.514090 -0.773833 -0.369993
0.349277 -0.864823 -0.360675
0.349277 -0.864823 -0.360675
0.352862 -0.865446 -0.355656
0.515899 -0.771482 -0.372375
-0.007769 0.045545 0.998932
-0.039574 0.000000 0.999217
-0.193799 -0.002639 0.981038
-0.193799 -0.002639 0.981038
-0.118836 0.057306 0.991259
-0.007769 0.045545 0.998932
-0.118836 0.057306 0.991259
-0.193799 -0.002639 0.981038
-0.359683 0.011553 0.933003
-0.359683 0.011553 0.933003
-0.313859 0.056660 0.947777
-0.118836 0.057306 0.991259
-0.313859 0.056660 0.947777
-0.359683 0.011553 0.933003
-0.554295 0.000000 0.832320
-0.554295 0.000000 0.832320
-0.556867 0.031507 0.830004
-0.313859 0.056660 0.947777
-0.556867 0.031507 0.830004
-0.554295 0.000000 0.832320
-0.707672 0.000000 0.706541
-0.707672 0.000000 0.706541
-0.704797 0.029945 0.708777
-0.556867 0.031507 0.830004
-0.704797 0.029945 0.708777
-0.707672 0.000000 0.706541
-0.812714 0.000000 0.582663
-0.812714 0.000000 0.582663
-0.814124 0.029617 0.579936
-0.704797 0.029945 0.708777
-0.814124 0.029617 0.579936
-0.812714 0.000000 0.582663
-0.895576 0.000000 0.444908
-0.895576 0.000000 0.444908
-0.894343 0.026199 0.446613
-0.814124 0.029617 0.579936
-0.894343 0.026199 0.446613
-0.895576 0.000000 0.444908
-0.954048 0.000000 0.299654
-0.954048 0.000000 0.299654
-0.954033 0.026702 0.298508
-0.894343 0.026199 0.446613
-0.954033 0.026702 0.298508
-0.954048 0.000000 0.299654
-0.988534 0.000000 0.151001
-0.988534 0.000000 0.151001
-0.988038 0.026305 0.151948
-0.954033 0.026702 0.298508
-0.988038 0.026305 0.151948
-0.988534 0.000000 0.151001
-1.000000 0.000000 0.000000
-1.000000 0.000000 0.000000
-0.999640 0.026830 0.000000
-0.988038 0.026305 0.151948
-0.000000 1.000000 0.000002
-0.000000 1.000000 0.000002
-0.000000 1.000000 0.000002
-0.000000 1.000000 0.000002
-0.000000 1.000000 0.000002
-0.000000 1.000000 0.000002
-0.000000 1.000000 0.000002
-0.000000 1.000000 0.000002
-0.000001 1.000000 0.000002
-0.000001 1.000000 0.000002
-0.000001 1.000000 0.000002
-0.000000 1.000000 0.000002
-0.000001 1.000000 0.000002
-0.000001 1.000000 0.000002
-0.000001 1.000000 0.000002
-0.000001 1.000000 0.000002
-0.000001 1.000000 0.000002
-0.000001 1.000000 0.000002
-0.000001 1.000000 0.000002
-0.000001 1.000000 0.000002
-0.000002 1.000000 0.000002
-0.000002 1.000000 0.000002
-0.000002 1.000000 0.000002
-0.000001 1.000000 0.000002
-0.000002 1.000000 0.000002
-0.000002 1.000000 0.000002
-0.000002 1.000000 0.000001
-0.000002 1.000000 0.000001
-0.000002 1.000000 0.000001
-0.000002 1.000000 0.000002
-0.000002 1.000000 0.000001
-0.000002 1.000000 0.000001
-0.000002 1.000000 0.000001
-0.000002 1.000000 0.000001
-0.000002 1.000000 0.000001
-0.000002 1.000000 0.000001
-0.000002 1.000000 0.000001
-0.000002 1.000000 0.000001
-0.000002 1.000000 0.000001
-0.000002 1.000000 0.000001
-0.000002 1.000000 0.000001
-0.000002 1.000000 0.000001
-0.000002 1.000000 0.000001
-0.000002 1.000000 0.000001
-0.000002 1.000000 0.000000
-0.000002 1.000000 0.000000
-0.000002 1.000000 0.000000
-0.000002 1.000000 0.000001
-0.000002 1.000000 0.000000
-0.000002 1.000000 0.000000
-0.000002 1.000000 0.000000
-0.000002 1.000000 0.000000
-0.000002 1.000000 -0.000000
-0.000002 1.000000 0.000000
-0.043256 0.000000 0.999064
-0.043256 0.000000 0.999064
-0.195914 0.000000 0.980621
-0.195914 0.000000 0.980621
-0.195914 0.000000 0.980621
-0.043256 0.000000 0.999064
-0.195914 0.000000 0.980621
-0.195914 0.000000 0.980621
-0.361011 0.000000 0.932561
-0.361011 0.000000 0.932561
-0.361011 0.000000 0.932561
-0.195914 0.000000 0.980621
-0.554295 0.000000 0.832320
-0.361011 0.000000 0.932561
-0.361011 0.000000 0.932561
-0.361011 0.000000 0.932561
-0.554295 0.000000 0.832320
-0.554295 0.000000 0.832320
-0.554295 0.000000 0.832320
-0.554295 0.000000 0.832320
-0.707672 0.000000 0.706541
-0.707672 0.000000 0.706541
-0.707672 0.000000 0.706541
-0.554295 0.000000 0.832320
-0.707672 0.000000 0.706541
-0.707672 0.000000 0.706541
-0.812714 0.000000 0.582663
-0.812714 0.000000 0.582663
-0.812714 0.000000 0.582663
-0.707672 0.000000 0.706541
-0.812714 0.000000 0.582663
-0.812714 0.000000 0.582663
-0.895576 0.000000 0.444908
-0.895576 0.000000 0.444908
-0.895576 0.000000 0.444908
-0.812714 0.000000 0.582663
-0.895576 0.000000 0.444908
-0.895576 0.000000 0.444908
-0.954048 0.000000 0.299654
-0.954048 0.000000 0.299654
-0.954048 0.000000 0.299654
-0.895576 0.000000 0.444908
-0.954048 0.000000 0.299654
-0.954048 0.000000 0.299654
-0.988496 0.000000 0.151245
-0.988496 0.000000 0.151245
-0.988496 0.000000 0.151245
-0.954048 0.000000 0.299654
-0.988496 0.000000 0.151245
-0.988496 0.000000 0.151245
-1.000000 0.000000 0.000000
-1.000000 0.000000 0.000000
-1.000000 0.000000 0.000000
-0.988496 0.000000 0.151245
0.831792 0.105896 0.544893
0.903249 -0.067856 0.423717
0.851835 0.160771 0.498527
0.851835 0.160771 0.498527
0.719195 0.176831 0.671929
0.831792 0.105896 0.544893
0.831792 0.105896 0.544893
0.795505 0.214040 0.566885
0.907368 -0.411817 -0.084201
0.907368 -0.411817 -0.084201
0.881715 -0.468885 -0.052201
0.831792 0.105896 0.544893
0.831792 0.105896 0.544893
0.881715 -0.468885 -0.052201
0.818646 -0.572842 0.040877
0.818646 -0.572842 0.040877
0.903249 -0.067856 0.423717
0.831792 0.105896 0.544893
-0.000000 0.059908 0.998204
0.116455 0.056143 0.991608
0.120978 0.035138 0.992033
0.120978 0.035138 0.992033
-0.007769 0.045545 0.998932
-0.000000 0.059908 0.998204
0.143733 0.247974 0.958045
0.271040 0.256817 0.927676
0.532970 0.359635 0.765902
0.143733 0.247974 0.958045
0.532970 0.359635 0.765902
0.460747 0.348126 0.816407
0.460747 0.348126 0.816407
0.175870 0.290303 0.940635
0.143733 0.247974 0.958045
0.143733 0.247974 0.958045
0.175870 0.290303 0.940635
0.000000 0.280852 0.959751
0.000000 0.280852 0.959751
-0.000000 0.189928 0.981798
0.143733 0.247974 0.958045
-0.000000 0.048339 0.998831
0.152630 0.060355 0.986439
0.116455 0.056143 0.991608
0.116455 0.056143 0.991608
-0.000000 0.059908 0.998204
-0.000000 0.048339 0.998831
-0.024585 -0.090311 -0.995610
0.027629 -0.247779 -0.968422
0.089756 -0.240692 -0.966443
0.089756 -0.240692 -0.966443
0.077499 -0.043207 -0.996056
-0.024585 -0.090311 -0.995610
-0.024585 -0.090311 -0.995610
-0.090877 -0.080845 -0.992575
-0.212497 -0.160438 -0.963901
-0.212497 -0.160438 -0.963901
-0.082012 -0.107824 -0.990782
-0.024585 -0.090311 -0.995610
-0.024585 -0.090311 -0.995610
-0.034499 -0.176905 -0.983623
0.005968 -0.289154 -0.957264
0.005968 -0.289154 -0.957264
0.027629 -0.247779 -0.968422
-0.024585 -0.090311 -0.995610
-0.024585 -0.090311 -0.995610
-0.082012 -0.107824 -0.990782
-0.047696 -0.172834 -0.983796
-0.047696 -0.172834 -0.983796
-0.034499 -0.176905 -0.983623
-0.024585 -0.090311 -0.995610
0.984019 -0.178065 0.000000
0.983346 -0.170629 0.062574
0.757627 -0.652516 0.014999
0.757627 -0.652516 0.014999
0.754046 -0.656822 0.000000
0.984019 -0.178065 0.000000
0.983346 -0.170629 0.062574
0.984019 -0.178065 0.000000
0.996769 0.080322 0.000000
0.996769 0.080322 0.000000
0.992816 0.083532 0.085670
0.983346 -0.170629 0.062574
0.983346 -0.170629 0.062574
0.992816 0.083532 0.085670
0.976521 0.094409 0.193633
0.976521 0.094409 0.193633
0.975738 -0.157712 0.151862
0.983346 -0.170629 0.062574
0.983346 -0.170629 0.062574
0.975738 -0.157712 0.151862
0.762258 -0.646176 0.037659
0.762258 -0.646176 0.037659
0.757627 -0.652516 0.014999
0.983346 -0.170629 0.062574
0.963550 -0.144780 0.224966
0.776628 -0.628846 0.037445
0.762258 -0.646176 0.037659
0.762258 -0.646176 0.037659
0.975738 -0.157712 0.151862
0.963550 -0.144780 0.224966
0.762258 -0.646176 0.037659
0.776628 -0.628846 0.037445
0.474794 -0.879075 -0.042401
0.474794 -0.879075 -0.042401
0.482690 -0.875664 -0.014937
0.762258 -0.646176 0.037659
0.762258 -0.646176 0.037659
0.482690 -0.875664 -0.014937
0.484307 -0.874891 -0.003470
0.484307 -0.874891 -0.003470
0.757627 -0.652516 0.014999
0.762258 -0.646176 0.037659
0.484307 -0.874891 -0.003470
0.484893 -0.874574 0.000000
0.754046 -0.656822 0.000000
0.754046 -0.656822 0.000000
0.757627 -0.652516 0.014999
0.484307 -0.874891 -0.003470
0.484893 -0.874574 0.000000
0.484307 -0.874891 -0.003470
0.360433 -0.932785 -0.000636
0.360433 -0.932785 -0.000636
0.363173 -0.931722 0.000000
0.484893 -0.874574 0.000000
0.150192 -0.988657 -0.000000
0.148606 -0.988893 0.002588
-0.000000 -1.000000 0.000470
-0.000000 -1.000000 0.000470
0.000000 -1.000000 0.000000
0.150192 -0.988657 -0.000000
0.150192 -0.988657 -0.000000
0.266902 -0.963724 0.000000
0.263582 -0.964632 0.003201
0.263582 -0.964632 0.003201
0.148606 -0.988893 0.002588
0.150192 -0.988657 -0.000000
0.263582 -0.964632 0.003201
0.259182 -0.965814 -0.005364
0.146998 -0.989130 -0.003606
0.146998 -0.989130 -0.003606
0.148606 -0.988893 0.002588
0.263582 -0.964632 0.003201
0.263582 -0.964632 0.003201
0.266902 -0.963724 0.000000
0.363173 -0.931722 0.000000
0.363173 -0.931722 0.000000
0.360433 -0.932785 -0.000636
0.263582 -0.964632 0.003201
0.263582 -0.964632 0.003201
0.360433 -0.932785 -0.000636
0.354946 -0.934838 -0.009548
0.354946 -0.934838 -0.009548
0.259182 -0.965814 -0.005364
0.263582 -0.964632 0.003201
0.354946 -0.934838 -0.009548
0.347163 -0.937392 -0.027826
0.253456 -0.967131 -0.020429
0.253456 -0.967131 -0.020429
0.259182 -0.965814 -0.005364
0.354946 -0.934838 -0.009548
0.360433 -0.932785 -0.000636
0.484307 -0.874891 -0.003470
0.482690 -0.875664 -0.014937
0.482690 -0.875664 -0.014937
0.354946 -0.934838 -0.009548
0.360433 -0.932785 -0.000636
0.354946 -0.934838 -0.009548
0.482690 -0.875664 -0.014937
0.474794 -0.879075 -0.042401
0.474794 -0.879075 -0.042401
0.347163 -0.937392 -0.027826
0.354946 -0.934838 -0.009548
0.474794 -0.879075 -0.042401
0.458375 -0.884448 -0.087432
0.336184 -0.939899 -0.059754
0.336184 -0.939899 -0.059754
0.347163 -0.937392 -0.027826
0.474794 -0.879075 -0.042401
0.458375 -0.884448 -0.087432
0.443761 -0.884265 -0.145437
0.307687 -0.946152 -0.100628
0.307687 -0.946152 -0.100628
0.336184 -0.939899 -0.059754
0.458375 -0.884448 -0.087432
0.474794 -0.879075 -0.042401
0.776628 -0.628846 0.037445
0.793381 -0.608688 0.006667
0.793381 -0.608688 0.006667
0.458375 -0.884448 -0.087432
0.474794 -0.879075 -0.042401
0.458375 -0.884448 -0.087432
0.793381 -0.608688 0.006667
0.818646 -0.572842 0.040877
0.818646 -0.572842 0.040877
0.443761 -0.884265 -0.145437
0.458375 -0.884448 -0.087432
0.818646 -0.572842 0.040877
0.881715 -0.468885 -0.052201
0.422919 -0.872745 -0.243837
0.422919 -0.872745 -0.243837
0.443761 -0.884265 -0.145437
0.818646 -0.572842 0.040877
0.881715 -0.468885 -0.052201
0.907368 -0.411817 -0.084201
0.364160 -0.841455 -0.399175
0.364160 -0.841455 -0.399175
0.422919 -0.872745 -0.243837
0.881715 -0.468885 -0.052201
0.939887 -0.290896 -0.178860
0.289024 -0.754123 -0.589715
0.364160 -0.841455 -0.399175
0.364160 -0.841455 -0.399175
0.907368 -0.411817 -0.084201
0.939887 -0.290896 -0.178860
0.939887 -0.290896 -0.178860
0.928536 -0.121165 -0.350914
0.191798 -0.528832 -0.826771
0.191798 -0.528832 -0.826771
0.289024 -0.754123 -0.589715
0.939887 -0.290896 -0.178860
0.907368 -0.411817 -0.084201
0.795505 0.214040 0.566885
0.774455 0.269193 0.572499
0.774455 0.269193 0.572499
0.939887 -0.290896 -0.178860
0.907368 -0.411817 -0.084201
0.939887 -0.290896 -0.178860
0.774455 0.269193 0.572499
0.750533 0.305037 0.586219
0.750533 0.305037 0.586219
0.928536 -0.121165 -0.350914
0.939887 -0.290896 -0.178860
0.750533 0.305037 0.586219
0.750333 0.323376 0.576566
0.881205 0.065308 -0.468202
0.881205 0.065308 -0.468202
0.928536 -0.121165 -0.350914
0.750533 0.305037 0.586219
0.750333 0.323376 0.576566
0.750533 0.305037 0.586219
0.418164 0.310804 0.853545
0.418164 0.310804 0.853545
0.412137 0.322754 0.852040
0.750333 0.323376 0.576566
0.750333 0.323376 0.576566
0.412137 0.322754 0.852040
0.426153 0.318728 0.846644
0.426153 0.318728 0.846644
0.761501 0.335435 0.554616
0.750333 0.323376 0.576566
0.750333 0.323376 0.576566
0.761501 0.335435 0.554616
0.824866 0.234542 -0.514380
0.824866 0.234542 -0.514380
0.881205 0.065308 -0.468202
0.750333 0.323376 0.576566
0.801957 0.361742 0.475402
0.799879 0.312801 -0.512201
0.824866 0.234542 -0.514380
0.824866 0.234542 -0.514380
0.761501 0.335435 0.554616
0.801957 0.361742 0.475402
0.799879 0.312801 -0.512201
0.112738 0.050862 -0.992322
0.077499 -0.043207 -0.996056
0.077499 -0.043207 -0.996056
0.824866 0.234542 -0.514380
0.799879 0.312801 -0.512201
0.799879 0.312801 -0.512201
0.801957 0.361742 0.475402
0.863036 0.354647 0.359715
0.863036 0.354647 0.359715
0.905559 0.284532 -0.314651
0.799879 0.312801 -0.512201
0.799879 0.312801 -0.512201
0.905559 0.284532 -0.314651
0.389632 0.082145 -0.917300
0.389632 0.082145 -0.917300
0.112738 0.050862 -0.992322
0.799879 0.312801 -0.512201
0.960810 0.273048 -0.047850
0.733279 0.200987 -0.649543
0.389632 0.082145 -0.917300
0.389632 0.082145 -0.917300
0.905559 0.284532 -0.314651
0.960810 0.273048 -0.047850
0.733279 0.200987 -0.649543
-0.096481 -0.056949 -0.993704
-0.159395 -0.132470 -0.978287
-0.159395 -0.132470 -0.978287
0.389632 0.082145 -0.917300
0.733279 0.200987 -0.649543
0.733279 0.200987 -0.649543
0.960810 0.273048 -0.047850
0.980154 0.170025 0.101928
0.980154 0.170025 0.101928
0.962343 0.145332 -0.229730
0.733279 0.200987 -0.649543
0.733279 0.200987 -0.649543
0.962343 0.145332 -0.229730
0.349666 0.006685 -0.936851
0.349666 0.006685 -0.936851
-0.096481 -0.056949 -0.993704
0.733279 0.200987 -0.649543
0.995290 0.018531 -0.095159
0.639675 0.023647 -0.768282
0.349666 0.006685 -0.936851
0.349666 0.006685 -0.936851
0.962343 0.145332 -0.229730
0.995290 0.018531 -0.095159
0.639675 0.023647 -0.768282
0.012381 0.000644 -0.999923
-0.362124 -0.094117 -0.927366
-0.362124 -0.094117 -0.927366
0.349666 0.006685 -0.936851
0.639675 0.023647 -0.768282
0.639675 0.023647 -0.768282
0.995290 0.018531 -0.095159
0.983150 -0.169367 -0.068784
0.983150 -0.169367 -0.068784
0.655595 -0.109286 -0.747162
0.639675 0.023647 -0.768282
0.639675 0.023647 -0.768282
0.655595 -0.109286 -0.747162
0.051075 -0.008406 -0.998659
0.051075 -0.008406 -0.998659
0.012381 0.000644 -0.999923
0.639675 0.023647 -0.768282
-0.903181 0.177602 -0.390797
-0.903147 0.179175 -0.390156
-0.966007 -0.001396 -0.258511
-0.966007 -0.001396 -0.258511
-0.969073 -0.022967 -0.245702
-0.903181 0.177602 -0.390797
0.051075 -0.008406 -0.998659
0.655595 -0.109286 -0.747162
0.595450 -0.228787 -0.770128
0.595450 -0.228787 -0.770128
0.004974 -0.002708 -0.999984
0.051075 -0.008406 -0.998659
-0.903181 0.177602 -0.390797
-0.790243 0.310500 -0.528304
-0.792910 0.309228 -0.525045
-0.792910 0.309228 -0.525045
-0.903147 0.179175 -0.390156
-0.903181 0.177602 -0.390797
0.000000 -0.000000 -1.000000
-0.000000 -0.000000 -1.000000
0.000000 -0.000000 -1.000000
-0.792910 0.309228 -0.525045
-0.790243 0.310500 -0.528304
-0.677977 0.450420 -0.580921
-0.677977 0.450420 -0.580921
-0.674887 0.450733 -0.584267
-0.792910 0.309228 -0.525045
0.000000 -0.000000 -1.000000
0.000000 -0.000000 -1.000000
-0.000000 -0.000000 -1.000000
-0.000000 -0.000000 -1.000000
0.000000 -0.000000 -1.000000
0.000000 -0.000000 -1.000000
0.000000 -0.000000 -1.000000
-0.000000 -0.000000 -1.000000
0.000000 0.000000 -1.000000
-0.000000 -0.000000 -1.000000
0.000000 -0.000000 -1.000000
0.000000 -0.000000 -1.000000
0.000000 0.000000 -1.000000
-0.000000 -0.000000 -1.000000
0.000000 0.000000 -1.000000
-0.974308 -0.208443 -0.085289
-0.920623 -0.379026 -0.093767
-0.919097 -0.382760 -0.093572
-0.919097 -0.382760 -0.093572
-0.975825 -0.205097 -0.075508
-0.974308 -0.208443 -0.085289
-0.974308 -0.208443 -0.085289
-0.975825 -0.205097 -0.075508
-0.969073 -0.022967 -0.245702
-0.969073 -0.022967 -0.245702
-0.966007 -0.001396 -0.258511
-0.974308 -0.208443 -0.085289
-0.919097 -0.382760 -0.093572
-0.920623 -0.379026 -0.093767
-0.827520 -0.550626 -0.109644
-0.827520 -0.550626 -0.109644
-0.826113 -0.551217 -0.117037
-0.919097 -0.382760 -0.093572
-0.534644 -0.217485 -0.816613
-0.392066 -0.251018 -0.885028
-0.159395 -0.132470 -0.978287
-0.159395 -0.132470 -0.978287
-0.096481 -0.056949 -0.993704
-0.534644 -0.217485 -0.816613
-0.534644 -0.217485 -0.816613
-0.096481 -0.056949 -0.993704
0.349666 0.006685 -0.936851
0.349666 0.006685 -0.936851
-0.362124 -0.094117 -0.927366
-0.534644 -0.217485 -0.816613
-0.159395 -0.132470 -0.978287
-0.392066 -0.251018 -0.885028
-0.212497 -0.160438 -0.963901
-0.212497 -0.160438 -0.963901
-0.090877 -0.080845 -0.992575
-0.159395 -0.132470 -0.978287
-0.159395 -0.132470 -0.978287
-0.090877 -0.080845 -0.992575
0.112738 0.050862 -0.992322
0.112738 0.050862 -0.992322
0.389632 0.082145 -0.917300
-0.159395 -0.132470 -0.978287
-0.024585 -0.090311 -0.995610
0.077499 -0.043207 -0.996056
0.112738 0.050862 -0.992322
0.112738 0.050862 -0.992322
-0.090877 -0.080845 -0.992575
-0.024585 -0.090311 -0.995610
0.077499 -0.043207 -0.996056
0.089756 -0.240692 -0.966443
0.881205 0.065308 -0.468202
0.881205 0.065308 -0.468202
0.824866 0.234542 -0.514380
0.077499 -0.043207 -0.996056
0.191798 -0.528832 -0.826771
0.928536 -0.121165 -0.350914
0.881205 0.065308 -0.468202
0.881205 0.065308 -0.468202
0.089756 -0.240692 -0.966443
0.191798 -0.528832 -0.826771
0.089756 -0.240692 -0.966443
0.027629 -0.247779 -0.968422
0.077939 -0.576489 -0.813379
0.077939 -0.576489 -0.813379
0.191798 -0.528832 -0.826771
0.089756 -0.240692 -0.966443
0.191798 -0.528832 -0.826771
0.077939 -0.576489 -0.813379
0.138398 -0.816041 -0.561181
0.138398 -0.816041 -0.561181
0.289024 -0.754123 -0.589715
0.191798 -0.528832 -0.826771
0.138398 -0.816041 -0.561181
0.201063 -0.926803 -0.317189
0.364160 -0.841455 -0.399175
0.364160 -0.841455 -0.399175
0.289024 -0.754123 -0.589715
0.138398 -0.816041 -0.561181
0.257899 -0.949996 -0.176057
0.422919 -0.872745 -0.243837
0.364160 -0.841455 -0.399175
0.364160 -0.841455 -0.399175
0.201063 -0.926803 -0.317189
0.257899 -0.949996 -0.176057
0.307687 -0.946152 -0.100628
0.443761 -0.884265 -0.145437
0.422919 -0.872745 -0.243837
0.422919 -0.872745 -0.243837
0.257899 -0.949996 -0.176057
0.307687 -0.946152 -0.100628
0.307687 -0.946152 -0.100628
0.257899 -0.949996 -0.176057
0.167027 -0.979560 -0.112094
0.167027 -0.979560 -0.112094
0.204704 -0.976874 -0.061747
0.307687 -0.946152 -0.100628
0.307687 -0.946152 -0.100628
0.204704 -0.976874 -0.061747
0.234129 -0.971534 -0.036124
0.234129 -0.971534 -0.036124
0.336184 -0.939899 -0.059754
0.307687 -0.946152 -0.100628
0.234129 -0.971534 -0.036124
0.204704 -0.976874 -0.061747
0.110310 -0.993569 -0.025536
0.110310 -0.993569 -0.025536
0.128285 -0.991686 -0.010078
0.234129 -0.971534 -0.036124
0.234129 -0.971534 -0.036124
0.128285 -0.991686 -0.010078
0.139432 -0.990187 -0.009454
0.139432 -0.990187 -0.009454
0.253456 -0.967131 -0.020429
0.234129 -0.971534 -0.036124
0.234129 -0.971534 -0.036124
0.253456 -0.967131 -0.020429
0.347163 -0.937392 -0.027826
0.347163 -0.937392 -0.027826
0.336184 -0.939899 -0.059754
0.234129 -0.971534 -0.036124
0.139432 -0.990187 -0.009454
0.128285 -0.991686 -0.010078
-0.000000 -1.000000 -0.000608
-0.000000 -1.000000 -0.000608
-0.000000 -0.999999 -0.001228
0.139432 -0.990187 -0.009454
0.139432 -0.990187 -0.009454
-0.000000 -0.999999 -0.001228
0.000000 -0.999996 -0.002714
0.000000 -0.999996 -0.002714
0.146998 -0.989130 -0.003606
0.139432 -0.990187 -0.009454
0.139432 -0.990187 -0.009454
0.146998 -0.989130 -0.003606
0.259182 -0.965814 -0.005364
0.259182 -0.965814 -0.005364
0.253456 -0.967131 -0.020429
0.139432 -0.990187 -0.009454
0.000000 -0.999996 -0.002714
-0.000000 -1.000000 0.000470
0.148606 -0.988893 0.002588
0.148606 -0.988893 0.002588
0.146998 -0.989130 -0.003606
0.000000 -0.999996 -0.002714
-0.000000 -0.999726 -0.023420
-0.000000 -0.999993 -0.003667
0.110310 -0.993569 -0.025536
0.110310 -0.993569 -0.025536
0.087189 -0.994871 -0.051279
-0.000000 -0.999726 -0.023420
-0.000000 -0.999726 -0.023420
0.087189 -0.994871 -0.051279
0.046928 -0.977304 -0.206577
0.046928 -0.977304 -0.206577
0.000000 -0.984908 -0.173079
-0.000000 -0.999726 -0.023420
0.046928 -0.977304 -0.206577
0.014253 -0.848213 -0.529463
0.000000 -0.851553 -0.524268
0.000000 -0.851553 -0.524268
0.000000 -0.984908 -0.173079
0.046928 -0.977304 -0.206577
0.046928 -0.977304 -0.206577
0.087189 -0.994871 -0.051279
0.167027 -0.979560 -0.112094
0.167027 -0.979560 -0.112094
0.108496 -0.959587 -0.259657
0.046928 -0.977304 -0.206577
0.046928 -0.977304 -0.206577
0.108496 -0.959587 -0.259657
0.058959 -0.838337 -0.541954
0.058959 -0.838337 -0.541954
0.014253 -0.848213 -0.529463
0.046928 -0.977304 -0.206577
0.058959 -0.838337 -0.541954
0.030359 -0.578598 -0.815047
0.004467 -0.587574 -0.809158
0.004467 -0.587574 -0.809158
0.014253 -0.848213 -0.529463
0.058959 -0.838337 -0.541954
0.058959 -0.838337 -0.541954
0.108496 -0.959587 -0.259657
0.201063 -0.926803 -0.317189
0.201063 -0.926803 -0.317189
0.138398 -0.816041 -0.561181
0.058959 -0.838337 -0.541954
0.058959 -0.838337 -0.541954
0.138398 -0.816041 -0.561181
0.077939 -0.576489 -0.813379
0.077939 -0.576489 -0.813379
0.030359 -0.578598 -0.815047
0.058959 -0.838337 -0.541954
0.004467 -0.587574 -0.809158
0.006353 -0.339311 -0.940653
-0.000000 -0.348742 -0.937219
-0.000000 -0.348742 -0.937219
-0.000000 -0.581823 -0.813316
0.004467 -0.587574 -0.809158
0.004467 -0.587574 -0.809158
-0.000000 -0.581823 -0.813316
0.000000 -0.851553 -0.524268
0.000000 -0.851553 -0.524268
0.014253 -0.848213 -0.529463
0.004467 -0.587574 -0.809158
0.004467 -0.587574 -0.809158
0.030359 -0.578598 -0.815047
0.005968 -0.289154 -0.957264
0.005968 -0.289154 -0.957264
0.006353 -0.339311 -0.940653
0.004467 -0.587574 -0.809158
0.997803 0.066245 -0.000000
0.992811 0.067431 0.098894
0.992816 0.083532 0.085670
0.992816 0.083532 0.085670
0.996769 0.080322 0.000000
0.997803 0.066245 -0.000000
0.973394 0.074033 0.216848
0.976521 0.094409 0.193633
0.992816 0.083532 0.085670
0.992816 0.083532 0.085670
0.992811 0.067431 0.098894
0.973394 0.074033 0.216848
0.938031 0.088151 0.335153
0.947939 0.115650 0.296711
0.976521 0.094409 0.193633
0.976521 0.094409 0.193633
0.973394 0.074033 0.216848
0.938031 0.088151 0.335153
0.947939 0.115650 0.296711
0.938031 0.088151 0.335153
0.887121 0.107407 0.448866
0.887121 0.107407 0.448866
0.903353 0.136139 0.406718
0.947939 0.115650 0.296711
0.947939 0.115650 0.296711
0.903353 0.136139 0.406718
0.946867 -0.096546 0.306791
0.946867 -0.096546 0.306791
0.963550 -0.144780 0.224966
0.947939 0.115650 0.296711
0.947939 0.115650 0.296711
0.963550 -0.144780 0.224966
0.975738 -0.157712 0.151862
0.975738 -0.157712 0.151862
0.976521 0.094409 0.193633
0.947939 0.115650 0.296711
0.946867 -0.096546 0.306791
0.903353 0.136139 0.406718
0.851835 0.160771 0.498527
0.851835 0.160771 0.498527
0.903249 -0.067856 0.423717
0.946867 -0.096546 0.306791
0.946867 -0.096546 0.306791
0.903249 -0.067856 0.423717
0.818646 -0.572842 0.040877
0.818646 -0.572842 0.040877
0.793381 -0.608688 0.006667
0.946867 -0.096546 0.306791
0.946867 -0.096546 0.306791
0.793381 -0.608688 0.006667
0.776628 -0.628846 0.037445
0.776628 -0.628846 0.037445
0.963550 -0.144780 0.224966
0.946867 -0.096546 0.306791
0.903353 0.136139 0.406718
0.887121 0.107407 0.448866
0.819262 0.135899 0.557083
0.819262 0.135899 0.557083
0.851835 0.160771 0.498527
0.903353 0.136139 0.406718
0.819262 0.135899 0.557083
0.688875 0.154667 0.708187
0.719195 0.176831 0.671929
0.719195 0.176831 0.671929
0.851835 0.160771 0.498527
0.819262 0.135899 0.557083
0.463152 0.184034 0.866961
0.475904 0.221570 0.851130
0.719195 0.176831 0.671929
0.719195 0.176831 0.671929
0.688875 0.154667 0.708187
0.463152 0.184034 0.866961
0.475904 0.221570 0.851130
0.477902 0.255572 0.840412
0.831792 0.105896 0.544893
0.831792 0.105896 0.544893
0.719195 0.176831 0.671929
0.475904 0.221570 0.851130
0.456028 0.285520 0.842922
0.795505 0.214040 0.566885
0.831792 0.105896 0.544893
0.831792 0.105896 0.544893
0.477902 0.255572 0.840412
0.456028 0.285520 0.842922
0.434650 0.297018 0.850212
0.774455 0.269193 0.572499
0.795505 0.214040 0.566885
0.795505 0.214040 0.566885
0.456028 0.285520 0.842922
0.434650 0.297018 0.850212
0.418164 0.310804 0.853545
0.750533 0.305037 0.586219
0.774455 0.269193 0.572499
0.774455 0.269193 0.572499
0.434650 0.297018 0.850212
0.418164 0.310804 0.853545
0.418164 0.310804 0.853545
0.434650 0.297018 0.850212
0.160598 0.255792 0.953299
0.160598 0.255792 0.953299
0.154686 0.263565 0.952159
0.418164 0.310804 0.853545
0.418164 0.310804 0.853545
0.154686 0.263565 0.952159
0.156136 0.269304 0.950314
0.156136 0.269304 0.950314
0.412137 0.322754 0.852040
0.418164 0.310804 0.853545
0.412137 0.322754 0.852040
0.156136 0.269304 0.950314
0.164755 0.278315 0.946254
0.164755 0.278315 0.946254
0.426153 0.318728 0.846644
0.412137 0.322754 0.852040
0.164755 0.278315 0.946254
0.175870 0.290303 0.940635
0.460747 0.348126 0.816407
0.460747 0.348126 0.816407
0.426153 0.318728 0.846644
0.164755 0.278315 0.946254
0.426153 0.318728 0.846644
0.460747 0.348126 0.816407
0.801957 0.361742 0.475402
0.801957 0.361742 0.475402
0.761501 0.335435 0.554616
0.426153 0.318728 0.846644
0.532970 0.359635 0.765902
0.863036 0.354647 0.359715
0.801957 0.361742 0.475402
0.801957 0.361742 0.475402
0.460747 0.348126 0.816407
0.532970 0.359635 0.765902
0.863036 0.354647 0.359715
0.532970 0.359635 0.765902
0.662604 0.332427 0.671155
0.662604 0.332427 0.671155
0.897595 0.303457 0.319744
0.863036 0.354647 0.359715
0.863036 0.354647 0.359715
0.897595 0.303457 0.319744
0.960810 0.273048 -0.047850
0.960810 0.273048 -0.047850
0.905559 0.284532 -0.314651
0.863036 0.354647 0.359715
0.944611 0.177495 0.276053
0.980154 0.170025 0.101928
0.960810 0.273048 -0.047850
0.960810 0.273048 -0.047850
0.897595 0.303457 0.319744
0.944611 0.177495 0.276053
0.980154 0.170025 0.101928
0.944611 0.177495 0.276053
0.978015 0.023822 0.207172
0.978015 0.023822 0.207172
0.993172 0.010744 0.116166
0.980154 0.170025 0.101928
0.980154 0.170025 0.101928
0.993172 0.010744 0.116166
0.995290 0.018531 -0.095159
0.995290 0.018531 -0.095159
0.962343 0.145332 -0.229730
0.980154 0.170025 0.101928
0.974162 -0.165577 0.153597
0.983150 -0.169367 -0.068784
0.995290 0.018531 -0.095159
0.995290 0.018531 -0.095159
0.993172 0.010744 0.116166
0.974162 -0.165577 0.153597
0.983150 -0.169367 -0.068784
0.974162 -0.165577 0.153597
0.920168 -0.359422 0.155263
0.920168 -0.359422 0.155263
0.930362 -0.358816 -0.075349
0.983150 -0.169367 -0.068784
0.983150 -0.169367 -0.068784
0.930362 -0.358816 -0.075349
0.595450 -0.228787 -0.770128
0.595450 -0.228787 -0.770128
0.655595 -0.109286 -0.747162
0.983150 -0.169367 -0.068784
0.834472 -0.544584 -0.084174
0.537966 -0.352260 -0.765837
0.595450 -0.228787 -0.770128
0.595450 -0.228787 -0.770128
0.930362 -0.358816 -0.075349
0.834472 -0.544584 -0.084174
0.537966 -0.352260 -0.765837
0.017519 -0.011471 -0.999781
0.004974 -0.002708 -0.999984
0.004974 -0.002708 -0.999984
0.595450 -0.228787 -0.770128
0.537966 -0.352260 -0.765837
0.537966 -0.352260 -0.765837
0.834472 -0.544584 -0.084174
0.702946 -0.704789 -0.095601
0.702946 -0.704789 -0.095601
0.428158 -0.423828 -0.798155
0.537966 -0.352260 -0.765837
0.537966 -0.352260 -0.765837
0.428158 -0.423828 -0.798155
-0.036548 0.044398 -0.998345
-0.036548 0.044398 -0.998345
0.017519 -0.011471 -0.999781
0.537966 -0.352260 -0.765837
-0.571638 0.569666 -0.590517
-0.570004 0.571738 -0.590094
-0.674887 0.450733 -0.584267
-0.674887 0.450733 -0.584267
-0.677977 0.450420 -0.580921
-0.571638 0.569666 -0.590517
-0.036548 0.044398 -0.998345
0.428158 -0.423828 -0.798155
0.318682 -0.486621 -0.813414
0.318682 -0.486621 -0.813414
-0.060636 0.090750 -0.994026
-0.036548 0.044398 -0.998345
-0.571638 0.569666 -0.590517
-0.417100 0.654858 -0.630230
-0.450358 0.643355 -0.619090
-0.450358 0.643355 -0.619090
-0.570004 0.571738 -0.590094
-0.571638 0.569666 -0.590517
0.000000 -0.000000 -1.000000
-0.000000 -0.000000 -1.000000
0.000000 -0.000000 -1.000000
-0.450358 0.643355 -0.619090
-0.417100 0.654858 -0.630230
-0.271480 0.729914 -0.627315
-0.271480 0.729914 -0.627315
-0.273231 0.729824 -0.626659
-0.450358 0.643355 -0.619090
0.000000 -0.000000 -1.000000
0.000000 -0.000000 -1.000000
-0.000000 -0.000000 -1.000000
-0.000000 -0.000000 -1.000000
0.000000 -0.000000 -1.000000
0.000000 -0.000000 -1.000000
0.000000 0.000000 -1.000000
-0.000000 -0.000000 -1.000000
0.000000 0.000000 -1.000000
-0.000000 -0.000000 -1.000000
0.000000 0.000000 -1.000000
0.000000 0.000000 -1.000000
0.000000 0.000000 -1.000000
-0.000000 -0.000000 -1.000000
0.000000 0.000000 -1.000000
-0.701458 -0.658824 -0.271858
-0.515900 -0.771482 -0.372374
-0.514090 -0.773833 -0.369992
-0.514090 -0.773833 -0.369992
-0.679457 -0.677455 -0.281768
-0.701458 -0.658824 -0.271858
-0.701458 -0.658824 -0.271858
-0.679457 -0.677455 -0.281768
-0.826113 -0.551217 -0.117037
-0.826113 -0.551217 -0.117037
-0.827520 -0.550626 -0.109644
-0.701458 -0.658824 -0.271858
0.000000 0.000000 -1.000000
-0.000000 -0.000000 -1.000000
0.000000 0.000000 -1.000000
0.000000 0.000000 -1.000000
-0.000000 -0.000000 -1.000000
0.000000 0.000000 -1.000000
-0.352862 -0.865446 -0.355656
-0.192777 -0.940705 -0.279126
-0.179233 -0.942520 -0.282012
-0.179233 -0.942520 -0.282012
-0.349277 -0.864823 -0.360675
-0.352862 -0.865446 -0.355656
-0.179233 -0.942520 -0.282012
-0.192777 -0.940705 -0.279126
-0.000000 -0.972158 -0.234325
-0.000000 -0.972158 -0.234325
0.000000 -0.973511 -0.228640
-0.179233 -0.942520 -0.282012
-0.033264 -0.412748 -0.910238
0.000000 -0.558315 -0.829629
0.000000 -0.401209 -0.915986
0.000000 -0.401209 -0.915986
-0.011616 -0.324882 -0.945683
-0.033264 -0.412748 -0.910238
-0.033264 -0.412748 -0.910238
-0.011616 -0.324882 -0.945683
-0.034499 -0.176905 -0.983623
-0.034499 -0.176905 -0.983623
-0.047696 -0.172834 -0.983796
-0.033264 -0.412748 -0.910238
-0.011616 -0.324882 -0.945683
0.000000 -0.401209 -0.915986
-0.000000 -0.348742 -0.937219
-0.000000 -0.348742 -0.937219
0.006353 -0.339311 -0.940653
-0.011616 -0.324882 -0.945683
-0.011616 -0.324882 -0.945683
0.006353 -0.339311 -0.940653
0.005968 -0.289154 -0.957264
0.005968 -0.289154 -0.957264
-0.034499 -0.176905 -0.983623
-0.011616 -0.324882 -0.945683
0.000000 0.244997 0.969524
0.156136 0.269304 0.950314
0.154686 0.263565 0.952159
0.154686 0.263565 0.952159
-0.000000 0.240871 0.970557
0.000000 0.244997 0.969524
0.000000 0.244997 0.969524
-0.000000 0.302445 0.953167
0.164755 0.278315 0.946254
0.164755 0.278315 0.946254
0.156136 0.269304 0.950314
0.000000 0.244997 0.969524
0.164755 0.278315 0.946254
-0.000000 0.302445 0.953167
0.000000 0.280852 0.959751
0.000000 0.280852 0.959751
0.175870 0.290303 0.940635
0.164755 0.278315 0.946254
0.154686 0.263565 0.952159
0.160598 0.255792 0.953299
0.000000 0.238641 0.971108
0.000000 0.238641 0.971108
-0.000000 0.240871 0.970557
0.154686 0.263565 0.952159
0.160598 0.255792 0.953299
0.434650 0.297018 0.850212
0.456028 0.285520 0.842922
0.456028 0.285520 0.842922
0.168650 0.246535 0.954347
0.160598 0.255792 0.953299
0.160598 0.255792 0.953299
0.168650 0.246535 0.954347
0.000000 0.233747 0.972298
0.000000 0.233747 0.972298
0.000000 0.238641 0.971108
0.160598 0.255792 0.953299
0.000000 0.233747 0.972298
0.168650 0.246535 0.954347
0.176379 0.233255 0.956286
0.176379 0.233255 0.956286
-0.000000 0.223952 0.974600
0.000000 0.233747 0.972298
0.992855 0.045541 0.110297
0.992811 0.067431 0.098894
0.997803 0.066245 -0.000000
0.997803 0.066245 -0.000000
0.999056 0.043431 -0.000000
0.992855 0.045541 0.110297
0.970296 0.052030 0.236258
0.973394 0.074033 0.216848
0.992811 0.067431 0.098894
0.992811 0.067431 0.098894
0.992855 0.045541 0.110297
0.970296 0.052030 0.236258
0.929717 0.063473 0.362765
0.938031 0.088151 0.335153
0.973394 0.074033 0.216848
0.973394 0.074033 0.216848
0.970296 0.052030 0.236258
0.929717 0.063473 0.362765
0.872167 0.078911 0.482802
0.887121 0.107407 0.448866
0.938031 0.088151 0.335153
0.938031 0.088151 0.335153
0.929717 0.063473 0.362765
0.872167 0.078911 0.482802
0.793347 0.095333 0.601259
0.819262 0.135899 0.557083
0.887121 0.107407 0.448866
0.887121 0.107407 0.448866
0.872167 0.078911 0.482802
0.793347 0.095333 0.601259
0.665168 0.111492 0.738323
0.688875 0.154667 0.708187
0.819262 0.135899 0.557083
0.819262 0.135899 0.557083
0.793347 0.095333 0.601259
0.665168 0.111492 0.738323
0.446831 0.137960 0.883917
0.463152 0.184034 0.866961
0.688875 0.154667 0.708187
0.688875 0.154667 0.708187
0.665168 0.111492 0.738323
0.446831 0.137960 0.883917
0.463152 0.184034 0.866961
0.446831 0.137960 0.883917
0.187694 0.138851 0.972364
0.187694 0.138851 0.972364
0.186514 0.180852 0.965663
0.463152 0.184034 0.866961
0.186514 0.180852 0.965663
0.181269 0.212000 0.960311
0.475904 0.221570 0.851130
0.475904 0.221570 0.851130
0.463152 0.184034 0.866961
0.186514 0.180852 0.965663
0.176379 0.233255 0.956286
0.477902 0.255572 0.840412
0.475904 0.221570 0.851130
0.475904 0.221570 0.851130
0.181269 0.212000 0.960311
0.176379 0.233255 0.956286
0.168650 0.246535 0.954347
0.456028 0.285520 0.842922
0.477902 0.255572 0.840412
0.477902 0.255572 0.840412
0.176379 0.233255 0.956286
0.168650 0.246535 0.954347
0.181269 0.212000 0.960311
0.186514 0.180852 0.965663
-0.000000 0.177908 0.984047
-0.000000 0.177908 0.984047
-0.000000 0.207066 0.978327
0.181269 0.212000 0.960311
0.181269 0.212000 0.960311
-0.000000 0.207066 0.978327
-0.000000 0.223952 0.974600
-0.000000 0.223952 0.974600
0.176379 0.233255 0.956286
0.181269 0.212000 0.960311
0.992069 0.022422 0.123681
0.992855 0.045541 0.110297
0.999056 0.043431 -0.000000
0.999056 0.043431 -0.000000
0.999788 0.020585 0.000000
0.992069 0.022422 0.123681
0.966560 0.028201 0.254886
0.970296 0.052030 0.236258
0.992855 0.045541 0.110297
0.992855 0.045541 0.110297
0.992069 0.022422 0.123681
0.966560 0.028201 0.254886
0.921064 0.036879 0.387660
0.929717 0.063473 0.362765
0.970296 0.052030 0.236258
0.970296 0.052030 0.236258
0.966560 0.028201 0.254886
0.921064 0.036879 0.387660
0.856800 0.048638 0.513349
0.872167 0.078911 0.482802
0.929717 0.063473 0.362765
0.929717 0.063473 0.362765
0.921064 0.036879 0.387660
0.856800 0.048638 0.513349
0.770851 0.061685 0.634022
0.793347 0.095333 0.601259
0.872167 0.078911 0.482802
0.872167 0.078911 0.482802
0.856800 0.048638 0.513349
0.770851 0.061685 0.634022
0.636572 0.072541 0.767798
0.665168 0.111492 0.738323
0.793347 0.095333 0.601259
0.793347 0.095333 0.601259
0.770851 0.061685 0.634022
0.636572 0.072541 0.767798
0.421080 0.092812 0.902262
0.446831 0.137960 0.883917
0.665168 0.111492 0.738323
0.665168 0.111492 0.738323
0.636572 0.072541 0.767798
0.421080 0.092812 0.902262
0.181117 0.097507 0.978616
0.187694 0.138851 0.972364
0.446831 0.137960 0.883917
0.446831 0.137960 0.883917
0.421080 0.092812 0.902262
0.181117 0.097507 0.978616
0.000000 0.136102 0.990695
-0.000000 0.177908 0.984047
0.186514 0.180852 0.965663
0.186514 0.180852 0.965663
0.187694 0.138851 0.972364
0.000000 0.136102 0.990695
0.990923 0.004344 0.134363
0.992069 0.022422 0.123681
0.999788 0.020585 0.000000
0.999788 0.020585 0.000000
0.999993 0.003798 0.000000
0.990923 0.004344 0.134363
0.962031 0.008918 0.272795
0.966560 0.028201 0.254886
0.992069 0.022422 0.123681
0.992069 0.022422 0.123681
0.990923 0.004344 0.134363
0.962031 0.008918 0.272795
0.911695 0.015117 0.410590
0.921064 0.036879 0.387660
0.966560 0.028201 0.254886
0.966560 0.028201 0.254886
0.962031 0.008918 0.272795
0.911695 0.015117 0.410590
0.840839 0.023928 0.540757
0.856800 0.048638 0.513349
0.921064 0.036879 0.387660
0.921064 0.036879 0.387660
0.911695 0.015117 0.410590
0.840839 0.023928 0.540757
0.747665 0.032181 0.663296
0.770851 0.061685 0.634022
0.856800 0.048638 0.513349
0.856800 0.048638 0.513349
0.840839 0.023928 0.540757
0.747665 0.032181 0.663296
0.606479 0.036862 0.794245
0.636572 0.072541 0.767798
0.770851 0.061685 0.634022
0.770851 0.061685 0.634022
0.747665 0.032181 0.663296
0.606479 0.036862 0.794245
0.386159 0.054143 0.920842
0.421080 0.092812 0.902262
0.636572 0.072541 0.767798
0.636572 0.072541 0.767798
0.606479 0.036862 0.794245
0.386159 0.054143 0.920842
0.152630 0.060355 0.986439
0.181117 0.097507 0.978616
0.421080 0.092812 0.902262
0.421080 0.092812 0.902262
0.386159 0.054143 0.920842
0.152630 0.060355 0.986439
0.181117 0.097507 0.978616
0.152630 0.060355 0.986439
-0.000000 0.048339 0.998831
-0.000000 0.048339 0.998831
0.000000 0.091473 0.995808
0.181117 0.097507 0.978616
0.000000 0.091473 0.995808
0.000000 0.136102 0.990695
0.187694 0.138851 0.972364
0.187694 0.138851 0.972364
0.181117 0.097507 0.978616
0.000000 0.091473 0.995808
0.989229 0.024033 0.144392
0.990923 0.004344 0.134363
0.999993 0.003798 0.000000
0.999993 0.003798 0.000000
0.999732 0.023160 0.000000
0.989229 0.024033 0.144392
0.957821 0.024919 0.286283
0.962031 0.008918 0.272795
0.990923 0.004344 0.134363
0.990923 0.004344 0.134363
0.989229 0.024033 0.144392
0.957821 0.024919 0.286283
0.902582 0.028396 0.429580
0.911695 0.015117 0.410590
0.962031 0.008918 0.272795
0.962031 0.008918 0.272795
0.957821 0.024919 0.286283
0.902582 0.028396 0.429580
0.828801 0.033872 0.558517
0.840839 0.023928 0.540757
0.911695 0.015117 0.410590
0.911695 0.015117 0.410590
0.902582 0.028396 0.429580
0.828801 0.033872 0.558517
0.726779 0.038985 0.685764
0.747665 0.032181 0.663296
0.840839 0.023928 0.540757
0.840839 0.023928 0.540757
0.828801 0.033872 0.558517
0.726779 0.038985 0.685764
0.586161 0.038941 0.809258
0.606479 0.036862 0.794245
0.747665 0.032181 0.663296
0.747665 0.032181 0.663296
0.726779 0.038985 0.685764
0.586161 0.038941 0.809258
0.347683 0.044997 0.936532
0.386159 0.054143 0.920842
0.606479 0.036862 0.794245
0.606479 0.036862 0.794245
0.586161 0.038941 0.809258
0.347683 0.044997 0.936532
0.116455 0.056143 0.991608
0.152630 0.060355 0.986439
0.386159 0.054143 0.920842
0.386159 0.054143 0.920842
0.347683 0.044997 0.936532
0.116455 0.056143 0.991608
0.323639 0.037992 0.945418
0.120978 0.035138 0.992033
0.116455 0.056143 0.991608
0.116455 0.056143 0.991608
0.347683 0.044997 0.936532
0.323639 0.037992 0.945418
0.556866 0.031507 0.830004
0.323639 0.037992 0.945418
0.347683 0.044997 0.936532
0.347683 0.044997 0.936532
0.586161 0.038941 0.809258
0.556866 0.031507 0.830004
0.556866 0.031507 0.830004
0.586161 0.038941 0.809258
0.726779 0.038985 0.685764
0.726779 0.038985 0.685764
0.704797 0.029945 0.708777
0.556866 0.031507 0.830004
0.726779 0.038985 0.685764
0.828801 0.033872 0.558517
0.814124 0.029617 0.579935
0.814124 0.029617 0.579935
0.704797 0.029945 0.708777
0.726779 0.038985 0.685764
0.814124 0.029617 0.579935
0.828801 0.033872 0.558517
0.902582 0.028396 0.429580
0.902582 0.028396 0.429580
0.894343 0.026199 0.446613
0.814124 0.029617 0.579935
0.902582 0.028396 0.429580
0.957821 0.024919 0.286283
0.954033 0.026702 0.298509
0.954033 0.026702 0.298509
0.894343 0.026199 0.446613
0.902582 0.028396 0.429580
0.954033 0.026702 0.298509
0.957821 0.024919 0.286283
0.989229 0.024033 0.144392
0.989229 0.024033 0.144392
0.988038 0.026305 0.151948
0.954033 0.026702 0.298509
0.989229 0.024033 0.144392
0.999732 0.023160 0.000000
0.999640 0.026830 0.000000
0.999640 0.026830 0.000000
0.988038 0.026305 0.151948
0.989229 0.024033 0.144392
0.408121 0.157257 0.899282
0.784343 0.192977 0.589548
0.662604 0.332427 0.671155
0.662604 0.332427 0.671155
0.271040 0.256817 0.927676
0.408121 0.157257 0.899282
0.408121 0.157257 0.899282
0.422062 0.021727 0.906307
0.840178 0.040460 0.540799
0.840178 0.040460 0.540799
0.784343 0.192977 0.589548
0.408121 0.157257 0.899282
0.410205 -0.082309 0.908272
0.818945 -0.160835 0.550874
0.840178 0.040460 0.540799
0.840178 0.040460 0.540799
0.422062 0.021727 0.906307
0.410205 -0.082309 0.908272
0.818945 -0.160835 0.550874
0.957666 -0.171105 0.231516
0.978015 0.023822 0.207172
0.978015 0.023822 0.207172
0.840178 0.040460 0.540799
0.818945 -0.160835 0.550874
0.818945 -0.160835 0.550874
0.410205 -0.082309 0.908272
0.392060 -0.165702 0.904893
0.392060 -0.165702 0.904893
0.749290 -0.322822 0.578231
0.818945 -0.160835 0.550874
0.818945 -0.160835 0.550874
0.749290 -0.322822 0.578231
0.893146 -0.359229 0.270636
0.893146 -0.359229 0.270636
0.957666 -0.171105 0.231516
0.818945 -0.160835 0.550874
0.672985 -0.448976 0.587802
0.798835 -0.527189 0.289715
0.893146 -0.359229 0.270636
0.893146 -0.359229 0.270636
0.749290 -0.322822 0.578231
0.672985 -0.448976 0.587802
0.798835 -0.527189 0.289715
0.825112 -0.545420 0.147335
0.920168 -0.359422 0.155263
0.920168 -0.359422 0.155263
0.893146 -0.359229 0.270636
0.798835 -0.527189 0.289715
0.798835 -0.527189 0.289715
0.672985 -0.448976 0.587802
0.570317 -0.570364 0.591120
0.570317 -0.570364 0.591120
0.676707 -0.676089 0.291500
0.798835 -0.527189 0.289715
0.798835 -0.527189 0.289715
0.676707 -0.676089 0.291500
0.697675 -0.702276 0.141626
0.697675 -0.702276 0.141626
0.825112 -0.545420 0.147335
0.798835 -0.527189 0.289715
0.531256 -0.797808 0.285078
0.546905 -0.824358 0.146048
0.697675 -0.702276 0.141626
0.697675 -0.702276 0.141626
0.676707 -0.676089 0.291500
0.531256 -0.797808 0.285078
0.546905 -0.824358 0.146048
0.546394 -0.832982 -0.087141
0.702946 -0.704789 -0.095601
0.702946 -0.704789 -0.095601
0.697675 -0.702276 0.141626
0.546905 -0.824358 0.146048
0.546905 -0.824358 0.146048
0.531256 -0.797808 0.285078
0.354076 -0.886443 0.298074
0.354076 -0.886443 0.298074
0.376880 -0.914929 0.144450
0.546905 -0.824358 0.146048
0.546905 -0.824358 0.146048
0.376880 -0.914929 0.144450
0.367564 -0.923366 -0.110870
0.367564 -0.923366 -0.110870
0.546394 -0.832982 -0.087141
0.546905 -0.824358 0.146048
0.191158 -0.978539 0.076939
0.194087 -0.961383 -0.195122
0.367564 -0.923366 -0.110870
0.367564 -0.923366 -0.110870
0.376880 -0.914929 0.144450
0.191158 -0.978539 0.076939
0.194087 -0.961383 -0.195122
0.121647 -0.560189 -0.819384
0.209725 -0.527995 -0.822944
0.209725 -0.527995 -0.822944
0.367564 -0.923366 -0.110870
0.194087 -0.961383 -0.195122
0.194087 -0.961383 -0.195122
0.191158 -0.978539 0.076939
0.000000 -0.990094 0.140408
0.000000 -0.990094 0.140408
0.000000 -0.997460 -0.071229
0.194087 -0.961383 -0.195122
0.194087 -0.961383 -0.195122
0.000000 -0.997460 -0.071229
-0.000000 -0.645045 -0.764145
-0.000000 -0.645045 -0.764145
0.121647 -0.560189 -0.819384
0.194087 -0.961383 -0.195122
0.392060 -0.165702 0.904893
0.357820 -0.239068 0.902669
0.672985 -0.448976 0.587802
0.672985 -0.448976 0.587802
0.749290 -0.322822 0.578231
0.392060 -0.165702 0.904893
0.305079 -0.305979 0.901834
0.570317 -0.570364 0.591120
0.672985 -0.448976 0.587802
0.672985 -0.448976 0.587802
0.357820 -0.239068 0.902669
0.305079 -0.305979 0.901834
0.570317 -0.570364 0.591120
0.305079 -0.305979 0.901834
0.240342 -0.358702 0.901980
0.240342 -0.358702 0.901980
0.448888 -0.667311 0.594302
0.570317 -0.570364 0.591120
0.570317 -0.570364 0.591120
0.448888 -0.667311 0.594302
0.531256 -0.797808 0.285078
0.531256 -0.797808 0.285078
0.676707 -0.676089 0.291500
0.570317 -0.570364 0.591120
0.278202 -0.758263 0.589610
0.354076 -0.886443 0.298074
0.531256 -0.797808 0.285078
0.531256 -0.797808 0.285078
0.448888 -0.667311 0.594302
0.278202 -0.758263 0.589610
0.354076 -0.886443 0.298074
0.278202 -0.758263 0.589610
0.144296 -0.757914 0.636196
0.144296 -0.757914 0.636196
0.183135 -0.918110 0.351476
0.354076 -0.886443 0.298074
0.354076 -0.886443 0.298074
0.183135 -0.918110 0.351476
0.191158 -0.978539 0.076939
0.191158 -0.978539 0.076939
0.376880 -0.914929 0.144450
0.354076 -0.886443 0.298074
-0.000000 -0.945414 0.325870
0.000000 -0.990094 0.140408
0.191158 -0.978539 0.076939
0.191158 -0.978539 0.076939
0.183135 -0.918110 0.351476
-0.000000 -0.945414 0.325870
0.240342 -0.358702 0.901980
0.149855 -0.409489 0.899924
0.278202 -0.758263 0.589610
0.278202 -0.758263 0.589610
0.448888 -0.667311 0.594302
0.240342 -0.358702 0.901980
0.079715 -0.421808 0.903174
0.144296 -0.757914 0.636196
0.278202 -0.758263 0.589610
0.278202 -0.758263 0.589610
0.149855 -0.409489 0.899924
0.079715 -0.421808 0.903174
0.079715 -0.421808 0.903174
-0.000000 -0.448089 0.893989
-0.000000 -0.797110 0.603834
-0.000000 -0.797110 0.603834
0.144296 -0.757914 0.636196
0.079715 -0.421808 0.903174
0.144296 -0.757914 0.636196
-0.000000 -0.797110 0.603834
-0.000000 -0.945414 0.325870
-0.000000 -0.945414 0.325870
0.183135 -0.918110 0.351476
0.144296 -0.757914 0.636196
-0.000000 -0.000000 -1.000000
-0.000000 -0.000000 -1.000000
0.000000 -0.000000 -1.000000
0.000000 0.727720 -0.685875
-0.147093 0.756564 -0.637161
-0.147518 0.753958 -0.640145
-0.147518 0.753958 -0.640145
0.000000 0.721778 -0.692125
0.000000 0.727720 -0.685875
-0.147518 0.753958 -0.640145
-0.147093 0.756564 -0.637161
-0.273231 0.729824 -0.626659
-0.273231 0.729824 -0.626659
-0.271480 0.729914 -0.627315
-0.147518 0.753958 -0.640145
-0.000490 0.002983 -0.999995
-0.041955 0.127551 -0.990944
0.209725 -0.527995 -0.822944
0.209725 -0.527995 -0.822944
0.121647 -0.560189 -0.819384
-0.000490 0.002983 -0.999995
-0.000490 0.002983 -0.999995
0.121647 -0.560189 -0.819384
-0.000000 -0.645045 -0.764145
-0.000000 -0.645045 -0.764145
0.000000 0.000000 -1.000000
-0.000490 0.002983 -0.999995
0.209725 -0.527995 -0.822944
-0.041955 0.127551 -0.990944
-0.060636 0.090750 -0.994026
-0.060636 0.090750 -0.994026
0.318682 -0.486621 -0.813414
0.209725 -0.527995 -0.822944
0.209725 -0.527995 -0.822944
0.318682 -0.486621 -0.813414
0.546394 -0.832982 -0.087141
0.546394 -0.832982 -0.087141
0.367564 -0.923366 -0.110870
0.209725 -0.527995 -0.822944
0.428158 -0.423828 -0.798155
0.702946 -0.704789 -0.095601
0.546394 -0.832982 -0.087141
0.546394 -0.832982 -0.087141
0.318682 -0.486621 -0.813414
0.428158 -0.423828 -0.798155
0.702946 -0.704789 -0.095601
0.834472 -0.544584 -0.084174
0.825112 -0.545420 0.147335
0.825112 -0.545420 0.147335
0.697675 -0.702276 0.141626
0.702946 -0.704789 -0.095601
0.930362 -0.358816 -0.075349
0.920168 -0.359422 0.155263
0.825112 -0.545420 0.147335
0.825112 -0.545420 0.147335
0.834472 -0.544584 -0.084174
0.930362 -0.358816 -0.075349
0.920168 -0.359422 0.155263
0.974162 -0.165577 0.153597
0.957666 -0.171105 0.231516
0.957666 -0.171105 0.231516
0.893146 -0.359229 0.270636
0.920168 -0.359422 0.155263
0.993172 0.010744 0.116166
0.978015 0.023822 0.207172
0.957666 -0.171105 0.231516
0.957666 -0.171105 0.231516
0.974162 -0.165577 0.153597
0.993172 0.010744 0.116166
0.978015 0.023822 0.207172
0.944611 0.177495 0.276053
0.784343 0.192977 0.589548
0.784343 0.192977 0.589548
0.840178 0.040460 0.540799
0.978015 0.023822 0.207172
0.897595 0.303457 0.319744
0.662604 0.332427 0.671155
0.784343 0.192977 0.589548
0.784343 0.192977 0.589548
0.944611 0.177495 0.276053
0.897595 0.303457 0.319744
-0.000000 -0.000000 -1.000000
-0.000000 0.000000 -1.000000
0.000000 0.000000 -1.000000
0.030359 -0.578598 -0.815047
0.077939 -0.576489 -0.813379
0.027629 -0.247779 -0.968422
0.027629 -0.247779 -0.968422
0.005968 -0.289154 -0.957264
0.030359 -0.578598 -0.815047
0.108496 -0.959587 -0.259657
0.167027 -0.979560 -0.112094
0.257899 -0.949996 -0.176057
0.257899 -0.949996 -0.176057
0.201063 -0.926803 -0.317189
0.108496 -0.959587 -0.259657
0.087189 -0.994871 -0.051279
0.110310 -0.993569 -0.025536
0.204704 -0.976874 -0.061747
0.204704 -0.976874 -0.061747
0.167027 -0.979560 -0.112094
0.087189 -0.994871 -0.051279
-0.000000 -0.999993 -0.003667
-0.000000 -1.000000 -0.000608
0.128285 -0.991686 -0.010078
0.128285 -0.991686 -0.010078
0.110310 -0.993569 -0.025536
-0.000000 -0.999993 -0.003667
-0.515900 -0.771482 -0.372374
-0.352862 -0.865446 -0.355656
-0.349277 -0.864823 -0.360675
-0.349277 -0.864823 -0.360675
-0.514090 -0.773833 -0.369992
-0.515900 -0.771482 -0.372374
-0.007769 0.045545 0.998932
0.120978 0.035138 0.992033
0.119643 0.000000 0.992817
0.119643 0.000000 0.992817
-0.039574 0.000000 0.999217
-0.007769 0.045545 0.998932
0.120978 0.035138 0.992033
0.323639 0.037992 0.945418
0.329281 0.000000 0.944232
0.329281 0.000000 0.944232
0.119643 0.000000 0.992817
0.120978 0.035138 0.992033
0.323639 0.037992 0.945418
0.556866 0.031507 0.830004
0.554295 0.000000 0.832320
0.554295 0.000000 0.832320
0.329281 0.000000 0.944232
0.323639 0.037992 0.945418
0.556866 0.031507 0.830004
0.704797 0.029945 0.708777
0.707672 0.000000 0.706541
0.707672 0.000000 0.706541
0.554295 0.000000 0.832320
0.556866 0.031507 0.830004
0.704797 0.029945 0.708777
0.814124 0.029617 0.579935
0.812714 0.000000 0.582663
0.812714 0.000000 0.582663
0.707672 0.000000 0.706541
0.704797 0.029945 0.708777
0.814124 0.029617 0.579935
0.894343 0.026199 0.446613
0.895576 0.000000 0.444908
0.895576 0.000000 0.444908
0.812714 0.000000 0.582663
0.814124 0.029617 0.579935
0.894343 0.026199 0.446613
0.954033 0.026702 0.298509
0.954048 0.000000 0.299654
0.954048 0.000000 0.299654
0.895576 0.000000 0.444908
0.894343 0.026199 0.446613
0.954033 0.026702 0.298509
0.988038 0.026305 0.151948
0.988534 0.000000 0.151000
0.988534 0.000000 0.151000
0.954048 0.000000 0.299654
0.954033 0.026702 0.298509
0.988038 0.026305 0.151948
0.999640 0.026830 0.000000
1.000000 0.000000 0.000000
1.000000 0.000000 0.000000
0.988534 0.000000 0.151000
0.988038 0.026305 0.151948
-0.000000 1.000000 0.000002
0.000000 1.000000 0.000002
0.000000 1.000000 0.000002
0.000000 1.000000 0.000002
-0.000000 1.000000 0.000002
-0.000000 1.000000 0.000002
0.000000 1.000000 0.000002
0.000001 1.000000 0.000002
0.000001 1.000000 0.000002
0.000001 1.000000 0.000002
0.000000 1.000000 0.000002
0.000000 1.000000 0.000002
0.000001 1.000000 0.000002
0.000001 1.000000 0.000002
0.000001 1.000000 0.000002
0.000001 1.000000 0.000002
0.000001 1.000000 0.000002
0.000001 1.000000 0.000002
0.000001 1.000000 0.000002
0.000002 1.000000 0.000002
0.000002 1.000000 0.000002
0.000002 1.000000 0.000002
0.000001 1.000000 0.000002
0.000001 1.000000 0.000002
0.000002 1.000000 0.000002
0.000002 1.000000 0.000001
0.000002 1.000000 0.000001
0.000002 1.000000 0.000001
0.000002 1.000000 0.000002
0.000002 1.000000 0.000002
0.000002 1.000000 0.000001
0.000002 1.000000 0.000001
0.000002 1.000000 0.000001
0.000002 1.000000 0.000001
0.000002 1.000000 0.000001
0.000002 1.000000 0.000001
0.000002 1.000000 0.000001
0.000002 1.000000 0.000001
0.000002 1.000000 0.000001
0.000002 1.000000 0.000001
0.000002 1.000000 0.000001
0.000002 1.000000 0.000001
0.000002 1.000000 0.000001
0.000002 1.000000 0.000000
0.000002 1.000000 0.000000
0.000002 1.000000 0.000000
0.000002 1.000000 0.000001
0.000002 1.000000 0.000001
0.000002 1.000000 0.000000
0.000002 1.000000 0.000000
0.000002 1.000000 -0.000000
0.000002 1.000000 -0.000000
0.000002 1.000000 0.000000
0.000002 1.000000 0.000000
-0.043256 0.000000 0.999064
0.119822 0.000000 0.992795
0.119822 0.000000 0.992795
0.119822 0.000000 0.992795
-0.043256 0.000000 0.999064
-0.043256 0.000000 0.999064
0.119822 0.000000 0.992795
0.329282 0.000000 0.944232
0.329282 0.000000 0.944232
0.329282 0.000000 0.944232
0.119822 0.000000 0.992795
0.119822 0.000000 0.992795
0.554295 0.000000 0.832320
0.554295 0.000000 0.832320
0.329282 0.000000 0.944232
0.329282 0.000000 0.944232
0.329282 0.000000 0.944232
0.554295 0.000000 0.832320
0.554295 0.000000 0.832320
0.707672 0.000000 0.706541
0.707672 0.000000 0.706541
0.707672 0.000000 0.706541
0.554295 0.000000 0.832320
0.554295 0.000000 0.832320
0.707672 0.000000 0.706541
0.812714 0.000000 0.582663
0.812714 0.000000 0.582663
0.812714 0.000000 0.582663
0.707672 0.000000 0.706541
0.707672 0.000000 0.706541
0.812714 0.000000 0.582663
0.895576 0.000000 0.444908
0.895576 0.000000 0.444908
0.895576 0.000000 0.444908
0.812714 0.000000 0.582663
0.812714 0.000000 0.582663
0.895576 0.000000 0.444908
0.954048 0.000000 0.299654
0.954048 0.000000 0.299654
0.954048 0.000000 0.299654
0.895576 0.000000 0.444908
0.895576 0.000000 0.444908
0.954048 0.000000 0.299654
0.988496 0.000000 0.151245
0.988496 0.000000 0.151245
0.988496 0.000000 0.151245
0.954048 0.000000 0.299654
0.954048 0.000000 0.299654
0.988496 0.000000 0.151245
1.000000 0.000000 0.000000
1.000000 0.000000 0.000000
1.000000 0.000000 0.000000
0.988496 0.000000 0.151245
0.988496 0.000000 0.151245
0.271040 0.256817 0.927676
0.662604 0.332427 0.671155
0.532970 0.359635 0.765902
-0.271040 0.256817 0.927676
-0.100599 0.100677 0.989820
-0.054382 0.131840 0.989778
-0.054382 0.131840 0.989778
-0.143733 0.247974 0.958045
-0.271040 0.256817 0.927676
-0.143733 0.247974 0.958045
-0.054382 0.131840 0.989778
-0.000000 0.142744 0.989760
-0.000000 0.142744 0.989760
-0.000000 0.189928 0.981798
-0.143733 0.247974 0.958045
-0.410205 -0.082309 0.908272
-0.135765 -0.026984 0.990373
-0.140214 0.007320 0.990094
-0.140214 0.007320 0.990094
-0.422062 0.021727 0.906307
-0.410205 -0.082309 0.908272
-0.305079 -0.305978 0.901834
-0.097894 -0.097860 0.990374
-0.115085 -0.076868 0.990377
-0.115085 -0.076868 0.990377
-0.357820 -0.239068 0.902669
-0.305079 -0.305978 0.901834
-0.079715 -0.421808 0.903174
-0.026333 -0.135446 0.990435
-0.048094 -0.131570 0.990139
-0.048094 -0.131570 0.990139
-0.149855 -0.409489 0.899924
-0.079715 -0.421808 0.903174
-0.000000 -0.448089 0.893989
-0.000000 -0.141243 0.989975
-0.026333 -0.135446 0.990435
-0.026333 -0.135446 0.990435
-0.079715 -0.421808 0.903174
-0.000000 -0.448089 0.893989
-0.408121 0.157257 0.899282
-0.131260 0.054430 0.989853
-0.100599 0.100677 0.989820
-0.100599 0.100677 0.989820
-0.271040 0.256817 0.927676
-0.408121 0.157257 0.899282
-0.422062 0.021727 0.906307
-0.140214 0.007320 0.990094
-0.131260 0.054430 0.989853
-0.131260 0.054430 0.989853
-0.408121 0.157257 0.899282
-0.422062 0.021727 0.906307
-0.392060 -0.165702 0.904893
-0.127871 -0.052940 0.990377
-0.135765 -0.026984 0.990373
-0.135765 -0.026984 0.990373
-0.410205 -0.082309 0.908272
-0.392060 -0.165702 0.904893
-0.357820 -0.239068 0.902669
-0.115085 -0.076868 0.990377
-0.127871 -0.052940 0.990377
-0.127871 -0.052940 0.990377
-0.392060 -0.165702 0.904893
-0.357820 -0.239068 0.902669
-0.240342 -0.358702 0.901980
-0.076955 -0.115111 0.990367
-0.097894 -0.097860 0.990374
-0.097894 -0.097860 0.990374
-0.305079 -0.305978 0.901834
-0.240342 -0.358702 0.901980
-0.149855 -0.409489 0.899924
-0.048094 -0.131570 0.990139
-0.076955 -0.115111 0.990367
-0.076955 -0.115111 0.990367
-0.240342 -0.358702 0.901980
-0.149855 -0.409489 0.899924
0.143733 0.247974 0.958045
0.054382 0.131840 0.989778
0.100599 0.100677 0.989820
0.100599 0.100677 0.989820
0.271040 0.256817 0.927676
0.143733 0.247974 0.958045
-0.000000 0.189928 0.981798
-0.000000 0.142744 0.989760
0.054382 0.131840 0.989778
0.054382 0.131840 0.989778
0.143733 0.247974 0.958045
-0.000000 0.189928 0.981798
0.422062 0.021727 0.906307
0.140214 0.007320 0.990094
0.135765 -0.026984 0.990373
0.135765 -0.026984 0.990373
0.410205 -0.082309 0.908272
0.422062 0.021727 0.906307
0.357820 -0.239068 0.902669
0.115085 -0.076868 0.990377
0.097894 -0.097861 0.990374
0.097894 -0.097861 0.990374
0.305079 -0.305979 0.901834
0.357820 -0.239068 0.902669
0.149855 -0.409489 0.899924
0.048094 -0.131570 0.990139
0.026333 -0.135446 0.990435
0.026333 -0.135446 0.990435
0.079715 -0.421808 0.903174
0.149855 -0.409489 0.899924
0.079715 -0.421808 0.903174
0.026333 -0.135446 0.990435
-0.000000 -0.141243 0.989975
-0.000000 -0.141243 0.989975
-0.000000 -0.448089 0.893989
0.079715 -0.421808 0.903174
0.271040 0.256817 0.927676
0.100599 0.100677 0.989820
0.131260 0.054430 0.989853
0.131260 0.054430 0.989853
0.408121 0.157257 0.899282
0.271040 0.256817 0.927676
0.408121 0.157257 0.899282
0.131260 0.054430 0.989853
0.140214 0.007320 0.990094
0.140214 0.007320 0.990094
0.422062 0.021727 0.906307
0.408121 0.157257 0.899282
0.410205 -0.082309 0.908272
0.135765 -0.026984 0.990373
0.127871 -0.052940 0.990377
0.127871 -0.052940 0.990377
0.392060 -0.165702 0.904893
0.410205 -0.082309 0.908272
0.392060 -0.165702 0.904893
0.127871 -0.052940 0.990377
0.115085 -0.076868 0.990377
0.115085 -0.076868 0.990377
0.357820 -0.239068 0.902669
0.392060 -0.165702 0.904893
0.305079 -0.305979 0.901834
0.097894 -0.097861 0.990374
0.076955 -0.115111 0.990367
0.076955 -0.115111 0.990367
0.240342 -0.358702 0.901980
0.305079 -0.305979 0.901834
0.240342 -0.358702 0.901980
0.076955 -0.115111 0.990367
0.048094 -0.131570 0.990139
0.048094 -0.131570 0.990139
0.149855 -0.409489 0.899924
0.240342 -0.358702 0.901980
-0.100599 0.100677 0.989820
-0.040152 0.040152 0.998387
-0.021704 0.052568 0.998381
-0.021704 0.052568 0.998381
-0.054382 0.131840 0.989778
-0.100599 0.100677 0.989820
-0.054382 0.131840 0.989778
-0.021704 0.052568 0.998381
0.000000 0.056904 0.998380
0.000000 0.056904 0.998380
-0.000000 0.142744 0.989760
-0.054382 0.131840 0.989778
-0.135765 -0.026984 0.990373
-0.054105 -0.010759 0.998477
-0.055940 0.002922 0.998430
-0.055940 0.002922 0.998430
-0.140214 0.007320 0.990094
-0.135765 -0.026984 0.990373
-0.097894 -0.097860 0.990374
-0.039059 -0.039034 0.998474
-0.045900 -0.030653 0.998476
-0.045900 -0.030653 0.998476
-0.115085 -0.076868 0.990377
-0.097894 -0.097860 0.990374
-0.026333 -0.135446 0.990435
-0.010491 -0.053936 0.998489
-0.019219 -0.052578 0.998432
-0.019219 -0.052578 0.998432
-0.048094 -0.131570 0.990139
-0.026333 -0.135446 0.990435
-0.000000 -0.141243 0.989975
0.000000 -0.056507 0.998402
-0.010491 -0.053936 0.998489
-0.010491 -0.053936 0.998489
-0.026333 -0.135446 0.990435
-0.000000 -0.141243 0.989975
-0.131260 0.054430 0.989853
-0.052418 0.021711 0.998389
-0.040152 0.040152 0.998387
-0.040152 0.040152 0.998387
-0.100599 0.100677 0.989820
-0.131260 0.054430 0.989853
-0.140214 0.007320 0.990094
-0.055940 0.002922 0.998430
-0.052418 0.021711 0.998389
-0.052418 0.021711 0.998389
-0.131260 0.054430 0.989853
-0.140214 0.007320 0.990094
-0.127871 -0.052940 0.990377
-0.050979 -0.021106 0.998477
-0.054105 -0.010759 0.998477
-0.054105 -0.010759 0.998477
-0.135765 -0.026984 0.990373
-0.127871 -0.052940 0.990377
-0.115085 -0.076868 0.990377
-0.045900 -0.030653 0.998476
-0.050979 -0.021106 0.998477
-0.050979 -0.021106 0.998477
-0.127871 -0.052940 0.990377
-0.115085 -0.076868 0.990377
-0.076955 -0.115111 0.990367
-0.030723 -0.045921 0.998473
-0.039059 -0.039034 0.998474
-0.039059 -0.039034 0.998474
-0.097894 -0.097860 0.990374
-0.076955 -0.115111 0.990367
-0.048094 -0.131570 0.990139
-0.019219 -0.052578 0.998432
-0.030723 -0.045921 0.998473
-0.030723 -0.045921 0.998473
-0.076955 -0.115111 0.990367
-0.048094 -0.131570 0.990139
0.054382 0.131840 0.989778
0.021703 0.052568 0.998381
0.040153 0.040152 0.998387
0.040153 0.040152 0.998387
0.100599 0.100677 0.989820
0.054382 0.131840 0.989778
-0.000000 0.142744 0.989760
0.000000 0.056904 0.998380
0.021703 0.052568 0.998381
0.021703 0.052568 0.998381
0.054382 0.131840 0.989778
-0.000000 0.142744 0.989760
0.140214 0.007320 0.990094
0.055940 0.002922 0.998430
0.054105 -0.010759 0.998477
0.054105 -0.010759 0.998477
0.135765 -0.026984 0.990373
0.140214 0.007320 0.990094
0.115085 -0.076868 0.990377
0.045900 -0.030653 0.998476
0.039059 -0.039033 0.998474
0.039059 -0.039033 0.998474
0.097894 -0.097861 0.990374
0.115085 -0.076868 0.990377
0.048094 -0.131570 0.990139
0.019219 -0.052578 0.998432
0.010491 -0.053936 0.998489
0.010491 -0.053936 0.998489
0.026333 -0.135446 0.990435
0.048094 -0.131570 0.990139
0.026333 -0.135446 0.990435
0.010491 -0.053936 0.998489
0.000000 -0.056507 0.998402
0.000000 -0.056507 0.998402
-0.000000 -0.141243 0.989975
0.026333 -0.135446 0.990435
0.100599 0.100677 0.989820
0.040153 0.040152 0.998387
0.052418 0.021712 0.998389
0.052418 0.021712 0.998389
0.131260 0.054430 0.989853
0.100599 0.100677 0.989820
0.131260 0.054430 0.989853
0.052418 0.021712 0.998389
0.055940 0.002922 0.998430
0.055940 0.002922 0.998430
0.140214 0.007320 0.990094
0.131260 0.054430 0.989853
0.135765 -0.026984 0.990373
0.054105 -0.010759 0.998477
0.050979 -0.021106 0.998477
0.050979 -0.021106 0.998477
0.127871 -0.052940 0.990377
0.135765 -0.026984 0.990373
0.127871 -0.052940 0.990377
0.050979 -0.021106 0.998477
0.045900 -0.030653 0.998476
0.045900 -0.030653 0.998476
0.115085 -0.076868 0.990377
0.127871 -0.052940 0.990377
0.097894 -0.097861 0.990374
0.039059 -0.039033 0.998474
0.030723 -0.045920 0.998473
0.030723 -0.045920 0.998473
0.076955 -0.115111 0.990367
0.097894 -0.097861 0.990374
0.076955 -0.115111 0.990367
0.030723 -0.045920 0.998473
0.019219 -0.052578 0.998432
0.019219 -0.052578 0.998432
0.048094 -0.131570 0.990139
0.076955 -0.115111 0.990367
-0.040152 0.040152 0.998387
-0.000000 0.000129 1.000000
-0.021704 0.052568 0.998381
-0.021704 0.052568 0.998381
-0.000000 0.000129 1.000000
0.000000 0.056904 0.998380
-0.054105 -0.010759 0.998477
-0.000000 0.000129 1.000000
-0.055940 0.002922 0.998430
-0.039059 -0.039034 0.998474
-0.000000 0.000129 1.000000
-0.045900 -0.030653 0.998476
-0.010491 -0.053936 0.998489
-0.000000 0.000129 1.000000
-0.019219 -0.052578 0.998432
0.000000 -0.056507 0.998402
-0.000000 0.000129 1.000000
-0.010491 -0.053936 0.998489
-0.052418 0.021711 0.998389
-0.000000 0.000129 1.000000
-0.040152 0.040152 0.998387
-0.055940 0.002922 0.998430
-0.000000 0.000129 1.000000
-0.052418 0.021711 0.998389
-0.050979 -0.021106 0.998477
-0.000000 0.000129 1.000000
-0.054105 -0.010759 0.998477
-0.045900 -0.030653 0.998476
-0.000000 0.000129 1.000000
-0.050979 -0.021106 0.998477
-0.030723 -0.045921 0.998473
-0.000000 0.000129 1.000000
-0.039059 -0.039034 0.998474
-0.019219 -0.052578 0.998432
-0.000000 0.000129 1.000000
-0.030723 -0.045921 0.998473
0.021703 0.052568 0.998381
-0.000000 0.000129 1.000000
0.040153 0.040152 0.998387
0.000000 0.056904 0.998380
-0.000000 0.000129 1.000000
0.021703 0.052568 0.998381
0.055940 0.002922 0.998430
-0.000000 0.000129 1.000000
0.054105 -0.010759 0.998477
0.045900 -0.030653 0.998476
-0.000000 0.000129 1.000000
0.039059 -0.039033 0.998474
0.019219 -0.052578 0.998432
-0.000000 0.000129 1.000000
0.010491 -0.053936 0.998489
0.010491 -0.053936 0.998489
-0.000000 0.000129 1.000000
0.000000 -0.056507 0.998402
0.040153 0.040152 0.998387
-0.000000 0.000129 1.000000
0.052418 0.021712 0.998389
0.052418 0.021712 0.998389
-0.000000 0.000129 1.000000
0.055940 0.002922 0.998430
0.054105 -0.010759 0.998477
-0.000000 0.000129 1.000000
0.050979 -0.021106 0.998477
0.050979 -0.021106 0.998477
-0.000000 0.000129 1.000000
0.045900 -0.030653 0.998476
0.039059 -0.039033 0.998474
-0.000000 0.000129 1.000000
0.030723 -0.045920 0.998473
0.030723 -0.045920 0.998473
-0.000000 0.000129 1.000000
0.019219 -0.052578 0.998432
-0.000000 1.000000 -0.000001
-0.000000 1.000000 -0.000001
-0.000000 1.000000 0.000000
-0.000000 1.000000 -0.000001
-0.000001 1.000000 -0.000001
-0.000000 1.000000 0.000000
-0.000001 1.000000 -0.000001
-0.000001 1.000000 -0.000001
-0.000000 1.000000 0.000000
-0.000001 1.000000 -0.000001
-0.000001 1.000000 -0.000001
-0.000000 1.000000 0.000000
-0.000001 1.000000 -0.000001
-0.000001 1.000000 -0.000001
-0.000000 1.000000 0.000000
-0.000001 1.000000 -0.000001
-0.000001 1.000000 -0.000001
-0.000000 1.000000 0.000000
-0.000001 1.000000 -0.000001
-0.000001 1.000000 -0.000000
-0.000000 1.000000 0.000000
-0.000001 1.000000 -0.000000
-0.000001 1.000000 -0.000000
-0.000000 1.000000 0.000000
-0.000001 1.000000 -0.000000
-0.000001 1.000000 -0.000000
-0.000000 1.000000 0.000000
0.000000 1.000000 -0.000001
-0.000000 1.000000 -0.000001
-0.000000 1.000000 0.000000
0.000000 1.000000 -0.000001
0.000000 1.000000 -0.000001
-0.000000 1.000000 0.000000
0.000001 1.000000 -0.000001
0.000000 1.000000 -0.000001
-0.000000 1.000000 0.000000
0.000001 1.000000 -0.000001
0.000001 1.000000 -0.000001
-0.000000 1.000000 0.000000
0.000001 1.000000 -0.000001
0.000001 1.000000 -0.000001
-0.000000 1.000000 0.000000
0.000001 1.000000 -0.000001
0.000001 1.000000 -0.000001
-0.000000 1.000000 0.000000
0.000001 1.000000 -0.000000
0.000001 1.000000 -0.000001
-0.000000 1.000000 0.000000
0.000001 1.000000 -0.000000
0.000001 1.000000 -0.000000
-0.000000 1.000000 0.000000
0.000001 1.000000 -0.000000
0.000001 1.000000 -0.000000
-0.000000 1.000000 0.000000
-0.000000 1.000000 0.000001
-0.000000 1.000000 0.000001
-0.000000 1.000000 0.000000
-0.000001 1.000000 0.000001
-0.000000 1.000000 0.000001
-0.000000 1.000000 0.000000
-0.000001 1.000000 0.000001
-0.000001 1.000000 0.000001
-0.000000 1.000000 0.000000
-0.000001 1.000000 0.000001
-0.000001 1.000000 0.000001
-0.000000 1.000000 0.000000
-0.000001 1.000000 0.000001
-0.000001 1.000000 0.000001
-0.000000 1.000000 0.000000
-0.000001 1.000000 0.000001
-0.000001 1.000000 0.000001
-0.000000 1.000000 0.000000
-0.000001 1.000000 0.000000
-0.000001 1.000000 0.000001
-0.000000 1.000000 0.000000
-0.000001 1.000000 0.000000
-0.000001 1.000000 0.000000
-0.000000 1.000000 0.000000
-0.000001 1.000000 -0.000000
-0.000001 1.000000 0.000000
-0.000000 1.000000 0.000000
-0.000000 1.000000 0.000001
0.000000 1.000000 0.000001
-0.000000 1.000000 0.000000
0.000000 1.000000 0.000001
0.000000 1.000000 0.000001
-0.000000 1.000000 0.000000
0.000000 1.000000 0.000001
0.000001 1.000000 0.000001
-0.000000 1.000000 0.000000
0.000001 1.000000 0.000001
0.000001 1.000000 0.000001
-0.000000 1.000000 0.000000
0.000001 1.000000 0.000001
0.000001 1.000000 0.000001
-0.000000 1.000000 0.000000
0.000001 1.000000 0.000001
0.000001 1.000000 0.000001
-0.000000 1.000000 0.000000
0.000001 1.000000 0.000001
0.000001 1.000000 0.000000
-0.000000 1.000000 0.000000
0.000001 1.000000 0.000000
0.000001 1.000000 0.000000
-0.000000 1.000000 0.000000
0.000001 1.000000 0.000000
0.000001 1.000000 -0.000000
-0.000000 1.000000 0.000000
</float_array>
          <technique_common>
            <accessor source="#arm_r_link2-Normal0-array" count="7500" stride="3">
              <param name="X" type="float"/>
              <param name="Y" type="float"/>
              <param name="Z" type="float"/>
            </accessor>
          </technique_common>
        </source>
        <vertices id="arm_r_link2-VERTEX">
          <input semantic="POSITION" source="#arm_r_link2-POSITION"/>
        </vertices>
        <triangles count="2500" material="white">
          <input semantic="VERTEX" offset="0" source="#arm_r_link2-VERTEX"/>
          <input semantic="NORMAL" offset="1" source="#arm_r_link2-Normal0"/>
          <p> 0 0 1 1 2 2 2 3 3 4 0 5 0 6 4 7 5 8 5 9 6 10 0 11 0 12 6 13 7 14 7 15 1 16 0 17 8 18 9 19 10 20 10 21 11 22 8 23 12 24 13 25 14 26 14 27 15 28 12 29 15 30 14 31 16 32 16 33 17 34 15 35 15 36 17 37 18 38 18 39 19 40 15 41 20 42 21 43 9 44 9 45 8 46 20 47 22 48 23 49 24 50 24 51 25 52 22 53 22 54 26 55 27 56 27 57 28 58 22 59 22 60 29 61 30 62 30 63 23 64 22 65 22 66 28 67 31 68 31 69 29 70 22 71 32 72 33 73 34 74 34 75 35 76 32 77 33 78 32 79 36 80 36 81 37 82 33 83 33 84 37 85 38 86 38 87 39 88 33 89 33 90 39 91 40 92 40 93 34 94 33 95 41 96 42 97 40 98 40 99 39 100 41 101 40 102 42 103 43 104 43 105 44 106 40 107 40 108 44 109 45 110 45 111 34 112 40 113 45 114 46 115 35 116 35 117 34 118 45 119 46 120 45 121 47 122 47 123 48 124 46 125 49 126 50 127 51 128 51 129 52 130 49 131 49 132 53 133 54 134 54 135 50 136 49 137 54 138 55 139 56 140 56 141 50 142 54 143 54 144 53 145 48 146 48 147 47 148 54 149 54 150 47 151 57 152 57 153 55 154 54 155 57 156 58 157 59 158 59 159 55 160 57 161 47 162 45 163 44 164 44 165 57 166 47 167 57 168 44 169 43 170 43 171 58 172 57 173 43 174 60 175 61 176 61 177 58 178 43 179 60 180 62 181 63 182 63 183 61 184 60 185 43 186 42 187 64 188 64 189 60 190 43 191 60 192 64 193 7 194 7 195 62 196 60 197 7 198 6 199 65 200 65 201 62 202 7 203 6 204 5 205 66 206 66 207 65 208 6 209 67 210 68 211 66 212 66 213 5 214 67 215 67 216 69 217 70 218 70 219 68 220 67 221 5 222 4 223 71 224 71 225 67 226 5 227 67 228 71 229 72 230 72 231 69 232 67 233 72 234 73 235 74 236 74 237 69 238 72 239 73 240 72 241 75 242 75 243 76 244 73 245 73 246 76 247 77 248 77 249 78 250 73 251 73 252 78 253 79 254 79 255 74 256 73 257 80 258 81 259 79 260 79 261 78 262 80 263 81 264 82 265 25 266 25 267 79 268 81 269 81 270 80 271 83 272 83 273 84 274 81 275 81 276 84 277 85 278 85 279 82 280 81 281 86 282 87 283 85 284 85 285 84 286 86 287 87 288 88 289 89 290 89 291 85 292 87 293 87 294 86 295 90 296 90 297 91 298 87 299 87 300 91 301 92 302 92 303 88 304 87 305 93 306 94 307 92 308 92 309 91 310 93 311 94 312 95 313 96 314 96 315 92 316 94 317 94 318 93 319 97 320 97 321 98 322 94 323 94 324 98 325 99 326 99 327 95 328 94 329 99 330 100 331 101 332 101 333 95 334 99 335 99 336 98 337 102 338 102 339 103 340 99 341 99 342 103 343 104 344 104 345 100 346 99 347 104 348 105 349 100 350 104 351 103 352 106 353 106 354 107 355 104 356 104 357 107 358 105 359 107 360 108 361 105 362 105 363 109 364 101 365 101 366 100 367 105 368 109 369 105 370 110 371 109 372 110 373 111 374 111 375 96 376 109 377 109 378 96 379 95 380 95 381 101 382 109 383 111 384 110 385 112 386 112 387 113 388 111 389 111 390 113 391 89 392 89 393 88 394 111 395 111 396 88 397 92 398 92 399 96 400 111 401 89 402 113 403 27 404 27 405 26 406 89 407 89 408 26 409 82 410 82 411 85 412 89 413 22 414 25 415 82 416 82 417 26 418 22 419 25 420 24 421 74 422 74 423 79 424 25 425 70 426 69 427 74 428 74 429 24 430 70 431 24 432 23 433 114 434 114 435 70 436 24 437 70 438 114 439 115 440 115 441 68 442 70 443 115 444 116 445 66 446 66 447 68 448 115 449 117 450 65 451 66 452 66 453 116 454 117 455 63 456 62 457 65 458 65 459 117 460 63 461 63 462 117 463 118 464 118 465 119 466 63 467 63 468 119 469 120 470 120 471 61 472 63 473 120 474 119 475 121 476 121 477 122 478 120 479 120 480 122 481 123 482 123 483 59 484 120 485 120 486 59 487 58 488 58 489 61 490 120 491 123 492 122 493 124 494 124 495 125 496 123 497 123 498 125 499 126 500 126 501 56 502 123 503 123 504 56 505 55 506 55 507 59 508 123 509 126 510 51 511 50 512 50 513 56 514 126 515 127 516 128 517 121 518 121 519 129 520 127 521 127 522 129 523 130 524 130 525 131 526 127 527 130 528 132 529 133 530 133 531 131 532 130 533 130 534 129 535 118 536 118 537 134 538 130 539 130 540 134 541 135 542 135 543 132 544 130 545 135 546 136 547 137 548 137 549 132 550 135 551 135 552 134 553 116 554 116 555 115 556 135 557 135 558 115 559 114 560 114 561 136 562 135 563 137 564 138 565 139 566 139 567 140 568 137 569 137 570 140 571 133 572 133 573 132 574 137 575 137 576 136 577 30 578 30 579 138 580 137 581 141 582 142 583 37 584 37 585 36 586 141 587 143 588 38 589 37 590 37 591 142 592 143 593 144 594 145 595 38 596 38 597 143 598 144 599 145 600 144 601 146 602 146 603 147 604 145 605 145 606 147 607 148 608 148 609 41 610 145 611 145 612 41 613 39 614 39 615 38 616 145 617 148 618 147 619 2 620 2 621 1 622 148 623 148 624 1 625 7 626 7 627 64 628 148 629 148 630 64 631 42 632 42 633 41 634 148 635 147 636 146 637 149 638 149 639 2 640 147 641 149 642 150 643 3 644 3 645 2 646 149 647 151 648 152 649 3 650 3 651 150 652 151 653 152 654 153 655 0 656 0 657 3 658 152 659 154 660 4 661 0 662 0 663 153 664 154 665 155 666 71 667 4 668 4 669 154 670 155 671 75 672 72 673 71 674 71 675 155 676 75 677 75 678 155 679 156 680 156 681 157 682 75 683 75 684 157 685 158 686 158 687 76 688 75 689 76 690 158 691 159 692 159 693 77 694 76 695 159 696 17 697 16 698 16 699 77 700 159 701 77 702 16 703 80 704 80 705 78 706 77 707 14 708 83 709 80 710 80 711 16 712 14 713 83 714 14 715 13 716 13 717 160 718 83 719 83 720 160 721 86 722 86 723 84 724 83 725 161 726 90 727 86 728 86 729 160 730 161 731 90 732 161 733 162 734 162 735 163 736 90 737 90 738 163 739 93 740 93 741 91 742 90 743 164 744 97 745 93 746 93 747 163 748 164 749 97 750 164 751 165 752 165 753 166 754 97 755 97 756 166 757 102 758 102 759 98 760 97 761 167 762 168 763 102 764 102 765 166 766 167 767 168 768 106 769 103 770 103 771 102 772 168 773 168 774 167 775 169 776 169 777 170 778 168 779 168 780 170 781 171 782 171 783 106 784 168 785 171 786 108 787 107 788 107 789 106 790 171 791 171 792 170 793 172 794 172 795 173 796 171 797 171 798 173 799 174 800 174 801 108 802 171 803 174 804 105 805 108 806 174 807 173 808 175 809 175 810 176 811 174 812 174 813 176 814 105 815 176 816 177 817 105 818 105 819 178 820 112 821 112 822 110 823 105 824 178 825 105 826 179 827 178 828 179 829 28 830 28 831 27 832 178 833 178 834 27 835 113 836 113 837 112 838 178 839 179 840 105 841 180 842 180 843 105 844 181 845 180 846 181 847 182 848 182 849 31 850 180 851 182 852 181 853 183 854 183 855 184 856 182 857 182 858 184 859 185 860 185 861 186 862 182 863 182 864 186 865 29 866 29 867 31 868 182 869 186 870 185 871 139 872 139 873 138 874 186 875 186 876 138 877 30 878 30 879 29 880 186 881 187 882 158 883 157 884 157 885 188 886 187 887 187 888 189 889 159 890 159 891 158 892 187 893 159 894 189 895 18 896 18 897 17 898 159 899 157 900 156 901 190 902 190 903 188 904 157 905 156 906 155 907 154 908 154 909 191 910 156 911 156 912 191 913 192 914 192 915 190 916 156 917 192 918 191 919 193 920 193 921 194 922 192 923 195 924 142 925 141 926 141 927 196 928 195 929 197 930 143 931 142 932 142 933 195 934 197 935 198 936 144 937 143 938 143 939 197 940 198 941 199 942 146 943 144 944 144 945 198 946 199 947 200 948 149 949 146 950 146 951 199 952 200 953 201 954 150 955 149 956 149 957 200 958 201 959 202 960 151 961 150 962 150 963 201 964 202 965 151 966 202 967 203 968 203 969 204 970 151 971 204 972 205 973 152 974 152 975 151 976 204 977 193 978 153 979 152 980 152 981 205 982 193 983 191 984 154 985 153 986 153 987 193 988 191 989 205 990 204 991 206 992 206 993 207 994 205 995 205 996 207 997 194 998 194 999 193 1000 205 1001 208 1002 195 1003 196 1004 196 1005 209 1006 208 1007 210 1008 197 1009 195 1010 195 1011 208 1012 210 1013 211 1014 198 1015 197 1016 197 1017 210 1018 211 1019 212 1020 199 1021 198 1022 198 1023 211 1024 212 1025 213 1026 200 1027 199 1028 199 1029 212 1030 213 1031 214 1032 201 1033 200 1034 200 1035 213 1036 214 1037 215 1038 202 1039 201 1040 201 1041 214 1042 215 1043 216 1044 203 1045 202 1046 202 1047 215 1048 216 1049 217 1050 206 1051 204 1052 204 1053 203 1054 217 1055 218 1056 208 1057 209 1058 209 1059 219 1060 218 1061 220 1062 210 1063 208 1064 208 1065 218 1066 220 1067 221 1068 211 1069 210 1070 210 1071 220 1072 221 1073 222 1074 212 1075 211 1076 211 1077 221 1078 222 1079 223 1080 213 1081 212 1082 212 1083 222 1084 223 1085 224 1086 214 1087 213 1088 213 1089 223 1090 224 1091 225 1092 215 1093 214 1094 214 1095 224 1096 225 1097 21 1098 216 1099 215 1100 215 1101 225 1102 21 1103 216 1104 21 1105 20 1106 20 1107 226 1108 216 1109 226 1110 217 1111 203 1112 203 1113 216 1114 226 1115 227 1116 218 1117 219 1118 219 1119 228 1120 227 1121 229 1122 220 1123 218 1124 218 1125 227 1126 229 1127 230 1128 221 1129 220 1130 220 1131 229 1132 230 1133 231 1134 222 1135 221 1136 221 1137 230 1138 231 1139 232 1140 223 1141 222 1142 222 1143 231 1144 232 1145 233 1146 224 1147 223 1148 223 1149 232 1150 233 1151 234 1152 225 1153 224 1154 224 1155 233 1156 234 1157 9 1158 21 1159 225 1160 225 1161 234 1162 9 1163 235 1164 10 1165 9 1166 9 1167 234 1168 235 1169 236 1170 235 1171 234 1172 234 1173 233 1174 236 1175 236 1176 233 1177 232 1178 232 1179 237 1180 236 1181 232 1182 231 1183 238 1184 238 1185 237 1186 232 1187 238 1188 231 1189 230 1190 230 1191 239 1192 238 1193 230 1194 229 1195 240 1196 240 1197 239 1198 230 1199 240 1200 229 1201 227 1202 227 1203 241 1204 240 1205 227 1206 228 1207 242 1208 242 1209 241 1210 227 1211 243 1212 244 1213 13 1214 13 1215 12 1216 243 1217 243 1218 245 1219 246 1220 246 1221 244 1222 243 1223 247 1224 248 1225 246 1226 246 1227 245 1228 247 1229 248 1230 249 1231 162 1232 162 1233 246 1234 248 1235 248 1236 247 1237 250 1238 250 1239 251 1240 248 1241 248 1242 251 1243 252 1244 252 1245 249 1246 248 1247 253 1248 254 1249 252 1250 252 1251 251 1252 253 1253 254 1254 255 1255 165 1256 165 1257 252 1258 254 1259 254 1260 253 1261 256 1262 256 1263 257 1264 254 1265 254 1266 257 1267 258 1268 258 1269 255 1270 254 1271 259 1272 260 1273 258 1274 258 1275 257 1276 259 1277 260 1278 261 1279 169 1280 169 1281 258 1282 260 1283 260 1284 259 1285 262 1286 262 1287 263 1288 260 1289 260 1290 263 1291 264 1292 264 1293 261 1294 260 1295 265 1296 266 1297 264 1298 264 1299 263 1300 265 1301 266 1302 267 1303 268 1304 268 1305 264 1306 266 1307 266 1308 265 1309 269 1310 269 1311 270 1312 266 1313 266 1314 270 1315 271 1316 271 1317 267 1318 266 1319 250 1320 272 1321 253 1322 253 1323 251 1324 250 1325 273 1326 256 1327 253 1328 253 1329 272 1330 273 1331 256 1332 273 1333 274 1334 274 1335 275 1336 256 1337 256 1338 275 1339 259 1340 259 1341 257 1342 256 1343 276 1344 262 1345 259 1346 259 1347 275 1348 276 1349 262 1350 276 1351 277 1352 277 1353 278 1354 262 1355 262 1356 278 1357 265 1358 265 1359 263 1360 262 1361 279 1362 269 1363 265 1364 265 1365 278 1366 279 1367 274 1368 280 1369 276 1370 276 1371 275 1372 274 1373 281 1374 277 1375 276 1376 276 1377 280 1378 281 1379 281 1380 282 1381 283 1382 283 1383 277 1384 281 1385 277 1386 283 1387 279 1388 279 1389 278 1390 277 1391 284 1392 105 1393 177 1394 284 1395 177 1396 285 1397 285 1398 286 1399 284 1400 285 1401 177 1402 176 1403 176 1404 175 1405 285 1406 285 1407 175 1408 268 1409 268 1410 267 1411 285 1412 285 1413 267 1414 271 1415 271 1416 286 1417 285 1418 268 1419 175 1420 173 1421 173 1422 172 1423 268 1424 268 1425 172 1426 261 1427 261 1428 264 1429 268 1430 170 1431 169 1432 261 1433 261 1434 172 1435 170 1436 169 1437 167 1438 255 1439 255 1440 258 1441 169 1442 166 1443 165 1444 255 1445 255 1446 167 1447 166 1448 165 1449 164 1450 249 1451 249 1452 252 1453 165 1454 163 1455 162 1456 249 1457 249 1458 164 1459 163 1460 162 1461 161 1462 244 1463 244 1464 246 1465 162 1466 160 1467 13 1468 244 1469 244 1470 161 1471 160 1472 183 1473 181 1474 105 1475 136 1476 114 1477 23 1478 23 1479 30 1480 136 1481 134 1482 118 1483 117 1484 117 1485 116 1486 134 1487 129 1488 121 1489 119 1490 119 1491 118 1492 129 1493 128 1494 124 1495 122 1496 122 1497 121 1498 128 1499 179 1500 180 1501 31 1502 31 1503 28 1504 179 1505 11 1506 10 1507 287 1508 287 1509 288 1510 11 1511 10 1512 235 1513 289 1514 289 1515 287 1516 10 1517 235 1518 236 1519 290 1520 290 1521 289 1522 235 1523 236 1524 237 1525 291 1526 291 1527 290 1528 236 1529 237 1530 238 1531 292 1532 292 1533 291 1534 237 1535 238 1536 239 1537 293 1538 293 1539 292 1540 238 1541 239 1542 240 1543 294 1544 294 1545 293 1546 239 1547 240 1548 241 1549 295 1550 295 1551 294 1552 240 1553 241 1554 242 1555 296 1556 296 1557 295 1558 241 1559 288 1560 287 1561 297 1562 297 1563 298 1564 288 1565 287 1566 289 1567 299 1568 299 1569 297 1570 287 1571 289 1572 290 1573 300 1574 300 1575 299 1576 289 1577 290 1578 291 1579 301 1580 301 1581 300 1582 290 1583 291 1584 292 1585 302 1586 302 1587 301 1588 291 1589 292 1590 293 1591 303 1592 303 1593 302 1594 292 1595 293 1596 294 1597 304 1598 304 1599 303 1600 293 1601 294 1602 295 1603 305 1604 305 1605 304 1606 294 1607 295 1608 296 1609 306 1610 306 1611 305 1612 295 1613 298 1614 297 1615 307 1616 307 1617 308 1618 298 1619 297 1620 299 1621 309 1622 309 1623 307 1624 297 1625 300 1626 310 1627 309 1628 309 1629 299 1630 300 1631 300 1632 301 1633 311 1634 311 1635 310 1636 300 1637 301 1638 302 1639 312 1640 312 1641 311 1642 301 1643 302 1644 303 1645 313 1646 313 1647 312 1648 302 1649 303 1650 304 1651 314 1652 314 1653 313 1654 303 1655 304 1656 305 1657 315 1658 315 1659 314 1660 304 1661 305 1662 306 1663 316 1664 316 1665 315 1666 305 1667 317 1668 318 1669 319 1670 319 1671 320 1672 317 1673 317 1674 321 1675 322 1676 322 1677 323 1678 317 1679 317 1680 320 1681 324 1682 324 1683 321 1684 317 1685 8 1686 11 1687 325 1688 325 1689 326 1690 8 1691 327 1692 328 1693 329 1694 327 1695 330 1696 331 1697 331 1698 328 1699 327 1700 327 1701 19 1702 18 1703 18 1704 330 1705 327 1706 20 1707 8 1708 326 1709 326 1710 332 1711 20 1712 333 1713 334 1714 335 1715 335 1716 336 1717 333 1718 333 1719 337 1720 338 1721 338 1722 339 1723 333 1724 333 1725 336 1726 340 1727 340 1728 341 1729 333 1730 333 1731 341 1732 342 1733 342 1734 337 1735 333 1736 343 1737 344 1738 345 1739 345 1740 346 1741 343 1742 346 1743 347 1744 348 1745 348 1746 343 1747 346 1748 346 1749 349 1750 350 1751 350 1752 347 1753 346 1754 346 1755 345 1756 351 1757 351 1758 349 1759 346 1760 352 1761 349 1762 351 1763 351 1764 353 1765 352 1766 351 1767 354 1768 355 1769 355 1770 353 1771 351 1772 351 1773 345 1774 356 1775 356 1776 354 1777 351 1778 356 1779 345 1780 344 1781 344 1782 357 1783 356 1784 357 1785 358 1786 359 1787 359 1788 356 1789 357 1790 360 1791 52 1792 51 1793 51 1794 361 1795 360 1796 360 1797 361 1798 362 1799 362 1800 363 1801 360 1802 362 1803 361 1804 364 1805 364 1806 365 1807 362 1808 362 1809 359 1810 358 1811 358 1812 363 1813 362 1814 362 1815 365 1816 366 1817 366 1818 359 1819 362 1820 366 1821 365 1822 367 1823 367 1824 368 1825 366 1826 359 1827 366 1828 354 1829 354 1830 356 1831 359 1832 366 1833 368 1834 355 1835 355 1836 354 1837 366 1838 355 1839 368 1840 369 1841 369 1842 370 1843 355 1844 370 1845 369 1846 371 1847 371 1848 372 1849 370 1850 355 1851 370 1852 373 1853 373 1854 353 1855 355 1856 370 1857 372 1858 324 1859 324 1860 373 1861 370 1862 324 1863 372 1864 374 1865 374 1866 321 1867 324 1868 321 1869 374 1870 375 1871 375 1872 322 1873 321 1874 376 1875 322 1876 375 1877 375 1878 377 1879 376 1880 376 1881 377 1882 378 1883 378 1884 379 1885 376 1886 322 1887 376 1888 380 1889 380 1890 323 1891 322 1892 376 1893 379 1894 381 1895 381 1896 380 1897 376 1898 381 1899 379 1900 382 1901 382 1902 383 1903 381 1904 383 1905 384 1906 385 1907 385 1908 381 1909 383 1910 383 1911 386 1912 387 1913 387 1914 384 1915 383 1916 383 1917 382 1918 388 1919 388 1920 386 1921 383 1922 389 1923 386 1924 388 1925 388 1926 390 1927 389 1928 390 1929 388 1930 334 1931 334 1932 391 1933 390 1934 390 1935 392 1936 393 1937 393 1938 389 1939 390 1940 390 1941 391 1942 394 1943 394 1944 392 1945 390 1946 395 1947 392 1948 394 1949 394 1950 396 1951 395 1952 396 1953 394 1954 397 1955 397 1956 398 1957 396 1958 396 1959 399 1960 400 1961 400 1962 395 1963 396 1964 396 1965 398 1966 401 1967 401 1968 399 1969 396 1970 402 1971 399 1972 401 1973 401 1974 403 1975 402 1976 403 1977 401 1978 404 1979 404 1980 405 1981 403 1982 403 1983 406 1984 407 1985 407 1986 402 1987 403 1988 403 1989 405 1990 408 1991 408 1992 406 1993 403 1994 408 1995 405 1996 409 1997 409 1998 410 1999 408 2000 408 2001 411 2002 412 2003 412 2004 406 2005 408 2006 408 2007 410 2008 413 2009 413 2010 411 2011 408 2012 413 2013 410 2014 105 2015 413 2016 414 2017 415 2018 415 2019 411 2020 413 2021 413 2022 105 2023 414 2024 105 2025 416 2026 414 2027 409 2028 417 2029 105 2030 105 2031 410 2032 409 2033 417 2034 418 2035 105 2036 417 2037 404 2038 419 2039 419 2040 418 2041 417 2042 417 2043 409 2044 405 2045 405 2046 404 2047 417 2048 419 2049 420 2050 421 2051 421 2052 418 2053 419 2054 419 2055 398 2056 397 2057 397 2058 420 2059 419 2060 419 2061 404 2062 401 2063 401 2064 398 2065 419 2066 397 2067 339 2068 338 2069 338 2070 420 2071 397 2072 397 2073 394 2074 391 2075 391 2076 339 2077 397 2078 333 2079 339 2080 391 2081 391 2082 334 2083 333 2084 334 2085 388 2086 382 2087 382 2088 335 2089 334 2090 378 2091 335 2092 382 2093 382 2094 379 2095 378 2096 335 2097 378 2098 422 2099 422 2100 336 2101 335 2102 378 2103 377 2104 423 2105 423 2106 422 2107 378 2108 423 2109 377 2110 375 2111 375 2112 424 2113 423 2114 425 2115 424 2116 375 2117 375 2118 374 2119 425 2120 371 2121 425 2122 374 2123 374 2124 372 2125 371 2126 371 2127 426 2128 427 2129 427 2130 425 2131 371 2132 371 2133 369 2134 428 2135 428 2136 426 2137 371 2138 428 2139 429 2140 430 2141 430 2142 426 2143 428 2144 428 2145 367 2146 431 2147 431 2148 429 2149 428 2150 428 2151 369 2152 368 2153 368 2154 367 2155 428 2156 431 2157 125 2158 124 2159 124 2160 429 2161 431 2162 431 2163 364 2164 126 2165 126 2166 125 2167 431 2168 431 2169 367 2170 365 2171 365 2172 364 2173 431 2174 126 2175 364 2176 361 2177 361 2178 51 2179 126 2180 127 2181 432 2182 430 2183 430 2184 128 2185 127 2186 127 2187 131 2188 433 2189 433 2190 432 2191 127 2192 433 2193 131 2194 133 2195 133 2196 434 2197 433 2198 433 2199 435 2200 427 2201 427 2202 432 2203 433 2204 433 2205 434 2206 436 2207 436 2208 435 2209 433 2210 436 2211 434 2212 437 2213 437 2214 438 2215 436 2216 436 2217 423 2218 424 2219 424 2220 435 2221 436 2222 436 2223 438 2224 422 2225 422 2226 423 2227 436 2228 437 2229 140 2230 139 2231 139 2232 439 2233 437 2234 437 2235 434 2236 133 2237 133 2238 140 2239 437 2240 437 2241 439 2242 340 2243 340 2244 438 2245 437 2246 440 2247 348 2248 347 2249 347 2250 441 2251 440 2252 442 2253 441 2254 347 2255 347 2256 350 2257 442 2258 443 2259 442 2260 350 2261 350 2262 444 2263 443 2264 444 2265 445 2266 446 2267 446 2268 443 2269 444 2270 444 2271 352 2272 447 2273 447 2274 445 2275 444 2276 444 2277 350 2278 349 2279 349 2280 352 2281 444 2282 447 2283 320 2284 319 2285 319 2286 445 2287 447 2288 447 2289 373 2290 324 2291 324 2292 320 2293 447 2294 447 2295 352 2296 353 2297 353 2298 373 2299 447 2300 445 2301 319 2302 448 2303 448 2304 446 2305 445 2306 448 2307 319 2308 318 2309 318 2310 449 2311 448 2312 450 2313 449 2314 318 2315 318 2316 451 2317 450 2318 451 2319 318 2320 317 2321 317 2322 452 2323 451 2324 453 2325 452 2326 317 2327 317 2328 323 2329 453 2330 454 2331 453 2332 323 2333 323 2334 380 2335 454 2336 385 2337 454 2338 380 2339 380 2340 381 2341 385 2342 385 2343 455 2344 456 2345 456 2346 454 2347 385 2348 385 2349 384 2350 457 2351 457 2352 455 2353 385 2354 384 2355 387 2356 458 2357 458 2358 457 2359 384 2360 458 2361 387 2362 331 2363 331 2364 330 2365 458 2366 387 2367 386 2368 389 2369 389 2370 331 2371 387 2372 328 2373 331 2374 389 2375 389 2376 393 2377 328 2378 393 2379 459 2380 460 2381 460 2382 328 2383 393 2384 393 2385 392 2386 395 2387 395 2388 459 2389 393 2390 461 2391 459 2392 395 2393 395 2394 400 2395 461 2396 400 2397 462 2398 463 2399 463 2400 461 2401 400 2402 400 2403 399 2404 402 2405 402 2406 462 2407 400 2408 464 2409 462 2410 402 2411 402 2412 407 2413 464 2414 407 2415 465 2416 466 2417 466 2418 464 2419 407 2420 407 2421 406 2422 412 2423 412 2424 465 2425 407 2426 467 2427 465 2428 412 2429 412 2430 468 2431 467 2432 468 2433 412 2434 411 2435 411 2436 415 2437 468 2438 468 2439 469 2440 470 2441 470 2442 467 2443 468 2444 468 2445 415 2446 471 2447 471 2448 469 2449 468 2450 471 2451 415 2452 414 2453 414 2454 416 2455 471 2456 471 2457 472 2458 473 2459 473 2460 469 2461 471 2462 471 2463 416 2464 474 2465 474 2466 472 2467 471 2468 474 2469 416 2470 105 2471 474 2472 475 2473 476 2474 476 2475 472 2476 474 2477 474 2478 105 2479 475 2480 105 2481 477 2482 475 2483 421 2484 478 2485 105 2486 105 2487 418 2488 421 2489 478 2490 479 2491 105 2492 478 2493 338 2494 337 2495 337 2496 479 2497 478 2498 478 2499 421 2500 420 2501 420 2502 338 2503 478 2504 479 2505 480 2506 105 2507 480 2508 481 2509 105 2510 480 2511 342 2512 482 2513 482 2514 481 2515 480 2516 482 2517 184 2518 183 2519 183 2520 481 2521 482 2522 482 2523 483 2524 185 2525 185 2526 184 2527 482 2528 482 2529 342 2530 341 2531 341 2532 483 2533 482 2534 483 2535 439 2536 139 2537 139 2538 185 2539 483 2540 483 2541 341 2542 340 2543 340 2544 439 2545 483 2546 187 2547 188 2548 455 2549 455 2550 457 2551 187 2552 187 2553 457 2554 458 2555 458 2556 189 2557 187 2558 458 2559 330 2560 18 2561 18 2562 189 2563 458 2564 455 2565 188 2566 190 2567 190 2568 456 2569 455 2570 456 2571 484 2572 453 2573 453 2574 454 2575 456 2576 456 2577 190 2578 192 2579 192 2580 484 2581 456 2582 192 2583 194 2584 485 2585 485 2586 484 2587 192 2588 486 2589 487 2590 440 2591 440 2592 441 2593 486 2594 488 2595 486 2596 441 2597 441 2598 442 2599 488 2600 489 2601 488 2602 442 2603 442 2604 443 2605 489 2606 490 2607 489 2608 443 2609 443 2610 446 2611 490 2612 491 2613 490 2614 446 2615 446 2616 448 2617 491 2618 492 2619 491 2620 448 2621 448 2622 449 2623 492 2624 493 2625 492 2626 449 2627 449 2628 450 2629 493 2630 450 2631 494 2632 495 2633 495 2634 493 2635 450 2636 494 2637 450 2638 451 2639 451 2640 496 2641 494 2642 485 2643 496 2644 451 2645 451 2646 452 2647 485 2648 484 2649 485 2650 452 2651 452 2652 453 2653 484 2654 496 2655 207 2656 206 2657 206 2658 494 2659 496 2660 496 2661 485 2662 194 2663 194 2664 207 2665 496 2666 497 2667 498 2668 487 2669 487 2670 486 2671 497 2672 499 2673 497 2674 486 2675 486 2676 488 2677 499 2678 500 2679 499 2680 488 2681 488 2682 489 2683 500 2684 501 2685 500 2686 489 2687 489 2688 490 2689 501 2690 502 2691 501 2692 490 2693 490 2694 491 2695 502 2696 503 2697 502 2698 491 2699 491 2700 492 2701 503 2702 504 2703 503 2704 492 2705 492 2706 493 2707 504 2708 505 2709 504 2710 493 2711 493 2712 495 2713 505 2714 217 2715 495 2716 494 2717 494 2718 206 2719 217 2720 506 2721 507 2722 498 2723 498 2724 497 2725 506 2726 508 2727 506 2728 497 2729 497 2730 499 2731 508 2732 509 2733 508 2734 499 2735 499 2736 500 2737 509 2738 510 2739 509 2740 500 2741 500 2742 501 2743 510 2744 511 2745 510 2746 501 2747 501 2748 502 2749 511 2750 512 2751 511 2752 502 2753 502 2754 503 2755 512 2756 513 2757 512 2758 503 2759 503 2760 504 2761 513 2762 332 2763 513 2764 504 2765 504 2766 505 2767 332 2768 505 2769 226 2770 20 2771 20 2772 332 2773 505 2774 226 2775 505 2776 495 2777 495 2778 217 2779 226 2780 514 2781 515 2782 507 2783 507 2784 506 2785 514 2786 516 2787 514 2788 506 2789 506 2790 508 2791 516 2792 517 2793 516 2794 508 2795 508 2796 509 2797 517 2798 518 2799 517 2800 509 2801 509 2802 510 2803 518 2804 519 2805 518 2806 510 2807 510 2808 511 2809 519 2810 520 2811 519 2812 511 2813 511 2814 512 2815 520 2816 521 2817 520 2818 512 2819 512 2820 513 2821 521 2822 326 2823 521 2824 513 2825 513 2826 332 2827 326 2828 522 2829 521 2830 326 2831 326 2832 325 2833 522 2834 523 2835 520 2836 521 2837 521 2838 522 2839 523 2840 523 2841 524 2842 519 2843 519 2844 520 2845 523 2846 519 2847 524 2848 525 2849 525 2850 518 2851 519 2852 525 2853 526 2854 517 2855 517 2856 518 2857 525 2858 517 2859 526 2860 527 2861 527 2862 516 2863 517 2864 527 2865 528 2866 514 2867 514 2868 516 2869 527 2870 514 2871 528 2872 529 2873 529 2874 515 2875 514 2876 530 2877 329 2878 460 2879 460 2880 531 2881 530 2882 530 2883 531 2884 532 2885 532 2886 533 2887 530 2888 534 2889 533 2890 532 2891 532 2892 535 2893 534 2894 535 2895 532 2896 463 2897 463 2898 536 2899 535 2900 535 2901 537 2902 538 2903 538 2904 534 2905 535 2906 535 2907 536 2908 539 2909 539 2910 537 2911 535 2912 540 2913 537 2914 539 2915 539 2916 541 2917 540 2918 541 2919 539 2920 466 2921 466 2922 542 2923 541 2924 541 2925 543 2926 544 2927 544 2928 540 2929 541 2930 541 2931 542 2932 545 2933 545 2934 543 2935 541 2936 546 2937 543 2938 545 2939 545 2940 547 2941 546 2942 547 2943 545 2944 470 2945 470 2946 548 2947 547 2948 547 2949 549 2950 550 2951 550 2952 546 2953 547 2954 547 2955 548 2956 551 2957 551 2958 549 2959 547 2960 552 2961 549 2962 551 2963 551 2964 553 2965 552 2966 553 2967 551 2968 554 2969 554 2970 555 2971 553 2972 553 2973 270 2974 269 2975 269 2976 552 2977 553 2978 553 2979 555 2980 271 2981 271 2982 270 2983 553 2984 538 2985 537 2986 540 2987 540 2988 556 2989 538 2990 557 2991 556 2992 540 2993 540 2994 544 2995 557 2996 544 2997 558 2998 559 2999 559 3000 557 3001 544 3002 544 3003 543 3004 546 3005 546 3006 558 3007 544 3008 560 3009 558 3010 546 3011 546 3012 550 3013 560 3014 550 3015 561 3016 562 3017 562 3018 560 3019 550 3020 550 3021 549 3022 552 3023 552 3024 561 3025 550 3026 279 3027 561 3028 552 3029 552 3030 269 3031 279 3032 559 3033 558 3034 560 3035 560 3036 563 3037 559 3038 564 3039 563 3040 560 3041 560 3042 562 3043 564 3044 564 3045 562 3046 283 3047 283 3048 282 3049 564 3050 562 3051 561 3052 279 3053 279 3054 283 3055 562 3056 284 3057 477 3058 105 3059 284 3060 286 3061 565 3062 565 3063 477 3064 284 3065 565 3066 476 3067 475 3068 475 3069 477 3070 565 3071 565 3072 555 3073 554 3074 554 3075 476 3076 565 3077 565 3078 286 3079 271 3080 271 3081 555 3082 565 3083 554 3084 473 3085 472 3086 472 3087 476 3088 554 3089 554 3090 551 3091 548 3092 548 3093 473 3094 554 3095 469 3096 473 3097 548 3098 548 3099 470 3100 469 3101 470 3102 545 3103 542 3104 542 3105 467 3106 470 3107 465 3108 467 3109 542 3110 542 3111 466 3112 465 3113 466 3114 539 3115 536 3116 536 3117 464 3118 466 3119 462 3120 464 3121 536 3122 536 3123 463 3124 462 3125 463 3126 532 3127 531 3128 531 3129 461 3130 463 3131 459 3132 461 3133 531 3134 531 3135 460 3136 459 3137 105 3138 481 3139 183 3140 438 3141 340 3142 336 3143 336 3144 422 3145 438 3146 435 3147 424 3148 425 3149 425 3150 427 3151 435 3152 432 3153 427 3154 426 3155 426 3156 430 3157 432 3158 128 3159 430 3160 429 3161 429 3162 124 3163 128 3164 479 3165 337 3166 342 3167 342 3168 480 3169 479 3170 11 3171 288 3172 566 3173 566 3174 325 3175 11 3176 325 3177 566 3178 567 3179 567 3180 522 3181 325 3182 522 3183 567 3184 568 3185 568 3186 523 3187 522 3188 523 3189 568 3190 569 3191 569 3192 524 3193 523 3194 524 3195 569 3196 570 3197 570 3198 525 3199 524 3200 525 3201 570 3202 571 3203 571 3204 526 3205 525 3206 526 3207 571 3208 572 3209 572 3210 527 3211 526 3212 527 3213 572 3214 573 3215 573 3216 528 3217 527 3218 528 3219 573 3220 574 3221 574 3222 529 3223 528 3224 288 3225 298 3226 575 3227 575 3228 566 3229 288 3230 566 3231 575 3232 576 3233 576 3234 567 3235 566 3236 567 3237 576 3238 577 3239 577 3240 568 3241 567 3242 568 3243 577 3244 578 3245 578 3246 569 3247 568 3248 569 3249 578 3250 579 3251 579 3252 570 3253 569 3254 570 3255 579 3256 580 3257 580 3258 571 3259 570 3260 571 3261 580 3262 581 3263 581 3264 572 3265 571 3266 572 3267 581 3268 582 3269 582 3270 573 3271 572 3272 573 3273 582 3274 583 3275 583 3276 574 3277 573 3278 298 3279 308 3280 584 3281 584 3282 575 3283 298 3284 575 3285 584 3286 585 3287 585 3288 576 3289 575 3290 577 3291 576 3292 585 3293 585 3294 586 3295 577 3296 577 3297 586 3298 587 3299 587 3300 578 3301 577 3302 578 3303 587 3304 588 3305 588 3306 579 3307 578 3308 579 3309 588 3310 589 3311 589 3312 580 3313 579 3314 580 3315 589 3316 590 3317 590 3318 581 3319 580 3320 581 3321 590 3322 591 3323 591 3324 582 3325 581 3326 582 3327 591 3328 592 3329 592 3330 583 3331 582 3332 329 3333 328 3334 460 3335 12 3336 15 3337 593 3338 593 3339 594 3340 12 3341 15 3342 19 3343 595 3344 595 3345 593 3346 15 3347 247 3348 245 3349 596 3350 596 3351 597 3352 247 3353 273 3354 272 3355 598 3356 598 3357 599 3358 273 3359 281 3360 280 3361 600 3362 600 3363 601 3364 281 3365 282 3366 281 3367 601 3368 601 3369 602 3370 282 3371 243 3372 12 3373 594 3374 594 3375 603 3376 243 3377 245 3378 243 3379 603 3380 603 3381 596 3382 245 3383 250 3384 247 3385 597 3386 597 3387 604 3388 250 3389 272 3390 250 3391 604 3392 604 3393 598 3394 272 3395 274 3396 273 3397 599 3398 599 3399 605 3400 274 3401 280 3402 274 3403 605 3404 605 3405 600 3406 280 3407 327 3408 329 3409 606 3410 606 3411 607 3412 327 3413 19 3414 327 3415 607 3416 607 3417 595 3418 19 3419 533 3420 534 3421 608 3422 608 3423 609 3424 533 3425 556 3426 557 3427 610 3428 610 3429 611 3430 556 3431 563 3432 564 3433 612 3434 612 3435 613 3436 563 3437 564 3438 282 3439 602 3440 602 3441 612 3442 564 3443 329 3444 530 3445 614 3446 614 3447 606 3448 329 3449 530 3450 533 3451 609 3452 609 3453 614 3454 530 3455 534 3456 538 3457 615 3458 615 3459 608 3460 534 3461 538 3462 556 3463 611 3464 611 3465 615 3466 538 3467 557 3468 559 3469 616 3470 616 3471 610 3472 557 3473 559 3474 563 3475 613 3476 613 3477 616 3478 559 3479 594 3480 593 3481 617 3482 617 3483 618 3484 594 3485 593 3486 595 3487 619 3488 619 3489 617 3490 593 3491 597 3492 596 3493 620 3494 620 3495 621 3496 597 3497 599 3498 598 3499 622 3500 622 3501 623 3502 599 3503 601 3504 600 3505 624 3506 624 3507 625 3508 601 3509 602 3510 601 3511 625 3512 625 3513 626 3514 602 3515 603 3516 594 3517 618 3518 618 3519 627 3520 603 3521 596 3522 603 3523 627 3524 627 3525 620 3526 596 3527 604 3528 597 3529 621 3530 621 3531 628 3532 604 3533 598 3534 604 3535 628 3536 628 3537 622 3538 598 3539 605 3540 599 3541 623 3542 623 3543 629 3544 605 3545 600 3546 605 3547 629 3548 629 3549 624 3550 600 3551 607 3552 606 3553 630 3554 630 3555 631 3556 607 3557 595 3558 607 3559 631 3560 631 3561 619 3562 595 3563 609 3564 608 3565 632 3566 632 3567 633 3568 609 3569 611 3570 610 3571 634 3572 634 3573 635 3574 611 3575 613 3576 612 3577 636 3578 636 3579 637 3580 613 3581 612 3582 602 3583 626 3584 626 3585 636 3586 612 3587 606 3588 614 3589 638 3590 638 3591 630 3592 606 3593 614 3594 609 3595 633 3596 633 3597 638 3598 614 3599 608 3600 615 3601 639 3602 639 3603 632 3604 608 3605 615 3606 611 3607 635 3608 635 3609 639 3610 615 3611 610 3612 616 3613 640 3614 640 3615 634 3616 610 3617 616 3618 613 3619 637 3620 637 3621 640 3622 616 3623 618 3624 617 3625 641 3626 617 3627 619 3628 641 3629 621 3630 620 3631 641 3632 623 3633 622 3634 641 3635 625 3636 624 3637 641 3638 626 3639 625 3640 641 3641 627 3642 618 3643 641 3644 620 3645 627 3646 641 3647 628 3648 621 3649 641 3650 622 3651 628 3652 641 3653 629 3654 623 3655 641 3656 624 3657 629 3658 641 3659 631 3660 630 3661 641 3662 619 3663 631 3664 641 3665 633 3666 632 3667 641 3668 635 3669 634 3670 641 3671 637 3672 636 3673 641 3674 636 3675 626 3676 641 3677 630 3678 638 3679 641 3680 638 3681 633 3682 641 3683 632 3684 639 3685 641 3686 639 3687 635 3688 641 3689 634 3690 640 3691 641 3692 640 3693 637 3694 641 3695 642 3696 643 3697 644 3698 644 3699 645 3700 642 3701 642 3702 646 3703 647 3704 647 3705 648 3706 642 3707 642 3708 645 3709 649 3710 649 3711 646 3712 642 3713 650 3714 651 3715 652 3716 652 3717 653 3718 650 3719 654 3720 655 3721 656 3722 656 3723 657 3724 654 3725 655 3726 658 3727 659 3728 659 3729 656 3730 655 3731 655 3732 660 3733 661 3734 661 3735 658 3736 655 3737 662 3738 650 3739 653 3740 653 3741 663 3742 662 3743 664 3744 665 3745 666 3746 666 3747 667 3748 664 3749 664 3750 668 3751 669 3752 669 3753 670 3754 664 3755 664 3756 667 3757 671 3758 671 3759 672 3760 664 3761 664 3762 672 3763 673 3764 673 3765 668 3766 664 3767 32 3768 35 3769 674 3770 674 3771 675 3772 32 3773 675 3774 676 3775 36 3776 36 3777 32 3778 675 3779 675 3780 677 3781 678 3782 678 3783 676 3784 675 3785 675 3786 674 3787 679 3788 679 3789 677 3790 675 3791 680 3792 677 3793 679 3794 679 3795 681 3796 680 3797 679 3798 682 3799 683 3800 683 3801 681 3802 679 3803 679 3804 674 3805 684 3806 684 3807 682 3808 679 3809 684 3810 674 3811 35 3812 35 3813 46 3814 684 3815 46 3816 48 3817 685 3818 685 3819 684 3820 46 3821 49 3822 52 3823 686 3824 686 3825 687 3826 49 3827 49 3828 687 3829 688 3830 688 3831 53 3832 49 3833 688 3834 687 3835 689 3836 689 3837 690 3838 688 3839 688 3840 685 3841 48 3842 48 3843 53 3844 688 3845 688 3846 690 3847 691 3848 691 3849 685 3850 688 3851 691 3852 690 3853 692 3854 692 3855 693 3856 691 3857 685 3858 691 3859 682 3860 682 3861 684 3862 685 3863 691 3864 693 3865 683 3866 683 3867 682 3868 691 3869 683 3870 693 3871 694 3872 694 3873 695 3874 683 3875 695 3876 694 3877 696 3878 696 3879 697 3880 695 3881 683 3882 695 3883 698 3884 698 3885 681 3886 683 3887 695 3888 697 3889 649 3890 649 3891 698 3892 695 3893 649 3894 697 3895 699 3896 699 3897 646 3898 649 3899 646 3900 699 3901 700 3902 700 3903 647 3904 646 3905 701 3906 647 3907 700 3908 700 3909 702 3910 701 3911 701 3912 702 3913 703 3914 703 3915 704 3916 701 3917 647 3918 701 3919 705 3920 705 3921 648 3922 647 3923 701 3924 704 3925 706 3926 706 3927 705 3928 701 3929 706 3930 704 3931 707 3932 707 3933 708 3934 706 3935 708 3936 709 3937 710 3938 710 3939 706 3940 708 3941 708 3942 711 3943 712 3944 712 3945 709 3946 708 3947 708 3948 707 3949 713 3950 713 3951 711 3952 708 3953 714 3954 711 3955 713 3956 713 3957 715 3958 714 3959 715 3960 713 3961 665 3962 665 3963 716 3964 715 3965 715 3966 717 3967 718 3968 718 3969 714 3970 715 3971 715 3972 716 3973 719 3974 719 3975 717 3976 715 3977 720 3978 717 3979 719 3980 719 3981 721 3982 720 3983 721 3984 719 3985 722 3986 722 3987 723 3988 721 3989 721 3990 724 3991 725 3992 725 3993 720 3994 721 3995 721 3996 723 3997 726 3998 726 3999 724 4000 721 4001 727 4002 724 4003 726 4004 726 4005 728 4006 727 4007 728 4008 726 4009 729 4010 729 4011 730 4012 728 4013 728 4014 731 4015 732 4016 732 4017 727 4018 728 4019 728 4020 730 4021 733 4022 733 4023 731 4024 728 4025 733 4026 730 4027 734 4028 734 4029 735 4030 733 4031 733 4032 736 4033 737 4034 737 4035 731 4036 733 4037 733 4038 735 4039 738 4040 738 4041 736 4042 733 4043 738 4044 735 4045 739 4046 738 4047 740 4048 741 4049 741 4050 736 4051 738 4052 738 4053 739 4054 740 4055 740 4056 739 4057 742 4058 739 4059 734 4060 743 4061 734 4062 739 4063 735 4064 743 4065 744 4066 739 4067 743 4068 729 4069 745 4070 745 4071 744 4072 743 4073 743 4074 734 4075 730 4076 730 4077 729 4078 743 4079 745 4080 746 4081 747 4082 747 4083 744 4084 745 4085 745 4086 723 4087 722 4088 722 4089 746 4090 745 4091 745 4092 729 4093 726 4094 726 4095 723 4096 745 4097 722 4098 670 4099 669 4100 669 4101 746 4102 722 4103 722 4104 719 4105 716 4106 716 4107 670 4108 722 4109 664 4110 670 4111 716 4112 716 4113 665 4114 664 4115 665 4116 713 4117 707 4118 707 4119 666 4120 665 4121 703 4122 666 4123 707 4124 707 4125 704 4126 703 4127 666 4128 703 4129 748 4130 748 4131 667 4132 666 4133 703 4134 702 4135 749 4136 749 4137 748 4138 703 4139 749 4140 702 4141 700 4142 700 4143 750 4144 749 4145 751 4146 750 4147 700 4148 700 4149 699 4150 751 4151 696 4152 751 4153 699 4154 699 4155 697 4156 696 4157 696 4158 752 4159 753 4160 753 4161 751 4162 696 4163 696 4164 694 4165 754 4166 754 4167 752 4168 696 4169 754 4170 755 4171 756 4172 756 4173 752 4174 754 4175 754 4176 692 4177 757 4178 757 4179 755 4180 754 4181 754 4182 694 4183 693 4184 693 4185 692 4186 754 4187 757 4188 758 4189 759 4190 759 4191 755 4192 757 4193 757 4194 689 4195 760 4196 760 4197 758 4198 757 4199 757 4200 692 4201 690 4202 690 4203 689 4204 757 4205 760 4206 689 4207 687 4208 687 4209 686 4210 760 4211 761 4212 762 4213 756 4214 756 4215 763 4216 761 4217 761 4218 764 4219 765 4220 765 4221 762 4222 761 4223 765 4224 764 4225 766 4226 766 4227 767 4228 765 4229 765 4230 768 4231 753 4232 753 4233 762 4234 765 4235 765 4236 767 4237 769 4238 769 4239 768 4240 765 4241 769 4242 767 4243 770 4244 770 4245 771 4246 769 4247 769 4248 749 4249 750 4250 750 4251 768 4252 769 4253 769 4254 771 4255 748 4256 748 4257 749 4258 769 4259 770 4260 772 4261 773 4262 773 4263 774 4264 770 4265 770 4266 767 4267 766 4268 766 4269 772 4270 770 4271 770 4272 774 4273 671 4274 671 4275 771 4276 770 4277 141 4278 36 4279 676 4280 676 4281 775 4282 141 4283 776 4284 775 4285 676 4286 676 4287 678 4288 776 4289 777 4290 776 4291 678 4292 678 4293 778 4294 777 4295 778 4296 779 4297 780 4298 780 4299 777 4300 778 4301 778 4302 680 4303 781 4304 781 4305 779 4306 778 4307 778 4308 678 4309 677 4310 677 4311 680 4312 778 4313 781 4314 645 4315 644 4316 644 4317 779 4318 781 4319 781 4320 698 4321 649 4322 649 4323 645 4324 781 4325 781 4326 680 4327 681 4328 681 4329 698 4330 781 4331 779 4332 644 4333 782 4334 782 4335 780 4336 779 4337 782 4338 644 4339 643 4340 643 4341 783 4342 782 4343 784 4344 783 4345 643 4346 643 4347 785 4348 784 4349 785 4350 643 4351 642 4352 642 4353 786 4354 785 4355 787 4356 786 4357 642 4358 642 4359 648 4360 787 4361 788 4362 787 4363 648 4364 648 4365 705 4366 788 4367 710 4368 788 4369 705 4370 705 4371 706 4372 710 4373 710 4374 789 4375 790 4376 790 4377 788 4378 710 4379 710 4380 709 4381 791 4382 791 4383 789 4384 710 4385 709 4386 712 4387 792 4388 792 4389 791 4390 709 4391 792 4392 712 4393 659 4394 659 4395 658 4396 792 4397 712 4398 711 4399 714 4400 714 4401 659 4402 712 4403 656 4404 659 4405 714 4406 714 4407 718 4408 656 4409 718 4410 793 4411 657 4412 657 4413 656 4414 718 4415 718 4416 717 4417 720 4418 720 4419 793 4420 718 4421 794 4422 793 4423 720 4424 720 4425 725 4426 794 4427 725 4428 795 4429 796 4430 796 4431 794 4432 725 4433 725 4434 724 4435 727 4436 727 4437 795 4438 725 4439 797 4440 795 4441 727 4442 727 4443 732 4444 797 4445 732 4446 798 4447 799 4448 799 4449 797 4450 732 4451 732 4452 731 4453 737 4454 737 4455 798 4456 732 4457 800 4458 798 4459 737 4460 737 4461 801 4462 800 4463 801 4464 737 4465 736 4466 736 4467 741 4468 801 4469 801 4470 802 4471 803 4472 803 4473 800 4474 801 4475 801 4476 741 4477 804 4478 804 4479 802 4480 801 4481 804 4482 741 4483 740 4484 740 4485 742 4486 804 4487 804 4488 805 4489 806 4490 806 4491 802 4492 804 4493 804 4494 742 4495 807 4496 807 4497 805 4498 804 4499 807 4500 742 4501 739 4502 807 4503 808 4504 809 4505 809 4506 805 4507 807 4508 807 4509 739 4510 808 4511 808 4512 739 4513 810 4514 739 4515 747 4516 811 4517 747 4518 739 4519 744 4520 811 4521 812 4522 739 4523 811 4524 669 4525 668 4526 668 4527 812 4528 811 4529 811 4530 747 4531 746 4532 746 4533 669 4534 811 4535 812 4536 813 4537 739 4538 813 4539 814 4540 739 4541 813 4542 673 4543 815 4544 815 4545 814 4546 813 4547 815 4548 816 4549 817 4550 817 4551 814 4552 815 4553 815 4554 818 4555 819 4556 819 4557 816 4558 815 4559 815 4560 673 4561 672 4562 672 4563 818 4564 815 4565 818 4566 774 4567 773 4568 773 4569 819 4570 818 4571 818 4572 672 4573 671 4574 671 4575 774 4576 818 4577 820 4578 821 4579 789 4580 789 4581 791 4582 820 4583 820 4584 791 4585 792 4586 792 4587 822 4588 820 4589 792 4590 658 4591 661 4592 661 4593 822 4594 792 4595 789 4596 821 4597 823 4598 823 4599 790 4600 789 4601 790 4602 824 4603 787 4604 787 4605 788 4606 790 4607 790 4608 823 4609 825 4610 825 4611 824 4612 790 4613 825 4614 826 4615 827 4616 827 4617 824 4618 825 4619 828 4620 196 4621 141 4622 141 4623 775 4624 828 4625 829 4626 828 4627 775 4628 775 4629 776 4630 829 4631 830 4632 829 4633 776 4634 776 4635 777 4636 830 4637 831 4638 830 4639 777 4640 777 4641 780 4642 831 4643 832 4644 831 4645 780 4646 780 4647 782 4648 832 4649 833 4650 832 4651 782 4652 782 4653 783 4654 833 4655 834 4656 833 4657 783 4658 783 4659 784 4660 834 4661 784 4662 835 4663 836 4664 836 4665 834 4666 784 4667 835 4668 784 4669 785 4670 785 4671 837 4672 835 4673 827 4674 837 4675 785 4676 785 4677 786 4678 827 4679 824 4680 827 4681 786 4682 786 4683 787 4684 824 4685 837 4686 838 4687 839 4688 839 4689 835 4690 837 4691 837 4692 827 4693 826 4694 826 4695 838 4696 837 4697 840 4698 209 4699 196 4700 196 4701 828 4702 840 4703 841 4704 840 4705 828 4706 828 4707 829 4708 841 4709 842 4710 841 4711 829 4712 829 4713 830 4714 842 4715 843 4716 842 4717 830 4718 830 4719 831 4720 843 4721 844 4722 843 4723 831 4724 831 4725 832 4726 844 4727 845 4728 844 4729 832 4730 832 4731 833 4732 845 4733 846 4734 845 4735 833 4736 833 4737 834 4738 846 4739 847 4740 846 4741 834 4742 834 4743 836 4744 847 4745 848 4746 836 4747 835 4748 835 4749 839 4750 848 4751 849 4752 219 4753 209 4754 209 4755 840 4756 849 4757 850 4758 849 4759 840 4760 840 4761 841 4762 850 4763 851 4764 850 4765 841 4766 841 4767 842 4768 851 4769 852 4770 851 4771 842 4772 842 4773 843 4774 852 4775 853 4776 852 4777 843 4778 843 4779 844 4780 853 4781 854 4782 853 4783 844 4784 844 4785 845 4786 854 4787 855 4788 854 4789 845 4790 845 4791 846 4792 855 4793 663 4794 855 4795 846 4796 846 4797 847 4798 663 4799 847 4800 856 4801 662 4802 662 4803 663 4804 847 4805 856 4806 847 4807 836 4808 836 4809 848 4810 856 4811 857 4812 228 4813 219 4814 219 4815 849 4816 857 4817 858 4818 857 4819 849 4820 849 4821 850 4822 858 4823 859 4824 858 4825 850 4826 850 4827 851 4828 859 4829 860 4830 859 4831 851 4832 851 4833 852 4834 860 4835 861 4836 860 4837 852 4838 852 4839 853 4840 861 4841 862 4842 861 4843 853 4844 853 4845 854 4846 862 4847 863 4848 862 4849 854 4850 854 4851 855 4852 863 4853 653 4854 863 4855 855 4856 855 4857 663 4858 653 4859 864 4860 863 4861 653 4862 653 4863 652 4864 864 4865 865 4866 862 4867 863 4868 863 4869 864 4870 865 4871 865 4872 866 4873 861 4874 861 4875 862 4876 865 4877 861 4878 866 4879 867 4880 867 4881 860 4882 861 4883 867 4884 868 4885 859 4886 859 4887 860 4888 867 4889 859 4890 868 4891 869 4892 869 4893 858 4894 859 4895 869 4896 870 4897 857 4898 857 4899 858 4900 869 4901 857 4902 870 4903 242 4904 242 4905 228 4906 857 4907 871 4908 654 4909 657 4910 657 4911 872 4912 871 4913 871 4914 872 4915 873 4916 873 4917 874 4918 871 4919 875 4920 874 4921 873 4922 873 4923 876 4924 875 4925 876 4926 873 4927 796 4928 796 4929 877 4930 876 4931 876 4932 878 4933 879 4934 879 4935 875 4936 876 4937 876 4938 877 4939 880 4940 880 4941 878 4942 876 4943 881 4944 878 4945 880 4946 880 4947 882 4948 881 4949 882 4950 880 4951 799 4952 799 4953 883 4954 882 4955 882 4956 884 4957 885 4958 885 4959 881 4960 882 4961 882 4962 883 4963 886 4964 886 4965 884 4966 882 4967 887 4968 884 4969 886 4970 886 4971 888 4972 887 4973 888 4974 886 4975 803 4976 803 4977 889 4978 888 4979 888 4980 890 4981 891 4982 891 4983 887 4984 888 4985 888 4986 889 4987 892 4988 892 4989 890 4990 888 4991 893 4992 890 4993 892 4994 892 4995 894 4996 893 4997 894 4998 892 4999 895 5000 895 5001 896 5002 894 5003 894 5004 897 5005 898 5006 898 5007 893 5008 894 5009 894 5010 896 5011 899 5012 899 5013 897 5014 894 5015 879 5016 878 5017 881 5018 881 5019 900 5020 879 5021 901 5022 900 5023 881 5024 881 5025 885 5026 901 5027 885 5028 902 5029 903 5030 903 5031 901 5032 885 5033 885 5034 884 5035 887 5036 887 5037 902 5038 885 5039 904 5040 902 5041 887 5042 887 5043 891 5044 904 5045 891 5046 905 5047 906 5048 906 5049 904 5050 891 5051 891 5052 890 5053 893 5054 893 5055 905 5056 891 5057 907 5058 905 5059 893 5060 893 5061 898 5062 907 5063 903 5064 902 5065 904 5066 904 5067 908 5068 903 5069 909 5070 908 5071 904 5072 904 5073 906 5074 909 5075 909 5076 906 5077 910 5078 910 5079 911 5080 909 5081 906 5082 905 5083 907 5084 907 5085 910 5086 906 5087 912 5088 810 5089 739 5090 912 5091 913 5092 914 5093 914 5094 810 5095 912 5096 914 5097 809 5098 808 5099 808 5100 810 5101 914 5102 914 5103 896 5104 895 5105 895 5106 809 5107 914 5108 914 5109 913 5110 899 5111 899 5112 896 5113 914 5114 895 5115 806 5116 805 5117 805 5118 809 5119 895 5120 895 5121 892 5122 889 5123 889 5124 806 5125 895 5126 802 5127 806 5128 889 5129 889 5130 803 5131 802 5132 803 5133 886 5134 883 5135 883 5136 800 5137 803 5138 798 5139 800 5140 883 5141 883 5142 799 5143 798 5144 799 5145 880 5146 877 5147 877 5148 797 5149 799 5150 795 5151 797 5152 877 5153 877 5154 796 5155 795 5156 796 5157 873 5158 872 5159 872 5160 794 5161 796 5162 793 5163 794 5164 872 5165 872 5166 657 5167 793 5168 817 5169 739 5170 814 5171 771 5172 671 5173 667 5174 667 5175 748 5176 771 5177 768 5178 750 5179 751 5180 751 5181 753 5182 768 5183 762 5184 753 5185 752 5186 752 5187 756 5188 762 5189 763 5190 756 5191 755 5192 755 5193 759 5194 763 5195 812 5196 668 5197 673 5198 673 5199 813 5200 812 5201 651 5202 915 5203 916 5204 916 5205 652 5206 651 5207 652 5208 916 5209 917 5210 917 5211 864 5212 652 5213 864 5214 917 5215 918 5216 918 5217 865 5218 864 5219 865 5220 918 5221 919 5222 919 5223 866 5224 865 5225 866 5226 919 5227 920 5228 920 5229 867 5230 866 5231 867 5232 920 5233 921 5234 921 5235 868 5236 867 5237 868 5238 921 5239 922 5240 922 5241 869 5242 868 5243 869 5244 922 5245 923 5246 923 5247 870 5248 869 5249 870 5250 923 5251 296 5252 296 5253 242 5254 870 5255 915 5256 924 5257 925 5258 925 5259 916 5260 915 5261 916 5262 925 5263 926 5264 926 5265 917 5266 916 5267 917 5268 926 5269 927 5270 927 5271 918 5272 917 5273 918 5274 927 5275 928 5276 928 5277 919 5278 918 5279 919 5280 928 5281 929 5282 929 5283 920 5284 919 5285 920 5286 929 5287 930 5288 930 5289 921 5290 920 5291 921 5292 930 5293 931 5294 931 5295 922 5296 921 5297 922 5298 931 5299 932 5300 932 5301 923 5302 922 5303 923 5304 932 5305 306 5306 306 5307 296 5308 923 5309 924 5310 933 5311 934 5312 934 5313 925 5314 924 5315 925 5316 934 5317 935 5318 935 5319 926 5320 925 5321 927 5322 926 5323 935 5324 935 5325 936 5326 927 5327 927 5328 936 5329 937 5330 937 5331 928 5332 927 5333 928 5334 937 5335 938 5336 938 5337 929 5338 928 5339 929 5340 938 5341 939 5342 939 5343 930 5344 929 5345 930 5346 939 5347 940 5348 940 5349 931 5350 930 5351 931 5352 940 5353 941 5354 941 5355 932 5356 931 5357 932 5358 941 5359 316 5360 316 5361 306 5362 932 5363 942 5364 943 5365 944 5366 944 5367 945 5368 942 5369 942 5370 946 5371 947 5372 947 5373 948 5374 942 5375 942 5376 948 5377 949 5378 949 5379 943 5380 942 5381 650 5382 950 5383 951 5384 951 5385 651 5386 650 5387 952 5388 953 5389 954 5390 952 5391 954 5392 955 5393 955 5394 956 5395 952 5396 952 5397 956 5398 661 5399 661 5400 660 5401 952 5402 662 5403 957 5404 950 5405 950 5406 650 5407 662 5408 958 5409 959 5410 960 5411 960 5412 961 5413 958 5414 958 5415 962 5416 963 5417 963 5418 964 5419 958 5420 958 5421 965 5422 966 5423 966 5424 959 5425 958 5426 958 5427 964 5428 967 5429 967 5430 965 5431 958 5432 343 5433 968 5434 969 5435 969 5436 344 5437 343 5438 968 5439 343 5440 348 5441 348 5442 970 5443 968 5444 968 5445 970 5446 971 5447 971 5448 972 5449 968 5450 968 5451 972 5452 973 5453 973 5454 969 5455 968 5456 974 5457 975 5458 973 5459 973 5460 972 5461 974 5462 973 5463 975 5464 976 5465 976 5466 977 5467 973 5468 973 5469 977 5470 978 5471 978 5472 969 5473 973 5474 978 5475 357 5476 344 5477 344 5478 969 5479 978 5480 357 5481 978 5482 979 5483 979 5484 358 5485 357 5486 360 5487 980 5488 686 5489 686 5490 52 5491 360 5492 360 5493 363 5494 981 5495 981 5496 980 5497 360 5498 981 5499 982 5500 983 5501 983 5502 980 5503 981 5504 981 5505 363 5506 358 5507 358 5508 979 5509 981 5510 981 5511 979 5512 984 5513 984 5514 982 5515 981 5516 984 5517 985 5518 986 5519 986 5520 982 5521 984 5522 979 5523 978 5524 977 5525 977 5526 984 5527 979 5528 984 5529 977 5530 976 5531 976 5532 985 5533 984 5534 976 5535 987 5536 988 5537 988 5538 985 5539 976 5540 987 5541 989 5542 990 5543 990 5544 988 5545 987 5546 976 5547 975 5548 991 5549 991 5550 987 5551 976 5552 987 5553 991 5554 949 5555 949 5556 989 5557 987 5558 949 5559 948 5560 992 5561 992 5562 989 5563 949 5564 948 5565 947 5566 993 5567 993 5568 992 5569 948 5570 994 5571 995 5572 993 5573 993 5574 947 5575 994 5576 994 5577 996 5578 997 5579 997 5580 995 5581 994 5582 947 5583 946 5584 998 5585 998 5586 994 5587 947 5588 994 5589 998 5590 999 5591 999 5592 996 5593 994 5594 999 5595 1000 5596 1001 5597 1001 5598 996 5599 999 5600 1000 5601 999 5602 1002 5603 1002 5604 1003 5605 1000 5606 1000 5607 1003 5608 1004 5609 1004 5610 1005 5611 1000 5612 1000 5613 1005 5614 1006 5615 1006 5616 1001 5617 1000 5618 1007 5619 1008 5620 1006 5621 1006 5622 1005 5623 1007 5624 1008 5625 1009 5626 961 5627 961 5628 1006 5629 1008 5630 1008 5631 1007 5632 1010 5633 1010 5634 1011 5635 1008 5636 1008 5637 1011 5638 1012 5639 1012 5640 1009 5641 1008 5642 1013 5643 1014 5644 1012 5645 1012 5646 1011 5647 1013 5648 1014 5649 1015 5650 1016 5651 1016 5652 1012 5653 1014 5654 1014 5655 1013 5656 1017 5657 1017 5658 1018 5659 1014 5660 1014 5661 1018 5662 1019 5663 1019 5664 1015 5665 1014 5666 1020 5667 1021 5668 1019 5669 1019 5670 1018 5671 1020 5672 1021 5673 1022 5674 1023 5675 1023 5676 1019 5677 1021 5678 1021 5679 1020 5680 1024 5681 1024 5682 1025 5683 1021 5684 1021 5685 1025 5686 1026 5687 1026 5688 1022 5689 1021 5690 1026 5691 1027 5692 1028 5693 1028 5694 1022 5695 1026 5696 1026 5697 1025 5698 1029 5699 1029 5700 1030 5701 1026 5702 1026 5703 1030 5704 1031 5705 1031 5706 1027 5707 1026 5708 1031 5709 739 5710 1027 5711 1031 5712 1030 5713 1032 5714 1032 5715 1033 5716 1031 5717 1031 5718 1033 5719 739 5720 739 5721 1033 5722 1034 5723 1028 5724 739 5725 1035 5726 739 5727 1028 5728 1027 5729 1035 5730 739 5731 1036 5732 1035 5733 1036 5734 1037 5735 1037 5736 1023 5737 1035 5738 1035 5739 1023 5740 1022 5741 1022 5742 1028 5743 1035 5744 1037 5745 1036 5746 1038 5747 1038 5748 1039 5749 1037 5750 1037 5751 1039 5752 1016 5753 1016 5754 1015 5755 1037 5756 1037 5757 1015 5758 1019 5759 1019 5760 1023 5761 1037 5762 1016 5763 1039 5764 963 5765 963 5766 962 5767 1016 5768 1016 5769 962 5770 1009 5771 1009 5772 1012 5773 1016 5774 958 5775 961 5776 1009 5777 1009 5778 962 5779 958 5780 961 5781 960 5782 1001 5783 1001 5784 1006 5785 961 5786 997 5787 996 5788 1001 5789 1001 5790 960 5791 997 5792 960 5793 959 5794 1040 5795 1040 5796 997 5797 960 5798 997 5799 1040 5800 1041 5801 1041 5802 995 5803 997 5804 1041 5805 1042 5806 993 5807 993 5808 995 5809 1041 5810 1043 5811 992 5812 993 5813 993 5814 1042 5815 1043 5816 990 5817 989 5818 992 5819 992 5820 1043 5821 990 5822 990 5823 1043 5824 1044 5825 1044 5826 1045 5827 990 5828 990 5829 1045 5830 1046 5831 1046 5832 988 5833 990 5834 1046 5835 1045 5836 1047 5837 1047 5838 1048 5839 1046 5840 1046 5841 1048 5842 1049 5843 1049 5844 986 5845 1046 5846 1046 5847 986 5848 985 5849 985 5850 988 5851 1046 5852 1049 5853 1048 5854 759 5855 759 5856 758 5857 1049 5858 1049 5859 758 5860 760 5861 760 5862 983 5863 1049 5864 1049 5865 983 5866 982 5867 982 5868 986 5869 1049 5870 760 5871 686 5872 980 5873 980 5874 983 5875 760 5876 761 5877 763 5878 1047 5879 1047 5880 1050 5881 761 5882 761 5883 1050 5884 1051 5885 1051 5886 764 5887 761 5888 1051 5889 1052 5890 766 5891 766 5892 764 5893 1051 5894 1051 5895 1050 5896 1044 5897 1044 5898 1053 5899 1051 5900 1051 5901 1053 5902 1054 5903 1054 5904 1052 5905 1051 5906 1054 5907 1055 5908 1056 5909 1056 5910 1052 5911 1054 5912 1054 5913 1053 5914 1042 5915 1042 5916 1041 5917 1054 5918 1054 5919 1041 5920 1040 5921 1040 5922 1055 5923 1054 5924 1056 5925 1057 5926 773 5927 773 5928 772 5929 1056 5930 1056 5931 772 5932 766 5933 766 5934 1052 5935 1056 5936 1056 5937 1055 5938 966 5939 966 5940 1057 5941 1056 5942 440 5943 1058 5944 970 5945 970 5946 348 5947 440 5948 1059 5949 971 5950 970 5951 970 5952 1058 5953 1059 5954 1060 5955 1061 5956 971 5957 971 5958 1059 5959 1060 5960 1061 5961 1060 5962 1062 5963 1062 5964 1063 5965 1061 5966 1061 5967 1063 5968 1064 5969 1064 5970 974 5971 1061 5972 1061 5973 974 5974 972 5975 972 5976 971 5977 1061 5978 1064 5979 1063 5980 944 5981 944 5982 943 5983 1064 5984 1064 5985 943 5986 949 5987 949 5988 991 5989 1064 5990 1064 5991 991 5992 975 5993 975 5994 974 5995 1064 5996 1063 5997 1062 5998 1065 5999 1065 6000 944 6001 1063 6002 1065 6003 1066 6004 945 6005 945 6006 944 6007 1065 6008 1067 6009 1068 6010 945 6011 945 6012 1066 6013 1067 6014 1068 6015 1069 6016 942 6017 942 6018 945 6019 1068 6020 1070 6021 946 6022 942 6023 942 6024 1069 6025 1070 6026 1071 6027 998 6028 946 6029 946 6030 1070 6031 1071 6032 1002 6033 999 6034 998 6035 998 6036 1071 6037 1002 6038 1002 6039 1071 6040 1072 6041 1072 6042 1073 6043 1002 6044 1002 6045 1073 6046 1074 6047 1074 6048 1003 6049 1002 6050 1003 6051 1074 6052 1075 6053 1075 6054 1004 6055 1003 6056 1075 6057 956 6058 955 6059 955 6060 1004 6061 1075 6062 1004 6063 955 6064 1007 6065 1007 6066 1005 6067 1004 6068 954 6069 1010 6070 1007 6071 1007 6072 955 6073 954 6074 1010 6075 954 6076 1076 6077 1076 6078 1077 6079 1010 6080 1010 6081 1077 6082 1013 6083 1013 6084 1011 6085 1010 6086 1078 6087 1017 6088 1013 6089 1013 6090 1077 6091 1078 6092 1017 6093 1078 6094 1079 6095 1079 6096 1080 6097 1017 6098 1017 6099 1080 6100 1020 6101 1020 6102 1018 6103 1017 6104 1081 6105 1024 6106 1020 6107 1020 6108 1080 6109 1081 6110 1024 6111 1081 6112 1082 6113 1082 6114 1083 6115 1024 6116 1024 6117 1083 6118 1029 6119 1029 6120 1025 6121 1024 6122 1084 6123 1085 6124 1029 6125 1029 6126 1083 6127 1084 6128 1085 6129 1032 6130 1030 6131 1030 6132 1029 6133 1085 6134 1085 6135 1084 6136 1086 6137 1086 6138 1087 6139 1085 6140 1085 6141 1087 6142 1088 6143 1088 6144 1032 6145 1085 6146 1088 6147 1034 6148 1033 6149 1033 6150 1032 6151 1088 6152 1088 6153 1087 6154 1089 6155 1089 6156 1090 6157 1088 6158 1088 6159 1090 6160 1091 6161 1091 6162 1034 6163 1088 6164 1091 6165 739 6166 1034 6167 1091 6168 1090 6169 1092 6170 1092 6171 1093 6172 1091 6173 1091 6174 1093 6175 739 6176 739 6177 1093 6178 1094 6179 1038 6180 739 6181 1095 6182 739 6183 1038 6184 1036 6185 1095 6186 739 6187 1096 6188 1095 6189 1096 6190 964 6191 964 6192 963 6193 1095 6194 1095 6195 963 6196 1039 6197 1039 6198 1038 6199 1095 6200 1096 6201 739 6202 1097 6203 1097 6204 739 6205 1098 6206 1097 6207 1098 6208 1099 6209 1099 6210 967 6211 1097 6212 1099 6213 1098 6214 817 6215 817 6216 816 6217 1099 6218 1099 6219 816 6220 819 6221 819 6222 1100 6223 1099 6224 1099 6225 1100 6226 965 6227 965 6228 967 6229 1099 6230 1100 6231 819 6232 773 6233 773 6234 1057 6235 1100 6236 1100 6237 1057 6238 966 6239 966 6240 965 6241 1100 6242 820 6243 1074 6244 1073 6245 1073 6246 821 6247 820 6248 820 6249 822 6250 1075 6251 1075 6252 1074 6253 820 6254 1075 6255 822 6256 661 6257 661 6258 956 6259 1075 6260 1073 6261 1072 6262 823 6263 823 6264 821 6265 1073 6266 1072 6267 1071 6268 1070 6269 1070 6270 1101 6271 1072 6272 1072 6273 1101 6274 825 6275 825 6276 823 6277 1072 6278 825 6279 1101 6280 1102 6281 1102 6282 826 6283 825 6284 1103 6285 1058 6286 440 6287 440 6288 487 6289 1103 6290 1104 6291 1059 6292 1058 6293 1058 6294 1103 6295 1104 6296 1105 6297 1060 6298 1059 6299 1059 6300 1104 6301 1105 6302 1106 6303 1062 6304 1060 6305 1060 6306 1105 6307 1106 6308 1107 6309 1065 6310 1062 6311 1062 6312 1106 6313 1107 6314 1108 6315 1066 6316 1065 6317 1065 6318 1107 6319 1108 6320 1109 6321 1067 6322 1066 6323 1066 6324 1108 6325 1109 6326 1067 6327 1109 6328 1110 6329 1110 6330 1111 6331 1067 6332 1111 6333 1112 6334 1068 6335 1068 6336 1067 6337 1111 6338 1102 6339 1069 6340 1068 6341 1068 6342 1112 6343 1102 6344 1101 6345 1070 6346 1069 6347 1069 6348 1102 6349 1101 6350 1112 6351 1111 6352 839 6353 839 6354 838 6355 1112 6356 1112 6357 838 6358 826 6359 826 6360 1102 6361 1112 6362 1113 6363 1103 6364 487 6365 487 6366 498 6367 1113 6368 1114 6369 1104 6370 1103 6371 1103 6372 1113 6373 1114 6374 1115 6375 1105 6376 1104 6377 1104 6378 1114 6379 1115 6380 1116 6381 1106 6382 1105 6383 1105 6384 1115 6385 1116 6386 1117 6387 1107 6388 1106 6389 1106 6390 1116 6391 1117 6392 1118 6393 1108 6394 1107 6395 1107 6396 1117 6397 1118 6398 1119 6399 1109 6400 1108 6401 1108 6402 1118 6403 1119 6404 1120 6405 1110 6406 1109 6407 1109 6408 1119 6409 1120 6410 848 6411 839 6412 1111 6413 1111 6414 1110 6415 848 6416 1121 6417 1113 6418 498 6419 498 6420 507 6421 1121 6422 1122 6423 1114 6424 1113 6425 1113 6426 1121 6427 1122 6428 1123 6429 1115 6430 1114 6431 1114 6432 1122 6433 1123 6434 1124 6435 1116 6436 1115 6437 1115 6438 1123 6439 1124 6440 1125 6441 1117 6442 1116 6443 1116 6444 1124 6445 1125 6446 1126 6447 1118 6448 1117 6449 1117 6450 1125 6451 1126 6452 1127 6453 1119 6454 1118 6455 1118 6456 1126 6457 1127 6458 957 6459 1120 6460 1119 6461 1119 6462 1127 6463 957 6464 1120 6465 957 6466 662 6467 662 6468 856 6469 1120 6470 856 6471 848 6472 1110 6473 1110 6474 1120 6475 856 6476 1128 6477 1121 6478 507 6479 507 6480 515 6481 1128 6482 1129 6483 1122 6484 1121 6485 1121 6486 1128 6487 1129 6488 1130 6489 1123 6490 1122 6491 1122 6492 1129 6493 1130 6494 1131 6495 1124 6496 1123 6497 1123 6498 1130 6499 1131 6500 1132 6501 1125 6502 1124 6503 1124 6504 1131 6505 1132 6506 1133 6507 1126 6508 1125 6509 1125 6510 1132 6511 1133 6512 1134 6513 1127 6514 1126 6515 1126 6516 1133 6517 1134 6518 950 6519 957 6520 1127 6521 1127 6522 1134 6523 950 6524 1135 6525 951 6526 950 6527 950 6528 1134 6529 1135 6530 1136 6531 1135 6532 1134 6533 1134 6534 1133 6535 1136 6536 1136 6537 1133 6538 1132 6539 1132 6540 1137 6541 1136 6542 1132 6543 1131 6544 1138 6545 1138 6546 1137 6547 1132 6548 1138 6549 1131 6550 1130 6551 1130 6552 1139 6553 1138 6554 1130 6555 1129 6556 1140 6557 1140 6558 1139 6559 1130 6560 1140 6561 1129 6562 1128 6563 1128 6564 1141 6565 1140 6566 1128 6567 515 6568 529 6569 529 6570 1141 6571 1128 6572 1142 6573 1143 6574 1076 6575 1076 6576 953 6577 1142 6578 1142 6579 1144 6580 1145 6581 1145 6582 1143 6583 1142 6584 1146 6585 1147 6586 1145 6587 1145 6588 1144 6589 1146 6590 1147 6591 1148 6592 1079 6593 1079 6594 1145 6595 1147 6596 1147 6597 1146 6598 1149 6599 1149 6600 1150 6601 1147 6602 1147 6603 1150 6604 1151 6605 1151 6606 1148 6607 1147 6608 1152 6609 1153 6610 1151 6611 1151 6612 1150 6613 1152 6614 1153 6615 1154 6616 1082 6617 1082 6618 1151 6619 1153 6620 1153 6621 1152 6622 1155 6623 1155 6624 1156 6625 1153 6626 1153 6627 1156 6628 1157 6629 1157 6630 1154 6631 1153 6632 1158 6633 1159 6634 1157 6635 1157 6636 1156 6637 1158 6638 1159 6639 1160 6640 1086 6641 1086 6642 1157 6643 1159 6644 1159 6645 1158 6646 1161 6647 1161 6648 1162 6649 1159 6650 1159 6651 1162 6652 1163 6653 1163 6654 1160 6655 1159 6656 1164 6657 1165 6658 1163 6659 1163 6660 1162 6661 1164 6662 1165 6663 1166 6664 1167 6665 1167 6666 1163 6667 1165 6668 1165 6669 1164 6670 898 6671 898 6672 897 6673 1165 6674 1165 6675 897 6676 899 6677 899 6678 1166 6679 1165 6680 1149 6681 1168 6682 1152 6683 1152 6684 1150 6685 1149 6686 1169 6687 1155 6688 1152 6689 1152 6690 1168 6691 1169 6692 1155 6693 1169 6694 1170 6695 1170 6696 1171 6697 1155 6698 1155 6699 1171 6700 1158 6701 1158 6702 1156 6703 1155 6704 1172 6705 1161 6706 1158 6707 1158 6708 1171 6709 1172 6710 1161 6711 1172 6712 1173 6713 1173 6714 1174 6715 1161 6716 1161 6717 1174 6718 1164 6719 1164 6720 1162 6721 1161 6722 907 6723 898 6724 1164 6725 1164 6726 1174 6727 907 6728 1170 6729 1175 6730 1172 6731 1172 6732 1171 6733 1170 6734 1176 6735 1173 6736 1172 6737 1172 6738 1175 6739 1176 6740 1176 6741 911 6742 910 6743 910 6744 1173 6745 1176 6746 1173 6747 910 6748 907 6749 907 6750 1174 6751 1173 6752 912 6753 739 6754 1094 6755 912 6756 1094 6757 1177 6758 1177 6759 913 6760 912 6761 1177 6762 1094 6763 1093 6764 1093 6765 1092 6766 1177 6767 1177 6768 1092 6769 1167 6770 1167 6771 1166 6772 1177 6773 1177 6774 1166 6775 899 6776 899 6777 913 6778 1177 6779 1167 6780 1092 6781 1090 6782 1090 6783 1089 6784 1167 6785 1167 6786 1089 6787 1160 6788 1160 6789 1163 6790 1167 6791 1087 6792 1086 6793 1160 6794 1160 6795 1089 6796 1087 6797 1086 6798 1084 6799 1154 6800 1154 6801 1157 6802 1086 6803 1083 6804 1082 6805 1154 6806 1154 6807 1084 6808 1083 6809 1082 6810 1081 6811 1148 6812 1148 6813 1151 6814 1082 6815 1080 6816 1079 6817 1148 6818 1148 6819 1081 6820 1080 6821 1079 6822 1078 6823 1143 6824 1143 6825 1145 6826 1079 6827 1077 6828 1076 6829 1143 6830 1143 6831 1078 6832 1077 6833 739 6834 817 6835 1098 6836 1055 6837 1040 6838 959 6839 959 6840 966 6841 1055 6842 1053 6843 1044 6844 1043 6845 1043 6846 1042 6847 1053 6848 1050 6849 1047 6850 1045 6851 1045 6852 1044 6853 1050 6854 763 6855 759 6856 1048 6857 1048 6858 1047 6859 763 6860 1096 6861 1097 6862 967 6863 967 6864 964 6865 1096 6866 651 6867 951 6868 1178 6869 1178 6870 915 6871 651 6872 951 6873 1135 6874 1179 6875 1179 6876 1178 6877 951 6878 1135 6879 1136 6880 1180 6881 1180 6882 1179 6883 1135 6884 1136 6885 1137 6886 1181 6887 1181 6888 1180 6889 1136 6890 1137 6891 1138 6892 1182 6893 1182 6894 1181 6895 1137 6896 1138 6897 1139 6898 1183 6899 1183 6900 1182 6901 1138 6902 1139 6903 1140 6904 1184 6905 1184 6906 1183 6907 1139 6908 1140 6909 1141 6910 1185 6911 1185 6912 1184 6913 1140 6914 1141 6915 529 6916 574 6917 574 6918 1185 6919 1141 6920 915 6921 1178 6922 1186 6923 1186 6924 924 6925 915 6926 1178 6927 1179 6928 1187 6929 1187 6930 1186 6931 1178 6932 1179 6933 1180 6934 1188 6935 1188 6936 1187 6937 1179 6938 1180 6939 1181 6940 1189 6941 1189 6942 1188 6943 1180 6944 1181 6945 1182 6946 1190 6947 1190 6948 1189 6949 1181 6950 1182 6951 1183 6952 1191 6953 1191 6954 1190 6955 1182 6956 1183 6957 1184 6958 1192 6959 1192 6960 1191 6961 1183 6962 1184 6963 1185 6964 1193 6965 1193 6966 1192 6967 1184 6968 1185 6969 574 6970 583 6971 583 6972 1193 6973 1185 6974 924 6975 1186 6976 1194 6977 1194 6978 933 6979 924 6980 1186 6981 1187 6982 1195 6983 1195 6984 1194 6985 1186 6986 1188 6987 1196 6988 1195 6989 1195 6990 1187 6991 1188 6992 1188 6993 1189 6994 1197 6995 1197 6996 1196 6997 1188 6998 1189 6999 1190 7000 1198 7001 1198 7002 1197 7003 1189 7004 1190 7005 1191 7006 1199 7007 1199 7008 1198 7009 1190 7010 1191 7011 1192 7012 1200 7013 1200 7014 1199 7015 1191 7016 1192 7017 1193 7018 1201 7019 1201 7020 1200 7021 1192 7022 1193 7023 583 7024 592 7025 592 7026 1201 7027 1193 7028 953 7029 1076 7030 954 7031 654 7032 1202 7033 1203 7034 1203 7035 655 7036 654 7037 655 7038 1203 7039 1204 7040 1204 7041 660 7042 655 7043 875 7044 1205 7045 1206 7046 1206 7047 874 7048 875 7049 901 7050 1207 7051 1208 7052 1208 7053 900 7054 901 7055 909 7056 1209 7057 1210 7058 1210 7059 908 7060 909 7061 911 7062 1211 7063 1209 7064 1209 7065 909 7066 911 7067 871 7068 1212 7069 1202 7070 1202 7071 654 7072 871 7073 874 7074 1206 7075 1212 7076 1212 7077 871 7078 874 7079 879 7080 1213 7081 1205 7082 1205 7083 875 7084 879 7085 900 7086 1208 7087 1213 7088 1213 7089 879 7090 900 7091 903 7092 1214 7093 1207 7094 1207 7095 901 7096 903 7097 908 7098 1210 7099 1214 7100 1214 7101 903 7102 908 7103 952 7104 1215 7105 1216 7106 1216 7107 953 7108 952 7109 660 7110 1204 7111 1215 7112 1215 7113 952 7114 660 7115 1144 7116 1217 7117 1218 7118 1218 7119 1146 7120 1144 7121 1168 7122 1219 7123 1220 7124 1220 7125 1169 7126 1168 7127 1175 7128 1221 7129 1222 7130 1222 7131 1176 7132 1175 7133 1176 7134 1222 7135 1211 7136 1211 7137 911 7138 1176 7139 953 7140 1216 7141 1223 7142 1223 7143 1142 7144 953 7145 1142 7146 1223 7147 1217 7148 1217 7149 1144 7150 1142 7151 1146 7152 1218 7153 1224 7154 1224 7155 1149 7156 1146 7157 1149 7158 1224 7159 1219 7160 1219 7161 1168 7162 1149 7163 1169 7164 1220 7165 1225 7166 1225 7167 1170 7168 1169 7169 1170 7170 1225 7171 1221 7172 1221 7173 1175 7174 1170 7175 1202 7176 1226 7177 1227 7178 1227 7179 1203 7180 1202 7181 1203 7182 1227 7183 1228 7184 1228 7185 1204 7186 1203 7187 1205 7188 1229 7189 1230 7190 1230 7191 1206 7192 1205 7193 1207 7194 1231 7195 1232 7196 1232 7197 1208 7198 1207 7199 1209 7200 1233 7201 1234 7202 1234 7203 1210 7204 1209 7205 1211 7206 1235 7207 1233 7208 1233 7209 1209 7210 1211 7211 1212 7212 1236 7213 1226 7214 1226 7215 1202 7216 1212 7217 1206 7218 1230 7219 1236 7220 1236 7221 1212 7222 1206 7223 1213 7224 1237 7225 1229 7226 1229 7227 1205 7228 1213 7229 1208 7230 1232 7231 1237 7232 1237 7233 1213 7234 1208 7235 1214 7236 1238 7237 1231 7238 1231 7239 1207 7240 1214 7241 1210 7242 1234 7243 1238 7244 1238 7245 1214 7246 1210 7247 1215 7248 1239 7249 1240 7250 1240 7251 1216 7252 1215 7253 1204 7254 1228 7255 1239 7256 1239 7257 1215 7258 1204 7259 1217 7260 1241 7261 1242 7262 1242 7263 1218 7264 1217 7265 1219 7266 1243 7267 1244 7268 1244 7269 1220 7270 1219 7271 1221 7272 1245 7273 1246 7274 1246 7275 1222 7276 1221 7277 1222 7278 1246 7279 1235 7280 1235 7281 1211 7282 1222 7283 1216 7284 1240 7285 1247 7286 1247 7287 1223 7288 1216 7289 1223 7290 1247 7291 1241 7292 1241 7293 1217 7294 1223 7295 1218 7296 1242 7297 1248 7298 1248 7299 1224 7300 1218 7301 1224 7302 1248 7303 1243 7304 1243 7305 1219 7306 1224 7307 1220 7308 1244 7309 1249 7310 1249 7311 1225 7312 1220 7313 1225 7314 1249 7315 1245 7316 1245 7317 1221 7318 1225 7319 1226 7320 1250 7321 1227 7322 1227 7323 1250 7324 1228 7325 1229 7326 1250 7327 1230 7328 1231 7329 1250 7330 1232 7331 1233 7332 1250 7333 1234 7334 1235 7335 1250 7336 1233 7337 1236 7338 1250 7339 1226 7340 1230 7341 1250 7342 1236 7343 1237 7344 1250 7345 1229 7346 1232 7347 1250 7348 1237 7349 1238 7350 1250 7351 1231 7352 1234 7353 1250 7354 1238 7355 1239 7356 1250 7357 1240 7358 1228 7359 1250 7360 1239 7361 1241 7362 1250 7363 1242 7364 1243 7365 1250 7366 1244 7367 1245 7368 1250 7369 1246 7370 1246 7371 1250 7372 1235 7373 1240 7374 1250 7375 1247 7376 1247 7377 1250 7378 1241 7379 1242 7380 1250 7381 1248 7382 1248 7383 1250 7384 1243 7385 1244 7386 1250 7387 1249 7388 1249 7389 1250 7390 1245 7391 308 7392 307 7393 1251 7394 307 7395 309 7396 1251 7397 309 7398 310 7399 1251 7400 310 7401 311 7402 1251 7403 311 7404 312 7405 1251 7406 312 7407 313 7408 1251 7409 313 7410 314 7411 1251 7412 314 7413 315 7414 1251 7415 315 7416 316 7417 1251 7418 584 7419 308 7420 1251 7421 585 7422 584 7423 1251 7424 586 7425 585 7426 1251 7427 587 7428 586 7429 1251 7430 588 7431 587 7432 1251 7433 589 7434 588 7435 1251 7436 590 7437 589 7438 1251 7439 591 7440 590 7441 1251 7442 592 7443 591 7444 1251 7445 934 7446 933 7447 1251 7448 935 7449 934 7450 1251 7451 936 7452 935 7453 1251 7454 937 7455 936 7456 1251 7457 938 7458 937 7459 1251 7460 939 7461 938 7462 1251 7463 940 7464 939 7465 1251 7466 941 7467 940 7468 1251 7469 316 7470 941 7471 1251 7472 933 7473 1194 7474 1251 7475 1194 7476 1195 7477 1251 7478 1195 7479 1196 7480 1251 7481 1196 7482 1197 7483 1251 7484 1197 7485 1198 7486 1251 7487 1198 7488 1199 7489 1251 7490 1199 7491 1200 7492 1251 7493 1200 7494 1201 7495 1251 7496 1201 7497 592 7498 1251 7499</p>
        </triangles>
      </mesh>
    </geometry>
  </library_geometries>
  <library_visual_scenes>
    <visual_scene id="arm_r_link2" name="arm_r_link2">
      <node name="arm_r_link2" id="arm_r_link2" sid="arm_r_link2">
        <node id="arm_r_link2-Pivot" name="arm_r_link2-Pivot">
          <translate>-0.000026 0.058080 0.000000</translate>
          <rotate>0.000000 0.000000 0.000000 0.000000</rotate>
          <instance_geometry url="#arm_r_link2-lib">
            <bind_material>
              <technique_common>
                <instance_material symbol="white" target="#white"/>
              </technique_common>
            </bind_material>
          </instance_geometry>
        </node>
        <extra>
          <technique profile="FCOLLADA">
            <visibility>1.000000</visibility>
          </technique>
        </extra>
      </node>
      <extra>
        <technique profile="MAX3D">
          <frame_rate>30.000000</frame_rate>
        </technique>
        <technique profile="FCOLLADA">
          <start_time>0.000000</start_time>
          <end_time>3.333333</end_time>
        </technique>
      </extra>
    </visual_scene>
  </library_visual_scenes>
  <scene>
    <instance_visual_scene url="#arm_r_link2"/>
  </scene>
</COLLADA>
