<?xml version="1.0" encoding="utf-8"?>
<COLLADA xmlns="http://www.collada.org/2005/11/COLLADASchema" version="1.4.1">
  <asset>
    <contributor>
      <author/>
      <authoring_tool>FBX COLLADA exporter</authoring_tool>
      <comments/>
    </contributor>
    <created>2026-06-01T12:13:12Z</created>
    <keywords/>
    <modified>2026-06-01T12:13:12Z</modified>
    <revision/>
    <subject/>
    <title/>
    <unit meter="1.000000" name="centimeter"/>
    <up_axis>Z_UP</up_axis>
  </asset>
  <library_materials>
    <material id="black_02_ncl1_1" name="black_02_ncl1_1">
      <instance_effect url="#black_02_ncl1_1-fx"/>
    </material>
    <material id="white_ncl1_1" name="white_ncl1_1">
      <instance_effect url="#white_ncl1_1-fx"/>
    </material>
    <material id="black_01_ncl1_1" name="black_01_ncl1_1">
      <instance_effect url="#black_01_ncl1_1-fx"/>
    </material>
    <material id="orange_ncl1_1" name="orange_ncl1_1">
      <instance_effect url="#orange_ncl1_1-fx"/>
    </material>
  </library_materials>
  <library_effects>
    <effect id="black_02_ncl1_1-fx" name="black_02_ncl1_1">
      <profile_COMMON>
        <technique sid="standard">
          <phong>
            <emission>
              <color sid="emission">0.000000  0.000000 0.000000 1.000000</color>
            </emission>
            <ambient>
              <color sid="ambient">0.000000  0.000000 0.000000 1.000000</color>
            </ambient>
            <diffuse>
              <color sid="diffuse">0.000000  0.000000 0.000000 1.000000</color>
            </diffuse>
            <specular>
              <color sid="specular">1.800000  1.800000 1.800000 1.000000</color>
            </specular>
            <shininess>
              <float sid="shininess">512.000000</float>
            </shininess>
          </phong>
        </technique>
      </profile_COMMON>
    </effect>
    <effect id="white_ncl1_1-fx" name="white_ncl1_1">
      <profile_COMMON>
        <technique sid="standard">
          <phong>
            <emission>
              <color sid="emission">0.000000  0.000000 0.000000 1.000000</color>
            </emission>
            <ambient>
              <color sid="ambient">0.766000  0.766000 0.766000 1.000000</color>
            </ambient>
            <diffuse>
              <color sid="diffuse">0.766000  0.766000 0.766000 1.000000</color>
            </diffuse>
            <specular>
              <color sid="specular">2.763290  2.763290 2.763290 1.000000</color>
            </specular>
            <shininess>
              <float sid="shininess">13.928808</float>
            </shininess>
          </phong>
        </technique>
      </profile_COMMON>
    </effect>
    <effect id="black_01_ncl1_1-fx" name="black_01_ncl1_1">
      <profile_COMMON>
        <technique sid="standard">
          <phong>
            <emission>
              <color sid="emission">0.000000  0.000000 0.000000 1.000000</color>
            </emission>
            <ambient>
              <color sid="ambient">0.000000  0.000000 0.000000 1.000000</color>
            </ambient>
            <diffuse>
              <color sid="diffuse">0.000000  0.000000 0.000000 1.000000</color>
            </diffuse>
            <specular>
              <color sid="specular">1.100000  1.100000 1.100000 1.000000</color>
            </specular>
            <shininess>
              <float sid="shininess">45.254833</float>
            </shininess>
          </phong>
        </technique>
      </profile_COMMON>
    </effect>
    <effect id="orange_ncl1_1-fx" name="orange_ncl1_1">
      <profile_COMMON>
        <technique sid="standard">
          <phong>
            <emission>
              <color sid="emission">0.000000  0.000000 0.000000 1.000000</color>
            </emission>
            <ambient>
              <color sid="ambient">0.980000  0.430000 0.000000 1.000000</color>
            </ambient>
            <diffuse>
              <color sid="diffuse">0.980000  0.430000 0.000000 1.000000</color>
            </diffuse>
            <specular>
              <color sid="specular">1.000000  1.000000 1.000000 1.000000</color>
            </specular>
            <shininess>
              <float sid="shininess">32.000000</float>
            </shininess>
          </phong>
        </technique>
      </profile_COMMON>
    </effect>
  </library_effects>
  <library_geometries>
    <geometry id="black_02-lib" name="black_02Mesh">
      <mesh>
        <source id="black_02-POSITION">
          <float_array id="black_02-POSITION-array" count="576">
-0.234784 -0.179078 0.326906
-0.223951 -0.182025 0.328816
-0.216021 -0.190078 0.330214
-0.213118 -0.201078 0.330726
-0.216021 -0.212078 0.330214
-0.223951 -0.220130 0.328816
-0.234784 -0.223078 0.326906
-0.245617 -0.220130 0.324996
-0.253547 -0.212078 0.323597
-0.256449 -0.201078 0.323085
-0.253547 -0.190078 0.323597
-0.245617 -0.182025 0.324996
-0.236360 -0.180926 0.335847
-0.226438 -0.183626 0.337597
-0.219174 -0.191002 0.338877
-0.216515 -0.201078 0.339346
-0.219174 -0.211154 0.338877
-0.226438 -0.218529 0.337597
-0.236360 -0.221229 0.335847
-0.246283 -0.218529 0.334098
-0.253546 -0.211154 0.332817
-0.256205 -0.201078 0.332348
-0.253546 -0.191002 0.332817
-0.246283 -0.183626 0.334098
-0.237915 -0.187800 0.344669
-0.231377 -0.189578 0.345821
-0.226591 -0.194438 0.346665
-0.224839 -0.201078 0.346974
-0.226591 -0.207717 0.346665
-0.231377 -0.212577 0.345821
-0.237915 -0.214356 0.344669
-0.244454 -0.212577 0.343516
-0.249241 -0.207717 0.342672
-0.250992 -0.201078 0.342363
-0.249241 -0.194438 0.342672
-0.244454 -0.189578 0.343516
-0.238492 -0.193874 0.347939
-0.234945 -0.194839 0.348564
-0.232349 -0.197476 0.349022
-0.231398 -0.201078 0.349190
-0.232349 -0.204679 0.349022
-0.234945 -0.207316 0.348564
-0.238492 -0.208281 0.347939
-0.242039 -0.207316 0.347313
-0.244636 -0.204679 0.346855
-0.245587 -0.201078 0.346688
-0.244636 -0.197476 0.346855
-0.242039 -0.194839 0.347313
-0.234784 -0.178652 0.326906
-0.223741 -0.181656 0.328853
-0.215658 -0.189865 0.330278
-0.212699 -0.201078 0.330800
-0.215658 -0.212290 0.330278
-0.223741 -0.220499 0.328853
-0.234784 -0.223503 0.326906
-0.245826 -0.220499 0.324959
-0.253910 -0.212290 0.323533
-0.256869 -0.201078 0.323012
-0.253910 -0.189865 0.323533
-0.245826 -0.181656 0.324959
-0.234911 -0.178435 0.327627
-0.223762 -0.181469 0.329593
-0.215600 -0.189756 0.331032
-0.212612 -0.201078 0.331559
-0.215600 -0.212399 0.331032
-0.223762 -0.220687 0.329593
-0.234911 -0.223720 0.327627
-0.246060 -0.220687 0.325661
-0.254222 -0.212399 0.324222
-0.257210 -0.201078 0.323695
-0.254222 -0.189756 0.324222
-0.246060 -0.181469 0.325661
-0.234911 -0.177133 0.327627
-0.223121 -0.180341 0.329706
-0.214489 -0.189105 0.331228
-0.211330 -0.201078 0.331785
-0.214489 -0.213050 0.331228
-0.223121 -0.221814 0.329706
-0.234911 -0.225022 0.327627
-0.246701 -0.221814 0.325548
-0.255332 -0.213050 0.324026
-0.258492 -0.201078 0.323469
-0.255332 -0.189105 0.324026
-0.246701 -0.180341 0.325548
-0.234737 -0.175512 0.326641
-0.222148 -0.178937 0.328860
-0.212932 -0.188295 0.330485
-0.209559 -0.201078 0.331080
-0.212932 -0.213861 0.330485
-0.222148 -0.223219 0.328860
-0.234737 -0.226644 0.326641
-0.247326 -0.223219 0.324421
-0.256542 -0.213861 0.322796
-0.259915 -0.201078 0.322201
-0.256542 -0.188295 0.322796
-0.247326 -0.178937 0.324421
0.166844 0.187547 0.326906
0.156011 0.190494 0.328816
0.148081 0.198547 0.330214
0.145178 0.209547 0.330726
0.148081 0.220547 0.330214
0.156011 0.228599 0.328816
0.166844 0.231547 0.326906
0.177677 0.228599 0.324996
0.185607 0.220547 0.323597
0.188509 0.209547 0.323085
0.185607 0.198547 0.323597
0.177677 0.190494 0.324996
0.168420 0.189395 0.335847
0.158497 0.192095 0.337597
0.151234 0.199471 0.338877
0.148575 0.209547 0.339346
0.151234 0.219623 0.338877
0.158497 0.226998 0.337597
0.168420 0.229698 0.335847
0.178343 0.226998 0.334098
0.185606 0.219623 0.332817
0.188265 0.209547 0.332348
0.185606 0.199471 0.332817
0.178343 0.192095 0.334098
0.169975 0.196269 0.344669
0.163437 0.198047 0.345821
0.158651 0.202907 0.346665
0.156899 0.209547 0.346974
0.158651 0.216186 0.346665
0.163437 0.221046 0.345821
0.169975 0.222825 0.344669
0.176514 0.221046 0.343516
0.181300 0.216186 0.342672
0.183052 0.209547 0.342363
0.181300 0.202907 0.342672
0.176514 0.198047 0.343516
0.170552 0.202343 0.347939
0.167005 0.203308 0.348564
0.164409 0.205945 0.349022
0.163458 0.209547 0.349190
0.164409 0.213148 0.349022
0.167005 0.215785 0.348564
0.170552 0.216750 0.347939
0.174099 0.215785 0.347313
0.176696 0.213148 0.346855
0.177647 0.209547 0.346688
0.176696 0.205945 0.346855
0.174099 0.203308 0.347313
0.166844 0.187121 0.326906
0.155801 0.190125 0.328853
0.147718 0.198334 0.330278
0.144759 0.209547 0.330800
0.147718 0.220759 0.330278
0.155801 0.228968 0.328853
0.166844 0.231972 0.326906
0.177886 0.228968 0.324959
0.185970 0.220759 0.323533
0.188929 0.209547 0.323012
0.185970 0.198334 0.323533
0.177886 0.190125 0.324959
0.166971 0.186904 0.327627
0.155822 0.189938 0.329593
0.147660 0.198225 0.331032
0.144672 0.209547 0.331559
0.147660 0.220868 0.331032
0.155822 0.229156 0.329593
0.166971 0.232189 0.327627
0.178120 0.229156 0.325661
0.186282 0.220868 0.324222
0.189270 0.209547 0.323695
0.186282 0.198225 0.324222
0.178120 0.189938 0.325661
0.166971 0.185602 0.327627
0.155181 0.188810 0.329706
0.146549 0.197574 0.331228
0.143390 0.209547 0.331785
0.146549 0.221519 0.331228
0.155181 0.230283 0.329706
0.166971 0.233491 0.327627
0.178761 0.230283 0.325548
0.187392 0.221519 0.324026
0.190552 0.209547 0.323469
0.187392 0.197574 0.324026
0.178761 0.188810 0.325548
0.166797 0.183981 0.326641
0.154208 0.187406 0.328860
0.144992 0.196764 0.330485
0.141619 0.209547 0.331080
0.144992 0.222330 0.330485
0.154208 0.231688 0.328860
0.166797 0.235113 0.326641
0.179386 0.231688 0.324421
0.188602 0.222330 0.322796
0.191975 0.209547 0.322201
0.188602 0.196764 0.322796
0.179386 0.187406 0.324421
</float_array>
          <technique_common>
            <accessor source="#black_02-POSITION-array" count="192" stride="3">
              <param name="X" type="float"/>
              <param name="Y" type="float"/>
              <param name="Z" type="float"/>
            </accessor>
          </technique_common>
        </source>
        <source id="black_02-Normal0">
          <float_array id="black_02-Normal0-array" count="3384">
0.381322 0.793204 0.474784
0.447860 0.848623 0.281532
-0.034621 0.979906 0.196434
-0.034621 0.979906 0.196434
-0.069698 0.915921 0.395261
0.381322 0.793204 0.474784
0.711469 0.457965 0.532992
0.801109 0.489932 0.343788
0.447860 0.848623 0.281532
0.447860 0.848623 0.281532
0.381322 0.793204 0.474784
0.711469 0.457965 0.532992
0.832309 -0.000009 0.554312
0.930370 0.000000 0.366622
0.801109 0.489932 0.343788
0.801109 0.489932 0.343788
0.711469 0.457965 0.532992
0.832309 -0.000009 0.554312
0.711465 -0.457952 0.533008
0.801080 -0.489962 0.343815
0.930370 0.000000 0.366622
0.930370 0.000000 0.366622
0.832309 -0.000009 0.554312
0.711465 -0.457952 0.533008
0.381313 -0.793213 0.474777
0.447869 -0.848622 0.281521
0.801080 -0.489962 0.343815
0.801080 -0.489962 0.343815
0.711465 -0.457952 0.533008
0.381313 -0.793213 0.474777
-0.069696 -0.915910 0.395287
-0.034632 -0.979891 0.196507
0.447869 -0.848622 0.281521
0.447869 -0.848622 0.281521
0.381313 -0.793213 0.474777
-0.069696 -0.915910 0.395287
-0.520703 -0.793206 0.315740
-0.517179 -0.848597 0.111395
-0.034632 -0.979891 0.196507
-0.034632 -0.979891 0.196507
-0.069696 -0.915910 0.395287
-0.520703 -0.793206 0.315740
-0.850850 -0.457957 0.257547
-0.870371 -0.489938 0.049154
-0.517179 -0.848597 0.111395
-0.517179 -0.848597 0.111395
-0.520703 -0.793206 0.315740
-0.850850 -0.457957 0.257547
-0.971706 -0.000001 0.236193
-0.999654 0.000015 0.026297
-0.870371 -0.489938 0.049154
-0.870371 -0.489938 0.049154
-0.850850 -0.457957 0.257547
-0.971706 -0.000001 0.236193
-0.850854 0.457964 0.257521
-0.870397 0.489893 0.049133
-0.999654 0.000015 0.026297
-0.999654 0.000015 0.026297
-0.971706 -0.000001 0.236193
-0.850854 0.457964 0.257521
-0.520709 0.793199 0.315750
-0.517173 0.848599 0.111410
-0.870397 0.489893 0.049133
-0.870397 0.489893 0.049133
-0.850854 0.457964 0.257521
-0.520709 0.793199 0.315750
-0.069698 0.915921 0.395261
-0.034621 0.979906 0.196434
-0.517173 0.848599 0.111410
-0.517173 0.848599 0.111410
-0.520709 0.793199 0.315750
-0.069698 0.915921 0.395261
0.200662 0.579729 0.789715
0.381322 0.793204 0.474784
-0.069698 0.915921 0.395261
-0.069698 0.915921 0.395261
-0.129025 0.669433 0.731582
0.200662 0.579729 0.789715
0.441950 0.334712 0.832255
0.711469 0.457965 0.532992
0.381322 0.793204 0.474784
0.381322 0.793204 0.474784
0.200662 0.579729 0.789715
0.441950 0.334712 0.832255
0.530294 -0.000007 0.847814
0.832309 -0.000009 0.554312
0.711469 0.457965 0.532992
0.711469 0.457965 0.532992
0.441950 0.334712 0.832255
0.530294 -0.000007 0.847814
0.441952 -0.334731 0.832246
0.711465 -0.457952 0.533008
0.832309 -0.000009 0.554312
0.832309 -0.000009 0.554312
0.530294 -0.000007 0.847814
0.441952 -0.334731 0.832246
0.200639 -0.579722 0.789725
0.381313 -0.793213 0.474777
0.711465 -0.457952 0.533008
0.711465 -0.457952 0.533008
0.441952 -0.334731 0.832246
0.200639 -0.579722 0.789725
-0.128998 -0.669433 0.731586
-0.069696 -0.915910 0.395287
0.381313 -0.793213 0.474777
0.381313 -0.793213 0.474777
0.200639 -0.579722 0.789725
-0.128998 -0.669433 0.731586
-0.458608 -0.579750 0.673475
-0.520703 -0.793206 0.315740
-0.069696 -0.915910 0.395287
-0.069696 -0.915910 0.395287
-0.128998 -0.669433 0.731586
-0.458608 -0.579750 0.673475
-0.699927 -0.334700 0.630935
-0.850850 -0.457957 0.257547
-0.520703 -0.793206 0.315740
-0.520703 -0.793206 0.315740
-0.458608 -0.579750 0.673475
-0.699927 -0.334700 0.630935
-0.788276 -0.000031 0.615322
-0.971706 -0.000001 0.236193
-0.850850 -0.457957 0.257547
-0.850850 -0.457957 0.257547
-0.699927 -0.334700 0.630935
-0.788276 -0.000031 0.615322
-0.699930 0.334713 0.630924
-0.850854 0.457964 0.257521
-0.971706 -0.000001 0.236193
-0.971706 -0.000001 0.236193
-0.788276 -0.000031 0.615322
-0.699930 0.334713 0.630924
-0.458600 0.579762 0.673470
-0.520709 0.793199 0.315750
-0.850854 0.457964 0.257521
-0.850854 0.457964 0.257521
-0.699930 0.334713 0.630924
-0.458600 0.579762 0.673470
-0.129025 0.669433 0.731582
-0.069698 0.915921 0.395261
-0.520709 0.793199 0.315750
-0.520709 0.793199 0.315750
-0.458600 0.579762 0.673470
-0.129025 0.669433 0.731582
-0.152423 0.479663 0.864112
0.083875 0.415325 0.905798
0.200662 0.579729 0.789715
0.200662 0.579729 0.789715
-0.129025 0.669433 0.731582
-0.152423 0.479663 0.864112
0.083875 0.415325 0.905798
0.256756 0.239871 0.936236
0.441950 0.334712 0.832255
0.441950 0.334712 0.832255
0.200662 0.579729 0.789715
0.083875 0.415325 0.905798
0.256756 0.239871 0.936236
0.320047 0.000024 0.947402
0.530294 -0.000007 0.847814
0.530294 -0.000007 0.847814
0.441950 0.334712 0.832255
0.256756 0.239871 0.936236
0.320047 0.000024 0.947402
0.256692 -0.239881 0.936251
0.441952 -0.334731 0.832246
0.441952 -0.334731 0.832246
0.530294 -0.000007 0.847814
0.320047 0.000024 0.947402
0.256692 -0.239881 0.936251
0.083837 -0.415361 0.905785
0.200639 -0.579722 0.789725
0.200639 -0.579722 0.789725
0.441952 -0.334731 0.832246
0.256692 -0.239881 0.936251
0.083837 -0.415361 0.905785
-0.152346 -0.479638 0.864140
-0.128998 -0.669433 0.731586
-0.128998 -0.669433 0.731586
0.200639 -0.579722 0.789725
0.083837 -0.415361 0.905785
-0.152346 -0.479638 0.864140
-0.388555 -0.415319 0.822518
-0.458608 -0.579750 0.673475
-0.458608 -0.579750 0.673475
-0.128998 -0.669433 0.731586
-0.152346 -0.479638 0.864140
-0.388555 -0.415319 0.822518
-0.561402 -0.239828 0.792029
-0.699927 -0.334700 0.630935
-0.699927 -0.334700 0.630935
-0.458608 -0.579750 0.673475
-0.388555 -0.415319 0.822518
-0.561402 -0.239828 0.792029
-0.624732 -0.000102 0.780839
-0.788276 -0.000031 0.615322
-0.788276 -0.000031 0.615322
-0.699927 -0.334700 0.630935
-0.561402 -0.239828 0.792029
-0.624732 -0.000102 0.780839
-0.561329 0.239889 0.792063
-0.699930 0.334713 0.630924
-0.699930 0.334713 0.630924
-0.788276 -0.000031 0.615322
-0.624732 -0.000102 0.780839
-0.561329 0.239889 0.792063
-0.388555 0.415374 0.822490
-0.458600 0.579762 0.673470
-0.458600 0.579762 0.673470
-0.699930 0.334713 0.630924
-0.561329 0.239889 0.792063
-0.388555 0.415374 0.822490
-0.152423 0.479663 0.864112
-0.129025 0.669433 0.731582
-0.129025 0.669433 0.731582
-0.458600 0.579762 0.673470
-0.388555 0.415374 0.822490
-0.173634 0.000000 0.984810
-0.173617 0.000020 0.984813
-0.173616 0.000020 0.984813
-0.173616 0.000020 0.984813
-0.173636 0.000004 0.984810
-0.173634 0.000000 0.984810
-0.173617 0.000020 0.984813
-0.173664 -0.000011 0.984805
-0.173661 -0.000010 0.984806
-0.173661 -0.000010 0.984806
-0.173616 0.000020 0.984813
-0.173617 0.000020 0.984813
-0.173664 -0.000011 0.984805
-0.173913 -0.000005 0.984761
-0.173912 -0.000004 0.984761
-0.173912 -0.000004 0.984761
-0.173661 -0.000010 0.984806
-0.173664 -0.000011 0.984805
-0.173913 -0.000005 0.984761
-0.173660 0.000013 0.984806
-0.173664 0.000014 0.984805
-0.173664 0.000014 0.984805
-0.173912 -0.000004 0.984761
-0.173913 -0.000005 0.984761
-0.173660 0.000013 0.984806
-0.173615 -0.000019 0.984814
-0.173616 -0.000019 0.984814
-0.173616 -0.000019 0.984814
-0.173664 0.000014 0.984805
-0.173660 0.000013 0.984806
-0.173615 -0.000019 0.984814
-0.173641 -0.000003 0.984809
-0.173641 -0.000000 0.984809
-0.173641 -0.000000 0.984809
-0.173616 -0.000019 0.984814
-0.173615 -0.000019 0.984814
-0.173641 -0.000003 0.984809
-0.173812 -0.000252 0.984779
-0.173813 -0.000250 0.984779
-0.173813 -0.000250 0.984779
-0.173641 -0.000000 0.984809
-0.173641 -0.000003 0.984809
-0.173812 -0.000252 0.984779
-0.173645 -0.000005 0.984808
-0.173670 -0.000016 0.984804
-0.173670 -0.000016 0.984804
-0.173813 -0.000250 0.984779
-0.173812 -0.000252 0.984779
-0.173645 -0.000005 0.984808
-0.171311 0.000052 0.985217
-0.171320 0.000036 0.985215
-0.171320 0.000036 0.985215
-0.173670 -0.000016 0.984804
-0.173645 -0.000005 0.984808
-0.171311 0.000052 0.985217
-0.173690 -0.000020 0.984800
-0.173655 -0.000030 0.984807
-0.173655 -0.000030 0.984807
-0.171320 0.000036 0.985215
-0.171311 0.000052 0.985217
-0.173690 -0.000020 0.984800
-0.173824 0.000245 0.984777
-0.173821 0.000246 0.984777
-0.173821 0.000246 0.984777
-0.173655 -0.000030 0.984807
-0.173690 -0.000020 0.984800
-0.173824 0.000245 0.984777
-0.173634 0.000000 0.984810
-0.173636 0.000004 0.984810
-0.173636 0.000004 0.984810
-0.173821 0.000246 0.984777
-0.173824 0.000245 0.984777
-0.049350 -0.958776 0.279844
-0.521393 -0.830697 0.195170
-0.521344 -0.830728 0.195172
-0.521344 -0.830728 0.195172
-0.049408 -0.958774 0.279842
-0.049350 -0.958776 0.279844
-0.521393 -0.830697 0.195170
-0.867081 -0.479252 0.135973
-0.867008 -0.479394 0.135938
-0.867008 -0.479394 0.135938
-0.521344 -0.830728 0.195172
-0.521393 -0.830697 0.195170
-0.867081 -0.479252 0.135973
-0.993497 0.000021 0.113863
-0.993497 0.000019 0.113862
-0.993497 0.000019 0.113862
-0.867008 -0.479394 0.135938
-0.867081 -0.479252 0.135973
-0.993497 0.000021 0.113863
-0.867066 0.479283 0.135957
-0.866986 0.479415 0.136000
-0.866986 0.479415 0.136000
-0.993497 0.000019 0.113862
-0.993497 0.000021 0.113863
-0.867066 0.479283 0.135957
-0.521579 0.830347 0.196161
-0.521347 0.830479 0.196220
-0.521347 0.830479 0.196220
-0.866986 0.479415 0.136000
-0.867066 0.479283 0.135957
-0.521579 0.830347 0.196161
-0.049313 0.958766 0.279884
-0.049372 0.958770 0.279864
-0.049372 0.958770 0.279864
-0.521347 0.830479 0.196220
-0.521579 0.830347 0.196161
-0.049313 0.958766 0.279884
0.422702 0.830281 0.363259
0.422697 0.830284 0.363258
0.422697 0.830284 0.363258
-0.049372 0.958770 0.279864
-0.049313 0.958766 0.279884
0.422702 0.830281 0.363259
0.768501 0.479330 0.423850
0.768386 0.479541 0.423819
0.768386 0.479541 0.423819
0.422697 0.830284 0.363258
0.422702 0.830281 0.363259
0.768501 0.479330 0.423850
0.894700 -0.000015 0.446668
0.894700 -0.000013 0.446667
0.894700 -0.000013 0.446667
0.768386 0.479541 0.423819
0.768501 0.479330 0.423850
0.894700 -0.000015 0.446668
0.768523 -0.479325 0.423816
0.768392 -0.479528 0.423824
0.768392 -0.479528 0.423824
0.894700 -0.000013 0.446667
0.894700 -0.000015 0.446668
0.768523 -0.479325 0.423816
0.422955 -0.830584 0.362270
0.423127 -0.830485 0.362295
0.423127 -0.830485 0.362295
0.768392 -0.479528 0.423824
0.768523 -0.479325 0.423816
0.422955 -0.830584 0.362270
-0.049350 -0.958776 0.279844
-0.049408 -0.958774 0.279842
-0.049408 -0.958774 0.279842
0.423127 -0.830485 0.362295
0.422955 -0.830584 0.362270
-0.173658 0.000001 0.984806
-0.173646 0.000010 0.984808
-0.010123 0.272169 0.962196
-0.010123 0.272169 0.962196
-0.164867 0.314147 0.934949
-0.173658 0.000001 0.984806
-0.173646 0.000010 0.984808
-0.173693 -0.000036 0.984800
0.103203 0.157164 0.982165
0.103203 0.157164 0.982165
-0.010123 0.272169 0.962196
-0.173646 0.000010 0.984808
-0.173693 -0.000036 0.984800
-0.173606 0.000007 0.984815
0.144576 0.000008 0.989494
0.144576 0.000008 0.989494
0.103203 0.157164 0.982165
-0.173693 -0.000036 0.984800
-0.173606 0.000007 0.984815
-0.173700 0.000027 0.984799
0.103138 -0.157120 0.982179
0.103138 -0.157120 0.982179
0.144576 0.000008 0.989494
-0.173606 0.000007 0.984815
-0.173700 0.000027 0.984799
-0.173640 -0.000008 0.984809
-0.010176 -0.272058 0.962227
-0.010176 -0.272058 0.962227
0.103138 -0.157120 0.982179
-0.173700 0.000027 0.984799
-0.173640 -0.000008 0.984809
-0.173658 0.000000 0.984806
-0.164866 -0.314007 0.934997
-0.164866 -0.314007 0.934997
-0.010176 -0.272058 0.962227
-0.173640 -0.000008 0.984809
-0.173658 0.000000 0.984806
-0.173656 0.000010 0.984806
-0.319470 -0.271898 0.907750
-0.319470 -0.271898 0.907750
-0.164866 -0.314007 0.934997
-0.173658 0.000000 0.984806
-0.173656 0.000010 0.984806
-0.173819 -0.000121 0.984778
-0.432651 -0.157029 0.887781
-0.432651 -0.157029 0.887781
-0.319470 -0.271898 0.907750
-0.173656 0.000010 0.984806
-0.173819 -0.000121 0.984778
-0.173610 0.000016 0.984814
-0.474223 0.000023 0.880405
-0.474223 0.000023 0.880405
-0.432651 -0.157029 0.887781
-0.173819 -0.000121 0.984778
-0.173610 0.000016 0.984814
-0.173835 0.000096 0.984775
-0.432719 0.157067 0.887741
-0.432719 0.157067 0.887741
-0.474223 0.000023 0.880405
-0.173610 0.000016 0.984814
-0.173835 0.000096 0.984775
-0.173640 -0.000008 0.984809
-0.319507 0.272020 0.907700
-0.319507 0.272020 0.907700
-0.432719 0.157067 0.887741
-0.173835 0.000096 0.984775
-0.173640 -0.000008 0.984809
-0.173658 0.000001 0.984806
-0.164867 0.314147 0.934949
-0.164867 0.314147 0.934949
-0.319507 0.272020 0.907700
-0.173640 -0.000008 0.984809
-0.010123 0.272169 0.962196
0.111176 0.455263 0.883389
-0.147728 0.525522 0.837857
-0.147728 0.525522 0.837857
-0.164867 0.314147 0.934949
-0.010123 0.272169 0.962196
0.103203 0.157164 0.982165
0.300724 0.262862 0.916771
0.111176 0.455263 0.883389
0.111176 0.455263 0.883389
-0.010123 0.272169 0.962196
0.103203 0.157164 0.982165
0.144576 0.000008 0.989494
0.369860 0.000007 0.929088
0.300724 0.262862 0.916771
0.300724 0.262862 0.916771
0.103203 0.157164 0.982165
0.144576 0.000008 0.989494
0.103138 -0.157120 0.982179
0.300583 -0.262851 0.916820
0.369860 0.000007 0.929088
0.369860 0.000007 0.929088
0.144576 0.000008 0.989494
0.103138 -0.157120 0.982179
-0.010176 -0.272058 0.962227
0.111022 -0.455081 0.883502
0.300583 -0.262851 0.916820
0.300583 -0.262851 0.916820
0.103138 -0.157120 0.982179
-0.010176 -0.272058 0.962227
-0.164866 -0.314007 0.934997
-0.147743 -0.525272 0.838010
0.111022 -0.455081 0.883502
0.111022 -0.455081 0.883502
-0.010176 -0.272058 0.962227
-0.164866 -0.314007 0.934997
-0.319470 -0.271898 0.907750
-0.406395 -0.454855 0.792433
-0.147743 -0.525272 0.838010
-0.147743 -0.525272 0.838010
-0.164866 -0.314007 0.934997
-0.319470 -0.271898 0.907750
-0.432651 -0.157029 0.887781
-0.595671 -0.262594 0.759092
-0.406395 -0.454855 0.792433
-0.406395 -0.454855 0.792433
-0.319470 -0.271898 0.907750
-0.432651 -0.157029 0.887781
-0.474223 0.000023 0.880405
-0.665260 0.000022 0.746612
-0.595671 -0.262594 0.759092
-0.595671 -0.262594 0.759092
-0.432651 -0.157029 0.887781
-0.474223 0.000023 0.880405
-0.432719 0.157067 0.887741
-0.595777 0.262590 0.759010
-0.665260 0.000022 0.746612
-0.665260 0.000022 0.746612
-0.474223 0.000023 0.880405
-0.432719 0.157067 0.887741
-0.319507 0.272020 0.907700
-0.406492 0.455027 0.792285
-0.595777 0.262590 0.759010
-0.595777 0.262590 0.759010
-0.432719 0.157067 0.887741
-0.319507 0.272020 0.907700
-0.164867 0.314147 0.934949
-0.147728 0.525522 0.837857
-0.406492 0.455027 0.792285
-0.406492 0.455027 0.792285
-0.319507 0.272020 0.907700
-0.164867 0.314147 0.934949
0.173619 -0.000007 -0.984813
0.173719 0.000000 -0.984795
0.173632 0.000005 -0.984810
0.173632 0.000005 -0.984810
0.173572 0.000072 -0.984821
0.173632 -0.000021 -0.984811
0.173632 -0.000021 -0.984811
0.173672 0.000027 -0.984803
0.173651 0.000000 -0.984807
0.173632 0.000005 -0.984810
0.173632 -0.000021 -0.984811
0.173651 0.000000 -0.984807
0.173651 0.000000 -0.984807
0.173711 0.000000 -0.984797
0.173664 -0.000003 -0.984805
0.173664 -0.000003 -0.984805
0.173672 -0.000027 -0.984804
0.173632 -0.000005 -0.984811
0.173651 0.000000 -0.984807
0.173664 -0.000003 -0.984805
0.173632 -0.000005 -0.984811
0.173632 0.000005 -0.984810
0.173651 0.000000 -0.984807
0.173632 -0.000005 -0.984811
0.173619 -0.000007 -0.984813
0.173632 0.000005 -0.984810
0.173632 -0.000005 -0.984811
0.173572 -0.000072 -0.984821
0.173619 -0.000007 -0.984813
0.173632 -0.000005 -0.984811
-0.173668 -0.000532 0.984804
-0.173668 -0.000052 0.984804
-0.173681 -0.000005 0.984802
-0.173666 -0.000125 0.984805
-0.173681 -0.000069 0.984802
-0.173666 -0.000007 0.984805
-0.173666 -0.000007 0.984805
-0.173666 -0.000007 0.984805
-0.173666 -0.000125 0.984805
-0.381322 -0.793204 0.474784
-0.447860 -0.848623 0.281532
0.034621 -0.979906 0.196434
0.034621 -0.979906 0.196434
0.069698 -0.915921 0.395261
-0.381322 -0.793204 0.474784
-0.711469 -0.457965 0.532992
-0.801109 -0.489932 0.343788
-0.447860 -0.848623 0.281532
-0.447860 -0.848623 0.281532
-0.381322 -0.793204 0.474784
-0.711469 -0.457965 0.532992
-0.832309 0.000009 0.554312
-0.930370 -0.000000 0.366622
-0.801109 -0.489932 0.343788
-0.801109 -0.489932 0.343788
-0.711469 -0.457965 0.532992
-0.832309 0.000009 0.554312
-0.711465 0.457952 0.533008
-0.801080 0.489962 0.343815
-0.930370 -0.000000 0.366622
-0.930370 -0.000000 0.366622
-0.832309 0.000009 0.554312
-0.711465 0.457952 0.533008
-0.381313 0.793213 0.474777
-0.447869 0.848622 0.281521
-0.801080 0.489962 0.343815
-0.801080 0.489962 0.343815
-0.711465 0.457952 0.533008
-0.381313 0.793213 0.474777
0.069696 0.915910 0.395287
0.034632 0.979891 0.196507
-0.447869 0.848622 0.281521
-0.447869 0.848622 0.281521
-0.381313 0.793213 0.474777
0.069696 0.915910 0.395287
0.520704 0.793206 0.315740
0.517180 0.848597 0.111394
0.034632 0.979891 0.196507
0.034632 0.979891 0.196507
0.069696 0.915910 0.395287
0.520704 0.793206 0.315740
0.850850 0.457957 0.257546
0.870371 0.489937 0.049154
0.517180 0.848597 0.111394
0.517180 0.848597 0.111394
0.520704 0.793206 0.315740
0.850850 0.457957 0.257546
0.971706 0.000001 0.236193
0.999654 -0.000015 0.026297
0.870371 0.489937 0.049154
0.870371 0.489937 0.049154
0.850850 0.457957 0.257546
0.971706 0.000001 0.236193
0.850854 -0.457963 0.257521
0.870397 -0.489892 0.049132
0.999654 -0.000015 0.026297
0.999654 -0.000015 0.026297
0.971706 0.000001 0.236193
0.850854 -0.457963 0.257521
0.520709 -0.793199 0.315750
0.517174 -0.848598 0.111409
0.870397 -0.489892 0.049132
0.870397 -0.489892 0.049132
0.850854 -0.457963 0.257521
0.520709 -0.793199 0.315750
0.069698 -0.915921 0.395261
0.034621 -0.979906 0.196434
0.517174 -0.848598 0.111409
0.517174 -0.848598 0.111409
0.520709 -0.793199 0.315750
0.069698 -0.915921 0.395261
-0.200662 -0.579729 0.789715
-0.381322 -0.793204 0.474784
0.069698 -0.915921 0.395261
0.069698 -0.915921 0.395261
0.129025 -0.669433 0.731582
-0.200662 -0.579729 0.789715
-0.441950 -0.334712 0.832255
-0.711469 -0.457965 0.532992
-0.381322 -0.793204 0.474784
-0.381322 -0.793204 0.474784
-0.200662 -0.579729 0.789715
-0.441950 -0.334712 0.832255
-0.530294 0.000007 0.847814
-0.832309 0.000009 0.554312
-0.711469 -0.457965 0.532992
-0.711469 -0.457965 0.532992
-0.441950 -0.334712 0.832255
-0.530294 0.000007 0.847814
-0.441952 0.334731 0.832246
-0.711465 0.457952 0.533008
-0.832309 0.000009 0.554312
-0.832309 0.000009 0.554312
-0.530294 0.000007 0.847814
-0.441952 0.334731 0.832246
-0.200639 0.579722 0.789725
-0.381313 0.793213 0.474777
-0.711465 0.457952 0.533008
-0.711465 0.457952 0.533008
-0.441952 0.334731 0.832246
-0.200639 0.579722 0.789725
0.128998 0.669433 0.731586
0.069696 0.915910 0.395287
-0.381313 0.793213 0.474777
-0.381313 0.793213 0.474777
-0.200639 0.579722 0.789725
0.128998 0.669433 0.731586
0.458608 0.579750 0.673475
0.520704 0.793206 0.315740
0.069696 0.915910 0.395287
0.069696 0.915910 0.395287
0.128998 0.669433 0.731586
0.458608 0.579750 0.673475
0.699928 0.334699 0.630934
0.850850 0.457957 0.257546
0.520704 0.793206 0.315740
0.520704 0.793206 0.315740
0.458608 0.579750 0.673475
0.699928 0.334699 0.630934
0.788276 0.000031 0.615322
0.971706 0.000001 0.236193
0.850850 0.457957 0.257546
0.850850 0.457957 0.257546
0.699928 0.334699 0.630934
0.788276 0.000031 0.615322
0.699931 -0.334713 0.630924
0.850854 -0.457963 0.257521
0.971706 0.000001 0.236193
0.971706 0.000001 0.236193
0.788276 0.000031 0.615322
0.699931 -0.334713 0.630924
0.458600 -0.579762 0.673470
0.520709 -0.793199 0.315750
0.850854 -0.457963 0.257521
0.850854 -0.457963 0.257521
0.699931 -0.334713 0.630924
0.458600 -0.579762 0.673470
0.129025 -0.669433 0.731582
0.069698 -0.915921 0.395261
0.520709 -0.793199 0.315750
0.520709 -0.793199 0.315750
0.458600 -0.579762 0.673470
0.129025 -0.669433 0.731582
0.152423 -0.479663 0.864112
-0.083875 -0.415325 0.905798
-0.200662 -0.579729 0.789715
-0.200662 -0.579729 0.789715
0.129025 -0.669433 0.731582
0.152423 -0.479663 0.864112
-0.083875 -0.415325 0.905798
-0.256756 -0.239871 0.936236
-0.441950 -0.334712 0.832255
-0.441950 -0.334712 0.832255
-0.200662 -0.579729 0.789715
-0.083875 -0.415325 0.905798
-0.256756 -0.239871 0.936236
-0.320047 -0.000024 0.947402
-0.530294 0.000007 0.847814
-0.530294 0.000007 0.847814
-0.441950 -0.334712 0.832255
-0.256756 -0.239871 0.936236
-0.320047 -0.000024 0.947402
-0.256692 0.239881 0.936251
-0.441952 0.334731 0.832246
-0.441952 0.334731 0.832246
-0.530294 0.000007 0.847814
-0.320047 -0.000024 0.947402
-0.256692 0.239881 0.936251
-0.083837 0.415361 0.905785
-0.200639 0.579722 0.789725
-0.200639 0.579722 0.789725
-0.441952 0.334731 0.832246
-0.256692 0.239881 0.936251
-0.083837 0.415361 0.905785
0.152346 0.479638 0.864140
0.128998 0.669433 0.731586
0.128998 0.669433 0.731586
-0.200639 0.579722 0.789725
-0.083837 0.415361 0.905785
0.152346 0.479638 0.864140
0.388555 0.415319 0.822518
0.458608 0.579750 0.673475
0.458608 0.579750 0.673475
0.128998 0.669433 0.731586
0.152346 0.479638 0.864140
0.388555 0.415319 0.822518
0.561403 0.239827 0.792029
0.699928 0.334699 0.630934
0.699928 0.334699 0.630934
0.458608 0.579750 0.673475
0.388555 0.415319 0.822518
0.561403 0.239827 0.792029
0.624733 0.000102 0.780838
0.788276 0.000031 0.615322
0.788276 0.000031 0.615322
0.699928 0.334699 0.630934
0.561403 0.239827 0.792029
0.624733 0.000102 0.780838
0.561329 -0.239889 0.792063
0.699931 -0.334713 0.630924
0.699931 -0.334713 0.630924
0.788276 0.000031 0.615322
0.624733 0.000102 0.780838
0.561329 -0.239889 0.792063
0.388555 -0.415374 0.822490
0.458600 -0.579762 0.673470
0.458600 -0.579762 0.673470
0.699931 -0.334713 0.630924
0.561329 -0.239889 0.792063
0.388555 -0.415374 0.822490
0.152423 -0.479663 0.864112
0.129025 -0.669433 0.731582
0.129025 -0.669433 0.731582
0.458600 -0.579762 0.673470
0.388555 -0.415374 0.822490
0.173634 -0.000000 0.984810
0.173617 -0.000020 0.984813
0.173616 -0.000020 0.984813
0.173616 -0.000020 0.984813
0.173636 -0.000004 0.984810
0.173634 -0.000000 0.984810
0.173617 -0.000020 0.984813
0.173664 0.000011 0.984805
0.173661 0.000010 0.984806
0.173661 0.000010 0.984806
0.173616 -0.000020 0.984813
0.173617 -0.000020 0.984813
0.173664 0.000011 0.984805
0.173913 0.000005 0.984761
0.173912 0.000004 0.984761
0.173912 0.000004 0.984761
0.173661 0.000010 0.984806
0.173664 0.000011 0.984805
0.173913 0.000005 0.984761
0.173660 -0.000013 0.984806
0.173664 -0.000014 0.984805
0.173664 -0.000014 0.984805
0.173912 0.000004 0.984761
0.173913 0.000005 0.984761
0.173660 -0.000013 0.984806
0.173615 0.000019 0.984814
0.173616 0.000019 0.984814
0.173616 0.000019 0.984814
0.173664 -0.000014 0.984805
0.173660 -0.000013 0.984806
0.173615 0.000019 0.984814
0.173641 0.000003 0.984809
0.173641 0.000000 0.984809
0.173641 0.000000 0.984809
0.173616 0.000019 0.984814
0.173615 0.000019 0.984814
0.173641 0.000003 0.984809
0.173813 0.000252 0.984779
0.173813 0.000250 0.984779
0.173813 0.000250 0.984779
0.173641 0.000000 0.984809
0.173641 0.000003 0.984809
0.173813 0.000252 0.984779
0.173645 0.000005 0.984808
0.173671 0.000016 0.984804
0.173671 0.000016 0.984804
0.173813 0.000250 0.984779
0.173813 0.000252 0.984779
0.173645 0.000005 0.984808
0.171311 -0.000052 0.985217
0.171320 -0.000036 0.985215
0.171320 -0.000036 0.985215
0.173671 0.000016 0.984804
0.173645 0.000005 0.984808
0.171311 -0.000052 0.985217
0.173690 0.000020 0.984800
0.173655 0.000030 0.984807
0.173655 0.000030 0.984807
0.171320 -0.000036 0.985215
0.171311 -0.000052 0.985217
0.173690 0.000020 0.984800
0.173824 -0.000245 0.984777
0.173821 -0.000245 0.984777
0.173821 -0.000245 0.984777
0.173655 0.000030 0.984807
0.173690 0.000020 0.984800
0.173824 -0.000245 0.984777
0.173634 -0.000000 0.984810
0.173636 -0.000004 0.984810
0.173636 -0.000004 0.984810
0.173821 -0.000245 0.984777
0.173824 -0.000245 0.984777
0.049350 0.958776 0.279844
0.521393 0.830697 0.195170
0.521344 0.830728 0.195172
0.521344 0.830728 0.195172
0.049408 0.958774 0.279842
0.049350 0.958776 0.279844
0.521393 0.830697 0.195170
0.867081 0.479252 0.135973
0.867008 0.479394 0.135938
0.867008 0.479394 0.135938
0.521344 0.830728 0.195172
0.521393 0.830697 0.195170
0.867081 0.479252 0.135973
0.993497 -0.000021 0.113863
0.993497 -0.000019 0.113862
0.993497 -0.000019 0.113862
0.867008 0.479394 0.135938
0.867081 0.479252 0.135973
0.993497 -0.000021 0.113863
0.867066 -0.479283 0.135957
0.866986 -0.479415 0.136000
0.866986 -0.479415 0.136000
0.993497 -0.000019 0.113862
0.993497 -0.000021 0.113863
0.867066 -0.479283 0.135957
0.521579 -0.830347 0.196161
0.521347 -0.830479 0.196220
0.521347 -0.830479 0.196220
0.866986 -0.479415 0.136000
0.867066 -0.479283 0.135957
0.521579 -0.830347 0.196161
0.049313 -0.958766 0.279884
0.049372 -0.958770 0.279864
0.049372 -0.958770 0.279864
0.521347 -0.830479 0.196220
0.521579 -0.830347 0.196161
0.049313 -0.958766 0.279884
-0.422702 -0.830281 0.363259
-0.422697 -0.830284 0.363258
-0.422697 -0.830284 0.363258
0.049372 -0.958770 0.279864
0.049313 -0.958766 0.279884
-0.422702 -0.830281 0.363259
-0.768501 -0.479330 0.423850
-0.768387 -0.479541 0.423819
-0.768387 -0.479541 0.423819
-0.422697 -0.830284 0.363258
-0.422702 -0.830281 0.363259
-0.768501 -0.479330 0.423850
-0.894700 0.000015 0.446668
-0.894700 0.000013 0.446667
-0.894700 0.000013 0.446667
-0.768387 -0.479541 0.423819
-0.768501 -0.479330 0.423850
-0.894700 0.000015 0.446668
-0.768523 0.479325 0.423816
-0.768392 0.479527 0.423824
-0.768392 0.479527 0.423824
-0.894700 0.000013 0.446667
-0.894700 0.000015 0.446668
-0.768523 0.479325 0.423816
-0.422955 0.830584 0.362270
-0.423127 0.830485 0.362295
-0.423127 0.830485 0.362295
-0.768392 0.479527 0.423824
-0.768523 0.479325 0.423816
-0.422955 0.830584 0.362270
0.049350 0.958776 0.279844
0.049408 0.958774 0.279842
0.049408 0.958774 0.279842
-0.423127 0.830485 0.362295
-0.422955 0.830584 0.362270
0.173658 -0.000001 0.984806
0.173646 -0.000010 0.984808
0.010123 -0.272169 0.962196
0.010123 -0.272169 0.962196
0.164867 -0.314147 0.934949
0.173658 -0.000001 0.984806
0.173646 -0.000010 0.984808
0.173693 0.000036 0.984800
-0.103203 -0.157164 0.982165
-0.103203 -0.157164 0.982165
0.010123 -0.272169 0.962196
0.173646 -0.000010 0.984808
0.173693 0.000036 0.984800
0.173606 -0.000007 0.984815
-0.144576 -0.000008 0.989494
-0.144576 -0.000008 0.989494
-0.103203 -0.157164 0.982165
0.173693 0.000036 0.984800
0.173606 -0.000007 0.984815
0.173700 -0.000027 0.984799
-0.103138 0.157120 0.982179
-0.103138 0.157120 0.982179
-0.144576 -0.000008 0.989494
0.173606 -0.000007 0.984815
0.173700 -0.000027 0.984799
0.173640 0.000008 0.984809
0.010176 0.272058 0.962227
0.010176 0.272058 0.962227
-0.103138 0.157120 0.982179
0.173700 -0.000027 0.984799
0.173640 0.000008 0.984809
0.173658 -0.000000 0.984806
0.164866 0.314007 0.934997
0.164866 0.314007 0.934997
0.010176 0.272058 0.962227
0.173640 0.000008 0.984809
0.173658 -0.000000 0.984806
0.173656 -0.000011 0.984806
0.319470 0.271898 0.907750
0.319470 0.271898 0.907750
0.164866 0.314007 0.934997
0.173658 -0.000000 0.984806
0.173656 -0.000011 0.984806
0.173819 0.000121 0.984778
0.432651 0.157028 0.887781
0.432651 0.157028 0.887781
0.319470 0.271898 0.907750
0.173656 -0.000011 0.984806
0.173819 0.000121 0.984778
0.173610 -0.000016 0.984814
0.474223 -0.000023 0.880405
0.474223 -0.000023 0.880405
0.432651 0.157028 0.887781
0.173819 0.000121 0.984778
0.173610 -0.000016 0.984814
0.173835 -0.000095 0.984775
0.432720 -0.157068 0.887740
0.432720 -0.157068 0.887740
0.474223 -0.000023 0.880405
0.173610 -0.000016 0.984814
0.173835 -0.000095 0.984775
0.173640 0.000008 0.984809
0.319508 -0.272020 0.907700
0.319508 -0.272020 0.907700
0.432720 -0.157068 0.887740
0.173835 -0.000095 0.984775
0.173640 0.000008 0.984809
0.173658 -0.000001 0.984806
0.164867 -0.314147 0.934949
0.164867 -0.314147 0.934949
0.319508 -0.272020 0.907700
0.173640 0.000008 0.984809
0.010123 -0.272169 0.962196
-0.111176 -0.455263 0.883389
0.147728 -0.525522 0.837857
0.147728 -0.525522 0.837857
0.164867 -0.314147 0.934949
0.010123 -0.272169 0.962196
-0.103203 -0.157164 0.982165
-0.300724 -0.262862 0.916771
-0.111176 -0.455263 0.883389
-0.111176 -0.455263 0.883389
0.010123 -0.272169 0.962196
-0.103203 -0.157164 0.982165
-0.144576 -0.000008 0.989494
-0.369860 -0.000007 0.929088
-0.300724 -0.262862 0.916771
-0.300724 -0.262862 0.916771
-0.103203 -0.157164 0.982165
-0.144576 -0.000008 0.989494
-0.103138 0.157120 0.982179
-0.300583 0.262851 0.916820
-0.369860 -0.000007 0.929088
-0.369860 -0.000007 0.929088
-0.144576 -0.000008 0.989494
-0.103138 0.157120 0.982179
0.010176 0.272058 0.962227
-0.111022 0.455081 0.883502
-0.300583 0.262851 0.916820
-0.300583 0.262851 0.916820
-0.103138 0.157120 0.982179
0.010176 0.272058 0.962227
0.164866 0.314007 0.934997
0.147743 0.525272 0.838010
-0.111022 0.455081 0.883502
-0.111022 0.455081 0.883502
0.010176 0.272058 0.962227
0.164866 0.314007 0.934997
0.319470 0.271898 0.907750
0.406395 0.454855 0.792433
0.147743 0.525272 0.838010
0.147743 0.525272 0.838010
0.164866 0.314007 0.934997
0.319470 0.271898 0.907750
0.432651 0.157028 0.887781
0.595669 0.262593 0.759094
0.406395 0.454855 0.792433
0.406395 0.454855 0.792433
0.319470 0.271898 0.907750
0.432651 0.157028 0.887781
0.474223 -0.000023 0.880405
0.665260 -0.000022 0.746612
0.595669 0.262593 0.759094
0.595669 0.262593 0.759094
0.432651 0.157028 0.887781
0.474223 -0.000023 0.880405
0.432720 -0.157068 0.887740
0.595779 -0.262590 0.759009
0.665260 -0.000022 0.746612
0.665260 -0.000022 0.746612
0.474223 -0.000023 0.880405
0.432720 -0.157068 0.887740
0.319508 -0.272020 0.907700
0.406492 -0.455026 0.792285
0.595779 -0.262590 0.759009
0.595779 -0.262590 0.759009
0.432720 -0.157068 0.887740
0.319508 -0.272020 0.907700
0.164867 -0.314147 0.934949
0.147728 -0.525522 0.837857
0.406492 -0.455026 0.792285
0.406492 -0.455026 0.792285
0.319508 -0.272020 0.907700
0.164867 -0.314147 0.934949
-0.173619 0.000007 -0.984813
-0.173719 0.000000 -0.984795
-0.173632 -0.000005 -0.984811
-0.173632 -0.000005 -0.984811
-0.173572 -0.000072 -0.984821
-0.173632 0.000021 -0.984811
-0.173632 0.000021 -0.984811
-0.173672 -0.000027 -0.984803
-0.173651 -0.000000 -0.984807
-0.173632 -0.000005 -0.984811
-0.173632 0.000021 -0.984811
-0.173651 -0.000000 -0.984807
-0.173651 -0.000000 -0.984807
-0.173711 0.000000 -0.984797
-0.173664 0.000003 -0.984805
-0.173664 0.000003 -0.984805
-0.173672 0.000027 -0.984803
-0.173632 0.000005 -0.984811
-0.173651 -0.000000 -0.984807
-0.173664 0.000003 -0.984805
-0.173632 0.000005 -0.984811
-0.173632 -0.000005 -0.984811
-0.173651 -0.000000 -0.984807
-0.173632 0.000005 -0.984811
-0.173619 0.000007 -0.984813
-0.173632 -0.000005 -0.984811
-0.173632 0.000005 -0.984811
-0.173572 0.000072 -0.984821
-0.173619 0.000007 -0.984813
-0.173632 0.000005 -0.984811
0.173668 0.000532 0.984804
0.173668 0.000052 0.984804
0.173681 0.000005 0.984802
0.173666 0.000125 0.984805
0.173681 0.000069 0.984802
0.173666 0.000007 0.984805
0.173666 0.000007 0.984805
0.173666 0.000007 0.984805
0.173666 0.000125 0.984805
0.173681 -0.000032 0.984802
0.173668 0.000015 0.984804
0.173681 0.000069 0.984802
0.173681 0.000069 0.984802
0.173666 0.000125 0.984805
0.173681 -0.000032 0.984802
0.173681 -0.000032 0.984802
0.173668 -0.000532 0.984804
0.173668 0.000015 0.984804
0.173666 0.000007 0.984805
0.173666 0.000007 0.984805
0.173666 -0.000087 0.984805
0.173666 -0.000087 0.984805
0.173681 -0.000142 0.984802
0.173666 0.000007 0.984805
0.173681 -0.000142 0.984802
0.173666 -0.000087 0.984805
0.173681 0.000005 0.984802
0.173681 0.000005 0.984802
0.173668 0.000052 0.984804
0.173681 -0.000142 0.984802
-0.173666 -0.000007 0.984805
-0.173666 -0.000007 0.984805
-0.173666 0.000087 0.984805
-0.173666 0.000087 0.984805
-0.173681 0.000142 0.984802
-0.173666 -0.000007 0.984805
-0.173681 0.000142 0.984802
-0.173666 0.000087 0.984805
-0.173681 -0.000005 0.984802
-0.173681 -0.000005 0.984802
-0.173668 -0.000052 0.984804
-0.173681 0.000142 0.984802
-0.173681 0.000032 0.984802
-0.173668 -0.000015 0.984804
-0.173681 -0.000069 0.984802
-0.173681 -0.000069 0.984802
-0.173666 -0.000125 0.984805
-0.173681 0.000032 0.984802
-0.173681 0.000032 0.984802
-0.173668 0.000532 0.984804
-0.173668 -0.000015 0.984804
</float_array>
          <technique_common>
            <accessor source="#black_02-Normal0-array" count="1128" stride="3">
              <param name="X" type="float"/>
              <param name="Y" type="float"/>
              <param name="Z" type="float"/>
            </accessor>
          </technique_common>
        </source>
        <source id="black_02-UV0">
          <float_array id="black_02-UV0-array" count="416">
0.000000 0.500000
0.083333 0.500000
0.166667 0.500000
0.250000 0.500000
0.333333 0.500000
0.416667 0.500000
0.500000 0.500000
0.583333 0.500000
0.666667 0.500000
0.750000 0.500000
0.833333 0.500000
0.916667 0.500000
1.000000 0.500000
0.000000 0.375000
1.000000 0.375000
0.083333 0.375000
0.166667 0.375000
0.250000 0.375000
0.333333 0.375000
0.416667 0.375000
0.500000 0.375000
0.583333 0.375000
0.666667 0.375000
0.750000 0.375000
0.833333 0.375000
0.916667 0.375000
0.000000 0.208333
1.000000 0.208333
0.083333 0.208333
0.166667 0.208333
0.250000 0.208333
0.333333 0.208333
0.416667 0.208333
0.500000 0.208333
0.583333 0.208333
0.666667 0.208333
0.750000 0.208333
0.833333 0.208333
0.916667 0.208333
0.000000 0.125000
1.000000 0.125000
0.083333 0.125000
0.166667 0.125000
0.250000 0.125000
0.333333 0.125000
0.416667 0.125000
0.500000 0.125000
0.583333 0.125000
0.666667 0.125000
0.750000 0.125000
0.833333 0.125000
0.916667 0.125000
0.000000 0.500000
0.083333 0.500000
0.166667 0.500000
0.250000 0.500000
0.333333 0.500000
0.416667 0.500000
0.500000 0.500000
0.583333 0.500000
0.666667 0.500000
0.750000 0.500000
0.833333 0.500000
0.916667 0.500000
1.000000 0.500000
0.000000 0.500000
0.083333 0.500000
0.166667 0.500000
0.250000 0.500000
0.333333 0.500000
0.416667 0.500000
0.500000 0.500000
0.583333 0.500000
0.666667 0.500000
0.750000 0.500000
0.833333 0.500000
0.916667 0.500000
1.000000 0.500000
0.000000 0.500000
0.083333 0.500000
0.166667 0.500000
0.250000 0.500000
0.333333 0.500000
0.416667 0.500000
0.500000 0.500000
0.583333 0.500000
0.666667 0.500000
0.750000 0.500000
0.833333 0.500000
0.916667 0.500000
1.000000 0.500000
0.000000 0.500000
0.083333 0.500000
0.166667 0.500000
0.250000 0.500000
0.333333 0.500000
0.416667 0.500000
0.500000 0.500000
0.583333 0.500000
0.666667 0.500000
0.750000 0.500000
0.833333 0.500000
0.916667 0.500000
1.000000 0.500000
0.000000 0.500000
0.083333 0.500000
0.166667 0.500000
0.250000 0.500000
0.333333 0.500000
0.416667 0.500000
0.500000 0.500000
0.583333 0.500000
0.666667 0.500000
0.750000 0.500000
0.833333 0.500000
0.916667 0.500000
1.000000 0.500000
0.000000 0.375000
1.000000 0.375000
0.083333 0.375000
0.166667 0.375000
0.250000 0.375000
0.333333 0.375000
0.416667 0.375000
0.500000 0.375000
0.583333 0.375000
0.666667 0.375000
0.750000 0.375000
0.833333 0.375000
0.916667 0.375000
0.000000 0.208333
1.000000 0.208333
0.083333 0.208333
0.166667 0.208333
0.250000 0.208333
0.333333 0.208333
0.416667 0.208333
0.500000 0.208333
0.583333 0.208333
0.666667 0.208333
0.750000 0.208333
0.833333 0.208333
0.916667 0.208333
0.000000 0.125000
1.000000 0.125000
0.083333 0.125000
0.166667 0.125000
0.250000 0.125000
0.333333 0.125000
0.416667 0.125000
0.500000 0.125000
0.583333 0.125000
0.666667 0.125000
0.750000 0.125000
0.833333 0.125000
0.916667 0.125000
0.000000 0.500000
0.083333 0.500000
0.166667 0.500000
0.250000 0.500000
0.333333 0.500000
0.416667 0.500000
0.500000 0.500000
0.583333 0.500000
0.666667 0.500000
0.750000 0.500000
0.833333 0.500000
0.916667 0.500000
1.000000 0.500000
0.000000 0.500000
0.083333 0.500000
0.166667 0.500000
0.250000 0.500000
0.333333 0.500000
0.416667 0.500000
0.500000 0.500000
0.583333 0.500000
0.666667 0.500000
0.750000 0.500000
0.833333 0.500000
0.916667 0.500000
1.000000 0.500000
0.000000 0.500000
0.083333 0.500000
0.166667 0.500000
0.250000 0.500000
0.333333 0.500000
0.416667 0.500000
0.500000 0.500000
0.583333 0.500000
0.666667 0.500000
0.750000 0.500000
0.833333 0.500000
0.916667 0.500000
1.000000 0.500000
0.000000 0.500000
0.083333 0.500000
0.166667 0.500000
0.250000 0.500000
0.333333 0.500000
0.416667 0.500000
0.500000 0.500000
0.583333 0.500000
0.666667 0.500000
0.750000 0.500000
0.833333 0.500000
0.916667 0.500000
1.000000 0.500000
</float_array>
          <technique_common>
            <accessor source="#black_02-UV0-array" count="208" stride="2">
              <param name="S" type="float"/>
              <param name="T" type="float"/>
            </accessor>
          </technique_common>
        </source>
        <vertices id="black_02-VERTEX">
          <input semantic="POSITION" source="#black_02-POSITION"/>
        </vertices>
        <triangles count="376" material="black_02_ncl1_1">
          <input semantic="VERTEX" offset="0" source="#black_02-VERTEX"/>
          <input semantic="NORMAL" offset="1" source="#black_02-Normal0"/>
          <input semantic="TEXCOORD" offset="2" set="0" source="#black_02-UV0"/>
          <p> 13 0 15 1 1 1 0 2 0 0 3 0 12 4 13 13 5 15 14 6 16 2 7 2 1 8 1 1 9 1 13 10 15 14 11 16 15 12 17 3 13 3 2 14 2 2 15 2 14 16 16 15 17 17 16 18 18 4 19 4 3 20 3 3 21 3 15 22 17 16 23 18 17 24 19 5 25 5 4 26 4 4 27 4 16 28 18 17 29 19 18 30 20 6 31 6 5 32 5 5 33 5 17 34 19 18 35 20 19 36 21 7 37 7 6 38 6 6 39 6 18 40 20 19 41 21 20 42 22 8 43 8 7 44 7 7 45 7 19 46 21 20 47 22 21 48 23 9 49 9 8 50 8 8 51 8 20 52 22 21 53 23 22 54 24 10 55 10 9 56 9 9 57 9 21 58 23 22 59 24 23 60 25 11 61 11 10 62 10 10 63 10 22 64 24 23 65 25 12 66 14 0 67 12 11 68 11 11 69 11 23 70 25 12 71 14 25 72 28 13 73 15 12 74 13 12 75 13 24 76 26 25 77 28 26 78 29 14 79 16 13 80 15 13 81 15 25 82 28 26 83 29 27 84 30 15 85 17 14 86 16 14 87 16 26 88 29 27 89 30 28 90 31 16 91 18 15 92 17 15 93 17 27 94 30 28 95 31 29 96 32 17 97 19 16 98 18 16 99 18 28 100 31 29 101 32 30 102 33 18 103 20 17 104 19 17 105 19 29 106 32 30 107 33 31 108 34 19 109 21 18 110 20 18 111 20 30 112 33 31 113 34 32 114 35 20 115 22 19 116 21 19 117 21 31 118 34 32 119 35 33 120 36 21 121 23 20 122 22 20 123 22 32 124 35 33 125 36 34 126 37 22 127 24 21 128 23 21 129 23 33 130 36 34 131 37 35 132 38 23 133 25 22 134 24 22 135 24 34 136 37 35 137 38 24 138 27 12 139 14 23 140 25 23 141 25 35 142 38 24 143 27 36 144 39 37 145 41 25 146 28 25 147 28 24 148 26 36 149 39 37 150 41 38 151 42 26 152 29 26 153 29 25 154 28 37 155 41 38 156 42 39 157 43 27 158 30 27 159 30 26 160 29 38 161 42 39 162 43 40 163 44 28 164 31 28 165 31 27 166 30 39 167 43 40 168 44 41 169 45 29 170 32 29 171 32 28 172 31 40 173 44 41 174 45 42 175 46 30 176 33 30 177 33 29 178 32 41 179 45 42 180 46 43 181 47 31 182 34 31 183 34 30 184 33 42 185 46 43 186 47 44 187 48 32 188 35 32 189 35 31 190 34 43 191 47 44 192 48 45 193 49 33 194 36 33 195 36 32 196 35 44 197 48 45 198 49 46 199 50 34 200 37 34 201 37 33 202 36 45 203 49 46 204 50 47 205 51 35 206 38 35 207 38 34 208 37 46 209 50 47 210 51 36 211 40 24 212 27 24 213 27 35 214 38 47 215 51 0 216 0 1 217 1 49 218 53 49 219 53 48 220 52 0 221 0 1 222 1 2 223 2 50 224 54 50 225 54 49 226 53 1 227 1 2 228 2 3 229 3 51 230 55 51 231 55 50 232 54 2 233 2 3 234 3 4 235 4 52 236 56 52 237 56 51 238 55 3 239 3 4 240 4 5 241 5 53 242 57 53 243 57 52 244 56 4 245 4 5 246 5 6 247 6 54 248 58 54 249 58 53 250 57 5 251 5 6 252 6 7 253 7 55 254 59 55 255 59 54 256 58 6 257 6 7 258 7 8 259 8 56 260 60 56 261 60 55 262 59 7 263 7 8 264 8 9 265 9 57 266 61 57 267 61 56 268 60 8 269 8 9 270 9 10 271 10 58 272 62 58 273 62 57 274 61 9 275 9 10 276 10 11 277 11 59 278 63 59 279 63 58 280 62 10 281 10 11 282 11 0 283 12 48 284 64 48 285 64 59 286 63 11 287 11 48 288 52 49 289 53 61 290 66 61 291 66 60 292 65 48 293 52 49 294 53 50 295 54 62 296 67 62 297 67 61 298 66 49 299 53 50 300 54 51 301 55 63 302 68 63 303 68 62 304 67 50 305 54 51 306 55 52 307 56 64 308 69 64 309 69 63 310 68 51 311 55 52 312 56 53 313 57 65 314 70 65 315 70 64 316 69 52 317 56 53 318 57 54 319 58 66 320 71 66 321 71 65 322 70 53 323 57 54 324 58 55 325 59 67 326 72 67 327 72 66 328 71 54 329 58 55 330 59 56 331 60 68 332 73 68 333 73 67 334 72 55 335 59 56 336 60 57 337 61 69 338 74 69 339 74 68 340 73 56 341 60 57 342 61 58 343 62 70 344 75 70 345 75 69 346 74 57 347 61 58 348 62 59 349 63 71 350 76 71 351 76 70 352 75 58 353 62 59 354 63 48 355 64 60 356 77 60 357 77 71 358 76 59 359 63 60 360 65 61 361 66 73 362 79 73 363 79 72 364 78 60 365 65 61 366 66 62 367 67 74 368 80 74 369 80 73 370 79 61 371 66 62 372 67 63 373 68 75 374 81 75 375 81 74 376 80 62 377 67 63 378 68 64 379 69 76 380 82 76 381 82 75 382 81 63 383 68 64 384 69 65 385 70 77 386 83 77 387 83 76 388 82 64 389 69 65 390 70 66 391 71 78 392 84 78 393 84 77 394 83 65 395 70 66 396 71 67 397 72 79 398 85 79 399 85 78 400 84 66 401 71 67 402 72 68 403 73 80 404 86 80 405 86 79 406 85 67 407 72 68 408 73 69 409 74 81 410 87 81 411 87 80 412 86 68 413 73 69 414 74 70 415 75 82 416 88 82 417 88 81 418 87 69 419 74 70 420 75 71 421 76 83 422 89 83 423 89 82 424 88 70 425 75 71 426 76 60 427 77 72 428 90 72 429 90 83 430 89 71 431 76 73 432 79 85 433 92 84 434 91 84 435 91 72 436 78 73 437 79 74 438 80 86 439 93 85 440 92 85 441 92 73 442 79 74 443 80 75 444 81 87 445 94 86 446 93 86 447 93 74 448 80 75 449 81 76 450 82 88 451 95 87 452 94 87 453 94 75 454 81 76 455 82 77 456 83 89 457 96 88 458 95 88 459 95 76 460 82 77 461 83 78 462 84 90 463 97 89 464 96 89 465 96 77 466 83 78 467 84 79 468 85 91 469 98 90 470 97 90 471 97 78 472 84 79 473 85 80 474 86 92 475 99 91 476 98 91 477 98 79 478 85 80 479 86 81 480 87 93 481 100 92 482 99 92 483 99 80 484 86 81 485 87 82 486 88 94 487 101 93 488 100 93 489 100 81 490 87 82 491 88 83 492 89 95 493 102 94 494 101 94 495 101 82 496 88 83 497 89 72 498 90 84 499 103 95 500 102 95 501 102 83 502 89 72 503 90 86 504 93 87 505 94 88 506 95 88 507 95 89 508 96 90 509 97 90 510 97 91 511 98 92 512 99 88 513 95 90 514 97 92 515 99 92 516 99 93 517 100 94 518 101 94 519 101 95 520 102 84 521 103 92 522 99 94 523 101 84 524 103 88 525 95 92 526 99 84 527 103 86 528 93 88 529 95 84 530 103 85 531 92 86 532 93 84 533 103 36 534 39 47 535 51 37 536 41 44 537 48 40 538 44 39 539 43 39 540 43 45 541 49 44 542 48 109 543 119 97 544 105 96 545 104 96 546 104 108 547 117 109 548 119 110 549 120 98 550 106 97 551 105 97 552 105 109 553 119 110 554 120 111 555 121 99 556 107 98 557 106 98 558 106 110 559 120 111 560 121 112 561 122 100 562 108 99 563 107 99 564 107 111 565 121 112 566 122 113 567 123 101 568 109 100 569 108 100 570 108 112 571 122 113 572 123 114 573 124 102 574 110 101 575 109 101 576 109 113 577 123 114 578 124 115 579 125 103 580 111 102 581 110 102 582 110 114 583 124 115 584 125 116 585 126 104 586 112 103 587 111 103 588 111 115 589 125 116 590 126 117 591 127 105 592 113 104 593 112 104 594 112 116 595 126 117 596 127 118 597 128 106 598 114 105 599 113 105 600 113 117 601 127 118 602 128 119 603 129 107 604 115 106 605 114 106 606 114 118 607 128 119 608 129 108 609 118 96 610 116 107 611 115 107 612 115 119 613 129 108 614 118 121 615 132 109 616 119 108 617 117 108 618 117 120 619 130 121 620 132 122 621 133 110 622 120 109 623 119 109 624 119 121 625 132 122 626 133 123 627 134 111 628 121 110 629 120 110 630 120 122 631 133 123 632 134 124 633 135 112 634 122 111 635 121 111 636 121 123 637 134 124 638 135 125 639 136 113 640 123 112 641 122 112 642 122 124 643 135 125 644 136 126 645 137 114 646 124 113 647 123 113 648 123 125 649 136 126 650 137 127 651 138 115 652 125 114 653 124 114 654 124 126 655 137 127 656 138 128 657 139 116 658 126 115 659 125 115 660 125 127 661 138 128 662 139 129 663 140 117 664 127 116 665 126 116 666 126 128 667 139 129 668 140 130 669 141 118 670 128 117 671 127 117 672 127 129 673 140 130 674 141 131 675 142 119 676 129 118 677 128 118 678 128 130 679 141 131 680 142 120 681 131 108 682 118 119 683 129 119 684 129 131 685 142 120 686 131 132 687 143 133 688 145 121 689 132 121 690 132 120 691 130 132 692 143 133 693 145 134 694 146 122 695 133 122 696 133 121 697 132 133 698 145 134 699 146 135 700 147 123 701 134 123 702 134 122 703 133 134 704 146 135 705 147 136 706 148 124 707 135 124 708 135 123 709 134 135 710 147 136 711 148 137 712 149 125 713 136 125 714 136 124 715 135 136 716 148 137 717 149 138 718 150 126 719 137 126 720 137 125 721 136 137 722 149 138 723 150 139 724 151 127 725 138 127 726 138 126 727 137 138 728 150 139 729 151 140 730 152 128 731 139 128 732 139 127 733 138 139 734 151 140 735 152 141 736 153 129 737 140 129 738 140 128 739 139 140 740 152 141 741 153 142 742 154 130 743 141 130 744 141 129 745 140 141 746 153 142 747 154 143 748 155 131 749 142 131 750 142 130 751 141 142 752 154 143 753 155 132 754 144 120 755 131 120 756 131 131 757 142 143 758 155 96 759 104 97 760 105 145 761 157 145 762 157 144 763 156 96 764 104 97 765 105 98 766 106 146 767 158 146 768 158 145 769 157 97 770 105 98 771 106 99 772 107 147 773 159 147 774 159 146 775 158 98 776 106 99 777 107 100 778 108 148 779 160 148 780 160 147 781 159 99 782 107 100 783 108 101 784 109 149 785 161 149 786 161 148 787 160 100 788 108 101 789 109 102 790 110 150 791 162 150 792 162 149 793 161 101 794 109 102 795 110 103 796 111 151 797 163 151 798 163 150 799 162 102 800 110 103 801 111 104 802 112 152 803 164 152 804 164 151 805 163 103 806 111 104 807 112 105 808 113 153 809 165 153 810 165 152 811 164 104 812 112 105 813 113 106 814 114 154 815 166 154 816 166 153 817 165 105 818 113 106 819 114 107 820 115 155 821 167 155 822 167 154 823 166 106 824 114 107 825 115 96 826 116 144 827 168 144 828 168 155 829 167 107 830 115 144 831 156 145 832 157 157 833 170 157 834 170 156 835 169 144 836 156 145 837 157 146 838 158 158 839 171 158 840 171 157 841 170 145 842 157 146 843 158 147 844 159 159 845 172 159 846 172 158 847 171 146 848 158 147 849 159 148 850 160 160 851 173 160 852 173 159 853 172 147 854 159 148 855 160 149 856 161 161 857 174 161 858 174 160 859 173 148 860 160 149 861 161 150 862 162 162 863 175 162 864 175 161 865 174 149 866 161 150 867 162 151 868 163 163 869 176 163 870 176 162 871 175 150 872 162 151 873 163 152 874 164 164 875 177 164 876 177 163 877 176 151 878 163 152 879 164 153 880 165 165 881 178 165 882 178 164 883 177 152 884 164 153 885 165 154 886 166 166 887 179 166 888 179 165 889 178 153 890 165 154 891 166 155 892 167 167 893 180 167 894 180 166 895 179 154 896 166 155 897 167 144 898 168 156 899 181 156 900 181 167 901 180 155 902 167 156 903 169 157 904 170 169 905 183 169 906 183 168 907 182 156 908 169 157 909 170 158 910 171 170 911 184 170 912 184 169 913 183 157 914 170 158 915 171 159 916 172 171 917 185 171 918 185 170 919 184 158 920 171 159 921 172 160 922 173 172 923 186 172 924 186 171 925 185 159 926 172 160 927 173 161 928 174 173 929 187 173 930 187 172 931 186 160 932 173 161 933 174 162 934 175 174 935 188 174 936 188 173 937 187 161 938 174 162 939 175 163 940 176 175 941 189 175 942 189 174 943 188 162 944 175 163 945 176 164 946 177 176 947 190 176 948 190 175 949 189 163 950 176 164 951 177 165 952 178 177 953 191 177 954 191 176 955 190 164 956 177 165 957 178 166 958 179 178 959 192 178 960 192 177 961 191 165 962 178 166 963 179 167 964 180 179 965 193 179 966 193 178 967 192 166 968 179 167 969 180 156 970 181 168 971 194 168 972 194 179 973 193 167 974 180 169 975 183 181 976 196 180 977 195 180 978 195 168 979 182 169 980 183 170 981 184 182 982 197 181 983 196 181 984 196 169 985 183 170 986 184 171 987 185 183 988 198 182 989 197 182 990 197 170 991 184 171 992 185 172 993 186 184 994 199 183 995 198 183 996 198 171 997 185 172 998 186 173 999 187 185 1000 200 184 1001 199 184 1002 199 172 1003 186 173 1004 187 174 1005 188 186 1006 201 185 1007 200 185 1008 200 173 1009 187 174 1010 188 175 1011 189 187 1012 202 186 1013 201 186 1014 201 174 1015 188 175 1016 189 176 1017 190 188 1018 203 187 1019 202 187 1020 202 175 1021 189 176 1022 190 177 1023 191 189 1024 204 188 1025 203 188 1026 203 176 1027 190 177 1028 191 178 1029 192 190 1030 205 189 1031 204 189 1032 204 177 1033 191 178 1034 192 179 1035 193 191 1036 206 190 1037 205 190 1038 205 178 1039 192 179 1040 193 168 1041 194 180 1042 207 191 1043 206 191 1044 206 179 1045 193 168 1046 194 182 1047 197 183 1048 198 184 1049 199 184 1050 199 185 1051 200 186 1052 201 186 1053 201 187 1054 202 188 1055 203 184 1056 199 186 1057 201 188 1058 203 188 1059 203 189 1060 204 190 1061 205 190 1062 205 191 1063 206 180 1064 207 188 1065 203 190 1066 205 180 1067 207 184 1068 199 188 1069 203 180 1070 207 182 1071 197 184 1072 199 180 1073 207 181 1074 196 182 1075 197 180 1076 207 132 1077 143 143 1078 155 133 1079 145 140 1080 152 136 1081 148 135 1082 147 135 1083 147 141 1084 153 140 1085 152 139 1086 151 137 1087 149 136 1088 148 136 1089 148 140 1090 152 139 1091 151 139 1092 151 138 1093 150 137 1094 149 141 1095 153 135 1096 147 134 1097 146 134 1098 146 142 1099 154 141 1100 153 142 1101 154 134 1102 146 133 1103 145 133 1104 145 143 1105 155 142 1106 154 45 1107 49 39 1108 43 38 1109 42 38 1110 42 46 1111 50 45 1112 49 46 1113 50 38 1114 42 37 1115 41 37 1116 41 47 1117 51 46 1118 50 43 1119 47 41 1120 45 40 1121 44 40 1122 44 44 1123 48 43 1124 47 43 1125 47 42 1126 46 41 1127 45</p>
        </triangles>
      </mesh>
    </geometry>
    <geometry id="white-lib" name="whiteMesh">
      <mesh>
        <source id="white-POSITION">
          <float_array id="white-POSITION-array" count="1962">
-0.134781 0.156805 0.320920
-0.131122 0.182272 0.317931
-0.119257 0.185698 0.317451
-0.112681 0.189947 0.316833
-0.108258 0.196835 0.315605
-0.094673 0.259989 0.299578
-0.097144 0.267316 0.296982
-0.103180 0.271401 0.295344
-0.110692 0.273793 0.294226
-0.106382 0.286035 0.289422
-0.029621 0.288015 0.288991
-0.073417 0.160859 0.322717
-0.074376 0.157359 0.322215
-0.134376 0.160251 0.321275
-0.027810 0.296468 0.283364
-0.027615 0.300915 0.274531
-0.009453 -0.307690 0.251143
-0.029634 0.307793 0.251042
-0.072726 -0.306418 0.252461
-0.072480 0.306627 0.252013
-0.094425 0.298556 0.276111
-0.101425 0.294263 0.283809
0.021019 0.157261 0.321680
0.022217 0.160808 0.322040
0.045445 0.288246 0.286759
0.046382 0.295604 0.281297
0.047300 0.300421 0.272111
0.049568 0.306946 0.248070
-0.060627 0.193760 0.317244
-0.049502 0.228350 0.309641
-0.038213 0.261242 0.299874
-0.101236 0.228098 0.308693
0.041267 0.260163 0.299076
0.034689 0.228067 0.309163
0.026867 0.194238 0.316814
0.103043 0.155795 0.318158
0.102994 0.159787 0.319039
0.092879 0.192153 0.321437
0.094116 0.230187 0.316500
0.113656 0.259650 0.298341
0.118246 0.283901 0.284097
0.242233 0.173639 0.300105
0.260573 0.168146 0.295769
0.277378 0.158518 0.291289
0.292444 0.143480 0.286571
0.297792 0.158762 0.283816
0.284780 0.175315 0.287329
0.268850 0.189018 0.291107
0.250207 0.199829 0.294769
0.185240 0.256348 0.293225
0.212804 0.248264 0.291379
0.237679 0.237928 0.288342
0.258657 0.224583 0.286715
0.278156 0.211636 0.283372
0.293181 0.193447 0.280862
0.306145 0.173492 0.278018
0.315317 0.184956 0.270711
0.301271 0.209725 0.272541
0.284649 0.228838 0.274882
0.264978 0.246125 0.276409
0.242738 0.258859 0.277871
0.215646 0.268594 0.279506
0.187481 0.275346 0.280720
0.164856 0.157380 0.313844
0.190874 0.156187 0.310553
0.214042 0.153982 0.307064
0.235266 0.152465 0.302959
0.253986 0.150392 0.298650
0.271895 0.147835 0.293750
0.134888 0.158715 0.316631
0.150267 0.259124 0.296075
0.157237 0.279801 0.282471
0.134585 0.154924 0.315950
0.164488 0.153752 0.313194
0.191511 0.152270 0.309780
0.213674 0.150703 0.306397
0.234390 0.148815 0.302255
0.251850 0.146983 0.298274
0.271086 0.144512 0.293158
0.291594 0.141006 0.286120
0.325929 0.160819 0.268816
0.334457 0.134069 0.267167
0.333688 0.130586 0.266828
0.315083 0.153987 0.275903
0.320927 0.138408 0.274649
0.306139 0.142139 0.281515
0.305123 0.138489 0.281231
0.320203 0.134733 0.274225
0.119118 0.291679 0.278194
0.159440 0.287095 0.276521
0.189820 0.282218 0.274683
0.217853 0.275571 0.273416
0.245349 0.265381 0.271542
0.268700 0.251935 0.270170
0.288780 0.235067 0.268221
0.305094 0.215590 0.266300
0.320696 0.190024 0.263728
0.333117 0.161898 0.261995
0.343150 0.130671 0.260423
0.350003 0.124089 0.250853
0.337809 0.162377 0.252578
0.324173 0.191540 0.254846
0.308468 0.217350 0.256862
0.292027 0.237453 0.258709
0.272033 0.254789 0.260664
0.247193 0.269298 0.262484
0.219596 0.279528 0.264061
0.190719 0.286475 0.266114
0.159739 0.291367 0.267480
0.119743 0.295751 0.269436
0.120674 0.302859 0.242775
0.160309 0.302577 0.215409
0.160075 0.297607 0.243148
0.120699 0.302165 0.245091
0.132596 0.305971 0.216950
0.130642 0.304083 0.230789
0.127266 0.303087 0.238273
0.190407 0.292876 0.241449
0.220550 0.285703 0.239510
0.249435 0.274526 0.237736
0.275935 0.258335 0.236036
0.296815 0.239636 0.234006
0.313980 0.217622 0.232409
0.329996 0.192095 0.231025
0.343854 0.163220 0.229826
0.354905 0.132063 0.228916
0.363045 0.101593 0.227889
0.357269 0.115040 0.237355
0.189490 0.297608 0.214353
0.221994 0.289493 0.212943
0.251793 0.277846 0.211520
0.279918 0.260261 0.210032
0.301241 0.239972 0.208823
0.318744 0.217371 0.207955
0.334199 0.192049 0.207077
0.348387 0.162986 0.206089
0.357753 0.138791 0.205576
0.365582 0.112306 0.205104
0.342084 0.126904 0.260404
0.348552 0.121473 0.251646
0.355786 0.112138 0.238449
0.360910 0.099508 0.230616
0.377918 -0.000000 0.204468
0.371483 -0.000000 0.223123
0.372778 0.037190 0.221507
0.369146 0.072352 0.223126
0.376755 0.037517 0.204578
0.373077 0.073822 0.204645
0.366988 0.071002 0.225139
0.370583 0.036663 0.223314
-0.134781 -0.156806 0.320919
-0.131122 -0.182272 0.317931
-0.119257 -0.185698 0.317451
-0.112681 -0.189948 0.316833
-0.108258 -0.196835 0.315605
-0.094673 -0.259989 0.299578
-0.097144 -0.267316 0.296982
-0.103180 -0.271401 0.295344
-0.110692 -0.273793 0.294225
-0.106382 -0.286035 0.289422
-0.029621 -0.288015 0.288991
-0.073417 -0.160859 0.322717
-0.074376 -0.157359 0.322215
-0.134376 -0.160251 0.321275
-0.027810 -0.296468 0.283364
-0.027615 -0.300915 0.274530
-0.009453 0.307690 0.251143
-0.029634 -0.307793 0.251042
-0.072726 0.306418 0.252462
-0.072480 -0.306627 0.252013
-0.094425 -0.298556 0.276111
-0.101425 -0.294264 0.283809
0.021019 -0.157261 0.321679
0.022217 -0.160808 0.322040
0.045445 -0.288247 0.286759
0.046382 -0.295604 0.281297
0.047300 -0.300421 0.272111
0.049568 -0.306946 0.248070
-0.060627 -0.193760 0.317244
-0.049502 -0.228350 0.309641
-0.038213 -0.261242 0.299874
-0.101236 -0.228098 0.308693
0.041267 -0.260164 0.299076
0.034689 -0.228067 0.309163
0.026867 -0.194239 0.316814
0.103043 -0.155795 0.318158
0.102994 -0.159787 0.319039
0.106568 -0.192170 0.314273
0.111309 -0.225524 0.306895
0.115276 -0.256900 0.296724
0.118246 -0.283901 0.284097
0.170522 -0.188201 0.309886
0.197135 -0.185064 0.307068
0.220957 -0.180490 0.303774
0.241816 -0.174939 0.300006
0.260573 -0.168147 0.295769
0.277378 -0.158518 0.291289
0.292443 -0.143480 0.286571
0.297792 -0.158762 0.283816
0.284780 -0.175315 0.287329
0.268850 -0.189019 0.291107
0.250207 -0.199829 0.294769
0.228933 -0.208321 0.298031
0.204136 -0.214783 0.300910
0.176683 -0.219529 0.303275
0.181316 -0.248515 0.293931
0.210303 -0.243287 0.291765
0.237127 -0.235655 0.289143
0.259218 -0.224964 0.286456
0.278156 -0.211636 0.283372
0.293181 -0.193448 0.280862
0.306144 -0.173492 0.278018
0.315317 -0.184956 0.270711
0.301271 -0.209725 0.272541
0.284649 -0.228839 0.274882
0.264978 -0.246125 0.276409
0.242738 -0.258860 0.277871
0.215646 -0.268594 0.279506
0.187481 -0.275346 0.280720
0.165044 -0.157080 0.313832
0.190874 -0.156187 0.310553
0.214042 -0.153982 0.307064
0.235266 -0.152465 0.302959
0.253986 -0.150392 0.298650
0.271895 -0.147836 0.293750
0.134888 -0.158715 0.316631
0.138328 -0.190273 0.312088
0.143471 -0.222836 0.305413
0.149515 -0.252681 0.295636
0.157237 -0.279801 0.282471
0.134585 -0.154925 0.315950
0.164488 -0.153752 0.313194
0.191511 -0.152270 0.309780
0.213674 -0.150704 0.306397
0.234390 -0.148815 0.302255
0.251850 -0.146983 0.298273
0.271086 -0.144512 0.293158
0.291594 -0.141006 0.286120
0.325929 -0.160820 0.268816
0.334457 -0.134069 0.267166
0.333688 -0.130586 0.266828
0.315083 -0.153988 0.275903
0.320927 -0.138409 0.274649
0.305996 -0.141625 0.281475
0.305123 -0.138490 0.281231
0.320203 -0.134733 0.274225
0.119118 -0.291679 0.278194
0.159440 -0.287095 0.276521
0.189820 -0.282218 0.274683
0.217853 -0.275571 0.273416
0.245349 -0.265381 0.271542
0.268700 -0.251935 0.270169
0.288780 -0.235067 0.268220
0.305093 -0.215590 0.266300
0.320696 -0.190025 0.263728
0.333117 -0.161898 0.261995
0.343150 -0.130671 0.260423
0.350003 -0.124089 0.250853
0.337809 -0.162377 0.252578
0.324173 -0.191540 0.254846
0.308468 -0.217350 0.256862
0.292027 -0.237453 0.258709
0.272033 -0.254789 0.260664
0.247192 -0.269299 0.262484
0.219596 -0.279528 0.264061
0.190719 -0.286475 0.266114
0.159739 -0.291367 0.267480
0.119743 -0.295751 0.269436
0.120674 -0.302859 0.242775
0.160309 -0.302577 0.215409
0.160075 -0.297607 0.243148
0.120698 -0.302165 0.245091
0.132147 -0.305717 0.216840
0.130642 -0.304083 0.230789
0.127266 -0.303087 0.238273
0.190407 -0.292876 0.241449
0.220550 -0.285703 0.239510
0.249435 -0.274526 0.237735
0.276983 -0.257696 0.235968
0.297172 -0.239312 0.233970
0.313980 -0.217622 0.232409
0.329996 -0.192095 0.231025
0.343950 -0.163019 0.229817
0.355067 -0.131588 0.228902
0.363045 -0.101594 0.227889
0.357269 -0.115040 0.237355
0.189490 -0.297608 0.214353
0.221994 -0.289493 0.212943
0.251793 -0.277846 0.211520
0.279918 -0.260261 0.210032
0.301241 -0.239972 0.208823
0.318744 -0.217372 0.207955
0.334199 -0.192050 0.207077
0.348387 -0.162986 0.206089
0.357753 -0.138791 0.205576
0.365582 -0.112306 0.205104
0.342084 -0.126905 0.260404
0.348552 -0.121473 0.251646
0.355786 -0.112138 0.238449
0.360910 -0.099508 0.230616
0.373574 -0.000000 0.221957
0.372778 -0.037190 0.221507
0.369146 -0.072352 0.223126
0.376755 -0.037517 0.204578
0.373077 -0.073822 0.204645
0.366988 -0.071002 0.225139
0.370583 -0.036663 0.223314
0.239940 0.221927 0.292632
0.238538 0.200685 0.297579
0.230125 0.179576 0.302146
0.211325 0.166444 0.306801
0.191129 0.209319 0.323129
0.190062 0.202821 0.323314
0.187486 0.196954 0.323766
0.183583 0.191859 0.324453
0.178053 0.187704 0.325432
0.172456 0.185634 0.326406
0.166067 0.185029 0.327530
0.160256 0.186103 0.328565
0.154734 0.188604 0.329544
0.149781 0.192442 0.330412
0.145953 0.197506 0.331085
0.143707 0.203190 0.331483
0.142827 0.209391 0.331646
0.143735 0.215629 0.331477
0.146052 0.221437 0.331070
0.149351 0.226278 0.330488
0.154198 0.230347 0.329633
0.160081 0.232918 0.328597
0.166511 0.234079 0.327457
0.172595 0.233187 0.326388
0.178604 0.230969 0.325337
0.183875 0.227053 0.324409
0.187918 0.221922 0.323680
0.190283 0.215784 0.323268
0.140343 0.209542 0.331833
0.141204 0.216383 0.331620
0.144018 0.222758 0.331137
0.147311 0.227820 0.330551
0.152801 0.232344 0.329509
0.159534 0.235163 0.328424
0.166543 0.236429 0.327156
0.173231 0.235418 0.326000
0.180057 0.232926 0.324796
0.185887 0.228227 0.323807
0.190216 0.222456 0.322985
0.192466 0.216237 0.322588
0.193509 0.209211 0.322446
0.192429 0.202346 0.322623
0.189371 0.195620 0.323149
0.185213 0.189958 0.323837
0.179107 0.185558 0.325001
0.173118 0.183365 0.325791
0.166124 0.182566 0.327130
0.159715 0.183523 0.328200
0.153740 0.186045 0.329296
0.147608 0.190705 0.330456
0.143444 0.196828 0.331224
0.141187 0.202862 0.331596
0.129471 0.209699 0.330028
0.131608 0.219305 0.330009
0.136877 0.226721 0.329814
0.143550 0.231853 0.329312
0.151113 0.235127 0.328348
0.159101 0.237528 0.326968
0.166369 0.237932 0.325982
0.173816 0.237054 0.324528
0.181104 0.234429 0.323447
0.188623 0.230335 0.321547
0.194657 0.224692 0.319596
0.197486 0.217638 0.318666
0.198904 0.209642 0.318145
0.197635 0.200893 0.318578
0.193499 0.193350 0.320018
0.186789 0.187894 0.322012
0.179984 0.184249 0.323427
0.173285 0.182213 0.324770
0.166164 0.181398 0.325988
0.159434 0.182181 0.327114
0.152137 0.183900 0.328237
0.144104 0.187566 0.329254
0.135731 0.193969 0.329837
0.131588 0.201109 0.330013
0.115280 0.210192 0.329110
0.116670 0.223589 0.328822
0.122537 0.235287 0.327748
0.134745 0.241708 0.325911
0.146926 0.243876 0.323514
0.158064 0.244151 0.322008
0.165860 0.244160 0.320515
0.175046 0.243657 0.318923
0.186378 0.241723 0.317027
0.196702 0.237903 0.314608
0.203546 0.229176 0.313884
0.206290 0.219245 0.313260
0.206716 0.209729 0.313381
0.206128 0.198921 0.313247
0.201787 0.187686 0.314188
0.191594 0.179986 0.315892
0.181643 0.176808 0.317189
0.172533 0.176336 0.319283
0.164511 0.176262 0.320917
0.156423 0.176095 0.321962
0.144858 0.177043 0.324329
0.133759 0.178839 0.326035
0.121568 0.186590 0.328166
0.116627 0.198059 0.329028
0.219752 0.206380 0.303371
0.216201 0.232044 0.299033
0.220149 0.219893 0.300240
0.215571 0.191008 0.306133
0.205565 0.177238 0.308610
0.202803 0.242426 0.301347
0.165225 0.167901 0.313993
0.187413 0.169139 0.311086
0.142644 0.170965 0.317820
0.106832 0.196871 0.326039
0.107532 0.224533 0.324272
0.123255 0.246362 0.315075
0.180034 0.248675 0.303966
0.152090 0.249621 0.309613
0.117183 0.176251 0.321529
-0.356384 -0.077174 0.099274
-0.350824 -0.099153 0.089800
-0.346851 -0.104744 0.079031
-0.342941 -0.109085 0.068594
-0.329178 -0.120977 0.034988
-0.311766 -0.131759 -0.000767
-0.358802 -0.062496 0.101304
-0.361429 -0.029201 0.101605
-0.361995 -0.012021 0.101459
-0.361709 -0.010476 0.100186
-0.361810 0.000000 0.100229
-0.353966 -0.091852 0.097244
-0.331648 0.000000 0.021409
-0.331631 0.000000 0.066518
-0.354649 -0.011880 0.073355
-0.354137 -0.027969 0.073537
-0.351855 -0.057472 0.073087
-0.347712 -0.067847 0.062874
-0.338991 -0.064667 0.035099
-0.335408 -0.062866 0.024407
-0.334163 -0.061536 0.020637
-0.333497 -0.057298 0.017627
-0.333606 -0.053172 0.016803
-0.335281 -0.028037 0.016463
-0.335868 -0.010934 0.016373
-0.349339 -0.067451 0.068144
-0.350893 -0.063560 0.071953
-0.331726 -0.012170 0.066547
-0.331838 -0.028451 0.066583
-0.331769 -0.042722 0.066563
-0.331575 -0.045010 0.056618
-0.331583 -0.045034 0.033949
-0.331633 -0.045154 0.026855
-0.331576 -0.041856 0.021494
-0.331633 -0.027467 0.021417
-0.331628 -0.011220 0.021432
-0.331593 -0.045013 0.064309
-0.331577 -0.045011 0.060777
-0.331574 -0.044343 0.021786
-0.331578 -0.045055 0.023747
-0.328268 -0.028416 -0.001360
-0.326026 -0.056905 -0.001285
-0.328887 -0.010671 -0.001422
-0.345481 -0.088910 0.065464
-0.348141 -0.088023 0.073674
-0.335412 -0.088616 0.034779
-0.321743 -0.088857 -0.001101
-0.350306 -0.084359 0.079694
-0.352416 -0.077829 0.084063
-0.353764 -0.072221 0.086329
-0.355288 -0.060520 0.087190
-0.357573 -0.028819 0.086820
-0.358152 -0.012060 0.086666
-0.325736 0.000000 -0.001716
-0.325448 -0.010712 -0.001715
-0.324886 -0.028250 -0.001714
-0.322542 -0.056333 -0.001712
-0.318317 -0.088491 -0.001707
-0.308732 -0.131003 -0.001538
-0.356384 0.077174 0.099274
-0.350824 0.099153 0.089800
-0.346851 0.104744 0.079031
-0.342941 0.109085 0.068594
-0.329178 0.120977 0.034988
-0.311766 0.131759 -0.000767
-0.358802 0.062496 0.101304
-0.361429 0.029201 0.101605
-0.361995 0.012021 0.101459
-0.361709 0.010476 0.100186
-0.353966 0.091852 0.097244
-0.335952 0.000000 0.016451
-0.354506 0.000000 0.073220
-0.354649 0.011880 0.073355
-0.354137 0.027969 0.073537
-0.351855 0.057472 0.073087
-0.347712 0.067847 0.062874
-0.338991 0.064667 0.035099
-0.335408 0.062866 0.024407
-0.334163 0.061536 0.020637
-0.333497 0.057298 0.017627
-0.333606 0.053172 0.016803
-0.335281 0.028037 0.016463
-0.335868 0.010934 0.016373
-0.349339 0.067451 0.068144
-0.350893 0.063560 0.071953
-0.331726 0.012170 0.066547
-0.331838 0.028451 0.066583
-0.331769 0.042722 0.066563
-0.331575 0.045010 0.056618
-0.331583 0.045034 0.033949
-0.331633 0.045154 0.026855
-0.331576 0.041856 0.021494
-0.331633 0.027467 0.021417
-0.331628 0.011220 0.021432
-0.331593 0.045013 0.064309
-0.331577 0.045011 0.060777
-0.331574 0.044343 0.021786
-0.331578 0.045055 0.023747
-0.328268 0.028416 -0.001360
-0.326026 0.056905 -0.001285
-0.329037 0.000000 -0.001389
-0.328887 0.010671 -0.001422
-0.345481 0.088910 0.065464
-0.348141 0.088023 0.073674
-0.335412 0.088616 0.034779
-0.321743 0.088857 -0.001101
-0.350306 0.084359 0.079694
-0.352416 0.077829 0.084063
-0.353764 0.072221 0.086329
-0.355288 0.060520 0.087190
-0.357573 0.028819 0.086820
-0.358152 0.012060 0.086666
-0.358256 0.000000 0.086497
-0.325448 0.010712 -0.001715
-0.324886 0.028250 -0.001714
-0.322542 0.056333 -0.001712
-0.318317 0.088491 -0.001707
-0.308732 0.131003 -0.001538
-0.125860 0.295758 0.051995
-0.124637 0.280573 0.000444
-0.073774 0.307058 0.081663
-0.038050 0.308435 0.081145
-0.104684 0.304979 0.082485
0.000184 0.302386 0.052127
-0.036895 0.301943 0.052429
-0.071192 0.300576 0.052516
-0.102496 0.298450 0.052934
0.076824 0.284539 0.000530
0.038170 0.286605 0.001097
0.002893 0.287126 0.000672
-0.034763 0.286815 0.000656
-0.069849 0.285277 0.000416
-0.099841 0.283204 0.000419
-0.125240 0.288571 0.025700
-0.099623 0.291432 0.026105
-0.069216 0.293724 0.026774
-0.035152 0.294947 0.026443
0.001330 0.295472 0.026848
0.038272 0.294841 0.026608
0.076645 0.292309 0.024176
0.037789 0.301753 0.051330
-0.001521 0.308581 0.078800
-0.029015 0.311892 0.097472
-0.034888 0.312408 0.101101
-0.042698 0.312586 0.103380
-0.076226 0.311394 0.105043
-0.106228 0.309420 0.105934
-0.123257 0.307136 0.102304
-0.125749 0.305926 0.095891
-0.126153 0.302940 0.083175
-0.117386 0.308313 0.105594
0.038139 0.285522 -0.000081
0.076494 0.283646 -0.000086
0.002817 0.286203 -0.000077
-0.034657 0.285964 -0.000063
-0.069811 0.284537 -0.000066
-0.099811 0.282421 -0.000074
-0.124141 0.279805 -0.000081
-0.125860 -0.295758 0.051995
-0.124637 -0.280573 0.000444
-0.073774 -0.307058 0.081663
-0.038050 -0.308435 0.081145
-0.104684 -0.304979 0.082485
0.000184 -0.302386 0.052127
-0.036895 -0.301943 0.052429
-0.071192 -0.300576 0.052516
-0.102496 -0.298450 0.052934
0.076824 -0.284539 0.000530
0.038170 -0.286605 0.001097
0.002893 -0.287126 0.000672
-0.034763 -0.286815 0.000656
-0.069849 -0.285277 0.000416
-0.099841 -0.283204 0.000419
-0.125240 -0.288571 0.025700
-0.099623 -0.291432 0.026105
-0.069216 -0.293724 0.026773
-0.035152 -0.294947 0.026443
0.001330 -0.295472 0.026848
0.038272 -0.294841 0.026608
0.076645 -0.292309 0.024176
0.037789 -0.301753 0.051330
-0.001521 -0.308581 0.078800
-0.029015 -0.311892 0.097472
-0.034888 -0.312408 0.101101
-0.042698 -0.312586 0.103380
-0.076226 -0.311394 0.105043
-0.106228 -0.309420 0.105934
-0.123257 -0.307136 0.102304
-0.125749 -0.305926 0.095891
-0.126153 -0.302940 0.083175
-0.117386 -0.308313 0.105594
0.038139 -0.285522 -0.000081
0.076494 -0.283646 -0.000087
0.002817 -0.286203 -0.000077
-0.034657 -0.285964 -0.000063
-0.069811 -0.284537 -0.000066
-0.099811 -0.282421 -0.000074
-0.124141 -0.279805 -0.000081
0.112162 0.281506 0.000403
0.076698 0.291576 0.024904
0.037674 0.299860 0.052258
-0.001951 0.305014 0.079516
-0.029230 0.307391 0.097887
-0.035371 0.307815 0.101420
-0.042106 0.308035 0.103588
-0.106228 0.304607 0.105934
-0.117386 0.302856 0.105594
-0.123257 0.301267 0.102304
-0.125749 0.299148 0.095891
-0.126428 0.296497 0.083066
-0.076806 0.306476 0.105201
-0.126022 0.289953 0.051447
-0.125567 0.283185 0.025070
-0.124693 0.275972 -0.000055
0.112128 0.280701 -0.000081
0.112162 -0.281506 0.000403
0.076698 -0.291576 0.024904
0.037674 -0.299860 0.052258
-0.001951 -0.305014 0.079516
-0.029230 -0.307391 0.097887
-0.035371 -0.307815 0.101420
-0.042106 -0.308035 0.103588
-0.106228 -0.304607 0.105934
-0.117386 -0.302856 0.105594
-0.123257 -0.301267 0.102304
-0.125749 -0.299148 0.095891
-0.126428 -0.296497 0.083066
-0.076806 -0.306476 0.105201
-0.126022 -0.289953 0.051447
-0.125567 -0.283185 0.025070
-0.124693 -0.275972 -0.000055
0.112128 -0.280701 -0.000081
</float_array>
          <technique_common>
            <accessor source="#white-POSITION-array" count="654" stride="3">
              <param name="X" type="float"/>
              <param name="Y" type="float"/>
              <param name="Z" type="float"/>
            </accessor>
          </technique_common>
        </source>
        <source id="white-Normal0">
          <float_array id="white-Normal0-array" count="9450">
-0.020130 0.008887 0.999758
-0.019408 0.161786 0.986635
-0.003468 0.150605 0.988588
-0.008847 0.372319 0.928062
-0.009296 0.443241 0.896354
-0.019986 0.371282 0.928305
-0.000923 0.928478 0.371385
-0.024000 0.956587 0.290456
-0.022768 0.909048 0.416070
-0.024000 0.956587 0.290456
-0.000923 0.928478 0.371385
-0.003745 0.959602 0.281337
0.004718 0.750790 0.660524
-0.022768 0.909048 0.416070
-0.014602 0.676686 0.736127
-0.022768 0.909048 0.416070
0.004718 0.750790 0.660524
-0.000923 0.928478 0.371385
-0.020130 0.008887 0.999758
-0.009880 -0.120441 0.992671
-0.008296 0.023155 0.999697
-0.009880 -0.120441 0.992671
-0.020130 0.008887 0.999758
-0.021262 -0.118350 0.992744
-0.008296 0.023155 0.999697
-0.019408 0.161786 0.986635
-0.020130 0.008887 0.999758
-0.019408 0.161786 0.986635
-0.008296 0.023155 0.999697
-0.022355 0.169454 0.985285
0.007371 0.475479 0.879696
-0.009296 0.443241 0.896354
-0.005541 0.371089 0.928581
-0.005541 0.371089 0.928581
-0.009296 0.443241 0.896354
-0.008847 0.372319 0.928062
-0.014602 0.676686 0.736127
0.007371 0.475479 0.879696
0.004718 0.750790 0.660524
0.007371 0.475479 0.879696
-0.014602 0.676686 0.736127
-0.009296 0.443241 0.896354
-0.005541 0.371089 0.928581
0.001891 0.332214 0.943202
0.007371 0.475479 0.879696
0.001891 0.332214 0.943202
-0.005541 0.371089 0.928581
-0.011225 0.327369 0.944830
-0.011225 0.327369 0.944830
-0.004922 0.252151 0.967675
0.001891 0.332214 0.943202
-0.004922 0.252151 0.967675
-0.011225 0.327369 0.944830
-0.017332 0.247922 0.968625
-0.008296 0.023155 0.999697
-0.019984 0.193345 0.980927
-0.022355 0.169454 0.985285
-0.019984 0.193345 0.980927
-0.008296 0.023155 0.999697
-0.006953 0.190994 0.981567
-0.017332 0.247922 0.968625
-0.006953 0.190994 0.981567
-0.004922 0.252151 0.967675
-0.006953 0.190994 0.981567
-0.017332 0.247922 0.968625
-0.019984 0.193345 0.980927
-0.008296 0.023155 0.999697
0.018527 -0.141282 0.989796
0.011582 -0.022378 0.999682
0.018527 -0.141282 0.989796
-0.008296 0.023155 0.999697
-0.009880 -0.120441 0.992671
-0.006953 0.190994 0.981567
0.011582 -0.022378 0.999682
-0.020792 0.150005 0.988467
0.011582 -0.022378 0.999682
-0.006953 0.190994 0.981567
-0.008296 0.023155 0.999697
-0.004922 0.252151 0.967675
-0.020792 0.150005 0.988467
-0.034108 0.276830 0.960313
-0.020792 0.150005 0.988467
-0.004922 0.252151 0.967675
-0.006953 0.190994 0.981567
0.007371 0.475479 0.879696
0.001752 0.393144 0.919475
0.036925 0.504195 0.862800
0.001752 0.393144 0.919475
0.007371 0.475479 0.879696
0.001891 0.332214 0.943202
0.001891 0.332214 0.943202
-0.034108 0.276830 0.960313
0.001752 0.393144 0.919475
-0.034108 0.276830 0.960313
0.001891 0.332214 0.943202
-0.004922 0.252151 0.967675
0.354664 0.114103 0.928005
0.270792 0.083126 0.959042
0.316756 0.064217 0.946331
0.270792 0.083126 0.959042
0.354664 0.114103 0.928005
0.305664 0.144995 0.941034
0.415890 0.185373 0.890321
0.305664 0.144995 0.941034
0.354664 0.114103 0.928005
0.305664 0.144995 0.941034
0.415890 0.185373 0.890321
0.362478 0.235819 0.901665
0.279909 -0.090901 0.955713
0.316756 0.064217 0.946331
0.270792 0.083126 0.959042
0.270792 0.083126 0.959042
0.237035 -0.085256 0.967753
0.279909 -0.090901 0.955713
0.204948 -0.230649 0.951208
0.248657 -0.239802 0.938437
0.237035 -0.085256 0.967753
0.279909 -0.090901 0.955713
0.237035 -0.085256 0.967753
0.248657 -0.239802 0.938437
0.450878 0.142313 0.881168
0.354664 0.114103 0.928005
0.387897 0.085701 0.917710
0.354664 0.114103 0.928005
0.450878 0.142313 0.881168
0.415890 0.185373 0.890321
0.279909 -0.090901 0.955713
0.321550 -0.092129 0.942400
0.316756 0.064217 0.946331
0.387897 0.085701 0.917710
0.316756 0.064217 0.946331
0.321550 -0.092129 0.942400
0.316756 0.064217 0.946331
0.387897 0.085701 0.917710
0.354664 0.114103 0.928005
0.467756 0.111490 0.876797
0.383528 -0.049711 0.922190
0.447485 -0.035535 0.893585
0.321550 -0.092129 0.942400
0.383528 -0.049711 0.922190
0.387897 0.085701 0.917710
0.467756 0.111490 0.876797
0.387897 0.085701 0.917710
0.383528 -0.049711 0.922190
0.387897 0.085701 0.917710
0.467756 0.111490 0.876797
0.450878 0.142313 0.881168
0.279909 -0.090901 0.955713
0.291488 -0.227044 0.929239
0.321550 -0.092129 0.942400
0.291488 -0.227044 0.929239
0.279909 -0.090901 0.955713
0.248657 -0.239802 0.938437
0.321550 -0.092129 0.942400
0.343454 -0.192083 0.919317
0.383528 -0.049711 0.922190
0.343454 -0.192083 0.919317
0.321550 -0.092129 0.942400
0.291488 -0.227044 0.929239
0.343454 -0.192083 0.919317
0.447485 -0.035535 0.893585
0.383528 -0.049711 0.922190
0.447485 -0.035535 0.893585
0.343454 -0.192083 0.919317
0.405526 -0.180960 0.895992
0.004718 0.750790 0.660524
0.036925 0.504195 0.862800
0.047149 0.758942 0.649449
0.036925 0.504195 0.862800
0.004718 0.750790 0.660524
0.007371 0.475479 0.879696
0.047149 0.758942 0.649449
-0.000923 0.928478 0.371385
0.004718 0.750790 0.660524
-0.000923 0.928478 0.371385
0.047149 0.758942 0.649449
0.046018 0.931317 0.361290
0.047149 0.758942 0.649449
0.069721 0.542218 0.837340
0.090927 0.769240 0.632457
0.069721 0.542218 0.837340
0.047149 0.758942 0.649449
0.036925 0.504195 0.862800
0.090927 0.769240 0.632457
0.108641 0.564906 0.817972
0.135032 0.769833 0.623798
0.108641 0.564906 0.817972
0.090927 0.769240 0.632457
0.069721 0.542218 0.837340
0.135032 0.769833 0.623798
0.153883 0.566352 0.809670
0.184366 0.765865 0.616004
0.153883 0.566352 0.809670
0.135032 0.769833 0.623798
0.108641 0.564906 0.817972
0.184366 0.765865 0.616004
0.217065 0.540766 0.812684
0.260271 0.751124 0.606689
0.217065 0.540766 0.812684
0.184366 0.765865 0.616004
0.153883 0.566352 0.809670
0.371785 0.715301 0.591710
0.217065 0.540766 0.812684
0.292801 0.496894 0.816923
0.217065 0.540766 0.812684
0.371785 0.715301 0.591710
0.260271 0.751124 0.606689
0.495061 0.644243 0.582980
0.292801 0.496894 0.816923
0.372791 0.440168 0.816871
0.292801 0.496894 0.816923
0.495061 0.644243 0.582980
0.371785 0.715301 0.591710
0.610229 0.551139 0.569093
0.372791 0.440168 0.816871
0.457757 0.368567 0.809084
0.372791 0.440168 0.816871
0.610229 0.551139 0.569093
0.495061 0.644243 0.582980
0.533591 0.296662 0.792005
0.362478 0.235819 0.901665
0.415890 0.185373 0.890321
0.362478 0.235819 0.901665
0.533591 0.296662 0.792005
0.457757 0.368567 0.809084
0.697307 0.452028 0.556268
0.457757 0.368567 0.809084
0.533591 0.296662 0.792005
0.457757 0.368567 0.809084
0.697307 0.452028 0.556268
0.610229 0.551139 0.569093
0.415890 0.185373 0.890321
0.450878 0.142313 0.881168
0.571005 0.226915 0.788963
0.571005 0.226915 0.788963
0.533591 0.296662 0.792005
0.415890 0.185373 0.890321
0.751431 0.353123 0.557366
0.533591 0.296662 0.792005
0.571005 0.226915 0.788963
0.533591 0.296662 0.792005
0.751431 0.353123 0.557366
0.697307 0.452028 0.556268
0.583230 0.171023 0.794099
0.450878 0.142313 0.881168
0.467756 0.111490 0.876797
0.450878 0.142313 0.881168
0.583230 0.171023 0.794099
0.571005 0.226915 0.788963
0.769430 0.260657 0.583126
0.571005 0.226915 0.788963
0.583230 0.171023 0.794099
0.571005 0.226915 0.788963
0.769430 0.260657 0.583126
0.751431 0.353123 0.557366
0.467756 0.111490 0.876797
0.447485 -0.035535 0.893585
0.583230 0.171023 0.794099
0.447485 -0.035535 0.893585
0.557013 -0.014545 0.830376
0.583230 0.171023 0.794099
0.142108 0.928753 0.342378
0.096618 0.932233 0.348722
0.135032 0.769833 0.623798
0.090927 0.769240 0.632457
0.135032 0.769833 0.623798
0.096618 0.932233 0.348722
0.096618 0.932233 0.348722
0.046018 0.931317 0.361290
0.090927 0.769240 0.632457
0.047149 0.758942 0.649449
0.090927 0.769240 0.632457
0.046018 0.931317 0.361290
0.096618 0.932233 0.348722
0.048206 0.962550 0.266784
0.046018 0.931317 0.361290
0.048206 0.962550 0.266784
0.096618 0.932233 0.348722
0.099413 0.959711 0.262815
0.146174 0.966061 0.212976
0.135595 0.974599 0.178244
0.128706 0.964853 0.229114
0.046018 0.931317 0.361290
-0.003745 0.959602 0.281337
-0.000923 0.928478 0.371385
-0.003745 0.959602 0.281337
0.046018 0.931317 0.361290
0.048206 0.962550 0.266784
0.105049 0.958442 0.265241
0.048206 0.962550 0.266784
0.099413 0.959711 0.262815
0.142108 0.928753 0.342378
0.099413 0.959711 0.262815
0.096618 0.932233 0.348722
0.099413 0.959711 0.262815
0.142108 0.928753 0.342378
0.146174 0.966061 0.212976
0.128706 0.964853 0.229114
0.099413 0.959711 0.262815
0.146174 0.966061 0.212976
0.099413 0.959711 0.262815
0.128706 0.964853 0.229114
0.105049 0.958442 0.265241
0.201972 0.917595 0.342385
0.142108 0.928753 0.342378
0.184366 0.765865 0.616004
0.135032 0.769833 0.623798
0.184366 0.765865 0.616004
0.142108 0.928753 0.342378
0.295712 0.894982 0.334009
0.201972 0.917595 0.342385
0.260271 0.751124 0.606689
0.184366 0.765865 0.616004
0.260271 0.751124 0.606689
0.201972 0.917595 0.342385
0.424826 0.845863 0.322549
0.295712 0.894982 0.334009
0.371785 0.715301 0.591710
0.260271 0.751124 0.606689
0.371785 0.715301 0.591710
0.295712 0.894982 0.334009
0.573061 0.759375 0.308141
0.424826 0.845863 0.322549
0.495061 0.644243 0.582980
0.371785 0.715301 0.591710
0.495061 0.644243 0.582980
0.424826 0.845863 0.322549
0.701067 0.649783 0.293748
0.573061 0.759375 0.308141
0.610229 0.551139 0.569093
0.495061 0.644243 0.582980
0.610229 0.551139 0.569093
0.573061 0.759375 0.308141
0.791808 0.537406 0.290233
0.610229 0.551139 0.569093
0.697307 0.452028 0.556268
0.610229 0.551139 0.569093
0.791808 0.537406 0.290233
0.701067 0.649783 0.293748
0.846157 0.433292 0.310283
0.697307 0.452028 0.556268
0.751431 0.353123 0.557366
0.697307 0.452028 0.556268
0.846157 0.433292 0.310283
0.791808 0.537406 0.290233
0.879852 0.328358 0.343570
0.751431 0.353123 0.557366
0.769430 0.260657 0.583126
0.751431 0.353123 0.557366
0.879852 0.328358 0.343570
0.846157 0.433292 0.310283
0.142108 0.928753 0.342378
0.201972 0.917595 0.342385
0.146174 0.966061 0.212976
0.201972 0.917595 0.342385
0.203324 0.957682 0.203726
0.146174 0.966061 0.212976
0.201972 0.917595 0.342385
0.295712 0.894982 0.334009
0.203324 0.957682 0.203726
0.295712 0.894982 0.334009
0.301313 0.933334 0.195189
0.203324 0.957682 0.203726
0.295712 0.894982 0.334009
0.424826 0.845863 0.322549
0.301313 0.933334 0.195189
0.424826 0.845863 0.322549
0.441297 0.877904 0.185853
0.301313 0.933334 0.195189
0.424826 0.845863 0.322549
0.573061 0.759375 0.308141
0.441297 0.877904 0.185853
0.573061 0.759375 0.308141
0.595622 0.783656 0.176400
0.441297 0.877904 0.185853
0.573061 0.759375 0.308141
0.701067 0.649783 0.293748
0.595622 0.783656 0.176400
0.701067 0.649783 0.293748
0.726241 0.665942 0.170570
0.595622 0.783656 0.176400
0.701067 0.649783 0.293748
0.791808 0.537406 0.290233
0.726241 0.665942 0.170570
0.791808 0.537406 0.290233
0.812100 0.556775 0.174629
0.726241 0.665942 0.170570
0.791808 0.537406 0.290233
0.846157 0.433292 0.310283
0.812100 0.556775 0.174629
0.846157 0.433292 0.310283
0.865837 0.462942 0.189766
0.812100 0.556775 0.174629
0.846157 0.433292 0.310283
0.879852 0.328358 0.343570
0.865837 0.462942 0.189766
0.879852 0.328358 0.343570
0.904738 0.365982 0.217962
0.865837 0.462942 0.189766
0.135595 0.974599 0.178244
0.146174 0.966061 0.212976
0.151751 0.973859 0.169027
0.135595 0.974599 0.178244
0.151751 0.973859 0.169027
0.136770 0.976217 0.168207
0.203324 0.957682 0.203726
0.151751 0.973859 0.169027
0.146174 0.966061 0.212976
0.151751 0.973859 0.169027
0.203324 0.957682 0.203726
0.203544 0.965503 0.162403
0.203324 0.957682 0.203726
0.301313 0.933334 0.195189
0.203544 0.965503 0.162403
0.301313 0.933334 0.195189
0.306405 0.939601 0.152530
0.203544 0.965503 0.162403
0.441297 0.877904 0.185853
0.306405 0.939601 0.152530
0.301313 0.933334 0.195189
0.306405 0.939601 0.152530
0.441297 0.877904 0.185853
0.451213 0.879785 0.149618
0.441297 0.877904 0.185853
0.595622 0.783656 0.176400
0.451213 0.879785 0.149618
0.595622 0.783656 0.176400
0.610352 0.778546 0.146070
0.451213 0.879785 0.149618
0.726241 0.665942 0.170570
0.610352 0.778546 0.146070
0.595622 0.783656 0.176400
0.610352 0.778546 0.146070
0.726241 0.665942 0.170570
0.738526 0.658365 0.145381
0.726241 0.665942 0.170570
0.812100 0.556775 0.174629
0.738526 0.658365 0.145381
0.812100 0.556775 0.174629
0.818026 0.555209 0.150255
0.738526 0.658365 0.145381
0.865837 0.462942 0.189766
0.818026 0.555209 0.150255
0.812100 0.556775 0.174629
0.818026 0.555209 0.150255
0.865837 0.462942 0.189766
0.869907 0.467434 0.157378
0.865837 0.462942 0.189766
0.904738 0.365982 0.217962
0.869907 0.467434 0.157378
0.904738 0.365982 0.217962
0.908884 0.377590 0.177076
0.869907 0.467434 0.157378
0.904738 0.365982 0.217962
0.927154 0.287672 0.240062
0.932257 0.302484 0.198497
0.904738 0.365982 0.217962
0.932257 0.302484 0.198497
0.908884 0.377590 0.177076
0.557013 -0.014545 0.830376
0.447485 -0.035535 0.893585
0.405526 -0.180960 0.895992
0.557013 -0.014545 0.830376
0.405526 -0.180960 0.895992
0.498453 -0.182142 0.847567
0.927154 0.287672 0.240062
0.900938 0.073063 0.427753
0.902602 0.113903 0.415134
0.927154 0.287672 0.240062
0.879852 0.328358 0.343570
0.866369 0.036354 0.498079
0.879852 0.328358 0.343570
0.927154 0.287672 0.240062
0.904738 0.365982 0.217962
0.866369 0.036354 0.498079
0.900938 0.073063 0.427753
0.927154 0.287672 0.240062
0.755374 -0.212779 0.619787
0.900938 0.073063 0.427753
0.866369 0.036354 0.498079
0.900938 0.073063 0.427753
0.755374 -0.212779 0.619787
0.783215 -0.146195 0.604319
0.749342 0.033835 0.661319
0.769430 0.260657 0.583126
0.557013 -0.014545 0.830376
0.583230 0.171023 0.794099
0.557013 -0.014545 0.830376
0.769430 0.260657 0.583126
0.866369 0.036354 0.498079
0.879852 0.328358 0.343570
0.749342 0.033835 0.661319
0.769430 0.260657 0.583126
0.749342 0.033835 0.661319
0.879852 0.328358 0.343570
0.652500 -0.195300 0.732189
0.866369 0.036354 0.498079
0.749342 0.033835 0.661319
0.866369 0.036354 0.498079
0.652500 -0.195300 0.732189
0.755374 -0.212779 0.619787
0.749342 0.033835 0.661319
0.498453 -0.182142 0.847567
0.652500 -0.195300 0.732189
0.498453 -0.182142 0.847567
0.749342 0.033835 0.661319
0.557013 -0.014545 0.830376
0.951406 0.228492 0.206440
0.927154 0.287672 0.240062
0.902602 0.113903 0.415134
0.927154 0.287672 0.240062
0.951406 0.228492 0.206440
0.932257 0.302484 0.198497
0.902602 0.113903 0.415134
0.783215 -0.146195 0.604319
0.754195 -0.024661 0.656187
0.783215 -0.146195 0.604319
0.902602 0.113903 0.415134
0.900938 0.073063 0.427753
0.967525 0.137034 0.212406
0.902602 0.113903 0.415134
0.876430 0.090787 0.472894
0.902602 0.113903 0.415134
0.967525 0.137034 0.212406
0.951406 0.228492 0.206440
0.876430 0.090787 0.472894
0.754195 -0.024661 0.656187
0.685954 0.031255 0.726974
0.754195 -0.024661 0.656187
0.876430 0.090787 0.472894
0.902602 0.113903 0.415134
0.971679 0.060365 0.228463
0.876430 0.090787 0.472894
0.846314 0.045243 0.530760
0.876430 0.090787 0.472894
0.971679 0.060365 0.228463
0.967525 0.137034 0.212406
0.824799 -0.000000 0.565426
0.846314 0.045243 0.530760
0.608132 0.022612 0.793514
0.608132 0.022612 0.793514
0.568678 0.000000 0.822560
0.824799 -0.000000 0.565426
0.846314 0.045243 0.530760
0.685954 0.031255 0.726974
0.608132 0.022612 0.793514
0.685954 0.031255 0.726974
0.846314 0.045243 0.530760
0.876430 0.090787 0.472894
0.846314 0.045243 0.530760
0.824799 -0.000000 0.565426
0.971944 -0.000000 0.235214
0.846314 0.045243 0.530760
0.971944 -0.000000 0.235214
0.971679 0.060365 0.228463
-0.020130 -0.008891 0.999758
-0.003468 -0.150606 0.988588
-0.019408 -0.161786 0.986635
-0.008846 -0.372322 0.928061
-0.019981 -0.371287 0.928303
-0.009295 -0.443245 0.896353
-0.023999 -0.956588 0.290454
-0.000923 -0.928479 0.371384
-0.022768 -0.909048 0.416070
-0.000923 -0.928479 0.371384
-0.023999 -0.956588 0.290454
-0.003745 -0.959602 0.281335
-0.022768 -0.909048 0.416070
0.004718 -0.750792 0.660522
-0.014602 -0.676688 0.736125
0.004718 -0.750792 0.660522
-0.022768 -0.909048 0.416070
-0.000923 -0.928479 0.371384
-0.020130 -0.008891 0.999758
-0.009880 0.120435 0.992672
-0.021262 0.118342 0.992745
-0.009880 0.120435 0.992672
-0.020130 -0.008891 0.999758
-0.008296 -0.023158 0.999697
-0.022355 -0.169454 0.985285
-0.008296 -0.023158 0.999697
-0.019408 -0.161786 0.986635
-0.008296 -0.023158 0.999697
-0.020130 -0.008891 0.999758
-0.019408 -0.161786 0.986635
-0.009295 -0.443245 0.896353
-0.005541 -0.371091 0.928580
-0.008846 -0.372322 0.928061
-0.009295 -0.443245 0.896353
0.007371 -0.475481 0.879695
-0.005541 -0.371091 0.928580
0.007371 -0.475481 0.879695
-0.009295 -0.443245 0.896353
-0.014602 -0.676688 0.736125
0.007371 -0.475481 0.879695
-0.014602 -0.676688 0.736125
0.004718 -0.750792 0.660522
-0.005541 -0.371091 0.928580
0.001891 -0.332215 0.943202
-0.011224 -0.327370 0.944830
0.001891 -0.332215 0.943202
-0.005541 -0.371091 0.928580
0.007371 -0.475481 0.879695
-0.011224 -0.327370 0.944830
-0.004922 -0.252151 0.967675
-0.017332 -0.247921 0.968625
-0.004922 -0.252151 0.967675
-0.011224 -0.327370 0.944830
0.001891 -0.332215 0.943202
-0.008296 -0.023158 0.999697
-0.019985 -0.193345 0.980927
-0.006953 -0.190994 0.981567
-0.019985 -0.193345 0.980927
-0.008296 -0.023158 0.999697
-0.022355 -0.169454 0.985285
-0.017332 -0.247921 0.968625
-0.006953 -0.190994 0.981567
-0.019985 -0.193345 0.980927
-0.006953 -0.190994 0.981567
-0.017332 -0.247921 0.968625
-0.004922 -0.252151 0.967675
0.018527 0.141279 0.989796
-0.009880 0.120435 0.992672
-0.008296 -0.023158 0.999697
0.018527 0.141279 0.989796
-0.008296 -0.023158 0.999697
0.022553 -0.001592 0.999744
0.022553 -0.001592 0.999744
-0.006953 -0.190994 0.981567
0.020516 -0.183104 0.982879
-0.006953 -0.190994 0.981567
0.022553 -0.001592 0.999744
-0.008296 -0.023158 0.999697
0.020516 -0.183104 0.982879
-0.006953 -0.190994 0.981567
-0.004922 -0.252151 0.967675
0.020516 -0.183104 0.982879
-0.004922 -0.252151 0.967675
0.023140 -0.253986 0.966931
0.007371 -0.475481 0.879695
0.031086 -0.345504 0.937902
0.001891 -0.332215 0.943202
0.031086 -0.345504 0.937902
0.007371 -0.475481 0.879695
0.041324 -0.493701 0.868649
0.023140 -0.253986 0.966931
-0.004922 -0.252151 0.967675
0.001891 -0.332215 0.943202
0.023140 -0.253986 0.966931
0.001891 -0.332215 0.943202
0.031086 -0.345504 0.937902
0.145027 -0.222233 0.964147
0.179073 -0.114018 0.977207
0.138931 -0.131191 0.981574
0.179073 -0.114018 0.977207
0.145027 -0.222233 0.964147
0.193666 -0.200384 0.960385
0.145027 -0.222233 0.964147
0.220900 -0.315402 0.922889
0.193666 -0.200384 0.960385
0.220900 -0.315402 0.922889
0.145027 -0.222233 0.964147
0.159423 -0.339071 0.927154
0.179073 -0.114018 0.977207
0.249156 -0.173509 0.952794
0.223677 -0.097555 0.969769
0.249156 -0.173509 0.952794
0.179073 -0.114018 0.977207
0.193666 -0.200384 0.960385
0.193666 -0.200384 0.960385
0.291919 -0.279271 0.914763
0.249156 -0.173509 0.952794
0.291919 -0.279271 0.914763
0.193666 -0.200384 0.960385
0.220900 -0.315402 0.922889
0.223677 -0.097555 0.969769
0.305256 -0.144862 0.941188
0.269671 -0.083402 0.959334
0.305256 -0.144862 0.941188
0.223677 -0.097555 0.969769
0.249156 -0.173509 0.952794
0.249156 -0.173509 0.952794
0.362842 -0.235479 0.901607
0.305256 -0.144862 0.941188
0.362842 -0.235479 0.901607
0.249156 -0.173509 0.952794
0.291919 -0.279271 0.914763
0.269671 -0.083402 0.959334
0.354664 -0.114104 0.928005
0.316757 -0.064218 0.946331
0.354664 -0.114104 0.928005
0.269671 -0.083402 0.959334
0.305256 -0.144862 0.941188
0.415890 -0.185374 0.890321
0.305256 -0.144862 0.941188
0.362842 -0.235479 0.901607
0.305256 -0.144862 0.941188
0.415890 -0.185374 0.890321
0.354664 -0.114104 0.928005
0.054055 0.020154 0.998335
0.020516 -0.183104 0.982879
0.055198 -0.173112 0.983354
0.020516 -0.183104 0.982879
0.054055 0.020154 0.998335
0.022553 -0.001592 0.999744
0.023140 -0.253986 0.966931
0.055198 -0.173112 0.983354
0.020516 -0.183104 0.982879
0.055198 -0.173112 0.983354
0.023140 -0.253986 0.966931
0.054049 -0.252346 0.966127
0.138931 -0.131191 0.981574
0.102121 -0.147484 0.983778
0.104521 -0.237134 0.965838
0.104521 -0.237134 0.965838
0.145027 -0.222233 0.964147
0.138931 -0.131191 0.981574
0.102121 -0.147484 0.983778
0.078677 -0.161190 0.983782
0.076993 -0.245351 0.966372
0.076993 -0.245351 0.966372
0.104521 -0.237134 0.965838
0.102121 -0.147484 0.983778
0.054049 -0.252346 0.966127
0.078677 -0.161190 0.983782
0.055198 -0.173112 0.983354
0.078677 -0.161190 0.983782
0.054049 -0.252346 0.966127
0.076993 -0.245351 0.966372
0.054049 -0.252346 0.966127
0.031086 -0.345504 0.937902
0.060733 -0.356647 0.932263
0.031086 -0.345504 0.937902
0.054049 -0.252346 0.966127
0.023140 -0.253986 0.966931
0.145027 -0.222233 0.964147
0.104521 -0.237134 0.965838
0.115859 -0.351351 0.929048
0.115859 -0.351351 0.929048
0.159423 -0.339071 0.927154
0.145027 -0.222233 0.964147
0.060733 -0.356647 0.932263
0.076993 -0.245351 0.966372
0.054049 -0.252346 0.966127
0.076993 -0.245351 0.966372
0.060733 -0.356647 0.932263
0.086452 -0.356190 0.930405
0.104521 -0.237134 0.965838
0.086452 -0.356190 0.930405
0.115859 -0.351351 0.929048
0.086452 -0.356190 0.930405
0.104521 -0.237134 0.965838
0.076993 -0.245351 0.966372
0.022553 -0.001592 0.999744
0.051418 0.183691 0.981638
0.018527 0.141279 0.989796
0.051418 0.183691 0.981638
0.022553 -0.001592 0.999744
0.054055 0.020154 0.998335
0.236421 0.084176 0.967998
0.269671 -0.083402 0.959334
0.279910 0.090900 0.955713
0.269671 -0.083402 0.959334
0.316757 -0.064218 0.946331
0.279910 0.090900 0.955713
0.248658 0.239800 0.938438
0.204948 0.230650 0.951208
0.236421 0.084176 0.967998
0.236421 0.084176 0.967998
0.279910 0.090900 0.955713
0.248658 0.239800 0.938438
0.200365 0.077555 0.976647
0.223677 -0.097555 0.969769
0.236421 0.084176 0.967998
0.223677 -0.097555 0.969769
0.269671 -0.083402 0.959334
0.236421 0.084176 0.967998
0.204948 0.230650 0.951208
0.181740 0.224420 0.957396
0.200365 0.077555 0.976647
0.200365 0.077555 0.976647
0.236421 0.084176 0.967998
0.204948 0.230650 0.951208
0.163311 0.065100 0.984424
0.179073 -0.114018 0.977207
0.200365 0.077555 0.976647
0.179073 -0.114018 0.977207
0.223677 -0.097555 0.969769
0.200365 0.077555 0.976647
0.181740 0.224420 0.957396
0.151413 0.205330 0.966909
0.163311 0.065100 0.984424
0.163311 0.065100 0.984424
0.200365 0.077555 0.976647
0.181740 0.224420 0.957396
0.130803 0.046514 0.990317
0.138931 -0.131191 0.981574
0.163311 0.065100 0.984424
0.138931 -0.131191 0.981574
0.179073 -0.114018 0.977207
0.163311 0.065100 0.984424
0.124654 0.189441 0.973947
0.163311 0.065100 0.984424
0.151413 0.205330 0.966909
0.163311 0.065100 0.984424
0.124654 0.189441 0.973947
0.130803 0.046514 0.990317
0.130803 0.046514 0.990317
0.102246 0.040795 0.993922
0.102121 -0.147484 0.983778
0.102121 -0.147484 0.983778
0.138931 -0.131191 0.981574
0.130803 0.046514 0.990317
0.097272 0.190184 0.976918
0.130803 0.046514 0.990317
0.124654 0.189441 0.973947
0.130803 0.046514 0.990317
0.097272 0.190184 0.976918
0.102246 0.040795 0.993922
0.054055 0.020154 0.998335
0.073147 0.194992 0.978073
0.051418 0.183691 0.981638
0.073147 0.194992 0.978073
0.054055 0.020154 0.998335
0.078700 0.032402 0.996372
0.055198 -0.173112 0.983354
0.078700 0.032402 0.996372
0.054055 0.020154 0.998335
0.078700 0.032402 0.996372
0.055198 -0.173112 0.983354
0.078677 -0.161190 0.983782
0.102246 0.040795 0.993922
0.078700 0.032402 0.996372
0.078677 -0.161190 0.983782
0.078677 -0.161190 0.983782
0.102121 -0.147484 0.983778
0.102246 0.040795 0.993922
0.097272 0.190184 0.976918
0.073147 0.194992 0.978073
0.078700 0.032402 0.996372
0.097272 0.190184 0.976918
0.078700 0.032402 0.996372
0.102246 0.040795 0.993922
0.450756 -0.141569 0.881350
0.354664 -0.114104 0.928005
0.415890 -0.185374 0.890321
0.354664 -0.114104 0.928005
0.450756 -0.141569 0.881350
0.388745 -0.083936 0.917514
0.279910 0.090900 0.955713
0.316757 -0.064218 0.946331
0.322845 0.092331 0.941938
0.388745 -0.083936 0.917514
0.316757 -0.064218 0.946331
0.354664 -0.114104 0.928005
0.316757 -0.064218 0.946331
0.388745 -0.083936 0.917514
0.322845 0.092331 0.941938
0.466092 -0.109454 0.877940
0.446364 0.034779 0.894175
0.381757 0.055535 0.922593
0.322845 0.092331 0.941938
0.388745 -0.083936 0.917514
0.381757 0.055535 0.922593
0.466092 -0.109454 0.877940
0.388745 -0.083936 0.917514
0.450756 -0.141569 0.881350
0.388745 -0.083936 0.917514
0.466092 -0.109454 0.877940
0.381757 0.055535 0.922593
0.279910 0.090900 0.955713
0.290707 0.228826 0.929047
0.248658 0.239800 0.938438
0.290707 0.228826 0.929047
0.279910 0.090900 0.955713
0.322845 0.092331 0.941938
0.322845 0.092331 0.941938
0.342642 0.194085 0.919199
0.290707 0.228826 0.929047
0.342642 0.194085 0.919199
0.322845 0.092331 0.941938
0.381757 0.055535 0.922593
0.381757 0.055535 0.922593
0.405521 0.181016 0.895983
0.342642 0.194085 0.919199
0.405521 0.181016 0.895983
0.381757 0.055535 0.922593
0.446364 0.034779 0.894175
0.041324 -0.493701 0.868649
0.004718 -0.750792 0.660522
0.047149 -0.758944 0.649446
0.004718 -0.750792 0.660522
0.041324 -0.493701 0.868649
0.007371 -0.475481 0.879695
0.047149 -0.758944 0.649446
-0.000923 -0.928479 0.371384
0.046018 -0.931319 0.361287
-0.000923 -0.928479 0.371384
0.047149 -0.758944 0.649446
0.004718 -0.750792 0.660522
0.060733 -0.356647 0.932263
0.041324 -0.493701 0.868649
0.074849 -0.508876 0.857580
0.041324 -0.493701 0.868649
0.060733 -0.356647 0.932263
0.031086 -0.345504 0.937902
0.047149 -0.758944 0.649446
0.074849 -0.508876 0.857580
0.041324 -0.493701 0.868649
0.074849 -0.508876 0.857580
0.047149 -0.758944 0.649446
0.090927 -0.769242 0.632454
0.074849 -0.508876 0.857580
0.086452 -0.356190 0.930405
0.060733 -0.356647 0.932263
0.086452 -0.356190 0.930405
0.074849 -0.508876 0.857580
0.107429 -0.515284 0.850260
0.090927 -0.769242 0.632454
0.107429 -0.515284 0.850260
0.074849 -0.508876 0.857580
0.107429 -0.515284 0.850260
0.090927 -0.769242 0.632454
0.135032 -0.769834 0.623796
0.107429 -0.515284 0.850260
0.115859 -0.351351 0.929048
0.086452 -0.356190 0.930405
0.115859 -0.351351 0.929048
0.107429 -0.515284 0.850260
0.142888 -0.519120 0.842672
0.135032 -0.769834 0.623796
0.142888 -0.519120 0.842672
0.107429 -0.515284 0.850260
0.142888 -0.519120 0.842672
0.135032 -0.769834 0.623796
0.184366 -0.765867 0.616001
0.142888 -0.519120 0.842672
0.159423 -0.339071 0.927154
0.115859 -0.351351 0.929048
0.159423 -0.339071 0.927154
0.142888 -0.519120 0.842672
0.197315 -0.511028 0.836611
0.184366 -0.765867 0.616001
0.197315 -0.511028 0.836611
0.142888 -0.519120 0.842672
0.197315 -0.511028 0.836611
0.184366 -0.765867 0.616001
0.260271 -0.751126 0.606686
0.159423 -0.339071 0.927154
0.279630 -0.488682 0.826437
0.220900 -0.315402 0.922889
0.279630 -0.488682 0.826437
0.159423 -0.339071 0.927154
0.197315 -0.511028 0.836611
0.197315 -0.511028 0.836611
0.371785 -0.715303 0.591708
0.279630 -0.488682 0.826437
0.371785 -0.715303 0.591708
0.197315 -0.511028 0.836611
0.260271 -0.751126 0.606686
0.220900 -0.315402 0.922889
0.371001 -0.440238 0.817648
0.291919 -0.279271 0.914763
0.371001 -0.440238 0.817648
0.220900 -0.315402 0.922889
0.279630 -0.488682 0.826437
0.279630 -0.488682 0.826437
0.495062 -0.644245 0.582978
0.371001 -0.440238 0.817648
0.495062 -0.644245 0.582978
0.279630 -0.488682 0.826437
0.371785 -0.715303 0.591708
0.291919 -0.279271 0.914763
0.458515 -0.368750 0.808571
0.362842 -0.235479 0.901607
0.458515 -0.368750 0.808571
0.291919 -0.279271 0.914763
0.371001 -0.440238 0.817648
0.610229 -0.551139 0.569092
0.371001 -0.440238 0.817648
0.495062 -0.644245 0.582978
0.371001 -0.440238 0.817648
0.610229 -0.551139 0.569092
0.458515 -0.368750 0.808571
0.533592 -0.296662 0.792005
0.362842 -0.235479 0.901607
0.458515 -0.368750 0.808571
0.362842 -0.235479 0.901607
0.533592 -0.296662 0.792005
0.415890 -0.185374 0.890321
0.697307 -0.452029 0.556268
0.458515 -0.368750 0.808571
0.610229 -0.551139 0.569092
0.458515 -0.368750 0.808571
0.697307 -0.452029 0.556268
0.533592 -0.296662 0.792005
0.533592 -0.296662 0.792005
0.571004 -0.226915 0.788964
0.415890 -0.185374 0.890321
0.571004 -0.226915 0.788964
0.450756 -0.141569 0.881350
0.415890 -0.185374 0.890321
0.751430 -0.353123 0.557366
0.533592 -0.296662 0.792005
0.697307 -0.452029 0.556268
0.533592 -0.296662 0.792005
0.751430 -0.353123 0.557366
0.571004 -0.226915 0.788964
0.583229 -0.171023 0.794100
0.450756 -0.141569 0.881350
0.571004 -0.226915 0.788964
0.450756 -0.141569 0.881350
0.583229 -0.171023 0.794100
0.466092 -0.109454 0.877940
0.769429 -0.260657 0.583127
0.571004 -0.226915 0.788964
0.751430 -0.353123 0.557366
0.571004 -0.226915 0.788964
0.769429 -0.260657 0.583127
0.583229 -0.171023 0.794100
0.583229 -0.171023 0.794100
0.557014 0.014543 0.830376
0.446364 0.034779 0.894175
0.583229 -0.171023 0.794100
0.446364 0.034779 0.894175
0.466092 -0.109454 0.877940
0.135032 -0.769834 0.623796
0.090927 -0.769242 0.632454
0.096618 -0.932234 0.348718
0.135032 -0.769834 0.623796
0.096618 -0.932234 0.348718
0.142108 -0.928754 0.342375
0.090927 -0.769242 0.632454
0.047149 -0.758944 0.649446
0.046018 -0.931319 0.361287
0.090927 -0.769242 0.632454
0.046018 -0.931319 0.361287
0.096618 -0.932234 0.348718
0.096618 -0.932234 0.348718
0.048206 -0.962551 0.266782
0.099412 -0.959710 0.262818
0.048206 -0.962551 0.266782
0.096618 -0.932234 0.348718
0.046018 -0.931319 0.361287
0.145463 -0.966479 0.211564
0.128706 -0.964852 0.229117
0.133481 -0.975665 0.173958
0.046018 -0.931319 0.361287
-0.003745 -0.959602 0.281335
0.048206 -0.962551 0.266782
-0.003745 -0.959602 0.281335
0.046018 -0.931319 0.361287
-0.000923 -0.928479 0.371384
0.105049 -0.958441 0.265247
0.099412 -0.959710 0.262818
0.048206 -0.962551 0.266782
0.142108 -0.928754 0.342375
0.099412 -0.959710 0.262818
0.145463 -0.966479 0.211564
0.099412 -0.959710 0.262818
0.142108 -0.928754 0.342375
0.096618 -0.932234 0.348718
0.128706 -0.964852 0.229117
0.099412 -0.959710 0.262818
0.105049 -0.958441 0.265247
0.099412 -0.959710 0.262818
0.128706 -0.964852 0.229117
0.145463 -0.966479 0.211564
0.184366 -0.765867 0.616001
0.135032 -0.769834 0.623796
0.142108 -0.928754 0.342375
0.184366 -0.765867 0.616001
0.142108 -0.928754 0.342375
0.201972 -0.917595 0.342383
0.260271 -0.751126 0.606686
0.184366 -0.765867 0.616001
0.201972 -0.917595 0.342383
0.260271 -0.751126 0.606686
0.201972 -0.917595 0.342383
0.295712 -0.894982 0.334008
0.371785 -0.715303 0.591708
0.260271 -0.751126 0.606686
0.295712 -0.894982 0.334008
0.371785 -0.715303 0.591708
0.295712 -0.894982 0.334008
0.424869 -0.845859 0.322503
0.495062 -0.644245 0.582978
0.371785 -0.715303 0.591708
0.424869 -0.845859 0.322503
0.495062 -0.644245 0.582978
0.424869 -0.845859 0.322503
0.572571 -0.759333 0.309154
0.610229 -0.551139 0.569092
0.495062 -0.644245 0.582978
0.572571 -0.759333 0.309154
0.610229 -0.551139 0.569092
0.572571 -0.759333 0.309154
0.701458 -0.648660 0.295290
0.610229 -0.551139 0.569092
0.791941 -0.536977 0.290664
0.697307 -0.452029 0.556268
0.791941 -0.536977 0.290664
0.610229 -0.551139 0.569092
0.701458 -0.648660 0.295290
0.697307 -0.452029 0.556268
0.846152 -0.433297 0.310291
0.751430 -0.353123 0.557366
0.846152 -0.433297 0.310291
0.697307 -0.452029 0.556268
0.791941 -0.536977 0.290664
0.751430 -0.353123 0.557366
0.879788 -0.328443 0.343654
0.769429 -0.260657 0.583127
0.879788 -0.328443 0.343654
0.751430 -0.353123 0.557366
0.846152 -0.433297 0.310291
0.142108 -0.928754 0.342375
0.145463 -0.966479 0.211564
0.201972 -0.917595 0.342383
0.201972 -0.917595 0.342383
0.145463 -0.966479 0.211564
0.203325 -0.957682 0.203725
0.201972 -0.917595 0.342383
0.203325 -0.957682 0.203725
0.295712 -0.894982 0.334008
0.295712 -0.894982 0.334008
0.203325 -0.957682 0.203725
0.301313 -0.933334 0.195187
0.295712 -0.894982 0.334008
0.301313 -0.933334 0.195187
0.424869 -0.845859 0.322503
0.424869 -0.845859 0.322503
0.301313 -0.933334 0.195187
0.441321 -0.877908 0.185776
0.424869 -0.845859 0.322503
0.441321 -0.877908 0.185776
0.572571 -0.759333 0.309154
0.572571 -0.759333 0.309154
0.441321 -0.877908 0.185776
0.599535 -0.780670 0.176386
0.572571 -0.759333 0.309154
0.599535 -0.780670 0.176386
0.701458 -0.648660 0.295290
0.701458 -0.648660 0.295290
0.599535 -0.780670 0.176386
0.728800 -0.663186 0.170393
0.701458 -0.648660 0.295290
0.728800 -0.663186 0.170393
0.791941 -0.536977 0.290664
0.791941 -0.536977 0.290664
0.728800 -0.663186 0.170393
0.812506 -0.556197 0.174582
0.791941 -0.536977 0.290664
0.812506 -0.556197 0.174582
0.846152 -0.433297 0.310291
0.846152 -0.433297 0.310291
0.812506 -0.556197 0.174582
0.865832 -0.462946 0.189779
0.846152 -0.433297 0.310291
0.865832 -0.462946 0.189779
0.879788 -0.328443 0.343654
0.879788 -0.328443 0.343654
0.865832 -0.462946 0.189779
0.904881 -0.365485 0.218197
0.133481 -0.975665 0.173958
0.149820 -0.974810 0.165227
0.145463 -0.966479 0.211564
0.149820 -0.974810 0.165227
0.133481 -0.975665 0.173958
0.132855 -0.978059 0.160469
0.203325 -0.957682 0.203725
0.149820 -0.974810 0.165227
0.203544 -0.965503 0.162399
0.149820 -0.974810 0.165227
0.203325 -0.957682 0.203725
0.145463 -0.966479 0.211564
0.203325 -0.957682 0.203725
0.203544 -0.965503 0.162399
0.301313 -0.933334 0.195187
0.301313 -0.933334 0.195187
0.203544 -0.965503 0.162399
0.306405 -0.939602 0.152526
0.441321 -0.877908 0.185776
0.306405 -0.939602 0.152526
0.451175 -0.879814 0.149558
0.306405 -0.939602 0.152526
0.441321 -0.877908 0.185776
0.301313 -0.933334 0.195187
0.441321 -0.877908 0.185776
0.451175 -0.879814 0.149558
0.599535 -0.780670 0.176386
0.599535 -0.780670 0.176386
0.451175 -0.879814 0.149558
0.609929 -0.779298 0.143809
0.609929 -0.779298 0.143809
0.728800 -0.663186 0.170393
0.599535 -0.780670 0.176386
0.728800 -0.663186 0.170393
0.609929 -0.779298 0.143809
0.739866 -0.657481 0.142538
0.728800 -0.663186 0.170393
0.739866 -0.657481 0.142538
0.812506 -0.556197 0.174582
0.812506 -0.556197 0.174582
0.739866 -0.657481 0.142538
0.818450 -0.554762 0.149598
0.865832 -0.462946 0.189779
0.818450 -0.554762 0.149598
0.869909 -0.467427 0.157387
0.818450 -0.554762 0.149598
0.865832 -0.462946 0.189779
0.812506 -0.556197 0.174582
0.865832 -0.462946 0.189779
0.869909 -0.467427 0.157387
0.904881 -0.365485 0.218197
0.904881 -0.365485 0.218197
0.869909 -0.467427 0.157387
0.908921 -0.377587 0.176891
0.904881 -0.365485 0.218197
0.932356 -0.302523 0.197969
0.927398 -0.286816 0.240146
0.932356 -0.302523 0.197969
0.904881 -0.365485 0.218197
0.908921 -0.377587 0.176891
0.446364 0.034779 0.894175
0.557014 0.014543 0.830376
0.405521 0.181016 0.895983
0.498454 0.182137 0.847567
0.405521 0.181016 0.895983
0.557014 0.014543 0.830376
0.927398 -0.286816 0.240146
0.902625 -0.113712 0.415136
0.900637 -0.072590 0.428467
0.879788 -0.328443 0.343654
0.927398 -0.286816 0.240146
0.866322 -0.036252 0.498168
0.927398 -0.286816 0.240146
0.879788 -0.328443 0.343654
0.904881 -0.365485 0.218197
0.866322 -0.036252 0.498168
0.927398 -0.286816 0.240146
0.900637 -0.072590 0.428467
0.900637 -0.072590 0.428467
0.755374 0.212777 0.619787
0.866322 -0.036252 0.498168
0.755374 0.212777 0.619787
0.900637 -0.072590 0.428467
0.783214 0.146196 0.604320
0.769429 -0.260657 0.583127
0.749342 -0.033838 0.661318
0.557014 0.014543 0.830376
0.557014 0.014543 0.830376
0.583229 -0.171023 0.794100
0.769429 -0.260657 0.583127
0.749342 -0.033838 0.661318
0.769429 -0.260657 0.583127
0.879788 -0.328443 0.343654
0.749342 -0.033838 0.661318
0.879788 -0.328443 0.343654
0.866322 -0.036252 0.498168
0.866322 -0.036252 0.498168
0.652501 0.195295 0.732190
0.749342 -0.033838 0.661318
0.652501 0.195295 0.732190
0.866322 -0.036252 0.498168
0.755374 0.212777 0.619787
0.498454 0.182137 0.847567
0.749342 -0.033838 0.661318
0.652501 0.195295 0.732190
0.749342 -0.033838 0.661318
0.498454 0.182137 0.847567
0.557014 0.014543 0.830376
0.927398 -0.286816 0.240146
0.951560 -0.228249 0.205998
0.902625 -0.113712 0.415136
0.951560 -0.228249 0.205998
0.927398 -0.286816 0.240146
0.932356 -0.302523 0.197969
0.902625 -0.113712 0.415136
0.783214 0.146196 0.604320
0.900637 -0.072590 0.428467
0.783214 0.146196 0.604320
0.902625 -0.113712 0.415136
0.754195 0.024662 0.656187
0.902625 -0.113712 0.415136
0.967526 -0.137033 0.212405
0.876430 -0.090787 0.472893
0.967526 -0.137033 0.212405
0.902625 -0.113712 0.415136
0.951560 -0.228249 0.205998
0.876430 -0.090787 0.472893
0.754195 0.024662 0.656187
0.902625 -0.113712 0.415136
0.754195 0.024662 0.656187
0.876430 -0.090787 0.472893
0.685954 -0.031256 0.726973
0.876430 -0.090787 0.472893
0.971680 -0.060365 0.228461
0.846314 -0.045244 0.530759
0.971680 -0.060365 0.228461
0.876430 -0.090787 0.472893
0.967526 -0.137033 0.212405
0.568678 0.000000 0.822560
0.608133 -0.022613 0.793513
0.824799 -0.000000 0.565426
0.824799 -0.000000 0.565426
0.608133 -0.022613 0.793513
0.846314 -0.045244 0.530759
0.846314 -0.045244 0.530759
0.685954 -0.031256 0.726973
0.876430 -0.090787 0.472893
0.685954 -0.031256 0.726973
0.846314 -0.045244 0.530759
0.608133 -0.022613 0.793513
0.846314 -0.045244 0.530759
0.971944 -0.000000 0.235214
0.824799 -0.000000 0.565426
0.971944 -0.000000 0.235214
0.846314 -0.045244 0.530759
0.971680 -0.060365 0.228461
0.165829 -0.074385 0.983345
0.181741 -0.224415 0.957397
0.200800 -0.079879 0.976370
0.181741 -0.224415 0.957397
0.165829 -0.074385 0.983345
0.151414 -0.205325 0.966910
0.457757 0.368567 0.809084
0.297801 0.278632 0.913060
0.362478 0.235819 0.901665
0.297801 0.278632 0.913060
0.457757 0.368567 0.809084
0.372791 0.440168 0.816871
0.200800 -0.079879 0.976370
0.204948 -0.230649 0.951208
0.237035 -0.085256 0.967753
0.204948 -0.230649 0.951208
0.200800 -0.079879 0.976370
0.181741 -0.224415 0.957397
0.230472 0.089266 0.968976
0.237035 -0.085256 0.967753
0.270792 0.083126 0.959042
0.237035 -0.085256 0.967753
0.230472 0.089266 0.968976
0.200800 -0.079879 0.976370
0.305664 0.144995 0.941034
0.230472 0.089266 0.968976
0.270792 0.083126 0.959042
0.230472 0.089266 0.968976
0.305664 0.144995 0.941034
0.263304 0.168512 0.949882
0.362478 0.235819 0.901665
0.263304 0.168512 0.949882
0.305664 0.144995 0.941034
0.263304 0.168512 0.949882
0.362478 0.235819 0.901665
0.297801 0.278632 0.913060
0.372791 0.440168 0.816871
0.293174 0.354209 0.888023
0.297801 0.278632 0.913060
0.293174 0.354209 0.888023
0.372791 0.440168 0.816871
0.292801 0.496894 0.816923
0.067751 0.032164 0.997184
-0.056066 -0.001725 0.998426
0.064767 -0.002301 0.997898
-0.056066 -0.001725 0.998426
0.067751 0.032164 0.997184
-0.046458 0.059298 0.997159
0.071873 0.054668 0.995915
-0.046458 0.059298 0.997159
0.067751 0.032164 0.997184
-0.046458 0.059298 0.997159
0.071873 0.054668 0.995915
-0.021613 0.108780 0.993831
0.085822 0.087326 0.992476
-0.021613 0.108780 0.993831
0.071873 0.054668 0.995915
-0.021613 0.108780 0.993831
0.085822 0.087326 0.992476
0.003161 0.173697 0.984794
0.034444 0.259888 0.965024
0.085822 0.087326 0.992476
0.103646 0.114349 0.988019
0.085822 0.087326 0.992476
0.034444 0.259888 0.965024
0.003161 0.173697 0.984794
0.103646 0.114349 0.988019
0.077217 0.330868 0.940512
0.034444 0.259888 0.965024
0.077217 0.330868 0.940512
0.103646 0.114349 0.988019
0.133315 0.120006 0.983781
0.077217 0.330868 0.940512
0.170516 0.118865 0.978159
0.160542 0.389538 0.906910
0.170516 0.118865 0.978159
0.077217 0.330868 0.940512
0.133315 0.120006 0.983781
0.242968 0.371668 0.896007
0.160542 0.389538 0.906910
0.170516 0.118865 0.978159
0.242968 0.371668 0.896007
0.170516 0.118865 0.978159
0.198950 0.114769 0.973266
0.222790 0.101154 0.969604
0.242968 0.371668 0.896007
0.198950 0.114769 0.973266
0.242968 0.371668 0.896007
0.222790 0.101154 0.969604
0.311755 0.306799 0.899268
0.248064 0.079994 0.965435
0.311755 0.306799 0.899268
0.222790 0.101154 0.969604
0.311755 0.306799 0.899268
0.248064 0.079994 0.965435
0.369782 0.210468 0.904966
0.271997 0.056354 0.960647
0.369782 0.210468 0.904966
0.248064 0.079994 0.965435
0.369782 0.210468 0.904966
0.271997 0.056354 0.960647
0.423093 0.133541 0.896192
0.284429 0.032039 0.958162
0.423093 0.133541 0.896192
0.271997 0.056354 0.960647
0.423093 0.133541 0.896192
0.284429 0.032039 0.958162
0.454803 0.069793 0.887853
0.280408 0.001084 0.959880
0.454803 0.069793 0.887853
0.284429 0.032039 0.958162
0.454803 0.069793 0.887853
0.280408 0.001084 0.959880
0.470324 -0.000240 0.882494
0.280408 0.001084 0.959880
0.450634 -0.079373 0.889173
0.470324 -0.000240 0.882494
0.450634 -0.079373 0.889173
0.280408 0.001084 0.959880
0.275323 -0.034260 0.960741
0.275323 -0.034260 0.960741
0.412060 -0.154232 0.898008
0.450634 -0.079373 0.889173
0.412060 -0.154232 0.898008
0.275323 -0.034260 0.960741
0.270771 -0.062116 0.960638
0.412060 -0.154232 0.898008
0.255037 -0.082571 0.963399
0.379852 -0.245996 0.891739
0.255037 -0.082571 0.963399
0.412060 -0.154232 0.898008
0.270771 -0.062116 0.960638
0.223217 -0.119344 0.967435
0.379852 -0.245996 0.891739
0.255037 -0.082571 0.963399
0.379852 -0.245996 0.891739
0.223217 -0.119344 0.967435
0.316654 -0.360527 0.877354
0.223217 -0.119344 0.967435
0.199187 -0.164515 0.966054
0.243907 -0.434345 0.867095
0.243907 -0.434345 0.867095
0.316654 -0.360527 0.877354
0.223217 -0.119344 0.967435
0.199187 -0.164515 0.966054
0.167256 -0.169088 0.971306
0.145560 -0.450656 0.880750
0.145560 -0.450656 0.880750
0.243907 -0.434345 0.867095
0.199187 -0.164515 0.966054
0.063740 -0.397624 0.915332
0.167256 -0.169088 0.971306
0.125408 -0.155808 0.979794
0.167256 -0.169088 0.971306
0.063740 -0.397624 0.915332
0.145560 -0.450656 0.880750
0.027044 -0.299905 0.953586
0.125408 -0.155808 0.979794
0.101093 -0.130974 0.986218
0.125408 -0.155808 0.979794
0.027044 -0.299905 0.953586
0.063740 -0.397624 0.915332
0.101093 -0.130974 0.986218
-0.008348 -0.197176 0.980333
0.027044 -0.299905 0.953586
-0.008348 -0.197176 0.980333
0.101093 -0.130974 0.986218
0.085206 -0.095563 0.991770
-0.008348 -0.197176 0.980333
0.069031 -0.060357 0.995787
-0.036009 -0.115235 0.992685
0.069031 -0.060357 0.995787
-0.008348 -0.197176 0.980333
0.085206 -0.095563 0.991770
-0.036009 -0.115235 0.992685
0.059608 -0.033719 0.997652
-0.052763 -0.057648 0.996942
0.059608 -0.033719 0.997652
-0.036009 -0.115235 0.992685
0.069031 -0.060357 0.995787
-0.052763 -0.057648 0.996942
0.064767 -0.002301 0.997898
-0.056066 -0.001725 0.998426
0.064767 -0.002301 0.997898
-0.052763 -0.057648 0.996942
0.059608 -0.033719 0.997652
-0.046458 0.059298 0.997159
-0.099685 0.071960 0.992414
-0.056066 -0.001725 0.998426
-0.099685 0.071960 0.992414
-0.105825 0.001535 0.994384
-0.056066 -0.001725 0.998426
-0.046458 0.059298 0.997159
-0.021613 0.108780 0.993831
-0.074901 0.169429 0.982692
-0.074901 0.169429 0.982692
-0.099685 0.071960 0.992414
-0.046458 0.059298 0.997159
-0.027826 0.298802 0.953909
-0.021613 0.108780 0.993831
0.003161 0.173697 0.984794
-0.021613 0.108780 0.993831
-0.027826 0.298802 0.953909
-0.074901 0.169429 0.982692
0.003161 0.173697 0.984794
0.010269 0.433701 0.900998
-0.027826 0.298802 0.953909
0.010269 0.433701 0.900998
0.003161 0.173697 0.984794
0.034444 0.259888 0.965024
0.034444 0.259888 0.965024
0.054561 0.554947 0.830095
0.010269 0.433701 0.900998
0.054561 0.554947 0.830095
0.034444 0.259888 0.965024
0.077217 0.330868 0.940512
0.077217 0.330868 0.940512
0.145727 0.614443 0.775386
0.054561 0.554947 0.830095
0.145727 0.614443 0.775386
0.077217 0.330868 0.940512
0.160542 0.389538 0.906910
0.249991 0.585691 0.771019
0.145727 0.614443 0.775386
0.160542 0.389538 0.906910
0.249991 0.585691 0.771019
0.160542 0.389538 0.906910
0.242968 0.371668 0.896007
0.311755 0.306799 0.899268
0.249991 0.585691 0.771019
0.242968 0.371668 0.896007
0.249991 0.585691 0.771019
0.311755 0.306799 0.899268
0.348025 0.471833 0.810094
0.369782 0.210468 0.904966
0.348025 0.471833 0.810094
0.311755 0.306799 0.899268
0.348025 0.471833 0.810094
0.369782 0.210468 0.904966
0.442040 0.322585 0.836982
0.423093 0.133541 0.896192
0.442040 0.322585 0.836982
0.369782 0.210468 0.904966
0.442040 0.322585 0.836982
0.423093 0.133541 0.896192
0.508337 0.182840 0.841524
0.551323 0.080983 0.830352
0.423093 0.133541 0.896192
0.454803 0.069793 0.887853
0.423093 0.133541 0.896192
0.551323 0.080983 0.830352
0.508337 0.182840 0.841524
0.563615 0.001439 0.826036
0.454803 0.069793 0.887853
0.470324 -0.000240 0.882494
0.454803 0.069793 0.887853
0.563615 0.001439 0.826036
0.551323 0.080983 0.830352
0.470324 -0.000240 0.882494
0.549195 -0.095710 0.830196
0.563615 0.001439 0.826036
0.549195 -0.095710 0.830196
0.470324 -0.000240 0.882494
0.450634 -0.079373 0.889173
0.450634 -0.079373 0.889173
0.499126 -0.226327 0.836451
0.549195 -0.095710 0.830196
0.499126 -0.226327 0.836451
0.450634 -0.079373 0.889173
0.412060 -0.154232 0.898008
0.426994 -0.393003 0.814386
0.412060 -0.154232 0.898008
0.379852 -0.245996 0.891739
0.412060 -0.154232 0.898008
0.426994 -0.393003 0.814386
0.499126 -0.226327 0.836451
0.379852 -0.245996 0.891739
0.316654 -0.360527 0.877354
0.344578 -0.548003 0.762206
0.344578 -0.548003 0.762206
0.426994 -0.393003 0.814386
0.379852 -0.245996 0.891739
0.316654 -0.360527 0.877354
0.243907 -0.434345 0.867095
0.243433 -0.651206 0.718798
0.243433 -0.651206 0.718798
0.344578 -0.548003 0.762206
0.316654 -0.360527 0.877354
0.145560 -0.450656 0.880750
0.243433 -0.651206 0.718798
0.243907 -0.434345 0.867095
0.243433 -0.651206 0.718798
0.145560 -0.450656 0.880750
0.128663 -0.680822 0.721060
0.145560 -0.450656 0.880750
0.063740 -0.397624 0.915332
0.040306 -0.625323 0.779325
0.145560 -0.450656 0.880750
0.040306 -0.625323 0.779325
0.128663 -0.680822 0.721060
0.027044 -0.299905 0.953586
0.040306 -0.625323 0.779325
0.063740 -0.397624 0.915332
0.040306 -0.625323 0.779325
0.027044 -0.299905 0.953586
0.001280 -0.483070 0.875581
-0.008348 -0.197176 0.980333
0.001280 -0.483070 0.875581
0.027044 -0.299905 0.953586
0.001280 -0.483070 0.875581
-0.008348 -0.197176 0.980333
-0.047218 -0.311821 0.948967
-0.052763 -0.057648 0.996942
-0.102659 -0.063024 0.992718
-0.083003 -0.162183 0.983263
-0.083003 -0.162183 0.983263
-0.036009 -0.115235 0.992685
-0.052763 -0.057648 0.996942
-0.056066 -0.001725 0.998426
-0.105825 0.001535 0.994384
-0.102659 -0.063024 0.992718
-0.056066 -0.001725 0.998426
-0.102659 -0.063024 0.992718
-0.052763 -0.057648 0.996942
-0.047218 -0.311821 0.948967
-0.036009 -0.115235 0.992685
-0.083003 -0.162183 0.983263
-0.036009 -0.115235 0.992685
-0.047218 -0.311821 0.948967
-0.008348 -0.197176 0.980333
0.551323 0.080983 0.830352
0.485140 0.168523 0.858044
0.508337 0.182840 0.841524
0.485140 0.168523 0.858044
0.551323 0.080983 0.830352
0.513755 0.061902 0.855701
0.513755 0.061902 0.855701
0.563615 0.001439 0.826036
0.521379 -0.000411 0.853325
0.563615 0.001439 0.826036
0.513755 0.061902 0.855701
0.551323 0.080983 0.830352
0.298344 0.236581 0.924673
0.263304 0.168512 0.949882
0.297801 0.278632 0.913060
0.263304 0.168512 0.949882
0.298344 0.236581 0.924673
0.282642 0.151153 0.947241
0.298344 0.236581 0.924673
0.297801 0.278632 0.913060
0.293174 0.354209 0.888023
0.521379 -0.000411 0.853325
0.549195 -0.095710 0.830196
0.517185 -0.079545 0.852169
0.549195 -0.095710 0.830196
0.521379 -0.000411 0.853325
0.563615 0.001439 0.826036
0.282642 0.151153 0.947241
0.230472 0.089266 0.968976
0.263304 0.168512 0.949882
0.230472 0.089266 0.968976
0.282642 0.151153 0.947241
0.243721 0.067019 0.967527
0.549195 -0.095710 0.830196
0.477811 -0.216210 0.851440
0.517185 -0.079545 0.852169
0.477811 -0.216210 0.851440
0.549195 -0.095710 0.830196
0.499126 -0.226327 0.836451
0.195865 0.020248 0.980422
0.165829 -0.074385 0.983345
0.200800 -0.079879 0.976370
0.508337 0.182840 0.841524
0.427615 0.315465 0.847129
0.442040 0.322585 0.836982
0.427615 0.315465 0.847129
0.508337 0.182840 0.841524
0.485140 0.168523 0.858044
0.292801 0.496894 0.816923
0.217065 0.540766 0.812684
0.273472 0.503224 0.819743
0.292801 0.496894 0.816923
0.273472 0.503224 0.819743
0.293174 0.354209 0.888023
0.165829 -0.074385 0.983345
0.137516 -0.095251 0.985909
0.124392 -0.185818 0.974679
0.165829 -0.074385 0.983345
0.124392 -0.185818 0.974679
0.151414 -0.205325 0.966910
0.084410 -0.174908 0.980960
0.098381 -0.181888 0.978385
0.110756 -0.118830 0.986718
0.098381 -0.181888 0.978385
0.084410 -0.174908 0.980960
0.073880 -0.191112 0.978784
-0.034108 0.276830 0.960313
-0.139934 0.035482 0.989525
-0.196353 0.367769 0.908951
-0.139934 0.035482 0.989525
-0.034108 0.276830 0.960313
-0.020792 0.150005 0.988467
0.036925 0.504195 0.862800
-0.022248 0.563151 0.826055
0.069721 0.542218 0.837340
-0.022248 0.563151 0.826055
0.036925 0.504195 0.862800
0.001752 0.393144 0.919475
0.001752 0.393144 0.919475
-0.196353 0.367769 0.908951
-0.022248 0.563151 0.826055
-0.196353 0.367769 0.908951
0.001752 0.393144 0.919475
-0.034108 0.276830 0.960313
0.217065 0.540766 0.812684
0.153883 0.566352 0.809670
0.179631 0.633598 0.752520
0.217065 0.540766 0.812684
0.179631 0.633598 0.752520
0.273472 0.503224 0.819743
0.069721 0.542218 0.837340
0.087810 0.672141 0.735197
0.108641 0.564906 0.817972
0.087810 0.672141 0.735197
0.069721 0.542218 0.837340
-0.022248 0.563151 0.826055
0.108641 0.564906 0.817972
0.179631 0.633598 0.752520
0.153883 0.566352 0.809670
0.179631 0.633598 0.752520
0.108641 0.564906 0.817972
0.087810 0.672141 0.735197
0.390624 -0.406049 0.826158
0.477811 -0.216210 0.851440
0.499126 -0.226327 0.836451
0.390624 -0.406049 0.826158
0.499126 -0.226327 0.836451
0.426994 -0.393003 0.814386
0.011582 -0.022378 0.999682
0.051419 -0.183691 0.981638
0.016462 -0.138067 0.990286
0.051419 -0.183691 0.981638
0.011582 -0.022378 0.999682
0.018527 -0.141282 0.989796
-0.139934 0.035482 0.989525
-0.020792 0.150005 0.988467
0.011582 -0.022378 0.999682
-0.139934 0.035482 0.989525
0.011582 -0.022378 0.999682
0.016462 -0.138067 0.990286
0.051419 -0.183691 0.981638
0.073880 -0.191112 0.978784
0.016462 -0.138067 0.990286
0.084410 -0.174908 0.980960
0.016462 -0.138067 0.990286
0.073880 -0.191112 0.978784
-0.021502 -0.302916 0.952775
-0.083003 -0.162183 0.983263
-0.050489 -0.149897 0.987412
-0.083003 -0.162183 0.983263
-0.021502 -0.302916 0.952775
-0.047218 -0.311821 0.948967
-0.050489 -0.149897 0.987412
-0.102659 -0.063024 0.992718
-0.062156 -0.048836 0.996871
-0.102659 -0.063024 0.992718
-0.050489 -0.149897 0.987412
-0.083003 -0.162183 0.983263
-0.099685 0.071960 0.992414
-0.074901 0.169429 0.982692
-0.051176 0.163705 0.985181
-0.051176 0.163705 0.985181
-0.066539 0.063744 0.995746
-0.099685 0.071960 0.992414
-0.027826 0.298802 0.953909
-0.005483 0.317453 0.948258
-0.074901 0.169429 0.982692
-0.051176 0.163705 0.985181
-0.074901 0.169429 0.982692
-0.005483 0.317453 0.948258
0.040306 -0.625323 0.779325
0.120892 -0.695272 0.708507
0.128663 -0.680822 0.721060
0.120892 -0.695272 0.708507
0.040306 -0.625323 0.779325
0.068136 -0.641331 0.764233
0.001280 -0.483070 0.875581
0.068136 -0.641331 0.764233
0.040306 -0.625323 0.779325
0.068136 -0.641331 0.764233
0.001280 -0.483070 0.875581
0.025423 -0.484528 0.874406
-0.027826 0.298802 0.953909
0.042007 0.478882 0.876874
-0.005483 0.317453 0.948258
0.042007 0.478882 0.876874
-0.027826 0.298802 0.953909
0.010269 0.433701 0.900998
0.078742 0.592054 0.802042
0.042007 0.478882 0.876874
0.010269 0.433701 0.900998
0.078742 0.592054 0.802042
0.010269 0.433701 0.900998
0.054561 0.554947 0.830095
0.493795 0.378227 0.783014
0.457180 0.758348 0.464644
0.658242 0.421430 0.623790
0.457180 0.758348 0.464644
0.493795 0.378227 0.783014
0.403144 0.669447 0.623951
0.293174 0.354209 0.888023
0.493795 0.378227 0.783014
0.500269 0.203896 0.841521
0.293174 0.354209 0.888023
0.500269 0.203896 0.841521
0.298344 0.236581 0.924673
0.298344 0.236581 0.924673
0.500269 0.203896 0.841521
0.477335 0.095476 0.873519
0.298344 0.236581 0.924673
0.477335 0.095476 0.873519
0.282642 0.151153 0.947241
0.500269 0.203896 0.841521
0.658242 0.421430 0.623790
0.674735 0.171050 0.717966
0.658242 0.421430 0.623790
0.500269 0.203896 0.841521
0.493795 0.378227 0.783014
0.630126 0.047712 0.775025
0.500269 0.203896 0.841521
0.674735 0.171050 0.717966
0.500269 0.203896 0.841521
0.630126 0.047712 0.775025
0.477335 0.095476 0.873519
0.282642 0.151153 0.947241
0.418854 -0.033460 0.907437
0.243721 0.067019 0.967527
0.418854 -0.033460 0.907437
0.282642 0.151153 0.947241
0.477335 0.095476 0.873519
0.418854 -0.033460 0.907437
0.477335 0.095476 0.873519
0.572873 -0.091026 0.814574
0.477335 0.095476 0.873519
0.630126 0.047712 0.775025
0.572873 -0.091026 0.814574
0.314788 -0.154084 0.936572
0.418854 -0.033460 0.907437
0.467973 -0.277844 0.838931
0.418854 -0.033460 0.907437
0.572873 -0.091026 0.814574
0.467973 -0.277844 0.838931
0.137516 -0.095251 0.985909
0.110756 -0.118830 0.986718
0.098381 -0.181888 0.978385
0.137516 -0.095251 0.985909
0.098381 -0.181888 0.978385
0.124392 -0.185818 0.974679
0.137516 -0.095251 0.985909
0.165829 -0.074385 0.983345
0.195865 0.020248 0.980422
0.243721 0.067019 0.967527
0.200800 -0.079879 0.976370
0.230472 0.089266 0.968976
0.195865 0.020248 0.980422
0.200800 -0.079879 0.976370
0.243721 0.067019 0.967527
0.243721 0.067019 0.967527
0.314788 -0.154084 0.936572
0.195865 0.020248 0.980422
0.314788 -0.154084 0.936572
0.243721 0.067019 0.967527
0.418854 -0.033460 0.907437
0.344578 -0.548003 0.762206
0.390624 -0.406049 0.826158
0.426994 -0.393003 0.814386
0.390624 -0.406049 0.826158
0.344578 -0.548003 0.762206
0.300927 -0.560744 0.771369
0.137516 -0.095251 0.985909
0.195865 0.020248 0.980422
0.204402 -0.240319 0.948929
0.204402 -0.240319 0.948929
0.195865 0.020248 0.980422
0.314788 -0.154084 0.936572
0.327252 -0.433116 0.839831
0.196203 -0.543456 0.816186
0.204402 -0.240319 0.948929
0.314788 -0.154084 0.936572
0.327252 -0.433116 0.839831
0.204402 -0.240319 0.948929
0.327252 -0.433116 0.839831
0.314788 -0.154084 0.936572
0.467973 -0.277844 0.838931
0.059575 -0.680606 0.730223
0.124619 -0.342141 0.931348
0.103441 -0.646329 0.756015
0.064510 -0.451308 0.890033
0.124619 -0.342141 0.931348
0.059575 -0.680606 0.730223
-0.087926 -0.301910 0.949273
-0.075191 -0.691645 0.718313
-0.277488 -0.380560 0.882142
-0.462551 0.610871 0.642560
-0.134940 0.864072 0.484943
-0.195508 0.743562 0.639446
-0.462551 0.610871 0.642560
-0.430056 0.324783 0.842359
-0.512842 0.336549 0.789764
-0.195508 0.743562 0.639446
-0.430056 0.324783 0.842359
-0.462551 0.610871 0.642560
0.087810 0.672141 0.735197
-0.195508 0.743562 0.639446
0.056631 0.870323 0.489214
-0.195508 0.743562 0.639446
0.087810 0.672141 0.735197
-0.022248 0.563151 0.826055
0.293174 0.354209 0.888023
0.273472 0.503224 0.819743
0.493795 0.378227 0.783014
0.403144 0.669447 0.623951
0.493795 0.378227 0.783014
0.273472 0.503224 0.819743
0.243433 -0.651206 0.718798
0.300927 -0.560744 0.771369
0.344578 -0.548003 0.762206
0.300927 -0.560744 0.771369
0.243433 -0.651206 0.718798
0.216629 -0.665097 0.714645
0.204402 -0.240319 0.948929
0.160241 -0.594014 0.788334
0.124619 -0.342141 0.931348
0.160241 -0.594014 0.788334
0.204402 -0.240319 0.948929
0.196203 -0.543456 0.816186
0.128663 -0.680822 0.721060
0.216629 -0.665097 0.714645
0.243433 -0.651206 0.718798
0.216629 -0.665097 0.714645
0.128663 -0.680822 0.721060
0.120892 -0.695272 0.708507
0.160241 -0.594014 0.788334
0.103441 -0.646329 0.756015
0.124619 -0.342141 0.931348
0.110756 -0.118830 0.986718
0.204402 -0.240319 0.948929
0.124619 -0.342141 0.931348
0.204402 -0.240319 0.948929
0.110756 -0.118830 0.986718
0.137516 -0.095251 0.985909
0.230396 0.593608 0.771069
0.348025 0.471833 0.810094
0.339089 0.463198 0.818820
0.348025 0.471833 0.810094
0.230396 0.593608 0.771069
0.249991 0.585691 0.771019
0.198271 0.841791 0.502073
0.145117 0.923394 0.355365
0.280635 0.883123 0.375948
0.442040 0.322585 0.836982
0.339089 0.463198 0.818820
0.348025 0.471833 0.810094
0.339089 0.463198 0.818820
0.442040 0.322585 0.836982
0.427615 0.315465 0.847129
0.457180 0.758348 0.464644
0.198271 0.841791 0.502073
0.280635 0.883123 0.375948
0.198271 0.841791 0.502073
0.457180 0.758348 0.464644
0.403144 0.669447 0.623951
0.273472 0.503224 0.819743
0.179631 0.633598 0.752520
0.403144 0.669447 0.623951
0.198271 0.841791 0.502073
0.403144 0.669447 0.623951
0.179631 0.633598 0.752520
0.078742 0.592054 0.802042
0.054561 0.554947 0.830095
0.150362 0.635288 0.757496
0.150362 0.635288 0.757496
0.054561 0.554947 0.830095
0.145727 0.614443 0.775386
0.056631 0.870323 0.489214
0.053799 0.922865 0.381347
0.094115 0.931254 0.352007
0.230396 0.593608 0.771069
0.150362 0.635288 0.757496
0.145727 0.614443 0.775386
0.230396 0.593608 0.771069
0.145727 0.614443 0.775386
0.249991 0.585691 0.771019
0.198271 0.841791 0.502073
0.094115 0.931254 0.352007
0.145117 0.923394 0.355365
0.094115 0.931254 0.352007
0.198271 0.841791 0.502073
0.056631 0.870323 0.489214
-0.019563 0.918347 0.395293
0.053799 0.922865 0.381347
0.056631 0.870323 0.489214
0.179631 0.633598 0.752520
0.087810 0.672141 0.735197
0.198271 0.841791 0.502073
0.056631 0.870323 0.489214
0.198271 0.841791 0.502073
0.087810 0.672141 0.735197
0.056631 0.870323 0.489214
-0.134940 0.864072 0.484943
-0.019563 0.918347 0.395293
-0.134940 0.864072 0.484943
0.056631 0.870323 0.489214
-0.195508 0.743562 0.639446
-0.139934 0.035482 0.989525
-0.087926 -0.301910 0.949273
-0.311159 -0.079157 0.947056
-0.087926 -0.301910 0.949273
-0.139934 0.035482 0.989525
0.016462 -0.138067 0.990286
-0.277488 -0.380560 0.882142
-0.311159 -0.079157 0.947056
-0.087926 -0.301910 0.949273
-0.311159 -0.079157 0.947056
-0.277488 -0.380560 0.882142
-0.322128 -0.187337 0.927975
-0.066539 0.063744 0.995746
-0.105825 0.001535 0.994384
-0.099685 0.071960 0.992414
-0.105825 0.001535 0.994384
-0.066539 0.063744 0.995746
-0.066070 0.004726 0.997804
-0.105825 0.001535 0.994384
-0.066070 0.004726 0.997804
-0.062156 -0.048836 0.996871
-0.062156 -0.048836 0.996871
-0.102659 -0.063024 0.992718
-0.105825 0.001535 0.994384
-0.405809 0.045513 0.912824
-0.512842 0.336549 0.789764
-0.430056 0.324783 0.842359
-0.311159 -0.079157 0.947056
-0.322128 -0.187337 0.927975
-0.405809 0.045513 0.912824
-0.430056 0.324783 0.842359
-0.311159 -0.079157 0.947056
-0.405809 0.045513 0.912824
-0.196353 0.367769 0.908951
-0.139934 0.035482 0.989525
-0.430056 0.324783 0.842359
-0.430056 0.324783 0.842359
-0.139934 0.035482 0.989525
-0.311159 -0.079157 0.947056
-0.022248 0.563151 0.826055
-0.196353 0.367769 0.908951
-0.195508 0.743562 0.639446
-0.430056 0.324783 0.842359
-0.195508 0.743562 0.639446
-0.196353 0.367769 0.908951
-0.047218 -0.311821 0.948967
0.025423 -0.484528 0.874406
0.001280 -0.483070 0.875581
0.025423 -0.484528 0.874406
-0.047218 -0.311821 0.948967
-0.021502 -0.302916 0.952775
0.064510 -0.451308 0.890033
0.032458 -0.735990 0.676214
-0.075191 -0.691645 0.718313
-0.075191 -0.691645 0.718313
-0.087926 -0.301910 0.949273
0.064510 -0.451308 0.890033
0.064510 -0.451308 0.890033
-0.087926 -0.301910 0.949273
0.084410 -0.174908 0.980960
-0.087926 -0.301910 0.949273
0.016462 -0.138067 0.990286
0.084410 -0.174908 0.980960
0.084410 -0.174908 0.980960
0.110756 -0.118830 0.986718
0.064510 -0.451308 0.890033
0.124619 -0.342141 0.931348
0.064510 -0.451308 0.890033
0.110756 -0.118830 0.986718
0.059575 -0.680606 0.730223
0.032458 -0.735990 0.676214
0.064510 -0.451308 0.890033
-0.816717 -0.022188 0.576612
-0.934760 0.027242 0.354234
-0.864587 -0.020017 0.502084
-0.864587 -0.020017 0.502084
-0.814013 -0.021314 0.580456
-0.816717 -0.022188 0.576612
-0.814013 -0.021314 0.580456
-0.773552 -0.008853 0.633671
-0.772771 -0.008623 0.634627
-0.814013 -0.021314 0.580456
-0.772771 -0.008623 0.634627
-0.816717 -0.022188 0.576612
-0.760889 0.000000 0.648883
-0.772771 -0.008623 0.634627
-0.773552 -0.008853 0.633671
-0.772771 -0.008623 0.634627
-0.760889 0.000000 0.648883
-0.760889 0.000000 0.648883
-0.850839 0.506308 -0.140449
-0.908297 0.394757 -0.138428
-0.837610 0.525579 -0.148915
-0.908297 0.394757 -0.138428
-0.850839 0.506308 -0.140449
-0.915696 0.375740 -0.142548
-0.928398 -0.162565 -0.334140
-0.937699 -0.170793 -0.302573
-0.941433 -0.153519 -0.300226
-0.937699 -0.170793 -0.302573
-0.928398 -0.162565 -0.334140
-0.919157 -0.189904 -0.345090
-0.941433 -0.153519 -0.300226
-0.947825 -0.158894 -0.276368
-0.949814 -0.146456 -0.276413
-0.947825 -0.158894 -0.276368
-0.941433 -0.153519 -0.300226
-0.937699 -0.170793 -0.302573
-0.850839 0.506308 -0.140449
-0.837610 0.525579 -0.148915
-0.790726 0.545233 -0.278339
-0.782683 0.540018 -0.309497
-0.790726 0.545233 -0.278339
-0.837610 0.525579 -0.148915
-0.944120 -0.135822 -0.300315
-0.941433 -0.153519 -0.300226
-0.952088 -0.130083 -0.276781
-0.949814 -0.146456 -0.276413
-0.952088 -0.130083 -0.276781
-0.941433 -0.153519 -0.300226
-0.953871 -0.147035 -0.261746
-0.954686 -0.137963 -0.263707
-0.949814 -0.146456 -0.276413
-0.949814 -0.146456 -0.276413
-0.947825 -0.158894 -0.276368
-0.953871 -0.147035 -0.261746
-0.952088 -0.130083 -0.276781
-0.949814 -0.146456 -0.276413
-0.954686 -0.137963 -0.263707
-0.954686 -0.137963 -0.263707
-0.957573 -0.135712 -0.254235
-0.957436 -0.129026 -0.258202
-0.957573 -0.135712 -0.254235
-0.954686 -0.137963 -0.263707
-0.953871 -0.147035 -0.261746
-0.790726 0.545233 -0.278339
-0.674932 0.428555 -0.600673
-0.651270 0.401765 -0.643764
-0.674932 0.428555 -0.600673
-0.790726 0.545233 -0.278339
-0.782683 0.540018 -0.309497
-0.952088 -0.130083 -0.276781
-0.957436 -0.129026 -0.258202
-0.958325 -0.115480 -0.261300
-0.957436 -0.129026 -0.258202
-0.952088 -0.130083 -0.276781
-0.954686 -0.137963 -0.263707
-0.957573 -0.135712 -0.254235
-0.961439 -0.122141 -0.246407
-0.957436 -0.129026 -0.258202
-0.957436 -0.129026 -0.258202
-0.961439 -0.122141 -0.246407
-0.960063 -0.118840 -0.253291
-0.958325 -0.115480 -0.261300
-0.957436 -0.129026 -0.258202
-0.960063 -0.118840 -0.253291
-0.651270 0.401765 -0.643764
-0.447597 0.171233 -0.877688
-0.390286 0.099205 -0.915333
-0.447597 0.171233 -0.877688
-0.651270 0.401765 -0.643764
-0.674932 0.428555 -0.600673
-0.963547 -0.095403 -0.249950
-0.960063 -0.118840 -0.253291
-0.961439 -0.122141 -0.246407
-0.960063 -0.118840 -0.253291
-0.963547 -0.095403 -0.249950
-0.963284 -0.092113 -0.252187
-0.963284 -0.092113 -0.252187
-0.958325 -0.115480 -0.261300
-0.960063 -0.118840 -0.253291
-0.958325 -0.115480 -0.261300
-0.963284 -0.092113 -0.252187
-0.963184 -0.087763 -0.254115
-0.390286 0.099205 -0.915333
-0.296031 -0.008081 -0.955144
-0.296328 -0.007959 -0.955053
-0.296031 -0.008081 -0.955144
-0.390286 0.099205 -0.915333
-0.447597 0.171233 -0.877688
-0.966177 -0.054175 -0.252125
-0.963284 -0.092113 -0.252187
-0.963547 -0.095403 -0.249950
-0.963284 -0.092113 -0.252187
-0.966177 -0.054175 -0.252125
-0.966088 -0.053837 -0.252539
-0.966088 -0.053837 -0.252539
-0.963184 -0.087763 -0.254115
-0.963284 -0.092113 -0.252187
-0.963184 -0.087763 -0.254115
-0.966088 -0.053837 -0.252539
-0.966032 -0.052664 -0.252999
-0.296031 -0.008081 -0.955144
-0.287138 -0.006898 -0.957864
-0.296328 -0.007959 -0.955053
-0.287138 -0.006898 -0.957864
-0.296031 -0.008081 -0.955144
-0.287076 -0.006852 -0.957883
-0.287138 -0.006898 -0.957864
-0.287076 -0.006852 -0.957883
-0.282952 0.000000 -0.959134
-0.287138 -0.006898 -0.957864
-0.282952 0.000000 -0.959134
-0.282952 0.000000 -0.959134
-0.966670 -0.020780 -0.255182
-0.967231 -0.032351 -0.251828
-0.967627 -0.020071 -0.251584
-0.967743 0.000000 -0.251940
-0.966252 -0.000000 -0.257597
-0.967627 -0.020071 -0.251584
-0.967627 -0.020071 -0.251584
-0.966252 -0.000000 -0.257597
-0.966670 -0.020780 -0.255182
-0.967231 -0.032351 -0.251828
-0.966088 -0.053837 -0.252539
-0.966177 -0.054175 -0.252125
-0.966088 -0.053837 -0.252539
-0.967231 -0.032351 -0.251828
-0.966670 -0.020780 -0.255182
-0.966670 -0.020780 -0.255182
-0.966032 -0.052664 -0.252999
-0.966088 -0.053837 -0.252539
-0.966032 -0.052664 -0.252999
-0.966670 -0.020780 -0.255182
-0.965847 -0.018008 -0.258486
-0.966670 -0.020780 -0.255182
-0.966252 -0.000000 -0.257597
-0.965847 -0.018008 -0.258486
-0.966252 -0.000000 -0.257597
-0.964751 0.000000 -0.263166
-0.965847 -0.018008 -0.258486
-0.989065 0.127739 0.073717
-0.974299 0.078826 0.211018
-0.934760 0.027242 0.354234
-0.864587 -0.020017 0.502084
-0.934760 0.027242 0.354234
-0.974299 0.078826 0.211018
-0.928398 -0.162565 -0.334140
-0.936436 -0.135937 -0.323433
-0.927490 -0.138398 -0.347287
-0.944120 -0.135822 -0.300315
-0.928398 -0.162565 -0.334140
-0.941433 -0.153519 -0.300226
-0.928398 -0.162565 -0.334140
-0.944120 -0.135822 -0.300315
-0.936436 -0.135937 -0.323433
-0.915696 0.375740 -0.142548
-0.956030 0.250864 -0.151904
-0.908297 0.394757 -0.138428
-0.956030 0.250864 -0.151904
-0.915696 0.375740 -0.142548
-0.956491 0.249312 -0.151552
-0.982333 0.176070 -0.063414
-0.978046 0.186506 -0.092956
-0.956491 0.249312 -0.151552
-0.956030 0.250864 -0.151904
-0.956491 0.249312 -0.151552
-0.978046 0.186506 -0.092956
-0.916982 -0.167567 -0.362029
-0.928398 -0.162565 -0.334140
-0.927490 -0.138398 -0.347287
-0.916982 -0.167567 -0.362029
-0.922458 -0.130082 -0.363523
-0.922355 -0.113360 -0.369337
-0.978046 0.186506 -0.092956
-0.982333 0.176070 -0.063414
-0.989065 0.127739 0.073717
-0.989065 0.127739 0.073717
-0.982333 0.176070 -0.063414
-0.974299 0.078826 0.211018
-0.931004 -0.021048 -0.364403
-0.928696 -0.052619 -0.367089
-0.928767 -0.051834 -0.367021
-0.928696 -0.052619 -0.367089
-0.931004 -0.021048 -0.364403
-0.931008 -0.020964 -0.364396
-0.931647 -0.000000 -0.363365
-0.931008 -0.020964 -0.364396
-0.931004 -0.021048 -0.364403
-0.931008 -0.020964 -0.364396
-0.931647 -0.000000 -0.363365
-0.931647 -0.000000 -0.363365
-0.091561 0.000000 -0.995799
-0.093017 -0.002716 -0.995661
-0.092947 -0.002602 -0.995668
-0.092947 -0.002602 -0.995668
-0.091561 0.000000 -0.995799
-0.091561 0.000000 -0.995799
-0.103171 -0.007687 -0.994634
-0.093017 -0.002716 -0.995661
-0.103259 -0.007714 -0.994625
-0.093017 -0.002716 -0.995661
-0.103171 -0.007687 -0.994634
-0.092947 -0.002602 -0.995668
-0.928767 -0.051834 -0.367021
-0.928696 -0.052619 -0.367089
-0.926057 -0.083321 -0.368070
-0.926057 -0.083321 -0.368070
-0.928696 -0.052619 -0.367089
-0.924522 -0.100223 -0.367715
-0.922355 -0.113360 -0.369337
-0.926057 -0.083321 -0.368070
-0.924522 -0.100223 -0.367715
-0.127878 -0.016082 -0.991660
-0.103171 -0.007687 -0.994634
-0.103259 -0.007714 -0.994625
-0.103171 -0.007687 -0.994634
-0.127878 -0.016082 -0.991660
-0.129054 -0.016501 -0.991500
-0.922355 -0.113360 -0.369337
-0.924522 -0.100223 -0.367715
-0.916982 -0.167567 -0.362029
-0.927490 -0.138398 -0.347287
-0.922458 -0.130082 -0.363523
-0.916982 -0.167567 -0.362029
-0.173506 -0.037453 -0.984120
-0.129054 -0.016501 -0.991500
-0.127878 -0.016082 -0.991660
-0.129054 -0.016501 -0.991500
-0.173506 -0.037453 -0.984120
-0.171045 -0.036135 -0.984600
-0.916982 -0.167567 -0.362029
-0.919157 -0.189904 -0.345090
-0.928398 -0.162565 -0.334140
-0.919157 -0.189904 -0.345090
-0.916982 -0.167567 -0.362029
-0.909892 -0.198612 -0.364211
-0.173506 -0.037453 -0.984120
-0.199678 -0.051499 -0.978507
-0.199678 -0.051499 -0.978507
-0.199678 -0.051499 -0.978507
-0.171045 -0.036135 -0.984600
-0.173506 -0.037453 -0.984120
-0.934760 -0.027242 0.354234
-0.816717 0.022188 0.576612
-0.864587 0.020017 0.502084
-0.814013 0.021314 0.580456
-0.864587 0.020017 0.502084
-0.816717 0.022188 0.576612
-0.814013 0.021314 0.580456
-0.772770 0.008623 0.634627
-0.773552 0.008853 0.633671
-0.772770 0.008623 0.634627
-0.814013 0.021314 0.580456
-0.816717 0.022188 0.576612
-0.772770 0.008623 0.634627
-0.760889 0.000000 0.648883
-0.773552 0.008853 0.633671
-0.760889 0.000000 0.648883
-0.772770 0.008623 0.634627
-0.760889 0.000000 0.648883
-0.850839 -0.506308 -0.140449
-0.837610 -0.525579 -0.148915
-0.908297 -0.394757 -0.138428
-0.850839 -0.506308 -0.140449
-0.908297 -0.394757 -0.138428
-0.915696 -0.375740 -0.142548
-0.937699 0.170793 -0.302573
-0.928398 0.162565 -0.334140
-0.941433 0.153519 -0.300226
-0.928398 0.162565 -0.334140
-0.937699 0.170793 -0.302573
-0.919157 0.189904 -0.345090
-0.947825 0.158894 -0.276369
-0.941433 0.153519 -0.300226
-0.949814 0.146456 -0.276413
-0.941433 0.153519 -0.300226
-0.947825 0.158894 -0.276369
-0.937699 0.170793 -0.302573
-0.837610 -0.525579 -0.148915
-0.850839 -0.506308 -0.140449
-0.790726 -0.545233 -0.278338
-0.790726 -0.545233 -0.278338
-0.782683 -0.540018 -0.309497
-0.837610 -0.525579 -0.148915
-0.952088 0.130083 -0.276781
-0.949814 0.146456 -0.276413
-0.941433 0.153519 -0.300226
-0.952088 0.130083 -0.276781
-0.941433 0.153519 -0.300226
-0.944120 0.135822 -0.300315
-0.954686 0.137963 -0.263707
-0.953871 0.147035 -0.261746
-0.949814 0.146456 -0.276413
-0.949814 0.146456 -0.276413
-0.953871 0.147035 -0.261746
-0.947825 0.158894 -0.276369
-0.952088 0.130083 -0.276781
-0.954686 0.137963 -0.263707
-0.949814 0.146456 -0.276413
-0.954686 0.137963 -0.263707
-0.957573 0.135712 -0.254235
-0.953871 0.147035 -0.261746
-0.957573 0.135712 -0.254235
-0.954686 0.137963 -0.263707
-0.957436 0.129026 -0.258202
-0.790726 -0.545233 -0.278338
-0.674932 -0.428555 -0.600673
-0.782683 -0.540018 -0.309497
-0.674932 -0.428555 -0.600673
-0.790726 -0.545233 -0.278338
-0.651270 -0.401765 -0.643764
-0.952088 0.130083 -0.276781
-0.957436 0.129026 -0.258202
-0.954686 0.137963 -0.263707
-0.957436 0.129026 -0.258202
-0.952088 0.130083 -0.276781
-0.958325 0.115480 -0.261300
-0.957573 0.135712 -0.254235
-0.957436 0.129026 -0.258202
-0.961439 0.122141 -0.246407
-0.957436 0.129026 -0.258202
-0.960063 0.118840 -0.253291
-0.961439 0.122141 -0.246407
-0.958325 0.115480 -0.261300
-0.960063 0.118840 -0.253291
-0.957436 0.129026 -0.258202
-0.651270 -0.401765 -0.643764
-0.447597 -0.171233 -0.877688
-0.674932 -0.428555 -0.600673
-0.447597 -0.171233 -0.877688
-0.651270 -0.401765 -0.643764
-0.390286 -0.099205 -0.915333
-0.963547 0.095403 -0.249950
-0.961439 0.122141 -0.246407
-0.960063 0.118840 -0.253291
-0.963547 0.095403 -0.249950
-0.960063 0.118840 -0.253291
-0.963285 0.092113 -0.252186
-0.958325 0.115480 -0.261300
-0.963285 0.092113 -0.252186
-0.960063 0.118840 -0.253291
-0.963285 0.092113 -0.252186
-0.958325 0.115480 -0.261300
-0.963184 0.087763 -0.254115
-0.296031 0.008081 -0.955144
-0.390286 -0.099205 -0.915333
-0.296328 0.007959 -0.955053
-0.390286 -0.099205 -0.915333
-0.296031 0.008081 -0.955144
-0.447597 -0.171233 -0.877688
-0.966177 0.054175 -0.252125
-0.963547 0.095403 -0.249950
-0.963285 0.092113 -0.252186
-0.966177 0.054175 -0.252125
-0.963285 0.092113 -0.252186
-0.966088 0.053837 -0.252539
-0.966088 0.053837 -0.252539
-0.963184 0.087763 -0.254115
-0.966032 0.052664 -0.252999
-0.963184 0.087763 -0.254115
-0.966088 0.053837 -0.252539
-0.963285 0.092113 -0.252186
-0.287076 0.006852 -0.957883
-0.296031 0.008081 -0.955144
-0.287138 0.006898 -0.957864
-0.287138 0.006898 -0.957864
-0.296031 0.008081 -0.955144
-0.296328 0.007959 -0.955053
-0.287076 0.006852 -0.957883
-0.287138 0.006898 -0.957864
-0.282952 0.000000 -0.959134
-0.282952 0.000000 -0.959134
-0.282952 0.000000 -0.959134
-0.287138 0.006898 -0.957864
-0.966670 0.020780 -0.255182
-0.967627 0.020071 -0.251584
-0.967231 0.032351 -0.251828
-0.967743 0.000000 -0.251940
-0.967627 0.020071 -0.251584
-0.966252 -0.000000 -0.257597
-0.967627 0.020071 -0.251584
-0.966670 0.020780 -0.255182
-0.966252 -0.000000 -0.257597
-0.967231 0.032351 -0.251828
-0.966177 0.054175 -0.252125
-0.966088 0.053837 -0.252539
-0.967231 0.032351 -0.251828
-0.966088 0.053837 -0.252539
-0.966670 0.020780 -0.255182
-0.966670 0.020780 -0.255182
-0.966032 0.052664 -0.252999
-0.965847 0.018008 -0.258486
-0.966032 0.052664 -0.252999
-0.966670 0.020780 -0.255182
-0.966088 0.053837 -0.252539
-0.966670 0.020780 -0.255182
-0.965847 0.018008 -0.258486
-0.966252 -0.000000 -0.257597
-0.966252 -0.000000 -0.257597
-0.965847 0.018008 -0.258486
-0.964751 0.000000 -0.263166
-0.934760 -0.027242 0.354234
-0.864587 0.020017 0.502084
-0.974299 -0.078826 0.211018
-0.974299 -0.078826 0.211018
-0.989065 -0.127739 0.073717
-0.934760 -0.027242 0.354234
-0.928398 0.162565 -0.334140
-0.927490 0.138398 -0.347287
-0.936436 0.135937 -0.323433
-0.944120 0.135822 -0.300315
-0.928398 0.162565 -0.334140
-0.936436 0.135937 -0.323433
-0.928398 0.162565 -0.334140
-0.944120 0.135822 -0.300315
-0.941433 0.153519 -0.300226
-0.915696 -0.375740 -0.142548
-0.908297 -0.394757 -0.138428
-0.956030 -0.250864 -0.151904
-0.915696 -0.375740 -0.142548
-0.956030 -0.250864 -0.151904
-0.956491 -0.249312 -0.151552
-0.978046 -0.186506 -0.092956
-0.956491 -0.249312 -0.151552
-0.956030 -0.250864 -0.151904
-0.956491 -0.249312 -0.151552
-0.978046 -0.186506 -0.092956
-0.982333 -0.176070 -0.063414
-0.916982 0.167567 -0.362029
-0.927490 0.138398 -0.347287
-0.928398 0.162565 -0.334140
-0.916982 0.167567 -0.362029
-0.922355 0.113360 -0.369337
-0.922458 0.130082 -0.363523
-0.982333 -0.176070 -0.063414
-0.978046 -0.186506 -0.092956
-0.989065 -0.127739 0.073717
-0.989065 -0.127739 0.073717
-0.974299 -0.078826 0.211018
-0.982333 -0.176070 -0.063414
-0.931004 0.021048 -0.364403
-0.928696 0.052619 -0.367089
-0.931008 0.020964 -0.364396
-0.928696 0.052619 -0.367089
-0.931004 0.021048 -0.364403
-0.928767 0.051834 -0.367021
-0.931647 -0.000000 -0.363365
-0.931008 0.020964 -0.364396
-0.931647 -0.000000 -0.363365
-0.931008 0.020964 -0.364396
-0.931647 -0.000000 -0.363365
-0.931004 0.021048 -0.364403
-0.091561 0.000000 -0.995799
-0.092947 0.002602 -0.995668
-0.091561 0.000000 -0.995799
-0.091561 0.000000 -0.995799
-0.092947 0.002602 -0.995668
-0.093017 0.002716 -0.995661
-0.093017 0.002716 -0.995661
-0.103171 0.007687 -0.994634
-0.103259 0.007714 -0.994625
-0.103171 0.007687 -0.994634
-0.093017 0.002716 -0.995661
-0.092947 0.002602 -0.995668
-0.928767 0.051834 -0.367021
-0.926057 0.083321 -0.368070
-0.928696 0.052619 -0.367089
-0.926057 0.083321 -0.368070
-0.924522 0.100223 -0.367715
-0.928696 0.052619 -0.367089
-0.922355 0.113360 -0.369337
-0.924522 0.100223 -0.367715
-0.926057 0.083321 -0.368070
-0.103171 0.007687 -0.994634
-0.127878 0.016082 -0.991660
-0.103259 0.007714 -0.994625
-0.127878 0.016082 -0.991660
-0.103171 0.007687 -0.994634
-0.129054 0.016501 -0.991500
-0.922355 0.113360 -0.369337
-0.916982 0.167567 -0.362029
-0.924522 0.100223 -0.367715
-0.927490 0.138398 -0.347287
-0.916982 0.167567 -0.362029
-0.922458 0.130082 -0.363523
-0.173506 0.037453 -0.984120
-0.129054 0.016501 -0.991500
-0.171045 0.036135 -0.984600
-0.129054 0.016501 -0.991500
-0.173506 0.037453 -0.984120
-0.127878 0.016082 -0.991660
-0.919157 0.189904 -0.345090
-0.916982 0.167567 -0.362029
-0.928398 0.162565 -0.334140
-0.916982 0.167567 -0.362029
-0.919157 0.189904 -0.345090
-0.909892 0.198612 -0.364211
-0.199678 0.051499 -0.978507
-0.173506 0.037453 -0.984120
-0.199678 0.051499 -0.978507
-0.171045 0.036135 -0.984600
-0.199678 0.051499 -0.978507
-0.173506 0.037453 -0.984120
-0.054009 0.969017 -0.241017
-0.083336 0.955643 -0.282493
-0.085364 0.966595 -0.241677
-0.083336 0.955643 -0.282493
-0.054009 0.969017 -0.241017
-0.052024 0.958098 -0.281676
-0.026723 0.969875 -0.242134
-0.052024 0.958098 -0.281676
-0.054009 0.969017 -0.241017
-0.052024 0.958098 -0.281676
-0.026723 0.969875 -0.242134
-0.024275 0.959005 -0.282348
-0.000882 0.969658 -0.244465
-0.024275 0.959005 -0.282348
-0.026723 0.969875 -0.242134
-0.024275 0.959005 -0.282348
-0.000882 0.969658 -0.244465
0.001750 0.958833 -0.283965
0.574342 0.528065 0.625523
0.585627 0.316652 0.746172
0.585281 0.292530 0.756223
0.574342 0.528065 0.625523
0.585281 0.292530 0.756223
0.576924 0.504826 0.642113
0.022367 0.965622 -0.258988
0.055533 0.951549 -0.302441
0.030098 0.957526 -0.286772
-0.000882 0.969658 -0.244465
0.022367 0.965622 -0.258988
0.001750 0.958833 -0.283965
0.022367 0.965622 -0.258988
0.030098 0.957526 -0.286772
0.001750 0.958833 -0.283965
-0.008203 0.975461 -0.220020
0.022367 0.965622 -0.258988
-0.000882 0.969658 -0.244465
-0.085364 0.966595 -0.241677
-0.101264 0.953673 -0.283289
-0.101328 0.964514 -0.243816
-0.101264 0.953673 -0.283289
-0.085364 0.966595 -0.241677
-0.083336 0.955643 -0.282493
-0.998870 0.040725 -0.024481
-0.998300 0.045578 -0.036324
-0.998704 0.042916 -0.027363
-0.998704 0.042916 -0.027363
-0.998300 0.045578 -0.036324
-0.998257 0.044575 -0.038670
0.585627 0.316652 0.746172
0.572679 0.129309 0.809517
0.571684 0.121919 0.811365
0.585627 0.316652 0.746172
0.571684 0.121919 0.811365
0.585281 0.292530 0.756223
-0.999532 0.027304 0.013794
-0.984380 0.012076 0.175645
-0.974466 0.009008 0.224355
-0.984380 0.012076 0.175645
-0.999532 0.027304 0.013794
-0.999544 0.029712 0.005330
-0.998704 0.042916 -0.027363
-0.999544 0.029712 0.005330
-0.998870 0.040725 -0.024481
-0.999532 0.027304 0.013794
-0.998870 0.040725 -0.024481
-0.999544 0.029712 0.005330
-0.082418 0.974745 -0.207558
-0.084227 0.975899 -0.201313
-0.087609 0.976778 -0.195522
-0.084227 0.975899 -0.201313
-0.082418 0.974745 -0.207558
-0.092659 0.972824 -0.212197
-0.092659 0.972824 -0.212197
-0.082418 0.974745 -0.207558
-0.101328 0.964514 -0.243816
-0.082418 0.974745 -0.207558
-0.085364 0.966595 -0.241677
-0.101328 0.964514 -0.243816
-0.080776 0.978422 -0.190172
-0.082418 0.974745 -0.207558
-0.090411 0.977474 -0.190712
-0.082418 0.974745 -0.207558
-0.087609 0.976778 -0.195522
-0.090411 0.977474 -0.190712
-0.295600 0.000000 0.955312
-0.003954 0.006852 0.999969
-0.246335 0.000000 0.969185
-0.000528 0.007738 0.999970
-0.246335 0.000000 0.969185
-0.003954 0.006852 0.999969
-0.055732 0.977101 -0.205347
-0.085364 0.966595 -0.241677
-0.082418 0.974745 -0.207558
-0.085364 0.966595 -0.241677
-0.055732 0.977101 -0.205347
-0.054009 0.969017 -0.241017
-0.057627 0.980208 -0.189399
-0.082418 0.974745 -0.207558
-0.080776 0.978422 -0.190172
-0.082418 0.974745 -0.207558
-0.057627 0.980208 -0.189399
-0.055732 0.977101 -0.205347
-0.000528 0.007738 0.999970
0.035275 0.025374 0.999055
0.037458 0.027987 0.998906
0.035275 0.025374 0.999055
-0.000528 0.007738 0.999970
-0.003954 0.006852 0.999969
-0.029806 0.977815 -0.207340
-0.054009 0.969017 -0.241017
-0.055732 0.977101 -0.205347
-0.054009 0.969017 -0.241017
-0.029806 0.977815 -0.207340
-0.026723 0.969875 -0.242134
-0.038904 0.981107 -0.189513
-0.032437 0.981203 -0.190232
-0.029806 0.977815 -0.207340
0.411743 0.043794 0.910247
0.162206 0.048242 0.985577
0.179848 0.049658 0.982440
0.411743 0.043794 0.910247
0.179848 0.049658 0.982440
0.401011 0.045191 0.914958
0.035275 0.025374 0.999055
0.179848 0.049658 0.982440
0.037458 0.027987 0.998906
0.162206 0.048242 0.985577
0.037458 0.027987 0.998906
0.179848 0.049658 0.982440
-0.246335 0.000000 0.969185
-0.728274 0.000000 0.685286
-0.295600 0.000000 0.955312
-0.728274 0.000000 0.685286
-0.792420 0.000000 0.609975
-0.295600 0.000000 0.955312
-0.792420 0.000000 0.609975
-0.728274 0.000000 0.685286
-0.974466 0.009008 0.224355
-0.974466 0.009008 0.224355
-0.984380 0.012076 0.175645
-0.792420 0.000000 0.609975
-0.038904 0.981107 -0.189513
-0.055732 0.977101 -0.205347
-0.057627 0.980208 -0.189399
-0.055732 0.977101 -0.205347
-0.038904 0.981107 -0.189513
-0.029806 0.977815 -0.207340
-0.029806 0.977815 -0.207340
-0.008203 0.975461 -0.220020
-0.026723 0.969875 -0.242134
-0.008203 0.975461 -0.220020
-0.000882 0.969658 -0.244465
-0.026723 0.969875 -0.242134
-0.024435 0.980668 -0.194147
-0.008203 0.975461 -0.220020
-0.029806 0.977815 -0.207340
-0.029806 0.977815 -0.207340
-0.032437 0.981203 -0.190232
-0.024435 0.980668 -0.194147
0.538679 0.049782 0.841039
0.572679 0.129309 0.809517
0.539093 0.050116 0.840754
0.572679 0.129309 0.809517
0.538679 0.049782 0.841039
0.571684 0.121919 0.811365
0.539093 0.050116 0.840754
0.401011 0.045191 0.914958
0.538679 0.049782 0.841039
0.401011 0.045191 0.914958
0.539093 0.050116 0.840754
0.411743 0.043794 0.910247
0.574342 0.528065 0.625523
0.576924 0.504826 0.642113
0.562107 0.603443 0.565590
0.055533 0.951549 -0.302441
0.056213 0.678999 -0.731984
0.052717 0.810907 -0.582796
0.055533 0.951549 -0.302441
0.027323 0.844949 -0.534149
0.030098 0.957526 -0.286772
0.027323 0.844949 -0.534149
0.055533 0.951549 -0.302441
0.052717 0.810907 -0.582796
0.052717 0.810907 -0.582796
0.043748 0.536424 -0.842814
0.035208 0.614856 -0.787853
0.043748 0.536424 -0.842814
0.052717 0.810907 -0.582796
0.056213 0.678999 -0.731984
0.030098 0.957526 -0.286772
0.005205 0.839286 -0.543665
0.001750 0.958833 -0.283965
0.005205 0.839286 -0.543665
0.030098 0.957526 -0.286772
0.027323 0.844949 -0.534149
0.027323 0.844949 -0.534149
0.035208 0.614856 -0.787853
0.022418 0.680553 -0.732356
0.035208 0.614856 -0.787853
0.027323 0.844949 -0.534149
0.052717 0.810907 -0.582796
0.001750 0.958833 -0.283965
-0.019780 0.823225 -0.567371
-0.024275 0.959005 -0.282348
-0.019780 0.823225 -0.567371
0.001750 0.958833 -0.283965
0.005205 0.839286 -0.543665
0.005205 0.839286 -0.543665
0.022418 0.680553 -0.732356
0.005338 0.664085 -0.747638
0.022418 0.680553 -0.732356
0.005205 0.839286 -0.543665
0.027323 0.844949 -0.534149
-0.019780 0.823225 -0.567371
-0.052024 0.958098 -0.281676
-0.024275 0.959005 -0.282348
-0.052024 0.958098 -0.281676
-0.019780 0.823225 -0.567371
-0.043493 0.804034 -0.592991
-0.019780 0.823225 -0.567371
0.005205 0.839286 -0.543665
-0.013184 0.620074 -0.784432
0.005338 0.664085 -0.747638
-0.013184 0.620074 -0.784432
0.005205 0.839286 -0.543665
-0.052024 0.958098 -0.281676
-0.043493 0.804034 -0.592991
-0.083336 0.955643 -0.282493
-0.083336 0.955643 -0.282493
-0.043493 0.804034 -0.592991
-0.069629 0.791127 -0.607676
-0.043493 0.804034 -0.592991
-0.019780 0.823225 -0.567371
-0.030063 0.569378 -0.821526
-0.013184 0.620074 -0.784432
-0.030063 0.569378 -0.821526
-0.019780 0.823225 -0.567371
-0.069629 0.791127 -0.607676
-0.030063 0.569378 -0.821526
-0.047668 0.535630 -0.843106
-0.030063 0.569378 -0.821526
-0.069629 0.791127 -0.607676
-0.043493 0.804034 -0.592991
-0.083336 0.955643 -0.282493
-0.087437 0.818865 -0.567287
-0.101264 0.953673 -0.283289
-0.087437 0.818865 -0.567287
-0.083336 0.955643 -0.282493
-0.069629 0.791127 -0.607676
-0.057339 0.534000 -0.843538
-0.069629 0.791127 -0.607676
-0.047668 0.535630 -0.843106
-0.069629 0.791127 -0.607676
-0.057339 0.534000 -0.843538
-0.087437 0.818865 -0.567287
-0.998179 0.043042 -0.042255
-0.998257 0.044575 -0.038670
-0.998300 0.045578 -0.036324
-0.998257 0.044575 -0.038670
-0.998179 0.043042 -0.042255
-0.998179 0.043042 -0.042255
-0.054009 -0.969017 -0.241017
-0.083336 -0.955643 -0.282493
-0.052024 -0.958098 -0.281676
-0.083336 -0.955643 -0.282493
-0.054009 -0.969017 -0.241017
-0.085364 -0.966595 -0.241677
-0.026723 -0.969875 -0.242134
-0.052024 -0.958098 -0.281676
-0.024275 -0.959005 -0.282348
-0.052024 -0.958098 -0.281676
-0.026723 -0.969875 -0.242134
-0.054009 -0.969017 -0.241017
-0.000882 -0.969658 -0.244465
-0.024275 -0.959005 -0.282348
0.001750 -0.958833 -0.283965
-0.024275 -0.959005 -0.282348
-0.000882 -0.969658 -0.244465
-0.026723 -0.969875 -0.242134
0.585627 -0.316653 0.746172
0.574342 -0.528065 0.625523
0.585281 -0.292530 0.756223
0.576924 -0.504826 0.642113
0.585281 -0.292530 0.756223
0.574342 -0.528065 0.625523
0.022367 -0.965622 -0.258988
0.030098 -0.957526 -0.286772
0.055533 -0.951549 -0.302441
-0.000882 -0.969658 -0.244465
0.001750 -0.958833 -0.283965
0.022367 -0.965622 -0.258988
0.022367 -0.965622 -0.258988
0.001750 -0.958833 -0.283965
0.030098 -0.957526 -0.286772
-0.008203 -0.975461 -0.220020
-0.000882 -0.969658 -0.244465
0.022367 -0.965622 -0.258988
-0.085364 -0.966595 -0.241677
-0.101328 -0.964514 -0.243816
-0.101264 -0.953673 -0.283289
-0.085364 -0.966595 -0.241677
-0.101264 -0.953673 -0.283289
-0.083336 -0.955643 -0.282493
-0.998300 -0.045578 -0.036324
-0.998870 -0.040725 -0.024481
-0.998704 -0.042916 -0.027363
-0.998704 -0.042916 -0.027363
-0.998257 -0.044575 -0.038670
-0.998300 -0.045578 -0.036324
0.572679 -0.129310 0.809517
0.585627 -0.316653 0.746172
0.571684 -0.121919 0.811365
0.585281 -0.292530 0.756223
0.571684 -0.121919 0.811365
0.585627 -0.316653 0.746172
-0.984380 -0.012076 0.175645
-0.999532 -0.027304 0.013794
-0.974466 -0.009008 0.224355
-0.999532 -0.027304 0.013794
-0.984380 -0.012076 0.175645
-0.999544 -0.029712 0.005330
-0.999544 -0.029712 0.005330
-0.998870 -0.040725 -0.024481
-0.999532 -0.027304 0.013794
-0.998870 -0.040725 -0.024481
-0.999544 -0.029712 0.005330
-0.998704 -0.042916 -0.027363
-0.082418 -0.974745 -0.207558
-0.087609 -0.976778 -0.195522
-0.084227 -0.975899 -0.201313
-0.082418 -0.974745 -0.207558
-0.084227 -0.975899 -0.201313
-0.092659 -0.972824 -0.212197
-0.092659 -0.972824 -0.212197
-0.101328 -0.964514 -0.243816
-0.082418 -0.974745 -0.207558
-0.082418 -0.974745 -0.207558
-0.101328 -0.964514 -0.243816
-0.085364 -0.966595 -0.241677
-0.090411 -0.977474 -0.190712
-0.082418 -0.974745 -0.207558
-0.080776 -0.978422 -0.190172
-0.087609 -0.976778 -0.195522
-0.082418 -0.974745 -0.207558
-0.090411 -0.977474 -0.190712
-0.003954 -0.006852 0.999969
-0.295600 0.000000 0.955312
-0.246335 0.000000 0.969185
-0.003954 -0.006852 0.999969
-0.246335 0.000000 0.969185
-0.000528 -0.007738 0.999970
-0.055732 -0.977101 -0.205347
-0.085364 -0.966595 -0.241677
-0.054009 -0.969017 -0.241017
-0.085364 -0.966595 -0.241677
-0.055732 -0.977101 -0.205347
-0.082418 -0.974745 -0.207558
-0.057627 -0.980208 -0.189399
-0.082418 -0.974745 -0.207558
-0.055732 -0.977101 -0.205347
-0.082418 -0.974745 -0.207558
-0.057627 -0.980208 -0.189399
-0.080776 -0.978422 -0.190172
0.035275 -0.025374 0.999055
-0.000528 -0.007738 0.999970
0.037458 -0.027987 0.998906
-0.000528 -0.007738 0.999970
0.035275 -0.025374 0.999055
-0.003954 -0.006852 0.999969
-0.029806 -0.977815 -0.207340
-0.054009 -0.969017 -0.241017
-0.026723 -0.969875 -0.242134
-0.054009 -0.969017 -0.241017
-0.029806 -0.977815 -0.207340
-0.055732 -0.977101 -0.205347
-0.038904 -0.981107 -0.189513
-0.029806 -0.977815 -0.207340
-0.032437 -0.981203 -0.190232
0.401011 -0.045191 0.914958
0.179848 -0.049658 0.982440
0.411743 -0.043794 0.910247
0.179848 -0.049658 0.982440
0.162206 -0.048242 0.985577
0.411743 -0.043794 0.910247
0.179848 -0.049658 0.982440
0.035275 -0.025374 0.999055
0.037458 -0.027987 0.998906
0.179848 -0.049658 0.982440
0.037458 -0.027987 0.998906
0.162206 -0.048242 0.985577
-0.295600 0.000000 0.955312
-0.792420 0.000000 0.609975
-0.728274 0.000000 0.685286
-0.295600 0.000000 0.955312
-0.728274 0.000000 0.685286
-0.246335 0.000000 0.969185
-0.792420 0.000000 0.609975
-0.974466 -0.009008 0.224355
-0.728274 0.000000 0.685286
-0.974466 -0.009008 0.224355
-0.792420 0.000000 0.609975
-0.984380 -0.012076 0.175645
-0.055732 -0.977101 -0.205347
-0.038904 -0.981107 -0.189513
-0.057627 -0.980208 -0.189399
-0.038904 -0.981107 -0.189513
-0.055732 -0.977101 -0.205347
-0.029806 -0.977815 -0.207340
-0.029806 -0.977815 -0.207340
-0.026723 -0.969875 -0.242134
-0.008203 -0.975461 -0.220020
-0.008203 -0.975461 -0.220020
-0.026723 -0.969875 -0.242134
-0.000882 -0.969658 -0.244465
-0.024435 -0.980668 -0.194147
-0.029806 -0.977815 -0.207340
-0.008203 -0.975461 -0.220020
-0.029806 -0.977815 -0.207340
-0.024435 -0.980668 -0.194147
-0.032437 -0.981203 -0.190232
0.538679 -0.049783 0.841039
0.572679 -0.129310 0.809517
0.571684 -0.121919 0.811365
0.572679 -0.129310 0.809517
0.538679 -0.049783 0.841039
0.539093 -0.050116 0.840754
0.401011 -0.045191 0.914958
0.539093 -0.050116 0.840754
0.538679 -0.049783 0.841039
0.539093 -0.050116 0.840754
0.401011 -0.045191 0.914958
0.411743 -0.043794 0.910247
0.574342 -0.528065 0.625523
0.562107 -0.603443 0.565590
0.576924 -0.504826 0.642113
0.055533 -0.951549 -0.302441
0.052717 -0.810907 -0.582796
0.056213 -0.678998 -0.731984
0.055533 -0.951549 -0.302441
0.030098 -0.957526 -0.286772
0.027323 -0.844949 -0.534149
0.055533 -0.951549 -0.302441
0.027323 -0.844949 -0.534149
0.052717 -0.810907 -0.582796
0.052717 -0.810907 -0.582796
0.043748 -0.536424 -0.842814
0.056213 -0.678998 -0.731984
0.043748 -0.536424 -0.842814
0.052717 -0.810907 -0.582796
0.035208 -0.614856 -0.787853
0.030098 -0.957526 -0.286772
0.005205 -0.839286 -0.543665
0.027323 -0.844949 -0.534149
0.005205 -0.839286 -0.543665
0.030098 -0.957526 -0.286772
0.001750 -0.958833 -0.283965
0.027323 -0.844949 -0.534149
0.035208 -0.614856 -0.787853
0.052717 -0.810907 -0.582796
0.035208 -0.614856 -0.787853
0.027323 -0.844949 -0.534149
0.022418 -0.680553 -0.732356
0.001750 -0.958833 -0.283965
-0.019780 -0.823225 -0.567371
0.005205 -0.839286 -0.543665
-0.019780 -0.823225 -0.567371
0.001750 -0.958833 -0.283965
-0.024275 -0.959005 -0.282348
0.005205 -0.839286 -0.543665
0.022418 -0.680553 -0.732356
0.027323 -0.844949 -0.534149
0.022418 -0.680553 -0.732356
0.005205 -0.839286 -0.543665
0.005338 -0.664085 -0.747638
-0.024275 -0.959005 -0.282348
-0.052024 -0.958098 -0.281676
-0.019780 -0.823225 -0.567371
-0.052024 -0.958098 -0.281676
-0.043493 -0.804034 -0.592991
-0.019780 -0.823225 -0.567371
0.005205 -0.839286 -0.543665
-0.019780 -0.823225 -0.567371
-0.013184 -0.620074 -0.784432
0.005205 -0.839286 -0.543665
-0.013184 -0.620074 -0.784432
0.005338 -0.664085 -0.747638
-0.052024 -0.958098 -0.281676
-0.083336 -0.955643 -0.282493
-0.043493 -0.804034 -0.592991
-0.083336 -0.955643 -0.282493
-0.069629 -0.791127 -0.607676
-0.043493 -0.804034 -0.592991
-0.019780 -0.823225 -0.567371
-0.043493 -0.804034 -0.592991
-0.030063 -0.569378 -0.821526
-0.019780 -0.823225 -0.567371
-0.030063 -0.569378 -0.821526
-0.013184 -0.620074 -0.784432
-0.069629 -0.791127 -0.607676
-0.030063 -0.569378 -0.821526
-0.043493 -0.804034 -0.592991
-0.030063 -0.569378 -0.821526
-0.069629 -0.791127 -0.607676
-0.047668 -0.535630 -0.843106
-0.083336 -0.955643 -0.282493
-0.087437 -0.818865 -0.567287
-0.069629 -0.791127 -0.607676
-0.087437 -0.818865 -0.567287
-0.083336 -0.955643 -0.282493
-0.101264 -0.953673 -0.283289
-0.057339 -0.533999 -0.843538
-0.069629 -0.791127 -0.607676
-0.087437 -0.818865 -0.567287
-0.069629 -0.791127 -0.607676
-0.057339 -0.533999 -0.843538
-0.047668 -0.535630 -0.843106
-0.998257 -0.044575 -0.038670
-0.998179 -0.043043 -0.042255
-0.998300 -0.045578 -0.036324
-0.998179 -0.043043 -0.042255
-0.998257 -0.044575 -0.038670
-0.998179 -0.043043 -0.042255
</float_array>
          <technique_common>
            <accessor source="#white-Normal0-array" count="3150" stride="3">
              <param name="X" type="float"/>
              <param name="Y" type="float"/>
              <param name="Z" type="float"/>
            </accessor>
          </technique_common>
        </source>
        <vertices id="white-VERTEX">
          <input semantic="POSITION" source="#white-POSITION"/>
        </vertices>
        <triangles count="1050" material="white_ncl1_1">
          <input semantic="VERTEX" offset="0" source="#white-VERTEX"/>
          <input semantic="NORMAL" offset="1" source="#white-Normal0"/>
          <p> 13 0 2 1 1 2 7 3 9 4 8 5 15 6 19 7 20 8 19 9 15 10 17 11 14 12 20 13 21 14 20 15 14 16 15 17 13 18 12 19 11 20 12 21 13 22 0 23 11 24 2 25 13 26 2 27 11 28 3 29 10 30 9 31 6 32 6 33 9 34 7 35 21 36 10 37 14 38 10 39 21 40 9 41 6 42 30 43 10 44 30 45 6 46 5 47 5 48 29 49 30 50 29 51 5 52 31 53 11 54 4 55 3 56 4 57 11 58 28 59 31 60 28 61 29 62 28 63 31 64 4 65 11 66 22 67 23 68 22 69 11 70 12 71 28 72 23 73 34 74 23 75 28 76 11 77 29 78 34 79 33 80 34 81 29 82 28 83 10 84 32 85 24 86 32 87 10 88 30 89 30 90 33 91 32 92 33 93 30 94 29 95 46 96 42 97 43 98 42 99 46 100 47 101 54 102 47 103 46 104 47 105 54 106 53 107 68 108 43 109 42 110 42 111 67 112 68 113 77 114 78 115 67 116 68 117 67 118 78 119 55 120 46 121 45 122 46 123 55 124 54 125 68 126 44 127 43 128 45 129 43 130 44 131 43 132 45 133 46 134 83 135 85 136 84 137 44 138 85 139 45 140 83 141 45 142 85 143 45 144 83 145 55 146 68 147 79 148 44 149 79 150 68 151 78 152 44 153 86 154 85 155 86 156 44 157 79 158 86 159 84 160 85 161 84 162 86 163 87 164 14 165 24 166 25 167 24 168 14 169 10 170 25 171 15 172 14 173 15 174 25 175 26 176 25 177 40 178 88 179 40 180 25 181 24 182 88 183 71 184 89 185 71 186 88 187 40 188 89 189 62 190 90 191 62 192 89 193 71 194 90 195 61 196 91 197 61 198 90 199 62 200 92 201 61 202 60 203 61 204 92 205 91 206 93 207 60 208 59 209 60 210 93 211 92 212 94 213 59 214 58 215 59 216 94 217 93 218 57 219 53 220 54 221 53 222 57 223 58 224 95 225 58 226 57 227 58 228 95 229 94 230 54 231 55 232 56 233 56 234 57 235 54 236 96 237 57 238 56 239 57 240 96 241 95 242 80 243 55 244 83 245 55 246 80 247 56 248 97 249 56 250 80 251 56 252 97 253 96 254 83 255 84 256 80 257 84 258 81 259 80 260 108 261 109 262 89 263 88 264 89 265 109 266 109 267 26 268 88 269 25 270 88 271 26 272 109 273 27 274 26 275 27 276 109 277 113 278 112 279 115 280 116 281 26 282 17 283 15 284 17 285 26 286 27 287 110 288 27 289 113 290 108 291 113 292 109 293 113 294 108 295 112 296 116 297 113 298 112 299 113 300 116 301 110 302 107 303 108 304 90 305 89 306 90 307 108 308 106 309 107 310 91 311 90 312 91 313 107 314 105 315 106 316 92 317 91 318 92 319 106 320 104 321 105 322 93 323 92 324 93 325 105 326 103 327 104 328 94 329 93 330 94 331 104 332 102 333 94 334 95 335 94 336 102 337 103 338 101 339 95 340 96 341 95 342 101 343 102 344 100 345 96 346 97 347 96 348 100 349 101 350 108 351 107 352 112 353 107 354 117 355 112 356 107 357 106 358 117 359 106 360 118 361 117 362 106 363 105 364 118 365 105 366 119 367 118 368 105 369 104 370 119 371 104 372 120 373 119 374 104 375 103 376 120 377 103 378 121 379 120 380 103 381 102 382 121 383 102 384 122 385 121 386 102 387 101 388 122 389 101 390 123 391 122 392 101 393 100 394 123 395 100 396 124 397 123 398 115 399 112 400 111 401 115 402 111 403 114 404 117 405 111 406 112 407 111 408 117 409 128 410 117 411 118 412 128 413 118 414 129 415 128 416 119 417 129 418 118 419 129 420 119 421 130 422 119 423 120 424 130 425 120 426 131 427 130 428 121 429 131 430 120 431 131 432 121 433 132 434 121 435 122 436 132 437 122 438 133 439 132 440 123 441 133 442 122 443 133 444 123 445 134 446 123 447 124 448 134 449 124 450 135 451 134 452 124 453 125 454 136 455 124 456 136 457 135 458 81 459 84 460 87 461 81 462 87 463 82 464 125 465 127 466 126 467 125 468 100 469 99 470 100 471 125 472 124 473 99 474 127 475 125 476 139 477 127 478 99 479 127 480 139 481 140 482 98 483 97 484 81 485 80 486 81 487 97 488 99 489 100 490 98 491 97 492 98 493 100 494 138 495 99 496 98 497 99 498 138 499 139 500 98 501 82 502 138 503 82 504 98 505 81 506 137 507 125 508 126 509 125 510 137 511 136 512 126 513 140 514 141 515 140 516 126 517 127 518 147 519 126 520 145 521 126 522 147 523 137 524 145 525 141 526 148 527 141 528 145 529 126 530 146 531 145 532 144 533 145 534 146 535 147 536 300 537 144 538 149 539 149 540 143 541 300 542 144 543 148 544 149 545 148 546 144 547 145 548 144 549 300 550 142 551 144 552 142 553 146 554 163 555 151 556 152 557 157 558 158 559 159 560 169 561 165 562 170 563 165 564 169 565 167 566 170 567 164 568 171 569 164 570 170 571 165 572 163 573 162 574 150 575 162 576 163 577 161 578 153 579 161 580 152 581 161 582 163 583 152 584 159 585 156 586 157 587 159 588 160 589 156 590 160 591 159 592 171 593 160 594 171 595 164 596 156 597 180 598 155 599 180 600 156 601 160 602 155 603 179 604 181 605 179 606 155 607 180 608 161 609 154 610 178 611 154 612 161 613 153 614 181 615 178 616 154 617 178 618 181 619 179 620 172 621 162 622 161 623 172 624 161 625 173 626 173 627 178 628 184 629 178 630 173 631 161 632 184 633 178 634 179 635 184 636 179 637 183 638 160 639 182 640 180 641 182 642 160 643 174 644 183 645 179 646 180 647 183 648 180 649 182 650 203 651 193 652 192 653 193 654 203 655 202 656 203 657 207 658 202 659 207 660 203 661 206 662 193 663 201 664 194 665 201 666 193 667 202 668 202 669 208 670 201 671 208 672 202 673 207 674 194 675 200 676 195 677 200 678 194 679 201 680 201 681 209 682 200 683 209 684 201 685 208 686 195 687 199 688 196 689 199 690 195 691 200 692 210 693 200 694 209 695 200 696 210 697 199 698 186 699 184 700 187 701 184 702 186 703 173 704 183 705 187 706 184 707 187 708 183 709 188 710 192 711 191 712 204 713 204 714 203 715 192 716 191 717 226 718 227 719 227 720 204 721 191 722 188 723 226 724 187 725 226 726 188 727 227 728 188 729 182 730 189 731 182 732 188 733 183 734 203 735 204 736 205 737 205 738 206 739 203 740 189 741 227 742 188 743 227 744 189 745 228 746 204 747 228 748 205 749 228 750 204 751 227 752 173 753 185 754 172 755 185 756 173 757 186 758 223 759 195 760 224 761 195 762 196 763 224 764 236 765 235 766 223 767 223 768 224 769 236 770 222 771 194 772 223 773 194 774 195 775 223 776 235 777 234 778 222 779 222 780 223 781 235 782 221 783 193 784 222 785 193 786 194 787 222 788 234 789 233 790 221 791 221 792 222 793 234 794 220 795 192 796 221 797 192 798 193 799 221 800 232 801 221 802 233 803 221 804 232 805 220 806 220 807 219 808 191 809 191 810 192 811 220 812 231 813 220 814 232 815 220 816 231 817 219 818 186 819 230 820 185 821 230 822 186 823 225 824 187 825 225 826 186 827 225 828 187 829 226 830 219 831 225 832 226 833 226 834 191 835 219 836 231 837 230 838 225 839 231 840 225 841 219 842 211 843 199 844 210 845 199 846 211 847 198 848 224 849 196 850 197 851 198 852 196 853 199 854 196 855 198 856 197 857 241 858 242 859 243 860 197 861 198 862 243 863 241 864 198 865 211 866 198 867 241 868 243 869 224 870 237 871 236 872 237 873 224 874 197 875 197 876 244 877 237 878 244 879 197 880 243 881 243 882 245 883 244 884 245 885 243 886 242 887 174 888 164 889 175 890 164 891 174 892 160 893 175 894 165 895 176 896 165 897 175 898 164 899 189 900 174 901 190 902 174 903 189 904 182 905 175 906 190 907 174 908 190 909 175 910 246 911 190 912 228 913 189 914 228 915 190 916 229 917 246 918 229 919 190 920 229 921 246 922 247 923 229 924 205 925 228 926 205 927 229 928 218 929 247 930 218 931 229 932 218 933 247 934 248 935 218 936 206 937 205 938 206 939 218 940 217 941 248 942 217 943 218 944 217 945 248 946 249 947 206 948 216 949 207 950 216 951 206 952 217 953 217 954 250 955 216 956 250 957 217 958 249 959 207 960 215 961 208 962 215 963 207 964 216 965 216 966 251 967 215 968 251 969 216 970 250 971 208 972 214 973 209 974 214 975 208 976 215 977 252 978 215 979 251 980 215 981 252 982 214 983 213 984 209 985 214 986 209 987 213 988 210 989 253 990 214 991 252 992 214 993 253 994 213 995 213 996 212 997 210 998 212 999 211 1000 210 1001 254 1002 213 1003 253 1004 213 1005 254 1006 212 1007 238 1008 211 1009 212 1010 211 1011 238 1012 241 1013 255 1014 212 1015 254 1016 212 1017 255 1018 238 1019 238 1020 239 1021 242 1022 238 1023 242 1024 241 1025 247 1026 246 1027 267 1028 247 1029 267 1030 266 1031 246 1032 175 1033 176 1034 246 1035 176 1036 267 1037 267 1038 177 1039 271 1040 177 1041 267 1042 176 1043 270 1044 274 1045 273 1046 176 1047 167 1048 177 1049 167 1050 176 1051 165 1052 268 1053 271 1054 177 1055 266 1056 271 1057 270 1058 271 1059 266 1060 267 1061 274 1062 271 1063 268 1064 271 1065 274 1066 270 1067 248 1068 247 1069 266 1070 248 1071 266 1072 265 1073 249 1074 248 1075 265 1076 249 1077 265 1078 264 1079 250 1080 249 1081 264 1082 250 1083 264 1084 263 1085 251 1086 250 1087 263 1088 251 1089 263 1090 262 1091 252 1092 251 1093 262 1094 252 1095 262 1096 261 1097 252 1098 260 1099 253 1100 260 1101 252 1102 261 1103 253 1104 259 1105 254 1106 259 1107 253 1108 260 1109 254 1110 258 1111 255 1112 258 1113 254 1114 259 1115 266 1116 270 1117 265 1118 265 1119 270 1120 275 1121 265 1122 275 1123 264 1124 264 1125 275 1126 276 1127 264 1128 276 1129 263 1130 263 1131 276 1132 277 1133 263 1134 277 1135 262 1136 262 1137 277 1138 278 1139 262 1140 278 1141 261 1142 261 1143 278 1144 279 1145 261 1146 279 1147 260 1148 260 1149 279 1150 280 1151 260 1152 280 1153 259 1154 259 1155 280 1156 281 1157 259 1158 281 1159 258 1160 258 1161 281 1162 282 1163 273 1164 269 1165 270 1166 269 1167 273 1168 272 1169 275 1170 269 1171 286 1172 269 1173 275 1174 270 1175 275 1176 286 1177 276 1178 276 1179 286 1180 287 1181 277 1182 287 1183 288 1184 287 1185 277 1186 276 1187 277 1188 288 1189 278 1190 278 1191 288 1192 289 1193 289 1194 279 1195 278 1196 279 1197 289 1198 290 1199 279 1200 290 1201 280 1202 280 1203 290 1204 291 1205 281 1206 291 1207 292 1208 291 1209 281 1210 280 1211 281 1212 292 1213 282 1214 282 1215 292 1216 293 1217 282 1218 294 1219 283 1220 294 1221 282 1222 293 1223 242 1224 239 1225 245 1226 240 1227 245 1228 239 1229 283 1230 284 1231 285 1232 258 1233 283 1234 257 1235 283 1236 258 1237 282 1238 257 1239 283 1240 285 1241 285 1242 297 1243 257 1244 297 1245 285 1246 298 1247 255 1248 256 1249 239 1250 239 1251 238 1252 255 1253 256 1254 255 1255 258 1256 256 1257 258 1258 257 1259 257 1260 296 1261 256 1262 296 1263 257 1264 297 1265 240 1266 256 1267 296 1268 256 1269 240 1270 239 1271 283 1272 295 1273 284 1274 295 1275 283 1276 294 1277 284 1278 298 1279 285 1280 298 1281 284 1282 299 1283 284 1284 304 1285 302 1286 304 1287 284 1288 295 1289 302 1290 299 1291 284 1292 299 1293 302 1294 305 1295 302 1296 303 1297 301 1298 303 1299 302 1300 304 1301 143 1302 306 1303 300 1304 300 1305 306 1306 301 1307 301 1308 305 1309 302 1310 305 1311 301 1312 306 1313 301 1314 142 1315 300 1316 142 1317 301 1318 303 1319 65 1320 76 1321 66 1322 76 1323 65 1324 75 1325 58 1326 52 1327 53 1328 52 1329 58 1330 59 1331 66 1332 77 1333 67 1334 77 1335 66 1336 76 1337 41 1338 67 1339 42 1340 67 1341 41 1342 66 1343 47 1344 41 1345 42 1346 41 1347 47 1348 48 1349 53 1350 48 1351 47 1352 48 1353 53 1354 52 1355 59 1356 51 1357 52 1358 51 1359 59 1360 60 1361 324 1362 335 1363 323 1364 335 1365 324 1366 336 1367 325 1368 336 1369 324 1370 336 1371 325 1372 337 1373 326 1374 337 1375 325 1376 337 1377 326 1378 338 1379 339 1380 326 1381 327 1382 326 1383 339 1384 338 1385 327 1386 340 1387 339 1388 340 1389 327 1390 328 1391 340 1392 329 1393 341 1394 329 1395 340 1396 328 1397 342 1398 341 1399 329 1400 342 1401 329 1402 330 1403 331 1404 342 1405 330 1406 342 1407 331 1408 343 1409 332 1410 343 1411 331 1412 343 1413 332 1414 344 1415 333 1416 344 1417 332 1418 344 1419 333 1420 345 1421 334 1422 345 1423 333 1424 345 1425 334 1426 346 1427 311 1428 346 1429 334 1430 346 1431 311 1432 347 1433 311 1434 348 1435 347 1436 348 1437 311 1438 312 1439 312 1440 349 1441 348 1442 349 1443 312 1444 313 1445 349 1446 314 1447 350 1448 314 1449 349 1450 313 1451 315 1452 350 1453 314 1454 350 1455 315 1456 351 1457 315 1458 316 1459 352 1460 352 1461 351 1462 315 1463 316 1464 317 1465 353 1466 353 1467 352 1468 316 1469 354 1470 317 1471 318 1472 317 1473 354 1474 353 1475 355 1476 318 1477 319 1478 318 1479 355 1480 354 1481 319 1482 356 1483 355 1484 356 1485 319 1486 320 1487 356 1488 321 1489 357 1490 321 1491 356 1492 320 1493 357 1494 322 1495 358 1496 322 1497 357 1498 321 1499 358 1500 323 1501 335 1502 323 1503 358 1504 322 1505 336 1506 360 1507 335 1508 360 1509 359 1510 335 1511 336 1512 337 1513 361 1514 361 1515 360 1516 336 1517 362 1518 337 1519 338 1520 337 1521 362 1522 361 1523 338 1524 363 1525 362 1526 363 1527 338 1528 339 1529 339 1530 364 1531 363 1532 364 1533 339 1534 340 1535 340 1536 365 1537 364 1538 365 1539 340 1540 341 1541 366 1542 365 1543 341 1544 366 1545 341 1546 342 1547 343 1548 366 1549 342 1550 366 1551 343 1552 367 1553 344 1554 367 1555 343 1556 367 1557 344 1558 368 1559 345 1560 368 1561 344 1562 368 1563 345 1564 369 1565 370 1566 345 1567 346 1568 345 1569 370 1570 369 1571 371 1572 346 1573 347 1574 346 1575 371 1576 370 1577 347 1578 372 1579 371 1580 372 1581 347 1582 348 1583 348 1584 373 1585 372 1586 373 1587 348 1588 349 1589 374 1590 349 1591 350 1592 349 1593 374 1594 373 1595 350 1596 351 1597 375 1598 375 1599 374 1600 350 1601 351 1602 352 1603 376 1604 376 1605 375 1606 351 1607 353 1608 376 1609 352 1610 376 1611 353 1612 377 1613 353 1614 354 1615 378 1616 353 1617 378 1618 377 1619 355 1620 378 1621 354 1622 378 1623 355 1624 379 1625 356 1626 379 1627 355 1628 379 1629 356 1630 380 1631 358 1632 382 1633 381 1634 381 1635 357 1636 358 1637 335 1638 359 1639 382 1640 335 1641 382 1642 358 1643 380 1644 357 1645 381 1646 357 1647 380 1648 356 1649 370 1650 393 1651 369 1652 393 1653 370 1654 394 1655 394 1656 371 1657 395 1658 371 1659 394 1660 370 1661 307 1662 48 1663 52 1664 48 1665 307 1666 308 1667 307 1668 52 1669 51 1670 395 1671 372 1672 396 1673 372 1674 395 1675 371 1676 308 1677 41 1678 48 1679 41 1680 308 1681 309 1682 372 1683 397 1684 396 1685 397 1686 372 1687 373 1688 310 1689 65 1690 66 1691 369 1692 392 1693 368 1694 392 1695 369 1696 393 1697 60 1698 61 1699 50 1700 60 1701 50 1702 51 1703 65 1704 64 1705 74 1706 65 1707 74 1708 75 1709 69 1710 73 1711 63 1712 73 1713 69 1714 72 1715 33 1716 37 1717 38 1718 37 1719 33 1720 34 1721 24 1722 39 1723 40 1724 39 1725 24 1726 32 1727 32 1728 38 1729 39 1730 38 1731 32 1732 33 1733 61 1734 62 1735 49 1736 61 1737 49 1738 50 1739 40 1740 70 1741 71 1742 70 1743 40 1744 39 1745 71 1746 49 1747 62 1748 49 1749 71 1750 70 1751 398 1752 397 1753 373 1754 398 1755 373 1756 374 1757 23 1758 35 1759 36 1760 35 1761 23 1762 22 1763 37 1764 34 1765 23 1766 37 1767 23 1768 36 1769 35 1770 72 1771 36 1772 69 1773 36 1774 72 1775 404 1776 381 1777 405 1778 381 1779 404 1780 380 1781 405 1782 382 1783 406 1784 382 1785 405 1786 381 1787 360 1788 361 1789 385 1790 385 1791 384 1792 360 1793 362 1794 386 1795 361 1796 385 1797 361 1798 386 1799 378 1800 401 1801 377 1802 401 1803 378 1804 402 1805 379 1806 402 1807 378 1808 402 1809 379 1810 403 1811 362 1812 387 1813 386 1814 387 1815 362 1816 363 1817 388 1818 387 1819 363 1820 388 1821 363 1822 364 1823 408 1824 392 1825 393 1826 392 1827 408 1828 412 1829 51 1830 408 1831 409 1832 51 1833 409 1834 307 1835 307 1836 409 1837 407 1838 307 1839 407 1840 308 1841 409 1842 393 1843 394 1844 393 1845 409 1846 408 1847 395 1848 409 1849 394 1850 409 1851 395 1852 407 1853 308 1854 410 1855 309 1856 410 1857 308 1858 407 1859 410 1860 407 1861 396 1862 407 1863 395 1864 396 1865 411 1866 410 1867 397 1868 410 1869 396 1870 397 1871 64 1872 63 1873 73 1874 64 1875 73 1876 74 1877 64 1878 65 1879 310 1880 309 1881 66 1882 41 1883 310 1884 66 1885 309 1886 309 1887 411 1888 310 1889 411 1890 309 1891 410 1892 375 1893 398 1894 374 1895 398 1896 375 1897 399 1898 64 1899 310 1900 414 1901 414 1902 310 1903 411 1904 398 1905 399 1906 414 1907 411 1908 398 1909 414 1910 398 1911 411 1912 397 1913 402 1914 413 1915 401 1916 415 1917 413 1918 402 1919 421 1920 404 1921 405 1922 385 1923 386 1924 418 1925 385 1926 417 1927 384 1928 418 1929 417 1930 385 1931 70 1932 418 1933 420 1934 418 1935 70 1936 39 1937 51 1938 50 1939 408 1940 412 1941 408 1942 50 1943 376 1944 399 1945 375 1946 399 1947 376 1948 400 1949 414 1950 400 1951 413 1952 400 1953 414 1954 399 1955 377 1956 400 1957 376 1958 400 1959 377 1960 401 1961 400 1962 401 1963 413 1964 63 1965 414 1966 413 1967 414 1968 63 1969 64 1970 390 1971 367 1972 391 1973 367 1974 390 1975 366 1976 419 1977 390 1978 391 1979 368 1980 391 1981 367 1982 391 1983 368 1984 392 1985 392 1986 419 1987 391 1988 419 1989 392 1990 412 1991 50 1992 49 1993 412 1994 419 1995 412 1996 49 1997 388 1998 364 1999 389 2000 389 2001 364 2002 365 2003 420 2004 388 2005 389 2006 390 2007 389 2008 365 2009 390 2010 365 2011 366 2012 419 2013 389 2014 390 2015 389 2016 419 2017 420 2018 387 2019 388 2020 420 2021 49 2022 70 2023 419 2024 420 2025 419 2026 70 2027 420 2028 386 2029 387 2030 386 2031 420 2032 418 2033 37 2034 421 2035 416 2036 421 2037 37 2038 36 2039 405 2040 416 2041 421 2042 416 2043 405 2044 406 2045 384 2046 359 2047 360 2048 359 2049 384 2050 383 2051 359 2052 383 2053 406 2054 406 2055 382 2056 359 2057 383 2058 384 2059 417 2060 416 2061 406 2062 383 2063 417 2064 416 2065 383 2066 38 2067 37 2068 417 2069 417 2070 37 2071 416 2072 39 2073 38 2074 418 2075 417 2076 418 2077 38 2078 380 2079 403 2080 379 2081 403 2082 380 2083 404 2084 415 2085 403 2086 404 2087 404 2088 421 2089 415 2090 415 2091 421 2092 69 2093 421 2094 36 2095 69 2096 69 2097 63 2098 415 2099 413 2100 415 2101 63 2102 402 2103 403 2104 415 2105 445 2106 444 2107 455 2108 455 2109 456 2110 445 2111 456 2112 457 2113 446 2114 456 2115 446 2116 445 2117 434 2118 446 2119 457 2120 446 2121 434 2122 492 2123 452 2124 440 2125 439 2126 440 2127 452 2128 453 2129 467 2130 425 2131 465 2132 425 2133 467 2134 426 2135 465 2136 424 2137 466 2138 424 2139 465 2140 425 2141 452 2142 439 2143 459 2144 447 2145 459 2146 439 2147 439 2148 465 2149 447 2150 466 2151 447 2152 465 2153 423 2154 469 2155 466 2156 466 2157 424 2158 423 2159 447 2160 466 2161 469 2162 469 2163 433 2164 470 2165 433 2166 469 2167 423 2168 459 2169 448 2170 458 2171 448 2172 459 2173 447 2174 447 2175 470 2176 448 2177 470 2178 447 2179 469 2180 433 2181 422 2182 470 2183 470 2184 422 2185 471 2186 448 2187 470 2188 471 2189 458 2190 438 2191 451 2192 438 2193 458 2194 448 2195 428 2196 471 2197 422 2198 471 2199 428 2200 472 2201 472 2202 448 2203 471 2204 448 2205 472 2206 438 2207 451 2208 437 2209 450 2210 437 2211 451 2212 438 2213 429 2214 472 2215 428 2216 472 2217 429 2218 473 2219 473 2220 438 2221 472 2222 438 2223 473 2224 437 2225 437 2226 449 2227 450 2228 449 2229 437 2230 436 2231 449 2232 436 2233 493 2234 449 2235 493 2236 435 2237 474 2238 430 2239 431 2240 432 2241 534 2242 431 2243 431 2244 534 2245 474 2246 430 2247 473 2248 429 2249 473 2250 430 2251 474 2252 474 2253 437 2254 473 2255 437 2256 474 2257 436 2258 474 2259 534 2260 436 2261 534 2262 493 2263 436 2264 443 2265 460 2266 444 2267 455 2268 444 2269 460 2270 467 2271 440 2272 441 2273 439 2274 467 2275 465 2276 467 2277 439 2278 440 2279 453 2280 441 2281 440 2282 441 2283 453 2284 454 2285 461 2286 442 2287 454 2288 441 2289 454 2290 442 2291 468 2292 467 2293 441 2294 468 2295 442 2296 443 2297 442 2298 461 2299 443 2300 443 2301 461 2302 460 2303 446 2304 462 2305 445 2306 462 2307 446 2308 464 2309 492 2310 464 2311 446 2312 464 2313 492 2314 522 2315 475 2316 476 2317 464 2318 464 2319 522 2320 475 2321 462 2322 476 2323 477 2324 476 2325 462 2326 464 2327 445 2328 462 2329 444 2330 444 2331 462 2332 463 2333 443 2334 444 2335 463 2336 478 2337 462 2338 477 2339 462 2340 478 2341 463 2342 443 2343 463 2344 468 2345 441 2346 442 2347 468 2348 479 2349 463 2350 478 2351 463 2352 479 2353 468 2354 468 2355 426 2356 467 2357 426 2358 468 2359 427 2360 479 2361 480 2362 427 2363 427 2364 468 2365 479 2366 502 2367 503 2368 513 2369 514 2370 513 2371 503 2372 514 2373 504 2374 515 2375 504 2376 514 2377 503 2378 504 2379 434 2380 515 2381 434 2382 504 2383 492 2384 510 2385 497 2386 498 2387 510 2388 498 2389 511 2390 484 2391 526 2392 524 2393 526 2394 484 2395 485 2396 483 2397 524 2398 525 2399 524 2400 483 2401 484 2402 497 2403 510 2404 517 2405 517 2406 505 2407 497 2408 505 2409 525 2410 524 2411 505 2412 524 2413 497 2414 528 2415 482 2416 525 2417 525 2418 482 2419 483 2420 505 2421 528 2422 525 2423 528 2424 491 2425 482 2426 491 2427 528 2428 529 2429 517 2430 506 2431 505 2432 506 2433 517 2434 516 2435 505 2436 529 2437 528 2438 529 2439 505 2440 506 2441 491 2442 529 2443 481 2444 529 2445 530 2446 481 2447 506 2448 530 2449 529 2450 516 2451 496 2452 506 2453 496 2454 516 2455 509 2456 487 2457 481 2458 530 2459 487 2460 530 2461 531 2462 506 2463 531 2464 530 2465 531 2466 506 2467 496 2468 495 2469 509 2470 508 2471 509 2472 495 2473 496 2474 488 2475 487 2476 531 2477 488 2478 531 2479 532 2480 532 2481 496 2482 495 2483 496 2484 532 2485 531 2486 494 2487 495 2488 507 2489 507 2490 495 2491 508 2492 494 2493 507 2494 493 2495 435 2496 493 2497 507 2498 533 2499 490 2500 489 2501 432 2502 490 2503 534 2504 490 2505 533 2506 534 2507 489 2508 488 2509 532 2510 489 2511 532 2512 533 2513 533 2514 495 2515 494 2516 495 2517 533 2518 532 2519 533 2520 494 2521 534 2522 534 2523 494 2524 493 2525 502 2526 513 2527 518 2528 518 2529 501 2530 502 2531 526 2532 499 2533 498 2534 497 2535 526 2536 498 2537 526 2538 497 2539 524 2540 511 2541 498 2542 499 2543 511 2544 499 2545 512 2546 500 2547 512 2548 499 2549 512 2550 500 2551 519 2552 527 2553 499 2554 526 2555 527 2556 501 2557 500 2558 519 2559 500 2560 501 2561 501 2562 518 2563 519 2564 504 2565 520 2566 523 2567 520 2568 504 2569 503 2570 492 2571 523 2572 522 2573 523 2574 492 2575 504 2576 522 2577 523 2578 475 2579 475 2580 523 2581 535 2582 535 2583 520 2584 536 2585 520 2586 535 2587 523 2588 503 2589 502 2590 520 2591 502 2592 521 2593 520 2594 501 2595 521 2596 502 2597 520 2598 537 2599 536 2600 537 2601 520 2602 521 2603 501 2604 527 2605 521 2606 499 2607 527 2608 500 2609 538 2610 521 2611 527 2612 521 2613 538 2614 537 2615 485 2616 527 2617 526 2618 527 2619 485 2620 486 2621 539 2622 538 2623 486 2624 527 2625 486 2626 538 2627 547 2628 556 2629 548 2630 556 2631 547 2632 557 2633 546 2634 557 2635 547 2636 557 2637 546 2638 558 2639 545 2640 558 2641 546 2642 558 2643 545 2644 559 2645 561 2646 562 2647 622 2648 561 2649 622 2650 621 2651 562 2652 561 2653 560 2654 545 2655 562 2656 559 2657 562 2658 560 2659 559 2660 563 2661 562 2662 545 2663 548 2664 555 2665 540 2666 555 2667 548 2668 556 2669 540 2670 555 2671 633 2672 633 2673 555 2674 634 2675 562 2676 563 2677 623 2678 562 2679 623 2680 622 2681 571 2682 630 2683 570 2684 630 2685 571 2686 631 2687 633 2688 631 2689 540 2690 571 2691 540 2692 631 2693 544 2694 570 2695 569 2696 570 2697 544 2698 571 2699 571 2700 544 2701 540 2702 544 2703 548 2704 540 2705 568 2706 544 2707 572 2708 544 2709 569 2710 572 2711 628 2712 627 2713 572 2714 568 2715 572 2716 627 2717 542 2718 548 2719 544 2720 548 2721 542 2722 547 2723 567 2724 544 2725 568 2726 544 2727 567 2728 542 2729 568 2730 632 2731 567 2732 632 2733 568 2734 627 2735 543 2736 547 2737 542 2738 547 2739 543 2740 546 2741 566 2742 565 2743 543 2744 565 2745 566 2746 626 2747 565 2748 626 2749 625 2750 632 2751 626 2752 567 2753 566 2754 567 2755 626 2756 572 2757 569 2758 628 2759 569 2760 629 2761 628 2762 629 2763 569 2764 570 2765 570 2766 630 2767 629 2768 566 2769 542 2770 567 2771 542 2772 566 2773 543 2774 543 2775 563 2776 546 2777 563 2778 545 2779 546 2780 564 2781 563 2782 543 2783 543 2784 565 2785 564 2786 624 2787 563 2788 564 2789 563 2790 624 2791 623 2792 564 2793 625 2794 624 2795 625 2796 564 2797 565 2798 561 2799 621 2800 620 2801 561 2802 620 2803 549 2804 561 2805 550 2806 560 2807 550 2808 561 2809 549 2810 549 2811 636 2812 574 2813 636 2814 549 2815 620 2816 560 2817 551 2818 559 2819 551 2820 560 2821 550 2822 550 2823 574 2824 573 2825 574 2826 550 2827 549 2828 559 2829 552 2830 558 2831 552 2832 559 2833 551 2834 551 2835 573 2836 575 2837 573 2838 551 2839 550 2840 552 2841 557 2842 558 2843 557 2844 552 2845 553 2846 552 2847 551 2848 576 2849 575 2850 576 2851 551 2852 557 2853 553 2854 556 2855 556 2856 553 2857 554 2858 553 2859 552 2860 577 2861 576 2862 577 2863 552 2864 554 2865 577 2866 578 2867 577 2868 554 2869 553 2870 556 2871 541 2872 555 2873 541 2874 556 2875 554 2876 579 2877 554 2878 578 2879 554 2880 579 2881 541 2882 541 2883 634 2884 555 2885 634 2886 541 2887 635 2888 587 2889 596 2890 597 2891 596 2892 587 2893 588 2894 586 2895 597 2896 598 2897 597 2898 586 2899 587 2900 585 2901 598 2902 599 2903 598 2904 585 2905 586 2906 602 2907 601 2908 639 2909 638 2910 639 2911 601 2912 602 2913 600 2914 601 2915 585 2916 599 2917 602 2918 602 2919 599 2920 600 2921 603 2922 585 2923 602 2924 588 2925 580 2926 595 2927 588 2928 595 2929 596 2930 595 2931 580 2932 650 2933 650 2934 651 2935 595 2936 603 2937 602 2938 640 2939 639 2940 640 2941 602 2942 647 2943 611 2944 610 2945 611 2946 647 2947 648 2948 648 2949 580 2950 611 2951 580 2952 648 2953 650 2954 584 2955 609 2956 610 2957 584 2958 610 2959 611 2960 611 2961 580 2962 584 2963 584 2964 580 2965 588 2966 612 2967 584 2968 608 2969 609 2970 584 2971 612 2972 644 2973 645 2974 612 2975 644 2976 612 2977 608 2978 582 2979 588 2980 587 2981 588 2982 582 2983 584 2984 607 2985 584 2986 582 2987 584 2988 607 2989 608 2990 649 2991 608 2992 607 2993 608 2994 649 2995 644 2996 583 2997 587 2998 586 2999 587 3000 583 3001 582 3002 606 3003 583 3004 605 3005 642 3006 643 3007 605 3008 643 3009 606 3010 605 3011 643 3012 649 3013 607 3014 643 3015 607 3016 606 3017 645 3018 646 3019 609 3020 645 3021 609 3022 612 3023 646 3024 610 3025 609 3026 610 3027 646 3028 647 3029 582 3030 606 3031 607 3032 606 3033 582 3034 583 3035 583 3036 586 3037 603 3038 603 3039 586 3040 585 3041 604 3042 583 3043 603 3044 583 3045 604 3046 605 3047 641 3048 603 3049 640 3050 603 3051 641 3052 604 3053 642 3054 604 3055 641 3056 604 3057 642 3058 605 3059 601 3060 637 3061 638 3062 601 3063 589 3064 637 3065 601 3066 600 3067 590 3068 601 3069 590 3070 589 3071 589 3072 653 3073 637 3074 653 3075 589 3076 614 3077 600 3078 591 3079 590 3080 591 3081 600 3082 599 3083 590 3084 614 3085 589 3086 614 3087 590 3088 613 3089 599 3090 592 3091 591 3092 592 3093 599 3094 598 3095 591 3096 613 3097 590 3098 613 3099 591 3100 615 3101 598 3102 597 3103 592 3104 597 3105 593 3106 592 3107 591 3108 592 3109 616 3110 591 3111 616 3112 615 3113 597 3114 596 3115 593 3116 596 3117 594 3118 593 3119 592 3120 593 3121 617 3122 592 3123 617 3124 616 3125 594 3126 617 3127 593 3128 617 3129 594 3130 618 3131 596 3132 581 3133 594 3134 581 3135 596 3136 595 3137 619 3138 594 3139 581 3140 594 3141 619 3142 618 3143 651 3144 581 3145 595 3146 581 3147 651 3148 652 3149</p>
        </triangles>
      </mesh>
    </geometry>
    <geometry id="black_01-lib" name="black_01Mesh">
      <mesh>
        <source id="black_01-POSITION">
          <float_array id="black_01-POSITION-array" count="7716">
-0.325202 0.000000 0.000000
0.344033 0.000000 0.000000
-0.322054 -0.068306 0.000000
0.338929 -0.068306 0.000000
0.141330 -0.264900 0.147000
-0.141330 -0.264900 0.131500
-0.306679 -0.136818 0.131500
0.320273 -0.136818 0.147000
0.156330 -0.151818 0.147000
0.201330 -0.136818 0.147000
0.175080 -0.140568 0.147000
0.141330 -0.196819 0.147000
0.145080 -0.170568 0.147000
-0.156330 -0.151818 0.131500
-0.141330 -0.196819 0.131500
-0.145080 -0.170568 0.131500
-0.201330 -0.136818 0.131500
-0.175080 -0.140568 0.131500
0.320613 -0.135568 0.001250
0.321635 -0.131819 0.000000
0.320273 -0.136818 0.005000
0.201241 -0.135568 0.001250
0.201330 -0.136818 0.005000
0.174653 -0.139367 0.001250
0.175080 -0.140568 0.005000
0.155419 -0.150907 0.001250
0.156330 -0.151818 0.005000
0.143878 -0.170142 0.001250
0.145080 -0.170568 0.005000
0.140080 -0.196730 0.001250
0.141330 -0.196819 0.005000
0.140080 -0.264900 0.001250
0.141330 -0.264900 0.005000
0.136330 -0.264900 0.000000
-0.140080 -0.264900 0.001250
-0.136330 -0.264900 0.000000
-0.141330 -0.264900 0.005000
-0.140080 -0.196730 0.001250
-0.141330 -0.196819 0.005000
-0.143878 -0.170142 0.001250
-0.145080 -0.170568 0.005000
-0.155419 -0.150907 0.001250
-0.156330 -0.151818 0.005000
-0.174653 -0.139367 0.001250
-0.175080 -0.140568 0.005000
-0.201241 -0.135568 0.001250
-0.201330 -0.136818 0.005000
-0.306960 -0.135568 0.001250
-0.306679 -0.136818 0.005000
-0.307801 -0.131819 0.000000
0.200975 -0.131819 0.000000
0.173373 -0.135762 0.000000
0.152686 -0.148174 0.000000
0.140273 -0.168862 0.000000
0.136330 -0.196463 0.000000
-0.136330 -0.196463 0.000000
-0.140273 -0.168862 0.000000
-0.152686 -0.148174 0.000000
-0.173373 -0.135762 0.000000
-0.200975 -0.131819 0.000000
-0.260676 -0.264900 0.131500
-0.306617 -0.187026 0.131500
0.273413 -0.264900 0.147000
0.319871 -0.190070 0.147000
-0.322054 0.068306 -0.000000
0.338929 0.068306 -0.000000
0.141330 0.264900 0.147000
-0.141330 0.264900 0.131500
-0.306679 0.136819 0.131500
0.320273 0.136819 0.147000
0.156330 0.151819 0.147000
0.201330 0.136819 0.147000
0.175080 0.140569 0.147000
0.141330 0.196819 0.147000
0.145080 0.170569 0.147000
-0.156330 0.151819 0.131500
-0.141330 0.196819 0.131500
-0.145080 0.170569 0.131500
-0.201330 0.136819 0.131500
-0.175080 0.140569 0.131500
0.320613 0.135568 0.001250
0.321635 0.131819 -0.000000
0.320273 0.136818 0.005000
0.201241 0.135568 0.001250
0.201330 0.136818 0.005000
0.174653 0.139367 0.001250
0.175080 0.140568 0.005000
0.155419 0.150907 0.001250
0.156330 0.151818 0.005000
0.143878 0.170142 0.001250
0.145080 0.170568 0.005000
0.140080 0.196730 0.001250
0.141330 0.196819 0.005000
0.140080 0.264900 0.001250
0.141330 0.264900 0.005000
0.136330 0.264900 -0.000000
-0.140080 0.264900 0.001250
-0.136330 0.264900 -0.000000
-0.141330 0.264900 0.005000
-0.140080 0.196730 0.001250
-0.141330 0.196819 0.005000
-0.143878 0.170142 0.001250
-0.145080 0.170568 0.005000
-0.155419 0.150907 0.001250
-0.156330 0.151818 0.005000
-0.174653 0.139367 0.001250
-0.175080 0.140568 0.005000
-0.201241 0.135568 0.001250
-0.201330 0.136818 0.005000
-0.306960 0.135568 0.001250
-0.306679 0.136818 0.005000
-0.307801 0.131819 -0.000000
0.200975 0.131819 -0.000000
0.173373 0.135762 -0.000000
0.152686 0.148174 -0.000000
0.140273 0.168862 -0.000000
0.136330 0.196463 -0.000000
-0.136330 0.196463 -0.000000
-0.140273 0.168862 -0.000000
-0.152686 0.148174 -0.000000
-0.173373 0.135762 -0.000000
-0.200975 0.131819 -0.000000
-0.260676 0.264900 0.131500
-0.306617 0.187026 0.131500
0.273413 0.264900 0.147000
0.319871 0.190070 0.147000
-0.072480 0.306627 0.252013
-0.094425 0.298556 0.276112
-0.101425 0.294263 0.283809
-0.106382 0.286035 0.289422
-0.110692 0.273793 0.294226
-0.103180 0.271401 0.295344
-0.097144 0.267316 0.296982
-0.094673 0.259989 0.299578
-0.101236 0.228098 0.308693
-0.108258 0.196835 0.315605
-0.112681 0.189947 0.316834
-0.119257 0.185698 0.317451
-0.131122 0.182272 0.317932
-0.134376 0.160251 0.321275
-0.134781 0.156805 0.320920
-0.129841 0.302828 0.251591
-0.138687 0.302832 0.247051
-0.142137 0.304348 0.237427
-0.143794 0.307447 0.215737
-0.143566 0.309646 0.194672
-0.137625 0.279523 0.290875
-0.172711 0.272368 0.291313
-0.203511 0.265506 0.290964
-0.229666 0.254615 0.291367
-0.254629 0.243363 0.290821
-0.277518 0.227367 0.291031
-0.298018 0.209855 0.290658
-0.314648 0.190578 0.289885
-0.327219 0.169715 0.289107
-0.335598 0.147727 0.289949
-0.342552 0.144970 0.282860
-0.332333 0.171347 0.282843
-0.319283 0.194749 0.283340
-0.302708 0.215881 0.284115
-0.282174 0.234980 0.284583
-0.258830 0.251441 0.284937
-0.233364 0.264505 0.285455
-0.206063 0.275710 0.285216
-0.173718 0.283512 0.285455
-0.138186 0.289985 0.284824
-0.136080 0.295397 0.274732
-0.172436 0.290151 0.273828
-0.207356 0.281606 0.274026
-0.235761 0.270935 0.273821
-0.261779 0.257009 0.273970
-0.285290 0.240266 0.273134
-0.305817 0.220362 0.272875
-0.322763 0.198172 0.272398
-0.335997 0.173460 0.273079
-0.348209 0.140662 0.272856
-0.177248 0.298595 0.238272
-0.179310 0.301595 0.216653
-0.174307 0.294799 0.257229
-0.208484 0.286255 0.257844
-0.237148 0.275461 0.257733
-0.263621 0.261204 0.258392
-0.287246 0.244230 0.257799
-0.307995 0.224112 0.257651
-0.325295 0.201403 0.257308
-0.338818 0.176427 0.257838
-0.354201 0.132236 0.258031
-0.132264 0.300541 0.258783
-0.209397 0.290463 0.238397
-0.238052 0.279601 0.238461
-0.265124 0.265043 0.239344
-0.288923 0.247731 0.239396
-0.309879 0.227364 0.239186
-0.327509 0.204027 0.239057
-0.341329 0.178450 0.239359
-0.351621 0.151794 0.239401
-0.359460 0.123476 0.238411
-0.357236 0.124545 0.252062
-0.365205 0.093620 0.238959
-0.369294 0.062992 0.238976
-0.371779 0.031814 0.239087
-0.372597 -0.000000 0.239458
-0.210597 0.293515 0.216913
-0.238762 0.282707 0.217096
-0.266155 0.267970 0.217707
-0.290142 0.250409 0.217931
-0.311130 0.229754 0.218628
-0.328736 0.206347 0.218239
-0.342457 0.181044 0.218486
-0.352880 0.153983 0.218671
-0.360777 0.125119 0.218606
-0.366663 0.094772 0.218343
-0.370706 0.064362 0.218527
-0.373285 0.031858 0.218963
-0.349006 0.149824 0.258317
-0.360515 0.112393 0.248424
-0.364245 0.093243 0.246838
-0.368239 0.062694 0.246425
-0.370750 0.031785 0.245937
-0.334996 0.144372 0.289884
-0.342007 0.141611 0.283001
-0.347044 0.137468 0.273730
-0.352897 0.129489 0.259576
-0.355431 0.122763 0.254096
-0.358326 0.110688 0.250701
-0.361680 0.092714 0.249284
-0.365873 0.062312 0.248516
-0.368596 0.031582 0.248206
-0.342397 0.183417 0.194673
-0.344936 0.177150 0.204017
-0.348802 0.166985 0.209418
-0.352815 0.155306 0.211214
-0.361554 0.123495 0.207931
-0.359002 0.133883 0.211046
-0.362117 0.116520 0.203158
-0.364213 0.111258 0.194359
-0.367158 0.094360 0.194748
-0.371050 0.064419 0.194773
-0.372822 0.031345 0.194923
-0.373881 -0.000000 0.194921
-0.329162 0.207872 0.194290
-0.312363 0.230624 0.194355
-0.290674 0.251903 0.194116
-0.266421 0.269898 0.194344
-0.239596 0.284430 0.194487
-0.223072 0.291375 0.194679
-0.153671 0.307253 0.194846
-0.177575 0.301891 0.208408
-0.167599 0.303953 0.206885
-0.159489 0.305752 0.202224
-0.200864 0.297390 0.208410
-0.210716 0.294671 0.206137
-0.217613 0.291686 0.202137
-0.124654 0.275771 0.292977
-0.123129 0.226066 0.308368
-0.144454 0.225729 0.307377
-0.170347 0.222971 0.306725
-0.194147 0.218794 0.305884
-0.219783 0.214658 0.304588
-0.244411 0.209009 0.303130
-0.323920 0.167711 0.292541
-0.310272 0.185270 0.294309
-0.293450 0.201593 0.295440
-0.272523 0.215881 0.296455
-0.249384 0.229191 0.296775
-0.224713 0.237444 0.297700
-0.199086 0.245391 0.298278
-0.170788 0.251178 0.298755
-0.138113 0.257588 0.298734
-0.116150 0.256732 0.299987
-0.268379 0.199852 0.301780
-0.289741 0.189246 0.300218
-0.306879 0.177059 0.298471
-0.319475 0.165663 0.296105
-0.326509 0.150185 0.296250
-0.151165 0.193171 0.314512
-0.188805 0.189775 0.312930
-0.215299 0.187587 0.311158
-0.240021 0.184292 0.309049
-0.265123 0.179119 0.306811
-0.287891 0.173105 0.304416
-0.306818 0.164118 0.301802
-0.155753 0.159757 0.320426
-0.188857 0.158101 0.318577
-0.212576 0.157518 0.317016
-0.235869 0.157056 0.314979
-0.263690 0.156535 0.311923
-0.288011 0.155393 0.308451
-0.305193 0.153538 0.304904
-0.325891 0.146876 0.296111
-0.304645 0.150245 0.304607
-0.287811 0.151713 0.308287
-0.263282 0.153067 0.311718
-0.235341 0.154161 0.314679
-0.211993 0.154785 0.316695
-0.188415 0.155607 0.318351
-0.155571 0.156492 0.320133
-0.128266 0.199787 0.314112
-0.119701 0.225854 0.308083
-0.111428 0.226679 0.307870
-0.105538 0.254169 0.300360
-0.106207 0.255983 0.299866
-0.107931 0.256961 0.299672
-0.111330 0.257005 0.299830
-0.113195 0.255695 0.300279
-0.125097 0.199892 0.314307
-0.123422 0.198161 0.314655
-0.120152 0.199274 0.314331
-0.118287 0.200644 0.313959
-0.116784 0.203049 0.313378
-0.072480 -0.306627 0.252013
-0.094425 -0.298556 0.276111
-0.101425 -0.294264 0.283809
-0.106382 -0.286035 0.289422
-0.110692 -0.273793 0.294225
-0.103180 -0.271401 0.295344
-0.097144 -0.267316 0.296982
-0.094673 -0.259989 0.299578
-0.101236 -0.228098 0.308693
-0.108258 -0.196835 0.315605
-0.112681 -0.189948 0.316833
-0.119257 -0.185698 0.317451
-0.131122 -0.182272 0.317931
-0.134376 -0.160251 0.321275
-0.134781 -0.156806 0.320919
-0.129841 -0.302828 0.251591
-0.138687 -0.302832 0.247050
-0.142137 -0.304348 0.237427
-0.143794 -0.307447 0.215737
-0.143566 -0.309646 0.194672
-0.137625 -0.279524 0.290875
-0.174034 -0.273288 0.290935
-0.203511 -0.265506 0.290964
-0.229666 -0.254615 0.291367
-0.257583 -0.243100 0.292204
-0.277518 -0.227368 0.291031
-0.298018 -0.209856 0.290658
-0.314648 -0.190578 0.289885
-0.327219 -0.169715 0.289107
-0.335598 -0.147727 0.289949
-0.342552 -0.144970 0.282860
-0.332333 -0.171347 0.282843
-0.319283 -0.194749 0.283340
-0.302708 -0.215881 0.284114
-0.282174 -0.234980 0.284583
-0.258830 -0.251441 0.284937
-0.233364 -0.264505 0.285455
-0.206063 -0.275710 0.285215
-0.173718 -0.283512 0.285455
-0.138186 -0.289985 0.284824
-0.136080 -0.295398 0.274732
-0.172436 -0.290151 0.273828
-0.207356 -0.281606 0.274025
-0.235761 -0.270935 0.273820
-0.261779 -0.257009 0.273970
-0.285290 -0.240267 0.273134
-0.305817 -0.220363 0.272874
-0.322763 -0.198172 0.272398
-0.335997 -0.173460 0.273079
-0.348209 -0.140662 0.272856
-0.177248 -0.298595 0.238272
-0.179310 -0.301595 0.216652
-0.174307 -0.294800 0.257229
-0.208484 -0.286255 0.257844
-0.237148 -0.275461 0.257733
-0.263621 -0.261204 0.258391
-0.287246 -0.244230 0.257798
-0.307995 -0.224112 0.257651
-0.325295 -0.201403 0.257308
-0.338818 -0.176427 0.257838
-0.354201 -0.132236 0.258031
-0.132264 -0.300542 0.258783
-0.209397 -0.290463 0.238396
-0.238052 -0.279602 0.238461
-0.265124 -0.265043 0.239344
-0.288923 -0.247731 0.239396
-0.309879 -0.227364 0.239186
-0.327509 -0.204027 0.239057
-0.341329 -0.178450 0.239359
-0.351621 -0.151794 0.239401
-0.359460 -0.123476 0.238411
-0.357236 -0.124546 0.252062
-0.365205 -0.093620 0.238959
-0.369294 -0.062993 0.238975
-0.371779 -0.031814 0.239087
-0.210597 -0.293515 0.216913
-0.238762 -0.282707 0.217096
-0.266155 -0.267970 0.217706
-0.290142 -0.250409 0.217931
-0.311130 -0.229754 0.218628
-0.328736 -0.206347 0.218239
-0.342457 -0.181044 0.218486
-0.352880 -0.153984 0.218671
-0.360777 -0.125119 0.218606
-0.366663 -0.094772 0.218343
-0.370706 -0.064362 0.218527
-0.373285 -0.031859 0.218963
-0.374158 -0.000000 0.218621
-0.349006 -0.149825 0.258317
-0.360515 -0.112393 0.248424
-0.364245 -0.093243 0.246838
-0.368239 -0.062694 0.246425
-0.370750 -0.031785 0.245937
-0.371773 -0.000000 0.245909
-0.334996 -0.144372 0.289884
-0.342007 -0.141611 0.283000
-0.347044 -0.137468 0.273730
-0.352897 -0.129489 0.259576
-0.355431 -0.122763 0.254096
-0.358326 -0.110689 0.250701
-0.361680 -0.092715 0.249284
-0.365873 -0.062312 0.248516
-0.368596 -0.031582 0.248206
-0.369252 -0.000000 0.248122
-0.342396 -0.183417 0.194673
-0.344936 -0.177150 0.204016
-0.348802 -0.166986 0.209418
-0.352815 -0.155306 0.211214
-0.361560 -0.123497 0.207931
-0.359002 -0.133883 0.211046
-0.362114 -0.116520 0.203158
-0.364213 -0.111259 0.194359
-0.367158 -0.094360 0.194748
-0.371050 -0.064419 0.194773
-0.372822 -0.031345 0.194923
-0.329141 -0.207860 0.194290
-0.312257 -0.230536 0.194348
-0.290767 -0.252019 0.194121
-0.266473 -0.269977 0.194349
-0.239596 -0.284430 0.194486
-0.223071 -0.291375 0.194678
-0.153671 -0.307253 0.194846
-0.177575 -0.301891 0.208407
-0.167599 -0.303954 0.206885
-0.159489 -0.305752 0.202224
-0.200864 -0.297387 0.208410
-0.210716 -0.294671 0.206137
-0.217611 -0.291680 0.202136
-0.124654 -0.275772 0.292977
-0.123129 -0.226066 0.308368
-0.144454 -0.225730 0.307377
-0.323920 -0.167711 0.292541
-0.310272 -0.185270 0.294309
-0.294871 -0.204107 0.294344
-0.138113 -0.257589 0.298734
-0.116150 -0.256733 0.299987
-0.294635 -0.187103 0.299847
-0.306879 -0.177059 0.298471
-0.319475 -0.165663 0.296105
-0.326509 -0.150185 0.296250
-0.149343 -0.200914 0.317393
-0.289009 -0.172864 0.304700
-0.306818 -0.164118 0.301801
-0.155552 -0.159904 0.320413
-0.188296 -0.158636 0.318536
-0.212495 -0.157702 0.317034
-0.235869 -0.157056 0.314979
-0.263690 -0.156535 0.311923
-0.288011 -0.155393 0.308451
-0.305193 -0.153539 0.304903
-0.325891 -0.146877 0.296111
-0.304645 -0.150245 0.304606
-0.287811 -0.151713 0.308287
-0.263282 -0.153067 0.311718
-0.235341 -0.154161 0.314679
-0.211993 -0.154785 0.316695
-0.188415 -0.155607 0.318351
-0.155571 -0.156493 0.320133
-0.128266 -0.199787 0.314112
-0.119701 -0.225854 0.308083
-0.111428 -0.226679 0.307870
-0.105538 -0.254169 0.300360
-0.106207 -0.255983 0.299866
-0.107931 -0.256962 0.299672
-0.111330 -0.257005 0.299830
-0.113195 -0.255695 0.300279
-0.125097 -0.199892 0.314307
-0.123422 -0.198161 0.314655
-0.120152 -0.199274 0.314331
-0.118287 -0.200644 0.313959
-0.116784 -0.203050 0.313378
-0.254700 -0.214881 0.324079
-0.257587 -0.208904 0.323573
-0.258972 -0.201869 0.323327
-0.258224 -0.195386 0.323457
-0.256370 -0.189917 0.323785
-0.252659 -0.184497 0.324440
-0.247831 -0.180472 0.325293
-0.242061 -0.177791 0.326305
-0.235228 -0.176567 0.327512
-0.229178 -0.177328 0.328572
-0.223299 -0.179682 0.329618
-0.218480 -0.183067 0.330463
-0.214501 -0.187995 0.331167
-0.211914 -0.194064 0.331626
-0.210694 -0.200733 0.331833
-0.211635 -0.207157 0.331672
-0.213588 -0.212534 0.331329
-0.216629 -0.217134 0.330793
-0.221111 -0.221059 0.330003
-0.226680 -0.224117 0.329020
-0.233537 -0.225509 0.327808
-0.239744 -0.224993 0.326713
-0.245999 -0.222865 0.325610
-0.250972 -0.219351 0.324737
-0.274189 -0.203351 0.313465
-0.273179 -0.214012 0.313718
-0.268343 -0.225619 0.314728
-0.261568 -0.233318 0.315100
-0.252313 -0.237250 0.317307
-0.238431 -0.238400 0.319807
-0.228956 -0.238544 0.321430
-0.219677 -0.238575 0.323194
-0.208648 -0.237501 0.325189
-0.194092 -0.232850 0.327029
-0.186407 -0.223138 0.328968
-0.183452 -0.212035 0.329557
-0.182908 -0.201222 0.329683
-0.183390 -0.190527 0.329330
-0.189338 -0.178916 0.328375
-0.201074 -0.170884 0.326407
-0.214853 -0.168758 0.324206
-0.224789 -0.167978 0.322178
-0.234382 -0.168046 0.320563
-0.243379 -0.168624 0.319209
-0.252401 -0.169604 0.317488
-0.260448 -0.172721 0.316079
-0.269095 -0.181037 0.314500
-0.273221 -0.191141 0.313689
-0.208282 -0.200683 0.332013
-0.209001 -0.207596 0.331854
-0.211273 -0.213475 0.331467
-0.214639 -0.218744 0.330841
-0.219624 -0.223239 0.329996
-0.225804 -0.226403 0.328913
-0.232986 -0.227750 0.327673
-0.240069 -0.227423 0.326411
-0.247277 -0.225089 0.325025
-0.252663 -0.221364 0.324104
-0.256821 -0.216276 0.323438
-0.259928 -0.209590 0.322900
-0.261209 -0.201943 0.322698
-0.260550 -0.194840 0.322814
-0.258354 -0.188709 0.323194
-0.254217 -0.182483 0.323869
-0.248908 -0.178209 0.324749
-0.242845 -0.175296 0.325717
-0.235452 -0.174009 0.327087
-0.228445 -0.174855 0.328394
-0.222013 -0.177582 0.329594
-0.216705 -0.181196 0.330465
-0.212223 -0.187178 0.331327
-0.209181 -0.193540 0.331788
-0.197483 -0.200985 0.330357
-0.198699 -0.209350 0.330357
-0.202741 -0.216808 0.330203
-0.210098 -0.221916 0.329915
-0.217422 -0.225854 0.329238
-0.224622 -0.228062 0.328183
-0.232314 -0.229466 0.326765
-0.239904 -0.228833 0.325371
-0.247909 -0.227003 0.323730
-0.254870 -0.224268 0.321868
-0.261113 -0.219814 0.319932
-0.266171 -0.211346 0.318235
-0.267517 -0.202513 0.317798
-0.266206 -0.193366 0.318285
-0.262528 -0.185577 0.319473
-0.255979 -0.179775 0.321577
-0.249618 -0.175999 0.322948
-0.242637 -0.174215 0.324609
-0.235240 -0.172949 0.325799
-0.228120 -0.173833 0.327293
-0.221227 -0.175676 0.328698
-0.213394 -0.178882 0.329563
-0.205261 -0.184749 0.330164
-0.199578 -0.192611 0.330361
-0.285688 -0.203602 0.299382
-0.260384 -0.237134 0.300607
-0.218890 -0.244408 0.305361
-0.182410 -0.241281 0.310801
-0.160636 -0.201736 0.320136
-0.192553 -0.165670 0.319241
-0.234780 -0.162457 0.315034
-0.267542 -0.165935 0.310607
-0.280529 -0.175548 0.306729
-0.276634 -0.221908 0.299730
-0.240390 -0.243351 0.302179
-0.199920 -0.243531 0.308734
-0.163200 -0.220331 0.317132
-0.168920 -0.178568 0.322261
-0.215023 -0.162808 0.316938
-0.255190 -0.162855 0.312589
-0.284412 -0.189832 0.303700
-0.169527 -0.232741 0.313863
-0.105259 -0.000000 0.035000
-0.106966 0.006370 0.035000
-0.111629 0.011034 0.035000
-0.118000 0.012741 0.035000
-0.124371 0.011034 0.035000
-0.129034 0.006371 0.035000
-0.130741 -0.000000 0.035000
-0.129034 -0.006371 0.035000
-0.124371 -0.011034 0.035000
-0.118000 -0.012741 0.035000
-0.111630 -0.011034 0.035000
-0.106966 -0.006371 0.035000
-0.105259 -0.000000 0.193000
-0.106966 0.006370 0.193000
-0.111629 0.011034 0.193000
-0.118000 0.012741 0.193000
-0.124371 0.011034 0.193000
-0.129034 0.006370 0.193000
-0.130741 -0.000000 0.193000
-0.129034 -0.006371 0.193000
-0.124371 -0.011034 0.193000
-0.118000 -0.012741 0.193000
-0.111630 -0.011034 0.193000
-0.106966 -0.006371 0.193000
-0.343858 -0.000000 0.191913
-0.344812 -0.000000 0.229636
-0.352043 -0.000000 0.242020
-0.360881 -0.000000 0.247942
-0.369252 -0.000000 0.248122
0.022565 -0.000000 0.093343
0.031500 -0.000000 0.073951
0.199429 -0.000000 0.094232
0.199489 -0.000000 0.161542
0.205686 -0.000000 0.176346
0.219717 -0.000000 0.181913
0.336244 -0.000000 0.181918
0.356209 -0.000000 0.200758
0.348522 -0.000000 0.186377
0.362553 -0.000000 0.223445
0.371483 -0.000000 0.223123
0.370583 -0.036664 0.223314
0.366988 -0.071003 0.225139
0.360910 -0.099508 0.230616
0.355786 -0.112138 0.238449
0.348552 -0.121473 0.251646
0.342084 -0.126905 0.260404
0.333688 -0.130586 0.266828
0.320203 -0.134733 0.274225
0.305123 -0.138490 0.281231
0.291594 -0.141006 0.286120
0.271086 -0.144512 0.293158
0.251850 -0.146983 0.298273
0.234390 -0.148815 0.302255
0.213674 -0.150704 0.306397
0.191511 -0.152270 0.309780
0.164488 -0.153752 0.313193
0.134585 -0.154925 0.315950
0.103043 -0.155795 0.318158
0.021019 -0.157261 0.321679
-0.074376 -0.157359 0.322215
-0.134781 -0.156806 0.320919
-0.155571 -0.156493 0.320133
-0.188415 -0.155607 0.318351
-0.211993 -0.154785 0.316695
-0.235341 -0.154161 0.314679
-0.263282 -0.153067 0.311718
-0.287811 -0.151713 0.308287
-0.304645 -0.150245 0.304606
-0.325891 -0.146877 0.296111
-0.334996 -0.144372 0.289884
-0.342007 -0.141611 0.283000
-0.347044 -0.137468 0.273730
-0.352897 -0.129489 0.259576
-0.355431 -0.122763 0.254096
-0.358282 -0.110538 0.250655
-0.361680 -0.092715 0.249284
-0.365873 -0.062313 0.248516
-0.368596 -0.031582 0.248206
0.361827 -0.035944 0.223909
0.358358 -0.069850 0.225939
0.352146 -0.095919 0.231641
0.347122 -0.107144 0.239694
0.339941 -0.115341 0.252182
0.334189 -0.119540 0.259257
0.327996 -0.122222 0.263983
0.315464 -0.126249 0.270867
0.300518 -0.129899 0.277941
0.286475 -0.132847 0.283018
0.268391 -0.136017 0.289355
0.250172 -0.138565 0.293993
0.233543 -0.140025 0.297467
0.210804 -0.142018 0.301536
0.189695 -0.143122 0.304284
0.163119 -0.144534 0.307694
0.133761 -0.145319 0.309953
0.102859 -0.145854 0.311606
0.019900 -0.147137 0.315718
-0.074981 -0.147364 0.317633
-0.134309 -0.146159 0.315556
-0.155414 -0.146009 0.315216
-0.189231 -0.145238 0.313437
-0.212373 -0.144301 0.311401
-0.235975 -0.143754 0.309864
-0.263222 -0.142669 0.306897
-0.285133 -0.141923 0.304316
-0.302235 -0.140537 0.300555
-0.321973 -0.137013 0.291970
-0.328567 -0.134739 0.287005
-0.333624 -0.132541 0.281702
-0.336983 -0.130136 0.276031
-0.341987 -0.124701 0.265184
-0.345402 -0.119059 0.258106
-0.349410 -0.108183 0.251714
-0.353966 -0.090152 0.249652
-0.358425 -0.061846 0.248765
-0.360482 -0.031998 0.248386
-0.351379 -0.032141 0.242923
-0.348187 -0.060591 0.243591
-0.343234 -0.088269 0.244039
-0.335120 -0.087369 0.229495
-0.340794 -0.059604 0.230480
-0.343837 -0.032991 0.230553
-0.343395 -0.034213 0.192600
-0.339619 -0.061936 0.191913
-0.334043 -0.088144 0.191913
-0.338883 -0.104812 0.245991
-0.328890 -0.120367 0.255228
-0.312715 -0.126211 0.263504
-0.284962 -0.128802 0.268678
-0.251336 -0.129902 0.270941
-0.201133 -0.130802 0.273035
-0.143635 -0.131036 0.273448
-0.078447 -0.131411 0.274321
0.018554 -0.131071 0.273071
0.115116 -0.130957 0.272178
0.172547 -0.130960 0.269925
0.217369 -0.130532 0.265348
0.254813 -0.129806 0.259186
0.287972 -0.128382 0.249030
0.313490 -0.122603 0.234590
0.325143 -0.117765 0.226058
0.340489 -0.104378 0.213436
0.351458 -0.071994 0.204827
0.355150 -0.037619 0.201804
-0.318230 -0.120628 0.229187
-0.270410 -0.126862 0.230781
-0.084480 -0.128080 0.235597
0.012886 -0.128086 0.236560
0.136100 -0.128071 0.232731
0.185034 -0.128052 0.229567
0.230085 -0.128031 0.226460
0.267702 -0.128023 0.221649
0.309549 -0.123016 0.206187
0.347399 -0.038635 0.187189
0.344597 -0.073645 0.188646
0.334868 -0.105615 0.193670
0.334668 -0.037836 0.181919
0.331071 -0.070349 0.181986
0.320139 -0.096741 0.182164
0.302277 -0.104866 0.182023
0.266201 -0.107385 0.181913
0.219620 -0.107246 0.181913
0.205730 -0.107763 0.176383
0.199462 -0.108328 0.161119
0.199392 -0.108208 0.094249
0.191111 -0.108112 0.074307
0.180580 -0.127822 0.199625
0.204837 -0.123783 0.189733
0.192772 -0.122698 0.173004
0.197867 -0.121159 0.183013
0.265566 -0.000000 0.181913
0.305035 -0.000000 0.181913
0.306522 -0.121344 0.192887
0.265606 -0.126519 0.194675
-0.318178 -0.119153 0.191913
-0.278908 -0.126366 0.193115
-0.181581 -0.127720 0.191180
0.047735 -0.125899 0.094914
0.022569 -0.108604 0.092977
0.031243 -0.107802 0.074054
0.180646 -0.127495 0.093615
0.193709 -0.121490 0.093423
0.049820 -0.119917 0.080095
0.180428 -0.122201 0.080954
0.091912 -0.127915 0.193430
-0.278908 -0.000000 0.191913
-0.168208 -0.128030 0.233791
0.191270 -0.000000 0.074552
0.370583 0.036663 0.223314
0.366988 0.071002 0.225139
0.360910 0.099508 0.230616
0.355786 0.112138 0.238449
0.348552 0.121473 0.251646
0.342084 0.126904 0.260404
0.333688 0.130586 0.266828
0.320203 0.134733 0.274225
0.305123 0.138490 0.281231
0.291594 0.141006 0.286120
0.271086 0.144512 0.293158
0.251850 0.146983 0.298273
0.234390 0.148815 0.302255
0.213674 0.150704 0.306397
0.191511 0.152270 0.309780
0.164488 0.153752 0.313194
0.134585 0.154925 0.315950
0.103043 0.155795 0.318158
0.021019 0.157261 0.321679
-0.074376 0.157359 0.322215
-0.134781 0.156805 0.320919
-0.155571 0.156492 0.320133
-0.188415 0.155607 0.318351
-0.211993 0.154785 0.316695
-0.235341 0.154161 0.314679
-0.263282 0.153067 0.311718
-0.287811 0.151713 0.308287
-0.304645 0.150245 0.304607
-0.325891 0.146877 0.296111
-0.334996 0.144372 0.289884
-0.342007 0.141611 0.283000
-0.347044 0.137468 0.273730
-0.352897 0.129489 0.259576
-0.355431 0.122763 0.254096
-0.358282 0.110538 0.250655
-0.361680 0.092714 0.249284
-0.365873 0.062312 0.248516
-0.368596 0.031582 0.248206
0.361827 0.035944 0.223909
0.358358 0.069850 0.225939
0.352146 0.095919 0.231641
0.347122 0.107144 0.239694
0.339941 0.115341 0.252182
0.334189 0.119540 0.259257
0.327996 0.122222 0.263983
0.315464 0.126249 0.270867
0.300518 0.129899 0.277941
0.286475 0.132847 0.283018
0.268391 0.136016 0.289355
0.250172 0.138565 0.293993
0.233543 0.140025 0.297467
0.210804 0.142018 0.301536
0.189695 0.143122 0.304284
0.163119 0.144534 0.307694
0.133761 0.145319 0.309953
0.102859 0.145854 0.311606
0.019900 0.147137 0.315718
-0.074981 0.147364 0.317633
-0.134309 0.146159 0.315556
-0.155414 0.146009 0.315216
-0.189231 0.145238 0.313438
-0.212373 0.144301 0.311401
-0.235975 0.143754 0.309864
-0.263222 0.142669 0.306897
-0.285133 0.141923 0.304316
-0.302235 0.140537 0.300555
-0.321973 0.137013 0.291970
-0.328567 0.134739 0.287005
-0.333624 0.132541 0.281702
-0.336983 0.130136 0.276031
-0.341987 0.124701 0.265185
-0.345402 0.119059 0.258106
-0.349410 0.108183 0.251714
-0.353966 0.090152 0.249652
-0.358425 0.061846 0.248765
-0.360482 0.031998 0.248386
-0.351379 0.032140 0.242923
-0.348187 0.060591 0.243591
-0.343234 0.088269 0.244039
-0.335120 0.087368 0.229495
-0.340794 0.059604 0.230480
-0.343837 0.032991 0.230553
-0.343395 0.034213 0.192600
-0.339619 0.061936 0.191913
-0.334043 0.088144 0.191913
-0.338883 0.104811 0.245991
-0.328890 0.120367 0.255228
-0.312715 0.126211 0.263504
-0.284962 0.128802 0.268678
-0.251336 0.129902 0.270941
-0.201133 0.130802 0.273035
-0.143635 0.131036 0.273448
-0.078447 0.131411 0.274321
0.018554 0.131071 0.273071
0.115116 0.130956 0.272178
0.172547 0.130960 0.269925
0.217369 0.130531 0.265348
0.254813 0.129806 0.259186
0.287972 0.128382 0.249030
0.313490 0.122603 0.234590
0.325143 0.117765 0.226058
0.340489 0.104378 0.213436
0.351458 0.071994 0.204827
0.355150 0.037619 0.201804
-0.318230 0.120628 0.229187
-0.270410 0.126862 0.230781
-0.168208 0.128030 0.233791
-0.084480 0.128080 0.235598
0.012886 0.128086 0.236560
0.136100 0.128071 0.232731
0.185034 0.128052 0.229567
0.230085 0.128031 0.226460
0.267702 0.128023 0.221649
0.309549 0.123016 0.206187
0.347399 0.038635 0.187189
0.344597 0.073645 0.188646
0.334868 0.105615 0.193670
0.334668 0.037836 0.181919
0.331071 0.070349 0.181986
0.320139 0.096741 0.182164
0.302277 0.104866 0.182023
0.266201 0.107385 0.181913
0.219620 0.107246 0.181913
0.205730 0.107763 0.176383
0.199462 0.108328 0.161119
0.199392 0.108207 0.094249
0.191111 0.108112 0.074308
0.180580 0.127822 0.199625
0.204837 0.123783 0.189733
0.192772 0.122698 0.173004
0.197867 0.121159 0.183013
0.306522 0.121344 0.192887
0.265606 0.126518 0.194675
-0.181581 0.127720 0.191180
-0.318178 0.119153 0.191913
-0.278908 0.126366 0.193115
-0.187214 -0.000000 0.190784
0.047735 0.125899 0.094914
0.022569 0.108604 0.092977
0.031243 0.107802 0.074054
0.180646 0.127495 0.093615
0.193709 0.121490 0.093423
0.049820 0.119917 0.080095
0.180428 0.122201 0.080955
0.091912 0.127915 0.193430
0.132147 -0.305717 0.216840
0.132147 0.305717 0.216841
0.160309 -0.302577 0.215409
0.160309 0.302576 0.215409
0.189490 -0.297608 0.214353
0.189490 0.297608 0.214353
0.221994 -0.289493 0.212943
0.221994 0.289492 0.212943
0.251793 -0.277846 0.211520
0.251793 0.277846 0.211520
0.279918 -0.260261 0.210032
0.279918 0.260261 0.210033
0.301241 -0.239972 0.208823
0.301241 0.239972 0.208823
0.318744 -0.217372 0.207955
0.318744 0.217371 0.207955
0.334199 -0.192050 0.207077
0.334199 0.192049 0.207077
0.348387 -0.162986 0.206089
0.348387 0.162986 0.206089
0.357753 -0.138791 0.205576
0.357753 0.138791 0.205576
0.365582 -0.112306 0.205104
0.365582 0.112306 0.205104
0.373077 -0.073822 0.204645
0.373077 0.073822 0.204645
0.376755 -0.037517 0.204578
0.376755 0.037517 0.204578
0.377918 -0.000000 0.204468
0.133561 -0.308687 0.184078
0.133561 0.308687 0.184078
0.135422 -0.309372 0.125915
0.135422 0.309372 0.125916
0.136952 -0.302233 0.085218
0.136952 0.302233 0.085218
0.138145 -0.278192 0.000648
0.138145 0.278192 0.000649
0.137345 -0.292307 0.044569
0.137345 0.292307 0.044569
0.162085 -0.305745 0.123850
0.162085 0.305745 0.123851
0.188393 -0.300911 0.123064
0.188393 0.300911 0.123064
0.223399 -0.291859 0.119891
0.223399 0.291859 0.119891
0.251814 -0.280765 0.117395
0.251814 0.280765 0.117395
0.279714 -0.264190 0.116078
0.279714 0.264190 0.116078
0.301586 -0.243710 0.114060
0.301586 0.243710 0.114060
0.320707 -0.219133 0.113084
0.320707 0.219133 0.113084
0.335937 -0.193541 0.111613
0.335937 0.193541 0.111613
0.350100 -0.164151 0.110463
0.350092 0.164148 0.110467
0.360984 -0.135658 0.109726
0.360987 0.135660 0.109750
0.369595 -0.106499 0.109355
0.369602 0.106503 0.109457
0.376142 -0.071768 0.108866
0.376147 0.071770 0.108959
0.381086 -0.000087 0.108352
0.379698 -0.036341 0.108510
0.379693 0.036326 0.108452
0.223792 -0.292414 0.152673
0.223792 0.292414 0.152673
0.252706 -0.280889 0.151181
0.252635 0.280732 0.151183
0.281185 -0.263480 0.149851
0.281185 0.263480 0.149852
0.303085 -0.242726 0.148626
0.303085 0.242725 0.148626
0.320930 -0.219510 0.147437
0.320930 0.219510 0.147437
0.336789 -0.193450 0.146147
0.336789 0.193450 0.146147
0.351169 -0.164024 0.144907
0.351169 0.164023 0.144907
0.225884 -0.290865 0.182740
0.225884 0.290865 0.182741
0.252447 -0.279985 0.181543
0.252449 0.279988 0.181545
0.280846 -0.262390 0.180296
0.280849 0.262385 0.180296
0.302808 -0.241218 0.179101
0.302808 0.241218 0.179102
0.320319 -0.218822 0.177769
0.320319 0.218822 0.177769
0.336222 -0.192820 0.176334
0.336222 0.192820 0.176334
0.350858 -0.163321 0.175219
0.350858 0.163321 0.175219
0.188648 -0.301583 0.153129
0.188648 0.301583 0.153129
0.157382 -0.306993 0.154588
0.157382 0.306993 0.154589
0.134527 -0.309844 0.154903
0.134527 0.309844 0.154904
0.151705 -0.306857 0.182285
0.151705 0.306857 0.182285
0.158450 -0.303034 0.182250
0.158450 0.303034 0.182250
0.159981 -0.302633 0.189262
0.159981 0.302632 0.189263
0.163950 -0.302101 0.195589
0.163950 0.302101 0.195590
0.169696 -0.301139 0.199555
0.169696 0.301139 0.199556
0.176801 -0.299784 0.200708
0.176801 0.299783 0.200708
0.200241 -0.295819 0.200369
0.200241 0.295819 0.200369
0.208837 -0.294365 0.198518
0.208837 0.294365 0.198519
0.213355 -0.293599 0.195398
0.213355 0.293599 0.195398
0.217117 -0.292965 0.189718
0.217117 0.292965 0.189719
0.218621 -0.292710 0.182662
0.218621 0.292710 0.182662
0.217271 -0.292939 0.175403
0.217271 0.292939 0.175403
0.213630 -0.293554 0.169525
0.213630 0.293554 0.169525
0.207573 -0.294579 0.165254
0.207573 0.294579 0.165254
0.200653 -0.295750 0.163842
0.200653 0.295750 0.163842
0.176673 -0.299805 0.163900
0.176673 0.299805 0.163900
0.169735 -0.300979 0.165251
0.169735 0.300979 0.165251
0.163982 -0.301952 0.169552
0.163982 0.301952 0.169552
0.160087 -0.302611 0.175100
0.160087 0.302611 0.175100
0.154839 -0.306062 0.182183
0.154839 0.306062 0.182184
0.156361 -0.305337 0.190649
0.156361 0.305336 0.190650
0.161119 -0.304093 0.197788
0.161119 0.304093 0.197789
0.168356 -0.302549 0.202477
0.168356 0.302548 0.202478
0.176502 -0.301023 0.204082
0.176502 0.301023 0.204083
0.200164 -0.296291 0.204158
0.200164 0.296290 0.204158
0.209642 -0.294190 0.201770
0.209642 0.294190 0.201770
0.215758 -0.292856 0.198284
0.215737 0.292768 0.198276
0.220544 -0.291921 0.191048
0.220545 0.291923 0.191048
0.221952 -0.292096 0.182507
0.221952 0.292096 0.182507
0.220417 -0.292945 0.173849
0.220417 0.292945 0.173849
0.215765 -0.294519 0.166543
0.215765 0.294519 0.166543
0.208582 -0.296541 0.161699
0.208582 0.296539 0.161699
0.200193 -0.298556 0.160249
0.200193 0.298556 0.160249
0.176904 -0.303180 0.160383
0.176904 0.303180 0.160384
0.168359 -0.304562 0.162238
0.168359 0.304562 0.162238
0.161131 -0.305758 0.166906
0.161131 0.305758 0.166906
0.156580 -0.306191 0.173900
0.156580 0.306190 0.173900
0.153494 -0.305898 0.192375
0.153494 0.305898 0.192375
0.159228 -0.304377 0.200527
0.159228 0.304377 0.200527
0.167664 -0.302555 0.205593
0.167664 0.302555 0.205593
0.176642 -0.300815 0.207867
0.176641 0.300814 0.207867
0.200498 -0.295938 0.207847
0.200498 0.295938 0.207847
0.210843 -0.293553 0.205688
0.210836 0.293530 0.205686
0.218051 -0.292011 0.200514
0.218051 0.292011 0.200514
0.223814 -0.290889 0.192460
0.223814 0.290889 0.192460
0.223917 -0.292026 0.172326
0.223917 0.292026 0.172326
0.217939 -0.294161 0.163817
0.217939 0.294161 0.163817
0.209506 -0.296664 0.158392
0.209498 0.296635 0.158393
0.200596 -0.298929 0.156665
0.200596 0.298929 0.156666
0.176585 -0.303856 0.157146
0.176585 0.303856 0.157146
0.167007 -0.305528 0.158519
0.167007 0.305527 0.158519
0.159229 -0.306557 0.164420
0.159229 0.306557 0.164420
0.153558 -0.307109 0.172534
0.153558 0.307109 0.172535
0.159125 -0.304389 0.200547
0.159125 0.304389 0.200547
0.151376 -0.300385 0.084631
0.151366 0.300354 0.084639
0.153531 -0.302583 0.097300
0.153531 0.302583 0.097300
0.159754 -0.304059 0.110745
0.159754 0.304059 0.110745
0.170704 -0.303481 0.117823
0.170704 0.303481 0.117824
0.188346 -0.300632 0.120322
0.188346 0.300632 0.120322
0.149886 -0.290643 0.045219
0.149886 0.290643 0.045219
0.150045 -0.275679 0.000484
0.150045 0.275679 0.000484
0.362327 -0.135515 0.144006
0.362327 0.135515 0.144006
0.369463 -0.111935 0.144760
0.369463 0.111935 0.144760
0.377124 -0.071639 0.143542
0.377124 0.071639 0.143542
0.380782 -0.036809 0.142706
0.380782 0.036809 0.142702
0.381997 -0.000034 0.142612
0.373973 -0.000059 0.073242
0.363548 -0.000032 0.037443
0.348748 -0.000000 0.000440
0.379864 -0.037335 0.176227
0.379864 0.037335 0.176227
0.380977 -0.000000 0.176152
0.376091 -0.073187 0.175571
0.376091 0.073187 0.175571
0.362443 -0.135494 0.155743
0.362443 0.135494 0.155743
0.369475 -0.112024 0.155786
0.369475 0.112024 0.155786
0.371513 -0.103616 0.157453
0.371506 0.103614 0.157454
0.373353 -0.094506 0.162675
0.373353 0.094506 0.162675
0.374064 -0.089506 0.169798
0.374057 0.089504 0.169798
0.373859 -0.086964 0.180504
0.373859 0.086964 0.180504
0.372526 -0.089211 0.190652
0.372526 0.089210 0.190652
0.370531 -0.094277 0.199103
0.370531 0.094277 0.199103
0.358678 -0.145900 0.157850
0.358662 0.145893 0.157850
0.355561 -0.153512 0.163249
0.355561 0.153512 0.163250
0.352995 -0.159031 0.170595
0.352995 0.159030 0.170595
0.351871 -0.160385 0.180925
0.351871 0.160385 0.180925
0.352069 -0.158192 0.190635
0.352069 0.158192 0.190635
0.353122 -0.153948 0.197706
0.353122 0.153948 0.197706
0.354883 -0.147978 0.202278
0.354883 0.147977 0.202278
0.367961 -0.102787 0.203642
0.367961 0.102787 0.203642
0.357457 -0.135550 0.163582
0.357457 0.135550 0.163582
0.362219 -0.112105 0.163371
0.362219 0.112105 0.163371
0.363639 -0.105116 0.165058
0.363638 0.105116 0.165058
0.364752 -0.099635 0.168479
0.364751 0.099635 0.168480
0.365603 -0.095543 0.174627
0.365620 0.095579 0.174634
0.366105 -0.094090 0.181478
0.366109 0.094098 0.181477
0.365502 -0.095939 0.188800
0.365502 0.095939 0.188800
0.364848 -0.099159 0.194332
0.364848 0.099159 0.194332
0.363609 -0.105262 0.198456
0.363609 0.105262 0.198456
0.362228 -0.112060 0.200034
0.362228 0.112060 0.200034
0.357163 -0.137281 0.200008
0.357163 0.137281 0.200008
0.355788 -0.144529 0.198050
0.355788 0.144528 0.198050
0.354761 -0.148908 0.194314
0.354761 0.148908 0.194314
0.354021 -0.152464 0.188261
0.354021 0.152464 0.188261
0.353784 -0.153631 0.181382
0.353784 0.153631 0.181382
0.354055 -0.152394 0.174229
0.354036 0.152390 0.174229
0.354977 -0.148510 0.168389
0.354977 0.148510 0.168389
0.356031 -0.142566 0.164694
0.356031 0.142566 0.164694
0.365051 -0.112409 0.202177
0.365051 0.112409 0.202177
0.366737 -0.104165 0.200243
0.366736 0.104164 0.200244
0.369038 -0.097186 0.196125
0.369037 0.097185 0.196126
0.370526 -0.092682 0.189175
0.370529 0.092686 0.189175
0.371408 -0.091207 0.181088
0.371394 0.091189 0.181085
0.371298 -0.093006 0.173086
0.371307 0.093016 0.173092
0.370845 -0.097503 0.166182
0.370852 0.097509 0.166190
0.369888 -0.104584 0.161199
0.369888 0.104584 0.161199
0.368492 -0.112272 0.159364
0.368492 0.112272 0.159364
0.361218 -0.135424 0.160117
0.361218 0.135423 0.160117
0.358563 -0.143618 0.161854
0.358563 0.143618 0.161854
0.356214 -0.150267 0.166459
0.356231 0.150266 0.166463
0.354409 -0.154698 0.173053
0.354409 0.154697 0.173053
0.353573 -0.155701 0.181252
0.353574 0.155701 0.181252
0.353575 -0.154629 0.188838
0.353575 0.154629 0.188838
0.354318 -0.151173 0.195960
0.354318 0.151173 0.195960
0.355790 -0.145914 0.200181
0.355790 0.145914 0.200181
0.358085 -0.138349 0.202589
0.358085 0.138349 0.202589
0.372770 -0.035959 0.073843
0.372800 0.035945 0.073833
0.369020 -0.070759 0.073859
0.369024 0.070768 0.073879
0.362658 -0.103621 0.074134
0.362635 0.103624 0.074165
0.354093 -0.133069 0.074648
0.354056 0.133060 0.074665
0.343553 -0.160606 0.075840
0.343512 0.160590 0.075854
0.329143 -0.189725 0.075967
0.329143 0.189725 0.075967
0.316292 -0.210860 0.075010
0.316396 0.210034 0.075593
0.362396 -0.035527 0.037946
0.362356 0.035493 0.037988
0.358523 -0.069675 0.037993
0.358599 0.069693 0.037961
0.352330 -0.101067 0.037879
0.352309 0.101049 0.037883
0.344090 -0.129298 0.038296
0.344050 0.129250 0.038304
0.334440 -0.154700 0.039904
0.334542 0.154724 0.039858
0.321008 -0.181497 0.039372
0.321008 0.181497 0.039372
0.317249 -0.188146 0.038595
0.317249 0.188146 0.038595
0.347472 -0.035105 0.000551
0.347472 0.035105 0.000551
0.343631 -0.068651 0.000505
0.343631 0.068651 0.000505
0.337421 -0.098417 0.000602
0.337421 0.098417 0.000602
0.329522 -0.124769 0.000552
0.329522 0.124769 0.000552
0.322118 -0.143694 0.000528
0.322118 0.143694 0.000528
0.313031 -0.163537 0.000555
0.313031 0.163537 0.000555
0.313471 -0.220135 0.086739
0.313471 0.220135 0.086739
0.308290 -0.230960 0.097347
0.308290 0.230960 0.097347
0.299750 -0.243554 0.105388
0.299750 0.243554 0.105388
0.279504 -0.263639 0.112908
0.279504 0.263639 0.112908
0.186853 -0.271809 0.118924
0.186854 0.271809 0.118918
0.167869 -0.254906 0.113467
0.167869 0.254906 0.113468
0.159322 -0.255286 0.104898
0.159228 0.255282 0.104943
0.155420 -0.255030 0.094033
0.155378 0.255028 0.094043
0.153259 -0.254904 0.081547
0.153259 0.254904 0.081547
0.151050 -0.254996 0.043567
0.151050 0.254996 0.043567
0.150557 -0.254949 0.001254
0.150557 0.254949 0.001255
0.138186 -0.266354 0.000469
0.149975 0.266645 0.000706
0.221167 -0.283006 0.119424
0.221167 0.283005 0.119432
0.250362 -0.278377 0.117394
0.250361 0.278377 0.117380
0.277475 -0.261361 0.113191
0.277479 0.261360 0.113210
0.293324 -0.238670 0.107561
0.293352 0.238666 0.107632
0.299078 -0.212212 0.101687
0.299078 0.212212 0.101688
0.301668 -0.179755 0.090851
0.301668 0.179754 0.090851
0.305191 -0.176240 0.080106
0.305190 0.176241 0.080106
0.305126 -0.168256 0.039358
0.305101 0.168269 0.039359
0.300776 -0.163047 0.000655
0.300774 0.163058 0.000653
0.311780 -0.137940 0.000413
0.311780 0.137940 0.000413
0.326407 -0.123636 0.000413
0.326407 0.123636 0.000413
0.334348 -0.097633 0.000413
0.334348 0.097633 0.000413
0.340703 -0.068310 0.000413
0.340703 0.068310 0.000413
0.344144 -0.034892 0.000413
0.344144 0.034892 0.000413
0.345585 -0.000000 0.000414
-0.143566 0.309646 0.194672
-0.143566 -0.309646 0.194672
-0.143266 0.311496 0.151275
-0.143266 -0.311496 0.151274
-0.142499 0.307566 0.119884
-0.142499 -0.307566 0.119884
-0.141673 0.301011 0.084519
-0.141673 -0.301011 0.084519
-0.140388 0.292520 0.047867
-0.140388 -0.292520 0.047866
-0.138013 0.278919 0.001246
-0.138013 -0.278919 0.001246
-0.239596 0.284430 0.194487
-0.239596 -0.284430 0.194486
-0.266421 0.269898 0.194344
-0.266473 -0.269977 0.194349
-0.290674 0.251903 0.194116
-0.290767 -0.252019 0.194121
-0.312363 0.230624 0.194355
-0.312257 -0.230536 0.194348
-0.329162 0.207872 0.194290
-0.329141 -0.207860 0.194290
-0.342397 0.183417 0.194673
-0.342396 -0.183417 0.194673
-0.367158 0.094360 0.194748
-0.367158 -0.094360 0.194748
-0.371050 0.064419 0.194773
-0.371050 -0.064419 0.194773
-0.372822 0.031345 0.194923
-0.372822 -0.031345 0.194923
-0.373881 -0.000000 0.194921
-0.239969 0.285314 0.154995
-0.239969 -0.285315 0.154994
-0.266726 0.270780 0.155890
-0.266726 -0.270780 0.155890
-0.291304 0.252419 0.156704
-0.291304 -0.252419 0.156704
-0.311546 0.231994 0.157204
-0.311546 -0.231994 0.157204
-0.329203 0.207465 0.158021
-0.329203 -0.207465 0.158021
-0.342226 0.182314 0.158282
-0.342226 -0.182314 0.158282
-0.350979 0.159202 0.158569
-0.350979 -0.159202 0.158569
-0.358992 0.129400 0.158571
-0.358992 -0.129400 0.158571
-0.365213 0.097321 0.158628
-0.365213 -0.097321 0.158628
-0.369562 0.062574 0.159264
-0.369562 -0.062574 0.159264
-0.371921 0.028259 0.158665
-0.371921 -0.028259 0.158665
-0.372991 -0.000000 0.159038
-0.207991 0.297819 0.153255
-0.207991 -0.297819 0.153255
-0.174299 0.306516 0.151800
-0.174299 -0.306516 0.151799
-0.369814 0.071823 0.177639
-0.369814 -0.071823 0.177639
-0.370314 0.062501 0.166892
-0.370314 -0.062501 0.166892
-0.372814 0.027683 0.166439
-0.372814 -0.027683 0.166439
-0.373420 -0.000000 0.166333
-0.371186 0.062372 0.188756
-0.371186 -0.062373 0.188756
-0.373538 0.029793 0.188821
-0.373538 -0.029793 0.188821
-0.374320 -0.000000 0.188923
-0.369776 0.069011 0.169551
-0.369774 -0.069011 0.169551
-0.370272 0.069952 0.184940
-0.370272 -0.069952 0.184940
-0.153671 0.307253 0.194846
-0.153671 -0.307253 0.194846
-0.159489 0.305752 0.202224
-0.159489 -0.305752 0.202224
-0.167599 0.303953 0.206885
-0.167599 -0.303954 0.206885
-0.177575 0.301891 0.208408
-0.177575 -0.301891 0.208407
-0.200864 0.297390 0.208410
-0.200864 -0.297387 0.208410
-0.210716 0.294671 0.206137
-0.210716 -0.294671 0.206137
-0.217613 0.291686 0.202137
-0.217611 -0.291680 0.202136
-0.223071 0.291375 0.194679
-0.223071 -0.291375 0.194678
-0.151407 0.309415 0.181952
-0.151406 -0.309410 0.181952
-0.225699 0.291117 0.182283
-0.225699 -0.291117 0.182283
-0.223659 0.292306 0.171978
-0.223660 -0.292310 0.171978
-0.218414 0.294433 0.164347
-0.218413 -0.294427 0.164346
-0.209010 0.297693 0.158182
-0.208997 -0.297655 0.158187
-0.200866 0.300159 0.156343
-0.200863 -0.300148 0.156343
-0.176535 0.306013 0.156468
-0.176535 -0.306013 0.156468
-0.167566 0.307689 0.158284
-0.167566 -0.307689 0.158284
-0.159529 0.308904 0.163860
-0.159529 -0.308904 0.163860
-0.153841 0.309521 0.171937
-0.153841 -0.309521 0.171937
-0.158584 0.302627 0.181834
-0.158584 -0.302627 0.181834
-0.160269 0.302277 0.189225
-0.160269 -0.302277 0.189225
-0.163970 0.301688 0.195099
-0.163970 -0.301688 0.195098
-0.170365 0.300569 0.198987
-0.170365 -0.300569 0.198986
-0.177135 0.299424 0.200373
-0.177135 -0.299424 0.200373
-0.200111 0.295538 0.200319
-0.200111 -0.295538 0.200319
-0.207390 0.294307 0.199104
-0.207390 -0.294307 0.199104
-0.213443 0.293283 0.194936
-0.213443 -0.293283 0.194936
-0.216894 0.292699 0.189477
-0.216894 -0.292699 0.189477
-0.218483 0.292431 0.182098
-0.218483 -0.292431 0.182098
-0.216967 0.292687 0.174698
-0.216967 -0.292686 0.174697
-0.212913 0.293372 0.168792
-0.212913 -0.293373 0.168792
-0.207604 0.294270 0.165055
-0.207604 -0.294270 0.165055
-0.200713 0.295436 0.163627
-0.200713 -0.295436 0.163627
-0.176609 0.299513 0.163707
-0.176609 -0.299513 0.163707
-0.169658 0.300689 0.165140
-0.169658 -0.300689 0.165140
-0.163910 0.301762 0.168925
-0.163910 -0.301762 0.168925
-0.159877 0.302544 0.175112
-0.159877 -0.302544 0.175112
-0.200090 0.297705 0.204369
-0.200090 -0.297705 0.204369
-0.177916 0.302792 0.204006
-0.177916 -0.302792 0.204006
-0.169386 0.304534 0.202548
-0.169386 -0.304534 0.202548
-0.162318 0.306102 0.198418
-0.162318 -0.306102 0.198418
-0.157804 0.307183 0.192073
-0.157804 -0.307183 0.192073
-0.155015 0.308195 0.181910
-0.155015 -0.308195 0.181910
-0.156920 0.308012 0.173679
-0.156920 -0.308012 0.173678
-0.162014 0.306992 0.166694
-0.162014 -0.306992 0.166693
-0.168755 0.305965 0.162153
-0.168755 -0.305966 0.162153
-0.176628 0.304639 0.160468
-0.176628 -0.304639 0.160468
-0.200467 0.299177 0.160588
-0.200467 -0.299177 0.160587
-0.208218 0.297058 0.162154
-0.208218 -0.297058 0.162154
-0.215722 0.294977 0.166976
-0.215722 -0.294977 0.166976
-0.219965 0.293402 0.173359
-0.219965 -0.293403 0.173359
-0.222043 0.292302 0.182072
-0.222043 -0.292302 0.182072
-0.219503 0.292691 0.192367
-0.219503 -0.292691 0.192367
-0.214927 0.293819 0.198321
-0.214927 -0.293819 0.198321
-0.208828 0.295399 0.202313
-0.208828 -0.295399 0.202313
-0.344936 0.177150 0.204017
-0.344936 -0.177150 0.204016
-0.348802 0.166985 0.209418
-0.348802 -0.166986 0.209418
-0.352815 0.155306 0.211214
-0.352815 -0.155306 0.211214
-0.359002 0.133883 0.211046
-0.359002 -0.133883 0.211046
-0.361554 0.123495 0.207931
-0.361560 -0.123497 0.207931
-0.362117 0.116520 0.203158
-0.362114 -0.116520 0.203158
-0.364213 0.111258 0.194359
-0.364213 -0.111259 0.194359
-0.364186 0.110644 0.185055
-0.364186 -0.110645 0.185055
-0.363674 0.112001 0.176504
-0.363674 -0.112001 0.176503
-0.362688 0.115642 0.169503
-0.362688 -0.115642 0.169503
-0.361400 0.120782 0.164291
-0.361400 -0.120782 0.164291
-0.341744 0.184919 0.184780
-0.341717 -0.184906 0.184780
-0.342745 0.182501 0.176195
-0.342745 -0.182501 0.176194
-0.344395 0.178215 0.167662
-0.344395 -0.178215 0.167662
-0.347174 0.170695 0.162670
-0.347174 -0.170695 0.162670
-0.344096 0.177302 0.184906
-0.344096 -0.177302 0.184906
-0.344345 0.175832 0.191950
-0.344345 -0.175832 0.191950
-0.345068 0.171852 0.198157
-0.345068 -0.171852 0.198157
-0.346361 0.163911 0.202162
-0.346361 -0.163911 0.202162
-0.347769 0.155583 0.203254
-0.347769 -0.155583 0.203254
-0.351578 0.133067 0.202677
-0.351578 -0.133067 0.202677
-0.352767 0.126038 0.200273
-0.352767 -0.126038 0.200272
-0.353480 0.121822 0.196720
-0.353480 -0.121822 0.196720
-0.353966 0.118949 0.191655
-0.353966 -0.118949 0.191655
-0.354204 0.117538 0.184755
-0.354204 -0.117538 0.184755
-0.354014 0.118665 0.178513
-0.354014 -0.118665 0.178513
-0.353878 0.121058 0.173811
-0.353878 -0.121058 0.173811
-0.352892 0.125300 0.169829
-0.352892 -0.125300 0.169829
-0.352048 0.130288 0.167351
-0.352048 -0.130288 0.167351
-0.347238 0.158722 0.166812
-0.347238 -0.158723 0.166811
-0.345630 0.168236 0.168991
-0.345630 -0.168236 0.168991
-0.344858 0.172799 0.173148
-0.344858 -0.172799 0.173148
-0.344359 0.175750 0.177883
-0.344359 -0.175750 0.177883
-0.360825 0.114952 0.185116
-0.360818 -0.114940 0.185118
-0.361112 0.116267 0.193047
-0.361101 -0.116251 0.193056
-0.361516 0.120021 0.200489
-0.361523 -0.120026 0.200487
-0.360344 0.125872 0.204843
-0.360350 -0.125875 0.204841
-0.358321 0.133858 0.206712
-0.358321 -0.133858 0.206712
-0.352413 0.155662 0.207442
-0.352413 -0.155662 0.207442
-0.348948 0.165859 0.205638
-0.348942 -0.165857 0.205639
-0.345862 0.174722 0.200889
-0.345862 -0.174722 0.200889
-0.343954 0.179724 0.193094
-0.343919 -0.179710 0.193094
-0.343192 0.181579 0.185267
-0.343191 -0.181579 0.185266
-0.344129 0.179071 0.177363
-0.344144 -0.179077 0.177363
-0.345488 0.175268 0.170558
-0.345488 -0.175268 0.170558
-0.347603 0.168607 0.166438
-0.347603 -0.168607 0.166438
-0.350341 0.158862 0.164199
-0.350342 -0.158862 0.164200
-0.357494 0.130364 0.164537
-0.357501 -0.130367 0.164546
-0.359299 0.123663 0.167152
-0.359299 -0.123663 0.167151
-0.360108 0.118948 0.172105
-0.360108 -0.118948 0.172105
-0.360345 0.116156 0.177932
-0.360345 -0.116156 0.177932
-0.173025 0.302758 0.122144
-0.173025 -0.302758 0.122144
-0.206257 0.293969 0.123051
-0.206257 -0.293969 0.123051
-0.237566 0.281728 0.125020
-0.237566 -0.281728 0.125020
-0.263744 0.267319 0.127098
-0.263744 -0.267319 0.127098
-0.287662 0.249199 0.128234
-0.287662 -0.249199 0.128234
-0.307246 0.229050 0.128626
-0.307246 -0.229050 0.128626
-0.323893 0.205931 0.129074
-0.323893 -0.205931 0.129074
-0.337073 0.180875 0.129529
-0.337073 -0.180875 0.129529
-0.346283 0.155787 0.128854
-0.346283 -0.155787 0.128854
-0.354206 0.126330 0.129226
-0.354206 -0.126330 0.129226
-0.360129 0.096349 0.129480
-0.360129 -0.096349 0.129480
-0.364680 0.062396 0.129845
-0.364566 -0.062390 0.129874
-0.367230 0.029910 0.129800
-0.367230 -0.029910 0.129800
-0.362139 -0.000000 0.101551
-0.361432 0.029201 0.101605
-0.361429 -0.029201 0.101605
-0.358802 0.062496 0.101304
-0.358802 -0.062496 0.101304
-0.354490 0.093337 0.100546
-0.354484 -0.093336 0.100548
-0.348470 0.122598 0.100270
-0.348470 -0.122598 0.100270
-0.340449 0.152135 0.100261
-0.340449 -0.152135 0.100261
-0.330095 0.179105 0.100099
-0.330095 -0.179105 0.100099
-0.316733 0.203292 0.098206
-0.316733 -0.203292 0.098206
-0.366026 -0.000000 0.139033
-0.365617 -0.000000 0.118637
-0.365792 -0.005707 0.120619
-0.365792 0.005707 0.120618
-0.365983 -0.009195 0.124588
-0.365983 0.009195 0.124588
-0.366044 -0.010122 0.128963
-0.366044 0.010122 0.128963
-0.366041 -0.008748 0.134395
-0.366041 0.008748 0.134395
-0.366037 -0.005555 0.137680
-0.366037 0.005555 0.137680
-0.368016 0.014772 0.129336
-0.368017 -0.014772 0.129336
-0.369390 0.012455 0.136208
-0.369380 -0.012461 0.136214
-0.370348 0.007596 0.141269
-0.370395 -0.007597 0.141263
-0.370816 -0.000000 0.143310
-0.365905 0.015147 0.119106
-0.365905 -0.015147 0.119106
-0.361889 0.016009 0.101450
-0.361889 -0.016009 0.101450
-0.366049 0.011913 0.128988
-0.366049 -0.011913 0.128988
-0.366233 0.010299 0.135042
-0.366250 -0.010281 0.135029
-0.366511 0.006383 0.139249
-0.366511 -0.006383 0.139249
-0.366421 -0.000000 0.140931
-0.365628 0.012011 0.118839
-0.365566 -0.012016 0.118846
-0.361995 0.012021 0.101459
-0.361995 -0.012021 0.101459
-0.320335 0.176907 0.065964
-0.320335 -0.176907 0.065964
-0.304485 0.152582 -0.001503
-0.304485 -0.152582 -0.001503
-0.314947 0.162762 0.034195
-0.314947 -0.162762 0.034195
-0.332474 0.148344 0.068366
-0.332474 -0.148344 0.068366
-0.340398 0.120750 0.069041
-0.340398 -0.120750 0.069041
-0.323326 0.141329 0.035004
-0.323326 -0.141329 0.035004
-0.329178 0.120977 0.034988
-0.329178 -0.120977 0.034988
-0.311766 0.131759 -0.000767
-0.311766 -0.131759 -0.000767
-0.342941 0.109085 0.068594
-0.342941 -0.109085 0.068594
-0.346851 0.104744 0.079031
-0.346851 -0.104744 0.079031
-0.350824 0.099153 0.089800
-0.350824 -0.099153 0.089800
-0.353966 0.091852 0.097244
-0.353966 -0.091852 0.097244
-0.308636 0.220931 0.111650
-0.308636 -0.220931 0.111649
-0.300057 0.233666 0.118244
-0.300057 -0.233666 0.118244
-0.285981 0.249100 0.122698
-0.285981 -0.249100 0.122697
-0.262912 0.267271 0.124811
-0.262912 -0.267271 0.124811
-0.147881 0.276953 0.000636
-0.147881 -0.276953 0.000636
-0.149986 0.290605 0.046215
-0.149983 -0.290587 0.046219
-0.154015 0.299221 0.084839
-0.154015 -0.299221 0.084839
-0.157617 0.300746 0.097513
-0.157617 -0.300747 0.097513
-0.175980 0.300826 0.116158
-0.175980 -0.300826 0.116158
-0.164517 0.301909 0.109086
-0.164517 -0.301909 0.109086
-0.295892 0.145499 0.002868
-0.295895 -0.145498 0.002874
-0.353376 -0.000000 0.103486
-0.353309 0.011659 0.103448
-0.353309 -0.011659 0.103448
-0.353223 0.015862 0.103437
-0.353223 -0.015862 0.103437
-0.352688 0.028327 0.103420
-0.352688 -0.028327 0.103420
-0.351661 0.061515 0.102721
-0.351661 -0.061515 0.102721
-0.345797 0.089548 0.099792
-0.345797 -0.089548 0.099792
-0.342512 0.097230 0.092634
-0.342512 -0.097230 0.092634
-0.338780 0.102909 0.081826
-0.338780 -0.102909 0.081825
-0.335292 0.106950 0.072188
-0.335292 -0.106958 0.072191
-0.322824 0.117507 0.041880
-0.322824 -0.117508 0.041880
-0.308518 0.130984 0.000213
-0.308732 -0.131003 0.000191
-0.302760 0.149399 0.045002
-0.302760 -0.149399 0.045001
-0.304962 0.154436 0.076107
-0.304935 -0.154452 0.076103
-0.291102 0.174607 0.112763
-0.291102 -0.174607 0.112763
-0.295847 0.211020 0.116235
-0.295851 -0.211019 0.116244
-0.292013 0.227701 0.119513
-0.292016 -0.227700 0.119522
-0.282621 0.244699 0.122204
-0.282622 -0.244698 0.122212
-0.261899 0.265157 0.124199
-0.261899 -0.265157 0.124206
-0.236034 0.277381 0.124473
-0.236034 -0.277381 0.124472
-0.203195 0.277982 0.121682
-0.203195 -0.277982 0.121682
-0.168965 0.255648 0.110025
-0.168965 -0.255648 0.110025
-0.158906 0.255204 0.095383
-0.158906 -0.255204 0.095382
-0.152672 0.254951 0.052702
-0.152761 -0.254954 0.052696
-0.156305 0.255301 0.085453
-0.156305 -0.255301 0.085453
-0.149696 0.255355 0.000585
-0.149693 -0.255355 0.000586
-0.138881 0.264998 0.000000
-0.138881 -0.264998 -0.000000
-0.163347 0.255049 0.104106
-0.163347 -0.255049 0.104106
-0.055622 0.280371 0.163685
-0.056272 0.283261 0.149206
-0.057501 0.291649 0.139027
-0.059239 0.302521 0.133457
-0.060960 0.313860 0.130623
-0.061675 0.313482 0.127719
-0.055455 0.277994 0.164213
-0.060740 0.280555 0.163683
-0.062904 0.283575 0.150708
-0.064599 0.291591 0.140688
-0.066150 0.302534 0.135166
-0.067934 0.313585 0.132384
-0.069107 0.313442 0.129532
-0.073862 0.313873 0.134022
-0.071631 0.313777 0.136370
-0.070259 0.303828 0.139586
-0.068847 0.294488 0.144899
-0.067531 0.287331 0.154053
-0.065084 0.282481 0.164517
-0.068419 0.288337 0.168619
-0.070118 0.295250 0.162164
-0.071179 0.300672 0.154998
-0.072245 0.306168 0.150543
-0.074022 0.314983 0.146629
-0.076955 0.314865 0.146492
-0.076243 0.314562 0.139981
-0.073303 0.314460 0.140972
-0.071738 0.305372 0.144314
-0.070366 0.297663 0.149513
-0.069076 0.291300 0.157681
-0.067393 0.285656 0.166311
-0.068509 0.289319 0.173743
-0.068518 0.291045 0.179060
-0.068545 0.294062 0.184001
-0.068533 0.298380 0.188410
-0.068646 0.304712 0.192136
-0.068643 0.313052 0.195410
-0.072653 0.313314 0.188537
-0.073791 0.313890 0.181956
-0.074102 0.314169 0.173230
-0.074206 0.314621 0.159144
-0.070676 0.301345 0.184079
-0.070136 0.297220 0.180514
-0.069801 0.294733 0.177030
-0.069472 0.292476 0.169937
-0.071329 0.305809 0.186397
-0.071828 0.304686 0.180173
-0.070871 0.299391 0.175958
-0.070572 0.297443 0.169848
-0.071923 0.303942 0.159190
-0.071864 0.303604 0.171798
-0.077236 0.314617 0.158734
-0.077128 0.314164 0.173111
-0.076645 0.313749 0.182308
-0.075332 0.313337 0.190074
-0.069827 0.312974 0.197889
-0.062077 0.278149 0.164237
-0.066246 0.280355 0.164968
-0.068255 0.283624 0.167339
-0.068852 0.285034 0.169367
-0.068834 0.286109 0.174918
-0.068843 0.288263 0.180728
-0.068821 0.291846 0.186000
-0.068781 0.297132 0.190720
-0.068765 0.303572 0.194459
-0.027620 0.281340 0.162934
-0.000524 0.281384 0.162397
0.031221 0.280488 0.161490
0.055054 0.279241 0.160586
-0.027966 0.283958 0.148865
-0.028507 0.292211 0.138253
-0.028706 0.302878 0.132451
-0.028448 0.314425 0.129249
-0.028518 0.314214 0.126240
-0.000473 0.314786 0.128397
0.030386 0.314553 0.127209
0.060795 0.313536 0.127022
0.067583 0.313512 0.128324
0.071590 0.313856 0.132624
0.073055 0.313647 0.137841
0.073576 0.313829 0.143178
0.059751 0.279252 0.160304
0.064871 0.281528 0.160750
0.067066 0.284518 0.162389
0.068452 0.288436 0.165274
-0.000204 0.283981 0.148650
-0.000518 0.292206 0.137611
-0.000430 0.303177 0.131593
0.030577 0.301825 0.130949
0.030624 0.290590 0.137408
0.030755 0.283330 0.147344
0.055231 0.281933 0.146538
0.056316 0.288809 0.137053
0.058244 0.299535 0.130781
0.065092 0.299157 0.132096
0.063099 0.288780 0.138041
0.061384 0.281692 0.147790
0.066601 0.285140 0.151010
0.067963 0.291355 0.142282
0.069679 0.301083 0.136654
0.071095 0.302769 0.141662
0.069510 0.294451 0.146595
0.068572 0.289214 0.154764
0.069750 0.294109 0.160097
0.070399 0.297824 0.151314
0.071527 0.303619 0.147156
0.068520 0.289351 0.170544
0.068536 0.291214 0.176197
0.068522 0.293880 0.180605
0.068652 0.299293 0.185252
0.068687 0.305451 0.188775
0.068619 0.312143 0.191467
0.073776 0.313373 0.153231
0.073860 0.313320 0.166174
0.073223 0.312292 0.178831
0.071839 0.312040 0.186055
0.071112 0.305686 0.183247
0.070595 0.301537 0.180691
0.070077 0.297238 0.177102
0.069752 0.294947 0.173701
0.069409 0.292609 0.167819
0.071642 0.304267 0.176767
0.070692 0.299044 0.172568
0.070336 0.296863 0.167121
0.071497 0.302315 0.167401
0.071351 0.301855 0.155303
0.000252 0.314534 0.125737
0.031517 0.314149 0.124608
0.062976 0.313123 0.124181
0.069467 0.313133 0.126319
0.074007 0.313629 0.131608
0.076031 0.313890 0.137250
0.076376 0.313812 0.142667
0.076713 0.313586 0.152643
0.076651 0.313152 0.166008
0.076121 0.312526 0.179312
0.074754 0.312120 0.186837
0.069968 0.311858 0.194080
0.068764 0.305206 0.191634
0.068574 0.297875 0.187490
0.068589 0.291432 0.181955
0.068539 0.287851 0.176046
0.068500 0.286213 0.170391
0.068481 0.285131 0.165360
0.067610 0.282396 0.163077
0.065802 0.279539 0.161460
0.060723 0.277438 0.161089
0.055153 0.277224 0.161225
0.032037 0.278533 0.161862
-0.000357 0.279684 0.162795
-0.027724 0.279451 0.163559
-0.055622 -0.280371 0.163685
-0.056272 -0.283261 0.149206
-0.057501 -0.291649 0.139027
-0.059239 -0.302521 0.133457
-0.060960 -0.313861 0.130623
-0.061675 -0.313482 0.127719
-0.055455 -0.277994 0.164212
-0.060740 -0.280555 0.163682
-0.062904 -0.283575 0.150708
-0.064599 -0.291591 0.140687
-0.066150 -0.302534 0.135166
-0.067934 -0.313585 0.132384
-0.069107 -0.313442 0.129531
-0.073862 -0.313873 0.134022
-0.071631 -0.313777 0.136370
-0.070259 -0.303828 0.139586
-0.068847 -0.294488 0.144899
-0.067531 -0.287331 0.154053
-0.065084 -0.282481 0.164516
-0.068419 -0.288337 0.168619
-0.070118 -0.295250 0.162164
-0.071179 -0.300672 0.154998
-0.072245 -0.306168 0.150543
-0.074022 -0.314983 0.146628
-0.076955 -0.314865 0.146492
-0.076243 -0.314562 0.139981
-0.073303 -0.314460 0.140972
-0.071738 -0.305372 0.144314
-0.070366 -0.297663 0.149513
-0.069076 -0.291300 0.157681
-0.067393 -0.285656 0.166310
-0.068509 -0.289319 0.173743
-0.068518 -0.291046 0.179060
-0.068545 -0.294062 0.184001
-0.068533 -0.298380 0.188410
-0.068646 -0.304712 0.192136
-0.068643 -0.313052 0.195410
-0.072653 -0.313314 0.188537
-0.073791 -0.313890 0.181956
-0.074102 -0.314169 0.173229
-0.074206 -0.314621 0.159144
-0.070676 -0.301345 0.184079
-0.070136 -0.297220 0.180514
-0.069801 -0.294733 0.177030
-0.069472 -0.292476 0.169937
-0.071329 -0.305809 0.186397
-0.071828 -0.304687 0.180173
-0.070871 -0.299391 0.175958
-0.070572 -0.297443 0.169848
-0.071923 -0.303942 0.159190
-0.071864 -0.303604 0.171798
-0.077236 -0.314617 0.158734
-0.077128 -0.314164 0.173111
-0.076645 -0.313749 0.182308
-0.075332 -0.313337 0.190074
-0.069827 -0.312974 0.197889
-0.062077 -0.278149 0.164237
-0.066246 -0.280355 0.164968
-0.068255 -0.283624 0.167339
-0.068852 -0.285034 0.169367
-0.068834 -0.286109 0.174918
-0.068843 -0.288263 0.180728
-0.068821 -0.291846 0.186000
-0.068781 -0.297132 0.190720
-0.068765 -0.303572 0.194459
-0.027620 -0.281340 0.162934
-0.000524 -0.281384 0.162397
0.031221 -0.280488 0.161490
0.055054 -0.279241 0.160586
-0.027966 -0.283958 0.148865
-0.028507 -0.292211 0.138253
-0.028706 -0.302878 0.132451
-0.028448 -0.314425 0.129249
-0.028518 -0.314214 0.126240
-0.000473 -0.314786 0.128396
0.030386 -0.314553 0.127208
0.060795 -0.313536 0.127022
0.067583 -0.313512 0.128324
0.071590 -0.313856 0.132624
0.073055 -0.313647 0.137841
0.073576 -0.313829 0.143178
0.059751 -0.279252 0.160304
0.064871 -0.281528 0.160750
0.067066 -0.284518 0.162388
0.068452 -0.288436 0.165274
-0.000204 -0.283981 0.148650
-0.000518 -0.292206 0.137611
-0.000430 -0.303177 0.131593
0.030577 -0.301825 0.130949
0.030624 -0.290590 0.137408
0.030755 -0.283330 0.147344
0.055231 -0.281933 0.146538
0.056316 -0.288809 0.137053
0.058244 -0.299535 0.130781
0.065092 -0.299157 0.132095
0.063099 -0.288780 0.138041
0.061384 -0.281692 0.147790
0.066601 -0.285140 0.151010
0.067963 -0.291355 0.142282
0.069679 -0.301083 0.136653
0.071095 -0.302769 0.141662
0.069510 -0.294451 0.146595
0.068572 -0.289214 0.154764
0.069750 -0.294109 0.160097
0.070399 -0.297824 0.151314
0.071527 -0.303619 0.147156
0.068520 -0.289351 0.170543
0.068536 -0.291214 0.176196
0.068522 -0.293880 0.180605
0.068652 -0.299293 0.185252
0.068687 -0.305451 0.188774
0.068619 -0.312143 0.191467
0.073776 -0.313373 0.153231
0.073860 -0.313320 0.166173
0.073223 -0.312292 0.178831
0.071839 -0.312040 0.186055
0.071112 -0.305686 0.183246
0.070595 -0.301537 0.180691
0.070077 -0.297238 0.177102
0.069752 -0.294947 0.173701
0.069409 -0.292609 0.167819
0.071642 -0.304267 0.176767
0.070692 -0.299044 0.172568
0.070336 -0.296863 0.167121
0.071497 -0.302315 0.167401
0.071351 -0.301855 0.155303
0.000252 -0.314535 0.125737
0.031517 -0.314149 0.124608
0.062976 -0.313123 0.124181
0.069467 -0.313133 0.126319
0.074007 -0.313629 0.131607
0.076031 -0.313890 0.137250
0.076376 -0.313812 0.142667
0.076713 -0.313586 0.152642
0.076651 -0.313152 0.166007
0.076121 -0.312526 0.179312
0.074754 -0.312120 0.186837
0.069968 -0.311858 0.194080
0.068764 -0.305206 0.191633
0.068574 -0.297875 0.187490
0.068589 -0.291432 0.181955
0.068539 -0.287851 0.176046
0.068500 -0.286213 0.170391
0.068481 -0.285131 0.165360
0.067610 -0.282396 0.163077
0.065802 -0.279539 0.161460
0.060723 -0.277438 0.161089
0.055153 -0.277224 0.161225
0.032037 -0.278533 0.161861
-0.000357 -0.279684 0.162795
-0.027724 -0.279451 0.163559
0.131020 0.304289 0.230792
0.127010 0.303346 0.238011
0.131610 0.306104 0.216571
0.132669 0.308787 0.191955
0.134004 0.310478 0.158153
0.135074 0.309816 0.124829
0.136147 0.301317 0.078143
0.136526 0.295152 0.052386
0.137626 0.278947 0.000701
-0.129948 0.303760 0.251084
-0.138292 0.303540 0.246796
-0.141556 0.304916 0.237385
-0.142357 0.306350 0.227446
-0.142627 0.309287 0.202200
-0.142823 0.311682 0.151031
-0.141763 0.308724 0.124273
-0.140947 0.301336 0.084074
-0.139594 0.293800 0.051035
-0.137252 0.279028 0.000593
0.049974 0.307281 0.247696
-0.034254 0.308268 0.250816
-0.071591 0.306897 0.252008
0.048354 0.311847 0.219721
-0.037804 0.312220 0.226397
0.004413 0.313255 0.221259
-0.055809 0.310587 0.235711
0.120530 0.303501 0.242418
-0.038649 0.313049 0.222614
-0.072621 0.311852 0.224582
-0.107501 0.309650 0.226260
-0.108783 0.312503 0.201284
-0.075364 0.314436 0.200740
-0.041332 0.315576 0.198912
0.003362 0.315848 0.197755
0.048190 0.314767 0.196612
0.086968 0.305472 0.244948
0.085323 0.310086 0.218723
0.083395 0.312797 0.194185
-0.075925 0.316455 0.165671
0.082721 0.314848 0.161376
0.080614 0.314152 0.124687
-0.079873 0.314593 0.128278
-0.110039 0.314163 0.174946
-0.109942 0.312341 0.126830
0.075819 0.315329 0.161887
0.075236 0.314727 0.176669
0.063052 0.314108 0.195758
0.069117 0.313983 0.193187
0.072582 0.314097 0.189021
0.074344 0.314338 0.183909
-0.075811 0.315807 0.181644
-0.074693 0.315511 0.187633
-0.072595 0.315173 0.193911
-0.069115 0.315029 0.197533
-0.062209 0.315116 0.199304
0.046817 0.315831 0.125721
0.003915 0.316525 0.126762
-0.041736 0.316152 0.128305
0.075346 0.315918 0.139741
0.073610 0.315897 0.134819
0.071367 0.315527 0.130516
0.067160 0.315229 0.126888
0.058951 0.315405 0.125570
-0.059231 0.315725 0.129315
-0.075690 0.316876 0.147277
-0.074612 0.316590 0.140340
-0.072385 0.315960 0.134833
-0.068124 0.315626 0.131278
-0.041371 0.314716 0.197691
-0.041384 0.315707 0.196540
-0.043176 0.317376 0.166304
0.003329 0.315003 0.196600
0.003444 0.315946 0.195399
0.002247 0.317754 0.165157
0.048267 0.313896 0.195274
0.048168 0.314729 0.194180
0.046239 0.316799 0.164004
0.062639 0.313301 0.194322
0.062160 0.314401 0.192858
0.067703 0.314203 0.191000
0.070177 0.314317 0.187767
0.071573 0.314514 0.183578
0.072505 0.314896 0.176486
0.072854 0.315497 0.163216
0.068441 0.313138 0.191762
0.071626 0.313273 0.188022
0.072925 0.313463 0.183461
0.073897 0.313846 0.176199
0.073938 0.314476 0.161686
-0.061614 0.315389 0.196267
-0.067547 0.315264 0.194934
-0.069963 0.315409 0.192124
-0.071960 0.315673 0.186818
-0.072707 0.315949 0.181417
-0.073207 0.316530 0.167360
-0.061751 0.314282 0.197620
-0.068130 0.314194 0.196042
-0.071297 0.314310 0.192836
-0.073390 0.314614 0.187076
-0.074230 0.314921 0.181303
-0.074315 0.315546 0.165685
0.073449 0.314907 0.139925
0.002147 0.315885 0.163195
-0.043586 0.315421 0.164448
-0.074053 0.314516 0.165303
0.046143 0.314829 0.161948
0.073987 0.313229 0.161144
-0.106617 0.310253 0.111402
-0.130515 0.302581 0.083993
0.003995 0.313455 0.107765
-0.042096 0.313222 0.109503
-0.077472 0.312007 0.110803
0.080738 0.311050 0.104987
0.046967 0.312809 0.106494
-0.073929 0.315961 0.147384
-0.073219 0.315757 0.141106
-0.071282 0.315121 0.136020
-0.067124 0.314821 0.132244
-0.059105 0.314934 0.130697
-0.041340 0.315114 0.129776
0.004355 0.315755 0.128421
0.046557 0.314458 0.127242
0.058152 0.314545 0.127247
0.066867 0.314392 0.128327
0.070159 0.314703 0.131135
0.072238 0.314982 0.135101
0.120869 0.307539 0.102781
0.121342 0.302614 0.077947
0.121225 0.296623 0.052303
0.120944 0.280735 0.000759
0.112162 0.281506 0.000403
-0.130070 0.295148 0.051770
-0.128609 0.280135 0.000658
-0.126984 0.307589 0.107636
-0.130025 0.305516 0.098326
-0.117689 0.309169 0.111014
0.076698 0.291576 0.024904
0.037674 0.299860 0.052258
-0.001951 0.305014 0.079516
-0.029230 0.307391 0.097887
-0.035371 0.307815 0.101420
-0.042106 0.308035 0.103588
-0.106228 0.304607 0.105934
-0.117386 0.302856 0.105594
-0.123257 0.301267 0.102304
-0.125749 0.299148 0.095891
-0.126428 0.296497 0.083066
-0.077250 0.308517 0.107987
-0.106494 0.306193 0.108388
-0.117540 0.304929 0.107819
-0.125242 0.303655 0.104746
-0.127551 0.300593 0.096949
-0.128286 0.297635 0.083465
-0.127650 0.290626 0.051562
-0.127296 0.277687 -0.000055
-0.042091 0.309863 0.106238
0.080459 0.309357 0.098574
0.046032 0.309723 0.098843
0.002672 0.309039 0.098525
0.003413 0.310165 0.103005
0.046615 0.310468 0.102373
-0.127104 0.284115 0.024942
-0.129260 0.287838 0.025047
-0.138160 0.286592 0.024419
0.121194 0.288918 0.025266
0.137260 0.287201 0.024941
0.080517 0.305253 0.078523
0.040640 0.305431 0.077696
0.079412 0.299050 0.051963
-0.076806 0.306476 0.105201
-0.126022 0.289953 0.051447
-0.125567 0.283185 0.025070
-0.124693 0.275972 -0.000055
-0.110970 0.314748 0.149242
-0.108588 0.305088 0.251582
0.073510 0.312015 0.140254
0.072196 0.312062 0.135199
0.070261 0.311788 0.131257
0.067068 0.311569 0.128425
0.059198 0.311671 0.127248
0.047668 0.312059 0.127227
0.073987 0.311571 0.161125
0.005044 0.312786 0.128400
-0.041535 0.312380 0.129790
-0.059443 0.312055 0.130721
-0.067870 0.311936 0.132694
-0.071425 0.312191 0.136215
-0.073166 0.312787 0.141013
-0.073866 0.312963 0.147182
-0.074226 0.312606 0.165254
-0.140297 0.292846 0.051480
-0.143603 0.308174 0.202330
-0.143392 0.310751 0.151071
-0.142518 0.303796 0.237502
-0.143255 0.305267 0.227570
-0.139148 0.302727 0.247237
-0.129864 0.302943 0.251971
-0.108223 0.304070 0.252414
-0.071410 0.306354 0.252203
-0.034512 0.307505 0.251487
0.049721 0.306607 0.248369
0.086699 0.304596 0.245723
0.120618 0.302733 0.243102
0.127500 0.302186 0.238551
0.131763 0.303192 0.230988
0.133002 0.305233 0.216825
0.134077 0.307729 0.192195
0.135233 0.309381 0.158366
0.136266 0.308740 0.125245
0.137511 0.300234 0.078537
0.138046 0.294213 0.052706
0.138478 0.286256 0.025434
0.138720 0.277845 0.000981
-0.142821 0.307668 0.124693
-0.141576 0.300406 0.084435
-0.139140 0.285578 0.024905
-0.138053 0.278139 0.001043
-0.128322 0.279254 -0.000077
-0.137025 0.278145 -0.000080
-0.137830 0.277992 0.000308
0.137491 0.277984 -0.000084
0.138344 0.277869 0.000151
0.121016 0.279747 -0.000080
0.112128 0.280701 -0.000081
0.131020 -0.304289 0.230792
0.127010 -0.303346 0.238011
0.131610 -0.306104 0.216571
0.132669 -0.308787 0.191954
0.134004 -0.310478 0.158153
0.135074 -0.309816 0.124829
0.136147 -0.301317 0.078143
0.136526 -0.295152 0.052386
0.137626 -0.278947 0.000701
-0.129948 -0.303760 0.251084
-0.138292 -0.303540 0.246796
-0.141556 -0.304916 0.237385
-0.142357 -0.306351 0.227446
-0.142627 -0.309287 0.202200
-0.142823 -0.311682 0.151031
-0.141763 -0.308724 0.124273
-0.140947 -0.301336 0.084074
-0.139594 -0.293800 0.051035
-0.137252 -0.279028 0.000593
0.049974 -0.307282 0.247696
-0.034254 -0.308268 0.250816
-0.071591 -0.306897 0.252007
0.048354 -0.311847 0.219721
-0.037804 -0.312220 0.226396
0.004413 -0.313255 0.221258
-0.055809 -0.310587 0.235711
0.120530 -0.303501 0.242418
-0.038649 -0.313049 0.222614
-0.072621 -0.311852 0.224582
-0.107501 -0.309650 0.226260
-0.108783 -0.312503 0.201284
-0.075364 -0.314436 0.200740
-0.041332 -0.315576 0.198912
0.003362 -0.315848 0.197754
0.048190 -0.314767 0.196612
0.086968 -0.305472 0.244948
0.085323 -0.310086 0.218723
0.083395 -0.312797 0.194185
-0.075925 -0.316455 0.165671
0.082721 -0.314848 0.161375
0.080614 -0.314152 0.124687
-0.079873 -0.314593 0.128277
-0.110039 -0.314163 0.174946
-0.109942 -0.312341 0.126830
0.075819 -0.315329 0.161886
0.075236 -0.314727 0.176669
0.063052 -0.314108 0.195758
0.069117 -0.313983 0.193187
0.072582 -0.314097 0.189020
0.074344 -0.314338 0.183909
-0.075811 -0.315807 0.181644
-0.074693 -0.315511 0.187633
-0.072595 -0.315173 0.193911
-0.069115 -0.315029 0.197533
-0.062209 -0.315116 0.199304
0.046817 -0.315831 0.125721
0.003915 -0.316525 0.126762
-0.041736 -0.316152 0.128305
0.075346 -0.315918 0.139741
0.073610 -0.315897 0.134819
0.071366 -0.315528 0.130516
0.067160 -0.315229 0.126887
0.058951 -0.315405 0.125569
-0.059231 -0.315725 0.129315
-0.075690 -0.316876 0.147277
-0.074612 -0.316590 0.140340
-0.072385 -0.315960 0.134833
-0.068124 -0.315626 0.131278
-0.041371 -0.314716 0.197691
-0.041384 -0.315707 0.196539
-0.043176 -0.317376 0.166304
0.003329 -0.315003 0.196600
0.003444 -0.315946 0.195399
0.002247 -0.317754 0.165156
0.048267 -0.313896 0.195274
0.048168 -0.314729 0.194180
0.046239 -0.316799 0.164004
0.062639 -0.313301 0.194322
0.062160 -0.314401 0.192858
0.067703 -0.314203 0.191000
0.070177 -0.314317 0.187767
0.071573 -0.314514 0.183578
0.072505 -0.314896 0.176486
0.072854 -0.315497 0.163216
0.068441 -0.313138 0.191762
0.071626 -0.313273 0.188022
0.072925 -0.313463 0.183461
0.073897 -0.313846 0.176199
0.073938 -0.314476 0.161686
-0.061614 -0.315389 0.196266
-0.067547 -0.315264 0.194934
-0.069963 -0.315409 0.192123
-0.071960 -0.315673 0.186818
-0.072707 -0.315949 0.181417
-0.073207 -0.316530 0.167359
-0.061751 -0.314282 0.197620
-0.068130 -0.314194 0.196042
-0.071297 -0.314310 0.192836
-0.073390 -0.314614 0.187076
-0.074230 -0.314921 0.181303
-0.074315 -0.315546 0.165685
0.073449 -0.314907 0.139925
0.002147 -0.315885 0.163194
-0.043586 -0.315421 0.164447
-0.074053 -0.314516 0.165303
0.046143 -0.314830 0.161947
0.073987 -0.313229 0.161144
-0.106617 -0.310253 0.111401
-0.130515 -0.302581 0.083992
0.003995 -0.313455 0.107764
-0.042096 -0.313222 0.109502
-0.077472 -0.312008 0.110803
0.080738 -0.311050 0.104987
0.046967 -0.312809 0.106494
-0.073929 -0.315961 0.147383
-0.073219 -0.315757 0.141106
-0.071282 -0.315121 0.136020
-0.067124 -0.314821 0.132244
-0.059105 -0.314934 0.130697
-0.041340 -0.315114 0.129776
0.004355 -0.315755 0.128421
0.046557 -0.314458 0.127241
0.058152 -0.314545 0.127247
0.066867 -0.314392 0.128326
0.070159 -0.314703 0.131135
0.072238 -0.314982 0.135101
0.120869 -0.307539 0.102781
0.121342 -0.302614 0.077947
0.121225 -0.296623 0.052303
0.120944 -0.280735 0.000759
0.112162 -0.281506 0.000403
-0.130070 -0.295148 0.051770
-0.128609 -0.280135 0.000658
-0.126984 -0.307589 0.107636
-0.130025 -0.305516 0.098325
-0.117689 -0.309169 0.111013
0.076698 -0.291576 0.024904
0.037674 -0.299860 0.052258
-0.001951 -0.305014 0.079516
-0.029230 -0.307391 0.097887
-0.035371 -0.307815 0.101420
-0.042106 -0.308035 0.103588
-0.106228 -0.304607 0.105934
-0.117386 -0.302856 0.105594
-0.123257 -0.301267 0.102304
-0.125749 -0.299148 0.095891
-0.126428 -0.296497 0.083066
-0.077250 -0.308517 0.107987
-0.106494 -0.306193 0.108388
-0.117540 -0.304929 0.107819
-0.125242 -0.303655 0.104746
-0.127551 -0.300593 0.096949
-0.128286 -0.297635 0.083465
-0.127650 -0.290626 0.051562
-0.127297 -0.277687 -0.000055
-0.042091 -0.309863 0.106237
0.080459 -0.309357 0.098574
0.046032 -0.309723 0.098843
0.002672 -0.309039 0.098525
0.003413 -0.310165 0.103005
0.046615 -0.310468 0.102373
-0.127104 -0.284115 0.024941
-0.129260 -0.287838 0.025047
-0.138160 -0.286592 0.024419
0.121194 -0.288918 0.025266
0.137260 -0.287201 0.024941
0.080517 -0.305253 0.078522
0.040640 -0.305431 0.077696
0.079412 -0.299050 0.051962
-0.076806 -0.306476 0.105201
-0.126022 -0.289953 0.051446
-0.125567 -0.283185 0.025070
-0.124693 -0.275972 -0.000055
-0.110970 -0.314748 0.149242
-0.108588 -0.305088 0.251582
0.073510 -0.312015 0.140254
0.072196 -0.312062 0.135199
0.070261 -0.311788 0.131257
0.067068 -0.311569 0.128425
0.059198 -0.311671 0.127248
0.047668 -0.312060 0.127227
0.073987 -0.311572 0.161125
0.005044 -0.312786 0.128400
-0.041535 -0.312380 0.129790
-0.059443 -0.312055 0.130721
-0.067870 -0.311936 0.132694
-0.071425 -0.312191 0.136215
-0.073166 -0.312787 0.141013
-0.073866 -0.312963 0.147181
-0.074226 -0.312606 0.165254
-0.140297 -0.292846 0.051480
-0.143603 -0.308175 0.202329
-0.143392 -0.310751 0.151071
-0.142518 -0.303796 0.237502
-0.143255 -0.305267 0.227570
-0.139148 -0.302728 0.247237
-0.129864 -0.302943 0.251971
-0.108223 -0.304070 0.252414
-0.071410 -0.306354 0.252203
-0.034512 -0.307505 0.251487
0.049721 -0.306607 0.248368
0.086699 -0.304596 0.245723
0.120618 -0.302733 0.243102
0.127500 -0.302186 0.238551
0.131763 -0.303192 0.230988
0.133002 -0.305233 0.216825
0.134077 -0.307730 0.192195
0.135233 -0.309381 0.158365
0.136266 -0.308740 0.125245
0.137511 -0.300234 0.078537
0.138046 -0.294213 0.052706
0.138478 -0.286256 0.025433
0.138720 -0.277845 0.000981
-0.142821 -0.307668 0.124693
-0.141576 -0.300406 0.084434
-0.139140 -0.285578 0.024904
-0.138053 -0.278139 0.001043
-0.128322 -0.279254 -0.000077
-0.137025 -0.278145 -0.000081
-0.137830 -0.277992 0.000308
0.137491 -0.277984 -0.000084
0.138344 -0.277869 0.000151
0.121016 -0.279747 -0.000080
0.112128 -0.280701 -0.000081
</float_array>
          <technique_common>
            <accessor source="#black_01-POSITION-array" count="2572" stride="3">
              <param name="X" type="float"/>
              <param name="Y" type="float"/>
              <param name="Z" type="float"/>
            </accessor>
          </technique_common>
        </source>
        <source id="black_01-Normal0">
          <float_array id="black_01-Normal0-array" count="39330">
0.000000 -0.000000 -1.000000
-0.000000 -0.000000 -1.000000
-0.000000 -0.000000 -1.000000
-0.000000 -0.000000 -1.000000
0.000000 -0.000000 -1.000000
0.000000 -0.000000 -1.000000
-0.000000 -0.000000 -1.000000
0.000000 -0.000000 -1.000000
0.000000 -0.000000 -1.000000
-0.000000 -0.000000 -1.000000
0.000000 -0.000000 -1.000000
-0.000000 -0.000000 -1.000000
-0.000000 -0.000000 -1.000000
-0.000000 -0.000000 -1.000000
-0.000000 -0.000000 -1.000000
0.000000 -0.000000 -1.000000
-0.000000 -0.000000 -1.000000
-0.000000 -0.000000 -1.000000
0.000000 -0.000000 -1.000000
0.000000 -0.000000 -1.000000
-0.000000 -0.000000 -1.000000
-0.000000 -0.000000 -1.000000
0.000000 -0.000000 -1.000000
-0.000000 -0.000000 -1.000000
0.000000 -1.000000 0.000000
0.000000 -1.000000 0.000000
0.070889 -0.997484 0.000000
0.070889 -0.997484 0.000000
0.070889 -0.997484 0.000000
0.000000 -1.000000 0.000000
0.070889 -0.997484 0.000000
0.070889 -0.997484 0.000000
0.334579 -0.942368 0.000000
0.334579 -0.942368 0.000000
0.334579 -0.942368 0.000000
0.070889 -0.997484 0.000000
0.334579 -0.942368 0.000000
0.334579 -0.942368 0.000000
0.707107 -0.707107 0.000000
0.707107 -0.707107 0.000000
0.707107 -0.707107 0.000000
0.334579 -0.942368 0.000000
0.707107 -0.707107 0.000000
0.707107 -0.707107 0.000000
0.942368 -0.334579 0.000000
0.942368 -0.334579 0.000000
0.942368 -0.334579 0.000000
0.707107 -0.707107 0.000000
0.942368 -0.334579 0.000000
0.942368 -0.334579 0.000000
0.997484 -0.070889 0.000000
0.997484 -0.070889 0.000000
0.997484 -0.070889 0.000000
0.942368 -0.334579 0.000000
0.997484 -0.070889 0.000000
0.997484 -0.070889 0.000000
1.000000 0.000000 0.000000
1.000000 0.000000 0.000000
1.000000 0.000000 0.000000
0.997484 -0.070889 0.000000
-1.000000 0.000000 0.000000
-1.000000 0.000000 0.000000
-0.997484 -0.070889 0.000000
-0.997484 -0.070889 0.000000
-0.997484 -0.070889 0.000000
-1.000000 0.000000 0.000000
-0.997484 -0.070889 0.000000
-0.997484 -0.070889 0.000000
-0.942368 -0.334579 0.000000
-0.942368 -0.334579 0.000000
-0.942368 -0.334579 0.000000
-0.997484 -0.070889 0.000000
-0.942368 -0.334579 0.000000
-0.942368 -0.334579 0.000000
-0.707107 -0.707107 0.000000
-0.707107 -0.707107 0.000000
-0.707107 -0.707107 0.000000
-0.942368 -0.334579 0.000000
-0.707107 -0.707107 0.000000
-0.707107 -0.707107 0.000000
-0.334579 -0.942368 0.000000
-0.334579 -0.942368 0.000000
-0.334579 -0.942368 0.000000
-0.707107 -0.707107 0.000000
-0.334579 -0.942368 0.000000
-0.334579 -0.942368 0.000000
-0.070889 -0.997484 0.000000
-0.070889 -0.997484 0.000000
-0.070889 -0.997484 0.000000
-0.334579 -0.942368 0.000000
-0.070889 -0.997484 0.000000
-0.070889 -0.997484 0.000000
0.000000 -1.000000 0.000000
0.000000 -1.000000 0.000000
0.000000 -1.000000 0.000000
-0.070889 -0.997484 0.000000
0.022366 -0.314718 -0.948922
0.000000 -0.316228 -0.948683
-0.000000 -0.670035 -0.742329
-0.000000 -0.670035 -0.742329
0.049351 -0.694421 -0.717875
0.022366 -0.314718 -0.948922
0.103913 -0.292680 -0.950547
0.022366 -0.314718 -0.948922
0.049351 -0.694421 -0.717875
0.049351 -0.694421 -0.717875
0.224795 -0.633152 -0.740666
0.103913 -0.292680 -0.950547
0.217571 -0.217571 -0.951486
0.103913 -0.292680 -0.950547
0.224795 -0.633152 -0.740666
0.224795 -0.633152 -0.740666
0.467884 -0.467884 -0.749779
0.217571 -0.217571 -0.951486
0.292680 -0.103913 -0.950547
0.217571 -0.217571 -0.951486
0.467884 -0.467884 -0.749779
0.467884 -0.467884 -0.749779
0.633152 -0.224795 -0.740666
0.292680 -0.103913 -0.950547
0.314718 -0.022366 -0.948922
0.292680 -0.103913 -0.950547
0.633152 -0.224795 -0.740666
0.633152 -0.224795 -0.740666
0.694420 -0.049351 -0.717875
0.314718 -0.022366 -0.948922
0.316228 -0.000000 -0.948683
0.314718 -0.022366 -0.948922
0.694420 -0.049351 -0.717875
0.694420 -0.049351 -0.717875
0.707107 -0.000000 -0.707106
0.316228 -0.000000 -0.948683
-0.314718 -0.022366 -0.948922
-0.316228 -0.000000 -0.948683
-0.707107 -0.000000 -0.707106
-0.707107 -0.000000 -0.707106
-0.694421 -0.049351 -0.717875
-0.314718 -0.022366 -0.948922
-0.292680 -0.103913 -0.950547
-0.314718 -0.022366 -0.948922
-0.694421 -0.049351 -0.717875
-0.694421 -0.049351 -0.717875
-0.633152 -0.224795 -0.740666
-0.292680 -0.103913 -0.950547
-0.217571 -0.217571 -0.951486
-0.292680 -0.103913 -0.950547
-0.633152 -0.224795 -0.740666
-0.633152 -0.224795 -0.740666
-0.467884 -0.467885 -0.749779
-0.217571 -0.217571 -0.951486
-0.103913 -0.292680 -0.950547
-0.217571 -0.217571 -0.951486
-0.467884 -0.467885 -0.749779
-0.467884 -0.467885 -0.749779
-0.224795 -0.633152 -0.740666
-0.103913 -0.292680 -0.950547
-0.022366 -0.314718 -0.948922
-0.103913 -0.292680 -0.950547
-0.224795 -0.633152 -0.740666
-0.224795 -0.633152 -0.740666
-0.049351 -0.694421 -0.717875
-0.022366 -0.314718 -0.948922
0.000000 -0.316228 -0.948683
-0.022366 -0.314718 -0.948922
-0.049351 -0.694421 -0.717875
-0.049351 -0.694421 -0.717875
0.000000 -0.676246 -0.736676
0.000000 -0.316228 -0.948683
-0.000000 -0.948683 -0.316227
0.067234 -0.946058 -0.316945
0.049351 -0.694421 -0.717875
0.049351 -0.694421 -0.717875
-0.000000 -0.670035 -0.742329
-0.000000 -0.948683 -0.316227
0.067234 -0.946058 -0.316945
0.316764 -0.892192 -0.321954
0.224795 -0.633152 -0.740666
0.224795 -0.633152 -0.740666
0.049351 -0.694421 -0.717875
0.067234 -0.946058 -0.316945
0.316764 -0.892192 -0.321954
0.668734 -0.668734 -0.324946
0.467884 -0.467884 -0.749779
0.467884 -0.467884 -0.749779
0.224795 -0.633152 -0.740666
0.316764 -0.892192 -0.321954
0.668734 -0.668734 -0.324946
0.892191 -0.316764 -0.321954
0.633152 -0.224795 -0.740666
0.633152 -0.224795 -0.740666
0.467884 -0.467884 -0.749779
0.668734 -0.668734 -0.324946
0.892191 -0.316764 -0.321954
0.946058 -0.067234 -0.316945
0.694420 -0.049351 -0.717875
0.694420 -0.049351 -0.717875
0.633152 -0.224795 -0.740666
0.892191 -0.316764 -0.321954
0.946058 -0.067234 -0.316945
0.948683 -0.000000 -0.316227
0.707107 -0.000000 -0.707106
0.707107 -0.000000 -0.707106
0.694420 -0.049351 -0.717875
0.946058 -0.067234 -0.316945
-0.948683 -0.000000 -0.316228
-0.946058 -0.067234 -0.316945
-0.694421 -0.049351 -0.717875
-0.694421 -0.049351 -0.717875
-0.707107 -0.000000 -0.707106
-0.948683 -0.000000 -0.316228
-0.946058 -0.067234 -0.316945
-0.892192 -0.316764 -0.321955
-0.633152 -0.224795 -0.740666
-0.633152 -0.224795 -0.740666
-0.694421 -0.049351 -0.717875
-0.946058 -0.067234 -0.316945
-0.892192 -0.316764 -0.321955
-0.668734 -0.668734 -0.324946
-0.467884 -0.467885 -0.749779
-0.467884 -0.467885 -0.749779
-0.633152 -0.224795 -0.740666
-0.892192 -0.316764 -0.321955
-0.668734 -0.668734 -0.324946
-0.316764 -0.892192 -0.321954
-0.224795 -0.633152 -0.740666
-0.224795 -0.633152 -0.740666
-0.467884 -0.467885 -0.749779
-0.668734 -0.668734 -0.324946
-0.316764 -0.892192 -0.321954
-0.067234 -0.946058 -0.316945
-0.049351 -0.694421 -0.717875
-0.049351 -0.694421 -0.717875
-0.224795 -0.633152 -0.740666
-0.316764 -0.892192 -0.321954
-0.067234 -0.946058 -0.316945
-0.000000 -0.948683 -0.316227
0.000000 -0.676246 -0.736676
0.000000 -0.676246 -0.736676
-0.049351 -0.694421 -0.717875
-0.067234 -0.946058 -0.316945
0.000000 -0.000000 -1.000000
0.000000 -0.000000 -1.000000
0.000000 -0.000000 -1.000000
0.000000 -0.000000 -1.000000
0.000000 -0.000000 -1.000000
0.000000 -0.000000 -1.000000
0.000000 -0.000000 -1.000000
0.000000 -0.000000 -1.000000
0.000000 -0.000000 -1.000000
0.000000 -0.000000 -1.000000
0.000000 -0.000000 -1.000000
0.000000 -0.000000 -1.000000
0.000000 -0.000000 -1.000000
0.000000 -0.000000 -1.000000
0.000000 -0.000000 -1.000000
0.000000 -0.000000 -1.000000
0.000000 -0.000000 -1.000000
0.000000 -0.000000 -1.000000
0.000000 -0.000000 -1.000000
0.000000 -0.000000 -1.000000
-0.000000 -0.000000 -1.000000
-0.000000 -0.000000 -1.000000
0.000000 -0.000000 -1.000000
0.000000 -0.000000 -1.000000
0.000000 -0.000001 -1.000000
0.000000 -0.000001 -1.000000
-0.000000 -0.000000 -1.000000
0.000000 -0.000000 -1.000000
-0.000000 0.000000 -1.000000
-0.000000 -0.000000 -1.000000
0.000000 -0.000001 -1.000000
-0.000000 -0.000002 -1.000000
0.000000 -0.000001 -1.000000
0.000000 -0.000001 -1.000000
-0.000000 -0.000000 -1.000000
0.000000 -0.000001 -1.000000
0.000000 -0.000001 -1.000000
0.000003 0.000000 -1.000000
0.000000 -0.000000 -1.000000
0.000000 -0.000000 -1.000000
-0.000000 -0.000000 -1.000000
0.000000 -0.000001 -1.000000
0.000000 -0.000001 -1.000000
-0.000000 -0.000000 -1.000000
-0.000000 -0.000000 -1.000000
-0.000000 0.000000 -1.000000
-0.000000 0.000000 -1.000000
-0.000000 -0.000000 -1.000000
-0.000000 -0.000001 -1.000000
0.000000 -0.000000 -1.000000
-0.000000 -0.000000 -1.000000
-0.000001 -0.000001 -1.000000
-0.000001 -0.000001 -1.000000
-0.000000 -0.000000 -1.000000
-0.000000 -0.000000 -1.000000
-0.000000 0.000000 -1.000000
-0.000001 -0.000001 -1.000000
-0.000001 -0.000001 -1.000000
0.000000 -0.000002 -1.000000
-0.000000 -0.000001 -1.000000
-0.000000 -0.000001 -1.000000
-0.000000 -0.000000 -1.000000
-0.000001 -0.000001 -1.000000
-0.000001 -0.000001 -1.000000
-0.000000 -0.000000 -1.000000
-0.000000 -0.000000 -1.000000
0.000000 -0.000000 -1.000000
0.000000 -0.000000 -1.000000
0.000000 -0.000000 -1.000000
0.000000 -0.000000 -1.000000
0.000000 -0.000000 -1.000000
0.000000 -0.000000 -1.000000
0.000000 -0.000000 -1.000000
0.000000 -0.000000 -1.000000
0.000000 -0.000000 -1.000000
0.000000 -0.000000 -1.000000
0.000000 -0.000000 -1.000000
0.000000 -0.000000 -1.000000
0.000000 -0.000000 -1.000000
0.000000 -0.000000 -1.000000
-0.000000 -0.000000 -1.000000
0.000000 -0.000000 -1.000000
-0.000000 -0.000000 -1.000000
-0.000000 -0.000000 -1.000000
0.000000 -0.000000 -1.000000
0.000000 -0.000000 -1.000000
-0.000000 -0.000000 -1.000000
0.000000 -0.000000 -1.000000
-0.000000 -0.000000 -1.000000
0.000000 -0.000000 -1.000000
0.000000 1.000000 -0.000000
0.070889 0.997484 -0.000000
0.070889 0.997484 -0.000000
0.070889 0.997484 -0.000000
0.000000 1.000000 -0.000000
0.000000 1.000000 -0.000000
0.070889 0.997484 -0.000000
0.334579 0.942368 -0.000000
0.334579 0.942368 -0.000000
0.334579 0.942368 -0.000000
0.070889 0.997484 -0.000000
0.070889 0.997484 -0.000000
0.334579 0.942368 -0.000000
0.707107 0.707107 -0.000000
0.707107 0.707107 -0.000000
0.707107 0.707107 -0.000000
0.334579 0.942368 -0.000000
0.334579 0.942368 -0.000000
0.707107 0.707107 -0.000000
0.942368 0.334579 -0.000000
0.942368 0.334579 -0.000000
0.942368 0.334579 -0.000000
0.707107 0.707107 -0.000000
0.707107 0.707107 -0.000000
0.942368 0.334579 -0.000000
0.997484 0.070889 -0.000000
0.997484 0.070889 -0.000000
0.997484 0.070889 -0.000000
0.942368 0.334579 -0.000000
0.942368 0.334579 -0.000000
0.997484 0.070889 -0.000000
1.000000 0.000000 0.000000
1.000000 0.000000 0.000000
1.000000 0.000000 0.000000
0.997484 0.070889 -0.000000
0.997484 0.070889 -0.000000
-1.000000 0.000000 0.000000
-0.997484 0.070889 -0.000000
-0.997484 0.070889 -0.000000
-0.997484 0.070889 -0.000000
-1.000000 0.000000 0.000000
-1.000000 0.000000 0.000000
-0.997484 0.070889 -0.000000
-0.942368 0.334579 -0.000000
-0.942368 0.334579 -0.000000
-0.942368 0.334579 -0.000000
-0.997484 0.070889 -0.000000
-0.997484 0.070889 -0.000000
-0.942368 0.334579 -0.000000
-0.707107 0.707107 -0.000000
-0.707107 0.707107 -0.000000
-0.707107 0.707107 -0.000000
-0.942368 0.334579 -0.000000
-0.942368 0.334579 -0.000000
-0.707107 0.707107 -0.000000
-0.334579 0.942368 -0.000000
-0.334579 0.942368 -0.000000
-0.334579 0.942368 -0.000000
-0.707107 0.707107 -0.000000
-0.707107 0.707107 -0.000000
-0.334579 0.942368 -0.000000
-0.070889 0.997484 -0.000000
-0.070889 0.997484 -0.000000
-0.070889 0.997484 -0.000000
-0.334579 0.942368 -0.000000
-0.334579 0.942368 -0.000000
-0.070889 0.997484 -0.000000
-0.000000 1.000000 -0.000000
-0.000000 1.000000 -0.000000
-0.000000 1.000000 -0.000000
-0.070889 0.997484 -0.000000
-0.070889 0.997484 -0.000000
0.022366 0.314718 -0.948922
0.049351 0.694420 -0.717875
-0.000000 0.670035 -0.742329
-0.000000 0.670035 -0.742329
0.000000 0.316228 -0.948683
0.022366 0.314718 -0.948922
0.103913 0.292680 -0.950547
0.224795 0.633152 -0.740666
0.049351 0.694420 -0.717875
0.049351 0.694420 -0.717875
0.022366 0.314718 -0.948922
0.103913 0.292680 -0.950547
0.217571 0.217571 -0.951486
0.467884 0.467884 -0.749779
0.224795 0.633152 -0.740666
0.224795 0.633152 -0.740666
0.103913 0.292680 -0.950547
0.217571 0.217571 -0.951486
0.292680 0.103913 -0.950547
0.633152 0.224795 -0.740666
0.467884 0.467884 -0.749779
0.467884 0.467884 -0.749779
0.217571 0.217571 -0.951486
0.292680 0.103913 -0.950547
0.314718 0.022366 -0.948922
0.694421 0.049351 -0.717875
0.633152 0.224795 -0.740666
0.633152 0.224795 -0.740666
0.292680 0.103913 -0.950547
0.314718 0.022366 -0.948922
0.316228 -0.000000 -0.948683
0.707107 -0.000000 -0.707107
0.694421 0.049351 -0.717875
0.694421 0.049351 -0.717875
0.314718 0.022366 -0.948922
0.316228 -0.000000 -0.948683
-0.314718 0.022366 -0.948922
-0.694421 0.049351 -0.717875
-0.707107 -0.000000 -0.707107
-0.707107 -0.000000 -0.707107
-0.316228 -0.000000 -0.948683
-0.314718 0.022366 -0.948922
-0.292680 0.103913 -0.950547
-0.633152 0.224795 -0.740666
-0.694421 0.049351 -0.717875
-0.694421 0.049351 -0.717875
-0.314718 0.022366 -0.948922
-0.292680 0.103913 -0.950547
-0.217571 0.217571 -0.951486
-0.467884 0.467884 -0.749779
-0.633152 0.224795 -0.740666
-0.633152 0.224795 -0.740666
-0.292680 0.103913 -0.950547
-0.217571 0.217571 -0.951486
-0.103913 0.292680 -0.950547
-0.224795 0.633152 -0.740666
-0.467884 0.467884 -0.749779
-0.467884 0.467884 -0.749779
-0.217571 0.217571 -0.951486
-0.103913 0.292680 -0.950547
-0.022366 0.314718 -0.948922
-0.049351 0.694421 -0.717875
-0.224795 0.633152 -0.740666
-0.224795 0.633152 -0.740666
-0.103913 0.292680 -0.950547
-0.022366 0.314718 -0.948922
0.000000 0.316228 -0.948683
0.000000 0.676245 -0.736676
-0.049351 0.694421 -0.717875
-0.049351 0.694421 -0.717875
-0.022366 0.314718 -0.948922
0.000000 0.316228 -0.948683
-0.000000 0.948683 -0.316227
-0.000000 0.670035 -0.742329
0.049351 0.694420 -0.717875
0.049351 0.694420 -0.717875
0.067234 0.946058 -0.316945
-0.000000 0.948683 -0.316227
0.067234 0.946058 -0.316945
0.049351 0.694420 -0.717875
0.224795 0.633152 -0.740666
0.224795 0.633152 -0.740666
0.316764 0.892192 -0.321955
0.067234 0.946058 -0.316945
0.316764 0.892192 -0.321955
0.224795 0.633152 -0.740666
0.467884 0.467884 -0.749779
0.467884 0.467884 -0.749779
0.668734 0.668734 -0.324946
0.316764 0.892192 -0.321955
0.668734 0.668734 -0.324946
0.467884 0.467884 -0.749779
0.633152 0.224795 -0.740666
0.633152 0.224795 -0.740666
0.892192 0.316764 -0.321954
0.668734 0.668734 -0.324946
0.892192 0.316764 -0.321954
0.633152 0.224795 -0.740666
0.694421 0.049351 -0.717875
0.694421 0.049351 -0.717875
0.946058 0.067234 -0.316945
0.892192 0.316764 -0.321954
0.946058 0.067234 -0.316945
0.694421 0.049351 -0.717875
0.707107 -0.000000 -0.707107
0.707107 -0.000000 -0.707107
0.948683 -0.000000 -0.316227
0.946058 0.067234 -0.316945
-0.948683 -0.000000 -0.316228
-0.707107 -0.000000 -0.707107
-0.694421 0.049351 -0.717875
-0.694421 0.049351 -0.717875
-0.946058 0.067234 -0.316945
-0.948683 -0.000000 -0.316228
-0.946058 0.067234 -0.316945
-0.694421 0.049351 -0.717875
-0.633152 0.224795 -0.740666
-0.633152 0.224795 -0.740666
-0.892192 0.316764 -0.321955
-0.946058 0.067234 -0.316945
-0.892192 0.316764 -0.321955
-0.633152 0.224795 -0.740666
-0.467884 0.467884 -0.749779
-0.467884 0.467884 -0.749779
-0.668734 0.668734 -0.324946
-0.892192 0.316764 -0.321955
-0.668734 0.668734 -0.324946
-0.467884 0.467884 -0.749779
-0.224795 0.633152 -0.740666
-0.224795 0.633152 -0.740666
-0.316764 0.892192 -0.321955
-0.668734 0.668734 -0.324946
-0.316764 0.892192 -0.321955
-0.224795 0.633152 -0.740666
-0.049351 0.694421 -0.717875
-0.049351 0.694421 -0.717875
-0.067234 0.946058 -0.316945
-0.316764 0.892192 -0.321955
-0.067234 0.946058 -0.316945
-0.049351 0.694421 -0.717875
0.000000 0.676245 -0.736676
0.000000 0.676245 -0.736676
-0.000000 0.948683 -0.316227
-0.067234 0.946058 -0.316945
0.000000 -0.000000 -1.000000
0.000000 -0.000000 -1.000000
0.000000 -0.000000 -1.000000
0.000000 -0.000000 -1.000000
0.000000 -0.000000 -1.000000
0.000000 -0.000000 -1.000000
0.000000 -0.000000 -1.000000
0.000000 -0.000000 -1.000000
0.000000 -0.000000 -1.000000
0.000000 -0.000000 -1.000000
0.000000 -0.000000 -1.000000
0.000000 -0.000000 -1.000000
0.000000 -0.000000 -1.000000
0.000000 -0.000000 -1.000000
0.000000 -0.000000 -1.000000
0.000000 -0.000000 -1.000000
0.000000 -0.000000 -1.000000
0.000000 -0.000000 -1.000000
0.000000 -0.000000 -1.000000
-0.000000 -0.000000 -1.000000
0.000000 -0.000000 -1.000000
0.000000 -0.000000 -1.000000
0.000000 -0.000000 -1.000000
0.000000 -0.000000 -1.000000
0.000000 0.000000 -1.000000
-0.000000 -0.000000 -1.000000
-0.000000 -0.000000 -1.000000
0.000000 0.000000 -1.000000
-0.000000 -0.000000 -1.000000
-0.000000 -0.000001 -1.000000
-0.000000 -0.000000 -1.000000
-0.000000 -0.000000 -1.000000
0.000000 -0.000000 -1.000000
0.000000 -0.000000 -1.000000
0.000000 -0.000002 -1.000000
-0.000000 -0.000000 -1.000000
0.000000 -0.000000 -1.000000
-0.000000 -0.000000 -1.000000
0.000000 0.000000 -1.000000
0.000000 0.000000 -1.000000
0.000003 -0.000000 -1.000000
0.000000 -0.000000 -1.000000
0.000000 -0.000000 -1.000000
-0.000000 -0.000000 -1.000000
-0.000000 -0.000000 -1.000000
-0.000000 -0.000001 -1.000000
-0.000000 -0.000000 -1.000000
-0.000000 -0.000000 -1.000000
0.000000 -0.000001 -1.000000
0.000000 -0.000000 -1.000000
0.000000 -0.000000 -1.000000
-0.000001 0.000001 -1.000000
-0.000000 -0.000000 -1.000000
-0.000000 -0.000000 -1.000000
-0.000000 -0.000000 -1.000000
-0.000001 0.000000 -1.000000
-0.000001 0.000001 -1.000000
-0.000001 0.000000 -1.000000
0.000000 -0.000000 -1.000000
0.000000 -0.000001 -1.000000
0.000000 -0.000001 -1.000000
-0.000000 -0.000002 -1.000000
-0.000001 0.000000 -1.000000
-0.000001 0.000000 -1.000000
-0.000000 -0.000000 -1.000000
0.000000 -0.000000 -1.000000
-0.704221 0.621773 0.342740
-0.795381 0.512510 0.323579
-0.704188 0.454402 0.545563
-0.704188 0.454402 0.545563
-0.598098 0.534279 0.597348
-0.704221 0.621773 0.342740
-0.599106 0.711901 0.366427
-0.704221 0.621773 0.342740
-0.598098 0.534279 0.597348
-0.598098 0.534279 0.597348
-0.485126 0.586744 0.648370
-0.599106 0.711901 0.366427
-0.487547 0.781900 0.388497
-0.599106 0.711901 0.366427
-0.485126 0.586744 0.648370
-0.485126 0.586744 0.648370
-0.385801 0.622952 0.680506
-0.487547 0.781900 0.388497
-0.379229 0.837241 0.393969
-0.487547 0.781900 0.388497
-0.385801 0.622952 0.680506
-0.385801 0.622952 0.680506
-0.291720 0.643584 0.707601
-0.379229 0.837241 0.393969
-0.276182 0.881956 0.381938
-0.379229 0.837241 0.393969
-0.291720 0.643584 0.707601
-0.291720 0.643584 0.707601
-0.220273 0.683456 0.695965
-0.276182 0.881956 0.381938
-0.116026 0.922911 0.367115
-0.097235 0.722263 0.684749
-0.082042 0.821717 0.563959
-0.082042 0.821717 0.563959
-0.074462 0.947188 0.311914
-0.116026 0.922911 0.367115
-0.116026 0.922911 0.367115
-0.177463 0.907864 0.379854
-0.141031 0.693291 0.706724
-0.141031 0.693291 0.706724
-0.097235 0.722263 0.684749
-0.116026 0.922911 0.367115
-0.177463 0.907864 0.379854
-0.276182 0.881956 0.381938
-0.220273 0.683456 0.695965
-0.220273 0.683456 0.695965
-0.141031 0.693291 0.706724
-0.177463 0.907864 0.379854
-0.068125 0.962280 0.263392
-0.100611 0.956853 0.272598
-0.107723 0.956182 0.272236
-0.187898 0.948969 0.253282
-0.177463 0.907864 0.379854
-0.116026 0.922911 0.367115
-0.116026 0.922911 0.367115
-0.107723 0.956182 0.272236
-0.187898 0.948969 0.253282
-0.107723 0.956182 0.272236
-0.116026 0.922911 0.367115
-0.074462 0.947188 0.311914
-0.074462 0.947188 0.311914
-0.068125 0.962280 0.263392
-0.107723 0.956182 0.272236
-0.187898 0.948969 0.253282
-0.100611 0.956853 0.272598
-0.145912 0.958308 0.245675
-0.107723 0.956182 0.272236
-0.100611 0.956853 0.272598
-0.187898 0.948969 0.253282
-0.187898 0.948969 0.253282
-0.145912 0.958308 0.245675
-0.156691 0.970381 0.183872
-0.156691 0.970381 0.183872
-0.197144 0.962424 0.186747
-0.187898 0.948969 0.253282
-0.276182 0.881956 0.381938
-0.177463 0.907864 0.379854
-0.187898 0.948969 0.253282
-0.187898 0.948969 0.253282
-0.287788 0.924480 0.250028
-0.276182 0.881956 0.381938
-0.287788 0.924480 0.250028
-0.187898 0.948969 0.253282
-0.197144 0.962424 0.186747
-0.197144 0.962424 0.186747
-0.294727 0.937830 0.183330
-0.287788 0.924480 0.250028
-0.379229 0.837241 0.393969
-0.276182 0.881956 0.381938
-0.287788 0.924480 0.250028
-0.287788 0.924480 0.250028
-0.400244 0.883017 0.245124
-0.379229 0.837241 0.393969
-0.400244 0.883017 0.245124
-0.287788 0.924480 0.250028
-0.294727 0.937830 0.183330
-0.294727 0.937830 0.183330
-0.406373 0.896251 0.177747
-0.400244 0.883017 0.245124
-0.487547 0.781900 0.388497
-0.379229 0.837241 0.393969
-0.400244 0.883017 0.245124
-0.400244 0.883017 0.245124
-0.513265 0.822944 0.243560
-0.487547 0.781900 0.388497
-0.513265 0.822944 0.243560
-0.400244 0.883017 0.245124
-0.406373 0.896251 0.177747
-0.406373 0.896251 0.177747
-0.521720 0.835280 0.173543
-0.513265 0.822944 0.243560
-0.599106 0.711901 0.366427
-0.487547 0.781900 0.388497
-0.513265 0.822944 0.243560
-0.513265 0.822944 0.243560
-0.626016 0.743640 0.234741
-0.599106 0.711901 0.366427
-0.626016 0.743640 0.234741
-0.513265 0.822944 0.243560
-0.521720 0.835280 0.173543
-0.521720 0.835280 0.173543
-0.635523 0.754131 0.165518
-0.626016 0.743640 0.234741
-0.704221 0.621773 0.342740
-0.599106 0.711901 0.366427
-0.626016 0.743640 0.234741
-0.626016 0.743640 0.234741
-0.729795 0.645444 0.225392
-0.704221 0.621773 0.342740
-0.729795 0.645444 0.225392
-0.626016 0.743640 0.234741
-0.635523 0.754131 0.165518
-0.635523 0.754131 0.165518
-0.740862 0.653436 0.155387
-0.729795 0.645444 0.225392
-0.795381 0.512510 0.323579
-0.704221 0.621773 0.342740
-0.729795 0.645444 0.225392
-0.729795 0.645444 0.225392
-0.820413 0.530488 0.213320
-0.795381 0.512510 0.323579
-0.820413 0.530488 0.213320
-0.729795 0.645444 0.225392
-0.740862 0.653436 0.155387
-0.740862 0.653436 0.155387
-0.832614 0.535110 0.142865
-0.820413 0.530488 0.213320
-0.888111 0.410473 0.206809
-0.820413 0.530488 0.213320
-0.832614 0.535110 0.142865
-0.832614 0.535110 0.142865
-0.900045 0.414841 0.133516
-0.888111 0.410473 0.206809
-0.773398 0.360389 0.521512
-0.704188 0.454402 0.545563
-0.795381 0.512510 0.323579
-0.795381 0.512510 0.323579
-0.862486 0.394514 0.316979
-0.773398 0.360389 0.521512
-0.862486 0.394514 0.316979
-0.795381 0.512510 0.323579
-0.820413 0.530488 0.213320
-0.820413 0.530488 0.213320
-0.888111 0.410473 0.206809
-0.862486 0.394514 0.316979
-0.912636 0.083533 0.400147
-0.862486 0.394514 0.316979
-0.888111 0.410473 0.206809
-0.888111 0.410473 0.206809
-0.924322 0.319708 0.208366
-0.912636 0.083533 0.400147
-0.941598 0.091120 0.324178
-0.924322 0.319708 0.208366
-0.942074 0.311646 0.123991
-0.924322 0.319708 0.208366
-0.888111 0.410473 0.206809
-0.900045 0.414841 0.133516
-0.900045 0.414841 0.133516
-0.942074 0.311646 0.123991
-0.924322 0.319708 0.208366
-0.992373 0.054128 0.110756
-0.994897 -0.000000 0.100891
-0.883953 0.000000 0.467575
-0.883953 0.000000 0.467575
-0.898041 0.045501 0.437553
-0.992373 0.054128 0.110756
-0.898041 0.045501 0.437553
-0.883953 0.000000 0.467575
-0.664049 0.000000 0.747689
-0.664049 0.000000 0.747689
-0.721729 0.030364 0.691509
-0.898041 0.045501 0.437553
-0.988407 0.104930 0.109729
-0.992373 0.054128 0.110756
-0.898041 0.045501 0.437553
-0.898041 0.045501 0.437553
-0.876044 0.089195 0.473911
-0.988407 0.104930 0.109729
-0.876044 0.089195 0.473911
-0.898041 0.045501 0.437553
-0.721729 0.030364 0.691509
-0.721729 0.030364 0.691509
-0.656193 0.062765 0.751979
-0.876044 0.089195 0.473911
-0.981720 0.159648 0.103623
-0.988407 0.104930 0.109729
-0.876044 0.089195 0.473911
-0.876044 0.089195 0.473911
-0.886538 0.124419 0.445611
-0.981720 0.159648 0.103623
-0.886538 0.124419 0.445611
-0.876044 0.089195 0.473911
-0.656193 0.062765 0.751979
-0.656193 0.062765 0.751979
-0.680812 0.073761 0.728734
-0.886538 0.124419 0.445611
-0.967908 0.227563 0.106630
-0.981720 0.159648 0.103623
-0.886538 0.124419 0.445611
-0.886538 0.124419 0.445611
-0.902865 0.121614 0.412364
-0.967908 0.227563 0.106630
-0.902865 0.121614 0.412364
-0.886538 0.124419 0.445611
-0.680812 0.073761 0.728734
-0.680812 0.073761 0.728734
-0.708382 0.036869 0.704866
-0.902865 0.121614 0.412364
-0.942074 0.311646 0.123991
-0.967908 0.227563 0.106630
-0.920653 0.108508 0.375000
-0.920653 0.108508 0.375000
-0.967908 0.227563 0.106630
-0.902865 0.121614 0.412364
-0.920653 0.108508 0.375000
-0.902865 0.121614 0.412364
-0.708382 0.036869 0.704866
-0.708382 0.036869 0.704866
-0.781176 -0.068046 0.620591
-0.920653 0.108508 0.375000
-0.942074 0.311646 0.123991
-0.920653 0.108508 0.375000
-0.941598 0.091120 0.324178
-0.941598 0.091120 0.324178
-0.920653 0.108508 0.375000
-0.781176 -0.068046 0.620591
-0.781176 -0.068046 0.620591
-0.862010 -0.136677 0.488117
-0.941598 0.091120 0.324178
-0.924322 0.319708 0.208366
-0.941598 0.091120 0.324178
-0.912636 0.083533 0.400147
-0.912636 0.083533 0.400147
-0.941598 0.091120 0.324178
-0.862010 -0.136677 0.488117
-0.862010 -0.136677 0.488117
-0.850493 -0.169511 0.497923
-0.912636 0.083533 0.400147
-0.821497 0.111116 0.559282
-0.773398 0.360389 0.521512
-0.862486 0.394514 0.316979
-0.862486 0.394514 0.316979
-0.912636 0.083533 0.400147
-0.821497 0.111116 0.559282
-0.821497 0.111116 0.559282
-0.912636 0.083533 0.400147
-0.850493 -0.169511 0.497923
-0.850493 -0.169511 0.497923
-0.783269 -0.101213 0.613389
-0.821497 0.111116 0.559282
-0.911612 0.408443 0.046230
-0.930153 0.351672 0.105556
-0.902279 0.424037 0.078012
-0.942074 0.311646 0.123991
-0.900045 0.414841 0.133516
-0.902279 0.424037 0.078012
-0.902279 0.424037 0.078012
-0.947084 0.313019 0.071069
-0.942074 0.311646 0.123991
-0.967908 0.227563 0.106630
-0.942074 0.311646 0.123991
-0.947084 0.313019 0.071069
-0.947084 0.313019 0.071069
-0.974962 0.214991 0.056823
-0.967908 0.227563 0.106630
-0.981720 0.159648 0.103623
-0.967908 0.227563 0.106630
-0.974962 0.214991 0.056823
-0.974962 0.214991 0.056823
-0.985451 0.163188 0.047501
-0.981720 0.159648 0.103623
-0.988407 0.104930 0.109729
-0.981720 0.159648 0.103623
-0.985451 0.163188 0.047501
-0.985451 0.163188 0.047501
-0.993886 0.102304 0.041534
-0.988407 0.104930 0.109729
-0.992373 0.054128 0.110756
-0.988407 0.104930 0.109729
-0.993886 0.102304 0.041534
-0.993886 0.102304 0.041534
-0.998123 0.054297 0.028331
-0.992373 0.054128 0.110756
-0.994897 -0.000000 0.100891
-0.992373 0.054128 0.110756
-0.998123 0.054297 0.028331
-0.998123 0.054297 0.028331
-0.999512 -0.000000 0.031225
-0.994897 -0.000000 0.100891
-0.999886 -0.000000 -0.015106
-0.999512 -0.000000 0.031225
-0.998123 0.054297 0.028331
-0.998123 0.054297 0.028331
-0.998608 0.051024 -0.013383
-0.999886 -0.000000 -0.015106
-0.998608 0.051024 -0.013383
-0.998123 0.054297 0.028331
-0.993886 0.102304 0.041534
-0.993886 0.102304 0.041534
-0.995615 0.092263 0.015431
-0.998608 0.051024 -0.013383
-0.995615 0.092263 0.015431
-0.993886 0.102304 0.041534
-0.985451 0.163188 0.047501
-0.985451 0.163188 0.047501
-0.988462 0.150390 0.018076
-0.995615 0.092263 0.015431
-0.988462 0.150390 0.018076
-0.985451 0.163188 0.047501
-0.974540 0.218433 0.050582
-0.974540 0.218433 0.050582
-0.985451 0.163188 0.047501
-0.979127 0.200224 0.034941
-0.979127 0.200224 0.034941
-0.985451 0.163188 0.047501
-0.974962 0.214991 0.056823
-0.974962 0.214991 0.056823
-0.993527 0.098007 0.057432
-0.979127 0.200224 0.034941
-0.944961 0.322019 0.057891
-0.947084 0.313019 0.071069
-0.902279 0.424037 0.078012
-0.902279 0.424037 0.078012
-0.930153 0.351672 0.105556
-0.944961 0.322019 0.057891
-0.965067 0.254358 0.062834
-0.974962 0.214991 0.056823
-0.947084 0.313019 0.071069
-0.947084 0.313019 0.071069
-0.944961 0.322019 0.057891
-0.965067 0.254358 0.062834
-0.993527 0.098007 0.057432
-0.974962 0.214991 0.056823
-0.965067 0.254358 0.062834
-0.838857 0.538580 0.079062
-0.902279 0.424037 0.078012
-0.900045 0.414841 0.133516
-0.900045 0.414841 0.133516
-0.832614 0.535110 0.142865
-0.838857 0.538580 0.079062
-0.748536 0.656893 0.090466
-0.838857 0.538580 0.079062
-0.832614 0.535110 0.142865
-0.832614 0.535110 0.142865
-0.740862 0.653436 0.155387
-0.748536 0.656893 0.090466
-0.643136 0.759707 0.096024
-0.748536 0.656893 0.090466
-0.740862 0.653436 0.155387
-0.740862 0.653436 0.155387
-0.635523 0.754131 0.165518
-0.643136 0.759707 0.096024
-0.530035 0.841351 0.105787
-0.643136 0.759707 0.096024
-0.635523 0.754131 0.165518
-0.635523 0.754131 0.165518
-0.521720 0.835280 0.173543
-0.530035 0.841351 0.105787
-0.212079 0.974335 0.075450
-0.197144 0.962424 0.186747
-0.156691 0.970381 0.183872
-0.156691 0.970381 0.183872
-0.170820 0.978867 0.112427
-0.212079 0.974335 0.075450
-0.170820 0.978867 0.112427
-0.227681 0.968725 0.098657
-0.197491 0.976673 0.084310
-0.169822 0.982698 0.073926
-0.170820 0.978867 0.112427
-0.197491 0.976673 0.084310
-0.170745 0.984296 0.044809
-0.212079 0.974335 0.075450
-0.170820 0.978867 0.112427
-0.170820 0.978867 0.112427
-0.169822 0.982698 0.073926
-0.170745 0.984296 0.044809
-0.218424 0.975832 0.006506
-0.212079 0.974335 0.075450
-0.170745 0.984296 0.044809
-0.302556 0.944077 0.131068
-0.212079 0.974335 0.075450
-0.218424 0.975832 0.006506
-0.218424 0.975832 0.006506
-0.213107 0.957863 0.192572
-0.302556 0.944077 0.131068
-0.294727 0.937830 0.183330
-0.197144 0.962424 0.186747
-0.212079 0.974335 0.075450
-0.212079 0.974335 0.075450
-0.302556 0.944077 0.131068
-0.294727 0.937830 0.183330
-0.302556 0.944077 0.131068
-0.213107 0.957863 0.192572
-0.338262 0.937847 0.077597
-0.406373 0.896251 0.177747
-0.294727 0.937830 0.183330
-0.302556 0.944077 0.131068
-0.302556 0.944077 0.131068
-0.413698 0.903056 0.115512
-0.406373 0.896251 0.177747
-0.413698 0.903056 0.115512
-0.302556 0.944077 0.131068
-0.338262 0.937847 0.077597
-0.338262 0.937847 0.077597
-0.348492 0.934809 0.068453
-0.413698 0.903056 0.115512
-0.413698 0.903056 0.115512
-0.530035 0.841351 0.105787
-0.521720 0.835280 0.173543
-0.521720 0.835280 0.173543
-0.406373 0.896251 0.177747
-0.413698 0.903056 0.115512
-0.533941 0.842015 0.076926
-0.530035 0.841351 0.105787
-0.413698 0.903056 0.115512
-0.413698 0.903056 0.115512
-0.431679 0.898073 0.084362
-0.533941 0.842015 0.076926
-0.431679 0.898073 0.084362
-0.413698 0.903056 0.115512
-0.326961 0.935643 0.132923
-0.326961 0.935643 0.132923
-0.413698 0.903056 0.115512
-0.348492 0.934809 0.068453
-0.753460 0.654605 0.061571
-0.748536 0.656893 0.090466
-0.643136 0.759707 0.096024
-0.643136 0.759707 0.096024
-0.645891 0.760727 0.064184
-0.753460 0.654605 0.061571
-0.645891 0.760727 0.064184
-0.643136 0.759707 0.096024
-0.530035 0.841351 0.105787
-0.530035 0.841351 0.105787
-0.533941 0.842015 0.076926
-0.645891 0.760727 0.064184
-0.884584 0.464276 0.044268
-0.902279 0.424037 0.078012
-0.838857 0.538580 0.079062
-0.838857 0.538580 0.079062
-0.840299 0.539663 0.051581
-0.884584 0.464276 0.044268
-0.911612 0.408443 0.046230
-0.902279 0.424037 0.078012
-0.884584 0.464276 0.044268
-0.840299 0.539663 0.051581
-0.838857 0.538580 0.079062
-0.748536 0.656893 0.090466
-0.748536 0.656893 0.090466
-0.753460 0.654605 0.061571
-0.840299 0.539663 0.051581
-0.061436 0.425362 0.902936
-0.071146 0.529967 0.845028
-0.082042 0.821717 0.563959
-0.082042 0.821717 0.563959
-0.097235 0.722263 0.684749
-0.061436 0.425362 0.902936
-0.080716 0.394127 0.915505
-0.061436 0.425362 0.902936
-0.097235 0.722263 0.684749
-0.097235 0.722263 0.684749
-0.141031 0.693291 0.706724
-0.080716 0.394127 0.915505
-0.124608 0.393037 0.911040
-0.080716 0.394127 0.915505
-0.141031 0.693291 0.706724
-0.141031 0.693291 0.706724
-0.220273 0.683456 0.695965
-0.124608 0.393037 0.911040
-0.165415 0.382039 0.909222
-0.124608 0.393037 0.911040
-0.220273 0.683456 0.695965
-0.220273 0.683456 0.695965
-0.291720 0.643584 0.707601
-0.165415 0.382039 0.909222
-0.235721 0.397822 0.886664
-0.165415 0.382039 0.909222
-0.291720 0.643584 0.707601
-0.291720 0.643584 0.707601
-0.385801 0.622952 0.680506
-0.235721 0.397822 0.886664
-0.309297 0.396010 0.864588
-0.235721 0.397822 0.886664
-0.385801 0.622952 0.680506
-0.385801 0.622952 0.680506
-0.485126 0.586744 0.648370
-0.309297 0.396010 0.864588
-0.413731 0.389267 0.822981
-0.309297 0.396010 0.864588
-0.485126 0.586744 0.648370
-0.485126 0.586744 0.648370
-0.598098 0.534279 0.597348
-0.413731 0.389267 0.822981
-0.539121 0.360634 0.761112
-0.413731 0.389267 0.822981
-0.598098 0.534279 0.597348
-0.598098 0.534279 0.597348
-0.704188 0.454402 0.545563
-0.539121 0.360634 0.761112
-0.644644 0.313341 0.697317
-0.539121 0.360634 0.761112
-0.704188 0.454402 0.545563
-0.704188 0.454402 0.545563
-0.773398 0.360389 0.521512
-0.644644 0.313341 0.697317
-0.032107 0.385321 0.922224
-0.061436 0.425362 0.902936
-0.052433 0.305415 0.950775
-0.066888 0.297897 0.952252
-0.052433 0.305415 0.950775
-0.061436 0.425362 0.902936
-0.061436 0.425362 0.902936
-0.080716 0.394127 0.915505
-0.066888 0.297897 0.952252
-0.092387 0.292198 0.951885
-0.066888 0.297897 0.952252
-0.080716 0.394127 0.915505
-0.080716 0.394127 0.915505
-0.124608 0.393037 0.911040
-0.092387 0.292198 0.951885
-0.120224 0.289151 0.949704
-0.092387 0.292198 0.951885
-0.124608 0.393037 0.911040
-0.124608 0.393037 0.911040
-0.165415 0.382039 0.909222
-0.120224 0.289151 0.949704
-0.160038 0.295104 0.941967
-0.120224 0.289151 0.949704
-0.165415 0.382039 0.909222
-0.165415 0.382039 0.909222
-0.235721 0.397822 0.886664
-0.160038 0.295104 0.941967
-0.665045 0.079868 0.742520
-0.644644 0.313341 0.697317
-0.773398 0.360389 0.521512
-0.773398 0.360389 0.521512
-0.821497 0.111116 0.559282
-0.665045 0.079868 0.742520
-0.560441 0.284543 0.777780
-0.644644 0.313341 0.697317
-0.665045 0.079868 0.742520
-0.539121 0.360634 0.761112
-0.644644 0.313341 0.697317
-0.560441 0.284543 0.777780
-0.560441 0.284543 0.777780
-0.418525 0.303528 0.855983
-0.539121 0.360634 0.761112
-0.413731 0.389267 0.822981
-0.539121 0.360634 0.761112
-0.418525 0.303528 0.855983
-0.418525 0.303528 0.855983
-0.299827 0.304127 0.904219
-0.413731 0.389267 0.822981
-0.309297 0.396010 0.864588
-0.413731 0.389267 0.822981
-0.299827 0.304127 0.904219
-0.299827 0.304127 0.904219
-0.214152 0.297455 0.930408
-0.309297 0.396010 0.864588
-0.214152 0.297455 0.930408
-0.160038 0.295104 0.941967
-0.235721 0.397822 0.886664
-0.235721 0.397822 0.886664
-0.309297 0.396010 0.864588
-0.214152 0.297455 0.930408
-0.102023 0.241396 0.965049
-0.080839 0.242001 0.966902
-0.092387 0.292198 0.951885
-0.092387 0.292198 0.951885
-0.120224 0.289151 0.949704
-0.102023 0.241396 0.965049
-0.128834 0.239686 0.962264
-0.102023 0.241396 0.965049
-0.120224 0.289151 0.949704
-0.120224 0.289151 0.949704
-0.160038 0.295104 0.941967
-0.128834 0.239686 0.962264
-0.166258 0.240446 0.956318
-0.128834 0.239686 0.962264
-0.160038 0.295104 0.941967
-0.160038 0.295104 0.941967
-0.214152 0.297455 0.930408
-0.166258 0.240446 0.956318
-0.233951 0.251453 0.939169
-0.166258 0.240446 0.956318
-0.214152 0.297455 0.930408
-0.214152 0.297455 0.930408
-0.299827 0.304127 0.904219
-0.233951 0.251453 0.939169
-0.338604 0.259539 0.904426
-0.233951 0.251453 0.939169
-0.299827 0.304127 0.904219
-0.299827 0.304127 0.904219
-0.418525 0.303528 0.855983
-0.338604 0.259539 0.904426
-0.418525 0.303528 0.855983
-0.560441 0.284543 0.777780
-0.453647 0.244818 0.856894
-0.453647 0.244818 0.856894
-0.338604 0.259539 0.904426
-0.418525 0.303528 0.855983
-0.116778 0.205776 0.971607
-0.093916 0.203185 0.974626
-0.102023 0.241396 0.965049
-0.102023 0.241396 0.965049
-0.128834 0.239686 0.962264
-0.116778 0.205776 0.971607
-0.142717 0.211342 0.966937
-0.116778 0.205776 0.971607
-0.128834 0.239686 0.962264
-0.128834 0.239686 0.962264
-0.166258 0.240446 0.956318
-0.142717 0.211342 0.966937
-0.197177 0.220822 0.955175
-0.142717 0.211342 0.966937
-0.166258 0.240446 0.956318
-0.166258 0.240446 0.956318
-0.233951 0.251453 0.939169
-0.197177 0.220822 0.955175
-0.319778 0.222097 0.921094
-0.197177 0.220822 0.955175
-0.233951 0.251453 0.939169
-0.233951 0.251453 0.939169
-0.338604 0.259539 0.904426
-0.319778 0.222097 0.921094
-0.319778 0.222097 0.921094
-0.494467 0.060354 0.867098
-0.295825 0.045420 0.954162
-0.619493 -0.122478 0.775389
-0.665045 0.079868 0.742520
-0.821497 0.111116 0.559282
-0.821497 0.111116 0.559282
-0.783269 -0.101213 0.613389
-0.619493 -0.122478 0.775389
-0.319778 0.222097 0.921094
-0.338604 0.259539 0.904426
-0.453647 0.244818 0.856894
-0.453647 0.244818 0.856894
-0.494467 0.060354 0.867098
-0.319778 0.222097 0.921094
-0.494467 0.060354 0.867098
-0.453647 0.244818 0.856894
-0.560441 0.284543 0.777780
-0.560441 0.284543 0.777780
-0.665045 0.079868 0.742520
-0.494467 0.060354 0.867098
-0.494467 0.060354 0.867098
-0.665045 0.079868 0.742520
-0.619493 -0.122478 0.775389
-0.619493 -0.122478 0.775389
-0.448945 -0.121055 0.885322
-0.494467 0.060354 0.867098
-0.272373 -0.125205 0.954011
-0.295825 0.045420 0.954162
-0.494467 0.060354 0.867098
-0.494467 0.060354 0.867098
-0.448945 -0.121055 0.885322
-0.272373 -0.125205 0.954011
-0.044221 -0.092191 0.994759
-0.036141 -0.098297 0.994501
-0.047645 0.051443 0.997539
-0.047645 0.051443 0.997539
-0.050057 0.046202 0.997677
-0.044221 -0.092191 0.994759
-0.057751 -0.099701 0.993340
-0.044221 -0.092191 0.994759
-0.050057 0.046202 0.997677
-0.050057 0.046202 0.997677
-0.062380 0.037083 0.997363
-0.057751 -0.099701 0.993340
-0.070922 -0.130245 0.988942
-0.057751 -0.099701 0.993340
-0.062380 0.037083 0.997363
-0.062380 0.037083 0.997363
-0.078106 0.024860 0.996635
-0.070922 -0.130245 0.988942
-0.099584 0.037256 0.994331
-0.078106 0.024860 0.996635
-0.093916 0.203185 0.974626
-0.093916 0.203185 0.974626
-0.116778 0.205776 0.971607
-0.099584 0.037256 0.994331
-0.091273 -0.119923 0.988579
-0.070922 -0.130245 0.988942
-0.078106 0.024860 0.996635
-0.078106 0.024860 0.996635
-0.099584 0.037256 0.994331
-0.091273 -0.119923 0.988579
-0.128821 0.068836 0.989276
-0.099584 0.037256 0.994331
-0.116778 0.205776 0.971607
-0.116778 0.205776 0.971607
-0.142717 0.211342 0.966937
-0.128821 0.068836 0.989276
-0.120079 -0.074528 0.989963
-0.091273 -0.119923 0.988579
-0.099584 0.037256 0.994331
-0.099584 0.037256 0.994331
-0.128821 0.068836 0.989276
-0.120079 -0.074528 0.989963
-0.181694 0.082842 0.979859
-0.128821 0.068836 0.989276
-0.142717 0.211342 0.966937
-0.142717 0.211342 0.966937
-0.197177 0.220822 0.955175
-0.181694 0.082842 0.979859
-0.174179 -0.054288 0.983216
-0.120079 -0.074528 0.989963
-0.128821 0.068836 0.989276
-0.128821 0.068836 0.989276
-0.181694 0.082842 0.979859
-0.174179 -0.054288 0.983216
-0.197177 0.220822 0.955175
-0.319778 0.222097 0.921094
-0.295825 0.045420 0.954162
-0.295825 0.045420 0.954162
-0.181694 0.082842 0.979859
-0.197177 0.220822 0.955175
-0.181694 0.082842 0.979859
-0.295825 0.045420 0.954162
-0.272373 -0.125205 0.954011
-0.272373 -0.125205 0.954011
-0.174179 -0.054288 0.983216
-0.181694 0.082842 0.979859
-0.064065 0.246036 0.967141
-0.049452 0.248094 0.967473
-0.052433 0.305415 0.950775
-0.052433 0.305415 0.950775
-0.066888 0.297897 0.952252
-0.064065 0.246036 0.967141
-0.055230 0.202044 0.977818
-0.049452 0.248094 0.967473
-0.064065 0.246036 0.967141
-0.066888 0.297897 0.952252
-0.092387 0.292198 0.951885
-0.080839 0.242001 0.966902
-0.080839 0.242001 0.966902
-0.064065 0.246036 0.967141
-0.066888 0.297897 0.952252
-0.064065 0.246036 0.967141
-0.080839 0.242001 0.966902
-0.069926 0.198505 0.977602
-0.069926 0.198505 0.977602
-0.055230 0.202044 0.977818
-0.064065 0.246036 0.967141
-0.062380 0.037083 0.997363
-0.050057 0.046202 0.997677
-0.055230 0.202044 0.977818
-0.055230 0.202044 0.977818
-0.069926 0.198505 0.977602
-0.062380 0.037083 0.997363
-0.080839 0.242001 0.966902
-0.102023 0.241396 0.965049
-0.093916 0.203185 0.974626
-0.093916 0.203185 0.974626
-0.069926 0.198505 0.977602
-0.080839 0.242001 0.966902
-0.069926 0.198505 0.977602
-0.093916 0.203185 0.974626
-0.078106 0.024860 0.996635
-0.078106 0.024860 0.996635
-0.062380 0.037083 0.997363
-0.069926 0.198505 0.977602
-0.032107 0.385321 0.922224
-0.052433 0.305415 0.950775
-0.017920 0.297986 0.954402
-0.017920 0.297986 0.954402
-0.052433 0.305415 0.950775
-0.049452 0.248094 0.967473
-0.049452 0.248094 0.967473
0.017736 0.238216 0.971050
-0.017920 0.297986 0.954402
0.008776 0.292066 0.956358
-0.017920 0.297986 0.954402
0.017736 0.238216 0.971050
0.017736 0.238216 0.971050
0.094524 0.224007 0.969993
0.008776 0.292066 0.956358
-0.050270 0.217068 0.974861
0.017736 0.238216 0.971050
-0.049452 0.248094 0.967473
-0.049452 0.248094 0.967473
-0.055230 0.202044 0.977818
-0.050270 0.217068 0.974861
-0.061338 0.174705 0.982709
0.094524 0.224007 0.969993
0.017736 0.238216 0.971050
0.017736 0.238216 0.971050
-0.050270 0.217068 0.974861
-0.061338 0.174705 0.982709
-0.015751 0.240152 0.970608
0.020064 0.217475 0.975860
-0.033202 0.225298 0.973724
-0.033202 0.225298 0.973724
-0.064781 0.231212 0.970744
-0.015751 0.240152 0.970608
-0.072158 0.237561 0.968689
-0.015751 0.240152 0.970608
-0.064781 0.231212 0.970744
-0.064781 0.231212 0.970744
-0.085292 0.230361 0.969360
-0.072158 0.237561 0.968689
-0.111540 0.266534 0.957350
-0.112472 0.275395 0.954729
-0.084550 0.295652 0.951547
-0.084550 0.295652 0.951547
-0.072467 0.264526 0.961652
-0.111540 0.266534 0.957350
-0.072158 0.237561 0.968689
-0.085292 0.230361 0.969360
-0.112472 0.275395 0.954729
-0.112472 0.275395 0.954729
-0.111540 0.266534 0.957350
-0.072158 0.237561 0.968689
-0.027445 0.247183 0.968580
-0.072467 0.264526 0.961652
-0.084550 0.295652 0.951547
-0.084550 0.295652 0.951547
-0.061052 0.301101 0.951636
-0.027445 0.247183 0.968580
0.025153 0.261675 0.964828
-0.027445 0.247183 0.968580
-0.061052 0.301101 0.951636
-0.061052 0.301101 0.951636
-0.039893 0.308266 0.950463
0.025153 0.261675 0.964828
-0.034257 0.344103 0.938307
-0.071146 0.529967 0.845028
-0.061436 0.425362 0.902936
-0.061436 0.425362 0.902936
-0.032107 0.385321 0.922224
-0.034257 0.344103 0.938307
0.012447 0.304209 0.952524
0.025153 0.261675 0.964828
-0.039893 0.308266 0.950463
-0.039893 0.308266 0.950463
-0.034257 0.344103 0.938307
0.012447 0.304209 0.952524
-0.034257 0.344103 0.938307
-0.032107 0.385321 0.922224
-0.017920 0.297986 0.954402
-0.034257 0.344103 0.938307
-0.017920 0.297986 0.954402
0.008776 0.292066 0.956358
0.008776 0.292066 0.956358
0.012447 0.304209 0.952524
-0.034257 0.344103 0.938307
-0.055167 0.192902 0.979666
-0.033202 0.225298 0.973724
0.020064 0.217475 0.975860
0.020064 0.217475 0.975860
-0.000888 0.191701 0.981453
-0.055167 0.192902 0.979666
-0.055230 0.202044 0.977818
-0.050057 0.046202 0.997677
-0.047645 0.051443 0.997539
-0.047645 0.051443 0.997539
-0.055167 0.192902 0.979666
-0.055230 0.202044 0.977818
-0.050270 0.217068 0.974861
-0.055230 0.202044 0.977818
-0.055167 0.192902 0.979666
-0.000888 0.191701 0.981453
-0.061338 0.174705 0.982709
-0.050270 0.217068 0.974861
-0.050270 0.217068 0.974861
-0.055167 0.192902 0.979666
-0.000888 0.191701 0.981453
-0.704221 -0.621773 0.342740
-0.591980 -0.536311 0.601606
-0.704188 -0.454402 0.545563
-0.704188 -0.454402 0.545563
-0.795381 -0.512510 0.323579
-0.704221 -0.621773 0.342740
-0.599106 -0.711902 0.366427
-0.500164 -0.580053 0.642942
-0.591980 -0.536311 0.601606
-0.591980 -0.536311 0.601606
-0.704221 -0.621773 0.342740
-0.599106 -0.711902 0.366427
-0.487547 -0.781901 0.388495
-0.389823 -0.668179 0.633699
-0.500164 -0.580053 0.642942
-0.500164 -0.580053 0.642942
-0.599106 -0.711902 0.366427
-0.487547 -0.781901 0.388495
-0.379229 -0.837242 0.393967
-0.293973 -0.639754 0.710137
-0.389823 -0.668179 0.633699
-0.389823 -0.668179 0.633699
-0.487547 -0.781901 0.388495
-0.379229 -0.837242 0.393967
-0.276182 -0.881957 0.381936
-0.221327 -0.683208 0.695874
-0.293973 -0.639754 0.710137
-0.293973 -0.639754 0.710137
-0.379229 -0.837242 0.393967
-0.276182 -0.881957 0.381936
-0.116026 -0.922912 0.367113
-0.074462 -0.947189 0.311912
-0.073956 -0.824742 0.560652
-0.073956 -0.824742 0.560652
-0.101649 -0.726513 0.679592
-0.116026 -0.922912 0.367113
-0.116026 -0.922912 0.367113
-0.101649 -0.726513 0.679592
-0.144579 -0.699772 0.699583
-0.144579 -0.699772 0.699583
-0.177464 -0.907865 0.379852
-0.116026 -0.922912 0.367113
-0.177464 -0.907865 0.379852
-0.144579 -0.699772 0.699583
-0.221327 -0.683208 0.695874
-0.221327 -0.683208 0.695874
-0.276182 -0.881957 0.381936
-0.177464 -0.907865 0.379852
-0.068124 -0.962282 0.263388
-0.107723 -0.956183 0.272230
-0.100611 -0.956855 0.272591
-0.187899 -0.948970 0.253280
-0.107723 -0.956183 0.272230
-0.116026 -0.922912 0.367113
-0.116026 -0.922912 0.367113
-0.177464 -0.907865 0.379852
-0.187899 -0.948970 0.253280
-0.107723 -0.956183 0.272230
-0.068124 -0.962282 0.263388
-0.074462 -0.947189 0.311912
-0.074462 -0.947189 0.311912
-0.116026 -0.922912 0.367113
-0.107723 -0.956183 0.272230
-0.187899 -0.948970 0.253280
-0.145911 -0.958308 0.245674
-0.100611 -0.956855 0.272591
-0.107723 -0.956183 0.272230
-0.187899 -0.948970 0.253280
-0.100611 -0.956855 0.272591
-0.187899 -0.948970 0.253280
-0.197144 -0.962424 0.186746
-0.156691 -0.970381 0.183871
-0.156691 -0.970381 0.183871
-0.145911 -0.958308 0.245674
-0.187899 -0.948970 0.253280
-0.276182 -0.881957 0.381936
-0.287788 -0.924481 0.250027
-0.187899 -0.948970 0.253280
-0.187899 -0.948970 0.253280
-0.177464 -0.907865 0.379852
-0.276182 -0.881957 0.381936
-0.287788 -0.924481 0.250027
-0.294727 -0.937831 0.183329
-0.197144 -0.962424 0.186746
-0.197144 -0.962424 0.186746
-0.187899 -0.948970 0.253280
-0.287788 -0.924481 0.250027
-0.379229 -0.837242 0.393967
-0.400244 -0.883017 0.245122
-0.287788 -0.924481 0.250027
-0.287788 -0.924481 0.250027
-0.276182 -0.881957 0.381936
-0.379229 -0.837242 0.393967
-0.400244 -0.883017 0.245122
-0.406373 -0.896252 0.177746
-0.294727 -0.937831 0.183329
-0.294727 -0.937831 0.183329
-0.287788 -0.924481 0.250027
-0.400244 -0.883017 0.245122
-0.487547 -0.781901 0.388495
-0.513265 -0.822945 0.243558
-0.400244 -0.883017 0.245122
-0.400244 -0.883017 0.245122
-0.379229 -0.837242 0.393967
-0.487547 -0.781901 0.388495
-0.513265 -0.822945 0.243558
-0.521719 -0.835280 0.173541
-0.406373 -0.896252 0.177746
-0.406373 -0.896252 0.177746
-0.400244 -0.883017 0.245122
-0.513265 -0.822945 0.243558
-0.599106 -0.711902 0.366427
-0.626016 -0.743641 0.234740
-0.513265 -0.822945 0.243558
-0.513265 -0.822945 0.243558
-0.487547 -0.781901 0.388495
-0.599106 -0.711902 0.366427
-0.626016 -0.743641 0.234740
-0.635523 -0.754132 0.165516
-0.521719 -0.835280 0.173541
-0.521719 -0.835280 0.173541
-0.513265 -0.822945 0.243558
-0.626016 -0.743641 0.234740
-0.704221 -0.621773 0.342740
-0.729795 -0.645444 0.225392
-0.626016 -0.743641 0.234740
-0.626016 -0.743641 0.234740
-0.599106 -0.711902 0.366427
-0.704221 -0.621773 0.342740
-0.729795 -0.645444 0.225392
-0.740862 -0.653436 0.155386
-0.635523 -0.754132 0.165516
-0.635523 -0.754132 0.165516
-0.626016 -0.743641 0.234740
-0.729795 -0.645444 0.225392
-0.795381 -0.512510 0.323579
-0.820413 -0.530488 0.213319
-0.729795 -0.645444 0.225392
-0.729795 -0.645444 0.225392
-0.704221 -0.621773 0.342740
-0.795381 -0.512510 0.323579
-0.820413 -0.530488 0.213319
-0.832614 -0.535111 0.142865
-0.740862 -0.653436 0.155386
-0.740862 -0.653436 0.155386
-0.729795 -0.645444 0.225392
-0.820413 -0.530488 0.213319
-0.888111 -0.410473 0.206809
-0.900045 -0.414841 0.133515
-0.832614 -0.535111 0.142865
-0.832614 -0.535111 0.142865
-0.820413 -0.530488 0.213319
-0.888111 -0.410473 0.206809
-0.773398 -0.360389 0.521512
-0.862486 -0.394514 0.316979
-0.795381 -0.512510 0.323579
-0.795381 -0.512510 0.323579
-0.704188 -0.454402 0.545563
-0.773398 -0.360389 0.521512
-0.862486 -0.394514 0.316979
-0.888111 -0.410473 0.206809
-0.820413 -0.530488 0.213319
-0.820413 -0.530488 0.213319
-0.795381 -0.512510 0.323579
-0.862486 -0.394514 0.316979
-0.912636 -0.083533 0.400147
-0.924322 -0.319708 0.208366
-0.888111 -0.410473 0.206809
-0.888111 -0.410473 0.206809
-0.862486 -0.394514 0.316979
-0.912636 -0.083533 0.400147
-0.941598 -0.091120 0.324178
-0.942074 -0.311646 0.123991
-0.924322 -0.319708 0.208366
-0.924322 -0.319708 0.208366
-0.942074 -0.311646 0.123991
-0.900045 -0.414841 0.133515
-0.900045 -0.414841 0.133515
-0.888111 -0.410473 0.206809
-0.924322 -0.319708 0.208366
-0.992373 -0.054128 0.110756
-0.898041 -0.045501 0.437553
-0.883953 0.000000 0.467575
-0.883953 0.000000 0.467575
-0.994897 -0.000000 0.100891
-0.992373 -0.054128 0.110756
-0.898041 -0.045501 0.437553
-0.721729 -0.030365 0.691509
-0.664049 0.000000 0.747689
-0.664049 0.000000 0.747689
-0.883953 0.000000 0.467575
-0.898041 -0.045501 0.437553
-0.988407 -0.104930 0.109729
-0.876044 -0.089195 0.473911
-0.898041 -0.045501 0.437553
-0.898041 -0.045501 0.437553
-0.992373 -0.054128 0.110756
-0.988407 -0.104930 0.109729
-0.876044 -0.089195 0.473911
-0.656193 -0.062766 0.751978
-0.721729 -0.030365 0.691509
-0.721729 -0.030365 0.691509
-0.898041 -0.045501 0.437553
-0.876044 -0.089195 0.473911
-0.981720 -0.159648 0.103623
-0.886538 -0.124419 0.445611
-0.876044 -0.089195 0.473911
-0.876044 -0.089195 0.473911
-0.988407 -0.104930 0.109729
-0.981720 -0.159648 0.103623
-0.886538 -0.124419 0.445611
-0.680812 -0.073761 0.728735
-0.656193 -0.062766 0.751978
-0.656193 -0.062766 0.751978
-0.876044 -0.089195 0.473911
-0.886538 -0.124419 0.445611
-0.967908 -0.227563 0.106630
-0.902863 -0.121614 0.412369
-0.886538 -0.124419 0.445611
-0.886538 -0.124419 0.445611
-0.981720 -0.159648 0.103623
-0.967908 -0.227563 0.106630
-0.902863 -0.121614 0.412369
-0.708373 -0.036868 0.704875
-0.680812 -0.073761 0.728735
-0.680812 -0.073761 0.728735
-0.886538 -0.124419 0.445611
-0.902863 -0.121614 0.412369
-0.942074 -0.311646 0.123991
-0.920653 -0.108509 0.375000
-0.967908 -0.227563 0.106630
-0.920653 -0.108509 0.375000
-0.902863 -0.121614 0.412369
-0.967908 -0.227563 0.106630
-0.920653 -0.108509 0.375000
-0.781176 0.068046 0.620592
-0.708373 -0.036868 0.704875
-0.708373 -0.036868 0.704875
-0.902863 -0.121614 0.412369
-0.920653 -0.108509 0.375000
-0.942074 -0.311646 0.123991
-0.941598 -0.091120 0.324178
-0.920653 -0.108509 0.375000
-0.941598 -0.091120 0.324178
-0.862010 0.136677 0.488117
-0.781176 0.068046 0.620592
-0.781176 0.068046 0.620592
-0.920653 -0.108509 0.375000
-0.941598 -0.091120 0.324178
-0.924322 -0.319708 0.208366
-0.912636 -0.083533 0.400147
-0.941598 -0.091120 0.324178
-0.912636 -0.083533 0.400147
-0.850493 0.169511 0.497923
-0.862010 0.136677 0.488117
-0.862010 0.136677 0.488117
-0.941598 -0.091120 0.324178
-0.912636 -0.083533 0.400147
-0.821497 -0.111116 0.559282
-0.912636 -0.083533 0.400147
-0.862486 -0.394514 0.316979
-0.862486 -0.394514 0.316979
-0.773398 -0.360389 0.521512
-0.821497 -0.111116 0.559282
-0.821497 -0.111116 0.559282
-0.783269 0.101213 0.613389
-0.850493 0.169511 0.497923
-0.850493 0.169511 0.497923
-0.912636 -0.083533 0.400147
-0.821497 -0.111116 0.559282
-0.911576 -0.408528 0.046199
-0.902276 -0.424046 0.077994
-0.930153 -0.351672 0.105555
-0.942074 -0.311646 0.123991
-0.947084 -0.313019 0.071068
-0.902276 -0.424046 0.077994
-0.902276 -0.424046 0.077994
-0.900045 -0.414841 0.133515
-0.942074 -0.311646 0.123991
-0.967908 -0.227563 0.106630
-0.974963 -0.214956 0.056931
-0.947084 -0.313019 0.071068
-0.947084 -0.313019 0.071068
-0.942074 -0.311646 0.123991
-0.967908 -0.227563 0.106630
-0.981720 -0.159648 0.103623
-0.985449 -0.163202 0.047493
-0.974963 -0.214956 0.056931
-0.974963 -0.214956 0.056931
-0.967908 -0.227563 0.106630
-0.981720 -0.159648 0.103623
-0.988407 -0.104930 0.109729
-0.993886 -0.102304 0.041533
-0.985449 -0.163202 0.047493
-0.985449 -0.163202 0.047493
-0.981720 -0.159648 0.103623
-0.988407 -0.104930 0.109729
-0.992373 -0.054128 0.110756
-0.998123 -0.054298 0.028330
-0.993886 -0.102304 0.041533
-0.993886 -0.102304 0.041533
-0.988407 -0.104930 0.109729
-0.992373 -0.054128 0.110756
-0.994897 -0.000000 0.100891
-0.999512 -0.000000 0.031225
-0.998123 -0.054298 0.028330
-0.998123 -0.054298 0.028330
-0.992373 -0.054128 0.110756
-0.994897 -0.000000 0.100891
-0.999886 -0.000000 -0.015106
-0.998608 -0.051025 -0.013384
-0.998123 -0.054298 0.028330
-0.998123 -0.054298 0.028330
-0.999512 -0.000000 0.031225
-0.999886 -0.000000 -0.015106
-0.998608 -0.051025 -0.013384
-0.995615 -0.092262 0.015431
-0.993886 -0.102304 0.041533
-0.993886 -0.102304 0.041533
-0.998123 -0.054298 0.028330
-0.998608 -0.051025 -0.013384
-0.995615 -0.092262 0.015431
-0.988461 -0.150390 0.018076
-0.985449 -0.163202 0.047493
-0.985449 -0.163202 0.047493
-0.993886 -0.102304 0.041533
-0.995615 -0.092262 0.015431
-0.988461 -0.150390 0.018076
-0.974508 -0.218557 0.050670
-0.985449 -0.163202 0.047493
-0.974508 -0.218557 0.050670
-0.979151 -0.200084 0.035056
-0.985449 -0.163202 0.047493
-0.979151 -0.200084 0.035056
-0.993592 -0.096888 0.058202
-0.974963 -0.214956 0.056931
-0.974963 -0.214956 0.056931
-0.985449 -0.163202 0.047493
-0.979151 -0.200084 0.035056
-0.944961 -0.322020 0.057889
-0.930153 -0.351672 0.105555
-0.902276 -0.424046 0.077994
-0.902276 -0.424046 0.077994
-0.947084 -0.313019 0.071068
-0.944961 -0.322020 0.057889
-0.965025 -0.254480 0.062986
-0.944961 -0.322020 0.057889
-0.947084 -0.313019 0.071068
-0.947084 -0.313019 0.071068
-0.974963 -0.214956 0.056931
-0.965025 -0.254480 0.062986
-0.993592 -0.096888 0.058202
-0.965025 -0.254480 0.062986
-0.974963 -0.214956 0.056931
-0.838819 -0.538697 0.078664
-0.832614 -0.535111 0.142865
-0.900045 -0.414841 0.133515
-0.900045 -0.414841 0.133515
-0.902276 -0.424046 0.077994
-0.838819 -0.538697 0.078664
-0.748348 -0.657420 0.088174
-0.740862 -0.653436 0.155386
-0.832614 -0.535111 0.142865
-0.832614 -0.535111 0.142865
-0.838819 -0.538697 0.078664
-0.748348 -0.657420 0.088174
-0.644087 -0.758674 0.097801
-0.635523 -0.754132 0.165516
-0.740862 -0.653436 0.155386
-0.740862 -0.653436 0.155386
-0.748348 -0.657420 0.088174
-0.644087 -0.758674 0.097801
-0.529662 -0.841300 0.108034
-0.521719 -0.835280 0.173541
-0.635523 -0.754132 0.165516
-0.635523 -0.754132 0.165516
-0.644087 -0.758674 0.097801
-0.529662 -0.841300 0.108034
-0.212086 -0.974334 0.075454
-0.170813 -0.978868 0.112429
-0.156691 -0.970381 0.183871
-0.156691 -0.970381 0.183871
-0.197144 -0.962424 0.186746
-0.212086 -0.974334 0.075454
-0.170813 -0.978868 0.112429
-0.197478 -0.976676 0.084300
-0.227687 -0.968724 0.098656
-0.169792 -0.982705 0.073907
-0.197478 -0.976676 0.084300
-0.170813 -0.978868 0.112429
-0.170746 -0.984294 0.044838
-0.169792 -0.982705 0.073907
-0.170813 -0.978868 0.112429
-0.170813 -0.978868 0.112429
-0.212086 -0.974334 0.075454
-0.170746 -0.984294 0.044838
-0.218469 -0.975823 0.006458
-0.170746 -0.984294 0.044838
-0.212086 -0.974334 0.075454
-0.302527 -0.944091 0.131033
-0.213130 -0.957928 0.192222
-0.218469 -0.975823 0.006458
-0.218469 -0.975823 0.006458
-0.212086 -0.974334 0.075454
-0.302527 -0.944091 0.131033
-0.294727 -0.937831 0.183329
-0.302527 -0.944091 0.131033
-0.212086 -0.974334 0.075454
-0.212086 -0.974334 0.075454
-0.197144 -0.962424 0.186746
-0.294727 -0.937831 0.183329
-0.302527 -0.944091 0.131033
-0.338239 -0.937875 0.077359
-0.213130 -0.957928 0.192222
-0.406373 -0.896252 0.177746
-0.413238 -0.903215 0.115921
-0.302527 -0.944091 0.131033
-0.302527 -0.944091 0.131033
-0.294727 -0.937831 0.183329
-0.406373 -0.896252 0.177746
-0.413238 -0.903215 0.115921
-0.348455 -0.934849 0.068085
-0.338239 -0.937875 0.077359
-0.338239 -0.937875 0.077359
-0.302527 -0.944091 0.131033
-0.413238 -0.903215 0.115921
-0.413238 -0.903215 0.115921
-0.406373 -0.896252 0.177746
-0.521719 -0.835280 0.173541
-0.521719 -0.835280 0.173541
-0.529662 -0.841300 0.108034
-0.413238 -0.903215 0.115921
-0.532529 -0.842608 0.080156
-0.430285 -0.898742 0.084366
-0.413238 -0.903215 0.115921
-0.413238 -0.903215 0.115921
-0.529662 -0.841300 0.108034
-0.532529 -0.842608 0.080156
-0.430285 -0.898742 0.084366
-0.326622 -0.935723 0.133191
-0.413238 -0.903215 0.115921
-0.326622 -0.935723 0.133191
-0.348455 -0.934849 0.068085
-0.413238 -0.903215 0.115921
-0.753630 -0.654700 0.058385
-0.648835 -0.757720 0.069820
-0.644087 -0.758674 0.097801
-0.644087 -0.758674 0.097801
-0.748348 -0.657420 0.088174
-0.753630 -0.654700 0.058385
-0.648835 -0.757720 0.069820
-0.532529 -0.842608 0.080156
-0.529662 -0.841300 0.108034
-0.529662 -0.841300 0.108034
-0.644087 -0.758674 0.097801
-0.648835 -0.757720 0.069820
-0.884454 -0.464557 0.043899
-0.839673 -0.540831 0.049518
-0.838819 -0.538697 0.078664
-0.838819 -0.538697 0.078664
-0.902276 -0.424046 0.077994
-0.884454 -0.464557 0.043899
-0.911576 -0.408528 0.046199
-0.884454 -0.464557 0.043899
-0.902276 -0.424046 0.077994
-0.839673 -0.540831 0.049518
-0.753630 -0.654700 0.058385
-0.748348 -0.657420 0.088174
-0.748348 -0.657420 0.088174
-0.838819 -0.538697 0.078664
-0.839673 -0.540831 0.049518
-0.539121 -0.360634 0.761112
-0.704188 -0.454402 0.545563
-0.591980 -0.536311 0.601606
-0.591980 -0.536311 0.601606
-0.424671 -0.405941 0.809238
-0.539121 -0.360634 0.761112
-0.644644 -0.313341 0.697317
-0.773398 -0.360389 0.521512
-0.704188 -0.454402 0.545563
-0.704188 -0.454402 0.545563
-0.539121 -0.360634 0.761112
-0.644644 -0.313341 0.697317
-0.665045 -0.079868 0.742520
-0.821497 -0.111116 0.559282
-0.773398 -0.360389 0.521512
-0.773398 -0.360389 0.521512
-0.644644 -0.313341 0.697317
-0.665045 -0.079868 0.742520
-0.560441 -0.284543 0.777780
-0.665045 -0.079868 0.742520
-0.644644 -0.313341 0.697317
-0.539121 -0.360634 0.761112
-0.418966 -0.302055 0.856289
-0.560441 -0.284543 0.777780
-0.560441 -0.284543 0.777780
-0.644644 -0.313341 0.697317
-0.539121 -0.360634 0.761112
-0.418966 -0.302055 0.856289
-0.353390 -0.260789 0.898390
-0.453648 -0.244818 0.856894
-0.453648 -0.244818 0.856894
-0.560441 -0.284543 0.777780
-0.418966 -0.302055 0.856289
-0.322003 -0.215274 0.921939
-0.296064 -0.051009 0.953805
-0.494467 -0.060354 0.867098
-0.619493 0.122478 0.775389
-0.783269 0.101213 0.613389
-0.821497 -0.111116 0.559282
-0.821497 -0.111116 0.559282
-0.665045 -0.079868 0.742520
-0.619493 0.122478 0.775389
-0.322003 -0.215274 0.921939
-0.494467 -0.060354 0.867098
-0.453648 -0.244818 0.856894
-0.453648 -0.244818 0.856894
-0.353390 -0.260789 0.898390
-0.322003 -0.215274 0.921939
-0.494467 -0.060354 0.867098
-0.665045 -0.079868 0.742520
-0.560441 -0.284543 0.777780
-0.560441 -0.284543 0.777780
-0.453648 -0.244818 0.856894
-0.494467 -0.060354 0.867098
-0.494467 -0.060354 0.867098
-0.448945 0.121055 0.885322
-0.619493 0.122478 0.775389
-0.619493 0.122478 0.775389
-0.665045 -0.079868 0.742520
-0.494467 -0.060354 0.867098
-0.277736 0.130298 0.951780
-0.448945 0.121055 0.885322
-0.494467 -0.060354 0.867098
-0.494467 -0.060354 0.867098
-0.296064 -0.051009 0.953805
-0.277736 0.130298 0.951780
0.008776 -0.292067 0.956358
0.094524 -0.224008 0.969993
0.037542 -0.254995 0.966213
0.037542 -0.254995 0.966213
-0.017920 -0.297987 0.954402
0.008776 -0.292067 0.956358
-0.061338 -0.174705 0.982709
0.055169 -0.198460 0.978555
0.037542 -0.254995 0.966213
0.037542 -0.254995 0.966213
0.094524 -0.224008 0.969993
-0.061338 -0.174705 0.982709
-0.015751 -0.240152 0.970608
-0.064781 -0.231212 0.970744
-0.033202 -0.225298 0.973724
-0.033202 -0.225298 0.973724
0.020064 -0.217475 0.975860
-0.015751 -0.240152 0.970608
-0.072158 -0.237561 0.968689
-0.085292 -0.230361 0.969360
-0.064781 -0.231212 0.970744
-0.064781 -0.231212 0.970744
-0.015751 -0.240152 0.970608
-0.072158 -0.237561 0.968689
-0.111539 -0.266534 0.957350
-0.072467 -0.264536 0.961649
-0.084549 -0.295653 0.951546
-0.084549 -0.295653 0.951546
-0.112472 -0.275396 0.954729
-0.111539 -0.266534 0.957350
-0.072158 -0.237561 0.968689
-0.111539 -0.266534 0.957350
-0.112472 -0.275396 0.954729
-0.112472 -0.275396 0.954729
-0.085292 -0.230361 0.969360
-0.072158 -0.237561 0.968689
-0.027449 -0.247194 0.968577
-0.061052 -0.301101 0.951636
-0.084549 -0.295653 0.951546
-0.084549 -0.295653 0.951546
-0.072467 -0.264536 0.961649
-0.027449 -0.247194 0.968577
0.025153 -0.261675 0.964828
-0.039893 -0.308266 0.950463
-0.061052 -0.301101 0.951636
-0.061052 -0.301101 0.951636
-0.027449 -0.247194 0.968577
0.025153 -0.261675 0.964828
0.012447 -0.304209 0.952524
-0.034259 -0.344104 0.938306
-0.039893 -0.308266 0.950463
-0.039893 -0.308266 0.950463
0.025153 -0.261675 0.964828
0.012447 -0.304209 0.952524
-0.034259 -0.344104 0.938306
-0.017920 -0.297987 0.954402
-0.032111 -0.385312 0.922227
-0.034259 -0.344104 0.938306
0.012447 -0.304209 0.952524
0.008776 -0.292067 0.956358
0.008776 -0.292067 0.956358
-0.017920 -0.297987 0.954402
-0.034259 -0.344104 0.938306
0.085666 -0.167611 0.982124
-0.000888 -0.191701 0.981453
0.020064 -0.217475 0.975860
0.020064 -0.217475 0.975860
-0.033202 -0.225298 0.973724
0.085666 -0.167611 0.982124
-0.000888 -0.191701 0.981453
0.085666 -0.167611 0.982124
0.055169 -0.198460 0.978555
0.055169 -0.198460 0.978555
-0.061338 -0.174705 0.982709
-0.000888 -0.191701 0.981453
0.037390 -0.053132 0.997887
0.043459 0.005651 0.999039
-0.072808 0.003119 0.997341
-0.072808 0.003119 0.997341
-0.073101 -0.026007 0.996985
0.037390 -0.053132 0.997887
0.086855 -0.044684 0.995218
0.092596 0.004103 0.995695
0.043459 0.005651 0.999039
0.043459 0.005651 0.999039
0.037390 -0.053132 0.997887
0.086855 -0.044684 0.995218
0.037390 -0.053132 0.997887
-0.073101 -0.026007 0.996985
-0.078979 -0.051098 0.995566
-0.078979 -0.051098 0.995566
0.015607 -0.096125 0.995247
0.037390 -0.053132 0.997887
0.086855 -0.044684 0.995218
0.037390 -0.053132 0.997887
0.015607 -0.096125 0.995247
0.015607 -0.096125 0.995247
0.072344 -0.118994 0.990256
0.086855 -0.044684 0.995218
-0.008011 -0.142965 0.989695
0.015607 -0.096125 0.995247
-0.078979 -0.051098 0.995566
-0.078979 -0.051098 0.995566
-0.087015 -0.077517 0.993187
-0.008011 -0.142965 0.989695
0.053659 -0.217048 0.974685
0.072344 -0.118994 0.990256
0.015607 -0.096125 0.995247
0.015607 -0.096125 0.995247
-0.008011 -0.142965 0.989695
0.053659 -0.217048 0.974685
-0.008011 -0.142965 0.989695
-0.087015 -0.077517 0.993187
-0.113649 -0.083477 0.990008
-0.113649 -0.083477 0.990008
-0.050913 -0.191694 0.980133
-0.008011 -0.142965 0.989695
0.053659 -0.217048 0.974685
-0.008011 -0.142965 0.989695
-0.050913 -0.191694 0.980133
-0.050913 -0.191694 0.980133
0.002603 -0.320459 0.947259
0.053659 -0.217048 0.974685
-0.077897 -0.275338 0.958186
-0.050913 -0.191694 0.980133
-0.113649 -0.083477 0.990008
-0.113649 -0.083477 0.990008
-0.137790 -0.099006 0.985501
-0.077897 -0.275338 0.958186
-0.039565 -0.437824 0.898190
0.002603 -0.320459 0.947259
-0.050913 -0.191694 0.980133
-0.050913 -0.191694 0.980133
-0.077897 -0.275338 0.958186
-0.039565 -0.437824 0.898190
-0.077897 -0.275338 0.958186
-0.137790 -0.099006 0.985501
-0.167008 -0.100265 0.980844
-0.167008 -0.100265 0.980844
-0.154247 -0.325188 0.932985
-0.077897 -0.275338 0.958186
-0.039565 -0.437824 0.898190
-0.077897 -0.275338 0.958186
-0.154247 -0.325188 0.932985
-0.154247 -0.325188 0.932985
-0.130756 -0.521849 0.842957
-0.039565 -0.437824 0.898190
-0.236616 -0.378348 0.894911
-0.154247 -0.325188 0.932985
-0.167008 -0.100265 0.980844
-0.167008 -0.100265 0.980844
-0.192642 -0.095458 0.976615
-0.236616 -0.378348 0.894911
-0.223957 -0.538380 0.812398
-0.130756 -0.521849 0.842957
-0.154247 -0.325188 0.932985
-0.154247 -0.325188 0.932985
-0.236616 -0.378348 0.894911
-0.223957 -0.538380 0.812398
-0.236616 -0.378348 0.894911
-0.192642 -0.095458 0.976615
-0.231811 -0.114735 0.965971
-0.231811 -0.114735 0.965971
-0.296617 -0.301965 0.906000
-0.236616 -0.378348 0.894911
-0.223957 -0.538380 0.812398
-0.236616 -0.378348 0.894911
-0.296617 -0.301965 0.906000
-0.296617 -0.301965 0.906000
-0.326624 -0.423973 0.844727
-0.223957 -0.538380 0.812398
-0.354925 -0.217061 0.909348
-0.296617 -0.301965 0.906000
-0.231811 -0.114735 0.965971
-0.231811 -0.114735 0.965971
-0.253095 -0.090325 0.963216
-0.354925 -0.217061 0.909348
-0.415066 -0.324133 0.850093
-0.326624 -0.423973 0.844727
-0.296617 -0.301965 0.906000
-0.296617 -0.301965 0.906000
-0.354925 -0.217061 0.909348
-0.415066 -0.324133 0.850093
-0.354925 -0.217061 0.909348
-0.253095 -0.090325 0.963216
-0.255693 -0.059942 0.964898
-0.255693 -0.059942 0.964898
-0.390762 -0.151586 0.907924
-0.354925 -0.217061 0.909348
-0.415066 -0.324133 0.850093
-0.354925 -0.217061 0.909348
-0.390762 -0.151586 0.907924
-0.390762 -0.151586 0.907924
-0.485774 -0.203057 0.850171
-0.415066 -0.324133 0.850093
-0.390762 -0.151586 0.907924
-0.255693 -0.059942 0.964898
-0.267184 -0.032770 0.963088
-0.267184 -0.032770 0.963088
-0.435301 -0.084635 0.896298
-0.390762 -0.151586 0.907924
-0.485774 -0.203057 0.850171
-0.390762 -0.151586 0.907924
-0.435301 -0.084635 0.896298
-0.435301 -0.084635 0.896298
-0.546541 -0.096275 0.831880
-0.485774 -0.203057 0.850171
-0.435301 -0.084635 0.896298
-0.267184 -0.032770 0.963088
-0.270702 -0.004002 0.962655
-0.270702 -0.004002 0.962655
-0.460011 -0.006777 0.887888
-0.435301 -0.084635 0.896298
-0.546541 -0.096275 0.831880
-0.435301 -0.084635 0.896298
-0.460011 -0.006777 0.887888
-0.460011 -0.006777 0.887888
-0.575386 -0.004858 0.817868
-0.546541 -0.096275 0.831880
-0.460011 -0.006777 0.887888
-0.270702 -0.004002 0.962655
-0.263574 0.021242 0.964405
-0.263574 0.021242 0.964405
-0.454763 0.066164 0.888151
-0.460011 -0.006777 0.887888
-0.575386 -0.004858 0.817868
-0.460011 -0.006777 0.887888
-0.454763 0.066164 0.888151
-0.454763 0.066164 0.888151
-0.566660 0.091756 0.818827
-0.575386 -0.004858 0.817868
-0.427903 0.135986 0.893536
-0.454763 0.066164 0.888151
-0.263574 0.021242 0.964405
-0.263574 0.021242 0.964405
-0.260498 0.044381 0.964454
-0.427903 0.135986 0.893536
-0.531786 0.217671 0.818427
-0.566660 0.091756 0.818827
-0.454763 0.066164 0.888151
-0.454763 0.066164 0.888151
-0.427903 0.135986 0.893536
-0.531786 0.217671 0.818427
-0.427903 0.135986 0.893536
-0.260498 0.044381 0.964454
-0.251452 0.080593 0.964509
-0.251452 0.080593 0.964509
-0.386540 0.235696 0.891647
-0.427903 0.135986 0.893536
-0.531786 0.217671 0.818427
-0.427903 0.135986 0.893536
-0.386540 0.235696 0.891647
-0.386540 0.235696 0.891647
-0.471302 0.353111 0.808200
-0.531786 0.217671 0.818427
-0.352139 0.320079 0.879516
-0.386540 0.235696 0.891647
-0.251452 0.080593 0.964509
-0.251452 0.080593 0.964509
-0.243903 0.115244 0.962928
-0.352139 0.320079 0.879516
-0.365552 0.516312 0.774463
-0.471302 0.353111 0.808200
-0.386540 0.235696 0.891647
-0.386540 0.235696 0.891647
-0.352139 0.320079 0.879516
-0.365552 0.516312 0.774463
-0.352139 0.320079 0.879516
-0.243903 0.115244 0.962928
-0.216233 0.153556 0.964191
-0.216233 0.153556 0.964191
-0.271700 0.469748 0.839950
-0.352139 0.320079 0.879516
-0.365552 0.516312 0.774463
-0.352139 0.320079 0.879516
-0.271700 0.469748 0.839950
-0.271700 0.469748 0.839950
-0.264738 0.692237 0.671358
-0.365552 0.516312 0.774463
-0.171737 0.518109 0.837896
-0.271700 0.469748 0.839950
-0.216233 0.153556 0.964191
-0.216233 0.153556 0.964191
-0.179021 0.142701 0.973441
-0.171737 0.518109 0.837896
-0.140224 0.752198 0.643844
-0.264738 0.692237 0.671358
-0.271700 0.469748 0.839950
-0.271700 0.469748 0.839950
-0.171737 0.518109 0.837896
-0.140224 0.752198 0.643844
-0.032060 0.469976 0.882097
-0.171737 0.518109 0.837896
-0.179021 0.142701 0.973441
-0.179021 0.142701 0.973441
-0.144322 0.113601 0.982988
-0.032060 0.469976 0.882097
-0.021058 0.688703 0.724738
-0.140224 0.752198 0.643844
-0.171737 0.518109 0.837896
-0.171737 0.518109 0.837896
-0.032060 0.469976 0.882097
-0.021058 0.688703 0.724738
-0.032060 0.469976 0.882097
-0.144322 0.113601 0.982988
-0.124483 0.092130 0.987935
-0.124483 0.092130 0.987935
-0.050280 0.271621 0.961090
-0.032060 0.469976 0.882097
-0.021058 0.688703 0.724738
-0.032060 0.469976 0.882097
-0.050280 0.271621 0.961090
-0.050280 0.271621 0.961090
-0.007223 0.472519 0.881291
-0.021058 0.688703 0.724738
-0.000828 0.185418 0.982659
-0.050280 0.271621 0.961090
-0.124483 0.092130 0.987935
-0.124483 0.092130 0.987935
-0.092890 0.087467 0.991827
-0.000828 0.185418 0.982659
0.058002 0.277447 0.958988
-0.007223 0.472519 0.881291
-0.050280 0.271621 0.961090
-0.050280 0.271621 0.961090
-0.000828 0.185418 0.982659
0.058002 0.277447 0.958988
-0.000828 0.185418 0.982659
-0.092890 0.087467 0.991827
-0.086422 0.056566 0.994651
-0.086422 0.056566 0.994651
0.016496 0.118419 0.992827
-0.000828 0.185418 0.982659
0.058002 0.277447 0.958988
-0.000828 0.185418 0.982659
0.016496 0.118419 0.992827
0.016496 0.118419 0.992827
0.079708 0.144361 0.986310
0.058002 0.277447 0.958988
0.045007 0.067256 0.996720
0.016496 0.118419 0.992827
-0.086422 0.056566 0.994651
-0.086422 0.056566 0.994651
-0.065623 0.033754 0.997273
0.045007 0.067256 0.996720
0.045007 0.067256 0.996720
-0.065623 0.033754 0.997273
-0.072808 0.003119 0.997341
-0.072808 0.003119 0.997341
0.043459 0.005651 0.999039
0.045007 0.067256 0.996720
0.092267 0.058522 0.994013
0.045007 0.067256 0.996720
0.043459 0.005651 0.999039
0.043459 0.005651 0.999039
0.092596 0.004103 0.995695
0.092267 0.058522 0.994013
0.092267 0.058522 0.994013
0.079708 0.144361 0.986310
0.016496 0.118419 0.992827
0.016496 0.118419 0.992827
0.045007 0.067256 0.996720
0.092267 0.058522 0.994013
0.161257 -0.193163 0.967825
0.085666 -0.167611 0.982124
-0.017012 -0.007772 0.999825
-0.017012 -0.007772 0.999825
-0.015695 0.039140 0.999110
0.161257 -0.193163 0.967825
-0.007223 0.472519 0.881291
0.058002 0.277447 0.958988
0.029956 0.354151 0.934708
0.029956 0.354151 0.934708
-0.049154 0.592551 0.804032
-0.007223 0.472519 0.881291
-0.021058 0.688703 0.724738
-0.007223 0.472519 0.881291
-0.049154 0.592551 0.804032
-0.049154 0.592551 0.804032
-0.106615 0.687888 0.717944
-0.021058 0.688703 0.724738
-0.139583 0.708692 0.691572
-0.140224 0.752198 0.643844
-0.021058 0.688703 0.724738
-0.021058 0.688703 0.724738
-0.106615 0.687888 0.717944
-0.139583 0.708692 0.691572
-0.264738 0.692237 0.671358
-0.140224 0.752198 0.643844
-0.139583 0.708692 0.691572
-0.139583 0.708692 0.691572
-0.215417 0.639167 0.738283
-0.264738 0.692237 0.671358
-0.365552 0.516312 0.774463
-0.264738 0.692237 0.671358
-0.215417 0.639167 0.738283
-0.215417 0.639167 0.738283
-0.287129 0.546674 0.786578
-0.365552 0.516312 0.774463
-0.430418 0.375863 0.820651
-0.471302 0.353111 0.808200
-0.365552 0.516312 0.774463
-0.365552 0.516312 0.774463
-0.287129 0.546674 0.786578
-0.430418 0.375863 0.820651
-0.531786 0.217671 0.818427
-0.471302 0.353111 0.808200
-0.430418 0.375863 0.820651
-0.430418 0.375863 0.820651
-0.485849 0.212923 0.847711
-0.531786 0.217671 0.818427
-0.546541 -0.096275 0.831880
-0.575386 -0.004858 0.817868
-0.541959 -0.005990 0.840384
-0.541959 -0.005990 0.840384
-0.518284 -0.084207 0.851053
-0.546541 -0.096275 0.831880
-0.464035 -0.220894 0.857833
-0.393223 -0.348376 0.850887
-0.415066 -0.324133 0.850093
-0.415066 -0.324133 0.850093
-0.485774 -0.203057 0.850171
-0.464035 -0.220894 0.857833
-0.485774 -0.203057 0.850171
-0.546541 -0.096275 0.831880
-0.518284 -0.084207 0.851053
-0.518284 -0.084207 0.851053
-0.464035 -0.220894 0.857833
-0.485774 -0.203057 0.850171
-0.326624 -0.423973 0.844727
-0.415066 -0.324133 0.850093
-0.393223 -0.348376 0.850887
-0.393223 -0.348376 0.850887
-0.307553 -0.421132 0.853264
-0.326624 -0.423973 0.844727
-0.223957 -0.538380 0.812398
-0.326624 -0.423973 0.844727
-0.307553 -0.421132 0.853264
-0.307553 -0.421132 0.853264
-0.171631 -0.514815 0.839945
-0.223957 -0.538380 0.812398
-0.145393 -0.511799 0.846713
-0.130756 -0.521849 0.842957
-0.223957 -0.538380 0.812398
-0.223957 -0.538380 0.812398
-0.171631 -0.514815 0.839945
-0.145393 -0.511799 0.846713
-0.039565 -0.437824 0.898190
-0.130756 -0.521849 0.842957
-0.145393 -0.511799 0.846713
-0.145393 -0.511799 0.846713
-0.118458 -0.444463 0.887930
-0.039565 -0.437824 0.898190
-0.047204 -0.335392 0.940896
0.002271 -0.224246 0.974530
0.053659 -0.217048 0.974685
0.053659 -0.217048 0.974685
0.002603 -0.320459 0.947259
-0.047204 -0.335392 0.940896
0.002603 -0.320459 0.947259
-0.039565 -0.437824 0.898190
-0.118458 -0.444463 0.887930
-0.118458 -0.444463 0.887930
-0.047204 -0.335392 0.940896
0.002603 -0.320459 0.947259
0.051882 0.007993 0.998621
0.092596 0.004103 0.995695
0.086855 -0.044684 0.995218
0.086855 -0.044684 0.995218
0.045426 -0.039377 0.998191
0.051882 0.007993 0.998621
0.092267 0.058522 0.994013
0.092596 0.004103 0.995695
0.051882 0.007993 0.998621
0.051882 0.007993 0.998621
0.061473 0.065017 0.995989
0.092267 0.058522 0.994013
0.061205 0.167764 0.983925
0.029956 0.354151 0.934708
0.058002 0.277447 0.958988
0.058002 0.277447 0.958988
0.079708 0.144361 0.986310
0.061205 0.167764 0.983925
0.079708 0.144361 0.986310
0.092267 0.058522 0.994013
0.061473 0.065017 0.995989
0.061473 0.065017 0.995989
0.061205 0.167764 0.983925
0.079708 0.144361 0.986310
-0.015695 0.039140 0.999110
-0.017012 -0.007772 0.999825
-0.038623 0.096402 0.994593
-0.038623 0.096402 0.994593
-0.045311 0.080853 0.995696
-0.015695 0.039140 0.999110
0.257268 0.477711 0.840003
0.358549 0.113839 0.926544
0.189755 0.119635 0.974515
-0.537171 -0.514554 0.668342
-0.424671 -0.405941 0.809238
-0.591980 -0.536311 0.601606
-0.591980 -0.536311 0.601606
-0.500164 -0.580053 0.642942
-0.537171 -0.514554 0.668342
-0.777948 -0.576520 0.249842
-0.927173 -0.178131 0.329575
-0.786792 -0.477216 0.391437
-0.166822 0.056901 0.984344
-0.277736 0.130298 0.951780
-0.296064 -0.051009 0.953805
-0.296064 -0.051009 0.953805
-0.193856 -0.062522 0.979036
-0.166822 0.056901 0.984344
-0.527633 0.087184 0.844987
-0.541959 -0.005990 0.840384
-0.575386 -0.004858 0.817868
-0.575386 -0.004858 0.817868
-0.566660 0.091756 0.818827
-0.527633 0.087184 0.844987
-0.566660 0.091756 0.818827
-0.531786 0.217671 0.818427
-0.485849 0.212923 0.847711
-0.485849 0.212923 0.847711
-0.527633 0.087184 0.844987
-0.566660 0.091756 0.818827
-0.786792 -0.477216 0.391437
-0.927173 -0.178131 0.329575
-0.819110 -0.099694 0.564907
-0.819110 -0.099694 0.564907
-0.585256 -0.299832 0.753377
-0.786792 -0.477216 0.391437
-0.358454 -0.239575 0.902283
-0.398137 -0.336296 0.853459
-0.585256 -0.299832 0.753377
-0.585256 -0.299832 0.753377
-0.524955 -0.143911 0.838876
-0.358454 -0.239575 0.902283
-0.585256 -0.299832 0.753377
-0.819110 -0.099694 0.564907
-0.661668 0.024649 0.749392
-0.661668 0.024649 0.749392
-0.524955 -0.143911 0.838876
-0.585256 -0.299832 0.753377
-0.322003 -0.215274 0.921939
-0.353390 -0.260789 0.898390
-0.358454 -0.239575 0.902283
-0.358454 -0.239575 0.902283
-0.279637 -0.182669 0.942568
-0.322003 -0.215274 0.921939
-0.279637 -0.182669 0.942568
-0.358454 -0.239575 0.902283
-0.524955 -0.143911 0.838876
-0.524955 -0.143911 0.838876
-0.374105 -0.030198 0.926895
-0.279637 -0.182669 0.942568
-0.193856 -0.062522 0.979036
-0.296064 -0.051009 0.953805
-0.322003 -0.215274 0.921939
-0.322003 -0.215274 0.921939
-0.279637 -0.182669 0.942568
-0.193856 -0.062522 0.979036
-0.374105 -0.030198 0.926895
-0.258195 0.092565 0.961648
-0.193856 -0.062522 0.979036
-0.193856 -0.062522 0.979036
-0.279637 -0.182669 0.942568
-0.374105 -0.030198 0.926895
-0.470748 0.210223 0.856856
-0.338867 0.375048 0.862849
-0.258195 0.092565 0.961648
-0.258195 0.092565 0.961648
-0.374105 -0.030198 0.926895
-0.470748 0.210223 0.856856
-0.374105 -0.030198 0.926895
-0.524955 -0.143911 0.838876
-0.661668 0.024649 0.749392
-0.661668 0.024649 0.749392
-0.470748 0.210223 0.856856
-0.374105 -0.030198 0.926895
-0.398137 -0.336296 0.853459
-0.424671 -0.405941 0.809238
-0.537171 -0.514554 0.668342
-0.537171 -0.514554 0.668342
-0.786792 -0.477216 0.391437
-0.585256 -0.299832 0.753377
-0.585256 -0.299832 0.753377
-0.398137 -0.336296 0.853459
-0.537171 -0.514554 0.668342
-0.418966 -0.302055 0.856289
-0.539121 -0.360634 0.761112
-0.424671 -0.405941 0.809238
-0.424671 -0.405941 0.809238
-0.398137 -0.336296 0.853459
-0.418966 -0.302055 0.856289
-0.358454 -0.239575 0.902283
-0.353390 -0.260789 0.898390
-0.418966 -0.302055 0.856289
-0.418966 -0.302055 0.856289
-0.398137 -0.336296 0.853459
-0.358454 -0.239575 0.902283
-0.376028 -0.695468 0.612313
-0.537171 -0.514554 0.668342
-0.500164 -0.580053 0.642942
-0.500164 -0.580053 0.642942
-0.389823 -0.668179 0.633699
-0.376028 -0.695468 0.612313
-0.514486 -0.804836 0.295878
-0.786792 -0.477216 0.391437
-0.537171 -0.514554 0.668342
-0.537171 -0.514554 0.668342
-0.376028 -0.695468 0.612313
-0.514486 -0.804836 0.295878
-0.514486 -0.804836 0.295878
-0.606764 -0.779491 0.155668
-0.777948 -0.576520 0.249842
-0.777948 -0.576520 0.249842
-0.786792 -0.477216 0.391437
-0.514486 -0.804836 0.295878
-0.221948 -0.607615 0.762589
-0.376028 -0.695468 0.612313
-0.389823 -0.668179 0.633699
-0.389823 -0.668179 0.633699
-0.293973 -0.639754 0.710137
-0.221948 -0.607615 0.762589
-0.216929 -0.884373 0.413311
-0.514486 -0.804836 0.295878
-0.376028 -0.695468 0.612313
-0.376028 -0.695468 0.612313
-0.221948 -0.607615 0.762589
-0.216929 -0.884373 0.413311
-0.282552 -0.936505 0.207659
-0.606764 -0.779491 0.155668
-0.514486 -0.804836 0.295878
-0.514486 -0.804836 0.295878
-0.216929 -0.884373 0.413311
-0.282552 -0.936505 0.207659
-0.099818 -0.952795 0.286737
-0.282552 -0.936505 0.207659
-0.216929 -0.884373 0.413311
-0.162756 -0.540004 0.825776
-0.221948 -0.607615 0.762589
-0.293973 -0.639754 0.710137
-0.293973 -0.639754 0.710137
-0.221327 -0.683208 0.695874
-0.162756 -0.540004 0.825776
-0.114887 -0.839215 0.531526
-0.216929 -0.884373 0.413311
-0.221948 -0.607615 0.762589
-0.221948 -0.607615 0.762589
-0.162756 -0.540004 0.825776
-0.114887 -0.839215 0.531526
-0.114887 -0.839215 0.531526
-0.064710 -0.949820 0.306029
-0.099818 -0.952795 0.286737
-0.099818 -0.952795 0.286737
-0.216929 -0.884373 0.413311
-0.114887 -0.839215 0.531526
-0.101649 -0.726513 0.679592
-0.073956 -0.824742 0.560652
-0.044389 -0.508839 0.859717
-0.044389 -0.508839 0.859717
-0.039150 -0.443458 0.895440
-0.101649 -0.726513 0.679592
-0.039150 -0.443458 0.895440
-0.044389 -0.508839 0.859717
-0.034259 -0.344104 0.938306
-0.034259 -0.344104 0.938306
-0.032111 -0.385312 0.922227
-0.039150 -0.443458 0.895440
-0.144579 -0.699772 0.699583
-0.101649 -0.726513 0.679592
-0.039150 -0.443458 0.895440
-0.039150 -0.443458 0.895440
-0.101119 -0.513555 0.852078
-0.144579 -0.699772 0.699583
-0.101119 -0.513555 0.852078
-0.162756 -0.540004 0.825776
-0.221327 -0.683208 0.695874
-0.221327 -0.683208 0.695874
-0.144579 -0.699772 0.699583
-0.101119 -0.513555 0.852078
-0.026477 -0.793553 0.607925
-0.114887 -0.839215 0.531526
-0.162756 -0.540004 0.825776
-0.162756 -0.540004 0.825776
-0.101119 -0.513555 0.852078
-0.026477 -0.793553 0.607925
-0.023883 -0.946444 0.321985
-0.064710 -0.949820 0.306029
-0.114887 -0.839215 0.531526
-0.114887 -0.839215 0.531526
-0.026477 -0.793553 0.607925
-0.023883 -0.946444 0.321985
0.074324 -0.908798 0.410563
-0.023883 -0.946444 0.321985
-0.026477 -0.793553 0.607925
-0.068867 0.748643 0.659387
-0.018863 0.773445 0.633582
-0.058858 0.430357 0.900738
-0.100184 0.053513 0.993529
-0.074106 0.070420 0.994761
-0.073434 0.127285 0.989144
-0.073434 0.127285 0.989144
-0.093049 0.117680 0.988683
-0.100184 0.053513 0.993529
-0.115323 0.369212 0.922162
-0.058858 0.430357 0.900738
-0.074106 0.070420 0.994761
-0.074106 0.070420 0.994761
-0.100184 0.053513 0.993529
-0.115323 0.369212 0.922162
-0.115323 0.369212 0.922162
-0.136555 0.691723 0.709135
-0.068867 0.748643 0.659387
-0.068867 0.748643 0.659387
-0.058858 0.430357 0.900738
-0.115323 0.369212 0.922162
-0.058429 0.093832 0.993872
-0.015695 0.039140 0.999110
-0.045311 0.080853 0.995696
-0.045311 0.080853 0.995696
-0.056428 0.061032 0.996539
-0.058429 0.093832 0.993872
0.045570 0.395550 0.917313
0.189755 0.119635 0.974515
-0.015695 0.039140 0.999110
-0.015695 0.039140 0.999110
-0.058429 0.093832 0.993872
0.045570 0.395550 0.917313
-0.056428 0.061032 0.996539
-0.073434 0.127285 0.989144
-0.074106 0.070420 0.994761
-0.074106 0.070420 0.994761
-0.058429 0.093832 0.993872
-0.056428 0.061032 0.996539
-0.058429 0.093832 0.993872
-0.074106 0.070420 0.994761
-0.058858 0.430357 0.900738
-0.058858 0.430357 0.900738
0.045570 0.395550 0.917313
-0.058429 0.093832 0.993872
0.045570 0.395550 0.917313
0.127916 0.719351 0.682768
0.257268 0.477711 0.840003
0.257268 0.477711 0.840003
0.189755 0.119635 0.974515
0.045570 0.395550 0.917313
-0.058858 0.430357 0.900738
-0.018863 0.773445 0.633582
0.127916 0.719351 0.682768
0.127916 0.719351 0.682768
0.045570 0.395550 0.917313
-0.058858 0.430357 0.900738
0.055169 -0.198460 0.978555
0.085666 -0.167611 0.982124
0.161257 -0.193163 0.967825
0.161257 -0.193163 0.967825
0.178688 -0.268481 0.946567
0.037542 -0.254995 0.966213
0.037542 -0.254995 0.966213
0.055169 -0.198460 0.978555
0.161257 -0.193163 0.967825
0.161257 -0.193163 0.967825
-0.015695 0.039140 0.999110
0.189755 0.119635 0.974515
0.189755 0.119635 0.974515
0.327129 -0.114317 0.938040
0.161257 -0.193163 0.967825
0.189755 0.119635 0.974515
0.358549 0.113839 0.926544
0.430544 -0.025384 0.902212
0.430544 -0.025384 0.902212
0.327129 -0.114317 0.938040
0.189755 0.119635 0.974515
-0.128400 0.000098 0.991723
-0.100184 0.053513 0.993529
-0.093049 0.117680 0.988683
-0.093049 0.117680 0.988683
-0.119174 0.071673 0.990283
-0.128400 0.000098 0.991723
-0.181338 0.219445 0.958624
-0.115323 0.369212 0.922162
-0.100184 0.053513 0.993529
-0.100184 0.053513 0.993529
-0.128400 0.000098 0.991723
-0.181338 0.219445 0.958624
-0.119174 0.071673 0.990283
-0.166822 0.056901 0.984344
-0.193856 -0.062522 0.979036
-0.193856 -0.062522 0.979036
-0.128400 0.000098 0.991723
-0.119174 0.071673 0.990283
-0.128400 0.000098 0.991723
-0.193856 -0.062522 0.979036
-0.258195 0.092565 0.961648
-0.258195 0.092565 0.961648
-0.181338 0.219445 0.958624
-0.128400 0.000098 0.991723
-0.135921 0.637123 0.758683
-0.136555 0.691723 0.709135
-0.115323 0.369212 0.922162
-0.115323 0.369212 0.922162
-0.181338 0.219445 0.958624
-0.135921 0.637123 0.758683
-0.181338 0.219445 0.958624
-0.258195 0.092565 0.961648
-0.338867 0.375048 0.862849
-0.338867 0.375048 0.862849
-0.262399 0.493484 0.829229
-0.181338 0.219445 0.958624
-0.262399 0.493484 0.829229
-0.135921 0.637123 0.758683
-0.181338 0.219445 0.958624
0.080355 -0.306444 0.948491
-0.039150 -0.443458 0.895440
-0.032111 -0.385312 0.922227
0.023784 -0.123279 0.992087
0.045426 -0.039377 0.998191
0.086855 -0.044684 0.995218
0.086855 -0.044684 0.995218
0.072344 -0.118994 0.990256
0.023784 -0.123279 0.992087
0.072344 -0.118994 0.990256
0.053659 -0.217048 0.974685
0.002271 -0.224246 0.974530
0.002271 -0.224246 0.974530
0.023784 -0.123279 0.992087
0.072344 -0.118994 0.990256
0.111248 -0.617129 0.778958
0.352976 -0.701872 0.618695
0.074324 -0.908798 0.410563
0.074324 -0.908798 0.410563
-0.026477 -0.793553 0.607925
0.111248 -0.617129 0.778958
0.111248 -0.617129 0.778958
-0.026477 -0.793553 0.607925
-0.101119 -0.513555 0.852078
-0.101119 -0.513555 0.852078
-0.039150 -0.443458 0.895440
0.111248 -0.617129 0.778958
0.390502 -0.253014 0.885151
0.327129 -0.114317 0.938040
0.430544 -0.025384 0.902212
0.430544 -0.025384 0.902212
0.492349 -0.094102 0.865296
0.390502 -0.253014 0.885151
0.178688 -0.268481 0.946567
0.161257 -0.193163 0.967825
0.327129 -0.114317 0.938040
0.327129 -0.114317 0.938040
0.390502 -0.253014 0.885151
0.178688 -0.268481 0.946567
0.232386 -0.450526 0.861988
0.111248 -0.617129 0.778958
-0.039150 -0.443458 0.895440
-0.039150 -0.443458 0.895440
0.080355 -0.306444 0.948491
0.232386 -0.450526 0.861988
0.080355 -0.306444 0.948491
-0.032111 -0.385312 0.922227
-0.017920 -0.297987 0.954402
-0.017920 -0.297987 0.954402
0.037542 -0.254995 0.966213
0.178688 -0.268481 0.946567
0.178688 -0.268481 0.946567
0.080355 -0.306444 0.948491
-0.017920 -0.297987 0.954402
0.080355 -0.306444 0.948491
0.178688 -0.268481 0.946567
0.390502 -0.253014 0.885151
0.390502 -0.253014 0.885151
0.232386 -0.450526 0.861988
0.080355 -0.306444 0.948491
0.453528 -0.420246 0.785942
0.352976 -0.701872 0.618695
0.111248 -0.617129 0.778958
0.111248 -0.617129 0.778958
0.232386 -0.450526 0.861988
0.453528 -0.420246 0.785942
0.390502 -0.253014 0.885151
0.492349 -0.094102 0.865296
0.453528 -0.420246 0.785942
0.453528 -0.420246 0.785942
0.232386 -0.450526 0.861988
0.390502 -0.253014 0.885151
1.000000 0.000000 -0.000000
0.866026 0.500000 0.000000
0.866025 0.500000 0.000000
0.866025 0.500000 0.000000
1.000000 0.000000 0.000000
1.000000 0.000000 -0.000000
0.866026 0.500000 0.000000
0.500000 0.866025 0.000000
0.500000 0.866025 0.000000
0.500000 0.866025 0.000000
0.866025 0.500000 0.000000
0.866026 0.500000 0.000000
0.500000 0.866025 0.000000
0.000000 1.000000 0.000000
-0.000000 1.000000 0.000000
-0.000000 1.000000 0.000000
0.500000 0.866025 0.000000
0.500000 0.866025 0.000000
0.000000 1.000000 0.000000
-0.500000 0.866025 0.000000
-0.500000 0.866025 0.000000
-0.500000 0.866025 0.000000
-0.000000 1.000000 0.000000
0.000000 1.000000 0.000000
-0.500000 0.866025 0.000000
-0.866026 0.500000 0.000000
-0.866025 0.500000 0.000000
-0.866025 0.500000 0.000000
-0.500000 0.866025 0.000000
-0.500000 0.866025 0.000000
-0.866026 0.500000 0.000000
-1.000000 -0.000000 0.000000
-1.000000 0.000000 0.000000
-1.000000 0.000000 0.000000
-0.866025 0.500000 0.000000
-0.866026 0.500000 0.000000
-1.000000 -0.000000 0.000000
-0.866026 -0.500000 -0.000000
-0.866026 -0.499999 -0.000000
-0.866026 -0.499999 -0.000000
-1.000000 0.000000 0.000000
-1.000000 -0.000000 0.000000
-0.866026 -0.500000 -0.000000
-0.500001 -0.866025 -0.000000
-0.500000 -0.866025 -0.000000
-0.500000 -0.866025 -0.000000
-0.866026 -0.499999 -0.000000
-0.866026 -0.500000 -0.000000
-0.500001 -0.866025 -0.000000
-0.000001 -1.000000 -0.000000
-0.000000 -1.000000 -0.000000
-0.000000 -1.000000 -0.000000
-0.500000 -0.866025 -0.000000
-0.500001 -0.866025 -0.000000
-0.000001 -1.000000 -0.000000
0.499999 -0.866026 -0.000000
0.499999 -0.866026 -0.000000
0.499999 -0.866026 -0.000000
-0.000000 -1.000000 -0.000000
-0.000001 -1.000000 -0.000000
0.499999 -0.866026 -0.000000
0.866025 -0.500000 -0.000000
0.866025 -0.500000 -0.000000
0.866025 -0.500000 -0.000000
0.499999 -0.866026 -0.000000
0.499999 -0.866026 -0.000000
0.866025 -0.500000 -0.000000
1.000000 0.000000 -0.000000
1.000000 0.000000 0.000000
1.000000 0.000000 0.000000
0.866025 -0.500000 -0.000000
0.866025 -0.500000 -0.000000
0.000000 0.000000 1.000000
0.000000 0.000000 1.000000
0.000000 0.000000 1.000000
0.000000 0.000000 1.000000
0.000000 0.000000 1.000000
0.000000 0.000000 1.000000
0.000000 0.000000 1.000000
0.000000 0.000000 1.000000
0.000000 0.000000 1.000000
0.000000 0.000000 1.000000
0.000000 0.000000 1.000000
0.000000 0.000000 1.000000
0.000000 0.000000 1.000000
0.000000 0.000000 1.000000
0.000000 0.000000 1.000000
0.000000 0.000000 1.000000
0.000000 0.000000 1.000000
0.000000 0.000000 1.000000
0.000000 0.000000 1.000000
0.000000 0.000000 1.000000
0.000000 0.000000 1.000000
0.000000 0.000000 1.000000
0.000000 0.000000 1.000000
0.000000 0.000000 1.000000
0.000000 0.000000 1.000000
0.000000 0.000000 1.000000
0.000000 0.000000 1.000000
0.000000 0.000000 1.000000
0.000000 0.000000 1.000000
0.000000 0.000000 1.000000
-0.036051 0.015433 0.999231
-0.075650 0.052970 0.995726
-0.063769 0.053688 0.996520
-0.063769 0.053688 0.996520
-0.033511 0.017049 0.999293
-0.036051 0.015433 0.999231
-0.022734 0.006084 0.999723
-0.036051 0.015433 0.999231
-0.033511 0.017049 0.999293
-0.033511 0.017049 0.999293
-0.018281 0.007926 0.999801
-0.022734 0.006084 0.999723
0.704123 0.059283 0.707599
0.727686 0.000000 0.685910
0.548219 0.000000 0.836335
0.548219 0.000000 0.836335
0.506499 0.042957 0.861170
0.704123 0.059283 0.707599
-0.018281 0.007926 0.999801
0.021592 0.000000 0.999767
0.014654 0.000000 0.999893
0.014654 0.000000 0.999893
-0.022734 0.006084 0.999723
-0.018281 0.007926 0.999801
0.679830 0.107238 0.725487
0.704123 0.059283 0.707599
0.506499 0.042957 0.861170
0.506499 0.042957 0.861170
0.444397 0.068673 0.893194
0.679830 0.107238 0.725487
0.444397 0.068673 0.893194
0.434431 0.155511 0.887179
0.669627 0.195687 0.716454
0.669627 0.195687 0.716454
0.679830 0.107238 0.725487
0.444397 0.068673 0.893194
0.704123 0.059283 0.707599
0.679830 0.107238 0.725487
0.950824 0.148768 0.271664
0.950824 0.148768 0.271664
0.957451 0.071652 0.279558
0.704123 0.059283 0.707599
0.957451 0.071652 0.279558
0.962725 0.000000 0.270481
0.727686 0.000000 0.685910
0.727686 0.000000 0.685910
0.704123 0.059283 0.707599
0.957451 0.071652 0.279558
-0.174024 0.260859 0.949562
-0.063769 0.053688 0.996520
-0.075650 0.052970 0.995726
-0.075650 0.052970 0.995726
-0.227537 0.186440 0.955755
-0.174024 0.260859 0.949562
-0.523848 0.570500 0.632544
-0.442407 0.511518 0.736631
-0.443513 0.519112 0.730629
-0.443513 0.519112 0.730629
-0.521298 0.569270 0.635751
-0.523848 0.570500 0.632544
-0.345586 0.480232 0.806193
-0.443513 0.519112 0.730629
-0.442407 0.511518 0.736631
-0.442407 0.511518 0.736631
-0.339325 0.470236 0.814700
-0.345586 0.480232 0.806193
-0.219725 0.420716 0.880181
-0.131332 0.406349 0.904230
-0.125250 0.403072 0.906557
-0.125250 0.403072 0.906557
-0.221545 0.427179 0.876605
-0.219725 0.420716 0.880181
-0.221545 0.427179 0.876605
-0.345586 0.480232 0.806193
-0.339325 0.470236 0.814700
-0.339325 0.470236 0.814700
-0.219725 0.420716 0.880181
-0.221545 0.427179 0.876605
-0.474378 0.302810 0.826602
-0.559700 0.476293 0.678145
-0.543767 0.569055 0.616842
-0.543767 0.569055 0.616842
-0.429262 0.446917 0.784856
-0.474378 0.302810 0.826602
-0.429262 0.446917 0.784856
-0.174024 0.260859 0.949562
-0.227537 0.186440 0.955755
-0.227537 0.186440 0.955755
-0.474378 0.302810 0.826602
-0.429262 0.446917 0.784856
-0.563126 0.596159 0.572262
-0.523848 0.570500 0.632544
-0.521298 0.569270 0.635751
-0.521298 0.569270 0.635751
-0.561873 0.593747 0.575988
-0.563126 0.596159 0.572262
-0.561873 0.593747 0.575988
-0.543767 0.569055 0.616842
-0.559700 0.476293 0.678145
-0.559700 0.476293 0.678145
-0.563126 0.596159 0.572262
-0.561873 0.593747 0.575988
0.000967 0.420469 0.907307
0.019843 0.510886 0.859419
0.019326 0.505678 0.862506
0.019326 0.505678 0.862506
-0.000259 0.418912 0.908027
0.000967 0.420469 0.907307
-0.024180 0.448637 0.893387
0.000967 0.420469 0.907307
-0.000259 0.418912 0.908027
-0.000259 0.418912 0.908027
-0.022032 0.446500 0.894513
-0.024180 0.448637 0.893387
-0.026945 0.429155 0.902829
-0.024180 0.448637 0.893387
-0.022032 0.446500 0.894513
-0.022032 0.446500 0.894513
-0.024744 0.424910 0.904897
-0.026945 0.429155 0.902829
-0.042823 0.425025 0.904168
-0.026945 0.429155 0.902829
-0.024744 0.424910 0.904897
-0.024744 0.424910 0.904897
-0.045521 0.428682 0.902308
-0.042823 0.425025 0.904168
-0.060790 0.444507 0.893710
-0.042823 0.425025 0.904168
-0.045521 0.428682 0.902308
-0.045521 0.428682 0.902308
-0.060483 0.443389 0.894286
-0.060790 0.444507 0.893710
-0.065836 0.420657 0.904828
-0.060790 0.444507 0.893710
-0.060483 0.443389 0.894286
-0.060483 0.443389 0.894286
-0.066032 0.416298 0.906827
-0.065836 0.420657 0.904828
-0.091543 0.418592 0.903549
-0.065836 0.420657 0.904828
-0.066032 0.416298 0.906827
-0.066032 0.416298 0.906827
-0.091712 0.416189 0.904641
-0.091543 0.418592 0.903549
-0.091712 0.416189 0.904641
-0.125250 0.403072 0.906557
-0.131332 0.406349 0.904230
-0.131332 0.406349 0.904230
-0.091543 0.418592 0.903549
-0.091712 0.416189 0.904641
0.004823 0.942567 0.333982
0.004854 0.941868 0.335949
0.005944 0.978096 0.208071
0.031005 0.548670 0.835464
0.019326 0.505678 0.862506
0.019843 0.510886 0.859419
0.019843 0.510886 0.859419
0.031482 0.548420 0.835610
0.031005 0.548670 0.835464
0.049048 0.532553 0.844974
0.031005 0.548670 0.835464
0.031482 0.548420 0.835610
0.031482 0.548420 0.835610
0.050770 0.532001 0.845220
0.049048 0.532553 0.844974
0.049048 0.532553 0.844974
0.050770 0.532001 0.845220
0.066320 0.520143 0.851500
0.066320 0.520143 0.851500
0.065331 0.519031 0.852255
0.049048 0.532553 0.844974
0.065331 0.519031 0.852255
0.066320 0.520143 0.851500
0.086275 0.524929 0.846762
0.086275 0.524929 0.846762
0.085238 0.523166 0.847957
0.065331 0.519031 0.852255
0.085238 0.523166 0.847957
0.086275 0.524929 0.846762
0.106325 0.514564 0.850834
0.106325 0.514564 0.850834
0.100873 0.507187 0.855912
0.085238 0.523166 0.847957
0.100873 0.507187 0.855912
0.106325 0.514564 0.850834
0.129738 0.488316 0.862969
0.129738 0.488316 0.862969
0.129455 0.481788 0.866673
0.100873 0.507187 0.855912
0.129455 0.481788 0.866673
0.129738 0.488316 0.862969
0.155451 0.474372 0.866491
0.155451 0.474372 0.866491
0.154068 0.468182 0.870097
0.129455 0.481788 0.866673
0.154068 0.468182 0.870097
0.155451 0.474372 0.866491
0.191702 0.454956 0.869635
0.191702 0.454956 0.869635
0.189937 0.451811 0.871660
0.154068 0.468182 0.870097
0.189937 0.451811 0.871660
0.191702 0.454956 0.869635
0.221301 0.463777 0.857868
0.221301 0.463777 0.857868
0.220245 0.461849 0.859179
0.189937 0.451811 0.871660
0.220245 0.461849 0.859179
0.221301 0.463777 0.857868
0.249254 0.462594 0.850811
0.249254 0.462594 0.850811
0.244763 0.460698 0.853140
0.220245 0.461849 0.859179
0.244763 0.460698 0.853140
0.249254 0.462594 0.850811
0.287010 0.484503 0.826366
0.287010 0.484503 0.826366
0.286369 0.485215 0.826171
0.244763 0.460698 0.853140
0.286369 0.485215 0.826171
0.287010 0.484503 0.826366
0.334408 0.500835 0.798333
0.334408 0.500835 0.798333
0.331792 0.498471 0.800900
0.286369 0.485215 0.826171
0.067444 0.028092 0.997327
0.036032 0.000000 0.999351
0.040875 0.000000 0.999164
0.040875 0.000000 0.999164
0.072091 0.028592 0.996988
0.067444 0.028092 0.997327
0.103518 0.105379 0.989029
0.067444 0.028092 0.997327
0.072091 0.028592 0.996988
0.072091 0.028592 0.996988
0.112932 0.109088 0.987596
0.103518 0.105379 0.989029
0.225592 0.303680 0.925682
0.103518 0.105379 0.989029
0.112932 0.109088 0.987596
0.112932 0.109088 0.987596
0.247126 0.299318 0.921595
0.225592 0.303680 0.925682
0.388319 0.514737 0.764365
0.225592 0.303680 0.925682
0.247126 0.299318 0.921595
0.247126 0.299318 0.921595
0.413296 0.522762 0.745591
0.388319 0.514737 0.764365
0.453461 0.585130 0.672306
0.388319 0.514737 0.764365
0.413296 0.522762 0.745591
0.413296 0.522762 0.745591
0.452275 0.582390 0.675476
0.453461 0.585130 0.672306
0.409382 0.547351 0.729941
0.453461 0.585130 0.672306
0.452275 0.582390 0.675476
0.452275 0.582390 0.675476
0.398703 0.542527 0.739392
0.409382 0.547351 0.729941
0.331792 0.498471 0.800900
0.334408 0.500835 0.798333
0.409382 0.547351 0.729941
0.409382 0.547351 0.729941
0.398703 0.542527 0.739392
0.331792 0.498471 0.800900
-0.000159 0.940905 0.338671
0.000370 0.942159 0.335165
0.012046 0.978924 0.203872
0.034819 0.975910 0.215378
-0.001551 0.936883 0.349640
-0.000159 0.940905 0.338671
-0.000159 0.940905 0.338671
0.012046 0.978924 0.203872
0.034819 0.975910 0.215378
0.191928 0.680925 0.706757
0.085756 0.867270 0.490397
0.306227 0.851702 0.425240
0.306227 0.851702 0.425240
0.085756 0.867270 0.490397
0.050912 0.912472 0.405959
0.050912 0.912472 0.405959
0.034595 0.930923 0.363573
0.098000 0.958940 0.266139
0.098000 0.958940 0.266139
0.306227 0.851702 0.425240
0.050912 0.912472 0.405959
0.098000 0.958940 0.266139
0.034595 0.930923 0.363573
0.037841 0.930899 0.363310
0.037841 0.930899 0.363310
0.024522 0.931998 0.361633
0.098000 0.958940 0.266139
0.098000 0.958940 0.266139
0.024522 0.931998 0.361633
0.000516 0.932755 0.360511
0.098000 0.958940 0.266139
0.000516 0.932755 0.360511
-0.001551 0.936883 0.349640
-0.001551 0.936883 0.349640
0.034819 0.975910 0.215378
0.098000 0.958940 0.266139
0.950824 0.148768 0.271664
0.679830 0.107238 0.725487
0.669627 0.195687 0.716454
0.669627 0.195687 0.716454
0.913011 0.297522 0.279092
0.950824 0.148768 0.271664
0.576797 0.439513 0.688573
0.332641 0.406145 0.851115
0.191928 0.680925 0.706757
0.913011 0.297522 0.279092
0.669627 0.195687 0.716454
0.576797 0.439513 0.688573
0.576797 0.439513 0.688573
0.669627 0.195687 0.716454
0.434431 0.155511 0.887179
0.434431 0.155511 0.887179
0.332641 0.406145 0.851115
0.576797 0.439513 0.688573
0.191928 0.680925 0.706757
0.306227 0.851702 0.425240
0.576797 0.439513 0.688573
0.516121 0.842327 0.155255
0.913011 0.297522 0.279092
0.576797 0.439513 0.688573
-0.953107 0.262816 0.150051
-0.669327 0.362942 0.648286
-0.700780 -0.000000 0.713377
-0.700780 -0.000000 0.713377
-0.980229 -0.000000 0.197866
-0.953107 0.262816 0.150051
-0.011561 0.296338 0.955013
-0.079056 0.301049 0.950326
-0.000180 -0.000000 1.000000
-0.000180 -0.000000 1.000000
0.000000 -0.000000 1.000000
-0.011561 0.296338 0.955013
-0.165260 0.284230 0.944406
-0.011561 0.296338 0.955013
0.000000 -0.000000 1.000000
0.000000 -0.000000 1.000000
-0.187684 -0.000000 0.982230
-0.165260 0.284230 0.944406
-0.187684 -0.000000 0.982230
-0.700780 -0.000000 0.713377
-0.669327 0.362942 0.648286
-0.669327 0.362942 0.648286
-0.165260 0.284230 0.944406
-0.187684 -0.000000 0.982230
-0.105658 0.815200 0.569461
-0.165260 0.284230 0.944406
-0.669327 0.362942 0.648286
-0.669327 0.362942 0.648286
-0.415357 0.832358 0.366958
-0.105658 0.815200 0.569461
-0.229292 0.816247 0.530250
-0.649716 0.562033 0.511848
-0.251449 0.244694 0.936428
-0.251449 0.244694 0.936428
-0.079056 0.301049 0.950326
-0.229292 0.816247 0.530250
-0.047293 0.872903 0.485597
-0.229292 0.816247 0.530250
-0.079056 0.301049 0.950326
-0.079056 0.301049 0.950326
-0.011561 0.296338 0.955013
-0.047293 0.872903 0.485597
-0.047293 0.872903 0.485597
-0.011561 0.296338 0.955013
-0.165260 0.284230 0.944406
-0.047293 0.872903 0.485597
-0.165260 0.284230 0.944406
-0.105658 0.815200 0.569461
-0.200700 0.021546 0.979416
-0.182494 -0.000000 0.983207
-0.000180 -0.000000 1.000000
-0.236736 0.083923 0.967943
-0.200700 0.021546 0.979416
-0.000180 -0.000000 1.000000
-0.000180 -0.000000 1.000000
-0.079056 0.301049 0.950326
-0.251449 0.244694 0.936428
-0.251449 0.244694 0.936428
-0.236736 0.083923 0.967943
-0.000180 -0.000000 1.000000
-0.922593 0.081542 0.377059
-0.910879 0.235311 0.339011
-0.938099 0.200675 0.282311
-0.938099 0.200675 0.282311
-0.957325 0.071080 0.280136
-0.922593 0.081542 0.377059
-0.677015 0.066465 0.732962
-0.712700 0.214293 0.667935
-0.910879 0.235311 0.339011
-0.910879 0.235311 0.339011
-0.922593 0.081542 0.377059
-0.677015 0.066465 0.732962
-0.922593 0.081542 0.377059
-0.926390 -0.000000 0.376566
-0.656879 -0.000000 0.753996
-0.656879 -0.000000 0.753996
-0.677015 0.066465 0.732962
-0.922593 0.081542 0.377059
-0.957325 0.071080 0.280136
-0.963058 0.000000 0.269293
-0.926390 -0.000000 0.376566
-0.926390 -0.000000 0.376566
-0.922593 0.081542 0.377059
-0.957325 0.071080 0.280136
-0.677015 0.066465 0.732962
-0.656879 -0.000000 0.753996
-0.182494 -0.000000 0.983207
-0.182494 -0.000000 0.983207
-0.200700 0.021546 0.979416
-0.677015 0.066465 0.732962
-0.200700 0.021546 0.979416
-0.236736 0.083923 0.967943
-0.712700 0.214293 0.667935
-0.712700 0.214293 0.667935
-0.677015 0.066465 0.732962
-0.200700 0.021546 0.979416
-0.846500 0.438971 0.301235
-0.938099 0.200675 0.282311
-0.910879 0.235311 0.339011
-0.910879 0.235311 0.339011
-0.753215 0.610839 0.244014
-0.846500 0.438971 0.301235
-0.753215 0.610839 0.244014
-0.910879 0.235311 0.339011
-0.712700 0.214293 0.667935
-0.712700 0.214293 0.667935
-0.649716 0.562033 0.511848
-0.753215 0.610839 0.244014
-0.629056 0.740386 0.236891
-0.846500 0.438971 0.301235
-0.753215 0.610839 0.244014
-0.649716 0.562033 0.511848
-0.712700 0.214293 0.667935
-0.236736 0.083923 0.967943
-0.236736 0.083923 0.967943
-0.251449 0.244694 0.936428
-0.649716 0.562033 0.511848
-0.476555 0.858646 0.188740
-0.629056 0.740386 0.236891
-0.753215 0.610839 0.244014
-0.753215 0.610839 0.244014
-0.446316 0.883560 0.141860
-0.476555 0.858646 0.188740
-0.348896 0.925589 0.146821
-0.476555 0.858646 0.188740
-0.446316 0.883560 0.141860
-0.292939 0.946436 0.135814
-0.649716 0.562033 0.511848
-0.229292 0.816247 0.530250
-0.257048 0.963463 0.075263
-0.209467 0.971715 0.109057
-0.274173 0.953787 0.122959
-0.257048 0.963463 0.075263
-0.274173 0.953787 0.122959
-0.348896 0.925589 0.146821
-0.348896 0.925589 0.146821
-0.446316 0.883560 0.141860
-0.257048 0.963463 0.075263
-0.257048 0.963463 0.075263
-0.446316 0.883560 0.141860
-0.292939 0.946436 0.135814
-0.446316 0.883560 0.141860
-0.753215 0.610839 0.244014
-0.649716 0.562033 0.511848
-0.649716 0.562033 0.511848
-0.292939 0.946436 0.135814
-0.446316 0.883560 0.141860
-0.167038 0.978946 0.117315
-0.209467 0.971715 0.109057
-0.257048 0.963463 0.075263
-0.257048 0.963463 0.075263
-0.101390 0.990120 0.096862
-0.167038 0.978946 0.117315
-0.101390 0.990120 0.096862
-0.141243 0.982325 0.122829
-0.167038 0.978946 0.117315
-0.044446 0.997037 0.062776
-0.292939 0.946436 0.135814
-0.229292 0.816247 0.530250
-0.229292 0.816247 0.530250
-0.047293 0.872903 0.485597
-0.044446 0.997037 0.062776
-0.063324 0.978690 0.195338
-0.141243 0.982325 0.122829
-0.101390 0.990120 0.096862
-0.101390 0.990120 0.096862
-0.006947 0.990720 0.135741
-0.063324 0.978690 0.195338
-0.006947 0.990720 0.135741
-0.101390 0.990120 0.096862
-0.044446 0.997037 0.062776
-0.006947 0.990720 0.135741
-0.029003 0.966051 0.256718
-0.063324 0.978690 0.195338
-0.101390 0.990120 0.096862
-0.257048 0.963463 0.075263
-0.292939 0.946436 0.135814
-0.292939 0.946436 0.135814
-0.044446 0.997037 0.062776
-0.101390 0.990120 0.096862
0.000015 0.983885 0.178800
-0.018420 0.953934 0.299451
-0.025854 0.955051 0.295312
0.000015 0.983885 0.178800
-0.025854 0.955051 0.295312
-0.029003 0.966051 0.256718
-0.029003 0.966051 0.256718
-0.006947 0.990720 0.135741
0.000015 0.983885 0.178800
0.000015 0.983885 0.178800
-0.006947 0.990720 0.135741
-0.044446 0.997037 0.062776
-0.044446 0.997037 0.062776
-0.000627 0.998738 0.050214
0.000015 0.983885 0.178800
-0.000627 0.998738 0.050214
-0.044446 0.997037 0.062776
-0.047293 0.872903 0.485597
0.002268 0.946513 0.322657
-0.018420 0.953934 0.299451
0.000015 0.983885 0.178800
0.000015 0.983885 0.178800
0.006907 0.978201 0.207546
0.002268 0.946513 0.322657
0.006907 0.978201 0.207546
0.000015 0.983885 0.178800
-0.000627 0.998738 0.050214
-0.000627 0.998738 0.050214
0.002132 0.999171 0.040650
0.006907 0.978201 0.207546
0.006907 0.978201 0.207546
-0.002120 0.941241 0.337730
0.002268 0.946513 0.322657
0.003945 0.976347 0.216172
0.001457 0.975959 0.217949
0.003643 0.935737 0.352679
0.003643 0.935737 0.352679
0.002961 0.935141 0.354263
0.003945 0.976347 0.216172
0.006443 0.937246 0.348609
-0.002120 0.941241 0.337730
0.006907 0.978201 0.207546
0.006907 0.978201 0.207546
0.003945 0.976347 0.216172
0.006443 0.937246 0.348609
0.003945 0.976347 0.216172
0.002961 0.935141 0.354263
0.006443 0.937246 0.348609
0.004451 0.938098 0.346342
0.003643 0.935737 0.352679
0.001457 0.975959 0.217949
0.001457 0.975959 0.217949
0.002195 0.976077 0.217413
0.004451 0.938098 0.346342
0.002392 0.940630 0.339424
0.004451 0.938098 0.346342
0.002195 0.976077 0.217413
0.002195 0.976077 0.217413
0.001531 0.977953 0.208822
0.002392 0.940630 0.339424
0.002619 0.941105 0.338105
0.002392 0.940630 0.339424
0.001531 0.977953 0.208822
0.004854 0.941868 0.335949
0.002619 0.941105 0.338105
0.001531 0.977953 0.208822
0.001531 0.977953 0.208822
0.005944 0.978096 0.208071
0.004854 0.941868 0.335949
0.012046 0.978924 0.203872
0.000370 0.942159 0.335165
0.004823 0.942567 0.333982
0.004823 0.942567 0.333982
0.005944 0.978096 0.208071
0.012046 0.978924 0.203872
0.005944 0.978096 0.208071
0.001531 0.977953 0.208822
0.004210 0.999157 0.040824
0.576797 0.439513 0.688573
0.306227 0.851702 0.425240
0.516121 0.842327 0.155255
0.516121 0.842327 0.155255
0.306227 0.851702 0.425240
0.098000 0.958940 0.266139
0.057458 0.997445 0.042457
0.516121 0.842327 0.155255
0.098000 0.958940 0.266139
0.098000 0.958940 0.266139
0.034819 0.975910 0.215378
0.057458 0.997445 0.042457
0.034819 0.975910 0.215378
0.012046 0.978924 0.203872
0.057458 0.997445 0.042457
0.057458 0.997445 0.042457
0.012046 0.978924 0.203872
0.005944 0.978096 0.208071
0.005944 0.978096 0.208071
0.004210 0.999157 0.040824
0.057458 0.997445 0.042457
0.707822 -0.000000 0.706391
0.220166 -0.000000 0.975462
0.577127 0.390152 0.717430
-0.000627 0.998738 0.050214
-0.047293 0.872903 0.485597
-0.049994 0.997274 0.054275
-0.964250 0.190193 0.184521
-0.953107 0.262816 0.150051
-0.980229 -0.000000 0.197866
-0.980229 -0.000000 0.197866
-0.980658 -0.000000 0.195729
-0.964250 0.190193 0.184521
-0.415357 0.832358 0.366958
-0.669327 0.362942 0.648286
-0.953107 0.262816 0.150051
-0.953107 0.262816 0.150051
-0.584240 0.805640 0.098024
-0.415357 0.832358 0.366958
0.537008 -0.000000 0.843577
0.707822 -0.000000 0.706391
0.577127 0.390152 0.717430
0.577127 0.390152 0.717430
0.524688 0.392338 0.755496
0.537008 -0.000000 0.843577
-0.557166 -0.000000 0.830401
0.537008 -0.000000 0.843577
0.524688 0.392338 0.755496
0.524688 0.392338 0.755496
-0.532129 0.276119 0.800373
-0.557166 -0.000000 0.830401
-0.532129 0.276119 0.800373
-0.964250 0.190193 0.184521
-0.980658 -0.000000 0.195729
-0.980658 -0.000000 0.195729
-0.557166 -0.000000 0.830401
-0.532129 0.276119 0.800373
-0.674493 0.691181 0.259475
-0.964250 0.190193 0.184521
-0.532129 0.276119 0.800373
-0.532129 0.276119 0.800373
0.524688 0.392338 0.755496
0.172082 0.754711 0.633087
0.172082 0.754711 0.633087
-0.288195 0.736823 0.611584
-0.532129 0.276119 0.800373
-0.532129 0.276119 0.800373
-0.288195 0.736823 0.611584
-0.226755 0.947774 0.224291
-0.226755 0.947774 0.224291
-0.674493 0.691181 0.259475
-0.532129 0.276119 0.800373
-0.584240 0.805640 0.098024
-0.953107 0.262816 0.150051
-0.964250 0.190193 0.184521
-0.964250 0.190193 0.184521
-0.674493 0.691181 0.259475
-0.584240 0.805640 0.098024
-0.049994 0.997274 0.054275
-0.105658 0.815200 0.569461
-0.415357 0.832358 0.366958
-0.047293 0.872903 0.485597
-0.105658 0.815200 0.569461
-0.049994 0.997274 0.054275
-0.415357 0.832358 0.366958
-0.584240 0.805640 0.098024
-0.049994 0.997274 0.054275
-0.049994 0.997274 0.054275
-0.584240 0.805640 0.098024
-0.674493 0.691181 0.259475
-0.674493 0.691181 0.259475
-0.226755 0.947774 0.224291
-0.049994 0.997274 0.054275
-0.049994 0.997274 0.054275
0.002132 0.999171 0.040650
-0.000627 0.998738 0.050214
0.003945 0.976347 0.216172
0.006907 0.978201 0.207546
0.002132 0.999171 0.040650
0.002132 0.999171 0.040650
0.001170 0.999166 0.040808
0.003945 0.976347 0.216172
0.001457 0.975959 0.217949
0.003945 0.976347 0.216172
0.001170 0.999166 0.040808
0.001170 0.999166 0.040808
0.000242 0.999025 0.044148
0.001457 0.975959 0.217949
0.002195 0.976077 0.217413
0.001457 0.975959 0.217949
0.000242 0.999025 0.044148
0.000242 0.999025 0.044148
0.000592 0.998940 0.046037
0.002195 0.976077 0.217413
0.000592 0.998940 0.046037
0.004210 0.999157 0.040824
0.001531 0.977953 0.208822
0.001531 0.977953 0.208822
0.002195 0.976077 0.217413
0.000592 0.998940 0.046037
0.155168 0.761650 0.629136
0.004210 0.999157 0.040824
0.000592 0.998940 0.046037
0.000242 0.999025 0.044148
0.002039 0.999957 0.009078
0.155168 0.761650 0.629136
0.155168 0.761650 0.629136
0.000592 0.998940 0.046037
0.000242 0.999025 0.044148
0.577127 0.390152 0.717430
0.220166 -0.000000 0.975462
0.155168 0.761650 0.629136
0.155168 0.761650 0.629136
0.165900 0.942942 0.288681
0.577127 0.390152 0.717430
0.165900 0.942942 0.288681
0.155168 0.761650 0.629136
0.002039 0.999957 0.009078
0.172082 0.754711 0.633087
0.524688 0.392338 0.755496
0.577127 0.390152 0.717430
0.577127 0.390152 0.717430
0.165900 0.942942 0.288681
0.172082 0.754711 0.633087
0.002039 0.999957 0.009078
-0.049994 0.997274 0.054275
-0.226755 0.947774 0.224291
-0.226755 0.947774 0.224291
0.165900 0.942942 0.288681
0.002039 0.999957 0.009078
0.165900 0.942942 0.288681
-0.226755 0.947774 0.224291
-0.288195 0.736823 0.611584
-0.288195 0.736823 0.611584
0.172082 0.754711 0.633087
0.165900 0.942942 0.288681
0.001170 0.999166 0.040808
0.002132 0.999171 0.040650
-0.049994 0.997274 0.054275
-0.049994 0.997274 0.054275
0.002039 0.999957 0.009078
0.001170 0.999166 0.040808
0.000242 0.999025 0.044148
0.001170 0.999166 0.040808
0.002039 0.999957 0.009078
0.067648 0.726482 0.683848
0.454323 0.613973 0.645468
0.516121 0.842327 0.155255
0.516121 0.842327 0.155255
0.057458 0.997445 0.042457
0.067648 0.726482 0.683848
0.057458 0.997445 0.042457
0.004210 0.999157 0.040824
0.155168 0.761650 0.629136
0.155168 0.761650 0.629136
0.067648 0.726482 0.683848
0.057458 0.997445 0.042457
0.680918 0.244519 0.690334
0.581917 0.089523 0.808306
0.950824 0.148768 0.271664
0.950824 0.148768 0.271664
0.913011 0.297522 0.279092
0.680918 0.244519 0.690334
0.680918 0.244519 0.690334
0.913011 0.297522 0.279092
0.516121 0.842327 0.155255
0.516121 0.842327 0.155255
0.454323 0.613973 0.645468
0.680918 0.244519 0.690334
0.007706 -0.000000 0.999970
0.155168 0.761650 0.629136
0.220166 -0.000000 0.975462
0.721979 0.054695 0.689749
0.581917 0.089523 0.808306
0.680918 0.244519 0.690334
0.680918 0.244519 0.690334
0.007706 -0.000000 0.999970
0.721979 0.054695 0.689749
0.957451 0.071652 0.279558
0.950824 0.148768 0.271664
0.581917 0.089523 0.808306
0.581917 0.089523 0.808306
0.721979 0.054695 0.689749
0.957451 0.071652 0.279558
0.699452 0.000000 0.714680
0.962725 0.000000 0.270481
0.957451 0.071652 0.279558
0.957451 0.071652 0.279558
0.721979 0.054695 0.689749
0.699452 0.000000 0.714680
0.721979 0.054695 0.689749
0.007706 -0.000000 0.999970
0.699452 0.000000 0.714680
0.680918 0.244519 0.690334
0.454323 0.613973 0.645468
0.067648 0.726482 0.683848
0.067648 0.726482 0.683848
0.007706 -0.000000 0.999970
0.680918 0.244519 0.690334
-0.036051 -0.015434 0.999231
-0.033511 -0.017049 0.999293
-0.063769 -0.053689 0.996519
-0.063769 -0.053689 0.996519
-0.075650 -0.052971 0.995726
-0.036051 -0.015434 0.999231
-0.022734 -0.006084 0.999723
-0.018281 -0.007927 0.999802
-0.033511 -0.017049 0.999293
-0.033511 -0.017049 0.999293
-0.036051 -0.015434 0.999231
-0.022734 -0.006084 0.999723
0.704123 -0.059283 0.707599
0.506499 -0.042957 0.861170
0.548219 0.000000 0.836335
0.548219 0.000000 0.836335
0.727686 0.000000 0.685910
0.704123 -0.059283 0.707599
-0.018281 -0.007927 0.999802
-0.022734 -0.006084 0.999723
0.014654 0.000000 0.999893
0.014654 0.000000 0.999893
0.021592 0.000000 0.999767
-0.018281 -0.007927 0.999802
0.679830 -0.107238 0.725487
0.444397 -0.068674 0.893194
0.506499 -0.042957 0.861170
0.506499 -0.042957 0.861170
0.704123 -0.059283 0.707599
0.679830 -0.107238 0.725487
0.444397 -0.068674 0.893194
0.679830 -0.107238 0.725487
0.669627 -0.195687 0.716454
0.669627 -0.195687 0.716454
0.434431 -0.155511 0.887179
0.444397 -0.068674 0.893194
0.704123 -0.059283 0.707599
0.957451 -0.071652 0.279558
0.950824 -0.148768 0.271665
0.950824 -0.148768 0.271665
0.679830 -0.107238 0.725487
0.704123 -0.059283 0.707599
0.957451 -0.071652 0.279558
0.704123 -0.059283 0.707599
0.727686 0.000000 0.685910
0.727686 0.000000 0.685910
0.962725 0.000000 0.270481
0.957451 -0.071652 0.279558
-0.174024 -0.260859 0.949562
-0.227537 -0.186440 0.955755
-0.075650 -0.052971 0.995726
-0.075650 -0.052971 0.995726
-0.063769 -0.053689 0.996519
-0.174024 -0.260859 0.949562
-0.523848 -0.570500 0.632544
-0.521298 -0.569270 0.635751
-0.443513 -0.519112 0.730629
-0.443513 -0.519112 0.730629
-0.442407 -0.511518 0.736631
-0.523848 -0.570500 0.632544
-0.345586 -0.480232 0.806193
-0.339326 -0.470236 0.814700
-0.442407 -0.511518 0.736631
-0.442407 -0.511518 0.736631
-0.443513 -0.519112 0.730629
-0.345586 -0.480232 0.806193
-0.219725 -0.420716 0.880181
-0.221545 -0.427179 0.876605
-0.125250 -0.403072 0.906557
-0.125250 -0.403072 0.906557
-0.131332 -0.406349 0.904230
-0.219725 -0.420716 0.880181
-0.221545 -0.427179 0.876605
-0.219725 -0.420716 0.880181
-0.339326 -0.470236 0.814700
-0.339326 -0.470236 0.814700
-0.345586 -0.480232 0.806193
-0.221545 -0.427179 0.876605
-0.474378 -0.302810 0.826602
-0.429262 -0.446917 0.784856
-0.543767 -0.569055 0.616842
-0.543767 -0.569055 0.616842
-0.559700 -0.476293 0.678145
-0.474378 -0.302810 0.826602
-0.429262 -0.446917 0.784856
-0.474378 -0.302810 0.826602
-0.227537 -0.186440 0.955755
-0.227537 -0.186440 0.955755
-0.174024 -0.260859 0.949562
-0.429262 -0.446917 0.784856
-0.563126 -0.596159 0.572262
-0.561873 -0.593747 0.575988
-0.521298 -0.569270 0.635751
-0.521298 -0.569270 0.635751
-0.523848 -0.570500 0.632544
-0.563126 -0.596159 0.572262
-0.561873 -0.593747 0.575988
-0.563126 -0.596159 0.572262
-0.559700 -0.476293 0.678145
-0.559700 -0.476293 0.678145
-0.543767 -0.569055 0.616842
-0.561873 -0.593747 0.575988
0.000967 -0.420469 0.907307
-0.000259 -0.418912 0.908027
0.019326 -0.505678 0.862506
0.019326 -0.505678 0.862506
0.019843 -0.510886 0.859419
0.000967 -0.420469 0.907307
-0.024180 -0.448637 0.893387
-0.022032 -0.446500 0.894513
-0.000259 -0.418912 0.908027
-0.000259 -0.418912 0.908027
0.000967 -0.420469 0.907307
-0.024180 -0.448637 0.893387
-0.026945 -0.429155 0.902829
-0.024744 -0.424910 0.904897
-0.022032 -0.446500 0.894513
-0.022032 -0.446500 0.894513
-0.024180 -0.448637 0.893387
-0.026945 -0.429155 0.902829
-0.042823 -0.425025 0.904168
-0.045521 -0.428682 0.902308
-0.024744 -0.424910 0.904897
-0.024744 -0.424910 0.904897
-0.026945 -0.429155 0.902829
-0.042823 -0.425025 0.904168
-0.060790 -0.444507 0.893710
-0.060483 -0.443389 0.894286
-0.045521 -0.428682 0.902308
-0.045521 -0.428682 0.902308
-0.042823 -0.425025 0.904168
-0.060790 -0.444507 0.893710
-0.065836 -0.420657 0.904828
-0.066032 -0.416298 0.906827
-0.060483 -0.443389 0.894286
-0.060483 -0.443389 0.894286
-0.060790 -0.444507 0.893710
-0.065836 -0.420657 0.904828
-0.091543 -0.418592 0.903549
-0.091712 -0.416189 0.904641
-0.066032 -0.416298 0.906827
-0.066032 -0.416298 0.906827
-0.065836 -0.420657 0.904828
-0.091543 -0.418592 0.903549
-0.091712 -0.416189 0.904641
-0.091543 -0.418592 0.903549
-0.131332 -0.406349 0.904230
-0.131332 -0.406349 0.904230
-0.125250 -0.403072 0.906557
-0.091712 -0.416189 0.904641
0.004823 -0.942567 0.333981
0.005944 -0.978096 0.208071
0.004854 -0.941868 0.335949
0.031005 -0.548670 0.835464
0.031482 -0.548420 0.835610
0.019843 -0.510886 0.859419
0.019843 -0.510886 0.859419
0.019326 -0.505678 0.862506
0.031005 -0.548670 0.835464
0.049048 -0.532553 0.844974
0.050770 -0.532001 0.845220
0.031482 -0.548420 0.835610
0.031482 -0.548420 0.835610
0.031005 -0.548670 0.835464
0.049048 -0.532553 0.844974
0.049048 -0.532553 0.844974
0.065331 -0.519031 0.852255
0.066320 -0.520143 0.851500
0.066320 -0.520143 0.851500
0.050770 -0.532001 0.845220
0.049048 -0.532553 0.844974
0.065331 -0.519031 0.852255
0.085238 -0.523166 0.847957
0.086275 -0.524929 0.846762
0.086275 -0.524929 0.846762
0.066320 -0.520143 0.851500
0.065331 -0.519031 0.852255
0.085238 -0.523166 0.847957
0.100873 -0.507188 0.855912
0.106325 -0.514564 0.850834
0.106325 -0.514564 0.850834
0.086275 -0.524929 0.846762
0.085238 -0.523166 0.847957
0.100873 -0.507188 0.855912
0.129455 -0.481789 0.866672
0.129738 -0.488317 0.862969
0.129738 -0.488317 0.862969
0.106325 -0.514564 0.850834
0.100873 -0.507188 0.855912
0.129455 -0.481789 0.866672
0.154068 -0.468182 0.870097
0.155451 -0.474372 0.866491
0.155451 -0.474372 0.866491
0.129738 -0.488317 0.862969
0.129455 -0.481789 0.866672
0.154068 -0.468182 0.870097
0.189937 -0.451811 0.871660
0.191702 -0.454956 0.869635
0.191702 -0.454956 0.869635
0.155451 -0.474372 0.866491
0.154068 -0.468182 0.870097
0.189937 -0.451811 0.871660
0.220245 -0.461849 0.859179
0.221301 -0.463777 0.857868
0.221301 -0.463777 0.857868
0.191702 -0.454956 0.869635
0.189937 -0.451811 0.871660
0.220245 -0.461849 0.859179
0.244763 -0.460698 0.853140
0.249254 -0.462594 0.850811
0.249254 -0.462594 0.850811
0.221301 -0.463777 0.857868
0.220245 -0.461849 0.859179
0.244763 -0.460698 0.853140
0.286369 -0.485215 0.826171
0.287010 -0.484503 0.826366
0.287010 -0.484503 0.826366
0.249254 -0.462594 0.850811
0.244763 -0.460698 0.853140
0.286369 -0.485215 0.826171
0.331792 -0.498471 0.800900
0.334408 -0.500835 0.798333
0.334408 -0.500835 0.798333
0.287010 -0.484503 0.826366
0.286369 -0.485215 0.826171
0.067444 -0.028093 0.997328
0.072091 -0.028592 0.996988
0.040875 0.000000 0.999164
0.040875 0.000000 0.999164
0.036032 0.000000 0.999351
0.067444 -0.028093 0.997328
0.103518 -0.105379 0.989029
0.112932 -0.109089 0.987596
0.072091 -0.028592 0.996988
0.072091 -0.028592 0.996988
0.067444 -0.028093 0.997328
0.103518 -0.105379 0.989029
0.225592 -0.303680 0.925682
0.247126 -0.299318 0.921595
0.112932 -0.109089 0.987596
0.112932 -0.109089 0.987596
0.103518 -0.105379 0.989029
0.225592 -0.303680 0.925682
0.388320 -0.514738 0.764364
0.413297 -0.522763 0.745590
0.247126 -0.299318 0.921595
0.247126 -0.299318 0.921595
0.225592 -0.303680 0.925682
0.388320 -0.514738 0.764364
0.453461 -0.585131 0.672306
0.452276 -0.582391 0.675476
0.413297 -0.522763 0.745590
0.413297 -0.522763 0.745590
0.388320 -0.514738 0.764364
0.453461 -0.585131 0.672306
0.409382 -0.547351 0.729941
0.398703 -0.542527 0.739392
0.452276 -0.582391 0.675476
0.452276 -0.582391 0.675476
0.453461 -0.585131 0.672306
0.409382 -0.547351 0.729941
0.331792 -0.498471 0.800900
0.398703 -0.542527 0.739392
0.409382 -0.547351 0.729941
0.409382 -0.547351 0.729941
0.334408 -0.500835 0.798333
0.331792 -0.498471 0.800900
-0.000159 -0.940905 0.338671
0.012046 -0.978924 0.203871
0.000370 -0.942159 0.335165
0.034819 -0.975910 0.215378
0.012046 -0.978924 0.203871
-0.000159 -0.940905 0.338671
-0.000159 -0.940905 0.338671
-0.001551 -0.936883 0.349639
0.034819 -0.975910 0.215378
0.191928 -0.680925 0.706756
0.306227 -0.851702 0.425239
0.085756 -0.867270 0.490397
0.306227 -0.851702 0.425239
0.050912 -0.912472 0.405959
0.085756 -0.867270 0.490397
0.050912 -0.912472 0.405959
0.098000 -0.958940 0.266139
0.034595 -0.930923 0.363573
0.098000 -0.958940 0.266139
0.050912 -0.912472 0.405959
0.306227 -0.851702 0.425239
0.098000 -0.958940 0.266139
0.024522 -0.931998 0.361633
0.037841 -0.930899 0.363310
0.037841 -0.930899 0.363310
0.034595 -0.930923 0.363573
0.098000 -0.958940 0.266139
0.098000 -0.958940 0.266139
0.000516 -0.932755 0.360510
0.024522 -0.931998 0.361633
0.098000 -0.958940 0.266139
0.034819 -0.975910 0.215378
-0.001551 -0.936883 0.349639
-0.001551 -0.936883 0.349639
0.000516 -0.932755 0.360510
0.098000 -0.958940 0.266139
0.950824 -0.148768 0.271665
0.913011 -0.297522 0.279092
0.669627 -0.195687 0.716454
0.669627 -0.195687 0.716454
0.679830 -0.107238 0.725487
0.950824 -0.148768 0.271665
0.576798 -0.439514 0.688572
0.191928 -0.680925 0.706756
0.332643 -0.406146 0.851113
0.913011 -0.297522 0.279092
0.576798 -0.439514 0.688572
0.669627 -0.195687 0.716454
0.576798 -0.439514 0.688572
0.332643 -0.406146 0.851113
0.434431 -0.155511 0.887179
0.434431 -0.155511 0.887179
0.669627 -0.195687 0.716454
0.576798 -0.439514 0.688572
0.191928 -0.680925 0.706756
0.576798 -0.439514 0.688572
0.306227 -0.851702 0.425239
0.516121 -0.842327 0.155255
0.576798 -0.439514 0.688572
0.913011 -0.297522 0.279092
-0.953107 -0.262816 0.150051
-0.980229 -0.000000 0.197866
-0.700780 -0.000000 0.713377
-0.700780 -0.000000 0.713377
-0.669327 -0.362942 0.648286
-0.953107 -0.262816 0.150051
-0.011561 -0.296338 0.955013
0.000000 -0.000000 1.000000
-0.000180 -0.000000 1.000000
-0.000180 -0.000000 1.000000
-0.079056 -0.301049 0.950326
-0.011561 -0.296338 0.955013
-0.165260 -0.284230 0.944406
-0.187684 -0.000000 0.982230
0.000000 -0.000000 1.000000
0.000000 -0.000000 1.000000
-0.011561 -0.296338 0.955013
-0.165260 -0.284230 0.944406
-0.187684 -0.000000 0.982230
-0.165260 -0.284230 0.944406
-0.669327 -0.362942 0.648286
-0.669327 -0.362942 0.648286
-0.700780 -0.000000 0.713377
-0.187684 -0.000000 0.982230
-0.105658 -0.815200 0.569461
-0.415357 -0.832358 0.366958
-0.669327 -0.362942 0.648286
-0.669327 -0.362942 0.648286
-0.165260 -0.284230 0.944406
-0.105658 -0.815200 0.569461
-0.229292 -0.816247 0.530250
-0.079056 -0.301049 0.950326
-0.251449 -0.244694 0.936428
-0.251449 -0.244694 0.936428
-0.649716 -0.562033 0.511848
-0.229292 -0.816247 0.530250
-0.047293 -0.872903 0.485596
-0.011561 -0.296338 0.955013
-0.079056 -0.301049 0.950326
-0.079056 -0.301049 0.950326
-0.229292 -0.816247 0.530250
-0.047293 -0.872903 0.485596
-0.047293 -0.872903 0.485596
-0.165260 -0.284230 0.944406
-0.011561 -0.296338 0.955013
-0.047293 -0.872903 0.485596
-0.105658 -0.815200 0.569461
-0.165260 -0.284230 0.944406
-0.200699 -0.021546 0.979416
-0.000180 -0.000000 1.000000
-0.182494 -0.000000 0.983207
-0.236736 -0.083923 0.967943
-0.000180 -0.000000 1.000000
-0.200699 -0.021546 0.979416
-0.000180 -0.000000 1.000000
-0.236736 -0.083923 0.967943
-0.251449 -0.244694 0.936428
-0.251449 -0.244694 0.936428
-0.079056 -0.301049 0.950326
-0.000180 -0.000000 1.000000
-0.922593 -0.081542 0.377059
-0.957325 -0.071080 0.280136
-0.938099 -0.200676 0.282311
-0.938099 -0.200676 0.282311
-0.910879 -0.235311 0.339011
-0.922593 -0.081542 0.377059
-0.677015 -0.066465 0.732962
-0.922593 -0.081542 0.377059
-0.910879 -0.235311 0.339011
-0.910879 -0.235311 0.339011
-0.712700 -0.214294 0.667935
-0.677015 -0.066465 0.732962
-0.922593 -0.081542 0.377059
-0.677015 -0.066465 0.732962
-0.656879 -0.000000 0.753996
-0.656879 -0.000000 0.753996
-0.926390 -0.000000 0.376566
-0.922593 -0.081542 0.377059
-0.957325 -0.071080 0.280136
-0.922593 -0.081542 0.377059
-0.926390 -0.000000 0.376566
-0.926390 -0.000000 0.376566
-0.963058 0.000000 0.269293
-0.957325 -0.071080 0.280136
-0.677015 -0.066465 0.732962
-0.200699 -0.021546 0.979416
-0.182494 -0.000000 0.983207
-0.182494 -0.000000 0.983207
-0.656879 -0.000000 0.753996
-0.677015 -0.066465 0.732962
-0.200699 -0.021546 0.979416
-0.677015 -0.066465 0.732962
-0.712700 -0.214294 0.667935
-0.712700 -0.214294 0.667935
-0.236736 -0.083923 0.967943
-0.200699 -0.021546 0.979416
-0.846500 -0.438971 0.301235
-0.753215 -0.610839 0.244013
-0.910879 -0.235311 0.339011
-0.910879 -0.235311 0.339011
-0.938099 -0.200676 0.282311
-0.846500 -0.438971 0.301235
-0.753215 -0.610839 0.244013
-0.649716 -0.562033 0.511848
-0.712700 -0.214294 0.667935
-0.712700 -0.214294 0.667935
-0.910879 -0.235311 0.339011
-0.753215 -0.610839 0.244013
-0.629056 -0.740386 0.236890
-0.753215 -0.610839 0.244013
-0.846500 -0.438971 0.301235
-0.649716 -0.562033 0.511848
-0.251449 -0.244694 0.936428
-0.236736 -0.083923 0.967943
-0.236736 -0.083923 0.967943
-0.712700 -0.214294 0.667935
-0.649716 -0.562033 0.511848
-0.476555 -0.858645 0.188740
-0.446316 -0.883560 0.141859
-0.753215 -0.610839 0.244013
-0.753215 -0.610839 0.244013
-0.629056 -0.740386 0.236890
-0.476555 -0.858645 0.188740
-0.348896 -0.925589 0.146821
-0.446316 -0.883560 0.141859
-0.476555 -0.858645 0.188740
-0.292939 -0.946436 0.135814
-0.229292 -0.816247 0.530250
-0.649716 -0.562033 0.511848
-0.257047 -0.963464 0.075262
-0.274173 -0.953787 0.122959
-0.209467 -0.971715 0.109057
-0.257047 -0.963464 0.075262
-0.446316 -0.883560 0.141859
-0.348896 -0.925589 0.146821
-0.348896 -0.925589 0.146821
-0.274173 -0.953787 0.122959
-0.257047 -0.963464 0.075262
-0.257047 -0.963464 0.075262
-0.292939 -0.946436 0.135814
-0.446316 -0.883560 0.141859
-0.446316 -0.883560 0.141859
-0.292939 -0.946436 0.135814
-0.649716 -0.562033 0.511848
-0.649716 -0.562033 0.511848
-0.753215 -0.610839 0.244013
-0.446316 -0.883560 0.141859
-0.167038 -0.978946 0.117315
-0.101390 -0.990120 0.096862
-0.257047 -0.963464 0.075262
-0.257047 -0.963464 0.075262
-0.209467 -0.971715 0.109057
-0.167038 -0.978946 0.117315
-0.101390 -0.990120 0.096862
-0.167038 -0.978946 0.117315
-0.141243 -0.982325 0.122829
-0.044446 -0.997037 0.062776
-0.047293 -0.872903 0.485596
-0.229292 -0.816247 0.530250
-0.229292 -0.816247 0.530250
-0.292939 -0.946436 0.135814
-0.044446 -0.997037 0.062776
-0.063324 -0.978690 0.195338
-0.006947 -0.990720 0.135741
-0.101390 -0.990120 0.096862
-0.101390 -0.990120 0.096862
-0.141243 -0.982325 0.122829
-0.063324 -0.978690 0.195338
-0.006947 -0.990720 0.135741
-0.044446 -0.997037 0.062776
-0.101390 -0.990120 0.096862
-0.006947 -0.990720 0.135741
-0.063324 -0.978690 0.195338
-0.029003 -0.966051 0.256718
-0.101390 -0.990120 0.096862
-0.044446 -0.997037 0.062776
-0.292939 -0.946436 0.135814
-0.292939 -0.946436 0.135814
-0.257047 -0.963464 0.075262
-0.101390 -0.990120 0.096862
0.000015 -0.983885 0.178800
-0.025854 -0.955051 0.295312
-0.018420 -0.953934 0.299451
0.000015 -0.983885 0.178800
-0.006947 -0.990720 0.135741
-0.029003 -0.966051 0.256718
-0.029003 -0.966051 0.256718
-0.025854 -0.955051 0.295312
0.000015 -0.983885 0.178800
0.000015 -0.983885 0.178800
-0.000627 -0.998738 0.050214
-0.044446 -0.997037 0.062776
-0.044446 -0.997037 0.062776
-0.006947 -0.990720 0.135741
0.000015 -0.983885 0.178800
-0.000627 -0.998738 0.050214
-0.047293 -0.872903 0.485596
-0.044446 -0.997037 0.062776
0.002268 -0.946514 0.322656
0.006907 -0.978201 0.207546
0.000015 -0.983885 0.178800
0.000015 -0.983885 0.178800
-0.018420 -0.953934 0.299451
0.002268 -0.946514 0.322656
0.006907 -0.978201 0.207546
0.002132 -0.999171 0.040649
-0.000627 -0.998738 0.050214
-0.000627 -0.998738 0.050214
0.000015 -0.983885 0.178800
0.006907 -0.978201 0.207546
0.006907 -0.978201 0.207546
0.002268 -0.946514 0.322656
-0.002120 -0.941241 0.337729
0.003945 -0.976347 0.216172
0.002961 -0.935142 0.354262
0.003643 -0.935737 0.352678
0.003643 -0.935737 0.352678
0.001457 -0.975959 0.217949
0.003945 -0.976347 0.216172
0.006443 -0.937246 0.348608
0.003945 -0.976347 0.216172
0.006907 -0.978201 0.207546
0.006907 -0.978201 0.207546
-0.002120 -0.941241 0.337729
0.006443 -0.937246 0.348608
0.003945 -0.976347 0.216172
0.006443 -0.937246 0.348608
0.002961 -0.935142 0.354262
0.004451 -0.938098 0.346342
0.002195 -0.976077 0.217412
0.001457 -0.975959 0.217949
0.001457 -0.975959 0.217949
0.003643 -0.935737 0.352678
0.004451 -0.938098 0.346342
0.002392 -0.940631 0.339424
0.001531 -0.977953 0.208821
0.002195 -0.976077 0.217412
0.002195 -0.976077 0.217412
0.004451 -0.938098 0.346342
0.002392 -0.940631 0.339424
0.002619 -0.941105 0.338105
0.001531 -0.977953 0.208821
0.002392 -0.940631 0.339424
0.004854 -0.941868 0.335949
0.005944 -0.978096 0.208071
0.001531 -0.977953 0.208821
0.001531 -0.977953 0.208821
0.002619 -0.941105 0.338105
0.004854 -0.941868 0.335949
0.012046 -0.978924 0.203871
0.005944 -0.978096 0.208071
0.004823 -0.942567 0.333981
0.004823 -0.942567 0.333981
0.000370 -0.942159 0.335165
0.012046 -0.978924 0.203871
0.005944 -0.978096 0.208071
0.004210 -0.999157 0.040824
0.001531 -0.977953 0.208821
0.576798 -0.439514 0.688572
0.516121 -0.842327 0.155255
0.306227 -0.851702 0.425239
0.516121 -0.842327 0.155255
0.098000 -0.958940 0.266139
0.306227 -0.851702 0.425239
0.057458 -0.997445 0.042457
0.034819 -0.975910 0.215378
0.098000 -0.958940 0.266139
0.098000 -0.958940 0.266139
0.516121 -0.842327 0.155255
0.057458 -0.997445 0.042457
0.034819 -0.975910 0.215378
0.057458 -0.997445 0.042457
0.012046 -0.978924 0.203871
0.057458 -0.997445 0.042457
0.004210 -0.999157 0.040824
0.005944 -0.978096 0.208071
0.005944 -0.978096 0.208071
0.012046 -0.978924 0.203871
0.057458 -0.997445 0.042457
0.707822 -0.000000 0.706391
0.577127 -0.390152 0.717430
0.220166 -0.000000 0.975462
-0.000627 -0.998738 0.050214
-0.049994 -0.997274 0.054274
-0.047293 -0.872903 0.485596
-0.964250 -0.190193 0.184521
-0.980658 -0.000000 0.195729
-0.980229 -0.000000 0.197866
-0.980229 -0.000000 0.197866
-0.953107 -0.262816 0.150051
-0.964250 -0.190193 0.184521
-0.415357 -0.832358 0.366958
-0.584240 -0.805639 0.098023
-0.953107 -0.262816 0.150051
-0.953107 -0.262816 0.150051
-0.669327 -0.362942 0.648286
-0.415357 -0.832358 0.366958
0.537008 -0.000000 0.843577
0.524688 -0.392338 0.755496
0.577127 -0.390152 0.717430
0.577127 -0.390152 0.717430
0.707822 -0.000000 0.706391
0.537008 -0.000000 0.843577
-0.557166 -0.000000 0.830401
-0.532129 -0.276119 0.800373
0.524688 -0.392338 0.755496
0.524688 -0.392338 0.755496
0.537008 -0.000000 0.843577
-0.557166 -0.000000 0.830401
-0.532129 -0.276119 0.800373
-0.557166 -0.000000 0.830401
-0.980658 -0.000000 0.195729
-0.980658 -0.000000 0.195729
-0.964250 -0.190193 0.184521
-0.532129 -0.276119 0.800373
-0.674493 -0.691181 0.259475
-0.532129 -0.276119 0.800373
-0.964250 -0.190193 0.184521
-0.532129 -0.276119 0.800373
-0.288195 -0.736823 0.611584
0.172082 -0.754711 0.633087
0.172082 -0.754711 0.633087
0.524688 -0.392338 0.755496
-0.532129 -0.276119 0.800373
-0.532129 -0.276119 0.800373
-0.674493 -0.691181 0.259475
-0.226755 -0.947774 0.224291
-0.226755 -0.947774 0.224291
-0.288195 -0.736823 0.611584
-0.532129 -0.276119 0.800373
-0.584240 -0.805639 0.098023
-0.674493 -0.691181 0.259475
-0.964250 -0.190193 0.184521
-0.964250 -0.190193 0.184521
-0.953107 -0.262816 0.150051
-0.584240 -0.805639 0.098023
-0.049994 -0.997274 0.054274
-0.415357 -0.832358 0.366958
-0.105658 -0.815200 0.569461
-0.047293 -0.872903 0.485596
-0.049994 -0.997274 0.054274
-0.105658 -0.815200 0.569461
-0.415357 -0.832358 0.366958
-0.049994 -0.997274 0.054274
-0.584240 -0.805639 0.098023
-0.049994 -0.997274 0.054274
-0.226755 -0.947774 0.224291
-0.674493 -0.691181 0.259475
-0.674493 -0.691181 0.259475
-0.584240 -0.805639 0.098023
-0.049994 -0.997274 0.054274
-0.049994 -0.997274 0.054274
-0.000627 -0.998738 0.050214
0.002132 -0.999171 0.040649
0.003945 -0.976347 0.216172
0.001170 -0.999166 0.040808
0.002132 -0.999171 0.040649
0.002132 -0.999171 0.040649
0.006907 -0.978201 0.207546
0.003945 -0.976347 0.216172
0.001457 -0.975959 0.217949
-0.000004 -0.999051 0.043552
0.001170 -0.999166 0.040808
0.001170 -0.999166 0.040808
0.003945 -0.976347 0.216172
0.001457 -0.975959 0.217949
0.002195 -0.976077 0.217412
0.000859 -0.998973 0.045298
-0.000004 -0.999051 0.043552
-0.000004 -0.999051 0.043552
0.001457 -0.975959 0.217949
0.002195 -0.976077 0.217412
0.000859 -0.998973 0.045298
0.002195 -0.976077 0.217412
0.001531 -0.977953 0.208821
0.001531 -0.977953 0.208821
0.004210 -0.999157 0.040824
0.000859 -0.998973 0.045298
0.155195 -0.761644 0.629137
0.000859 -0.998973 0.045298
0.004210 -0.999157 0.040824
0.000859 -0.998973 0.045298
0.155195 -0.761644 0.629137
0.002011 -0.999957 0.009084
0.002011 -0.999957 0.009084
-0.000004 -0.999051 0.043552
0.000859 -0.998973 0.045298
0.577127 -0.390152 0.717430
0.165900 -0.942942 0.288681
0.155195 -0.761644 0.629137
0.155195 -0.761644 0.629137
0.220166 -0.000000 0.975462
0.577127 -0.390152 0.717430
0.172082 -0.754711 0.633087
0.165900 -0.942942 0.288681
0.577127 -0.390152 0.717430
0.577127 -0.390152 0.717430
0.524688 -0.392338 0.755496
0.172082 -0.754711 0.633087
0.002011 -0.999957 0.009084
0.165900 -0.942942 0.288681
-0.226755 -0.947774 0.224291
-0.226755 -0.947774 0.224291
-0.049994 -0.997274 0.054274
0.002011 -0.999957 0.009084
0.165900 -0.942942 0.288681
0.172082 -0.754711 0.633087
-0.288195 -0.736823 0.611584
-0.288195 -0.736823 0.611584
-0.226755 -0.947774 0.224291
0.165900 -0.942942 0.288681
0.001170 -0.999166 0.040808
0.002011 -0.999957 0.009084
-0.049994 -0.997274 0.054274
-0.049994 -0.997274 0.054274
0.002132 -0.999171 0.040649
0.001170 -0.999166 0.040808
-0.000004 -0.999051 0.043552
0.002011 -0.999957 0.009084
0.001170 -0.999166 0.040808
0.067648 -0.726482 0.683848
0.057458 -0.997445 0.042457
0.516121 -0.842327 0.155255
0.516121 -0.842327 0.155255
0.454323 -0.613973 0.645468
0.067648 -0.726482 0.683848
0.057458 -0.997445 0.042457
0.067648 -0.726482 0.683848
0.155195 -0.761644 0.629137
0.155195 -0.761644 0.629137
0.004210 -0.999157 0.040824
0.057458 -0.997445 0.042457
0.680918 -0.244519 0.690334
0.913011 -0.297522 0.279092
0.950824 -0.148768 0.271665
0.950824 -0.148768 0.271665
0.581922 -0.089524 0.808302
0.680918 -0.244519 0.690334
0.680918 -0.244519 0.690334
0.454323 -0.613973 0.645468
0.516121 -0.842327 0.155255
0.516121 -0.842327 0.155255
0.913011 -0.297522 0.279092
0.680918 -0.244519 0.690334
0.007706 -0.000000 0.999970
0.155195 -0.761644 0.629137
0.067648 -0.726482 0.683848
0.721979 -0.054695 0.689749
0.007706 -0.000000 0.999970
0.680918 -0.244519 0.690334
0.680918 -0.244519 0.690334
0.581922 -0.089524 0.808302
0.721979 -0.054695 0.689749
0.957451 -0.071652 0.279558
0.721979 -0.054695 0.689749
0.581922 -0.089524 0.808302
0.581922 -0.089524 0.808302
0.950824 -0.148768 0.271665
0.957451 -0.071652 0.279558
0.699452 0.000000 0.714680
0.721979 -0.054695 0.689749
0.957451 -0.071652 0.279558
0.957451 -0.071652 0.279558
0.962725 0.000000 0.270481
0.699452 0.000000 0.714680
0.721979 -0.054695 0.689749
0.699452 0.000000 0.714680
0.007706 -0.000000 0.999970
0.680918 -0.244519 0.690334
0.007706 -0.000000 0.999970
0.067648 -0.726482 0.683848
0.067648 -0.726482 0.683848
0.454323 -0.613973 0.645468
0.680918 -0.244519 0.690334
0.007706 -0.000000 0.999970
0.067648 0.726482 0.683848
0.155168 0.761650 0.629136
0.007706 -0.000000 0.999970
0.220166 -0.000000 0.975462
0.155195 -0.761644 0.629137
0.155195 -0.761644 0.629137
0.165900 -0.942942 0.288681
0.002011 -0.999957 0.009084
0.607875 0.793941 0.012115
0.448334 0.893836 0.007396
0.454548 0.889281 0.050660
0.454548 0.889281 0.050660
0.613470 0.787809 0.054873
0.607875 0.793941 0.012115
0.742505 -0.667725 0.053198
0.740172 -0.668982 0.067891
0.612773 -0.786914 0.072633
0.612773 -0.786914 0.072633
0.613756 -0.787618 0.054415
0.742505 -0.667725 0.053198
0.742505 -0.667725 0.053198
0.613756 -0.787618 0.054415
0.608948 -0.793115 0.012249
0.608948 -0.793115 0.012249
0.742103 -0.670184 0.011665
0.742505 -0.667725 0.053198
0.613470 0.787809 0.054873
0.612466 0.786894 0.075393
0.741824 0.667066 0.068710
0.741824 0.667066 0.068710
0.744653 0.665353 0.052894
0.613470 0.787809 0.054873
0.743503 0.668607 0.012967
0.607875 0.793941 0.012115
0.613470 0.787809 0.054873
0.613470 0.787809 0.054873
0.744653 0.665353 0.052894
0.743503 0.668607 0.012967
0.822863 -0.566007 0.050321
0.822179 -0.564914 0.069955
0.740172 -0.668982 0.067891
0.740172 -0.668982 0.067891
0.742505 -0.667725 0.053198
0.822863 -0.566007 0.050321
0.822863 -0.566007 0.050321
0.742505 -0.667725 0.053198
0.742103 -0.670184 0.011665
0.742103 -0.670184 0.011665
0.824254 -0.566164 0.007962
0.822863 -0.566007 0.050321
0.744653 0.665353 0.052894
0.741824 0.667066 0.068710
0.821691 0.565720 0.069174
0.821691 0.565720 0.069174
0.822199 0.567050 0.049438
0.744653 0.665353 0.052894
0.824884 0.565234 0.008792
0.743503 0.668607 0.012967
0.744653 0.665353 0.052894
0.744653 0.665353 0.052894
0.822199 0.567050 0.049438
0.824884 0.565234 0.008792
0.875833 -0.480114 0.049067
0.875386 -0.478389 0.069591
0.822179 -0.564914 0.069955
0.822179 -0.564914 0.069955
0.822863 -0.566007 0.050321
0.875833 -0.480114 0.049067
0.875833 -0.480114 0.049067
0.822863 -0.566007 0.050321
0.824254 -0.566164 0.007962
0.824254 -0.566164 0.007962
0.877531 -0.479508 0.003396
0.875833 -0.480114 0.049067
0.822199 0.567050 0.049438
0.821691 0.565720 0.069174
0.874590 0.479609 0.071182
0.874590 0.479609 0.071182
0.875756 0.480444 0.047176
0.822199 0.567050 0.049438
0.877578 0.479427 0.002584
0.824884 0.565234 0.008792
0.822199 0.567050 0.049438
0.822199 0.567050 0.049438
0.875756 0.480444 0.047176
0.877578 0.479427 0.002584
0.201494 -0.973416 0.108910
0.142411 -0.969914 0.197449
0.239230 -0.958566 0.154664
0.252220 0.950237 0.182850
0.172846 0.976286 0.130344
0.203305 0.973037 0.108927
0.455756 -0.888552 0.052547
0.613756 -0.787618 0.054415
0.612773 -0.786914 0.072633
0.612773 -0.786914 0.072633
0.453215 -0.888035 0.077390
0.455756 -0.888552 0.052547
0.365559 -0.926914 0.084837
0.380690 -0.923045 0.055351
0.455756 -0.888552 0.052547
0.455756 -0.888552 0.052547
0.453215 -0.888035 0.077390
0.365559 -0.926914 0.084837
0.452309 0.888364 0.078910
0.612466 0.786894 0.075393
0.613470 0.787809 0.054873
0.613470 0.787809 0.054873
0.454548 0.889281 0.050660
0.452309 0.888364 0.078910
0.452309 0.888364 0.078910
0.454548 0.889281 0.050660
0.379416 0.923636 0.054222
0.379416 0.923636 0.054222
0.363853 0.927516 0.085584
0.452309 0.888364 0.078910
0.449326 -0.893346 0.006176
0.608948 -0.793115 0.012249
0.613756 -0.787618 0.054415
0.613756 -0.787618 0.054415
0.455756 -0.888552 0.052547
0.449326 -0.893346 0.006176
0.449326 -0.893346 0.006176
0.455756 -0.888552 0.052547
0.380690 -0.923045 0.055351
0.380690 -0.923045 0.055351
0.366472 -0.930108 0.024453
0.449326 -0.893346 0.006176
0.368023 0.929534 0.022917
0.379416 0.923636 0.054222
0.454548 0.889281 0.050660
0.454548 0.889281 0.050660
0.448334 0.893836 0.007396
0.368023 0.929534 0.022917
0.365559 -0.926914 0.084837
0.453215 -0.888035 0.077390
0.318952 -0.941449 0.109287
0.317811 0.941896 0.108757
0.452309 0.888364 0.078910
0.363853 0.927516 0.085584
0.318952 -0.941449 0.109287
0.201494 -0.973416 0.108910
0.239230 -0.958566 0.154664
0.239230 -0.958566 0.154664
0.260743 -0.956023 0.134288
0.318952 -0.941449 0.109287
0.300406 -0.948870 0.096960
0.365559 -0.926914 0.084837
0.318952 -0.941449 0.109287
0.318952 -0.941449 0.109287
0.260743 -0.956023 0.134288
0.300406 -0.948870 0.096960
0.256857 0.956103 0.141039
0.252220 0.950237 0.182850
0.203305 0.973037 0.108927
0.203305 0.973037 0.108927
0.317811 0.941896 0.108757
0.256857 0.956103 0.141039
0.317811 0.941896 0.108757
0.363853 0.927516 0.085584
0.299474 0.949129 0.097308
0.299474 0.949129 0.097308
0.256857 0.956103 0.141039
0.317811 0.941896 0.108757
0.108242 -0.988902 0.101764
0.106558 -0.989813 0.094426
0.137850 -0.983921 0.113562
0.114724 0.987168 0.111074
0.093966 0.991438 0.090666
0.136153 0.984060 0.114404
0.159407 -0.979669 0.121810
0.142411 -0.969914 0.197449
0.201494 -0.973416 0.108910
0.201494 -0.973416 0.108910
0.137850 -0.983921 0.113562
0.159407 -0.979669 0.121810
0.137850 -0.983921 0.113562
0.106558 -0.989813 0.094426
0.114780 -0.987162 0.111069
0.137850 -0.983921 0.113562
0.114780 -0.987162 0.111069
0.159407 -0.979669 0.121810
0.093966 0.991438 0.090666
0.109094 0.989000 0.099891
0.136153 0.984060 0.114404
0.136153 0.984060 0.114404
0.203305 0.973037 0.108927
0.172846 0.976286 0.130344
0.172846 0.976286 0.130344
0.154662 0.981400 0.113730
0.136153 0.984060 0.114404
0.154662 0.981400 0.113730
0.114724 0.987168 0.111074
0.136153 0.984060 0.114404
0.141373 -0.989954 -0.002269
0.159934 -0.986841 -0.023778
0.131517 -0.991127 0.019245
0.131537 0.991125 0.019241
0.161238 0.986509 -0.028331
0.141201 0.989970 -0.004734
0.319832 -0.947421 -0.010052
0.449326 -0.893346 0.006176
0.366472 -0.930108 0.024453
0.319832 -0.947421 -0.010052
0.366472 -0.930108 0.024453
0.302111 -0.953228 0.009211
0.302111 -0.953228 0.009211
0.260331 -0.962926 -0.070724
0.319832 -0.947421 -0.010052
0.368023 0.929534 0.022917
0.448334 0.893836 0.007396
0.321587 0.946847 -0.007944
0.301066 0.953565 0.008610
0.368023 0.929534 0.022917
0.321587 0.946847 -0.007944
0.321587 0.946847 -0.007944
0.266103 0.962863 -0.045651
0.301066 0.953565 0.008610
0.208709 -0.977974 0.002661
0.319832 -0.947421 -0.010052
0.260331 -0.962926 -0.070724
0.260331 -0.962926 -0.070724
0.281530 -0.924382 -0.257408
0.208709 -0.977974 0.002661
0.170888 -0.984378 -0.042405
0.159934 -0.986841 -0.023778
0.141373 -0.989954 -0.002269
0.141373 -0.989954 -0.002269
0.208709 -0.977974 0.002661
0.170888 -0.984378 -0.042405
0.208709 -0.977974 0.002661
0.281530 -0.924382 -0.257408
0.170888 -0.984378 -0.042405
0.246379 0.964113 -0.098911
0.266103 0.962863 -0.045651
0.321587 0.946847 -0.007944
0.321587 0.946847 -0.007944
0.206497 0.978445 0.001818
0.246379 0.964113 -0.098911
0.206497 0.978445 0.001818
0.141201 0.989970 -0.004734
0.161238 0.986509 -0.028331
0.161238 0.986509 -0.028331
0.165141 0.984369 -0.061210
0.206497 0.978445 0.001818
0.165141 0.984369 -0.061210
0.246379 0.964113 -0.098911
0.206497 0.978445 0.001818
0.149456 -0.985324 -0.082456
0.211396 -0.975403 -0.062453
0.208709 -0.977974 0.002661
0.208709 -0.977974 0.002661
0.141373 -0.989954 -0.002269
0.149456 -0.985324 -0.082456
0.141201 0.989970 -0.004734
0.206497 0.978445 0.001818
0.210371 0.975717 -0.060999
0.210371 0.975717 -0.060999
0.150114 0.985438 -0.079859
0.141201 0.989970 -0.004734
0.121800 -0.989116 -0.082546
0.149456 -0.985324 -0.082456
0.141373 -0.989954 -0.002269
0.141373 -0.989954 -0.002269
0.118281 -0.992922 0.010705
0.121800 -0.989116 -0.082546
0.120441 0.992686 0.008217
0.141201 0.989970 -0.004734
0.150114 0.985438 -0.079859
0.150114 0.985438 -0.079859
0.124615 0.988897 -0.080951
0.120441 0.992686 0.008217
0.997634 0.000431 0.068742
0.995529 0.066844 0.066739
0.991995 0.065331 0.108060
0.991995 0.065331 0.108060
0.994214 -0.000000 0.107420
0.997634 0.000431 0.068742
0.997634 0.000431 0.068742
0.994214 -0.000000 0.107420
0.992056 -0.067067 0.106424
0.992056 -0.067067 0.106424
0.995361 -0.067957 0.068106
0.997634 0.000431 0.068742
0.995361 -0.067957 0.068106
0.997675 -0.068097 -0.002690
1.000000 -0.000279 0.000773
1.000000 -0.000279 0.000773
0.997634 0.000431 0.068742
0.995361 -0.067957 0.068106
0.997634 0.000431 0.068742
1.000000 -0.000279 0.000773
0.997604 0.069151 -0.002173
0.997604 0.069151 -0.002173
0.995529 0.066844 0.066739
0.997634 0.000431 0.068742
0.292775 -0.954412 0.058143
0.278413 -0.958625 0.059366
0.272227 -0.960788 0.052721
0.272227 -0.960788 0.052721
0.235216 -0.970715 0.048855
0.292775 -0.954412 0.058143
0.250750 0.966880 0.047629
0.270527 0.960565 0.064271
0.278629 0.958288 0.063642
0.278629 0.958288 0.063642
0.292848 0.954686 0.053061
0.250750 0.966880 0.047629
0.276291 -0.959872 0.048059
0.292775 -0.954412 0.058143
0.235216 -0.970715 0.048855
0.235216 -0.970715 0.048855
0.162273 -0.983685 0.077656
0.276291 -0.959872 0.048059
0.186729 0.979832 0.071149
0.250750 0.966880 0.047629
0.292848 0.954686 0.053061
0.292848 0.954686 0.053061
0.269552 0.961691 0.049917
0.186729 0.979832 0.071149
-0.045295 -0.968046 0.246649
0.108682 -0.978766 0.173797
0.162273 -0.983685 0.077656
0.162273 -0.983685 0.077656
0.056375 -0.995581 0.075099
-0.045295 -0.968046 0.246649
0.244813 -0.967575 0.062173
0.276291 -0.959872 0.048059
0.162273 -0.983685 0.077656
0.162273 -0.983685 0.077656
0.108682 -0.978766 0.173797
0.244813 -0.967575 0.062173
0.017512 0.995118 0.097125
0.186729 0.979832 0.071149
0.134076 0.978645 0.155814
0.134076 0.978645 0.155814
-0.095481 0.957190 0.273258
0.017512 0.995118 0.097125
0.134076 0.978645 0.155814
0.186729 0.979832 0.071149
0.269552 0.961691 0.049917
0.269552 0.961691 0.049917
0.238712 0.968731 0.067657
0.134076 0.978645 0.155814
0.223329 -0.970203 0.093967
0.244813 -0.967575 0.062173
0.108682 -0.978766 0.173797
0.108682 -0.978766 0.173797
0.127481 -0.949833 0.285596
0.223329 -0.970203 0.093967
0.140916 0.955614 0.258737
0.134076 0.978645 0.155814
0.238712 0.968731 0.067657
0.238712 0.968731 0.067657
0.222708 0.970265 0.094801
0.140916 0.955614 0.258737
0.208547 -0.970492 0.121049
0.223329 -0.970203 0.093967
0.127481 -0.949833 0.285596
0.127481 -0.949833 0.285596
0.169297 -0.914456 0.367572
0.208547 -0.970492 0.121049
0.170106 0.919982 0.353123
0.140916 0.955614 0.258737
0.222708 0.970265 0.094801
0.222708 0.970265 0.094801
0.209674 0.969479 0.127070
0.170106 0.919982 0.353123
0.193898 -0.964434 0.179638
0.208547 -0.970492 0.121049
0.169297 -0.914456 0.367572
0.169297 -0.914456 0.367572
0.204531 -0.875713 0.437370
0.193898 -0.964434 0.179638
0.203845 0.878614 0.431840
0.170106 0.919982 0.353123
0.209674 0.969479 0.127070
0.209674 0.969479 0.127070
0.197978 0.963298 0.181277
0.203845 0.878614 0.431840
0.220610 -0.960527 0.169469
0.193898 -0.964434 0.179638
0.204531 -0.875713 0.437370
0.204531 -0.875713 0.437370
0.309686 -0.870836 0.381759
0.220610 -0.960527 0.169469
0.307591 0.867497 0.390944
0.203845 0.878614 0.431840
0.197978 0.963298 0.181277
0.197978 0.963298 0.181277
0.222115 0.960999 0.164759
0.307591 0.867497 0.390944
0.248164 -0.960638 0.124855
0.220610 -0.960527 0.169469
0.309686 -0.870836 0.381759
0.309686 -0.870836 0.381759
0.389718 -0.881890 0.265311
0.248164 -0.960638 0.124855
0.396505 0.877587 0.269489
0.307591 0.867497 0.390944
0.222115 0.960999 0.164759
0.222115 0.960999 0.164759
0.241475 0.962629 0.122617
0.396505 0.877587 0.269489
0.197616 -0.979704 0.033589
0.216609 -0.975339 0.042353
0.371566 -0.927868 -0.031621
0.371566 -0.927868 -0.031621
0.303872 -0.949296 -0.080618
0.197616 -0.979704 0.033589
0.308865 0.946648 -0.091979
0.378676 0.924699 -0.039196
0.215996 0.975641 0.038358
0.215996 0.975641 0.038358
0.196051 0.979961 0.035222
0.308865 0.946648 -0.091979
0.183388 -0.982321 0.037612
0.197616 -0.979704 0.033589
0.303872 -0.949296 -0.080618
0.303872 -0.949296 -0.080618
0.239394 -0.964625 -0.110407
0.183388 -0.982321 0.037612
0.239360 0.963872 -0.116862
0.308865 0.946648 -0.091979
0.196051 0.979961 0.035222
0.196051 0.979961 0.035222
0.182037 0.982486 0.039803
0.239360 0.963872 -0.116862
0.189630 -0.980783 0.045878
0.183388 -0.982321 0.037612
0.239394 -0.964625 -0.110407
0.239394 -0.964625 -0.110407
0.194893 -0.973055 -0.123210
0.189630 -0.980783 0.045878
0.200479 0.971049 -0.129895
0.239360 0.963872 -0.116862
0.182037 0.982486 0.039803
0.182037 0.982486 0.039803
0.188359 0.980898 0.048586
0.200479 0.971049 -0.129895
0.217132 -0.973486 0.071962
0.189630 -0.980783 0.045878
0.194893 -0.973055 -0.123210
0.194893 -0.973055 -0.123210
0.200394 -0.979683 -0.008011
0.217132 -0.973486 0.071962
0.198464 0.979890 -0.020660
0.200479 0.971049 -0.129895
0.188359 0.980898 0.048586
0.188359 0.980898 0.048586
0.217852 0.973047 0.075636
0.198464 0.979890 -0.020660
0.247914 -0.965531 0.079298
0.217132 -0.973486 0.071962
0.200394 -0.979683 -0.008011
0.200394 -0.979683 -0.008011
0.230963 -0.971675 0.050034
0.247914 -0.965531 0.079298
0.229472 0.972540 0.038829
0.198464 0.979890 -0.020660
0.217852 0.973047 0.075636
0.217852 0.973047 0.075636
0.253207 0.963885 0.082535
0.229472 0.972540 0.038829
0.260752 -0.962976 0.068446
0.272227 -0.960788 0.052721
0.278413 -0.958625 0.059366
0.278413 -0.958625 0.059366
0.273556 -0.958635 0.078647
0.260752 -0.962976 0.068446
0.273556 -0.958635 0.078647
0.247914 -0.965531 0.079298
0.230963 -0.971675 0.050034
0.230963 -0.971675 0.050034
0.260752 -0.962976 0.068446
0.273556 -0.958635 0.078647
0.257229 0.964264 0.063473
0.278629 0.958288 0.063642
0.270527 0.960565 0.064271
0.270527 0.960565 0.064271
0.251532 0.965807 0.062831
0.257229 0.964264 0.063473
0.251532 0.965807 0.062831
0.229472 0.972540 0.038829
0.253207 0.963885 0.082535
0.253207 0.963885 0.082535
0.257229 0.964264 0.063473
0.251532 0.965807 0.062831
0.056375 -0.995581 0.075099
0.162273 -0.983685 0.077656
0.235216 -0.970715 0.048855
0.235216 -0.970715 0.048855
0.195148 -0.980537 0.021560
0.056375 -0.995581 0.075099
0.164333 0.985986 0.028762
0.250750 0.966880 0.047629
0.186729 0.979832 0.071149
0.186729 0.979832 0.071149
0.017512 0.995118 0.097125
0.164333 0.985986 0.028762
0.195148 -0.980537 0.021560
0.235216 -0.970715 0.048855
0.272227 -0.960788 0.052721
0.272227 -0.960788 0.052721
0.272679 -0.961266 0.040164
0.195148 -0.980537 0.021560
0.257260 0.964509 0.059493
0.270527 0.960565 0.064271
0.250750 0.966880 0.047629
0.250750 0.966880 0.047629
0.164333 0.985986 0.028762
0.257260 0.964509 0.059493
0.272679 -0.961266 0.040164
0.272227 -0.960788 0.052721
0.260752 -0.962976 0.068446
0.260752 -0.962976 0.068446
0.231527 -0.971779 0.045186
0.272679 -0.961266 0.040164
0.246017 0.966211 0.076888
0.251532 0.965807 0.062831
0.270527 0.960565 0.064271
0.270527 0.960565 0.064271
0.257260 0.964509 0.059493
0.246017 0.966211 0.076888
0.231527 -0.971779 0.045186
0.260752 -0.962976 0.068446
0.230963 -0.971675 0.050034
0.230963 -0.971675 0.050034
0.185659 -0.982589 -0.007007
0.231527 -0.971779 0.045186
0.200348 0.979546 0.018689
0.229472 0.972540 0.038829
0.251532 0.965807 0.062831
0.251532 0.965807 0.062831
0.246017 0.966211 0.076888
0.200348 0.979546 0.018689
0.185659 -0.982589 -0.007007
0.230963 -0.971675 0.050034
0.200394 -0.979683 -0.008011
0.200394 -0.979683 -0.008011
0.163779 -0.978193 -0.127730
0.185659 -0.982589 -0.007007
0.174583 0.979102 -0.104307
0.198464 0.979890 -0.020660
0.229472 0.972540 0.038829
0.229472 0.972540 0.038829
0.200348 0.979546 0.018689
0.174583 0.979102 -0.104307
0.170261 -0.985398 -0.000977
0.169726 -0.985481 0.004473
0.170986 -0.985035 0.021672
0.170986 -0.985035 0.021672
0.167234 -0.978564 0.120191
0.170261 -0.985398 -0.000977
0.163779 -0.978193 -0.127730
0.200394 -0.979683 -0.008011
0.194893 -0.973055 -0.123210
0.194893 -0.973055 -0.123210
0.191362 -0.925997 -0.325437
0.163779 -0.978193 -0.127730
0.172090 0.980901 0.090652
0.166753 0.985999 -0.000039
0.170490 0.985340 0.006210
0.170490 0.985340 0.006210
0.169823 0.985474 0.000409
0.172090 0.980901 0.090652
0.205091 0.927837 -0.311539
0.200479 0.971049 -0.129895
0.198464 0.979890 -0.020660
0.198464 0.979890 -0.020660
0.174583 0.979102 -0.104307
0.205091 0.927837 -0.311539
0.169636 -0.985308 -0.019816
0.167540 -0.985865 0.000073
0.169726 -0.985481 0.004473
0.169726 -0.985481 0.004473
0.170261 -0.985398 -0.000977
0.169636 -0.985308 -0.019816
0.191362 -0.925997 -0.325437
0.194893 -0.973055 -0.123210
0.239394 -0.964625 -0.110407
0.239394 -0.964625 -0.110407
0.292908 -0.904517 -0.309927
0.191362 -0.925997 -0.325437
0.169823 0.985474 0.000409
0.170490 0.985340 0.006210
0.169793 0.985477 0.002487
0.169793 0.985477 0.002487
0.167641 0.985690 -0.017674
0.169823 0.985474 0.000409
0.285034 0.908785 -0.304739
0.239360 0.963872 -0.116862
0.200479 0.971049 -0.129895
0.200479 0.971049 -0.129895
0.205091 0.927837 -0.311539
0.285034 0.908785 -0.304739
0.167583 -0.985843 0.005387
0.168186 -0.985754 0.001262
0.167540 -0.985865 0.000073
0.167540 -0.985865 0.000073
0.169636 -0.985308 -0.019816
0.167583 -0.985843 0.005387
0.292908 -0.904517 -0.309927
0.239394 -0.964625 -0.110407
0.303872 -0.949296 -0.080618
0.303872 -0.949296 -0.080618
0.424687 -0.866321 -0.262922
0.292908 -0.904517 -0.309927
0.167641 0.985690 -0.017674
0.169793 0.985477 0.002487
0.167712 0.985836 -0.000232
0.167712 0.985836 -0.000232
0.168178 0.985749 0.003897
0.167641 0.985690 -0.017674
0.408284 0.876261 -0.255872
0.308865 0.946648 -0.091979
0.239360 0.963872 -0.116862
0.239360 0.963872 -0.116862
0.285034 0.908785 -0.304739
0.408284 0.876261 -0.255872
0.166982 -0.985960 -0.000028
0.166823 -0.985899 -0.013149
0.168163 -0.985758 -0.001133
0.168163 -0.985758 -0.001133
0.169103 -0.985598 0.000038
0.166982 -0.985960 -0.000028
0.561909 -0.811851 -0.158606
0.371566 -0.927868 -0.031621
0.432665 -0.900485 0.043903
0.432665 -0.900485 0.043903
0.642478 -0.766302 0.001840
0.561909 -0.811851 -0.158606
0.166982 -0.985960 -0.000028
0.169103 -0.985598 0.000038
0.168186 -0.985754 0.001262
0.168186 -0.985754 0.001262
0.167583 -0.985843 0.005387
0.166982 -0.985960 -0.000028
0.424687 -0.866321 -0.262922
0.303872 -0.949296 -0.080618
0.371566 -0.927868 -0.031621
0.371566 -0.927868 -0.031621
0.561909 -0.811851 -0.158606
0.424687 -0.866321 -0.262922
0.167000 0.985957 -0.000006
0.166770 0.985996 0.000003
0.168258 0.985671 -0.011916
0.168258 0.985671 -0.011916
0.169104 0.985598 -0.000035
0.167000 0.985957 -0.000006
0.641108 0.766524 0.037700
0.430184 0.901026 0.055626
0.378676 0.924699 -0.039196
0.378676 0.924699 -0.039196
0.543542 0.826296 -0.147639
0.641108 0.766524 0.037700
0.168178 0.985749 0.003897
0.167712 0.985836 -0.000232
0.167000 0.985957 -0.000006
0.167000 0.985957 -0.000006
0.169104 0.985598 -0.000035
0.168178 0.985749 0.003897
0.543542 0.826296 -0.147639
0.378676 0.924699 -0.039196
0.308865 0.946648 -0.091979
0.308865 0.946648 -0.091979
0.408284 0.876261 -0.255872
0.543542 0.826296 -0.147639
0.166771 -0.985996 -0.000033
0.166772 -0.985995 -0.000038
0.168163 -0.985758 -0.001133
0.168163 -0.985758 -0.001133
0.166823 -0.985899 -0.013149
0.166771 -0.985996 -0.000033
0.640817 -0.724932 0.252641
0.642478 -0.766302 0.001840
0.432665 -0.900485 0.043903
0.432665 -0.900485 0.043903
0.442900 -0.881558 0.163388
0.640817 -0.724932 0.252641
0.168258 0.985671 -0.011916
0.166770 0.985996 0.000003
0.166772 0.985996 -0.000034
0.166772 0.985996 -0.000034
0.166772 0.985995 -0.000028
0.168258 0.985671 -0.011916
0.440261 0.883757 0.158570
0.430184 0.901026 0.055626
0.641108 0.766524 0.037700
0.641108 0.766524 0.037700
0.652205 0.719288 0.239277
0.440261 0.883757 0.158570
0.640817 -0.724932 0.252641
0.442900 -0.881558 0.163388
0.389718 -0.881890 0.265311
0.389718 -0.881890 0.265311
0.547871 -0.704854 0.450576
0.640817 -0.724932 0.252641
0.551259 0.714884 0.430179
0.396505 0.877587 0.269489
0.440261 0.883757 0.158570
0.440261 0.883757 0.158570
0.652205 0.719288 0.239277
0.551259 0.714884 0.430179
0.547871 -0.704854 0.450576
0.389718 -0.881890 0.265311
0.309686 -0.870836 0.381759
0.309686 -0.870836 0.381759
0.382862 -0.678335 0.627119
0.547871 -0.704854 0.450576
0.362384 0.686631 0.630250
0.307591 0.867497 0.390944
0.396505 0.877587 0.269489
0.396505 0.877587 0.269489
0.551259 0.714884 0.430179
0.362384 0.686631 0.630250
0.382862 -0.678335 0.627119
0.309686 -0.870836 0.381759
0.204531 -0.875713 0.437370
0.204531 -0.875713 0.437370
0.196710 -0.705855 0.680495
0.382862 -0.678335 0.627119
0.189332 0.700176 0.688409
0.203845 0.878614 0.431840
0.307591 0.867497 0.390944
0.307591 0.867497 0.390944
0.362384 0.686631 0.630250
0.189332 0.700176 0.688409
-0.012567 -0.890096 0.455599
0.127481 -0.949833 0.285596
0.108682 -0.978766 0.173797
0.108682 -0.978766 0.173797
-0.045295 -0.968046 0.246649
-0.012567 -0.890096 0.455599
0.099694 -0.804029 0.586173
0.169297 -0.914456 0.367572
0.127481 -0.949833 0.285596
0.127481 -0.949833 0.285596
-0.012567 -0.890096 0.455599
0.099694 -0.804029 0.586173
0.166772 -0.985995 -0.000038
0.166771 -0.985996 -0.000033
0.166773 -0.985995 -0.000008
0.166773 -0.985995 -0.000008
0.166761 -0.985997 0.000131
0.166772 -0.985995 -0.000038
0.166761 -0.985997 0.000131
0.166773 -0.985995 -0.000008
0.166761 -0.985997 -0.000244
0.166761 -0.985997 -0.000244
0.166751 -0.985999 0.000005
0.166761 -0.985997 0.000131
0.196710 -0.705855 0.680495
0.204531 -0.875713 0.437370
0.169297 -0.914456 0.367572
0.169297 -0.914456 0.367572
0.099694 -0.804029 0.586173
0.196710 -0.705855 0.680495
-0.095481 0.957190 0.273258
0.134076 0.978645 0.155814
0.140916 0.955614 0.258737
0.140916 0.955614 0.258737
-0.051133 0.870857 0.488870
-0.095481 0.957190 0.273258
-0.051133 0.870857 0.488870
0.140916 0.955614 0.258737
0.170106 0.919982 0.353123
0.170106 0.919982 0.353123
0.069042 0.786190 0.614116
-0.051133 0.870857 0.488870
0.166773 0.985995 0.000108
0.166761 0.985997 -0.000030
0.166772 0.985995 -0.000028
0.166772 0.985995 -0.000028
0.166772 0.985996 -0.000034
0.166773 0.985995 0.000108
0.166761 0.985997 -0.000053
0.166750 0.985999 -0.000309
0.166761 0.985997 -0.000030
0.166761 0.985997 -0.000030
0.166773 0.985995 0.000108
0.166761 0.985997 -0.000053
0.069042 0.786190 0.614116
0.170106 0.919982 0.353123
0.203845 0.878614 0.431840
0.203845 0.878614 0.431840
0.189332 0.700176 0.688409
0.069042 0.786190 0.614116
0.106558 -0.989813 0.094426
0.108242 -0.988902 0.101764
0.103038 -0.992375 0.067644
0.103038 -0.992375 0.067644
0.105211 -0.992726 0.058535
0.106558 -0.989813 0.094426
0.105211 -0.992726 0.058535
0.103038 -0.992375 0.067644
0.118281 -0.992922 0.010705
0.118281 -0.992922 0.010705
0.110652 -0.993245 0.034925
0.105211 -0.992726 0.058535
0.244128 -0.968080 0.056774
0.432665 -0.900485 0.043903
0.371566 -0.927868 -0.031621
0.371566 -0.927868 -0.031621
0.216609 -0.975339 0.042353
0.244128 -0.968080 0.056774
0.253316 -0.963423 0.087441
0.442900 -0.881558 0.163388
0.432665 -0.900485 0.043903
0.432665 -0.900485 0.043903
0.244128 -0.968080 0.056774
0.253316 -0.963423 0.087441
0.253316 -0.963423 0.087441
0.248164 -0.960638 0.124855
0.389718 -0.881890 0.265311
0.389718 -0.881890 0.265311
0.442900 -0.881558 0.163388
0.253316 -0.963423 0.087441
0.141373 -0.989954 -0.002269
0.131517 -0.991127 0.019245
0.110652 -0.993245 0.034925
0.118281 -0.992922 0.010705
0.141373 -0.989954 -0.002269
0.110652 -0.993245 0.034925
0.101691 0.992640 0.065764
0.106666 0.991747 0.071139
0.109094 0.989000 0.099891
0.109094 0.989000 0.099891
0.093966 0.991438 0.090666
0.101691 0.992640 0.065764
0.112181 0.993094 0.034339
0.120441 0.992686 0.008217
0.106666 0.991747 0.071139
0.106666 0.991747 0.071139
0.101691 0.992640 0.065764
0.112181 0.993094 0.034339
0.215996 0.975641 0.038358
0.378676 0.924699 -0.039196
0.430184 0.901026 0.055626
0.430184 0.901026 0.055626
0.248595 0.966850 0.058327
0.215996 0.975641 0.038358
0.248595 0.966850 0.058327
0.430184 0.901026 0.055626
0.440261 0.883757 0.158570
0.440261 0.883757 0.158570
0.252039 0.963506 0.090184
0.248595 0.966850 0.058327
0.440261 0.883757 0.158570
0.396505 0.877587 0.269489
0.241475 0.962629 0.122617
0.241475 0.962629 0.122617
0.252039 0.963506 0.090184
0.440261 0.883757 0.158570
0.112181 0.993094 0.034339
0.131537 0.991125 0.019241
0.141201 0.989970 -0.004734
0.112181 0.993094 0.034339
0.141201 0.989970 -0.004734
0.120441 0.992686 0.008217
0.990275 -0.138964 -0.006662
0.997675 -0.068097 -0.002690
0.995361 -0.067957 0.068106
0.995361 -0.067957 0.068106
0.990639 -0.122817 0.059588
0.990275 -0.138964 -0.006662
0.991051 0.118436 0.061577
0.995529 0.066844 0.066739
0.997604 0.069151 -0.002173
0.997604 0.069151 -0.002173
0.990302 0.138713 -0.007735
0.991051 0.118436 0.061577
0.901593 -0.430081 0.046487
0.875833 -0.480114 0.049067
0.877531 -0.479508 0.003396
0.877531 -0.479508 0.003396
0.913606 -0.406490 -0.009469
0.901593 -0.430081 0.046487
0.913133 0.407530 -0.010389
0.877578 0.479427 0.002584
0.875756 0.480444 0.047176
0.875756 0.480444 0.047176
0.912705 0.406952 0.036884
0.913133 0.407530 -0.010389
0.905170 -0.414834 0.092628
0.875386 -0.478389 0.069591
0.875833 -0.480114 0.049067
0.875833 -0.480114 0.049067
0.901593 -0.430081 0.046487
0.905170 -0.414834 0.092628
0.912705 0.406952 0.036884
0.875756 0.480444 0.047176
0.874590 0.479609 0.071182
0.874590 0.479609 0.071182
0.905770 0.413194 0.094083
0.912705 0.406952 0.036884
0.896646 -0.165726 -0.410562
0.574401 -0.207755 -0.791771
0.834816 -0.254198 -0.488330
0.834816 -0.254198 -0.488330
0.959820 -0.244267 -0.138125
0.896646 -0.165726 -0.410562
0.959820 -0.244267 -0.138125
0.834816 -0.254198 -0.488330
0.952608 -0.261624 -0.155213
0.952608 -0.261624 -0.155213
0.952727 -0.296717 0.065340
0.959820 -0.244267 -0.138125
0.958486 0.239536 -0.154686
0.832355 0.264517 -0.487048
0.582416 0.233037 -0.778772
0.582416 0.233037 -0.778772
0.913493 0.168938 -0.370122
0.958486 0.239536 -0.154686
0.955792 0.288874 0.054889
0.949303 0.263178 -0.171934
0.832355 0.264517 -0.487048
0.832355 0.264517 -0.487048
0.958486 0.239536 -0.154686
0.955792 0.288874 0.054889
0.919620 -0.355791 0.166467
0.918524 -0.351750 0.180515
0.905170 -0.414834 0.092628
0.905770 0.413194 0.094083
0.918524 0.351750 0.180515
0.919620 0.355791 0.166467
0.961823 -0.273590 -0.006749
0.959820 -0.244267 -0.138125
0.952727 -0.296717 0.065340
0.952727 -0.296717 0.065340
0.939945 -0.330442 0.085509
0.961823 -0.273590 -0.006749
0.941234 0.328210 0.079724
0.955792 0.288874 0.054889
0.958486 0.239536 -0.154686
0.958486 0.239536 -0.154686
0.965871 0.258609 -0.014625
0.941234 0.328210 0.079724
0.918992 -0.378206 0.111418
0.919620 -0.355791 0.166467
0.905170 -0.414834 0.092628
0.956148 -0.290738 0.035385
0.961823 -0.273590 -0.006749
0.939945 -0.330442 0.085509
0.939945 -0.330442 0.085509
0.932903 -0.350757 0.081622
0.956148 -0.290738 0.035385
0.905770 0.413194 0.094083
0.919620 0.355791 0.166467
0.918991 0.378208 0.111415
0.933881 0.348169 0.081516
0.941234 0.328210 0.079724
0.965871 0.258609 -0.014625
0.965871 0.258609 -0.014625
0.957772 0.284950 0.038430
0.933881 0.348169 0.081516
0.902677 -0.422004 0.084181
0.918992 -0.378206 0.111418
0.905170 -0.414834 0.092628
0.905770 0.413194 0.094083
0.918991 0.378208 0.111415
0.899673 0.428734 0.082309
0.957302 -0.287038 0.034381
0.956148 -0.290738 0.035385
0.932903 -0.350757 0.081622
0.932903 -0.350757 0.081622
0.931772 -0.357179 0.064989
0.957302 -0.287038 0.034381
0.930982 0.358457 0.069145
0.933881 0.348169 0.081516
0.957772 0.284950 0.038430
0.957772 0.284950 0.038430
0.957216 0.286222 0.042595
0.930982 0.358457 0.069145
0.893824 -0.442791 0.070807
0.902677 -0.422004 0.084181
0.905170 -0.414834 0.092628
0.905170 -0.414834 0.092628
0.901593 -0.430081 0.046487
0.893824 -0.442791 0.070807
0.912705 0.406952 0.036884
0.905770 0.413194 0.094083
0.899673 0.428734 0.082309
0.899673 0.428734 0.082309
0.882643 0.463650 0.077263
0.912705 0.406952 0.036884
0.972770 -0.227752 0.042985
0.957302 -0.287038 0.034381
0.931772 -0.357179 0.064989
0.931772 -0.357179 0.064989
0.937409 -0.343592 0.056648
0.972770 -0.227752 0.042985
0.936127 0.347307 0.055167
0.930982 0.358457 0.069145
0.957216 0.286222 0.042595
0.957216 0.286222 0.042595
0.969554 0.240117 0.048052
0.936127 0.347307 0.055167
0.907501 -0.419437 0.022674
0.893824 -0.442791 0.070807
0.901593 -0.430081 0.046487
0.901593 -0.430081 0.046487
0.913606 -0.406490 -0.009469
0.907501 -0.419437 0.022674
0.913133 0.407530 -0.010389
0.912705 0.406952 0.036884
0.882643 0.463650 0.077263
0.882643 0.463650 0.077263
0.884821 0.465118 0.027494
0.913133 0.407530 -0.010389
0.981792 -0.156375 0.107850
0.972770 -0.227752 0.042985
0.937409 -0.343592 0.056648
0.937409 -0.343592 0.056648
0.942722 -0.328216 0.059585
0.981792 -0.156375 0.107850
0.937526 0.342307 0.062216
0.936127 0.347307 0.055167
0.969554 0.240117 0.048052
0.969554 0.240117 0.048052
0.977827 0.174716 0.115453
0.937526 0.342307 0.062216
0.918733 -0.394831 0.006288
0.907501 -0.419437 0.022674
0.913606 -0.406490 -0.009469
0.913133 0.407530 -0.010389
0.884821 0.465118 0.027494
0.918995 0.394225 0.005878
0.960666 -0.090509 0.262545
0.981792 -0.156375 0.107850
0.942722 -0.328216 0.059585
0.942722 -0.328216 0.059585
0.951678 -0.285861 0.112216
0.960666 -0.090509 0.262545
0.948347 0.303389 0.092696
0.937526 0.342307 0.062216
0.977827 0.174716 0.115453
0.977827 0.174716 0.115453
0.961016 0.103354 0.256448
0.948347 0.303389 0.092696
0.932280 -0.359841 -0.036988
0.918733 -0.394831 0.006288
0.913606 -0.406490 -0.009469
0.913133 0.407530 -0.010389
0.918995 0.394225 0.005878
0.930684 0.365479 -0.015913
0.900736 -0.137903 0.411894
0.960666 -0.090509 0.262545
0.951678 -0.285861 0.112216
0.951678 -0.285861 0.112216
0.944488 -0.267416 0.190872
0.900736 -0.137903 0.411894
0.946797 0.275975 0.165568
0.948347 0.303389 0.092696
0.961016 0.103354 0.256448
0.961016 0.103354 0.256448
0.903312 0.138941 0.405861
0.946797 0.275975 0.165568
0.945319 -0.325761 -0.015884
0.932280 -0.359841 -0.036988
0.913606 -0.406490 -0.009469
0.913606 -0.406490 -0.009469
0.945231 -0.325720 -0.021086
0.945319 -0.325761 -0.015884
0.836308 -0.205449 0.508311
0.900736 -0.137903 0.411894
0.944488 -0.267416 0.190872
0.944488 -0.267416 0.190872
0.923367 -0.280991 0.261606
0.836308 -0.205449 0.508311
0.945645 0.324189 -0.025644
0.913133 0.407530 -0.010389
0.930684 0.365479 -0.015913
0.930684 0.365479 -0.015913
0.948210 0.317543 -0.008082
0.945645 0.324189 -0.025644
0.928406 0.271160 0.254036
0.946797 0.275975 0.165568
0.903312 0.138941 0.405861
0.903312 0.138941 0.405861
0.841434 0.206505 0.499345
0.928406 0.271160 0.254036
0.965440 -0.260597 -0.003935
0.945319 -0.325761 -0.015884
0.945231 -0.325720 -0.021086
0.945231 -0.325720 -0.021086
0.969313 -0.244784 -0.022638
0.965440 -0.260597 -0.003935
0.970606 0.239955 -0.018576
0.945645 0.324189 -0.025644
0.948210 0.317543 -0.008082
0.948210 0.317543 -0.008082
0.970945 0.238681 -0.017257
0.970606 0.239955 -0.018576
0.531603 -0.215047 0.819239
0.685964 -0.089503 0.722110
0.836308 -0.205449 0.508311
0.836308 -0.205449 0.508311
0.799803 -0.257268 0.542336
0.531603 -0.215047 0.819239
0.799803 -0.257268 0.542336
0.836308 -0.205449 0.508311
0.923367 -0.280991 0.261606
0.923367 -0.280991 0.261606
0.931483 -0.262231 0.252141
0.799803 -0.257268 0.542336
0.797458 0.260657 0.544167
0.841434 0.206505 0.499345
0.664965 0.085397 0.741977
0.664965 0.085397 0.741977
0.527185 0.192466 0.827667
0.797458 0.260657 0.544167
0.930656 0.277716 0.238228
0.928406 0.271160 0.254036
0.841434 0.206505 0.499345
0.841434 0.206505 0.499345
0.797458 0.260657 0.544167
0.930656 0.277716 0.238228
0.979980 -0.197443 -0.025587
0.965440 -0.260597 -0.003935
0.969313 -0.244784 -0.022638
0.969313 -0.244784 -0.022638
0.990275 -0.138964 -0.006662
0.979980 -0.197443 -0.025587
0.990302 0.138713 -0.007735
0.970606 0.239955 -0.018576
0.970945 0.238681 -0.017257
0.970945 0.238681 -0.017257
0.975032 0.206662 -0.081257
0.990302 0.138713 -0.007735
0.759258 -0.372514 0.533630
0.799803 -0.257268 0.542336
0.931483 -0.262231 0.252141
0.931483 -0.262231 0.252141
0.896590 -0.312418 0.313881
0.759258 -0.372514 0.533630
0.905465 0.300630 0.299590
0.930656 0.277716 0.238228
0.797458 0.260657 0.544167
0.797458 0.260657 0.544167
0.754879 0.373139 0.539374
0.905465 0.300630 0.299590
0.985336 -0.170367 -0.009405
0.979980 -0.197443 -0.025587
0.990275 -0.138964 -0.006662
0.716827 -0.547584 0.431638
0.759258 -0.372514 0.533630
0.896590 -0.312418 0.313881
0.896590 -0.312418 0.313881
0.870286 -0.407503 0.276667
0.716827 -0.547584 0.431638
0.990302 0.138713 -0.007735
0.975032 0.206662 -0.081257
0.985334 0.170377 -0.009422
0.874242 0.401491 0.272957
0.905465 0.300630 0.299590
0.754879 0.373139 0.539374
0.754879 0.373139 0.539374
0.715549 0.544901 0.437118
0.874242 0.401491 0.272957
0.991946 -0.122485 0.032269
0.985336 -0.170367 -0.009405
0.990275 -0.138964 -0.006662
0.990302 0.138713 -0.007735
0.985334 0.170377 -0.009422
0.989388 0.142598 0.027874
0.694281 -0.676647 0.245199
0.716827 -0.547584 0.431638
0.870286 -0.407503 0.276667
0.870286 -0.407503 0.276667
0.853915 -0.484870 0.189024
0.694281 -0.676647 0.245199
0.853935 0.481645 0.197012
0.874242 0.401491 0.272957
0.715549 0.544901 0.437118
0.715549 0.544901 0.437118
0.697604 0.669194 0.255983
0.853935 0.481645 0.197012
0.989152 -0.126719 0.074299
0.991946 -0.122485 0.032269
0.990275 -0.138964 -0.006662
0.990275 -0.138964 -0.006662
0.990639 -0.122817 0.059588
0.989152 -0.126719 0.074299
0.991051 0.118436 0.061577
0.990302 0.138713 -0.007735
0.989388 0.142598 0.027874
0.989388 0.142598 0.027874
0.987966 0.131969 0.080666
0.991051 0.118436 0.061577
0.725315 -0.686594 0.050077
0.694281 -0.676647 0.245199
0.853915 -0.484870 0.189024
0.853915 -0.484870 0.189024
0.867909 -0.491133 0.074316
0.725315 -0.686594 0.050077
0.861168 0.504110 0.065287
0.853935 0.481645 0.197012
0.697604 0.669194 0.255983
0.697604 0.669194 0.255983
0.719918 0.692483 0.046748
0.861168 0.504110 0.065287
0.749680 -0.648982 -0.129625
0.725315 -0.686594 0.050077
0.867909 -0.491133 0.074316
0.867909 -0.491133 0.074316
0.878432 -0.476150 -0.040477
0.749680 -0.648982 -0.129625
0.872595 0.487124 -0.035896
0.861168 0.504110 0.065287
0.719918 0.692483 0.046748
0.719918 0.692483 0.046748
0.745654 0.652871 -0.133265
0.872595 0.487124 -0.035896
0.788695 -0.549054 -0.276587
0.749680 -0.648982 -0.129625
0.878432 -0.476150 -0.040477
0.878432 -0.476150 -0.040477
0.913798 -0.398062 -0.080747
0.788695 -0.549054 -0.276587
0.916202 0.389205 -0.095354
0.872595 0.487124 -0.035896
0.745654 0.652871 -0.133265
0.745654 0.652871 -0.133265
0.791352 0.539380 -0.287804
0.916202 0.389205 -0.095354
0.927465 -0.317363 -0.197709
0.952608 -0.261624 -0.155213
0.834816 -0.254198 -0.488330
0.834816 -0.254198 -0.488330
0.796196 -0.395619 -0.457775
0.927465 -0.317363 -0.197709
0.792003 0.405528 -0.456376
0.832355 0.264517 -0.487048
0.949303 0.263178 -0.171934
0.949303 0.263178 -0.171934
0.924477 0.331638 -0.188038
0.792003 0.405528 -0.456376
0.985364 -0.123032 0.117986
0.917461 -0.174410 0.357556
0.925353 -0.175067 0.336265
0.990639 -0.122817 0.059588
0.995361 -0.067957 0.068106
0.992056 -0.067067 0.106424
0.992056 -0.067067 0.106424
0.985364 -0.123032 0.117986
0.990639 -0.122817 0.059588
0.983714 -0.138502 0.114559
0.989152 -0.126719 0.074299
0.990639 -0.122817 0.059588
0.990639 -0.122817 0.059588
0.985364 -0.123032 0.117986
0.983714 -0.138502 0.114559
0.985364 -0.123032 0.117986
0.967674 -0.170734 0.185625
0.983714 -0.138502 0.114559
0.925353 -0.175067 0.336265
0.967674 -0.170734 0.185625
0.985364 -0.123032 0.117986
0.796196 -0.395619 -0.457775
0.788695 -0.549054 -0.276587
0.913798 -0.398062 -0.080747
0.913798 -0.398062 -0.080747
0.927465 -0.317363 -0.197709
0.796196 -0.395619 -0.457775
0.925353 0.175067 0.336265
0.917461 0.174410 0.357556
0.984974 0.124535 0.119659
0.984974 0.124535 0.119659
0.991995 0.065331 0.108060
0.995529 0.066844 0.066739
0.995529 0.066844 0.066739
0.991051 0.118436 0.061577
0.984974 0.124535 0.119659
0.984974 0.124535 0.119659
0.991051 0.118436 0.061577
0.987966 0.131969 0.080666
0.987966 0.131969 0.080666
0.983447 0.139900 0.115155
0.984974 0.124535 0.119659
0.983447 0.139900 0.115155
0.967673 0.170735 0.185632
0.984974 0.124535 0.119659
0.984974 0.124535 0.119659
0.967673 0.170735 0.185632
0.925353 0.175067 0.336265
0.924477 0.331638 -0.188038
0.916202 0.389205 -0.095354
0.791352 0.539380 -0.287804
0.791352 0.539380 -0.287804
0.792003 0.405528 -0.456376
0.924477 0.331638 -0.188038
0.522971 -0.806902 -0.274610
0.468041 -0.883625 -0.012061
0.725315 -0.686594 0.050077
0.725315 -0.686594 0.050077
0.749680 -0.648982 -0.129625
0.522971 -0.806902 -0.274610
0.979558 -0.201159 0.000643
0.979591 -0.201003 0.000322
0.979566 -0.201123 -0.000941
0.979566 -0.201123 -0.000941
0.979795 -0.199078 0.019205
0.979558 -0.201159 0.000643
0.957302 -0.287038 0.034381
0.972770 -0.227752 0.042985
0.993696 -0.110993 0.015749
0.993696 -0.110993 0.015749
0.979493 -0.201467 -0.001893
0.957302 -0.287038 0.034381
0.745654 0.652871 -0.133265
0.719918 0.692483 0.046748
0.498912 0.866643 0.003997
0.498912 0.866643 0.003997
0.535385 0.793845 -0.288398
0.745654 0.652871 -0.133265
0.979379 0.201234 0.017907
0.979524 0.201311 0.002494
0.979580 0.201055 0.001005
0.979580 0.201055 0.001005
0.980011 0.198942 -0.001023
0.979379 0.201234 0.017907
0.981469 0.191412 0.008970
0.996102 0.082576 0.031015
0.969554 0.240117 0.048052
0.969554 0.240117 0.048052
0.957216 0.286222 0.042595
0.981469 0.191412 0.008970
0.536144 -0.655733 -0.531567
0.522971 -0.806902 -0.274610
0.749680 -0.648982 -0.129625
0.749680 -0.648982 -0.129625
0.788695 -0.549054 -0.276587
0.536144 -0.655733 -0.531567
0.979954 -0.198920 -0.011010
0.979558 -0.201159 0.000643
0.979795 -0.199078 0.019205
0.979795 -0.199078 0.019205
0.980182 -0.198096 0.000109
0.979954 -0.198920 -0.011010
0.956148 -0.290738 0.035385
0.957302 -0.287038 0.034381
0.979493 -0.201467 -0.001893
0.979493 -0.201467 -0.001893
0.978269 -0.204304 -0.035359
0.956148 -0.290738 0.035385
0.791352 0.539380 -0.287804
0.745654 0.652871 -0.133265
0.535385 0.793845 -0.288398
0.535385 0.793845 -0.288398
0.539068 0.657702 -0.526150
0.791352 0.539380 -0.287804
0.980006 0.198967 -0.000034
0.979379 0.201234 0.017907
0.980011 0.198942 -0.001023
0.980011 0.198942 -0.001023
0.980160 0.197900 -0.011058
0.980006 0.198967 -0.000034
0.978956 0.203494 -0.015367
0.981469 0.191412 0.008970
0.957216 0.286222 0.042595
0.957216 0.286222 0.042595
0.957772 0.284950 0.038430
0.978956 0.203494 -0.015367
0.553728 -0.408376 -0.725682
0.536144 -0.655733 -0.531567
0.788695 -0.549054 -0.276587
0.788695 -0.549054 -0.276587
0.796196 -0.395619 -0.457775
0.553728 -0.408376 -0.725682
0.979741 -0.198239 -0.028455
0.979954 -0.198920 -0.011010
0.980182 -0.198096 0.000109
0.980182 -0.198096 0.000109
0.980685 -0.195489 0.006459
0.979741 -0.198239 -0.028455
0.980685 -0.195489 0.006459
0.980378 -0.196887 0.009683
0.980057 -0.195590 0.035116
0.980057 -0.195590 0.035116
0.979741 -0.198239 -0.028455
0.980685 -0.195489 0.006459
0.796196 -0.395619 -0.457775
0.834816 -0.254198 -0.488330
0.574401 -0.207755 -0.791771
0.574401 -0.207755 -0.791771
0.553728 -0.408376 -0.725682
0.796196 -0.395619 -0.457775
0.971878 -0.180675 -0.151027
0.896646 -0.165726 -0.410562
0.959820 -0.244267 -0.138125
0.959820 -0.244267 -0.138125
0.961823 -0.273590 -0.006749
0.971878 -0.180675 -0.151027
0.961823 -0.273590 -0.006749
0.956148 -0.290738 0.035385
0.978269 -0.204304 -0.035359
0.978269 -0.204304 -0.035359
0.971878 -0.180675 -0.151027
0.961823 -0.273590 -0.006749
0.792003 0.405528 -0.456376
0.791352 0.539380 -0.287804
0.539068 0.657702 -0.526150
0.539068 0.657702 -0.526150
0.557525 0.405338 -0.724477
0.792003 0.405528 -0.456376
0.980133 0.198341 0.000499
0.980006 0.198967 -0.000034
0.980160 0.197900 -0.011058
0.980160 0.197900 -0.011058
0.980216 0.194979 -0.034062
0.980133 0.198341 0.000499
0.980216 0.194979 -0.034062
0.979622 0.196767 0.040293
0.980562 0.195506 0.016604
0.980562 0.195506 0.016604
0.980133 0.198341 0.000499
0.980216 0.194979 -0.034062
0.557525 0.405338 -0.724477
0.582416 0.233037 -0.778772
0.832355 0.264517 -0.487048
0.832355 0.264517 -0.487048
0.792003 0.405528 -0.456376
0.557525 0.405338 -0.724477
0.965871 0.258609 -0.014625
0.958486 0.239536 -0.154686
0.913493 0.168938 -0.370122
0.913493 0.168938 -0.370122
0.980085 0.171623 -0.099889
0.965871 0.258609 -0.014625
0.980085 0.171623 -0.099889
0.978956 0.203494 -0.015367
0.957772 0.284950 0.038430
0.957772 0.284950 0.038430
0.965871 0.258609 -0.014625
0.980085 0.171623 -0.099889
0.694281 -0.676647 0.245199
0.725315 -0.686594 0.050077
0.468041 -0.883625 -0.012061
0.468041 -0.883625 -0.012061
0.451262 -0.835711 0.312971
0.694281 -0.676647 0.245199
0.979384 -0.201162 -0.018462
0.979566 -0.201123 -0.000941
0.979591 -0.201003 0.000322
0.979591 -0.201003 0.000322
0.980130 -0.198135 0.009364
0.979384 -0.201162 -0.018462
0.987966 0.060495 0.142352
0.993696 -0.110993 0.015749
0.972770 -0.227752 0.042985
0.972770 -0.227752 0.042985
0.981792 -0.156375 0.107850
0.987966 0.060495 0.142352
0.468554 0.826001 0.313335
0.498912 0.866643 0.003997
0.719918 0.692483 0.046748
0.719918 0.692483 0.046748
0.697604 0.669194 0.255983
0.468554 0.826001 0.313335
0.979440 0.201595 0.007511
0.979580 0.201055 0.001005
0.979524 0.201311 0.002494
0.979524 0.201311 0.002494
0.979914 0.198486 -0.019286
0.979440 0.201595 0.007511
0.977827 0.174716 0.115453
0.969554 0.240117 0.048052
0.996102 0.082576 0.031015
0.996102 0.082576 0.031015
0.980531 -0.102215 0.167665
0.977827 0.174716 0.115453
0.716827 -0.547584 0.431638
0.694281 -0.676647 0.245199
0.451262 -0.835711 0.312971
0.451262 -0.835711 0.312971
0.461100 -0.660204 0.592889
0.716827 -0.547584 0.431638
0.980132 -0.198330 -0.002389
0.979384 -0.201162 -0.018462
0.980130 -0.198135 0.009364
0.980130 -0.198135 0.009364
0.980411 -0.196576 0.012368
0.980132 -0.198330 -0.002389
0.903291 0.154473 0.400255
0.987966 0.060495 0.142352
0.981792 -0.156375 0.107850
0.981792 -0.156375 0.107850
0.960666 -0.090509 0.262545
0.903291 0.154473 0.400255
0.459845 0.652862 0.601925
0.468554 0.826001 0.313335
0.697604 0.669194 0.255983
0.697604 0.669194 0.255983
0.715549 0.544901 0.437118
0.459845 0.652862 0.601925
0.979936 0.198990 0.011308
0.979440 0.201595 0.007511
0.979914 0.198486 -0.019286
0.979914 0.198486 -0.019286
0.980451 0.196582 -0.008420
0.979936 0.198990 0.011308
0.961016 0.103354 0.256448
0.977827 0.174716 0.115453
0.980531 -0.102215 0.167665
0.980531 -0.102215 0.167665
0.879695 -0.197334 0.432663
0.961016 0.103354 0.256448
0.979364 -0.198573 -0.037610
0.979992 -0.199033 0.000772
0.979986 -0.199066 -0.000022
0.979986 -0.199066 -0.000022
0.980507 -0.196406 -0.005545
0.979364 -0.198573 -0.037610
0.500607 -0.414714 0.759871
0.531603 -0.215047 0.819239
0.799803 -0.257268 0.542336
0.799803 -0.257268 0.542336
0.759258 -0.372514 0.533630
0.500607 -0.414714 0.759871
0.759258 -0.372514 0.533630
0.716827 -0.547584 0.431638
0.461100 -0.660204 0.592889
0.461100 -0.660204 0.592889
0.500607 -0.414714 0.759871
0.759258 -0.372514 0.533630
0.980507 -0.196406 -0.005545
0.980132 -0.198330 -0.002389
0.980411 -0.196576 0.012368
0.980411 -0.196576 0.012368
0.979364 -0.198573 -0.037610
0.980507 -0.196406 -0.005545
0.771590 0.062461 0.633046
0.903291 0.154473 0.400255
0.960666 -0.090509 0.262545
0.960666 -0.090509 0.262545
0.900736 -0.137903 0.411894
0.771590 0.062461 0.633046
0.900736 -0.137903 0.411894
0.836308 -0.205449 0.508311
0.685964 -0.089503 0.722110
0.685964 -0.089503 0.722110
0.771590 0.062461 0.633046
0.900736 -0.137903 0.411894
0.979990 0.199045 -0.000067
0.979992 0.199038 0.000241
0.979989 0.199051 0.000537
0.979989 0.199051 0.000537
0.980027 0.196199 -0.032437
0.979990 0.199045 -0.000067
0.754879 0.373139 0.539374
0.797458 0.260657 0.544167
0.527185 0.192466 0.827667
0.527185 0.192466 0.827667
0.497092 0.423971 0.757065
0.754879 0.373139 0.539374
0.497092 0.423971 0.757065
0.459845 0.652862 0.601925
0.715549 0.544901 0.437118
0.715549 0.544901 0.437118
0.754879 0.373139 0.539374
0.497092 0.423971 0.757065
0.980027 0.196199 -0.032437
0.979936 0.198990 0.011308
0.980451 0.196582 -0.008420
0.980451 0.196582 -0.008420
0.979990 0.199045 -0.000067
0.980027 0.196199 -0.032437
0.903312 0.138941 0.405861
0.961016 0.103354 0.256448
0.879695 -0.197334 0.432663
0.879695 -0.197334 0.432663
0.751093 -0.094680 0.653373
0.903312 0.138941 0.405861
0.751093 -0.094680 0.653373
0.664965 0.085397 0.741977
0.841434 0.206505 0.499345
0.841434 0.206505 0.499345
0.903312 0.138941 0.405861
0.751093 -0.094680 0.653373
0.945231 -0.325720 -0.021086
0.913606 -0.406490 -0.009469
0.909496 -0.397938 -0.120262
0.909496 -0.397938 -0.120262
0.939131 -0.321154 -0.122036
0.945231 -0.325720 -0.021086
0.939337 0.320988 -0.120879
0.909842 0.397727 -0.118326
0.913133 0.407530 -0.010389
0.913133 0.407530 -0.010389
0.945645 0.324189 -0.025644
0.939337 0.320988 -0.120879
0.969313 -0.244784 -0.022638
0.945231 -0.325720 -0.021086
0.939131 -0.321154 -0.122036
0.939131 -0.321154 -0.122036
0.965302 -0.232459 -0.118971
0.969313 -0.244784 -0.022638
0.965192 0.233339 -0.118142
0.939337 0.320988 -0.120879
0.945645 0.324189 -0.025644
0.945645 0.324189 -0.025644
0.970606 0.239955 -0.018576
0.965192 0.233339 -0.118142
0.990275 -0.138964 -0.006662
0.969313 -0.244784 -0.022638
0.965302 -0.232459 -0.118971
0.965302 -0.232459 -0.118971
0.982752 -0.144254 -0.115717
0.990275 -0.138964 -0.006662
0.983033 0.144207 -0.113358
0.965192 0.233339 -0.118142
0.970606 0.239955 -0.018576
0.970606 0.239955 -0.018576
0.990302 0.138713 -0.007735
0.983033 0.144207 -0.113358
0.997675 -0.068097 -0.002690
0.990275 -0.138964 -0.006662
0.982752 -0.144254 -0.115717
0.982752 -0.144254 -0.115717
0.990981 -0.069271 -0.114706
0.997675 -0.068097 -0.002690
0.990981 -0.069271 -0.114706
0.993556 -0.000546 -0.113340
1.000000 -0.000279 0.000773
1.000000 -0.000279 0.000773
0.997675 -0.068097 -0.002690
0.990981 -0.069271 -0.114706
0.991004 0.069579 -0.114320
0.983033 0.144207 -0.113358
0.990302 0.138713 -0.007735
0.990302 0.138713 -0.007735
0.997604 0.069151 -0.002173
0.991004 0.069579 -0.114320
0.997604 0.069151 -0.002173
1.000000 -0.000279 0.000773
0.993556 -0.000546 -0.113340
0.993556 -0.000546 -0.113340
0.991004 0.069579 -0.114320
0.997604 0.069151 -0.002173
0.968725 -0.071268 -0.237681
0.971035 0.000075 -0.238938
0.993556 -0.000546 -0.113340
0.993556 -0.000546 -0.113340
0.990981 -0.069271 -0.114706
0.968725 -0.071268 -0.237681
0.991004 0.069579 -0.114320
0.993556 -0.000546 -0.113340
0.971035 0.000075 -0.238938
0.971035 0.000075 -0.238938
0.968740 0.069637 -0.238105
0.991004 0.069579 -0.114320
0.959685 -0.144585 -0.241041
0.968725 -0.071268 -0.237681
0.990981 -0.069271 -0.114706
0.990981 -0.069271 -0.114706
0.982752 -0.144254 -0.115717
0.959685 -0.144585 -0.241041
0.983033 0.144207 -0.113358
0.991004 0.069579 -0.114320
0.968740 0.069637 -0.238105
0.968740 0.069637 -0.238105
0.959582 0.145624 -0.240822
0.983033 0.144207 -0.113358
0.942271 -0.229922 -0.243438
0.959685 -0.144585 -0.241041
0.982752 -0.144254 -0.115717
0.982752 -0.144254 -0.115717
0.965302 -0.232459 -0.118971
0.942271 -0.229922 -0.243438
0.965192 0.233339 -0.118142
0.983033 0.144207 -0.113358
0.959582 0.145624 -0.240822
0.959582 0.145624 -0.240822
0.941868 0.231512 -0.243490
0.965192 0.233339 -0.118142
0.916615 -0.316233 -0.244570
0.942271 -0.229922 -0.243438
0.965302 -0.232459 -0.118971
0.965302 -0.232459 -0.118971
0.939131 -0.321154 -0.122036
0.916615 -0.316233 -0.244570
0.939337 0.320988 -0.120879
0.965192 0.233339 -0.118142
0.941868 0.231512 -0.243490
0.941868 0.231512 -0.243490
0.916751 0.315546 -0.244947
0.939337 0.320988 -0.120879
0.885717 -0.393253 -0.246693
0.916615 -0.316233 -0.244570
0.939131 -0.321154 -0.122036
0.939131 -0.321154 -0.122036
0.909496 -0.397938 -0.120262
0.885717 -0.393253 -0.246693
0.909842 0.397727 -0.118326
0.939337 0.320988 -0.120879
0.916751 0.315546 -0.244947
0.916751 0.315546 -0.244947
0.886019 0.392729 -0.246442
0.909842 0.397727 -0.118326
0.943314 -0.071299 -0.324152
0.945432 0.000411 -0.325820
0.971035 0.000075 -0.238938
0.971035 0.000075 -0.238938
0.968725 -0.071268 -0.237681
0.943314 -0.071299 -0.324152
0.968740 0.069637 -0.238105
0.971035 0.000075 -0.238938
0.945432 0.000411 -0.325820
0.945432 0.000411 -0.325820
0.943165 0.070154 -0.324835
0.968740 0.069637 -0.238105
0.934239 -0.144904 -0.325884
0.943314 -0.071299 -0.324152
0.968725 -0.071268 -0.237681
0.968725 -0.071268 -0.237681
0.959685 -0.144585 -0.241041
0.934239 -0.144904 -0.325884
0.959582 0.145624 -0.240822
0.968740 0.069637 -0.238105
0.943165 0.070154 -0.324835
0.943165 0.070154 -0.324835
0.934553 0.143727 -0.325504
0.959582 0.145624 -0.240822
0.917089 -0.225326 -0.328901
0.934239 -0.144904 -0.325884
0.959685 -0.144585 -0.241041
0.959685 -0.144585 -0.241041
0.942271 -0.229922 -0.243438
0.917089 -0.225326 -0.328901
0.941868 0.231512 -0.243490
0.959582 0.145624 -0.240822
0.934553 0.143727 -0.325504
0.934553 0.143727 -0.325504
0.916837 0.228302 -0.327550
0.941868 0.231512 -0.243490
0.892274 -0.310500 -0.327776
0.917089 -0.225326 -0.328901
0.942271 -0.229922 -0.243438
0.942271 -0.229922 -0.243438
0.916615 -0.316233 -0.244570
0.892274 -0.310500 -0.327776
0.916751 0.315546 -0.244947
0.941868 0.231512 -0.243490
0.916837 0.228302 -0.327550
0.916837 0.228302 -0.327550
0.892577 0.309263 -0.328121
0.916751 0.315546 -0.244947
0.863893 -0.384921 -0.324845
0.892274 -0.310500 -0.327776
0.916615 -0.316233 -0.244570
0.916615 -0.316233 -0.244570
0.885717 -0.393253 -0.246693
0.863893 -0.384921 -0.324845
0.885717 -0.393253 -0.246693
0.851241 -0.462222 -0.248475
0.843230 -0.427843 -0.325443
0.843230 -0.427843 -0.325443
0.863893 -0.384921 -0.324845
0.885717 -0.393253 -0.246693
0.886019 0.392729 -0.246442
0.916751 0.315546 -0.244947
0.892577 0.309263 -0.328121
0.892577 0.309263 -0.328121
0.862892 0.384754 -0.327693
0.886019 0.392729 -0.246442
0.862892 0.384754 -0.327693
0.841617 0.434176 -0.321205
0.845806 0.469567 -0.253217
0.845806 0.469567 -0.253217
0.886019 0.392729 -0.246442
0.862892 0.384754 -0.327693
0.742103 -0.670184 0.011665
0.608948 -0.793115 0.012249
0.592220 -0.800561 -0.091524
0.592220 -0.800561 -0.091524
0.734244 -0.672942 -0.089639
0.742103 -0.670184 0.011665
0.732863 0.674706 -0.087652
0.591539 0.800951 -0.092522
0.607875 0.793941 0.012115
0.607875 0.793941 0.012115
0.743503 0.668607 0.012967
0.732863 0.674706 -0.087652
0.872360 -0.474530 -0.117512
0.909496 -0.397938 -0.120262
0.913606 -0.406490 -0.009469
0.913606 -0.406490 -0.009469
0.877531 -0.479508 0.003396
0.872360 -0.474530 -0.117512
0.851241 -0.462222 -0.248475
0.885717 -0.393253 -0.246693
0.909496 -0.397938 -0.120262
0.909496 -0.397938 -0.120262
0.872360 -0.474530 -0.117512
0.851241 -0.462222 -0.248475
0.877578 0.479427 0.002584
0.913133 0.407530 -0.010389
0.909842 0.397727 -0.118326
0.909842 0.397727 -0.118326
0.872172 0.475275 -0.115887
0.877578 0.479427 0.002584
0.872172 0.475275 -0.115887
0.909842 0.397727 -0.118326
0.886019 0.392729 -0.246442
0.886019 0.392729 -0.246442
0.845806 0.469567 -0.253217
0.872172 0.475275 -0.115887
0.824254 -0.566164 0.007962
0.742103 -0.670184 0.011665
0.734244 -0.672942 -0.089639
0.734244 -0.672942 -0.089639
0.822357 -0.559484 -0.103475
0.824254 -0.566164 0.007962
0.822357 -0.559484 -0.103475
0.872360 -0.474530 -0.117512
0.877531 -0.479508 0.003396
0.877531 -0.479508 0.003396
0.824254 -0.566164 0.007962
0.822357 -0.559484 -0.103475
0.823837 0.557448 -0.102685
0.732863 0.674706 -0.087652
0.743503 0.668607 0.012967
0.743503 0.668607 0.012967
0.824884 0.565234 0.008792
0.823837 0.557448 -0.102685
0.824884 0.565234 0.008792
0.877578 0.479427 0.002584
0.872172 0.475275 -0.115887
0.872172 0.475275 -0.115887
0.823837 0.557448 -0.102685
0.824884 0.565234 0.008792
0.167466 -0.977663 -0.127005
0.205439 -0.973286 -0.102513
0.211396 -0.975403 -0.062453
0.211396 -0.975403 -0.062453
0.149456 -0.985324 -0.082456
0.167466 -0.977663 -0.127005
0.150114 0.985438 -0.079859
0.210371 0.975717 -0.060999
0.207348 0.972751 -0.103743
0.207348 0.972751 -0.103743
0.166495 0.977554 -0.129104
0.150114 0.985438 -0.079859
0.124698 -0.980062 -0.154692
0.167466 -0.977663 -0.127005
0.149456 -0.985324 -0.082456
0.124698 -0.980062 -0.154692
0.149456 -0.985324 -0.082456
0.121800 -0.989116 -0.082546
0.150114 0.985438 -0.079859
0.166495 0.977554 -0.129104
0.124698 0.980062 -0.154692
0.124615 0.988897 -0.080951
0.150114 0.985438 -0.079859
0.124698 0.980062 -0.154692
0.108940 -0.979277 -0.170731
0.124698 -0.980062 -0.154692
0.121800 -0.989116 -0.082546
0.124615 0.988897 -0.080951
0.124698 0.980062 -0.154692
0.086063 0.980244 -0.178088
0.108940 -0.979277 -0.170731
0.121800 -0.989116 -0.082546
0.113236 -0.971752 -0.207063
0.113236 -0.971752 -0.207063
0.115501 -0.969695 -0.215292
0.108940 -0.979277 -0.170731
0.113425 0.972415 -0.203823
0.118829 0.972759 -0.199049
0.124615 0.988897 -0.080951
0.124615 0.988897 -0.080951
0.086063 0.980244 -0.178088
0.113425 0.972415 -0.203823
0.137643 -0.951811 -0.274063
0.115501 -0.969695 -0.215292
0.113236 -0.971752 -0.207063
0.113236 -0.971752 -0.207063
0.144670 -0.951202 -0.272554
0.137643 -0.951811 -0.274063
0.137838 0.952785 -0.270556
0.118829 0.972759 -0.199049
0.113425 0.972415 -0.203823
0.113425 0.972415 -0.203823
0.144565 0.951478 -0.271644
0.137838 0.952785 -0.270556
0.184116 -0.936001 -0.300007
0.137643 -0.951811 -0.274063
0.144670 -0.951202 -0.272554
0.144670 -0.951202 -0.272554
0.193325 -0.935098 -0.297013
0.184116 -0.936001 -0.300007
0.183970 0.933056 -0.309130
0.137838 0.952785 -0.270556
0.144565 0.951478 -0.271644
0.144565 0.951478 -0.271644
0.192242 0.930865 -0.310697
0.183970 0.933056 -0.309130
0.319832 -0.947421 -0.010052
0.208709 -0.977974 0.002661
0.211396 -0.975403 -0.062453
0.211396 -0.975403 -0.062453
0.309120 -0.950816 -0.019828
0.319832 -0.947421 -0.010052
0.309120 -0.950816 -0.019828
0.211396 -0.975403 -0.062453
0.205439 -0.973286 -0.102513
0.307989 0.951120 -0.022646
0.210371 0.975717 -0.060999
0.206497 0.978445 0.001818
0.206497 0.978445 0.001818
0.321587 0.946847 -0.007944
0.307989 0.951120 -0.022646
0.207348 0.972751 -0.103743
0.210371 0.975717 -0.060999
0.307989 0.951120 -0.022646
0.449326 -0.893346 0.006176
0.319832 -0.947421 -0.010052
0.309120 -0.950816 -0.019828
0.309120 -0.950816 -0.019828
0.444602 -0.895568 -0.016937
0.449326 -0.893346 0.006176
0.444602 -0.895568 -0.016937
0.592220 -0.800561 -0.091524
0.608948 -0.793115 0.012249
0.608948 -0.793115 0.012249
0.449326 -0.893346 0.006176
0.444602 -0.895568 -0.016937
0.444370 0.895660 -0.018115
0.307989 0.951120 -0.022646
0.321587 0.946847 -0.007944
0.321587 0.946847 -0.007944
0.448334 0.893836 0.007396
0.444370 0.895660 -0.018115
0.448334 0.893836 0.007396
0.607875 0.793941 0.012115
0.591539 0.800951 -0.092522
0.591539 0.800951 -0.092522
0.444370 0.895660 -0.018115
0.448334 0.893836 0.007396
0.596591 -0.783379 -0.174346
0.592220 -0.800561 -0.091524
0.444602 -0.895568 -0.016937
0.444370 0.895660 -0.018115
0.591539 0.800951 -0.092522
0.594063 0.784930 -0.175992
0.734244 -0.672942 -0.089639
0.592220 -0.800561 -0.091524
0.596591 -0.783379 -0.174346
0.596591 -0.783379 -0.174346
0.730039 -0.664332 -0.160334
0.734244 -0.672942 -0.089639
0.722465 0.671284 -0.165596
0.594063 0.784930 -0.175992
0.591539 0.800951 -0.092522
0.591539 0.800951 -0.092522
0.732863 0.674706 -0.087652
0.722465 0.671284 -0.165596
0.822357 -0.559484 -0.103475
0.734244 -0.672942 -0.089639
0.730039 -0.664332 -0.160334
0.730039 -0.664332 -0.160334
0.783366 -0.598301 -0.168444
0.822357 -0.559484 -0.103475
0.783583 0.596116 -0.175054
0.722465 0.671284 -0.165596
0.732863 0.674706 -0.087652
0.732863 0.674706 -0.087652
0.823837 0.557448 -0.102685
0.783583 0.596116 -0.175054
0.822357 -0.559484 -0.103475
0.783366 -0.598301 -0.168444
0.822755 -0.530650 -0.203677
0.822755 -0.530650 -0.203677
0.872360 -0.474530 -0.117512
0.822357 -0.559484 -0.103475
0.821390 0.529021 -0.213202
0.783583 0.596116 -0.175054
0.823837 0.557448 -0.102685
0.823837 0.557448 -0.102685
0.872172 0.475275 -0.115887
0.821390 0.529021 -0.213202
0.832897 -0.501500 -0.234052
0.851241 -0.462222 -0.248475
0.872360 -0.474530 -0.117512
0.872360 -0.474530 -0.117512
0.822755 -0.530650 -0.203677
0.832897 -0.501500 -0.234052
0.821390 0.529021 -0.213202
0.872172 0.475275 -0.115887
0.845806 0.469567 -0.253217
0.845806 0.469567 -0.253217
0.821354 0.507128 -0.261150
0.821390 0.529021 -0.213202
0.836547 -0.446241 -0.317896
0.843230 -0.427843 -0.325443
0.851241 -0.462222 -0.248475
0.851241 -0.462222 -0.248475
0.832897 -0.501500 -0.234052
0.836547 -0.446241 -0.317896
0.821354 0.507128 -0.261150
0.845806 0.469567 -0.253217
0.841617 0.434176 -0.321205
0.841617 0.434176 -0.321205
0.846156 0.443771 -0.295106
0.821354 0.507128 -0.261150
0.839932 -0.398419 -0.368478
0.843230 -0.427843 -0.325443
0.836547 -0.446241 -0.317896
0.846156 0.443771 -0.295106
0.841617 0.434176 -0.321205
0.848060 0.392578 -0.355918
-0.879437 -0.469682 -0.077388
-0.798834 -0.547549 -0.249108
-0.910700 -0.280259 -0.303448
-0.910700 -0.280259 -0.303448
-0.939972 -0.266638 -0.212972
-0.879437 -0.469682 -0.077388
-0.912866 0.310368 -0.265230
-0.909343 0.245345 -0.336007
-0.875777 0.451203 -0.171550
-0.875777 0.451203 -0.171550
-0.798527 0.577226 -0.170775
-0.912866 0.310368 -0.265230
-0.939972 -0.266638 -0.212972
-0.910700 -0.280259 -0.303448
-0.837448 -0.194719 -0.510651
-0.837448 -0.194719 -0.510651
-0.871677 -0.215985 -0.439920
-0.939972 -0.266638 -0.212972
-0.864257 0.220433 -0.452184
-0.802358 0.204028 -0.560887
-0.909343 0.245345 -0.336007
-0.909343 0.245345 -0.336007
-0.912866 0.310368 -0.265230
-0.864257 0.220433 -0.452184
-0.871677 -0.215985 -0.439920
-0.837448 -0.194719 -0.510651
-0.665808 -0.135839 -0.733654
-0.665808 -0.135839 -0.733654
-0.656063 -0.162219 -0.737066
-0.871677 -0.215985 -0.439920
-0.708151 0.153770 -0.689113
-0.627466 0.158649 -0.762310
-0.802358 0.204028 -0.560887
-0.802358 0.204028 -0.560887
-0.864257 0.220433 -0.452184
-0.708151 0.153770 -0.689113
-0.656063 -0.162219 -0.737066
-0.665808 -0.135839 -0.733654
-0.415536 -0.070106 -0.906871
-0.415536 -0.070106 -0.906871
-0.364976 -0.073727 -0.928093
-0.656063 -0.162219 -0.737066
-0.429451 0.086421 -0.898946
-0.408928 0.127571 -0.903606
-0.627466 0.158649 -0.762310
-0.627466 0.158649 -0.762310
-0.708151 0.153770 -0.689113
-0.429451 0.086421 -0.898946
-0.364976 -0.073727 -0.928093
-0.415536 -0.070106 -0.906871
-0.202487 -0.043129 -0.978335
-0.202487 -0.043129 -0.978335
-0.189349 -0.049148 -0.980679
-0.364976 -0.073727 -0.928093
-0.210916 0.044134 -0.976507
-0.206037 0.056563 -0.976908
-0.408928 0.127571 -0.903606
-0.408928 0.127571 -0.903606
-0.429451 0.086421 -0.898946
-0.210916 0.044134 -0.976507
-0.189349 -0.049148 -0.980679
-0.202487 -0.043129 -0.978335
-0.093328 -0.054571 -0.994139
-0.093328 -0.054571 -0.994139
-0.087716 -0.056379 -0.994549
-0.189349 -0.049148 -0.980679
-0.086775 0.056387 -0.994631
-0.089762 0.063056 -0.993965
-0.206037 0.056563 -0.976908
-0.206037 0.056563 -0.976908
-0.210916 0.044134 -0.976507
-0.086775 0.056387 -0.994631
-0.087716 -0.056379 -0.994549
-0.093328 -0.054571 -0.994139
-0.027981 -0.058886 -0.997872
-0.027981 -0.058886 -0.997872
-0.024029 -0.057706 -0.998044
-0.087716 -0.056379 -0.994549
-0.026454 0.057858 -0.997974
-0.029966 0.058494 -0.997838
-0.089762 0.063056 -0.993965
-0.089762 0.063056 -0.993965
-0.086775 0.056387 -0.994631
-0.026454 0.057858 -0.997974
-0.024029 -0.057706 -0.998044
-0.027981 -0.058886 -0.997872
0.080129 -0.044469 -0.995792
0.080129 -0.044469 -0.995792
0.131173 -0.061088 -0.989475
-0.024029 -0.057706 -0.998044
0.164438 0.039683 -0.985589
0.095724 0.060229 -0.993584
-0.029966 0.058494 -0.997838
-0.029966 0.058494 -0.997838
-0.026454 0.057858 -0.997974
0.164438 0.039683 -0.985589
0.131173 -0.061088 -0.989475
0.080129 -0.044469 -0.995792
0.367123 -0.049147 -0.928873
0.367123 -0.049147 -0.928873
0.548856 -0.075735 -0.832479
0.131173 -0.061088 -0.989475
0.561464 0.034514 -0.826781
0.373551 0.083134 -0.923877
0.095724 0.060229 -0.993584
0.095724 0.060229 -0.993584
0.164438 0.039683 -0.985589
0.561464 0.034514 -0.826781
0.548856 -0.075735 -0.832479
0.367123 -0.049147 -0.928873
0.749676 -0.047648 -0.660087
0.749676 -0.047648 -0.660087
0.845814 -0.068529 -0.529058
0.548856 -0.075735 -0.832479
0.842687 0.032988 -0.537392
0.741737 0.080566 -0.665835
0.373551 0.083134 -0.923877
0.373551 0.083134 -0.923877
0.561464 0.034514 -0.826781
0.842687 0.032988 -0.537392
0.845814 -0.068529 -0.529058
0.749676 -0.047648 -0.660087
0.949268 -0.048217 -0.310748
0.949268 -0.048217 -0.310748
0.966005 -0.056356 -0.252305
0.845814 -0.068529 -0.529058
0.965601 0.043463 -0.256370
0.946100 0.059517 -0.318359
0.741737 0.080566 -0.665835
0.741737 0.080566 -0.665835
0.842687 0.032988 -0.537392
0.965601 0.043463 -0.256370
0.966005 -0.056356 -0.252305
0.949268 -0.048217 -0.310748
0.991171 -0.048649 -0.123344
0.991171 -0.048649 -0.123344
0.992899 -0.046068 -0.109676
0.966005 -0.056356 -0.252305
0.992626 0.047854 -0.111369
0.990861 0.047907 -0.126092
0.946100 0.059517 -0.318359
0.946100 0.059517 -0.318359
0.965601 0.043463 -0.256370
0.992626 0.047854 -0.111369
0.992899 -0.046068 -0.109676
0.991171 -0.048649 -0.123344
0.998682 -0.037474 -0.035070
0.998682 -0.037474 -0.035070
0.998929 -0.032833 -0.032607
0.992899 -0.046068 -0.109676
0.998929 -0.032833 -0.032607
0.998682 -0.037474 -0.035070
0.999563 -0.027847 -0.009929
0.999563 -0.027847 -0.009929
0.999639 -0.024216 -0.011674
0.998929 -0.032833 -0.032607
0.019823 0.015482 -0.999684
-0.021789 0.037686 -0.999052
0.013825 0.018686 -0.999730
0.013825 0.018686 -0.999730
0.077415 -0.015346 -0.996881
0.019823 0.015482 -0.999684
0.998825 0.036789 -0.031539
0.998949 0.033087 -0.031705
0.990861 0.047907 -0.126092
0.990861 0.047907 -0.126092
0.992626 0.047854 -0.111369
0.998825 0.036789 -0.031539
0.999574 0.028157 -0.007621
0.999690 0.024479 -0.004633
0.998949 0.033087 -0.031705
0.998949 0.033087 -0.031705
0.998825 0.036789 -0.031539
0.999574 0.028157 -0.007621
0.285712 -0.025811 -0.957968
-0.019004 -0.024464 -0.999520
-0.011706 -0.024524 -0.999631
-0.011706 -0.024524 -0.999631
0.360964 -0.025762 -0.932224
0.285712 -0.025811 -0.957968
0.863893 -0.384921 -0.324845
0.843230 -0.427843 -0.325443
0.839932 -0.398419 -0.368478
0.839932 -0.398419 -0.368478
0.854366 -0.362909 -0.371963
0.863893 -0.384921 -0.324845
0.855204 0.366375 -0.366599
0.848060 0.392578 -0.355918
0.841617 0.434176 -0.321205
0.841617 0.434176 -0.321205
0.862892 0.384754 -0.327693
0.855204 0.366375 -0.366599
-0.313073 -0.848966 -0.425726
-0.038052 -0.840922 -0.539817
-0.798834 -0.547549 -0.249108
-0.798834 -0.547549 -0.249108
-0.879437 -0.469682 -0.077388
-0.313073 -0.848966 -0.425726
-0.798527 0.577226 -0.170775
-0.875777 0.451203 -0.171550
-0.291075 0.940707 -0.174203
-0.291075 0.940707 -0.174203
-0.039727 0.990854 -0.128955
-0.798527 0.577226 -0.170775
0.892274 -0.310500 -0.327776
0.863893 -0.384921 -0.324845
0.854366 -0.362909 -0.371963
0.854366 -0.362909 -0.371963
0.876721 -0.301926 -0.374433
0.892274 -0.310500 -0.327776
0.877159 0.303667 -0.371993
0.855204 0.366375 -0.366599
0.862892 0.384754 -0.327693
0.862892 0.384754 -0.327693
0.892577 0.309263 -0.328121
0.877159 0.303667 -0.371993
0.917089 -0.225326 -0.328901
0.892274 -0.310500 -0.327776
0.876721 -0.301926 -0.374433
0.876721 -0.301926 -0.374433
0.899811 -0.226441 -0.372915
0.917089 -0.225326 -0.328901
0.898371 0.228908 -0.374874
0.877159 0.303667 -0.371993
0.892577 0.309263 -0.328121
0.892577 0.309263 -0.328121
0.916837 0.228302 -0.327550
0.898371 0.228908 -0.374874
0.934239 -0.144904 -0.325884
0.917089 -0.225326 -0.328901
0.899811 -0.226441 -0.372915
0.899811 -0.226441 -0.372915
0.917552 -0.149195 -0.368562
0.934239 -0.144904 -0.325884
0.916775 0.146085 -0.371729
0.898371 0.228908 -0.374874
0.916837 0.228302 -0.327550
0.916837 0.228302 -0.327550
0.934553 0.143727 -0.325504
0.916775 0.146085 -0.371729
0.926188 -0.070463 -0.370419
0.943314 -0.071299 -0.324152
0.934239 -0.144904 -0.325884
0.934239 -0.144904 -0.325884
0.917552 -0.149195 -0.368562
0.926188 -0.070463 -0.370419
0.916775 0.146085 -0.371729
0.934553 0.143727 -0.325504
0.943165 0.070154 -0.324835
0.943165 0.070154 -0.324835
0.926493 0.070945 -0.369564
0.916775 0.146085 -0.371729
0.926493 0.070945 -0.369564
0.943165 0.070154 -0.324835
0.945432 0.000411 -0.325820
0.945432 0.000411 -0.325820
0.928529 -0.000093 -0.371259
0.926493 0.070945 -0.369564
0.928529 -0.000093 -0.371259
0.945432 0.000411 -0.325820
0.943314 -0.071299 -0.324152
0.943314 -0.071299 -0.324152
0.926188 -0.070463 -0.370419
0.928529 -0.000093 -0.371259
0.040956 -0.002506 -0.999158
0.040265 -0.002553 -0.999186
0.030838 -0.006277 -0.999505
0.030838 -0.006277 -0.999505
0.031387 -0.006546 -0.999486
0.040956 -0.002506 -0.999158
0.009107 -0.001525 -0.999957
0.009150 -0.001443 -0.999957
0.040265 -0.002553 -0.999186
0.040265 -0.002553 -0.999186
0.040956 -0.002506 -0.999158
0.009107 -0.001525 -0.999957
0.031044 0.004508 -0.999508
0.031675 0.004619 -0.999488
0.040835 0.004392 -0.999156
0.040835 0.004392 -0.999156
0.040198 0.004326 -0.999182
0.031044 0.004508 -0.999508
0.040198 0.004326 -0.999182
0.040835 0.004392 -0.999156
0.009150 -0.001443 -0.999957
0.009150 -0.001443 -0.999957
0.009107 -0.001525 -0.999957
0.040198 0.004326 -0.999182
0.031387 -0.006546 -0.999486
0.030838 -0.006277 -0.999505
0.056878 -0.013864 -0.998285
0.056878 -0.013864 -0.998285
0.057121 -0.013850 -0.998271
0.031387 -0.006546 -0.999486
0.056378 0.016061 -0.998280
0.056552 0.016039 -0.998271
0.031675 0.004619 -0.999488
0.031675 0.004619 -0.999488
0.031044 0.004508 -0.999508
0.056378 0.016061 -0.998280
0.034548 -0.012195 -0.999329
0.040440 -0.013331 -0.999093
0.009402 -0.006478 -0.999935
0.009402 -0.006478 -0.999935
0.004903 -0.006249 -0.999968
0.034548 -0.012195 -0.999329
0.004903 -0.006249 -0.999968
0.009402 -0.006478 -0.999935
-0.004379 -0.005754 -0.999974
-0.004379 -0.005754 -0.999974
-0.008451 -0.005953 -0.999947
0.004903 -0.006249 -0.999968
0.057121 -0.013850 -0.998271
0.056878 -0.013864 -0.998285
0.040440 -0.013331 -0.999093
0.040440 -0.013331 -0.999093
0.034548 -0.012195 -0.999329
0.057121 -0.013850 -0.998271
0.008123 0.008890 -0.999927
0.005353 0.005554 -0.999970
0.032463 0.016311 -0.999340
0.032463 0.016311 -0.999340
0.036733 0.023261 -0.999054
0.008123 0.008890 -0.999927
-0.003506 0.002610 -0.999990
-0.007932 -0.002269 -0.999966
0.005353 0.005554 -0.999970
0.005353 0.005554 -0.999970
0.008123 0.008890 -0.999927
-0.003506 0.002610 -0.999990
0.036733 0.023261 -0.999054
0.032463 0.016311 -0.999340
0.056552 0.016039 -0.998271
0.056552 0.016039 -0.998271
0.056378 0.016061 -0.998280
0.036733 0.023261 -0.999054
-0.994283 0.042585 0.097913
-0.997156 -0.003178 0.075295
-0.997157 -0.003159 0.075291
-0.997157 -0.003159 0.075291
-0.993442 0.045229 0.105016
-0.994283 0.042585 0.097913
-0.994096 -0.052120 0.095165
-0.997157 -0.003159 0.075291
-0.997156 -0.003178 0.075295
-0.997156 -0.003178 0.075295
-0.993435 -0.045545 0.104939
-0.994096 -0.052120 0.095165
-0.994283 0.042585 0.097913
-0.993442 0.045229 0.105016
-0.994903 0.100829 -0.001081
-0.994903 0.100829 -0.001081
-0.995822 0.090931 -0.008393
-0.994283 0.042585 0.097913
-0.996000 -0.089316 0.002483
-0.995017 -0.099075 -0.011181
-0.994096 -0.052120 0.095165
-0.994096 -0.052120 0.095165
-0.993435 -0.045545 0.104939
-0.996000 -0.089316 0.002483
-0.161506 -0.840254 0.517580
-0.082857 -0.897170 0.433844
-0.219158 -0.955841 0.195801
-0.219158 -0.955841 0.195801
-0.225460 -0.943848 0.241493
-0.161506 -0.840254 0.517580
-0.216846 0.780422 0.586447
-0.159932 0.843653 0.512515
-0.025135 0.624527 0.780599
-0.025135 0.624527 0.780599
-0.172265 0.524469 0.833821
-0.216846 0.780422 0.586447
-0.223858 0.924737 0.307813
-0.224613 0.945975 0.233838
-0.159932 0.843653 0.512515
-0.159932 0.843653 0.512515
-0.216846 0.780422 0.586447
-0.223858 0.924737 0.307813
-0.183030 -0.531087 0.827313
-0.049608 -0.647994 0.760028
-0.161506 -0.840254 0.517580
-0.161506 -0.840254 0.517580
-0.221377 -0.779568 0.585889
-0.183030 -0.531087 0.827313
-0.221377 -0.779568 0.585889
-0.161506 -0.840254 0.517580
-0.225460 -0.943848 0.241493
-0.225460 -0.943848 0.241493
-0.225791 -0.921692 0.315440
-0.221377 -0.779568 0.585889
-0.463024 -0.882583 -0.081589
-0.580554 -0.813603 0.031738
-0.291008 -0.954405 0.066518
-0.291008 -0.954405 0.066518
-0.096194 -0.986806 0.130231
-0.463024 -0.882583 -0.081589
-0.094713 0.983614 0.153403
-0.114044 0.987741 0.106592
-0.437687 0.894565 -0.090467
-0.437687 0.894565 -0.090467
-0.351974 0.922808 -0.156651
-0.094713 0.983614 0.153403
-0.356296 -0.920902 -0.158092
-0.463024 -0.882583 -0.081589
-0.096194 -0.986806 0.130231
-0.096194 -0.986806 0.130231
-0.094541 -0.982393 0.161141
-0.356296 -0.920902 -0.158092
-0.141070 0.972015 0.187846
-0.094713 0.983614 0.153403
-0.351974 0.922808 -0.156651
-0.351974 0.922808 -0.156651
-0.278742 0.937226 -0.209547
-0.141070 0.972015 0.187846
-0.279078 -0.937365 -0.208478
-0.356296 -0.920902 -0.158092
-0.094541 -0.982393 0.161141
-0.094541 -0.982393 0.161141
-0.139168 -0.972007 0.189302
-0.279078 -0.937365 -0.208478
-0.216073 0.703981 -0.676552
-0.129586 0.881610 -0.453841
-0.202907 0.955223 -0.215353
-0.202907 0.955223 -0.215353
-0.217875 0.942432 -0.253679
-0.216073 0.703981 -0.676552
-0.217875 0.942432 -0.253679
-0.202907 0.955223 -0.215353
-0.246373 0.968371 0.039466
-0.246373 0.968371 0.039466
-0.174843 0.962218 0.208726
-0.217875 0.942432 -0.253679
-0.174843 0.962218 0.208726
-0.141070 0.972015 0.187846
-0.278742 0.937226 -0.209547
-0.278742 0.937226 -0.209547
-0.217875 0.942432 -0.253679
-0.174843 0.962218 0.208726
-0.214216 -0.946537 -0.241202
-0.201032 -0.960416 -0.192837
-0.126578 -0.866392 -0.483055
-0.126578 -0.866392 -0.483055
-0.192889 -0.698458 -0.689167
-0.214216 -0.946537 -0.241202
-0.190525 -0.960828 0.201271
-0.229807 -0.972567 0.036087
-0.201032 -0.960416 -0.192837
-0.201032 -0.960416 -0.192837
-0.214216 -0.946537 -0.241202
-0.190525 -0.960828 0.201271
-0.214216 -0.946537 -0.241202
-0.279078 -0.937365 -0.208478
-0.139168 -0.972007 0.189302
-0.139168 -0.972007 0.189302
-0.190525 -0.960828 0.201271
-0.214216 -0.946537 -0.241202
-0.334663 0.942276 0.010771
-0.246373 0.968371 0.039466
-0.202907 0.955223 -0.215353
-0.202907 0.955223 -0.215353
-0.216649 0.966746 -0.135888
-0.334663 0.942276 0.010771
-0.192510 -0.973161 -0.126088
-0.201032 -0.960416 -0.192837
-0.229807 -0.972567 0.036087
-0.229807 -0.972567 0.036087
-0.317784 -0.945608 0.069563
-0.192510 -0.973161 -0.126088
-0.228160 0.973266 0.026391
-0.201700 0.979447 -0.000438
-0.328515 0.940115 0.090891
-0.328515 0.940115 0.090891
-0.381841 0.904342 0.190691
-0.228160 0.973266 0.026391
-0.381841 0.904342 0.190691
-0.334663 0.942276 0.010771
-0.216649 0.966746 -0.135888
-0.216649 0.966746 -0.135888
-0.228160 0.973266 0.026391
-0.381841 0.904342 0.190691
-0.426298 -0.889798 0.162878
-0.283999 -0.953424 0.101626
-0.220562 -0.975089 0.023524
-0.220562 -0.975089 0.023524
-0.282649 -0.959205 0.005998
-0.426298 -0.889798 0.162878
-0.282649 -0.959205 0.005998
-0.192510 -0.973161 -0.126088
-0.317784 -0.945608 0.069563
-0.317784 -0.945608 0.069563
-0.426298 -0.889798 0.162878
-0.282649 -0.959205 0.005998
-0.437687 0.894565 -0.090467
-0.565955 0.823120 0.046559
-0.843344 0.537274 -0.010365
-0.843344 0.537274 -0.010365
-0.790294 0.549875 -0.270319
-0.437687 0.894565 -0.090467
-0.167384 0.985888 0.002862
-0.168930 0.985533 0.013699
-0.167340 0.985899 0.000259
-0.167340 0.985899 0.000259
-0.167000 0.985957 -0.000110
-0.167384 0.985888 0.002862
-0.048846 0.997965 -0.040986
-0.011310 0.999157 0.039456
-0.193616 0.980047 0.044958
-0.193616 0.980047 0.044958
-0.201700 0.979447 -0.000438
-0.048846 0.997965 -0.040986
-0.786507 -0.555840 -0.269163
-0.845765 -0.533550 0.002408
-0.580554 -0.813603 0.031738
-0.580554 -0.813603 0.031738
-0.463024 -0.882583 -0.081589
-0.786507 -0.555840 -0.269163
-0.167391 -0.985890 0.000540
-0.168883 -0.985636 0.000602
-0.167274 -0.985809 0.014133
-0.167274 -0.985809 0.014133
-0.166972 -0.985956 0.003481
-0.167391 -0.985890 0.000540
-0.220562 -0.975089 0.023524
-0.183085 -0.982483 0.034758
-0.035963 -0.999353 -0.001059
-0.035963 -0.999353 -0.001059
-0.048670 -0.997075 -0.058931
-0.220562 -0.975089 0.023524
-0.351974 0.922808 -0.156651
-0.437687 0.894565 -0.090467
-0.790294 0.549875 -0.270319
-0.790294 0.549875 -0.270319
-0.617615 0.609514 -0.497036
-0.351974 0.922808 -0.156651
-0.166966 0.985958 -0.003064
-0.167384 0.985888 0.002862
-0.167000 0.985957 -0.000110
-0.167000 0.985957 -0.000110
-0.167351 0.985897 0.000586
-0.166966 0.985958 -0.003064
-0.041049 0.987441 -0.152565
-0.048846 0.997965 -0.040986
-0.201700 0.979447 -0.000438
-0.201700 0.979447 -0.000438
-0.228160 0.973266 0.026391
-0.041049 0.987441 -0.152565
-0.609995 -0.612176 -0.503137
-0.786507 -0.555840 -0.269163
-0.463024 -0.882583 -0.081589
-0.463024 -0.882583 -0.081589
-0.356296 -0.920902 -0.158092
-0.609995 -0.612176 -0.503137
-0.166958 -0.985964 -0.000066
-0.167391 -0.985890 0.000540
-0.166972 -0.985956 0.003481
-0.166972 -0.985956 0.003481
-0.167345 -0.985892 -0.003690
-0.166958 -0.985964 -0.000066
-0.282649 -0.959205 0.005998
-0.220562 -0.975089 0.023524
-0.048670 -0.997075 -0.058931
-0.048670 -0.997075 -0.058931
0.003017 -0.984578 -0.174922
-0.282649 -0.959205 0.005998
-0.278742 0.937226 -0.209547
-0.351974 0.922808 -0.156651
-0.617615 0.609514 -0.497036
-0.617615 0.609514 -0.497036
-0.365049 0.670569 -0.645815
-0.278742 0.937226 -0.209547
-0.167424 0.985858 0.007227
-0.166966 0.985958 -0.003064
-0.167351 0.985897 0.000586
-0.167351 0.985897 0.000586
-0.166768 0.985996 0.000015
-0.167424 0.985858 0.007227
-0.166768 0.985996 0.000015
-0.166792 0.985992 0.000545
-0.166768 0.985996 -0.000044
-0.166768 0.985996 -0.000044
-0.167424 0.985858 0.007227
-0.166768 0.985996 0.000015
-0.365049 0.670569 -0.645815
-0.216073 0.703981 -0.676552
-0.217875 0.942432 -0.253679
-0.217875 0.942432 -0.253679
-0.278742 0.937226 -0.209547
-0.365049 0.670569 -0.645815
-0.216649 0.966746 -0.135888
-0.202907 0.955223 -0.215353
-0.129586 0.881610 -0.453841
-0.129586 0.881610 -0.453841
-0.064277 0.943707 -0.324477
-0.216649 0.966746 -0.135888
-0.064277 0.943707 -0.324477
-0.041049 0.987441 -0.152565
-0.228160 0.973266 0.026391
-0.228160 0.973266 0.026391
-0.216649 0.966746 -0.135888
-0.064277 0.943707 -0.324477
-0.369669 -0.667132 -0.646746
-0.609995 -0.612176 -0.503137
-0.356296 -0.920902 -0.158092
-0.356296 -0.920902 -0.158092
-0.279078 -0.937365 -0.208478
-0.369669 -0.667132 -0.646746
-0.167422 -0.985885 0.001207
-0.166958 -0.985964 -0.000066
-0.167345 -0.985892 -0.003690
-0.167345 -0.985892 -0.003690
-0.166735 -0.985963 0.008713
-0.167422 -0.985885 0.001207
-0.166735 -0.985963 0.008713
-0.166789 -0.985993 -0.000139
-0.166766 -0.985996 0.000379
-0.166766 -0.985996 0.000379
-0.167422 -0.985885 0.001207
-0.166735 -0.985963 0.008713
-0.279078 -0.937365 -0.208478
-0.214216 -0.946537 -0.241202
-0.192889 -0.698458 -0.689167
-0.192889 -0.698458 -0.689167
-0.369669 -0.667132 -0.646746
-0.279078 -0.937365 -0.208478
-0.040870 -0.933884 -0.355234
-0.126578 -0.866392 -0.483055
-0.201032 -0.960416 -0.192837
-0.201032 -0.960416 -0.192837
-0.192510 -0.973161 -0.126088
-0.040870 -0.933884 -0.355234
-0.192510 -0.973161 -0.126088
-0.282649 -0.959205 0.005998
0.003017 -0.984578 -0.174922
0.003017 -0.984578 -0.174922
-0.040870 -0.933884 -0.355234
-0.192510 -0.973161 -0.126088
-0.166678 0.985708 -0.024451
-0.166790 0.985992 0.000306
-0.166781 0.985994 0.000111
-0.166781 0.985994 0.000111
-0.168535 0.985690 -0.003376
-0.166678 0.985708 -0.024451
0.176270 0.714828 0.676720
-0.025135 0.624527 0.780599
-0.159932 0.843653 0.512515
-0.159932 0.843653 0.512515
-0.075635 0.901393 0.426345
0.176270 0.714828 0.676720
-0.358264 0.759149 0.543452
-0.216846 0.780422 0.586447
-0.172265 0.524469 0.833821
-0.172265 0.524469 0.833821
-0.395082 0.504046 0.768016
-0.358264 0.759149 0.543452
-0.166780 -0.985994 -0.000176
-0.166789 -0.985992 0.000065
-0.166781 -0.985994 0.000257
-0.166781 -0.985994 0.000257
-0.168445 -0.985489 -0.020900
-0.166780 -0.985994 -0.000176
-0.082857 -0.897170 0.433844
-0.161506 -0.840254 0.517580
-0.049608 -0.647994 0.760028
-0.049608 -0.647994 0.760028
0.130809 -0.748192 0.650460
-0.082857 -0.897170 0.433844
-0.398332 -0.504040 0.766339
-0.183030 -0.531087 0.827313
-0.221377 -0.779568 0.585889
-0.221377 -0.779568 0.585889
-0.360607 -0.760337 0.540231
-0.398332 -0.504040 0.766339
0.235107 0.858362 0.456004
0.176270 0.714828 0.676720
-0.075635 0.901393 0.426345
-0.075635 0.901393 0.426345
-0.062238 0.967727 0.244193
0.235107 0.858362 0.456004
-0.168337 0.985593 -0.016398
-0.166678 0.985708 -0.024451
-0.168535 0.985690 -0.003376
-0.168535 0.985690 -0.003376
-0.169771 0.985479 -0.003017
-0.168337 0.985593 -0.016398
-0.526488 0.736739 0.424295
-0.358264 0.759149 0.543452
-0.395082 0.504046 0.768016
-0.395082 0.504046 0.768016
-0.646778 0.494506 0.580639
-0.526488 0.736739 0.424295
-0.046435 -0.968013 0.246566
-0.082857 -0.897170 0.433844
0.130809 -0.748192 0.650460
0.130809 -0.748192 0.650460
0.205605 -0.886810 0.413877
-0.046435 -0.968013 0.246566
-0.168365 -0.985723 -0.001725
-0.166780 -0.985994 -0.000176
-0.168445 -0.985489 -0.020900
-0.168445 -0.985489 -0.020900
-0.169696 -0.985378 -0.015266
-0.168365 -0.985723 -0.001725
-0.657650 -0.483303 0.577853
-0.398332 -0.504040 0.766339
-0.360607 -0.760337 0.540231
-0.360607 -0.760337 0.540231
-0.537271 -0.735268 0.413184
-0.657650 -0.483303 0.577853
-0.117331 0.985791 0.120206
-0.193616 0.980047 0.044958
-0.011310 0.999157 0.039456
-0.011310 0.999157 0.039456
0.178229 0.965764 0.188503
-0.117331 0.985791 0.120206
-0.168739 0.985661 -0.000160
-0.167340 0.985899 0.000259
-0.168930 0.985533 0.013699
-0.168930 0.985533 0.013699
-0.169783 0.985445 0.008540
-0.168739 0.985661 -0.000160
0.178229 0.965764 0.188503
0.235107 0.858362 0.456004
-0.062238 0.967727 0.244193
-0.062238 0.967727 0.244193
-0.117331 0.985791 0.120206
0.178229 0.965764 0.188503
-0.169783 0.985445 0.008540
-0.168337 0.985593 -0.016398
-0.169771 0.985479 -0.003017
-0.169771 0.985479 -0.003017
-0.168739 0.985661 -0.000160
-0.169783 0.985445 0.008540
-0.594507 0.775240 0.213457
-0.526488 0.736739 0.424295
-0.646778 0.494506 0.580639
-0.646778 0.494506 0.580639
-0.799711 0.519836 0.300387
-0.594507 0.775240 0.213457
-0.799711 0.519836 0.300387
-0.843344 0.537274 -0.010365
-0.565955 0.823120 0.046559
-0.565955 0.823120 0.046559
-0.594507 0.775240 0.213457
-0.799711 0.519836 0.300387
0.127914 -0.977222 0.169336
-0.035963 -0.999353 -0.001059
-0.183085 -0.982483 0.034758
-0.183085 -0.982483 0.034758
-0.093331 -0.987865 0.124148
0.127914 -0.977222 0.169336
-0.168664 -0.985648 0.007106
-0.167274 -0.985809 0.014133
-0.168883 -0.985636 0.000602
-0.168883 -0.985636 0.000602
-0.169704 -0.985494 -0.001473
-0.168664 -0.985648 0.007106
-0.093331 -0.987865 0.124148
-0.046435 -0.968013 0.246566
0.205605 -0.886810 0.413877
0.205605 -0.886810 0.413877
0.127914 -0.977222 0.169336
-0.093331 -0.987865 0.124148
-0.169704 -0.985494 -0.001473
-0.168365 -0.985723 -0.001725
-0.169696 -0.985378 -0.015266
-0.169696 -0.985378 -0.015266
-0.168664 -0.985648 0.007106
-0.169704 -0.985494 -0.001473
-0.806240 -0.504475 0.309002
-0.657650 -0.483303 0.577853
-0.537271 -0.735268 0.413184
-0.537271 -0.735268 0.413184
-0.596472 -0.772507 0.217838
-0.806240 -0.504475 0.309002
-0.596472 -0.772507 0.217838
-0.580554 -0.813603 0.031738
-0.845765 -0.533550 0.002408
-0.845765 -0.533550 0.002408
-0.806240 -0.504475 0.309002
-0.596472 -0.772507 0.217838
-0.440266 0.897274 0.032642
-0.387299 0.919800 0.062993
-0.406875 0.912775 0.035970
-0.307381 0.950509 0.045275
-0.328515 0.940115 0.090891
-0.201700 0.979447 -0.000438
-0.201700 0.979447 -0.000438
-0.193616 0.980047 0.044958
-0.307381 0.950509 0.045275
-0.408210 -0.912216 0.035025
-0.387299 -0.919800 0.062993
-0.439480 -0.897691 0.031746
-0.183085 -0.982483 0.034758
-0.220562 -0.975089 0.023524
-0.283999 -0.953424 0.101626
-0.283999 -0.953424 0.101626
-0.304964 -0.951224 0.046573
-0.183085 -0.982483 0.034758
-0.108161 0.992942 0.048648
-0.226695 0.966269 0.122205
-0.182223 0.978819 0.093320
-0.565955 0.823120 0.046559
-0.437687 0.894565 -0.090467
-0.114044 0.987741 0.106592
-0.114044 0.987741 0.106592
-0.329962 0.940165 0.084941
-0.565955 0.823120 0.046559
-0.182102 -0.978767 0.094095
-0.226717 -0.966311 0.121827
-0.126673 -0.990247 0.058008
-0.149603 0.987130 -0.056511
-0.147119 0.989026 0.013537
-0.113899 0.992869 0.035176
-0.387748 0.911735 0.135613
-0.378909 0.886865 0.264384
-0.526488 0.736739 0.424295
-0.526488 0.736739 0.424295
-0.594507 0.775240 0.213457
-0.387748 0.911735 0.135613
-0.594507 0.775240 0.213457
-0.565955 0.823120 0.046559
-0.329962 0.940165 0.084941
-0.329962 0.940165 0.084941
-0.387748 0.911735 0.135613
-0.594507 0.775240 0.213457
-0.120177 -0.992193 0.033329
-0.147118 -0.989026 0.013539
-0.147940 -0.987425 -0.055727
-0.596472 -0.772507 0.217838
-0.537271 -0.735268 0.413184
-0.382038 -0.890464 0.247225
-0.382038 -0.890464 0.247225
-0.365364 -0.921757 0.129899
-0.596472 -0.772507 0.217838
-0.365364 -0.921757 0.129899
-0.291008 -0.954405 0.066518
-0.580554 -0.813603 0.031738
-0.580554 -0.813603 0.031738
-0.596472 -0.772507 0.217838
-0.365364 -0.921757 0.129899
-0.113899 0.992869 0.035176
-0.108161 0.992942 0.048648
-0.182223 0.978819 0.093320
-0.182223 0.978819 0.093320
-0.149603 0.987130 -0.056511
-0.113899 0.992869 0.035176
-0.167025 0.984965 -0.044130
-0.147119 0.989026 0.013537
-0.149603 0.987130 -0.056511
-0.283095 0.906716 0.312606
-0.223858 0.924737 0.307813
-0.216846 0.780422 0.586447
-0.216846 0.780422 0.586447
-0.358264 0.759149 0.543452
-0.283095 0.906716 0.312606
-0.358264 0.759149 0.543452
-0.526488 0.736739 0.424295
-0.378909 0.886865 0.264384
-0.378909 0.886865 0.264384
-0.283095 0.906716 0.312606
-0.358264 0.759149 0.543452
-0.147940 -0.987425 -0.055727
-0.182102 -0.978767 0.094095
-0.126673 -0.990247 0.058008
-0.126673 -0.990247 0.058008
-0.120177 -0.992193 0.033329
-0.147940 -0.987425 -0.055727
-0.147940 -0.987425 -0.055727
-0.147118 -0.989026 0.013539
-0.161794 -0.986815 -0.004271
-0.360607 -0.760337 0.540231
-0.221377 -0.779568 0.585889
-0.225791 -0.921692 0.315440
-0.225791 -0.921692 0.315440
-0.286958 -0.904288 0.316100
-0.360607 -0.760337 0.540231
-0.286958 -0.904288 0.316100
-0.382038 -0.890464 0.247225
-0.537271 -0.735268 0.413184
-0.537271 -0.735268 0.413184
-0.360607 -0.760337 0.540231
-0.286958 -0.904288 0.316100
-0.219298 0.958457 0.182395
-0.274407 0.958813 0.073333
-0.062238 0.967727 0.244193
-0.062238 0.967727 0.244193
-0.075635 0.901393 0.426345
-0.219298 0.958457 0.182395
-0.075635 0.901393 0.426345
-0.159932 0.843653 0.512515
-0.224613 0.945975 0.233838
-0.224613 0.945975 0.233838
-0.219298 0.958457 0.182395
-0.075635 0.901393 0.426345
-0.082857 -0.897170 0.433844
-0.046435 -0.968013 0.246566
-0.253572 -0.963999 0.080046
-0.253572 -0.963999 0.080046
-0.219158 -0.955841 0.195801
-0.082857 -0.897170 0.433844
-0.431398 0.899772 -0.065627
-0.440266 0.897274 0.032642
-0.406875 0.912775 0.035970
-0.406875 0.912775 0.035970
-0.402890 0.915192 0.010180
-0.431398 0.899772 -0.065627
-0.431398 0.899772 -0.065627
-0.372967 0.926799 -0.044035
-0.343238 0.937946 -0.049440
-0.302835 0.951605 0.052330
-0.307381 0.950509 0.045275
-0.193616 0.980047 0.044958
-0.193616 0.980047 0.044958
-0.117331 0.985791 0.120206
-0.302835 0.951605 0.052330
-0.117331 0.985791 0.120206
-0.062238 0.967727 0.244193
-0.274407 0.958813 0.073333
-0.274407 0.958813 0.073333
-0.302835 0.951605 0.052330
-0.117331 0.985791 0.120206
-0.403717 -0.914825 0.010369
-0.408210 -0.912216 0.035025
-0.439480 -0.897691 0.031746
-0.439480 -0.897691 0.031746
-0.432231 -0.899261 -0.067134
-0.403717 -0.914825 0.010369
-0.341569 -0.913935 -0.219209
-0.371852 -0.927139 -0.046249
-0.432231 -0.899261 -0.067134
-0.093331 -0.987865 0.124148
-0.183085 -0.982483 0.034758
-0.304964 -0.951224 0.046573
-0.304964 -0.951224 0.046573
-0.295349 -0.954044 0.050688
-0.093331 -0.987865 0.124148
-0.295349 -0.954044 0.050688
-0.253572 -0.963999 0.080046
-0.046435 -0.968013 0.246566
-0.046435 -0.968013 0.246566
-0.093331 -0.987865 0.124148
-0.295349 -0.954044 0.050688
-0.988058 0.150934 -0.030992
-0.989116 0.141406 -0.040656
-0.991388 0.129937 -0.016291
-0.991573 -0.129359 -0.007019
-0.989121 -0.141357 -0.040723
-0.988180 -0.150226 -0.030548
-0.869541 0.184760 0.457998
-0.781463 0.321433 0.534786
-0.443507 0.294962 0.846345
-0.443507 0.294962 0.846345
-0.657718 0.056946 0.751108
-0.869541 0.184760 0.457998
-0.631946 -0.035637 0.774193
-0.446869 -0.269057 0.853180
-0.775249 -0.319441 0.544928
-0.775249 -0.319441 0.544928
-0.874517 -0.183136 0.449088
-0.631946 -0.035637 0.774193
-0.964886 -0.260204 -0.035913
-0.948236 -0.317437 0.009087
-0.915835 -0.401553 0.000817
-0.915835 -0.401553 0.000817
-0.925879 -0.377820 -0.000502
-0.964886 -0.260204 -0.035913
-0.932870 0.360209 0.001389
-0.921619 0.388068 0.004649
-0.959846 0.278465 -0.033947
-0.959846 0.278465 -0.033947
-0.966109 0.226917 -0.123052
-0.932870 0.360209 0.001389
-0.969340 -0.203521 -0.137693
-0.964886 -0.260204 -0.035913
-0.925879 -0.377820 -0.000502
-0.925879 -0.377820 -0.000502
-0.936875 -0.349628 -0.005002
-0.969340 -0.203521 -0.137693
-0.947437 0.316150 -0.049126
-0.932870 0.360209 0.001389
-0.966109 0.226917 -0.123052
-0.966109 0.226917 -0.123052
-0.930951 0.194725 -0.308891
-0.947437 0.316150 -0.049126
-0.922024 -0.194370 -0.334802
-0.969340 -0.203521 -0.137693
-0.936875 -0.349628 -0.005002
-0.936875 -0.349628 -0.005002
-0.945666 -0.319251 -0.061608
-0.922024 -0.194370 -0.334802
-0.953625 0.292099 -0.072652
-0.947437 0.316150 -0.049126
-0.930951 0.194725 -0.308891
-0.930951 0.194725 -0.308891
-0.881119 0.239334 -0.407859
-0.953625 0.292099 -0.072652
-0.875765 -0.228526 -0.425219
-0.922024 -0.194370 -0.334802
-0.945666 -0.319251 -0.061608
-0.945666 -0.319251 -0.061608
-0.954778 -0.286448 -0.079663
-0.875765 -0.228526 -0.425219
-0.806672 0.271863 -0.524758
-0.881119 0.239334 -0.407859
-0.650615 0.091462 -0.753880
-0.650615 0.091462 -0.753880
-0.491288 0.225146 -0.841395
-0.806672 0.271863 -0.524758
-0.951346 0.271006 -0.146617
-0.953625 0.292099 -0.072652
-0.881119 0.239334 -0.407859
-0.881119 0.239334 -0.407859
-0.806672 0.271863 -0.524758
-0.951346 0.271006 -0.146617
-0.487622 -0.261007 -0.833126
-0.682773 -0.105994 -0.722901
-0.875765 -0.228526 -0.425219
-0.875765 -0.228526 -0.425219
-0.801681 -0.290651 -0.522330
-0.487622 -0.261007 -0.833126
-0.801681 -0.290651 -0.522330
-0.875765 -0.228526 -0.425219
-0.954778 -0.286448 -0.079663
-0.954778 -0.286448 -0.079663
-0.949061 -0.276372 -0.151331
-0.801681 -0.290651 -0.522330
-0.952244 0.242758 -0.185203
-0.951346 0.271006 -0.146617
-0.806672 0.271863 -0.524758
-0.806672 0.271863 -0.524758
-0.803083 0.377848 -0.460748
-0.952244 0.242758 -0.185203
-0.798857 -0.396394 -0.452438
-0.801681 -0.290651 -0.522330
-0.949061 -0.276372 -0.151331
-0.949061 -0.276372 -0.151331
-0.957461 -0.256292 -0.132602
-0.798857 -0.396394 -0.452438
-0.975715 0.217942 0.021942
-0.952244 0.242758 -0.185203
-0.803083 0.377848 -0.460748
-0.803083 0.377848 -0.460748
-0.821947 0.498021 -0.276367
-0.975715 0.217942 0.021942
-0.841562 -0.422840 -0.336125
-0.798857 -0.396394 -0.452438
-0.957461 -0.256292 -0.132602
-0.957461 -0.256292 -0.132602
-0.977050 -0.195605 -0.084337
-0.841562 -0.422840 -0.336125
-0.882530 0.460796 -0.093847
-0.975715 0.217942 0.021942
-0.821947 0.498021 -0.276367
-0.821947 0.498021 -0.276367
-0.659096 0.709520 -0.249346
-0.882530 0.460796 -0.093847
-0.690770 -0.689710 -0.217111
-0.841562 -0.422840 -0.336125
-0.977050 -0.195605 -0.084337
-0.977050 -0.195605 -0.084337
-0.842993 -0.529894 -0.092597
-0.690770 -0.689710 -0.217111
-0.620968 0.758880 0.196214
-0.613636 0.788792 -0.035457
-0.370360 0.928810 -0.012068
-0.370360 0.928810 -0.012068
-0.381896 0.879667 0.283444
-0.620968 0.758880 0.196214
-0.985725 0.166961 0.021683
-0.985996 0.166772 -0.000033
-0.985996 0.166767 -0.000001
-0.985996 0.166767 -0.000001
-0.985713 0.168435 0.000666
-0.985725 0.166961 0.021683
-0.993620 0.096377 0.058569
-0.980702 0.194262 -0.022041
-0.949343 0.314058 -0.010735
-0.949343 0.314058 -0.010735
-0.971750 0.232268 0.041866
-0.993620 0.096377 0.058569
-0.370326 -0.883740 0.286116
-0.368053 -0.929803 -0.002110
-0.624950 -0.780534 -0.014272
-0.624950 -0.780534 -0.014272
-0.619737 -0.757172 0.206438
-0.370326 -0.883740 0.286116
-0.985996 -0.166770 0.000040
-0.985996 -0.166769 -0.000001
-0.985996 -0.166770 0.000013
-0.985996 -0.166770 0.000013
-0.985439 -0.168742 0.020885
-0.985996 -0.166770 0.000040
-0.968271 -0.247696 0.033139
-0.948236 -0.317437 0.009087
-0.981857 -0.187487 0.028396
-0.981857 -0.187487 0.028396
-0.994031 -0.054235 0.094658
-0.968271 -0.247696 0.033139
-0.673660 0.640800 0.368182
-0.620968 0.758880 0.196214
-0.381896 0.879667 0.283444
-0.381896 0.879667 0.283444
-0.405328 0.756155 0.513750
-0.673660 0.640800 0.368182
-0.985431 0.168407 0.023756
-0.985725 0.166961 0.021683
-0.985713 0.168435 0.000666
-0.985713 0.168435 0.000666
-0.985342 0.170541 -0.004064
-0.985431 0.168407 0.023756
-0.981196 -0.014791 0.192447
-0.993620 0.096377 0.058569
-0.971750 0.232268 0.041866
-0.971750 0.232268 0.041866
-0.977207 0.182209 0.108936
-0.981196 -0.014791 0.192447
-0.392469 -0.758727 0.519906
-0.370326 -0.883740 0.286116
-0.619737 -0.757172 0.206438
-0.619737 -0.757172 0.206438
-0.667084 -0.646826 0.369615
-0.392469 -0.758727 0.519906
-0.985751 -0.168213 0.000350
-0.985996 -0.166770 0.000040
-0.985439 -0.168742 0.020885
-0.985439 -0.168742 0.020885
-0.984915 -0.170774 0.027901
-0.985751 -0.168213 0.000350
-0.970706 -0.215191 0.106874
-0.968271 -0.247696 0.033139
-0.994031 -0.054235 0.094658
-0.994031 -0.054235 0.094658
-0.964320 0.045128 0.260866
-0.970706 -0.215191 0.106874
-0.732008 0.501332 0.461337
-0.673660 0.640800 0.368182
-0.405328 0.756155 0.513750
-0.405328 0.756155 0.513750
-0.428528 0.553801 0.713910
-0.732008 0.501332 0.461337
-0.984154 0.169982 -0.050475
-0.985431 0.168407 0.023756
-0.985342 0.170541 -0.004064
-0.985342 0.170541 -0.004064
-0.985995 0.166774 -0.000091
-0.984154 0.169982 -0.050475
-0.985995 0.166774 -0.000091
-0.985996 0.166770 -0.000172
-0.985996 0.166772 -0.000202
-0.985996 0.166772 -0.000202
-0.984154 0.169982 -0.050475
-0.985995 0.166774 -0.000091
-0.428528 0.553801 0.713910
-0.443507 0.294962 0.846345
-0.781463 0.321433 0.534786
-0.781463 0.321433 0.534786
-0.732008 0.501332 0.461337
-0.428528 0.553801 0.713910
-0.933981 0.143694 0.327158
-0.869541 0.184760 0.457998
-0.657718 0.056946 0.751108
-0.657718 0.056946 0.751108
-0.831118 -0.060909 0.552750
-0.933981 0.143694 0.327158
-0.831118 -0.060909 0.552750
-0.981196 -0.014791 0.192447
-0.977207 0.182209 0.108936
-0.977207 0.182209 0.108936
-0.933981 0.143694 0.327158
-0.831118 -0.060909 0.552750
-0.430582 -0.568130 0.701304
-0.392469 -0.758727 0.519906
-0.667084 -0.646826 0.369615
-0.667084 -0.646826 0.369615
-0.720023 -0.501816 0.479320
-0.430582 -0.568130 0.701304
-0.985241 -0.171028 -0.007036
-0.985751 -0.168213 0.000350
-0.984915 -0.170774 0.027901
-0.984915 -0.170774 0.027901
-0.984548 -0.165409 -0.057493
-0.985241 -0.171028 -0.007036
-0.984548 -0.165409 -0.057493
-0.985996 -0.166770 -0.000207
-0.985995 -0.166772 -0.000180
-0.985995 -0.166772 -0.000180
-0.985241 -0.171028 -0.007036
-0.984548 -0.165409 -0.057493
-0.720023 -0.501816 0.479320
-0.775249 -0.319441 0.544928
-0.446869 -0.269057 0.853180
-0.446869 -0.269057 0.853180
-0.430582 -0.568130 0.701304
-0.720023 -0.501816 0.479320
-0.775580 0.203237 0.597638
-0.631946 -0.035637 0.774193
-0.874517 -0.183136 0.449088
-0.874517 -0.183136 0.449088
-0.940875 -0.150604 0.303435
-0.775580 0.203237 0.597638
-0.940875 -0.150604 0.303435
-0.970706 -0.215191 0.106874
-0.964320 0.045128 0.260866
-0.964320 0.045128 0.260866
-0.775580 0.203237 0.597638
-0.940875 -0.150604 0.303435
-0.959846 0.278465 -0.033947
-0.949343 0.314058 -0.010735
-0.980702 0.194262 -0.022041
-0.980702 0.194262 -0.022041
-0.991556 0.093676 -0.089678
-0.959846 0.278465 -0.033947
-0.985989 0.166785 -0.002875
-0.985996 0.166767 -0.000001
-0.985996 0.166772 -0.000033
-0.985996 0.166772 -0.000033
-0.986049 0.166456 -0.000187
-0.985989 0.166785 -0.002875
-0.383886 0.872966 -0.300935
-0.370360 0.928810 -0.012068
-0.613636 0.788792 -0.035457
-0.613636 0.788792 -0.035457
-0.659096 0.709520 -0.249346
-0.383886 0.872966 -0.300935
-0.990056 -0.135106 -0.039185
-0.981857 -0.187487 0.028396
-0.948236 -0.317437 0.009087
-0.948236 -0.317437 0.009087
-0.964886 -0.260204 -0.035913
-0.990056 -0.135106 -0.039185
-0.985996 -0.166769 -0.000028
-0.985996 -0.166770 0.000013
-0.985996 -0.166769 -0.000001
-0.985996 -0.166769 -0.000001
-0.986032 -0.166530 -0.002797
-0.985996 -0.166769 -0.000028
-0.690770 -0.689710 -0.217111
-0.624950 -0.780534 -0.014272
-0.368053 -0.929803 -0.002110
-0.368053 -0.929803 -0.002110
-0.386327 -0.870355 -0.305343
-0.690770 -0.689710 -0.217111
-0.966109 0.226917 -0.123052
-0.959846 0.278465 -0.033947
-0.991556 0.093676 -0.089678
-0.991556 0.093676 -0.089678
-0.950389 -0.023284 -0.310190
-0.966109 0.226917 -0.123052
-0.986025 0.166539 -0.004323
-0.985989 0.166785 -0.002875
-0.986049 0.166456 -0.000187
-0.986049 0.166456 -0.000187
-0.986129 0.165981 0.000826
-0.986025 0.166539 -0.004323
-0.418164 0.731977 -0.537911
-0.383886 0.872966 -0.300935
-0.659096 0.709520 -0.249346
-0.659096 0.709520 -0.249346
-0.821947 0.498021 -0.276367
-0.418164 0.731977 -0.537911
-0.968585 -0.010512 -0.248461
-0.990056 -0.135106 -0.039185
-0.964886 -0.260204 -0.035913
-0.964886 -0.260204 -0.035913
-0.969340 -0.203521 -0.137693
-0.968585 -0.010512 -0.248461
-0.986041 -0.166500 -0.000118
-0.985996 -0.166769 -0.000028
-0.986032 -0.166530 -0.002797
-0.986032 -0.166530 -0.002797
-0.986102 -0.166063 -0.005075
-0.986041 -0.166500 -0.000118
-0.841562 -0.422840 -0.336125
-0.690770 -0.689710 -0.217111
-0.386327 -0.870355 -0.305343
-0.386327 -0.870355 -0.305343
-0.409359 -0.730031 -0.547248
-0.841562 -0.422840 -0.336125
-0.930951 0.194725 -0.308891
-0.966109 0.226917 -0.123052
-0.950389 -0.023284 -0.310190
-0.950389 -0.023284 -0.310190
-0.785992 -0.010754 -0.618143
-0.930951 0.194725 -0.308891
-0.986146 0.165637 0.009009
-0.986025 0.166539 -0.004323
-0.986129 0.165981 0.000826
-0.986129 0.165981 0.000826
-0.985995 0.166773 0.000027
-0.986146 0.165637 0.009009
-0.985995 0.166773 0.000027
-0.985995 0.166776 0.000086
-0.985997 0.166763 0.000224
-0.985997 0.166763 0.000224
-0.986146 0.165637 0.009009
-0.985995 0.166773 0.000027
-0.785992 -0.010754 -0.618143
-0.650615 0.091462 -0.753880
-0.881119 0.239334 -0.407859
-0.881119 0.239334 -0.407859
-0.930951 0.194725 -0.308891
-0.785992 -0.010754 -0.618143
-0.803083 0.377848 -0.460748
-0.806672 0.271863 -0.524758
-0.491288 0.225146 -0.841395
-0.491288 0.225146 -0.841395
-0.465142 0.495876 -0.733314
-0.803083 0.377848 -0.460748
-0.465142 0.495876 -0.733314
-0.418164 0.731977 -0.537911
-0.821947 0.498021 -0.276367
-0.821947 0.498021 -0.276367
-0.803083 0.377848 -0.460748
-0.465142 0.495876 -0.733314
-0.819735 -0.017088 -0.572488
-0.968585 -0.010512 -0.248461
-0.969340 -0.203521 -0.137693
-0.969340 -0.203521 -0.137693
-0.922024 -0.194370 -0.334802
-0.819735 -0.017088 -0.572488
-0.986144 -0.165886 0.001470
-0.986041 -0.166500 -0.000118
-0.986102 -0.166063 -0.005075
-0.986102 -0.166063 -0.005075
-0.986028 -0.166246 0.010538
-0.986144 -0.165886 0.001470
-0.986028 -0.166246 0.010538
-0.985996 -0.166765 0.000528
-0.985998 -0.166759 0.000144
-0.985998 -0.166759 0.000144
-0.986144 -0.165886 0.001470
-0.986028 -0.166246 0.010538
-0.922024 -0.194370 -0.334802
-0.875765 -0.228526 -0.425219
-0.682773 -0.105994 -0.722901
-0.682773 -0.105994 -0.722901
-0.819735 -0.017088 -0.572488
-0.922024 -0.194370 -0.334802
-0.446607 -0.497691 -0.743536
-0.487622 -0.261007 -0.833126
-0.801681 -0.290651 -0.522330
-0.801681 -0.290651 -0.522330
-0.798857 -0.396394 -0.452438
-0.446607 -0.497691 -0.743536
-0.798857 -0.396394 -0.452438
-0.841562 -0.422840 -0.336125
-0.409359 -0.730031 -0.547248
-0.409359 -0.730031 -0.547248
-0.446607 -0.497691 -0.743536
-0.798857 -0.396394 -0.452438
-0.873693 0.486165 -0.017463
-0.879275 0.476102 0.014212
-0.844969 0.534810 -0.002298
-0.949343 0.314058 -0.010735
-0.959846 0.278465 -0.033947
-0.921619 0.388068 0.004649
-0.921619 0.388068 0.004649
-0.919327 0.393449 -0.005921
-0.949343 0.314058 -0.010735
-0.841433 -0.540355 -0.002699
-0.878930 -0.476812 0.011498
-0.880277 -0.474444 -0.003788
-0.991388 0.129937 -0.016291
-0.995822 0.090931 -0.008393
-0.994903 0.100829 -0.001081
-0.994903 0.100829 -0.001081
-0.988058 0.150934 -0.030992
-0.991388 0.129937 -0.016291
-0.988058 0.150934 -0.030992
-0.985111 0.171334 -0.014190
-0.986721 0.159458 -0.030909
-0.803066 0.595447 -0.022989
-0.882530 0.460796 -0.093847
-0.659096 0.709520 -0.249346
-0.659096 0.709520 -0.249346
-0.613636 0.788792 -0.035457
-0.803066 0.595447 -0.022989
-0.988180 -0.150226 -0.030548
-0.995017 -0.099075 -0.011181
-0.996000 -0.089316 0.002483
-0.996000 -0.089316 0.002483
-0.991573 -0.129359 -0.007019
-0.988180 -0.150226 -0.030548
-0.986135 -0.163688 -0.027278
-0.985112 -0.171336 -0.014114
-0.988180 -0.150226 -0.030548
-0.624950 -0.780534 -0.014272
-0.690770 -0.689710 -0.217111
-0.842993 -0.529894 -0.092597
-0.842993 -0.529894 -0.092597
-0.787224 -0.616660 0.002879
-0.624950 -0.780534 -0.014272
-0.987229 0.153852 -0.041331
-0.983254 0.171740 -0.060964
-0.981128 0.153885 -0.117079
-0.794272 0.596297 0.116456
-0.803066 0.595447 -0.022989
-0.613636 0.788792 -0.035457
-0.613636 0.788792 -0.035457
-0.620968 0.758880 0.196214
-0.794272 0.596297 0.116456
-0.620968 0.758880 0.196214
-0.673660 0.640800 0.368182
-0.836571 0.500711 0.222344
-0.836571 0.500711 0.222344
-0.794272 0.596297 0.116456
-0.620968 0.758880 0.196214
-0.981151 -0.154440 -0.116146
-0.983251 -0.171751 -0.060984
-0.986350 -0.158868 -0.043301
-0.619737 -0.757172 0.206438
-0.624950 -0.780534 -0.014272
-0.787224 -0.616660 0.002879
-0.787224 -0.616660 0.002879
-0.803007 -0.582879 0.124226
-0.619737 -0.757172 0.206438
-0.803007 -0.582879 0.124226
-0.849837 -0.485773 0.204457
-0.667084 -0.646826 0.369615
-0.667084 -0.646826 0.369615
-0.619737 -0.757172 0.206438
-0.803007 -0.582879 0.124226
-0.989116 0.141406 -0.040656
-0.988058 0.150934 -0.030992
-0.981128 0.153885 -0.117079
-0.981128 0.153885 -0.117079
-0.983254 0.171740 -0.060964
-0.976729 0.184966 -0.108572
-0.875349 0.418433 0.242236
-0.836571 0.500711 0.222344
-0.673660 0.640800 0.368182
-0.673660 0.640800 0.368182
-0.732008 0.501332 0.461337
-0.875349 0.418433 0.242236
-0.981151 -0.154440 -0.116146
-0.988180 -0.150226 -0.030548
-0.989121 -0.141357 -0.040723
-0.976729 -0.184966 -0.108572
-0.983251 -0.171751 -0.060984
-0.981151 -0.154440 -0.116146
-0.720023 -0.501816 0.479320
-0.667084 -0.646826 0.369615
-0.849837 -0.485773 0.204457
-0.849837 -0.485773 0.204457
-0.888828 -0.401014 0.221750
-0.720023 -0.501816 0.479320
-0.933981 0.143694 0.327158
-0.977207 0.182209 0.108936
-0.942487 0.334235 0.002462
-0.942487 0.334235 0.002462
-0.955374 0.288387 0.063975
-0.933981 0.143694 0.327158
-0.940875 -0.150604 0.303435
-0.874517 -0.183136 0.449088
-0.959407 -0.257290 0.115496
-0.959407 -0.257290 0.115496
-0.953823 -0.297342 0.042547
-0.940875 -0.150604 0.303435
-0.971750 0.232268 0.041866
-0.949343 0.314058 -0.010735
-0.919327 0.393449 -0.005921
-0.919327 0.393449 -0.005921
-0.929268 0.369378 -0.004495
-0.971750 0.232268 0.041866
-0.924991 -0.379908 -0.007840
-0.915835 -0.401553 0.000817
-0.948236 -0.317437 0.009087
-0.948236 -0.317437 0.009087
-0.968271 -0.247696 0.033139
-0.924991 -0.379908 -0.007840
-0.905941 0.421469 -0.040420
-0.884135 0.466095 -0.032561
-0.848583 0.520458 -0.095027
-0.977207 0.182209 0.108936
-0.971750 0.232268 0.041866
-0.929268 0.369378 -0.004495
-0.929268 0.369378 -0.004495
-0.942487 0.334235 0.002462
-0.977207 0.182209 0.108936
-0.847329 -0.522900 -0.092788
-0.889247 -0.455988 -0.036247
-0.905941 -0.421471 -0.040420
-0.936838 -0.349741 -0.003900
-0.924991 -0.379908 -0.007840
-0.968271 -0.247696 0.033139
-0.968271 -0.247696 0.033139
-0.970706 -0.215191 0.106874
-0.936838 -0.349741 -0.003900
-0.970706 -0.215191 0.106874
-0.940875 -0.150604 0.303435
-0.953823 -0.297342 0.042547
-0.953823 -0.297342 0.042547
-0.936838 -0.349741 -0.003900
-0.970706 -0.215191 0.106874
-0.988660 -0.080635 -0.126684
-0.993146 0.004443 -0.116797
-0.977900 0.004927 -0.209015
-0.977900 0.004927 -0.209015
-0.969404 -0.120327 -0.213956
-0.988660 -0.080635 -0.126684
-0.967474 0.110577 -0.227523
-0.977900 0.004927 -0.209015
-0.993146 0.004443 -0.116797
-0.993146 0.004443 -0.116797
-0.989242 0.064175 -0.131461
-0.967474 0.110577 -0.227523
-0.997146 -0.050744 -0.055909
-0.988660 -0.080635 -0.126684
-0.969404 -0.120327 -0.213956
-0.969404 -0.120327 -0.213956
-0.992298 -0.085004 -0.090109
-0.997146 -0.050744 -0.055909
-0.991658 0.105729 -0.073729
-0.967474 0.110577 -0.227523
-0.989242 0.064175 -0.131461
-0.989242 0.064175 -0.131461
-0.997284 0.063738 -0.036916
-0.991658 0.105729 -0.073729
-0.999554 -0.011146 -0.027719
-0.999898 0.003161 -0.013891
-0.997146 -0.050744 -0.055909
-0.997146 -0.050744 -0.055909
-0.992298 -0.085004 -0.090109
-0.999554 -0.011146 -0.027719
-0.991433 0.009726 -0.130250
-0.989241 -0.000828 -0.146290
-0.997653 0.001984 -0.068437
-0.991658 0.105729 -0.073729
-0.997284 0.063738 -0.036916
-0.999845 0.006498 -0.016375
-0.999845 0.006498 -0.016375
-0.999532 -0.008492 -0.029390
-0.991658 0.105729 -0.073729
-0.997091 -0.005617 -0.076018
-0.989241 -0.000828 -0.146290
-0.990941 -0.017032 -0.133213
-0.997653 0.001984 -0.068437
-0.999070 0.028584 -0.032284
-0.991433 0.009726 -0.130250
-0.991433 0.009726 -0.130250
-0.999070 0.028584 -0.032284
-0.999898 0.003161 -0.013891
-0.999898 0.003161 -0.013891
-0.999554 -0.011146 -0.027719
-0.991433 0.009726 -0.130250
-0.990941 -0.017032 -0.133213
-0.999019 -0.020827 -0.039072
-0.997091 -0.005617 -0.076018
-0.999532 -0.008492 -0.029390
-0.999845 0.006498 -0.016375
-0.999019 -0.020827 -0.039072
-0.999019 -0.020827 -0.039072
-0.990941 -0.017032 -0.133213
-0.999532 -0.008492 -0.029390
-0.981128 0.153885 -0.117079
-0.986531 0.097472 -0.131363
-0.990287 0.099721 -0.096893
-0.990287 0.099721 -0.096893
-0.988492 0.128545 -0.079753
-0.981128 0.153885 -0.117079
-0.968938 0.158891 -0.189509
-0.978106 0.102299 -0.181229
-0.986531 0.097472 -0.131363
-0.986531 0.097472 -0.131363
-0.981128 0.153885 -0.117079
-0.968938 0.158891 -0.189509
-0.981128 0.153885 -0.117079
-0.988058 0.150934 -0.030992
-0.986721 0.159458 -0.030909
-0.986721 0.159458 -0.030909
-0.987229 0.153852 -0.041331
-0.981128 0.153885 -0.117079
-0.988492 0.128545 -0.079753
-0.989116 0.141406 -0.040656
-0.981128 0.153885 -0.117079
-0.988538 -0.128602 -0.079078
-0.990372 -0.098399 -0.097366
-0.986717 -0.096917 -0.130370
-0.986717 -0.096917 -0.130370
-0.981151 -0.154440 -0.116146
-0.988538 -0.128602 -0.079078
-0.981151 -0.154440 -0.116146
-0.986717 -0.096917 -0.130370
-0.977816 -0.101334 -0.183326
-0.977816 -0.101334 -0.183326
-0.969087 -0.158129 -0.189383
-0.981151 -0.154440 -0.116146
-0.986350 -0.158868 -0.043301
-0.986135 -0.163688 -0.027278
-0.988180 -0.150226 -0.030548
-0.988180 -0.150226 -0.030548
-0.981151 -0.154440 -0.116146
-0.986350 -0.158868 -0.043301
-0.981151 -0.154440 -0.116146
-0.989121 -0.141357 -0.040723
-0.988538 -0.128602 -0.079078
-0.961093 0.217079 -0.170811
-0.981128 0.153885 -0.117079
-0.976729 0.184966 -0.108572
-0.954908 0.220865 -0.198418
-0.968938 0.158891 -0.189509
-0.981128 0.153885 -0.117079
-0.981128 0.153885 -0.117079
-0.961093 0.217079 -0.170811
-0.954908 0.220865 -0.198418
-0.932450 0.301155 0.199607
-0.875349 0.418433 0.242236
-0.732008 0.501332 0.461337
-0.732008 0.501332 0.461337
-0.781463 0.321433 0.534786
-0.932450 0.301155 0.199607
-0.976729 -0.184966 -0.108572
-0.981151 -0.154440 -0.116146
-0.960879 -0.217976 -0.170874
-0.960879 -0.217976 -0.170874
-0.981151 -0.154440 -0.116146
-0.969087 -0.158129 -0.189383
-0.969087 -0.158129 -0.189383
-0.955004 -0.221701 -0.197019
-0.960879 -0.217976 -0.170874
-0.775249 -0.319441 0.544928
-0.720023 -0.501816 0.479320
-0.888828 -0.401014 0.221750
-0.888828 -0.401014 0.221750
-0.935964 -0.303026 0.179297
-0.775249 -0.319441 0.544928
-0.957765 0.256762 0.129462
-0.932450 0.301155 0.199607
-0.781463 0.321433 0.534786
-0.781463 0.321433 0.534786
-0.869541 0.184760 0.457998
-0.957765 0.256762 0.129462
-0.869541 0.184760 0.457998
-0.933981 0.143694 0.327158
-0.955374 0.288387 0.063975
-0.955374 0.288387 0.063975
-0.957765 0.256762 0.129462
-0.869541 0.184760 0.457998
-0.874517 -0.183136 0.449088
-0.775249 -0.319441 0.544928
-0.935964 -0.303026 0.179297
-0.935964 -0.303026 0.179297
-0.959407 -0.257290 0.115496
-0.874517 -0.183136 0.449088
-0.931906 0.298410 -0.206162
-0.954908 0.220865 -0.198418
-0.961093 0.217079 -0.170811
-0.961093 0.217079 -0.170811
-0.935404 0.306831 -0.175713
-0.931906 0.298410 -0.206162
-0.935132 -0.306985 -0.176884
-0.960879 -0.217976 -0.170874
-0.955004 -0.221701 -0.197019
-0.955004 -0.221701 -0.197019
-0.932410 -0.298305 -0.204022
-0.935132 -0.306985 -0.176884
-0.903745 0.414965 -0.105108
-0.935404 0.306831 -0.175713
-0.928536 0.357120 -0.101420
-0.893018 0.398858 -0.208400
-0.931906 0.298410 -0.206162
-0.935404 0.306831 -0.175713
-0.935404 0.306831 -0.175713
-0.903745 0.414965 -0.105108
-0.893018 0.398858 -0.208400
-0.928536 0.357120 -0.101420
-0.905941 0.421469 -0.040420
-0.903745 0.414965 -0.105108
-0.928536 -0.357120 -0.101420
-0.935132 -0.306985 -0.176884
-0.904173 -0.414081 -0.104924
-0.904173 -0.414081 -0.104924
-0.935132 -0.306985 -0.176884
-0.932410 -0.298305 -0.204022
-0.932410 -0.298305 -0.204022
-0.893713 -0.398043 -0.206976
-0.904173 -0.414081 -0.104924
-0.904173 -0.414081 -0.104924
-0.905941 -0.421471 -0.040420
-0.928536 -0.357120 -0.101420
-0.848583 0.520458 -0.095027
-0.903745 0.414965 -0.105108
-0.905941 0.421469 -0.040420
-0.884135 0.466095 -0.032561
-0.873693 0.486165 -0.017463
-0.844969 0.534810 -0.002298
-0.844969 0.534810 -0.002298
-0.848583 0.520458 -0.095027
-0.884135 0.466095 -0.032561
-0.905941 -0.421471 -0.040420
-0.904173 -0.414081 -0.104924
-0.847329 -0.522900 -0.092788
-0.847329 -0.522900 -0.092788
-0.841433 -0.540355 -0.002699
-0.880277 -0.474444 -0.003788
-0.880277 -0.474444 -0.003788
-0.889247 -0.455988 -0.036247
-0.847329 -0.522900 -0.092788
-0.205593 0.978636 -0.001906
-0.167025 0.984965 -0.044130
-0.149603 0.987130 -0.056511
-0.149603 0.987130 -0.056511
-0.197007 0.978544 -0.060333
-0.205593 0.978636 -0.001906
-0.206346 -0.976148 -0.067500
-0.147940 -0.987425 -0.055727
-0.161794 -0.986815 -0.004271
-0.161794 -0.986815 -0.004271
-0.225134 -0.974294 -0.008137
-0.206346 -0.976148 -0.067500
-0.260464 0.958518 -0.115764
-0.205593 0.978636 -0.001906
-0.197007 0.978544 -0.060333
-0.197007 0.978544 -0.060333
-0.317507 0.943245 -0.097355
-0.260464 0.958518 -0.115764
-0.329102 -0.943939 -0.025907
-0.206346 -0.976148 -0.067500
-0.225134 -0.974294 -0.008137
-0.225134 -0.974294 -0.008137
-0.252340 -0.953838 -0.162844
-0.329102 -0.943939 -0.025907
-0.343238 0.937946 -0.049440
-0.260464 0.958518 -0.115764
-0.317507 0.943245 -0.097355
-0.317507 0.943245 -0.097355
-0.431398 0.899772 -0.065627
-0.343238 0.937946 -0.049440
-0.402890 0.915192 0.010180
-0.372967 0.926799 -0.044035
-0.431398 0.899772 -0.065627
-0.432231 -0.899261 -0.067134
-0.329102 -0.943939 -0.025907
-0.252340 -0.953838 -0.162844
-0.252340 -0.953838 -0.162844
-0.341569 -0.913935 -0.219209
-0.432231 -0.899261 -0.067134
-0.432231 -0.899261 -0.067134
-0.371852 -0.927139 -0.046249
-0.403717 -0.914825 0.010369
-0.537451 0.842963 0.023668
-0.440266 0.897274 0.032642
-0.431398 0.899772 -0.065627
-0.431398 0.899772 -0.065627
-0.540918 0.838583 -0.064695
-0.537451 0.842963 0.023668
-0.540551 -0.838581 -0.067716
-0.432231 -0.899261 -0.067134
-0.439480 -0.897691 0.031746
-0.439480 -0.897691 0.031746
-0.536169 -0.843870 0.020148
-0.540551 -0.838581 -0.067716
-0.649767 0.759815 0.022004
-0.537451 0.842963 0.023668
-0.540918 0.838583 -0.064695
-0.540918 0.838583 -0.064695
-0.655704 0.751471 -0.073100
-0.649767 0.759815 0.022004
-0.656472 -0.750598 -0.075149
-0.540551 -0.838581 -0.067716
-0.536169 -0.843870 0.020148
-0.536169 -0.843870 0.020148
-0.652997 -0.757182 0.016463
-0.656472 -0.750598 -0.075149
-0.758053 0.652110 0.010409
-0.649767 0.759815 0.022004
-0.655704 0.751471 -0.073100
-0.655704 0.751471 -0.073100
-0.761191 0.642780 -0.086149
-0.758053 0.652110 0.010409
-0.761191 0.642780 -0.086149
-0.848583 0.520458 -0.095027
-0.844969 0.534810 -0.002298
-0.844969 0.534810 -0.002298
-0.758053 0.652110 0.010409
-0.761191 0.642780 -0.086149
-0.760930 -0.643467 -0.083281
-0.656472 -0.750598 -0.075149
-0.652997 -0.757182 0.016463
-0.652997 -0.757182 0.016463
-0.760200 -0.649650 0.007138
-0.760930 -0.643467 -0.083281
-0.760200 -0.649650 0.007138
-0.841433 -0.540355 -0.002699
-0.847329 -0.522900 -0.092788
-0.847329 -0.522900 -0.092788
-0.760930 -0.643467 -0.083281
-0.760200 -0.649650 0.007138
-0.980911 -0.068922 -0.181836
-0.977816 -0.101334 -0.183326
-0.986717 -0.096917 -0.130370
-0.986717 -0.096917 -0.130370
-0.989914 -0.057040 -0.129679
-0.980911 -0.068922 -0.181836
-0.989914 -0.057040 -0.129679
-0.995090 0.002431 -0.098948
-0.991173 -0.003342 -0.132535
-0.991173 -0.003342 -0.132535
-0.991011 -0.035460 -0.128996
-0.989914 -0.057040 -0.129679
-0.509580 0.389350 -0.767291
-0.483561 -0.005587 -0.875293
-0.482756 -0.009774 -0.875700
-0.482756 -0.009774 -0.875700
-0.534448 0.406101 -0.741247
-0.509580 0.389350 -0.767291
-0.990082 0.054746 -0.129386
-0.995090 0.002431 -0.098948
-0.997971 0.006195 -0.063368
-0.997971 0.006195 -0.063368
-0.992910 0.045240 -0.109924
-0.990082 0.054746 -0.129386
-0.515288 -0.423575 -0.745025
-0.482756 -0.009774 -0.875700
-0.483561 -0.005587 -0.875293
-0.483561 -0.005587 -0.875293
-0.535910 -0.385507 -0.751122
-0.515288 -0.423575 -0.745025
-0.989914 -0.057040 -0.129679
-0.986717 -0.096917 -0.130370
-0.990372 -0.098399 -0.097366
-0.990372 -0.098399 -0.097366
-0.993011 -0.052421 -0.105742
-0.989914 -0.057040 -0.129679
-0.993011 -0.052421 -0.105742
-0.997971 0.006195 -0.063368
-0.995090 0.002431 -0.098948
-0.995090 0.002431 -0.098948
-0.989914 -0.057040 -0.129679
-0.993011 -0.052421 -0.105742
-0.985730 -0.057544 -0.158192
-0.980567 -0.057492 -0.187573
-0.980911 -0.068922 -0.181836
-0.980911 -0.068922 -0.181836
-0.989914 -0.057040 -0.129679
-0.985730 -0.057544 -0.158192
-0.989914 -0.057040 -0.129679
-0.991011 -0.035460 -0.128996
-0.985730 -0.057544 -0.158192
-0.651151 0.620411 -0.437140
-0.844321 0.507902 -0.170757
-0.788579 0.575366 -0.217021
-0.788579 0.575366 -0.217021
-0.598340 0.633338 -0.490788
-0.651151 0.620411 -0.437140
-0.598340 0.633338 -0.490788
-0.509580 0.389350 -0.767291
-0.534448 0.406101 -0.741247
-0.534448 0.406101 -0.741247
-0.651151 0.620411 -0.437140
-0.598340 0.633338 -0.490788
-0.992910 0.045240 -0.109924
-0.990287 0.099721 -0.096893
-0.986531 0.097472 -0.131363
-0.986531 0.097472 -0.131363
-0.990082 0.054746 -0.129386
-0.992910 0.045240 -0.109924
-0.990082 0.054746 -0.129386
-0.986531 0.097472 -0.131363
-0.978106 0.102299 -0.181229
-0.978106 0.102299 -0.181229
-0.981592 0.067200 -0.178775
-0.990082 0.054746 -0.129386
-0.989751 0.036935 -0.137942
-0.991173 -0.003342 -0.132535
-0.995090 0.002431 -0.098948
-0.995090 0.002431 -0.098948
-0.990082 0.054746 -0.129386
-0.989751 0.036935 -0.137942
-0.990082 0.054746 -0.129386
-0.981592 0.067200 -0.178775
-0.981875 0.062221 -0.179023
-0.981875 0.062221 -0.179023
-0.984909 0.068281 -0.159037
-0.990082 0.054746 -0.129386
-0.984909 0.068281 -0.159037
-0.989751 0.036935 -0.137942
-0.990082 0.054746 -0.129386
-0.641849 -0.613223 -0.460421
-0.842395 -0.496443 -0.209557
-0.793607 -0.583765 -0.171481
-0.793607 -0.583765 -0.171481
-0.597957 -0.679440 -0.425217
-0.641849 -0.613223 -0.460421
-0.597957 -0.679440 -0.425217
-0.515288 -0.423575 -0.745025
-0.535910 -0.385507 -0.751122
-0.535910 -0.385507 -0.751122
-0.641849 -0.613223 -0.460421
-0.597957 -0.679440 -0.425217
-0.976548 -0.061966 -0.206192
-0.980911 -0.068922 -0.181836
-0.980567 -0.057492 -0.187573
-0.980567 -0.057492 -0.187573
-0.977353 -0.057769 -0.203577
-0.976548 -0.061966 -0.206192
-0.978359 0.143470 -0.149099
-0.788579 0.575366 -0.217021
-0.844321 0.507902 -0.170757
-0.844321 0.507902 -0.170757
-0.986241 0.086945 -0.140604
-0.978359 0.143470 -0.149099
-0.977261 0.053899 -0.205075
-0.981875 0.062221 -0.179023
-0.981592 0.067200 -0.178775
-0.981592 0.067200 -0.178775
-0.976333 0.060555 -0.207624
-0.977261 0.053899 -0.205075
-0.974458 -0.119137 -0.190365
-0.793607 -0.583765 -0.171481
-0.842395 -0.496443 -0.209557
-0.842395 -0.496443 -0.209557
-0.976723 -0.062151 -0.205304
-0.974458 -0.119137 -0.190365
-0.931906 0.298410 -0.206162
-0.893018 0.398858 -0.208400
-0.880980 0.400554 -0.251856
-0.880980 0.400554 -0.251856
-0.922046 0.299461 -0.245264
-0.931906 0.298410 -0.206162
-0.920724 -0.301555 -0.247652
-0.880928 -0.398397 -0.255432
-0.893713 -0.398043 -0.206976
-0.893713 -0.398043 -0.206976
-0.932410 -0.298305 -0.204022
-0.920724 -0.301555 -0.247652
-0.969087 -0.158129 -0.189383
-0.977816 -0.101334 -0.183326
-0.974650 -0.103161 -0.198533
-0.974650 -0.103161 -0.198533
-0.962209 -0.164803 -0.216783
-0.969087 -0.158129 -0.189383
-0.945509 0.227137 -0.233283
-0.963503 0.162983 -0.212363
-0.968938 0.158891 -0.189509
-0.968938 0.158891 -0.189509
-0.954908 0.220865 -0.198418
-0.945509 0.227137 -0.233283
-0.954908 0.220865 -0.198418
-0.931906 0.298410 -0.206162
-0.922046 0.299461 -0.245264
-0.922046 0.299461 -0.245264
-0.945509 0.227137 -0.233283
-0.954908 0.220865 -0.198418
-0.945509 0.227137 -0.233283
-0.922046 0.299461 -0.245264
-0.907827 0.304653 -0.288160
-0.907827 0.304653 -0.288160
-0.930419 0.236862 -0.279673
-0.945509 0.227137 -0.233283
-0.955004 -0.221701 -0.197019
-0.969087 -0.158129 -0.189383
-0.962209 -0.164803 -0.216783
-0.962209 -0.164803 -0.216783
-0.945541 -0.226476 -0.233796
-0.955004 -0.221701 -0.197019
-0.945541 -0.226476 -0.233796
-0.920724 -0.301555 -0.247652
-0.932410 -0.298305 -0.204022
-0.932410 -0.298305 -0.204022
-0.955004 -0.221701 -0.197019
-0.945541 -0.226476 -0.233796
-0.930364 -0.235957 -0.280617
-0.907937 -0.307042 -0.285264
-0.920724 -0.301555 -0.247652
-0.920724 -0.301555 -0.247652
-0.945541 -0.226476 -0.233796
-0.930364 -0.235957 -0.280617
-0.655704 0.751471 -0.073100
-0.540918 0.838583 -0.064695
-0.546636 0.816183 -0.187176
-0.546636 0.816183 -0.187176
-0.655581 0.730541 -0.191113
-0.655704 0.751471 -0.073100
-0.653789 -0.733791 -0.184692
-0.544948 -0.818267 -0.182947
-0.540551 -0.838581 -0.067716
-0.540551 -0.838581 -0.067716
-0.656472 -0.750598 -0.075149
-0.653789 -0.733791 -0.184692
-0.835739 0.509453 -0.204934
-0.893018 0.398858 -0.208400
-0.903745 0.414965 -0.105108
-0.903745 0.414965 -0.105108
-0.848583 0.520458 -0.095027
-0.835739 0.509453 -0.204934
-0.847329 -0.522900 -0.092788
-0.904173 -0.414081 -0.104924
-0.893713 -0.398043 -0.206976
-0.893713 -0.398043 -0.206976
-0.835130 -0.510484 -0.204849
-0.847329 -0.522900 -0.092788
-0.761191 0.642780 -0.086149
-0.655704 0.751471 -0.073100
-0.655581 0.730541 -0.191113
-0.655581 0.730541 -0.191113
-0.754253 0.626937 -0.195071
-0.761191 0.642780 -0.086149
-0.754253 0.626937 -0.195071
-0.835739 0.509453 -0.204934
-0.848583 0.520458 -0.095027
-0.848583 0.520458 -0.095027
-0.761191 0.642780 -0.086149
-0.754253 0.626937 -0.195071
-0.754172 -0.627436 -0.193772
-0.653789 -0.733791 -0.184692
-0.656472 -0.750598 -0.075149
-0.656472 -0.750598 -0.075149
-0.760930 -0.643467 -0.083281
-0.754172 -0.627436 -0.193772
-0.760930 -0.643467 -0.083281
-0.847329 -0.522900 -0.092788
-0.835130 -0.510484 -0.204849
-0.835130 -0.510484 -0.204849
-0.754172 -0.627436 -0.193772
-0.760930 -0.643467 -0.083281
-0.203175 0.964217 -0.170312
-0.197007 0.978544 -0.060333
-0.149603 0.987130 -0.056511
-0.149603 0.987130 -0.056511
-0.164768 0.973974 -0.155645
-0.203175 0.964217 -0.170312
-0.161691 -0.974565 -0.155175
-0.147940 -0.987425 -0.055727
-0.206346 -0.976148 -0.067500
-0.206346 -0.976148 -0.067500
-0.211658 -0.964502 -0.157916
-0.161691 -0.974565 -0.155175
-0.896240 0.295432 -0.330869
-0.880963 0.307097 -0.359995
-0.886829 0.285852 -0.363075
-0.886829 -0.285852 -0.363075
-0.880963 -0.307097 -0.359995
-0.895688 -0.294388 -0.333285
-0.910905 0.256841 -0.322930
-0.896240 0.295432 -0.330869
-0.886829 0.285852 -0.363075
-0.930419 0.236862 -0.279673
-0.907827 0.304653 -0.288160
-0.896240 0.295432 -0.330869
-0.896240 0.295432 -0.330869
-0.910905 0.256841 -0.322930
-0.930419 0.236862 -0.279673
-0.122032 -0.927299 -0.353870
-0.120047 -0.932824 -0.339748
-0.121606 -0.932335 -0.340533
-0.121606 -0.932335 -0.340533
-0.111981 -0.925846 -0.360929
-0.122032 -0.927299 -0.353870
-0.886829 -0.285852 -0.363075
-0.895688 -0.294388 -0.333285
-0.910747 -0.254995 -0.324835
-0.910747 -0.254995 -0.324835
-0.895688 -0.294388 -0.333285
-0.907937 -0.307042 -0.285264
-0.907937 -0.307042 -0.285264
-0.930364 -0.235957 -0.280617
-0.910747 -0.254995 -0.324835
-0.115827 0.926067 -0.359143
-0.123751 0.931068 -0.343218
-0.124872 0.930839 -0.343432
-0.124872 0.930839 -0.343432
-0.122854 0.927833 -0.352184
-0.115827 0.926067 -0.359143
-0.936543 0.216827 -0.275451
-0.930419 0.236862 -0.279673
-0.910905 0.256841 -0.322930
-0.079691 -0.921143 -0.380979
-0.122032 -0.927299 -0.353870
-0.111981 -0.925846 -0.360929
-0.111981 -0.925846 -0.360929
-0.076592 -0.919838 -0.384750
-0.079691 -0.921143 -0.380979
-0.910747 -0.254995 -0.324835
-0.930364 -0.235957 -0.280617
-0.936037 -0.214787 -0.278751
-0.075072 0.918994 -0.387058
-0.115827 0.926067 -0.359143
-0.122854 0.927833 -0.352184
-0.122854 0.927833 -0.352184
-0.076783 0.920660 -0.382739
-0.075072 0.918994 -0.387058
-0.945509 0.227137 -0.233283
-0.930419 0.236862 -0.279673
-0.936543 0.216827 -0.275451
-0.936543 0.216827 -0.275451
-0.942841 0.216175 -0.253613
-0.945509 0.227137 -0.233283
-0.052114 -0.897858 -0.437190
-0.079691 -0.921143 -0.380979
-0.076592 -0.919838 -0.384750
-0.076592 -0.919838 -0.384750
-0.051914 -0.895705 -0.441609
-0.052114 -0.897858 -0.437190
-0.943714 -0.213105 -0.252961
-0.936037 -0.214787 -0.278751
-0.930364 -0.235957 -0.280617
-0.930364 -0.235957 -0.280617
-0.945541 -0.226476 -0.233796
-0.943714 -0.213105 -0.252961
-0.049882 0.895684 -0.441885
-0.075072 0.918994 -0.387058
-0.076783 0.920660 -0.382739
-0.076783 0.920660 -0.382739
-0.053488 0.897333 -0.438100
-0.049882 0.895684 -0.441885
-0.945509 0.227137 -0.233283
-0.942841 0.216175 -0.253613
-0.952609 0.197260 -0.231571
0.010266 -0.814927 -0.579473
-0.052114 -0.897858 -0.437190
-0.051914 -0.895705 -0.441609
-0.051914 -0.895705 -0.441609
0.007495 -0.798610 -0.601802
0.010266 -0.814927 -0.579473
-0.953485 -0.197455 -0.227769
-0.943714 -0.213105 -0.252961
-0.945541 -0.226476 -0.233796
0.024278 0.794359 -0.606963
-0.049882 0.895684 -0.441885
-0.053488 0.897333 -0.438100
-0.053488 0.897333 -0.438100
0.002586 0.807426 -0.589964
0.024278 0.794359 -0.606963
-0.963503 0.162983 -0.212363
-0.945509 0.227137 -0.233283
-0.952609 0.197260 -0.231571
-0.952609 0.197260 -0.231571
-0.962787 0.154098 -0.222024
-0.963503 0.162983 -0.212363
0.146427 -0.484192 -0.862622
0.010266 -0.814927 -0.579473
0.007495 -0.798610 -0.601802
0.007495 -0.798610 -0.601802
0.147780 -0.432843 -0.889274
0.146427 -0.484192 -0.862622
-0.961941 -0.162967 -0.219343
-0.953485 -0.197455 -0.227769
-0.945541 -0.226476 -0.233796
-0.945541 -0.226476 -0.233796
-0.962209 -0.164803 -0.216783
-0.961941 -0.162967 -0.219343
0.164524 0.437695 -0.883943
0.024278 0.794359 -0.606963
0.002586 0.807426 -0.589964
0.002586 0.807426 -0.589964
0.125725 0.485569 -0.865111
0.164524 0.437695 -0.883943
-0.978106 0.102299 -0.181229
-0.968938 0.158891 -0.189509
-0.963503 0.162983 -0.212363
-0.963503 0.162983 -0.212363
-0.973914 0.105194 -0.201060
-0.978106 0.102299 -0.181229
-0.973914 0.105194 -0.201060
-0.963503 0.162983 -0.212363
-0.962787 0.154098 -0.222024
0.190301 -0.085762 -0.977973
0.146427 -0.484192 -0.862622
0.147780 -0.432843 -0.889274
0.147780 -0.432843 -0.889274
0.184162 -0.080515 -0.979593
0.190301 -0.085762 -0.977973
-0.961941 -0.162967 -0.219343
-0.962209 -0.164803 -0.216783
-0.974650 -0.103161 -0.198533
0.188853 0.092741 -0.977616
0.164524 0.437695 -0.883943
0.125725 0.485569 -0.865111
0.125725 0.485569 -0.865111
0.181881 0.095898 -0.978633
0.188853 0.092741 -0.977616
-0.981592 0.067200 -0.178775
-0.978106 0.102299 -0.181229
-0.973914 0.105194 -0.201060
-0.973914 0.105194 -0.201060
-0.976333 0.060555 -0.207624
-0.981592 0.067200 -0.178775
0.201486 -0.011430 -0.979425
0.190301 -0.085762 -0.977973
0.184162 -0.080515 -0.979593
0.184162 -0.080515 -0.979593
0.206077 -0.013577 -0.978442
0.201486 -0.011430 -0.979425
-0.976548 -0.061966 -0.206192
-0.974650 -0.103161 -0.198533
-0.977816 -0.101334 -0.183326
-0.977816 -0.101334 -0.183326
-0.980911 -0.068922 -0.181836
-0.976548 -0.061966 -0.206192
0.200926 0.017215 -0.979455
0.188853 0.092741 -0.977616
0.181881 0.095898 -0.978633
0.181881 0.095898 -0.978633
0.205661 0.014934 -0.978509
0.200926 0.017215 -0.979455
-0.974838 0.036381 -0.219926
-0.977261 0.053899 -0.205075
-0.976333 0.060555 -0.207624
0.219493 -0.006476 -0.975593
0.201486 -0.011430 -0.979425
0.206077 -0.013577 -0.978442
0.206077 -0.013577 -0.978442
0.223202 -0.009177 -0.974729
0.219493 -0.006476 -0.975593
-0.976548 -0.061966 -0.206192
-0.977353 -0.057769 -0.203577
-0.974832 -0.036624 -0.219912
0.219426 0.004299 -0.975620
0.200926 0.017215 -0.979455
0.205661 0.014934 -0.978509
0.205661 0.014934 -0.978509
0.223317 0.002116 -0.974744
0.219426 0.004299 -0.975620
-0.979470 0.007196 -0.201464
-0.979791 0.000479 -0.200021
-0.989241 -0.000828 -0.146290
-0.989241 -0.000828 -0.146290
-0.991433 0.009726 -0.130250
-0.979470 0.007196 -0.201464
0.221411 -0.007476 -0.975152
0.217126 0.001695 -0.976142
0.217116 0.001644 -0.976144
0.217116 0.001644 -0.976144
0.223058 -0.008969 -0.974764
0.221411 -0.007476 -0.975152
-0.975646 0.015170 -0.218825
-0.974458 -0.119137 -0.190365
-0.976723 -0.062151 -0.205304
-0.976723 -0.062151 -0.205304
-0.975053 0.025422 -0.220510
-0.975646 0.015170 -0.218825
0.223058 -0.008969 -0.974764
0.219493 -0.006476 -0.975593
0.223202 -0.009177 -0.974729
0.223202 -0.009177 -0.974729
0.221411 -0.007476 -0.975152
0.223058 -0.008969 -0.974764
-0.990941 -0.017032 -0.133213
-0.989241 -0.000828 -0.146290
-0.979791 0.000479 -0.200021
-0.979791 0.000479 -0.200021
-0.979507 -0.010106 -0.201156
-0.990941 -0.017032 -0.133213
0.221466 0.007447 -0.975140
0.217116 0.001644 -0.976144
0.217126 0.001695 -0.976142
0.217126 0.001695 -0.976142
0.223174 0.005886 -0.974761
0.221466 0.007447 -0.975140
-0.978894 -0.012746 -0.203969
-0.978359 0.143470 -0.149099
-0.986241 0.086945 -0.140604
-0.986241 0.086945 -0.140604
-0.979238 -0.025575 -0.201096
-0.978894 -0.012746 -0.203969
0.223174 0.005886 -0.974761
0.219426 0.004299 -0.975620
0.223317 0.002116 -0.974744
0.223317 0.002116 -0.974744
0.221466 0.007447 -0.975140
0.223174 0.005886 -0.974761
0.285846 -0.128814 -0.949578
0.259069 -0.124467 -0.957806
0.342928 -0.137854 -0.929191
0.342928 -0.137854 -0.929191
0.355035 -0.139730 -0.924352
0.285846 -0.128814 -0.949578
0.339762 0.146306 -0.929062
0.345231 0.153465 -0.925885
0.306804 0.103720 -0.946104
0.306804 0.103720 -0.946104
0.283300 0.073899 -0.956180
0.339762 0.146306 -0.929062
-0.885431 0.333969 -0.323229
-0.880963 0.307097 -0.359995
-0.896240 0.295432 -0.330869
-0.895688 -0.294388 -0.333285
-0.880963 -0.307097 -0.359995
-0.882548 -0.336629 -0.328313
-0.882398 0.370956 -0.289423
-0.885431 0.333969 -0.323229
-0.896240 0.295432 -0.330869
-0.896240 0.295432 -0.330869
-0.907827 0.304653 -0.288160
-0.882398 0.370956 -0.289423
-0.907827 0.304653 -0.288160
-0.922046 0.299461 -0.245264
-0.880980 0.400554 -0.251856
-0.880980 0.400554 -0.251856
-0.882398 0.370956 -0.289423
-0.907827 0.304653 -0.288160
-0.907937 -0.307042 -0.285264
-0.895688 -0.294388 -0.333285
-0.882548 -0.336629 -0.328313
-0.882548 -0.336629 -0.328313
-0.883612 -0.371225 -0.285344
-0.907937 -0.307042 -0.285264
-0.883612 -0.371225 -0.285344
-0.880928 -0.398397 -0.255432
-0.920724 -0.301555 -0.247652
-0.920724 -0.301555 -0.247652
-0.907937 -0.307042 -0.285264
-0.883612 -0.371225 -0.285344
-0.842537 0.479503 -0.245373
-0.880980 0.400554 -0.251856
-0.893018 0.398858 -0.208400
-0.893018 0.398858 -0.208400
-0.835739 0.509453 -0.204934
-0.842537 0.479503 -0.245373
-0.882398 0.370956 -0.289423
-0.880980 0.400554 -0.251856
-0.842537 0.479503 -0.245373
-0.835130 -0.510484 -0.204849
-0.893713 -0.398043 -0.206976
-0.880928 -0.398397 -0.255432
-0.880928 -0.398397 -0.255432
-0.841523 -0.480551 -0.246797
-0.835130 -0.510484 -0.204849
-0.841523 -0.480551 -0.246797
-0.880928 -0.398397 -0.255432
-0.883612 -0.371225 -0.285344
-0.787978 0.573312 -0.224508
-0.842537 0.479503 -0.245373
-0.835739 0.509453 -0.204934
-0.787978 0.573312 -0.224508
-0.835739 0.509453 -0.204934
-0.754253 0.626937 -0.195071
-0.835130 -0.510484 -0.204849
-0.841523 -0.480551 -0.246797
-0.787978 -0.573311 -0.224509
-0.754172 -0.627436 -0.193772
-0.835130 -0.510484 -0.204849
-0.787978 -0.573311 -0.224509
-0.718919 0.665067 -0.202092
-0.787978 0.573312 -0.224508
-0.754253 0.626937 -0.195071
-0.754172 -0.627436 -0.193772
-0.787978 -0.573311 -0.224509
-0.720661 -0.660967 -0.209212
-0.648116 0.733723 -0.203951
-0.718919 0.665067 -0.202092
-0.754253 0.626937 -0.195071
-0.754253 0.626937 -0.195071
-0.655581 0.730541 -0.191113
-0.648116 0.733723 -0.203951
-0.653789 -0.733791 -0.184692
-0.754172 -0.627436 -0.193772
-0.720661 -0.660967 -0.209212
-0.720661 -0.660967 -0.209212
-0.642343 -0.737333 -0.209131
-0.653789 -0.733791 -0.184692
-0.532963 0.819970 -0.208806
-0.648116 0.733723 -0.203951
-0.655581 0.730541 -0.191113
-0.655581 0.730541 -0.191113
-0.546636 0.816183 -0.187176
-0.532963 0.819970 -0.208806
-0.544948 -0.818267 -0.182947
-0.653789 -0.733791 -0.184692
-0.642343 -0.737333 -0.209131
-0.642343 -0.737333 -0.209131
-0.530476 -0.821241 -0.210138
-0.544948 -0.818267 -0.182947
-0.423865 0.894059 -0.144904
-0.546636 0.816183 -0.187176
-0.540918 0.838583 -0.064695
-0.540918 0.838583 -0.064695
-0.431398 0.899772 -0.065627
-0.423865 0.894059 -0.144904
-0.532963 0.819970 -0.208806
-0.546636 0.816183 -0.187176
-0.423865 0.894059 -0.144904
-0.432231 -0.899261 -0.067134
-0.540551 -0.838581 -0.067716
-0.544948 -0.818267 -0.182947
-0.544948 -0.818267 -0.182947
-0.426024 -0.893488 -0.142065
-0.432231 -0.899261 -0.067134
-0.426024 -0.893488 -0.142065
-0.544948 -0.818267 -0.182947
-0.530476 -0.821241 -0.210138
-0.317507 0.943245 -0.097355
-0.197007 0.978544 -0.060333
-0.203175 0.964217 -0.170312
-0.203175 0.964217 -0.170312
-0.307542 0.941108 -0.140473
-0.317507 0.943245 -0.097355
-0.307542 0.941108 -0.140473
-0.423865 0.894059 -0.144904
-0.431398 0.899772 -0.065627
-0.431398 0.899772 -0.065627
-0.317507 0.943245 -0.097355
-0.307542 0.941108 -0.140473
-0.306839 -0.941518 -0.139262
-0.211658 -0.964502 -0.157916
-0.206346 -0.976148 -0.067500
-0.206346 -0.976148 -0.067500
-0.329102 -0.943939 -0.025907
-0.306839 -0.941518 -0.139262
-0.329102 -0.943939 -0.025907
-0.432231 -0.899261 -0.067134
-0.426024 -0.893488 -0.142065
-0.426024 -0.893488 -0.142065
-0.306839 -0.941518 -0.139262
-0.329102 -0.943939 -0.025907
-0.118532 0.216454 -0.969071
-0.113681 0.215177 -0.969936
-0.073795 0.102910 -0.991950
-0.073795 0.102910 -0.991950
-0.069845 0.096865 -0.992844
-0.118532 0.216454 -0.969071
-0.071457 -0.103194 -0.992091
-0.070963 -0.095944 -0.992854
-0.094119 -0.224245 -0.969977
-0.094119 -0.224245 -0.969977
-0.091379 -0.224091 -0.970275
-0.071457 -0.103194 -0.992091
0.222877 0.114826 -0.968060
0.286147 0.117238 -0.950987
0.045534 0.116380 -0.992160
0.045534 0.116380 -0.992160
0.018295 0.129638 -0.991393
0.222877 0.114826 -0.968060
0.018295 0.129638 -0.991393
0.045534 0.116380 -0.992160
-0.113681 0.215177 -0.969936
-0.113681 0.215177 -0.969936
-0.118532 0.216454 -0.969071
0.018295 0.129638 -0.991393
0.070447 -0.132954 -0.988615
0.042038 -0.146570 -0.988307
0.258392 -0.166815 -0.951528
0.258392 -0.166815 -0.951528
0.291773 -0.120647 -0.948848
0.070447 -0.132954 -0.988615
-0.091379 -0.224091 -0.970275
-0.094119 -0.224245 -0.969977
0.042038 -0.146570 -0.988307
0.042038 -0.146570 -0.988307
0.070447 -0.132954 -0.988615
-0.091379 -0.224091 -0.970275
0.708072 0.346292 -0.615399
0.729044 0.316825 -0.606726
0.514101 0.181737 -0.838255
0.514101 0.181737 -0.838255
0.411191 0.144589 -0.900009
0.708072 0.346292 -0.615399
0.411191 0.144589 -0.900009
0.514101 0.181737 -0.838255
0.286147 0.117238 -0.950987
0.286147 0.117238 -0.950987
0.222877 0.114826 -0.968060
0.411191 0.144589 -0.900009
0.524133 -0.184358 -0.831442
0.462755 -0.245977 -0.851677
0.687023 -0.338269 -0.643097
0.687023 -0.338269 -0.643097
0.740074 -0.325928 -0.588269
0.524133 -0.184358 -0.831442
0.291773 -0.120647 -0.948848
0.258392 -0.166815 -0.951528
0.462755 -0.245977 -0.851677
0.462755 -0.245977 -0.851677
0.524133 -0.184358 -0.831442
0.291773 -0.120647 -0.948848
0.772504 0.633160 -0.048432
0.626613 0.778750 0.030060
0.658368 0.752210 0.027066
0.658368 0.752210 0.027066
0.758447 0.649661 -0.051940
0.772504 0.633160 -0.048432
0.772504 0.633160 -0.048432
0.758447 0.649661 -0.051940
0.838336 0.480955 -0.256662
0.838336 0.480955 -0.256662
0.832451 0.482298 -0.272788
0.772504 0.633160 -0.048432
0.832451 0.482298 -0.272788
0.838336 0.480955 -0.256662
0.729044 0.316825 -0.606726
0.729044 0.316825 -0.606726
0.708072 0.346292 -0.615399
0.832451 0.482298 -0.272788
0.752241 -0.658760 -0.013023
0.644682 -0.763904 -0.028915
0.666432 -0.745545 -0.005567
0.666432 -0.745545 -0.005567
0.743760 -0.668334 -0.012286
0.752241 -0.658760 -0.013023
0.834047 -0.454870 -0.312184
0.830118 -0.466477 -0.305456
0.752241 -0.658760 -0.013023
0.752241 -0.658760 -0.013023
0.743760 -0.668334 -0.012286
0.834047 -0.454870 -0.312184
0.740074 -0.325928 -0.588269
0.687023 -0.338269 -0.643097
0.830118 -0.466477 -0.305456
0.830118 -0.466477 -0.305456
0.834047 -0.454870 -0.312184
0.740074 -0.325928 -0.588269
-0.217265 0.958182 -0.186234
-0.307542 0.941108 -0.140473
-0.203175 0.964217 -0.170312
-0.211658 -0.964502 -0.157916
-0.306839 -0.941518 -0.139262
-0.236868 -0.952673 -0.190544
-0.151768 0.967605 -0.201762
-0.148615 0.955326 -0.255472
-0.144579 0.954159 -0.262065
-0.144579 0.954159 -0.262065
-0.145684 0.970814 -0.190516
-0.151768 0.967605 -0.201762
-0.158701 0.970553 -0.181223
-0.164768 0.973974 -0.155645
-0.151768 0.967605 -0.201762
-0.151768 0.967605 -0.201762
-0.145684 0.970814 -0.190516
-0.158701 0.970553 -0.181223
-0.153498 -0.967471 -0.201093
-0.149414 -0.953939 -0.260144
-0.147882 -0.955748 -0.254316
-0.147882 -0.955748 -0.254316
-0.145627 -0.967602 -0.206251
-0.153498 -0.967471 -0.201093
-0.153498 -0.967471 -0.201093
-0.145627 -0.967602 -0.206251
-0.161691 -0.974565 -0.155175
-0.161691 -0.974565 -0.155175
-0.175999 -0.968480 -0.176267
-0.153498 -0.967471 -0.201093
-0.166414 0.944044 -0.284757
-0.144579 0.954159 -0.262065
-0.148615 0.955326 -0.255472
-0.148615 0.955326 -0.255472
-0.170516 0.943557 -0.283946
-0.166414 0.944044 -0.284757
-0.166388 -0.942793 -0.288888
-0.147882 -0.955748 -0.254316
-0.149414 -0.953939 -0.260144
-0.149414 -0.953939 -0.260144
-0.169849 -0.941959 -0.289593
-0.166388 -0.942793 -0.288888
-0.040416 0.048033 -0.998028
0.062205 -0.002843 -0.998059
0.000472 0.027806 -0.999613
0.000472 0.027806 -0.999613
-0.139678 0.096891 -0.985445
-0.040416 0.048033 -0.998028
-0.029285 -0.031138 -0.999086
0.044265 -0.086310 -0.995284
0.002993 -0.055406 -0.998459
0.002993 -0.055406 -0.998459
-0.060708 -0.007430 -0.998128
-0.029285 -0.031138 -0.999086
-0.994124 0.060999 -0.089425
-0.994280 0.057351 -0.090103
-0.995326 0.076121 -0.059424
-0.995326 0.076121 -0.059424
-0.994903 0.083747 -0.056162
-0.994124 0.060999 -0.089425
-0.994906 -0.076637 -0.065486
-0.993978 -0.083593 -0.070851
-0.993922 -0.063417 -0.089986
-0.993922 -0.063417 -0.089986
-0.994346 -0.059264 -0.088115
-0.994906 -0.076637 -0.065486
-0.981640 0.049654 -0.184167
-0.978199 0.045327 -0.202664
-0.994280 0.057351 -0.090103
-0.994280 0.057351 -0.090103
-0.994124 0.060999 -0.089425
-0.981640 0.049654 -0.184167
-0.994346 -0.059264 -0.088115
-0.993922 -0.063417 -0.089986
-0.977745 -0.049617 -0.203845
-0.977745 -0.049617 -0.203845
-0.981834 -0.045406 -0.184231
-0.994346 -0.059264 -0.088115
-0.164768 0.973974 -0.155645
-0.158701 0.970553 -0.181223
-0.170025 0.971951 -0.162489
-0.217265 0.958182 -0.186234
-0.203175 0.964217 -0.170312
-0.164768 0.973974 -0.155645
-0.164768 0.973974 -0.155645
-0.170025 0.971951 -0.162489
-0.217265 0.958182 -0.186234
-0.167811 -0.968689 -0.182977
-0.175999 -0.968480 -0.176267
-0.161691 -0.974565 -0.155175
-0.167811 -0.968689 -0.182977
-0.161691 -0.974565 -0.155175
-0.211658 -0.964502 -0.157916
-0.211658 -0.964502 -0.157916
-0.236868 -0.952673 -0.190544
-0.167811 -0.968689 -0.182977
-0.933508 0.046254 -0.355562
-0.913532 0.037602 -0.405024
-0.978199 0.045327 -0.202664
-0.978199 0.045327 -0.202664
-0.981640 0.049654 -0.184167
-0.933508 0.046254 -0.355562
-0.981834 -0.045406 -0.184231
-0.977745 -0.049617 -0.203845
-0.911564 -0.047229 -0.408437
-0.911564 -0.047229 -0.408437
-0.932482 -0.034837 -0.359533
-0.981834 -0.045406 -0.184231
-0.818060 0.049742 -0.572978
-0.711569 0.035594 -0.701714
-0.913532 0.037602 -0.405024
-0.913532 0.037602 -0.405024
-0.933508 0.046254 -0.355562
-0.818060 0.049742 -0.572978
-0.932482 -0.034837 -0.359533
-0.911564 -0.047229 -0.408437
-0.704631 -0.063679 -0.706711
-0.704631 -0.063679 -0.706711
-0.810919 -0.014034 -0.584991
-0.932482 -0.034837 -0.359533
-0.069845 0.096865 -0.992844
-0.073795 0.102910 -0.991950
-0.163632 0.054123 -0.985036
-0.163632 0.054123 -0.985036
-0.189805 0.066951 -0.979537
-0.069845 0.096865 -0.992844
-0.189805 0.066951 -0.979537
-0.163632 0.054123 -0.985036
-0.392649 0.054543 -0.918070
-0.392649 0.054543 -0.918070
-0.576856 0.065088 -0.814248
-0.189805 0.066951 -0.979537
-0.576856 0.065088 -0.814248
-0.392649 0.054543 -0.918070
-0.711569 0.035594 -0.701714
-0.711569 0.035594 -0.701714
-0.818060 0.049742 -0.572978
-0.576856 0.065088 -0.814248
-0.228176 -0.040496 -0.972777
-0.184536 -0.067743 -0.980488
-0.070963 -0.095944 -0.992854
-0.070963 -0.095944 -0.992854
-0.071457 -0.103194 -0.992091
-0.228176 -0.040496 -0.972777
-0.600970 -0.010247 -0.799206
-0.398389 -0.081532 -0.913586
-0.184536 -0.067743 -0.980488
-0.184536 -0.067743 -0.980488
-0.228176 -0.040496 -0.972777
-0.600970 -0.010247 -0.799206
-0.810919 -0.014034 -0.584991
-0.704631 -0.063679 -0.706711
-0.398389 -0.081532 -0.913586
-0.398389 -0.081532 -0.913586
-0.600970 -0.010247 -0.799206
-0.810919 -0.014034 -0.584991
-0.988660 -0.080635 -0.126684
-0.989242 0.064175 -0.131461
-0.993146 0.004443 -0.116797
-0.999070 0.028584 -0.032284
-0.999019 -0.020827 -0.039072
-0.999845 0.006498 -0.016375
-0.999845 0.006498 -0.016375
-0.999898 0.003161 -0.013891
-0.999070 0.028584 -0.032284
-0.997653 0.001984 -0.068437
-0.997091 -0.005617 -0.076018
-0.999019 -0.020827 -0.039072
-0.999019 -0.020827 -0.039072
-0.999070 0.028584 -0.032284
-0.997653 0.001984 -0.068437
-0.997653 0.001984 -0.068437
-0.989241 -0.000828 -0.146290
-0.997091 -0.005617 -0.076018
-0.999898 0.003161 -0.013891
-0.999845 0.006498 -0.016375
-0.997284 0.063738 -0.036916
-0.997284 0.063738 -0.036916
-0.997146 -0.050744 -0.055909
-0.999898 0.003161 -0.013891
-0.997146 -0.050744 -0.055909
-0.997284 0.063738 -0.036916
-0.989242 0.064175 -0.131461
-0.989242 0.064175 -0.131461
-0.988660 -0.080635 -0.126684
-0.997146 -0.050744 -0.055909
-0.002593 0.999222 -0.039361
-0.009555 0.998248 -0.058391
0.072942 0.996449 -0.042047
0.072942 0.996449 -0.042047
0.079745 0.995598 -0.049237
-0.002593 0.999222 -0.039361
0.079745 0.995598 -0.049237
0.072942 0.996449 -0.042047
0.069544 0.994877 -0.073368
0.069544 0.994877 -0.073368
0.049414 0.995057 -0.086136
0.079745 0.995598 -0.049237
0.488555 0.373109 0.788736
0.490621 0.285177 0.823386
0.832400 0.261566 0.488562
0.832400 0.261566 0.488562
0.856573 0.309811 0.412675
0.488555 0.373109 0.788736
0.856573 0.309811 0.412675
0.832400 0.261566 0.488562
0.953965 0.220705 0.203075
0.953965 0.220705 0.203075
0.959319 0.245377 0.139633
0.856573 0.309811 0.412675
0.475345 0.604241 0.639485
0.488555 0.373109 0.788736
0.856573 0.309811 0.412675
0.856573 0.309811 0.412675
0.865047 0.403285 0.298420
0.475345 0.604241 0.639485
0.963308 0.254572 0.085031
0.865047 0.403285 0.298420
0.856573 0.309811 0.412675
0.856573 0.309811 0.412675
0.959319 0.245377 0.139633
0.963308 0.254572 0.085031
0.430512 0.836995 0.337785
0.475345 0.604241 0.639485
0.865047 0.403285 0.298420
0.865047 0.403285 0.298420
0.827478 0.538206 0.160044
0.430512 0.836995 0.337785
0.958890 0.281509 0.035800
0.827478 0.538206 0.160044
0.865047 0.403285 0.298420
0.865047 0.403285 0.298420
0.963308 0.254572 0.085031
0.958890 0.281509 0.035800
0.971197 0.237474 -0.019534
0.972767 0.231614 0.008866
0.977214 0.211977 -0.010886
0.976878 0.212854 0.020060
0.972767 0.231614 0.008866
0.958890 0.281509 0.035800
0.958890 0.281509 0.035800
0.963308 0.254572 0.085031
0.976878 0.212854 0.020060
0.978435 0.206358 0.009035
0.972767 0.231614 0.008866
0.976878 0.212854 0.020060
0.959319 0.245377 0.139633
0.953965 0.220705 0.203075
0.975912 0.209518 0.060814
0.975912 0.209518 0.060814
0.977289 0.209389 0.032598
0.959319 0.245377 0.139633
0.963618 0.257891 -0.070234
0.971197 0.237474 -0.019534
0.977214 0.211977 -0.010886
0.977214 0.211977 -0.010886
0.976629 0.211203 -0.039864
0.963618 0.257891 -0.070234
0.976629 0.211203 -0.039864
0.959344 0.251474 -0.128140
0.963618 0.257891 -0.070234
0.978141 0.207447 -0.014318
0.977214 0.211977 -0.010886
0.972767 0.231614 0.008866
0.972767 0.231614 0.008866
0.978435 0.206358 0.009035
0.978141 0.207447 -0.014318
0.946977 0.253182 -0.197822
0.959344 0.251474 -0.128140
0.976629 0.211203 -0.039864
0.976629 0.211203 -0.039864
0.973034 0.219292 -0.071525
0.946977 0.253182 -0.197822
0.973034 0.219292 -0.071525
0.976629 0.211203 -0.039864
0.978141 0.207447 -0.014318
0.973034 0.219292 -0.071525
0.931205 0.245704 -0.269235
0.946977 0.253182 -0.197822
0.976629 0.211203 -0.039864
0.977214 0.211977 -0.010886
0.978141 0.207447 -0.014318
0.977289 0.209389 0.032598
0.976878 0.212854 0.020060
0.963308 0.254572 0.085031
0.963308 0.254572 0.085031
0.959319 0.245377 0.139633
0.977289 0.209389 0.032598
0.978435 0.206358 0.009035
0.976878 0.212854 0.020060
0.977289 0.209389 0.032598
0.978435 0.206358 0.009035
0.977289 0.209389 0.032598
0.975912 0.209518 0.060814
0.975912 0.209518 0.060814
0.977928 0.208676 0.010579
0.978435 0.206358 0.009035
0.978141 0.207447 -0.014318
0.978435 0.206358 0.009035
0.977928 0.208676 0.010579
0.977928 0.208676 0.010579
0.977558 0.210063 -0.015965
0.978141 0.207447 -0.014318
0.973034 0.219292 -0.071525
0.978141 0.207447 -0.014318
0.977558 0.210063 -0.015965
0.977558 0.210063 -0.015965
0.972355 0.217115 -0.085950
0.973034 0.219292 -0.071525
0.931205 0.245704 -0.269235
0.973034 0.219292 -0.071525
0.972355 0.217115 -0.085950
0.972355 0.217115 -0.085950
0.908327 0.254884 -0.331626
0.931205 0.245704 -0.269235
0.025304 0.998494 0.048681
0.039275 0.997649 0.056168
-0.033135 0.998267 0.048622
-0.033135 0.998267 0.048622
-0.039000 0.998076 0.048201
0.025304 0.998494 0.048681
-0.039000 0.998076 0.048201
-0.033135 0.998267 0.048622
-0.007238 0.999259 0.037794
-0.007238 0.999259 0.037794
-0.003349 0.999259 0.038347
-0.039000 0.998076 0.048201
-0.025578 0.999239 -0.029431
-0.035872 0.998603 -0.038792
0.049414 0.995057 -0.086136
0.049414 0.995057 -0.086136
0.069544 0.994877 -0.073368
-0.025578 0.999239 -0.029431
-0.008315 0.999536 0.029322
-0.005418 0.999526 0.030307
-0.035872 0.998603 -0.038792
-0.035872 0.998603 -0.038792
-0.025578 0.999239 -0.029431
-0.008315 0.999536 0.029322
-0.003349 0.999259 0.038347
-0.007238 0.999259 0.037794
-0.005418 0.999526 0.030307
-0.005418 0.999526 0.030307
-0.008315 0.999536 0.029322
-0.003349 0.999259 0.038347
0.274339 0.937305 0.214936
0.430512 0.836995 0.337785
0.827478 0.538206 0.160044
0.827478 0.538206 0.160044
0.638176 0.744567 0.195835
0.274339 0.937305 0.214936
0.914372 0.401593 0.051455
0.638176 0.744567 0.195835
0.827478 0.538206 0.160044
0.827478 0.538206 0.160044
0.958890 0.281509 0.035800
0.914372 0.401593 0.051455
0.914372 0.401593 0.051455
0.958890 0.281509 0.035800
0.972767 0.231614 0.008866
0.972767 0.231614 0.008866
0.961478 0.273709 0.025376
0.914372 0.401593 0.051455
0.961478 0.273709 0.025376
0.972767 0.231614 0.008866
0.971197 0.237474 -0.019534
0.011905 0.999394 0.032709
0.006219 0.999388 0.034427
0.039275 0.997649 0.056168
0.039275 0.997649 0.056168
0.025304 0.998494 0.048681
0.011905 0.999394 0.032709
0.931205 0.245704 -0.269235
0.908327 0.254884 -0.331626
0.868120 0.227254 -0.441275
0.868120 0.227254 -0.441275
0.908075 0.196847 -0.369663
0.931205 0.245704 -0.269235
0.995351 0.016274 0.094931
0.891924 -0.165474 0.420821
0.926162 -0.117164 0.358464
0.926162 -0.117164 0.358464
0.996972 0.030121 0.071696
0.995351 0.016274 0.094931
0.946977 0.253182 -0.197822
0.931205 0.245704 -0.269235
0.908075 0.196847 -0.369663
0.908075 0.196847 -0.369663
0.930608 0.239900 -0.276437
0.946977 0.253182 -0.197822
0.995870 -0.057721 0.070081
0.995351 0.016274 0.094931
0.996972 0.030121 0.071696
0.996972 0.030121 0.071696
0.995532 -0.058513 0.074110
0.995870 -0.057721 0.070081
0.959344 0.251474 -0.128140
0.946977 0.253182 -0.197822
0.930608 0.239900 -0.276437
0.930608 0.239900 -0.276437
0.948578 0.253622 -0.189407
0.959344 0.251474 -0.128140
0.995671 -0.072124 0.058633
0.995870 -0.057721 0.070081
0.995532 -0.058513 0.074110
0.995532 -0.058513 0.074110
0.995641 -0.072400 0.058807
0.995671 -0.072124 0.058633
0.963618 0.257891 -0.070234
0.959344 0.251474 -0.128140
0.948578 0.253622 -0.189407
0.948578 0.253622 -0.189407
0.959432 0.261581 -0.105191
0.963618 0.257891 -0.070234
0.995069 -0.089725 0.042268
0.995671 -0.072124 0.058633
0.995641 -0.072400 0.058807
0.995641 -0.072400 0.058807
0.995111 -0.088570 0.043689
0.995069 -0.089725 0.042268
0.972134 0.227286 -0.057416
0.961478 0.273709 0.025376
0.971197 0.237474 -0.019534
0.971197 0.237474 -0.019534
0.963618 0.257891 -0.070234
0.959432 0.261581 -0.105191
0.959432 0.261581 -0.105191
0.972134 0.227286 -0.057416
0.971197 0.237474 -0.019534
0.994816 -0.097610 0.028520
0.995069 -0.089725 0.042268
0.995111 -0.088570 0.043689
0.995111 -0.088570 0.043689
0.995501 -0.091352 0.025149
0.994816 -0.097610 0.028520
0.836738 -0.037136 0.546342
0.795206 -0.076549 0.601488
0.975646 -0.106739 0.191628
0.975646 -0.106739 0.191628
0.978870 -0.080448 0.187993
0.836738 -0.037136 0.546342
0.978870 -0.080448 0.187993
0.975646 -0.106739 0.191628
0.994816 -0.097610 0.028520
0.994816 -0.097610 0.028520
0.995501 -0.091352 0.025149
0.978870 -0.080448 0.187993
0.138556 0.145624 0.979590
0.100366 0.170164 0.980291
0.384737 -0.011674 0.922952
0.384737 -0.011674 0.922952
0.405210 0.018684 0.914033
0.138556 0.145624 0.979590
0.405210 0.018684 0.914033
0.384737 -0.011674 0.922952
0.795206 -0.076549 0.601488
0.795206 -0.076549 0.601488
0.836738 -0.037136 0.546342
0.405210 0.018684 0.914033
0.122437 0.364977 0.922931
0.134282 0.261643 0.955778
0.490621 0.285177 0.823386
0.490621 0.285177 0.823386
0.488555 0.373109 0.788736
0.122437 0.364977 0.922931
0.087670 0.627478 0.773683
0.122437 0.364977 0.922931
0.488555 0.373109 0.788736
0.488555 0.373109 0.788736
0.475345 0.604241 0.639485
0.087670 0.627478 0.773683
0.052240 0.899374 0.434049
0.087670 0.627478 0.773683
0.475345 0.604241 0.639485
0.475345 0.604241 0.639485
0.430512 0.836995 0.337785
0.052240 0.899374 0.434049
0.052240 0.899374 0.434049
0.430512 0.836995 0.337785
0.274339 0.937305 0.214936
0.274339 0.937305 0.214936
0.002551 0.980681 0.195598
0.052240 0.899374 0.434049
-0.009555 0.998248 -0.058391
-0.002593 0.999222 -0.039361
-0.029662 0.993230 -0.112311
-0.029662 0.993230 -0.112311
-0.029100 0.992268 -0.120654
-0.009555 0.998248 -0.058391
0.087670 0.627478 0.773683
0.052240 0.899374 0.434049
-0.005043 0.910779 0.412863
-0.005043 0.910779 0.412863
0.012705 0.646619 0.762707
0.087670 0.627478 0.773683
0.122437 0.364977 0.922931
0.087670 0.627478 0.773683
0.012705 0.646619 0.762707
0.012705 0.646619 0.762707
0.026365 0.373677 0.927184
0.122437 0.364977 0.922931
0.026365 0.373677 0.927184
0.030852 0.266415 0.963365
0.134282 0.261643 0.955778
0.134282 0.261643 0.955778
0.122437 0.364977 0.922931
0.026365 0.373677 0.927184
0.012705 0.646619 0.762707
-0.005043 0.910779 0.412863
0.021563 0.915712 0.401256
0.021563 0.915712 0.401256
0.027670 0.654029 0.755963
0.012705 0.646619 0.762707
0.027670 0.654029 0.755963
0.029824 0.375939 0.926164
0.026365 0.373677 0.927184
0.026365 0.373677 0.927184
0.012705 0.646619 0.762707
0.027670 0.654029 0.755963
0.052370 0.913850 0.402661
0.049693 0.665378 0.744851
0.027670 0.654029 0.755963
0.027670 0.654029 0.755963
0.021563 0.915712 0.401256
0.052370 0.913850 0.402661
0.029824 0.375939 0.926164
0.027670 0.654029 0.755963
0.049693 0.665378 0.744851
0.049693 0.665378 0.744851
0.034169 0.389487 0.920398
0.029824 0.375939 0.926164
-0.022066 0.671232 0.740919
-0.056394 0.389413 0.919335
0.034169 0.389487 0.920398
0.034169 0.389487 0.920398
0.049693 0.665378 0.744851
-0.022066 0.671232 0.740919
0.009138 0.912055 0.409965
-0.022066 0.671232 0.740919
0.049693 0.665378 0.744851
0.049693 0.665378 0.744851
0.052370 0.913850 0.402661
0.009138 0.912055 0.409965
-0.405459 0.654069 0.638590
-0.452986 0.409288 0.792015
-0.056394 0.389413 0.919335
-0.056394 0.389413 0.919335
-0.022066 0.671232 0.740919
-0.405459 0.654069 0.638590
-0.022066 0.671232 0.740919
0.009138 0.912055 0.409965
-0.340547 0.879709 0.331874
-0.340547 0.879709 0.331874
-0.405459 0.654069 0.638590
-0.022066 0.671232 0.740919
-0.405459 0.654069 0.638590
-0.340547 0.879709 0.331874
-0.781020 0.603172 0.161836
-0.781020 0.603172 0.161836
-0.830705 0.454921 0.320899
-0.405459 0.654069 0.638590
-0.830705 0.454921 0.320899
-0.781020 0.603172 0.161836
-0.946339 0.321268 0.035060
-0.946339 0.321268 0.035060
-0.961054 0.262168 0.087422
-0.830705 0.454921 0.320899
-0.961054 0.262168 0.087422
-0.963748 0.238804 0.119008
-0.855169 0.322658 0.405683
-0.855169 0.322658 0.405683
-0.830705 0.454921 0.320899
-0.961054 0.262168 0.087422
-0.830705 0.454921 0.320899
-0.855169 0.322658 0.405683
-0.452986 0.409288 0.792015
-0.452986 0.409288 0.792015
-0.405459 0.654069 0.638590
-0.830705 0.454921 0.320899
-0.974299 0.224499 -0.018483
-0.977835 0.209193 -0.008809
-0.974096 0.226011 0.007457
-0.977375 0.208988 -0.032594
-0.977835 0.209193 -0.008809
-0.974299 0.224499 -0.018483
-0.974299 0.224499 -0.018483
-0.970338 0.235097 -0.056331
-0.977375 0.208988 -0.032594
-0.977375 0.208988 -0.032594
-0.970338 0.235097 -0.056331
-0.964611 0.239402 -0.110510
-0.976127 0.203528 -0.075843
-0.977375 0.208988 -0.032594
-0.964611 0.239402 -0.110510
-0.964611 0.239402 -0.110510
-0.953958 0.236490 -0.184491
-0.976127 0.203528 -0.075843
-0.976127 0.203528 -0.075843
-0.953958 0.236490 -0.184491
-0.946140 0.217395 -0.239916
-0.978317 0.206770 -0.011908
-0.977835 0.209193 -0.008809
-0.977375 0.208988 -0.032594
-0.978317 0.206770 -0.011908
-0.977375 0.208988 -0.032594
-0.976127 0.203528 -0.075843
-0.961054 0.262168 0.087422
-0.946339 0.321268 0.035060
-0.974096 0.226011 0.007457
-0.974096 0.226011 0.007457
-0.976216 0.215235 0.025996
-0.961054 0.262168 0.087422
-0.977860 0.208752 0.014551
-0.974096 0.226011 0.007457
-0.977835 0.209193 -0.008809
-0.977835 0.209193 -0.008809
-0.978317 0.206770 -0.011908
-0.977860 0.208752 0.014551
-0.963748 0.238804 0.119008
-0.961054 0.262168 0.087422
-0.976216 0.215235 0.025996
-0.976216 0.215235 0.025996
-0.976659 0.212083 0.034042
-0.963748 0.238804 0.119008
-0.976659 0.212083 0.034042
-0.976216 0.215235 0.025996
-0.977860 0.208752 0.014551
-0.976216 0.215235 0.025996
-0.974096 0.226011 0.007457
-0.977860 0.208752 0.014551
0.032727 0.265603 0.963527
0.030852 0.266415 0.963365
0.026365 0.373677 0.927184
0.026365 0.373677 0.927184
0.029824 0.375939 0.926164
0.032727 0.265603 0.963527
0.024744 0.280210 0.959620
0.032727 0.265603 0.963527
0.029824 0.375939 0.926164
0.029824 0.375939 0.926164
0.034169 0.389487 0.920398
0.024744 0.280210 0.959620
-0.087021 0.276482 0.957071
0.024744 0.280210 0.959620
0.034169 0.389487 0.920398
0.034169 0.389487 0.920398
-0.056394 0.389413 0.919335
-0.087021 0.276482 0.957071
0.035265 0.992435 -0.117601
0.021831 0.989307 -0.144205
0.015330 0.989342 -0.144804
0.015330 0.989342 -0.144804
0.033575 0.992041 -0.121358
0.035265 0.992435 -0.117601
0.009988 0.219912 0.975469
0.100366 0.170164 0.980291
0.138556 0.145624 0.979590
0.138556 0.145624 0.979590
0.010170 0.217382 0.976034
0.009988 0.219912 0.975469
-0.029100 0.992268 -0.120654
-0.029662 0.993230 -0.112311
-0.020017 0.997276 -0.070996
-0.020017 0.997276 -0.070996
-0.019964 0.997326 -0.070303
-0.029100 0.992268 -0.120654
-0.019964 0.997326 -0.070303
-0.020017 0.997276 -0.070996
-0.006098 0.995490 -0.094671
-0.006098 0.995490 -0.094671
-0.002805 0.995344 -0.096350
-0.019964 0.997326 -0.070303
-0.002805 0.995344 -0.096350
-0.006098 0.995490 -0.094671
0.015330 0.989342 -0.144804
0.015330 0.989342 -0.144804
0.021831 0.989307 -0.144205
-0.002805 0.995344 -0.096350
-0.011507 0.982550 0.185640
-0.005043 0.910779 0.412863
0.052240 0.899374 0.434049
0.052240 0.899374 0.434049
0.002551 0.980681 0.195598
-0.011507 0.982550 0.185640
0.009988 0.219912 0.975469
0.010170 0.217382 0.976034
0.016424 0.309082 0.950893
0.016424 0.309082 0.950893
0.016561 0.313320 0.949503
0.009988 0.219912 0.975469
0.021563 0.915712 0.401256
-0.005043 0.910779 0.412863
-0.011507 0.982550 0.185640
-0.011507 0.982550 0.185640
0.015577 0.982187 0.187257
0.021563 0.915712 0.401256
0.029289 0.232598 0.972132
0.016561 0.313320 0.949503
0.016424 0.309082 0.950893
0.016424 0.309082 0.950893
0.030059 0.230095 0.972704
0.029289 0.232598 0.972132
0.015577 0.982187 0.187257
0.047199 0.979828 0.194190
0.052370 0.913850 0.402661
0.052370 0.913850 0.402661
0.021563 0.915712 0.401256
0.015577 0.982187 0.187257
0.030059 0.230095 0.972704
0.043176 0.206689 0.977453
0.039884 0.203013 0.978363
0.039884 0.203013 0.978363
0.029289 0.232598 0.972132
0.030059 0.230095 0.972704
0.009138 0.912055 0.409965
0.052370 0.913850 0.402661
0.047199 0.979828 0.194190
0.047199 0.979828 0.194190
0.033409 0.981233 0.189908
0.009138 0.912055 0.409965
0.049706 0.301469 0.952180
0.039884 0.203013 0.978363
0.043176 0.206689 0.977453
0.043176 0.206689 0.977453
0.043499 0.317007 0.947425
0.049706 0.301469 0.952180
-0.020153 0.999499 0.024414
0.114417 0.992213 0.049206
0.065871 0.997104 0.038001
0.065871 0.997104 0.038001
-0.040342 0.998906 0.023662
-0.020153 0.999499 0.024414
-0.976127 0.203528 -0.075843
-0.946140 0.217395 -0.239916
-0.914946 0.222156 -0.336928
-0.914946 0.222156 -0.336928
-0.969085 0.220647 -0.110405
-0.976127 0.203528 -0.075843
-0.083841 0.994886 0.056320
-0.020153 0.999499 0.024414
-0.040342 0.998906 0.023662
-0.040342 0.998906 0.023662
-0.078803 0.995397 0.054547
-0.083841 0.994886 0.056320
-0.978317 0.206770 -0.011908
-0.976127 0.203528 -0.075843
-0.969085 0.220647 -0.110405
-0.969085 0.220647 -0.110405
-0.978115 0.207744 -0.011590
-0.978317 0.206770 -0.011908
0.050775 0.998272 0.029577
-0.083841 0.994886 0.056320
-0.078803 0.995397 0.054547
-0.078803 0.995397 0.054547
0.052219 0.998258 0.027476
0.050775 0.998272 0.029577
-0.977860 0.208752 0.014551
-0.978317 0.206770 -0.011908
-0.978115 0.207744 -0.011590
-0.978115 0.207744 -0.011590
-0.977661 0.209288 0.019438
-0.977860 0.208752 0.014551
-0.055985 0.997765 0.036489
0.050775 0.998272 0.029577
0.052219 0.998258 0.027476
0.052219 0.998258 0.027476
-0.057466 0.997628 0.037900
-0.055985 0.997765 0.036489
-0.976314 0.208579 0.057490
-0.976659 0.212083 0.034042
-0.977860 0.208752 0.014551
-0.977860 0.208752 0.014551
-0.977661 0.209288 0.019438
-0.976314 0.208579 0.057490
-0.001314 0.999998 -0.001461
-0.055985 0.997765 0.036489
-0.057466 0.997628 0.037900
-0.057466 0.997628 0.037900
-0.008764 0.999961 0.001012
-0.001314 0.999998 -0.001461
-0.963748 0.238804 0.119008
-0.976659 0.212083 0.034042
-0.976314 0.208579 0.057490
-0.976314 0.208579 0.057490
-0.957394 0.220455 0.186539
-0.963748 0.238804 0.119008
-0.061731 0.997608 0.031100
-0.001314 0.999998 -0.001461
-0.008764 0.999961 0.001012
-0.008764 0.999961 0.001012
-0.053836 0.998342 0.020355
-0.061731 0.997608 0.031100
-0.855169 0.322658 0.405683
-0.963748 0.238804 0.119008
-0.957394 0.220455 0.186539
-0.957394 0.220455 0.186539
-0.831865 0.270301 0.484703
-0.855169 0.322658 0.405683
0.034972 0.996299 -0.078516
-0.061731 0.997608 0.031100
-0.053836 0.998342 0.020355
-0.053836 0.998342 0.020355
0.056096 0.993919 -0.094756
0.034972 0.996299 -0.078516
-0.475253 0.302089 0.826364
-0.087021 0.276482 0.957071
-0.056394 0.389413 0.919335
-0.056394 0.389413 0.919335
-0.452986 0.409288 0.792015
-0.475253 0.302089 0.826364
0.044578 0.989223 -0.139463
0.035265 0.992435 -0.117601
0.033575 0.992041 -0.121358
0.033575 0.992041 -0.121358
0.040754 0.988428 -0.146113
0.044578 0.989223 -0.139463
-0.452986 0.409288 0.792015
-0.855169 0.322658 0.405683
-0.831865 0.270301 0.484703
-0.831865 0.270301 0.484703
-0.475253 0.302089 0.826364
-0.452986 0.409288 0.792015
0.040754 0.988428 -0.146113
0.034972 0.996299 -0.078516
0.056096 0.993919 -0.094756
0.056096 0.993919 -0.094756
0.044578 0.989223 -0.139463
0.040754 0.988428 -0.146113
-0.340547 0.879709 0.331874
0.009138 0.912055 0.409965
0.033409 0.981233 0.189908
0.033409 0.981233 0.189908
-0.219538 0.955447 0.197290
-0.340547 0.879709 0.331874
-0.079738 0.344725 0.935311
0.049706 0.301469 0.952180
0.043499 0.317007 0.947425
0.043499 0.317007 0.947425
-0.117849 0.332833 0.935593
-0.079738 0.344725 0.935311
-0.781020 0.603172 0.161836
-0.340547 0.879709 0.331874
-0.219538 0.955447 0.197290
-0.219538 0.955447 0.197290
-0.655436 0.730754 0.190792
-0.781020 0.603172 0.161836
-0.422063 0.129201 0.897313
-0.079738 0.344725 0.935311
-0.117849 0.332833 0.935593
-0.117849 0.332833 0.935593
-0.398755 0.155264 0.903818
-0.422063 0.129201 0.897313
-0.946339 0.321268 0.035060
-0.781020 0.603172 0.161836
-0.655436 0.730754 0.190792
-0.655436 0.730754 0.190792
-0.907519 0.409199 0.094687
-0.946339 0.321268 0.035060
-0.805710 -0.028664 0.591615
-0.422063 0.129201 0.897313
-0.398755 0.155264 0.903818
-0.398755 0.155264 0.903818
-0.780648 0.016926 0.624741
-0.805710 -0.028664 0.591615
-0.879124 0.231259 -0.416726
-0.841393 0.194374 -0.504259
-0.914946 0.222156 -0.336928
-0.914946 0.222156 -0.336928
-0.946140 0.217395 -0.239916
-0.879124 0.231259 -0.416726
-0.996149 -0.007083 0.087393
-0.888907 -0.007524 0.458026
-0.929266 -0.010501 0.369263
-0.929266 -0.010501 0.369263
-0.999771 -0.000737 0.021375
-0.996149 -0.007083 0.087393
-0.919842 0.251188 -0.301322
-0.879124 0.231259 -0.416726
-0.946140 0.217395 -0.239916
-0.946140 0.217395 -0.239916
-0.953958 0.236490 -0.184491
-0.919842 0.251188 -0.301322
-0.999700 0.017328 -0.017284
-0.996149 -0.007083 0.087393
-0.999771 -0.000737 0.021375
-0.999771 -0.000737 0.021375
-0.999717 0.015955 -0.017655
-0.999700 0.017328 -0.017284
-0.945214 0.262143 -0.194553
-0.919842 0.251188 -0.301322
-0.953958 0.236490 -0.184491
-0.953958 0.236490 -0.184491
-0.964611 0.239402 -0.110510
-0.945214 0.262143 -0.194553
-0.999754 -0.010042 0.019770
-0.999700 0.017328 -0.017284
-0.999717 0.015955 -0.017655
-0.999717 0.015955 -0.017655
-0.999606 -0.009808 0.026305
-0.999754 -0.010042 0.019770
-0.959137 0.261553 -0.107919
-0.945214 0.262143 -0.194553
-0.964611 0.239402 -0.110510
-0.964611 0.239402 -0.110510
-0.970338 0.235097 -0.056331
-0.959137 0.261553 -0.107919
-0.999972 -0.003229 0.006725
-0.999754 -0.010042 0.019770
-0.999606 -0.009808 0.026305
-0.999606 -0.009808 0.026305
-1.000000 -0.000088 0.000192
-0.999972 -0.003229 0.006725
-0.969033 0.242691 -0.045559
-0.959137 0.261553 -0.107919
-0.970338 0.235097 -0.056331
-0.970338 0.235097 -0.056331
-0.974299 0.224499 -0.018483
-0.969033 0.242691 -0.045559
-0.999983 0.005177 0.002722
-0.999972 -0.003229 0.006725
-1.000000 -0.000088 0.000192
-1.000000 -0.000088 0.000192
-0.999986 0.004012 0.003311
-0.999983 0.005177 0.002722
-0.974096 0.226011 0.007457
-0.946339 0.321268 0.035060
-0.907519 0.409199 0.094687
-0.907519 0.409199 0.094687
-0.966405 0.255609 0.026925
-0.974096 0.226011 0.007457
-0.990677 -0.013664 0.135543
-0.805710 -0.028664 0.591615
-0.780648 0.016926 0.624741
-0.780648 0.016926 0.624741
-0.972787 -0.000424 0.231701
-0.990677 -0.013664 0.135543
-0.974299 0.224499 -0.018483
-0.974096 0.226011 0.007457
-0.966405 0.255609 0.026925
-0.966405 0.255609 0.026925
-0.969033 0.242691 -0.045559
-0.974299 0.224499 -0.018483
-0.972787 -0.000424 0.231701
-0.999983 0.005177 0.002722
-0.999986 0.004012 0.003311
-0.999986 0.004012 0.003311
-0.990677 -0.013664 0.135543
-0.972787 -0.000424 0.231701
-0.002593 -0.999222 -0.039361
0.079745 -0.995598 -0.049237
0.072942 -0.996449 -0.042047
0.072942 -0.996449 -0.042047
-0.009555 -0.998248 -0.058391
-0.002593 -0.999222 -0.039361
0.079745 -0.995598 -0.049237
0.049414 -0.995057 -0.086136
0.069544 -0.994877 -0.073368
0.069544 -0.994877 -0.073368
0.072942 -0.996449 -0.042047
0.079745 -0.995598 -0.049237
0.488554 -0.373110 0.788735
0.856572 -0.309811 0.412675
0.832400 -0.261566 0.488562
0.832400 -0.261566 0.488562
0.490621 -0.285177 0.823386
0.488554 -0.373110 0.788735
0.856572 -0.309811 0.412675
0.959319 -0.245377 0.139633
0.953965 -0.220705 0.203075
0.953965 -0.220705 0.203075
0.832400 -0.261566 0.488562
0.856572 -0.309811 0.412675
0.475345 -0.604241 0.639484
0.865047 -0.403286 0.298420
0.856572 -0.309811 0.412675
0.856572 -0.309811 0.412675
0.488554 -0.373110 0.788735
0.475345 -0.604241 0.639484
0.963308 -0.254572 0.085031
0.959319 -0.245377 0.139633
0.856572 -0.309811 0.412675
0.856572 -0.309811 0.412675
0.865047 -0.403286 0.298420
0.963308 -0.254572 0.085031
0.430512 -0.836995 0.337785
0.827478 -0.538206 0.160044
0.865047 -0.403286 0.298420
0.865047 -0.403286 0.298420
0.475345 -0.604241 0.639484
0.430512 -0.836995 0.337785
0.958890 -0.281509 0.035800
0.963308 -0.254572 0.085031
0.865047 -0.403286 0.298420
0.865047 -0.403286 0.298420
0.827478 -0.538206 0.160044
0.958890 -0.281509 0.035800
0.971197 -0.237474 -0.019534
0.977214 -0.211977 -0.010886
0.972767 -0.231614 0.008866
0.976878 -0.212854 0.020060
0.963308 -0.254572 0.085031
0.958890 -0.281509 0.035800
0.958890 -0.281509 0.035800
0.972767 -0.231614 0.008866
0.976878 -0.212854 0.020060
0.978435 -0.206358 0.009035
0.976878 -0.212854 0.020060
0.972767 -0.231614 0.008866
0.959319 -0.245377 0.139633
0.977289 -0.209389 0.032598
0.975912 -0.209518 0.060814
0.975912 -0.209518 0.060814
0.953965 -0.220705 0.203075
0.959319 -0.245377 0.139633
0.963618 -0.257891 -0.070234
0.976629 -0.211203 -0.039864
0.977214 -0.211977 -0.010886
0.977214 -0.211977 -0.010886
0.971197 -0.237474 -0.019534
0.963618 -0.257891 -0.070234
0.976629 -0.211203 -0.039864
0.963618 -0.257891 -0.070234
0.959344 -0.251474 -0.128140
0.978141 -0.207447 -0.014318
0.978435 -0.206358 0.009035
0.972767 -0.231614 0.008866
0.972767 -0.231614 0.008866
0.977214 -0.211977 -0.010886
0.978141 -0.207447 -0.014318
0.946977 -0.253182 -0.197822
0.973034 -0.219292 -0.071525
0.976629 -0.211203 -0.039864
0.976629 -0.211203 -0.039864
0.959344 -0.251474 -0.128140
0.946977 -0.253182 -0.197822
0.973034 -0.219292 -0.071525
0.978141 -0.207447 -0.014318
0.976629 -0.211203 -0.039864
0.973034 -0.219292 -0.071525
0.946977 -0.253182 -0.197822
0.931205 -0.245704 -0.269235
0.976629 -0.211203 -0.039864
0.978141 -0.207447 -0.014318
0.977214 -0.211977 -0.010886
0.977289 -0.209389 0.032598
0.959319 -0.245377 0.139633
0.963308 -0.254572 0.085031
0.963308 -0.254572 0.085031
0.976878 -0.212854 0.020060
0.977289 -0.209389 0.032598
0.978435 -0.206358 0.009035
0.977289 -0.209389 0.032598
0.976878 -0.212854 0.020060
0.978435 -0.206358 0.009035
0.977928 -0.208676 0.010579
0.975912 -0.209518 0.060814
0.975912 -0.209518 0.060814
0.977289 -0.209389 0.032598
0.978435 -0.206358 0.009035
0.978141 -0.207447 -0.014318
0.977558 -0.210063 -0.015965
0.977928 -0.208676 0.010579
0.977928 -0.208676 0.010579
0.978435 -0.206358 0.009035
0.978141 -0.207447 -0.014318
0.973034 -0.219292 -0.071525
0.972355 -0.217115 -0.085950
0.977558 -0.210063 -0.015965
0.977558 -0.210063 -0.015965
0.978141 -0.207447 -0.014318
0.973034 -0.219292 -0.071525
0.931205 -0.245704 -0.269235
0.908327 -0.254884 -0.331626
0.972355 -0.217115 -0.085950
0.972355 -0.217115 -0.085950
0.973034 -0.219292 -0.071525
0.931205 -0.245704 -0.269235
0.025304 -0.998494 0.048681
-0.039000 -0.998076 0.048201
-0.033135 -0.998267 0.048622
-0.033135 -0.998267 0.048622
0.039275 -0.997649 0.056168
0.025304 -0.998494 0.048681
-0.039000 -0.998076 0.048201
-0.003349 -0.999259 0.038347
-0.007238 -0.999259 0.037794
-0.007238 -0.999259 0.037794
-0.033135 -0.998267 0.048622
-0.039000 -0.998076 0.048201
-0.025578 -0.999239 -0.029431
0.069544 -0.994877 -0.073368
0.049414 -0.995057 -0.086136
0.049414 -0.995057 -0.086136
-0.035872 -0.998603 -0.038792
-0.025578 -0.999239 -0.029431
-0.008315 -0.999536 0.029322
-0.025578 -0.999239 -0.029431
-0.035872 -0.998603 -0.038792
-0.035872 -0.998603 -0.038792
-0.005418 -0.999526 0.030307
-0.008315 -0.999536 0.029322
-0.003349 -0.999259 0.038347
-0.008315 -0.999536 0.029322
-0.005418 -0.999526 0.030307
-0.005418 -0.999526 0.030307
-0.007238 -0.999259 0.037794
-0.003349 -0.999259 0.038347
0.274339 -0.937305 0.214936
0.638176 -0.744567 0.195835
0.827478 -0.538206 0.160044
0.827478 -0.538206 0.160044
0.430512 -0.836995 0.337785
0.274339 -0.937305 0.214936
0.914372 -0.401593 0.051455
0.958890 -0.281509 0.035800
0.827478 -0.538206 0.160044
0.827478 -0.538206 0.160044
0.638176 -0.744567 0.195835
0.914372 -0.401593 0.051455
0.914372 -0.401593 0.051455
0.961478 -0.273709 0.025376
0.972767 -0.231614 0.008866
0.972767 -0.231614 0.008866
0.958890 -0.281509 0.035800
0.914372 -0.401593 0.051455
0.961478 -0.273709 0.025376
0.971197 -0.237474 -0.019534
0.972767 -0.231614 0.008866
0.011905 -0.999394 0.032709
0.025304 -0.998494 0.048681
0.039275 -0.997649 0.056168
0.039275 -0.997649 0.056168
0.006219 -0.999388 0.034427
0.011905 -0.999394 0.032709
0.931205 -0.245704 -0.269235
0.908075 -0.196847 -0.369663
0.868120 -0.227254 -0.441275
0.868120 -0.227254 -0.441275
0.908327 -0.254884 -0.331626
0.931205 -0.245704 -0.269235
0.995351 -0.016274 0.094931
0.996972 -0.030121 0.071696
0.926162 0.117164 0.358464
0.926162 0.117164 0.358464
0.891924 0.165474 0.420821
0.995351 -0.016274 0.094931
0.946977 -0.253182 -0.197822
0.930608 -0.239899 -0.276437
0.908075 -0.196847 -0.369663
0.908075 -0.196847 -0.369663
0.931205 -0.245704 -0.269235
0.946977 -0.253182 -0.197822
0.995870 0.057720 0.070080
0.995532 0.058512 0.074110
0.996972 -0.030121 0.071696
0.996972 -0.030121 0.071696
0.995351 -0.016274 0.094931
0.995870 0.057720 0.070080
0.959344 -0.251474 -0.128140
0.948578 -0.253622 -0.189408
0.930608 -0.239899 -0.276437
0.930608 -0.239899 -0.276437
0.946977 -0.253182 -0.197822
0.959344 -0.251474 -0.128140
0.995671 0.072124 0.058633
0.995641 0.072400 0.058807
0.995532 0.058512 0.074110
0.995532 0.058512 0.074110
0.995870 0.057720 0.070080
0.995671 0.072124 0.058633
0.963618 -0.257891 -0.070234
0.959432 -0.261581 -0.105191
0.948578 -0.253622 -0.189408
0.948578 -0.253622 -0.189408
0.959344 -0.251474 -0.128140
0.963618 -0.257891 -0.070234
0.995069 0.089725 0.042268
0.995111 0.088570 0.043689
0.995641 0.072400 0.058807
0.995641 0.072400 0.058807
0.995671 0.072124 0.058633
0.995069 0.089725 0.042268
0.972134 -0.227286 -0.057416
0.971197 -0.237474 -0.019534
0.961478 -0.273709 0.025376
0.971197 -0.237474 -0.019534
0.972134 -0.227286 -0.057416
0.959432 -0.261581 -0.105191
0.959432 -0.261581 -0.105191
0.963618 -0.257891 -0.070234
0.971197 -0.237474 -0.019534
0.994816 0.097610 0.028520
0.995501 0.091352 0.025149
0.995111 0.088570 0.043689
0.995111 0.088570 0.043689
0.995069 0.089725 0.042268
0.994816 0.097610 0.028520
0.836738 0.037136 0.546342
0.978870 0.080448 0.187993
0.975646 0.106739 0.191628
0.975646 0.106739 0.191628
0.795206 0.076549 0.601488
0.836738 0.037136 0.546342
0.978870 0.080448 0.187993
0.995501 0.091352 0.025149
0.994816 0.097610 0.028520
0.994816 0.097610 0.028520
0.975646 0.106739 0.191628
0.978870 0.080448 0.187993
0.138556 -0.145624 0.979590
0.405210 -0.018684 0.914033
0.384737 0.011674 0.922952
0.384737 0.011674 0.922952
0.100366 -0.170164 0.980291
0.138556 -0.145624 0.979590
0.405210 -0.018684 0.914033
0.836738 0.037136 0.546342
0.795206 0.076549 0.601488
0.795206 0.076549 0.601488
0.384737 0.011674 0.922952
0.405210 -0.018684 0.914033
0.122437 -0.364978 0.922930
0.488554 -0.373110 0.788735
0.490621 -0.285177 0.823386
0.490621 -0.285177 0.823386
0.134282 -0.261643 0.955778
0.122437 -0.364978 0.922930
0.087670 -0.627478 0.773683
0.475345 -0.604241 0.639484
0.488554 -0.373110 0.788735
0.488554 -0.373110 0.788735
0.122437 -0.364978 0.922930
0.087670 -0.627478 0.773683
0.052240 -0.899373 0.434049
0.430512 -0.836995 0.337785
0.475345 -0.604241 0.639484
0.475345 -0.604241 0.639484
0.087670 -0.627478 0.773683
0.052240 -0.899373 0.434049
0.052240 -0.899373 0.434049
0.002551 -0.980681 0.195598
0.274339 -0.937305 0.214936
0.274339 -0.937305 0.214936
0.430512 -0.836995 0.337785
0.052240 -0.899373 0.434049
-0.009555 -0.998248 -0.058391
-0.029100 -0.992268 -0.120654
-0.029662 -0.993230 -0.112311
-0.029662 -0.993230 -0.112311
-0.002593 -0.999222 -0.039361
-0.009555 -0.998248 -0.058391
0.087670 -0.627478 0.773683
0.012705 -0.646620 0.762706
-0.005043 -0.910779 0.412863
-0.005043 -0.910779 0.412863
0.052240 -0.899373 0.434049
0.087670 -0.627478 0.773683
0.122437 -0.364978 0.922930
0.026365 -0.373678 0.927184
0.012705 -0.646620 0.762706
0.012705 -0.646620 0.762706
0.087670 -0.627478 0.773683
0.122437 -0.364978 0.922930
0.026365 -0.373678 0.927184
0.122437 -0.364978 0.922930
0.134282 -0.261643 0.955778
0.134282 -0.261643 0.955778
0.030852 -0.266415 0.963365
0.026365 -0.373678 0.927184
0.012705 -0.646620 0.762706
0.027670 -0.654030 0.755962
0.021563 -0.915712 0.401256
0.021563 -0.915712 0.401256
-0.005043 -0.910779 0.412863
0.012705 -0.646620 0.762706
0.027670 -0.654030 0.755962
0.012705 -0.646620 0.762706
0.026365 -0.373678 0.927184
0.026365 -0.373678 0.927184
0.029824 -0.375940 0.926164
0.027670 -0.654030 0.755962
0.052370 -0.913850 0.402661
0.021563 -0.915712 0.401256
0.027670 -0.654030 0.755962
0.027670 -0.654030 0.755962
0.049693 -0.665379 0.744850
0.052370 -0.913850 0.402661
0.029824 -0.375940 0.926164
0.034169 -0.389488 0.920398
0.049693 -0.665379 0.744850
0.049693 -0.665379 0.744850
0.027670 -0.654030 0.755962
0.029824 -0.375940 0.926164
-0.022065 -0.671233 0.740918
0.049693 -0.665379 0.744850
0.034169 -0.389488 0.920398
0.034169 -0.389488 0.920398
-0.056394 -0.389414 0.919335
-0.022065 -0.671233 0.740918
0.009138 -0.912055 0.409965
0.052370 -0.913850 0.402661
0.049693 -0.665379 0.744850
0.049693 -0.665379 0.744850
-0.022065 -0.671233 0.740918
0.009138 -0.912055 0.409965
-0.405459 -0.654069 0.638589
-0.022065 -0.671233 0.740918
-0.056394 -0.389414 0.919335
-0.056394 -0.389414 0.919335
-0.452986 -0.409288 0.792014
-0.405459 -0.654069 0.638589
-0.022065 -0.671233 0.740918
-0.405459 -0.654069 0.638589
-0.340547 -0.879709 0.331874
-0.340547 -0.879709 0.331874
0.009138 -0.912055 0.409965
-0.022065 -0.671233 0.740918
-0.405459 -0.654069 0.638589
-0.830705 -0.454921 0.320899
-0.781020 -0.603172 0.161836
-0.781020 -0.603172 0.161836
-0.340547 -0.879709 0.331874
-0.405459 -0.654069 0.638589
-0.830705 -0.454921 0.320899
-0.961054 -0.262168 0.087422
-0.946339 -0.321268 0.035060
-0.946339 -0.321268 0.035060
-0.781020 -0.603172 0.161836
-0.830705 -0.454921 0.320899
-0.961054 -0.262168 0.087422
-0.830705 -0.454921 0.320899
-0.855168 -0.322658 0.405683
-0.855168 -0.322658 0.405683
-0.963748 -0.238804 0.119008
-0.961054 -0.262168 0.087422
-0.830705 -0.454921 0.320899
-0.405459 -0.654069 0.638589
-0.452986 -0.409288 0.792014
-0.452986 -0.409288 0.792014
-0.855168 -0.322658 0.405683
-0.830705 -0.454921 0.320899
-0.974299 -0.224499 -0.018483
-0.974096 -0.226011 0.007457
-0.977835 -0.209193 -0.008809
-0.977375 -0.208988 -0.032594
-0.970338 -0.235097 -0.056331
-0.974299 -0.224499 -0.018483
-0.974299 -0.224499 -0.018483
-0.977835 -0.209193 -0.008809
-0.977375 -0.208988 -0.032594
-0.977375 -0.208988 -0.032594
-0.964611 -0.239402 -0.110511
-0.970338 -0.235097 -0.056331
-0.976127 -0.203528 -0.075843
-0.953958 -0.236490 -0.184492
-0.964611 -0.239402 -0.110511
-0.964611 -0.239402 -0.110511
-0.977375 -0.208988 -0.032594
-0.976127 -0.203528 -0.075843
-0.976127 -0.203528 -0.075843
-0.946140 -0.217395 -0.239916
-0.953958 -0.236490 -0.184492
-0.978317 -0.206770 -0.011908
-0.977375 -0.208988 -0.032594
-0.977835 -0.209193 -0.008809
-0.978317 -0.206770 -0.011908
-0.976127 -0.203528 -0.075843
-0.977375 -0.208988 -0.032594
-0.961054 -0.262168 0.087422
-0.976216 -0.215235 0.025996
-0.974096 -0.226011 0.007457
-0.974096 -0.226011 0.007457
-0.946339 -0.321268 0.035060
-0.961054 -0.262168 0.087422
-0.977860 -0.208752 0.014551
-0.978317 -0.206770 -0.011908
-0.977835 -0.209193 -0.008809
-0.977835 -0.209193 -0.008809
-0.974096 -0.226011 0.007457
-0.977860 -0.208752 0.014551
-0.963748 -0.238804 0.119008
-0.976659 -0.212083 0.034042
-0.976216 -0.215235 0.025996
-0.976216 -0.215235 0.025996
-0.961054 -0.262168 0.087422
-0.963748 -0.238804 0.119008
-0.976659 -0.212083 0.034042
-0.977860 -0.208752 0.014551
-0.976216 -0.215235 0.025996
-0.976216 -0.215235 0.025996
-0.977860 -0.208752 0.014551
-0.974096 -0.226011 0.007457
0.032727 -0.265603 0.963527
0.029824 -0.375940 0.926164
0.026365 -0.373678 0.927184
0.026365 -0.373678 0.927184
0.030852 -0.266415 0.963365
0.032727 -0.265603 0.963527
0.024744 -0.280210 0.959620
0.034169 -0.389488 0.920398
0.029824 -0.375940 0.926164
0.029824 -0.375940 0.926164
0.032727 -0.265603 0.963527
0.024744 -0.280210 0.959620
-0.087021 -0.276482 0.957071
-0.056394 -0.389414 0.919335
0.034169 -0.389488 0.920398
0.034169 -0.389488 0.920398
0.024744 -0.280210 0.959620
-0.087021 -0.276482 0.957071
0.035265 -0.992434 -0.117602
0.033575 -0.992041 -0.121359
0.015330 -0.989342 -0.144804
0.015330 -0.989342 -0.144804
0.021831 -0.989307 -0.144206
0.035265 -0.992434 -0.117602
0.009988 -0.219912 0.975469
0.010170 -0.217382 0.976034
0.138556 -0.145624 0.979590
0.138556 -0.145624 0.979590
0.100366 -0.170164 0.980291
0.009988 -0.219912 0.975469
-0.029100 -0.992268 -0.120654
-0.019964 -0.997326 -0.070303
-0.020017 -0.997276 -0.070996
-0.020017 -0.997276 -0.070996
-0.029662 -0.993230 -0.112311
-0.029100 -0.992268 -0.120654
-0.019964 -0.997326 -0.070303
-0.002805 -0.995344 -0.096350
-0.006098 -0.995490 -0.094671
-0.006098 -0.995490 -0.094671
-0.020017 -0.997276 -0.070996
-0.019964 -0.997326 -0.070303
-0.002805 -0.995344 -0.096350
0.021831 -0.989307 -0.144206
0.015330 -0.989342 -0.144804
0.015330 -0.989342 -0.144804
-0.006098 -0.995490 -0.094671
-0.002805 -0.995344 -0.096350
-0.011507 -0.982551 0.185640
0.002551 -0.980681 0.195598
0.052240 -0.899373 0.434049
0.052240 -0.899373 0.434049
-0.005043 -0.910779 0.412863
-0.011507 -0.982551 0.185640
0.009988 -0.219912 0.975469
0.016561 -0.313320 0.949503
0.016424 -0.309083 0.950893
0.016424 -0.309083 0.950893
0.010170 -0.217382 0.976034
0.009988 -0.219912 0.975469
0.021563 -0.915712 0.401256
0.015577 -0.982187 0.187257
-0.011507 -0.982551 0.185640
-0.011507 -0.982551 0.185640
-0.005043 -0.910779 0.412863
0.021563 -0.915712 0.401256
0.029289 -0.232598 0.972132
0.030059 -0.230095 0.972704
0.016424 -0.309083 0.950893
0.016424 -0.309083 0.950893
0.016561 -0.313320 0.949503
0.029289 -0.232598 0.972132
0.015577 -0.982187 0.187257
0.021563 -0.915712 0.401256
0.052370 -0.913850 0.402661
0.052370 -0.913850 0.402661
0.047199 -0.979828 0.194190
0.015577 -0.982187 0.187257
0.030059 -0.230095 0.972704
0.029289 -0.232598 0.972132
0.039884 -0.203013 0.978363
0.039884 -0.203013 0.978363
0.043176 -0.206689 0.977453
0.030059 -0.230095 0.972704
0.009138 -0.912055 0.409965
0.033409 -0.981233 0.189908
0.047199 -0.979828 0.194190
0.047199 -0.979828 0.194190
0.052370 -0.913850 0.402661
0.009138 -0.912055 0.409965
0.049706 -0.301469 0.952180
0.043499 -0.317007 0.947425
0.043176 -0.206689 0.977453
0.043176 -0.206689 0.977453
0.039884 -0.203013 0.978363
0.049706 -0.301469 0.952180
-0.020153 -0.999499 0.024414
-0.040342 -0.998906 0.023662
0.065871 -0.997104 0.038001
0.065871 -0.997104 0.038001
0.114417 -0.992213 0.049206
-0.020153 -0.999499 0.024414
-0.976127 -0.203528 -0.075843
-0.969085 -0.220647 -0.110405
-0.914946 -0.222156 -0.336928
-0.914946 -0.222156 -0.336928
-0.946140 -0.217395 -0.239916
-0.976127 -0.203528 -0.075843
-0.083841 -0.994886 0.056320
-0.078803 -0.995397 0.054547
-0.040342 -0.998906 0.023662
-0.040342 -0.998906 0.023662
-0.020153 -0.999499 0.024414
-0.083841 -0.994886 0.056320
-0.978317 -0.206770 -0.011908
-0.978115 -0.207744 -0.011590
-0.969085 -0.220647 -0.110405
-0.969085 -0.220647 -0.110405
-0.976127 -0.203528 -0.075843
-0.978317 -0.206770 -0.011908
0.050775 -0.998272 0.029577
0.052219 -0.998258 0.027476
-0.078803 -0.995397 0.054547
-0.078803 -0.995397 0.054547
-0.083841 -0.994886 0.056320
0.050775 -0.998272 0.029577
-0.977860 -0.208752 0.014551
-0.977661 -0.209288 0.019438
-0.978115 -0.207744 -0.011590
-0.978115 -0.207744 -0.011590
-0.978317 -0.206770 -0.011908
-0.977860 -0.208752 0.014551
-0.055985 -0.997765 0.036489
-0.057466 -0.997628 0.037900
0.052219 -0.998258 0.027476
0.052219 -0.998258 0.027476
0.050775 -0.998272 0.029577
-0.055985 -0.997765 0.036489
-0.976314 -0.208579 0.057490
-0.977661 -0.209288 0.019438
-0.977860 -0.208752 0.014551
-0.977860 -0.208752 0.014551
-0.976659 -0.212083 0.034042
-0.976314 -0.208579 0.057490
-0.001314 -0.999998 -0.001461
-0.008764 -0.999961 0.001012
-0.057466 -0.997628 0.037900
-0.057466 -0.997628 0.037900
-0.055985 -0.997765 0.036489
-0.001314 -0.999998 -0.001461
-0.963748 -0.238804 0.119008
-0.957394 -0.220455 0.186539
-0.976314 -0.208579 0.057490
-0.976314 -0.208579 0.057490
-0.976659 -0.212083 0.034042
-0.963748 -0.238804 0.119008
-0.061731 -0.997608 0.031100
-0.053836 -0.998342 0.020355
-0.008764 -0.999961 0.001012
-0.008764 -0.999961 0.001012
-0.001314 -0.999998 -0.001461
-0.061731 -0.997608 0.031100
-0.855168 -0.322658 0.405683
-0.831866 -0.270301 0.484703
-0.957394 -0.220455 0.186539
-0.957394 -0.220455 0.186539
-0.963748 -0.238804 0.119008
-0.855168 -0.322658 0.405683
0.034972 -0.996299 -0.078516
0.056096 -0.993919 -0.094756
-0.053836 -0.998342 0.020355
-0.053836 -0.998342 0.020355
-0.061731 -0.997608 0.031100
0.034972 -0.996299 -0.078516
-0.475253 -0.302089 0.826364
-0.452986 -0.409288 0.792014
-0.056394 -0.389414 0.919335
-0.056394 -0.389414 0.919335
-0.087021 -0.276482 0.957071
-0.475253 -0.302089 0.826364
0.044578 -0.989223 -0.139463
0.040754 -0.988428 -0.146113
0.033575 -0.992041 -0.121359
0.033575 -0.992041 -0.121359
0.035265 -0.992434 -0.117602
0.044578 -0.989223 -0.139463
-0.452986 -0.409288 0.792014
-0.475253 -0.302089 0.826364
-0.831866 -0.270301 0.484703
-0.831866 -0.270301 0.484703
-0.855168 -0.322658 0.405683
-0.452986 -0.409288 0.792014
0.040754 -0.988428 -0.146113
0.044578 -0.989223 -0.139463
0.056096 -0.993919 -0.094756
0.056096 -0.993919 -0.094756
0.034972 -0.996299 -0.078516
0.040754 -0.988428 -0.146113
-0.340547 -0.879709 0.331874
-0.219538 -0.955447 0.197290
0.033409 -0.981233 0.189908
0.033409 -0.981233 0.189908
0.009138 -0.912055 0.409965
-0.340547 -0.879709 0.331874
-0.079738 -0.344725 0.935311
-0.117849 -0.332833 0.935593
0.043499 -0.317007 0.947425
0.043499 -0.317007 0.947425
0.049706 -0.301469 0.952180
-0.079738 -0.344725 0.935311
-0.781020 -0.603172 0.161836
-0.655436 -0.730754 0.190792
-0.219538 -0.955447 0.197290
-0.219538 -0.955447 0.197290
-0.340547 -0.879709 0.331874
-0.781020 -0.603172 0.161836
-0.422063 -0.129201 0.897313
-0.398755 -0.155264 0.903818
-0.117849 -0.332833 0.935593
-0.117849 -0.332833 0.935593
-0.079738 -0.344725 0.935311
-0.422063 -0.129201 0.897313
-0.946339 -0.321268 0.035060
-0.907519 -0.409199 0.094687
-0.655436 -0.730754 0.190792
-0.655436 -0.730754 0.190792
-0.781020 -0.603172 0.161836
-0.946339 -0.321268 0.035060
-0.805710 0.028664 0.591615
-0.780648 -0.016926 0.624741
-0.398755 -0.155264 0.903818
-0.398755 -0.155264 0.903818
-0.422063 -0.129201 0.897313
-0.805710 0.028664 0.591615
-0.879124 -0.231259 -0.416726
-0.946140 -0.217395 -0.239916
-0.914946 -0.222156 -0.336928
-0.914946 -0.222156 -0.336928
-0.841393 -0.194374 -0.504259
-0.879124 -0.231259 -0.416726
-0.996149 0.007083 0.087393
-0.999771 0.000737 0.021375
-0.929266 0.010501 0.369263
-0.929266 0.010501 0.369263
-0.888907 0.007524 0.458026
-0.996149 0.007083 0.087393
-0.919842 -0.251187 -0.301322
-0.953958 -0.236490 -0.184492
-0.946140 -0.217395 -0.239916
-0.946140 -0.217395 -0.239916
-0.879124 -0.231259 -0.416726
-0.919842 -0.251187 -0.301322
-0.999700 -0.017328 -0.017283
-0.999717 -0.015955 -0.017654
-0.999771 0.000737 0.021375
-0.999771 0.000737 0.021375
-0.996149 0.007083 0.087393
-0.999700 -0.017328 -0.017283
-0.945215 -0.262142 -0.194553
-0.964611 -0.239402 -0.110511
-0.953958 -0.236490 -0.184492
-0.953958 -0.236490 -0.184492
-0.919842 -0.251187 -0.301322
-0.945215 -0.262142 -0.194553
-0.999754 0.010042 0.019770
-0.999606 0.009808 0.026305
-0.999717 -0.015955 -0.017654
-0.999717 -0.015955 -0.017654
-0.999700 -0.017328 -0.017283
-0.999754 0.010042 0.019770
-0.959137 -0.261553 -0.107919
-0.970338 -0.235097 -0.056331
-0.964611 -0.239402 -0.110511
-0.964611 -0.239402 -0.110511
-0.945215 -0.262142 -0.194553
-0.959137 -0.261553 -0.107919
-0.999972 0.003229 0.006725
-1.000000 0.000088 0.000192
-0.999606 0.009808 0.026305
-0.999606 0.009808 0.026305
-0.999754 0.010042 0.019770
-0.999972 0.003229 0.006725
-0.969033 -0.242691 -0.045559
-0.974299 -0.224499 -0.018483
-0.970338 -0.235097 -0.056331
-0.970338 -0.235097 -0.056331
-0.959137 -0.261553 -0.107919
-0.969033 -0.242691 -0.045559
-0.999983 -0.005177 0.002722
-0.999986 -0.004012 0.003311
-1.000000 0.000088 0.000192
-1.000000 0.000088 0.000192
-0.999972 0.003229 0.006725
-0.999983 -0.005177 0.002722
-0.974096 -0.226011 0.007457
-0.966405 -0.255609 0.026925
-0.907519 -0.409199 0.094687
-0.907519 -0.409199 0.094687
-0.946339 -0.321268 0.035060
-0.974096 -0.226011 0.007457
-0.990677 0.013664 0.135543
-0.972787 0.000424 0.231701
-0.780648 -0.016926 0.624741
-0.780648 -0.016926 0.624741
-0.805710 0.028664 0.591615
-0.990677 0.013664 0.135543
-0.974299 -0.224499 -0.018483
-0.966405 -0.255609 0.026925
-0.974096 -0.226011 0.007457
-0.966405 -0.255609 0.026925
-0.974299 -0.224499 -0.018483
-0.969033 -0.242691 -0.045559
-0.972787 0.000424 0.231701
-0.990677 0.013664 0.135543
-0.999986 -0.004012 0.003311
-0.999986 -0.004012 0.003311
-0.999983 -0.005177 0.002722
-0.972787 0.000424 0.231701
0.015864 0.989176 0.145872
-0.007896 0.982730 0.184877
-0.005746 0.984869 0.173208
-0.007896 0.982730 0.184877
0.015864 0.989176 0.145872
-0.013165 0.986708 0.161967
0.012209 0.994017 0.108545
-0.014765 0.993798 0.110215
-0.013165 0.986708 0.161967
-0.013165 0.986708 0.161967
0.015864 0.989176 0.145872
0.012209 0.994017 0.108545
0.042299 0.991584 0.122361
0.012209 0.994017 0.108545
0.015864 0.989176 0.145872
0.015864 0.989176 0.145872
0.043722 0.988959 0.141595
0.042299 0.991584 0.122361
-0.007564 0.807438 -0.589904
-0.007615 0.807186 -0.590248
0.002197 0.839148 -0.543898
0.002197 0.839148 -0.543898
0.001373 0.838204 -0.545355
-0.007564 0.807438 -0.589904
0.025320 0.785183 0.618746
0.023811 0.784869 0.619204
0.056030 0.796413 0.602151
0.056030 0.796413 0.602151
0.055070 0.797047 0.601401
0.025320 0.785183 0.618746
0.088019 0.995828 0.024058
0.071969 0.996804 0.034684
0.099967 0.993261 0.058652
0.083257 0.992744 0.086766
0.088019 0.995828 0.024058
0.099967 0.993261 0.058652
0.099967 0.993261 0.058652
0.091387 0.993462 0.068423
0.083257 0.992744 0.086766
-0.506989 0.858430 -0.077848
-0.543897 0.839149 0.002118
-0.550085 0.835054 0.009577
-0.550085 0.835054 0.009577
-0.512447 0.855481 -0.074500
-0.506989 0.858430 -0.077848
0.083257 0.992744 0.086766
0.091387 0.993462 0.068423
0.079602 0.993346 0.083234
-0.469807 0.849784 -0.239056
-0.506989 0.858430 -0.077848
-0.512447 0.855481 -0.074500
-0.512447 0.855481 -0.074500
-0.503065 0.838337 -0.210038
-0.469807 0.849784 -0.239056
0.083257 0.992744 0.086766
0.079602 0.993346 0.083234
0.074158 0.990477 0.115997
-0.275924 0.878366 -0.390306
-0.469807 0.849784 -0.239056
-0.503065 0.838337 -0.210038
-0.503065 0.838337 -0.210038
-0.302569 0.875718 -0.376259
-0.275924 0.878366 -0.390306
0.071996 0.988251 0.134824
0.083257 0.992744 0.086766
0.058237 0.991123 0.119514
0.058237 0.991123 0.119514
0.083257 0.992744 0.086766
0.074158 0.990477 0.115997
0.058237 0.991123 0.119514
0.042299 0.991584 0.122361
0.043722 0.988959 0.141595
0.043722 0.988959 0.141595
0.071996 0.988251 0.134824
0.058237 0.991123 0.119514
-0.080392 0.877620 -0.472569
0.001373 0.838204 -0.545355
0.002197 0.839148 -0.543898
0.002197 0.839148 -0.543898
-0.082698 0.878864 -0.469849
-0.080392 0.877620 -0.472569
-0.082698 0.878864 -0.469849
-0.275924 0.878366 -0.390306
-0.302569 0.875718 -0.376259
-0.302569 0.875718 -0.376259
-0.080392 0.877620 -0.472569
-0.082698 0.878864 -0.469849
0.410717 0.724731 0.553241
0.403653 0.700185 0.588902
0.160071 0.805256 0.570911
0.160071 0.805256 0.570911
0.170387 0.813286 0.556358
0.410717 0.724731 0.553241
0.611487 0.785900 0.091896
0.605904 0.776787 0.171704
0.614118 0.773010 0.159103
0.614118 0.773010 0.159103
0.614737 0.784408 0.082481
0.611487 0.785900 0.091896
0.516796 0.783720 0.344536
0.403653 0.700185 0.588902
0.410717 0.724731 0.553241
0.410717 0.724731 0.553241
0.528599 0.790770 0.308652
0.516796 0.783720 0.344536
0.528599 0.790770 0.308652
0.614118 0.773010 0.159103
0.605904 0.776787 0.171704
0.605904 0.776787 0.171704
0.516796 0.783720 0.344536
0.528599 0.790770 0.308652
0.055070 0.797047 0.601401
0.056030 0.796413 0.602151
0.170387 0.813286 0.556358
0.170387 0.813286 0.556358
0.160071 0.805256 0.570911
0.055070 0.797047 0.601401
-0.024112 0.819821 -0.572113
-0.024311 0.817493 -0.575425
-0.007615 0.807186 -0.590248
-0.007615 0.807186 -0.590248
-0.007564 0.807438 -0.589904
-0.024112 0.819821 -0.572113
0.023811 0.784869 0.619204
0.025320 0.785183 0.618746
-0.003713 0.758808 0.651304
-0.003713 0.758808 0.651304
-0.003762 0.758027 0.652212
0.023811 0.784869 0.619204
-0.074586 0.992950 0.092124
-0.052187 0.993851 0.097655
-0.061026 0.996443 0.058111
-0.128058 0.988960 0.074565
-0.061026 0.996443 0.058111
-0.052187 0.993851 0.097655
-0.561170 0.806285 0.187062
-0.566246 0.820222 0.081242
-0.563069 0.822912 0.075960
-0.563069 0.822912 0.075960
-0.561949 0.806234 0.184932
-0.561170 0.806285 0.187062
0.529040 0.843090 -0.096516
0.489748 0.871846 0.005528
0.495356 0.868689 -0.001089
0.495356 0.868689 -0.001089
0.529431 0.842135 -0.102529
0.529040 0.843090 -0.096516
-0.065437 0.994573 0.080889
-0.128058 0.988960 0.074565
-0.052187 0.993851 0.097655
0.421045 0.882912 -0.207817
0.529040 0.843090 -0.096516
0.529431 0.842135 -0.102529
0.529431 0.842135 -0.102529
0.407387 0.887462 -0.215515
0.421045 0.882912 -0.207817
-0.490279 0.806684 0.329981
-0.561170 0.806285 0.187062
-0.561949 0.806234 0.184932
-0.561949 0.806234 0.184932
-0.494795 0.801605 0.335572
-0.490279 0.806684 0.329981
-0.043179 0.994083 0.099677
-0.065437 0.994573 0.080889
-0.052187 0.993851 0.097655
-0.315478 0.766425 0.559523
-0.490279 0.806684 0.329981
-0.494795 0.801605 0.335572
-0.494795 0.801605 0.335572
-0.310958 0.761905 0.568160
-0.315478 0.766425 0.559523
0.213110 0.904647 -0.369049
0.421045 0.882912 -0.207817
0.407387 0.887462 -0.215515
0.407387 0.887462 -0.215515
0.221333 0.906573 -0.359357
0.213110 0.904647 -0.369049
-0.043179 0.994083 0.099677
-0.052187 0.993851 0.097655
-0.027873 0.992845 0.116108
0.035423 0.898710 -0.437111
0.213110 0.904647 -0.369049
0.221333 0.906573 -0.359357
0.221333 0.906573 -0.359357
0.044282 0.898386 -0.436970
0.035423 0.898710 -0.437111
0.044282 0.898386 -0.436970
-0.024311 0.817493 -0.575425
-0.024112 0.819821 -0.572113
-0.024112 0.819821 -0.572113
0.035423 0.898710 -0.437111
0.044282 0.898386 -0.436970
-0.091604 0.774958 0.625339
-0.003762 0.758027 0.652212
-0.003713 0.758808 0.651304
-0.003713 0.758808 0.651304
-0.091798 0.773795 0.626749
-0.091604 0.774958 0.625339
-0.091798 0.773795 0.626749
-0.315478 0.766425 0.559523
-0.310958 0.761905 0.568160
-0.310958 0.761905 0.568160
-0.091604 0.774958 0.625339
-0.091798 0.773795 0.626749
-0.022280 0.998173 0.056164
-0.009975 0.998398 0.055699
-0.013131 0.998441 0.054243
-0.021871 0.998491 0.050377
-0.005926 0.998636 0.051871
-0.023764 0.998026 0.058140
-0.023764 0.998026 0.058140
-0.013131 0.998441 0.054243
-0.021871 0.998491 0.050377
-0.013131 0.998441 0.054243
-0.009975 0.998398 0.055699
0.011664 0.998226 0.058385
0.011664 0.998226 0.058385
0.009807 0.998100 0.060833
-0.013131 0.998441 0.054243
-0.013131 0.998441 0.054243
-0.026645 0.998753 0.042222
-0.021871 0.998491 0.050377
-0.023764 0.998026 0.058140
-0.040250 0.995478 0.086044
-0.022280 0.998173 0.056164
-0.022280 0.998173 0.056164
-0.013131 0.998441 0.054243
-0.023764 0.998026 0.058140
0.032600 0.997532 0.062185
0.027581 0.997497 0.065103
0.041333 0.997152 0.063080
0.041333 0.997152 0.063080
0.063499 0.994472 0.083624
0.047255 0.996983 0.061572
0.047255 0.996983 0.061572
0.032600 0.997532 0.062185
0.041333 0.997152 0.063080
-0.033221 0.692483 -0.720669
-0.031279 0.692657 -0.720589
-0.014066 0.723605 -0.690071
-0.014066 0.723605 -0.690071
-0.014293 0.724260 -0.689379
-0.033221 0.692483 -0.720669
0.009807 0.998100 0.060833
0.011664 0.998226 0.058385
0.027581 0.997497 0.065103
0.027581 0.997497 0.065103
0.032600 0.997532 0.062185
0.009807 0.998100 0.060833
0.000050 0.718102 -0.695938
-0.014293 0.724260 -0.689379
-0.014066 0.723605 -0.690071
-0.014066 0.723605 -0.690071
0.000555 0.724876 -0.688879
0.000050 0.718102 -0.695938
0.045955 0.997433 0.054923
0.050209 0.997655 0.046506
0.032600 0.997532 0.062185
0.047255 0.996983 0.061572
0.034701 0.997696 0.058297
0.045955 0.997433 0.054923
0.045955 0.997433 0.054923
0.032600 0.997532 0.062185
0.047255 0.996983 0.061572
-0.421684 0.906324 0.027563
-0.550085 0.835054 0.009577
-0.543897 0.839149 0.002118
-0.543897 0.839149 0.002118
-0.414969 0.909447 0.026580
-0.421684 0.906324 0.027563
-0.064442 0.988675 -0.135530
-0.171291 0.981308 -0.087714
-0.054588 0.988115 -0.143701
-0.064442 0.988675 -0.135530
-0.054588 0.988115 -0.143701
-0.046684 0.986539 -0.156722
0.062465 0.988972 -0.134288
0.170036 0.983306 -0.064787
0.082732 0.990780 -0.107286
0.082732 0.990780 -0.107286
0.050983 0.984126 -0.169990
0.062465 0.988972 -0.134288
0.939676 -0.105081 -0.325525
0.071969 0.996804 0.034684
0.088019 0.995828 0.024058
-0.421684 0.906324 0.027563
-0.414969 0.909447 0.026580
-0.460049 0.883393 0.089282
0.088019 0.995828 0.024058
0.082732 0.990780 -0.107286
0.170036 0.983306 -0.064787
0.170036 0.983306 -0.064787
0.939676 -0.105081 -0.325525
0.088019 0.995828 0.024058
0.424753 0.864063 -0.270147
0.611487 0.785900 0.091896
0.614737 0.784408 0.082481
0.614737 0.784408 0.082481
0.198064 0.697470 -0.688699
0.424753 0.864063 -0.270147
0.000555 0.724876 -0.688879
0.424753 0.864063 -0.270147
0.198064 0.697470 -0.688699
0.000050 0.718102 -0.695938
0.000555 0.724876 -0.688879
0.198064 0.697470 -0.688699
0.198064 0.697470 -0.688699
-0.003567 0.398455 -0.917181
0.000050 0.718102 -0.695938
-0.210084 0.718198 -0.663367
-0.563069 0.822912 0.075960
-0.566246 0.820222 0.081242
-0.566246 0.820222 0.081242
-0.444387 0.869217 -0.216752
-0.210084 0.718198 -0.663367
0.491595 0.870337 0.029112
0.495356 0.868689 -0.001089
0.489748 0.871846 0.005528
0.489748 0.871846 0.005528
0.490427 0.870989 0.029321
0.491595 0.870337 0.029112
-0.210084 0.718198 -0.663367
-0.444387 0.869217 -0.216752
-0.031279 0.692657 -0.720589
-0.040100 0.986925 -0.156113
-0.064442 0.988675 -0.135530
-0.046684 0.986539 -0.156722
0.050983 0.984126 -0.169990
0.082732 0.990780 -0.107286
0.042357 0.986337 -0.159199
-0.053116 0.986608 -0.154216
-0.064442 0.988675 -0.135530
-0.040100 0.986925 -0.156113
-0.083594 0.988046 -0.129524
-0.075019 0.985896 -0.149604
-0.099063 0.983207 -0.153263
-0.040100 0.986925 -0.156113
-0.023241 0.987877 -0.153490
-0.024506 0.987492 -0.155754
-0.024506 0.987492 -0.155754
-0.053116 0.986608 -0.154216
-0.040100 0.986925 -0.156113
-0.024506 0.987492 -0.155754
-0.023241 0.987877 -0.153490
0.000008 0.987317 -0.158760
0.000008 0.987317 -0.158760
0.000567 0.987294 -0.158903
-0.024506 0.987492 -0.155754
0.000567 0.987294 -0.158903
0.000008 0.987317 -0.158760
0.021529 0.987581 -0.155628
0.021529 0.987581 -0.155628
0.025694 0.987201 -0.157398
0.000567 0.987294 -0.158903
0.025694 0.987201 -0.157398
0.021529 0.987581 -0.155628
0.042357 0.986337 -0.159199
0.042357 0.986337 -0.159199
0.082732 0.990780 -0.107286
0.063289 0.985669 -0.156366
0.063289 0.985669 -0.156366
0.025694 0.987201 -0.157398
0.042357 0.986337 -0.159199
0.001910 0.936011 -0.351964
0.037018 0.962818 -0.267603
0.035043 0.966349 -0.254836
0.001910 0.936011 -0.351964
0.005589 0.867321 -0.497717
0.037018 0.962818 -0.267603
0.402233 0.701023 -0.588877
0.398900 0.638111 -0.658554
0.068018 0.607571 -0.791348
0.068018 0.607571 -0.791348
0.063696 0.669397 -0.740169
0.402233 0.701023 -0.588877
0.063696 0.669397 -0.740169
0.068018 0.607571 -0.791348
-0.040424 0.595487 -0.802347
-0.040424 0.595487 -0.802347
-0.055461 0.723897 -0.687675
0.063696 0.669397 -0.740169
0.667918 0.678537 -0.305734
0.826401 0.487102 -0.282476
0.398900 0.638111 -0.658554
0.398900 0.638111 -0.658554
0.402233 0.701023 -0.588877
0.667918 0.678537 -0.305734
0.730206 0.666872 -0.148596
0.901807 0.420388 -0.100091
0.826401 0.487102 -0.282476
0.826401 0.487102 -0.282476
0.667918 0.678537 -0.305734
0.730206 0.666872 -0.148596
-0.027600 0.912511 -0.408120
-0.023629 0.820080 -0.571761
0.005589 0.867321 -0.497717
0.005589 0.867321 -0.497717
0.001910 0.936011 -0.351964
-0.027600 0.912511 -0.408120
-0.066236 0.772886 -0.631079
-0.046057 0.693509 -0.718974
-0.023629 0.820080 -0.571761
-0.023629 0.820080 -0.571761
-0.027600 0.912511 -0.408120
-0.066236 0.772886 -0.631079
0.037018 0.962818 -0.267603
0.070168 0.963741 -0.257449
0.035043 0.966349 -0.254836
0.001910 0.936011 -0.351964
0.035043 0.966349 -0.254836
-0.001609 0.978259 -0.207382
-0.001609 0.978259 -0.207382
-0.031298 0.970559 -0.238823
-0.027600 0.912511 -0.408120
-0.027600 0.912511 -0.408120
0.001910 0.936011 -0.351964
-0.001609 0.978259 -0.207382
0.035344 0.976300 -0.213518
0.037507 0.979016 -0.200300
0.099836 0.978795 -0.178867
0.099836 0.978795 -0.178867
0.076667 0.975385 -0.206753
0.035344 0.976300 -0.213518
0.035344 0.976300 -0.213518
0.076667 0.975385 -0.206753
0.076236 0.964957 -0.251090
0.076236 0.964957 -0.251090
0.036645 0.968041 -0.248099
0.035344 0.976300 -0.213518
-0.000920 0.980084 -0.198581
0.037507 0.979016 -0.200300
0.035344 0.976300 -0.213518
0.035344 0.976300 -0.213518
-0.003044 0.978168 -0.207791
-0.000920 0.980084 -0.198581
0.046143 0.959534 -0.277786
0.036645 0.968041 -0.248099
0.076236 0.964957 -0.251090
0.076236 0.964957 -0.251090
0.078032 0.952236 -0.295225
0.046143 0.959534 -0.277786
0.036645 0.968041 -0.248099
0.046143 0.959534 -0.277786
0.005053 0.974402 -0.224756
-0.003044 0.978168 -0.207791
0.035344 0.976300 -0.213518
0.036645 0.968041 -0.248099
0.036645 0.968041 -0.248099
0.005053 0.974402 -0.224756
-0.003044 0.978168 -0.207791
-0.003044 0.978168 -0.207791
0.005053 0.974402 -0.224756
-0.029219 0.978972 -0.201894
-0.029465 0.979598 -0.198797
-0.000920 0.980084 -0.198581
-0.003044 0.978168 -0.207791
-0.003044 0.978168 -0.207791
-0.029219 0.978972 -0.201894
-0.029465 0.979598 -0.198797
-0.029465 0.979598 -0.198797
-0.029219 0.978972 -0.201894
-0.046678 0.979483 -0.196045
-0.027600 0.912511 -0.408120
-0.031298 0.970559 -0.238823
-0.050518 0.976958 -0.207365
-0.050518 0.976958 -0.207365
-0.052517 0.909791 -0.411730
-0.027600 0.912511 -0.408120
-0.055461 0.723897 -0.687675
-0.040424 0.595487 -0.802347
-0.054866 0.623169 -0.780160
-0.054866 0.623169 -0.780160
-0.059958 0.718816 -0.692610
-0.055461 0.723897 -0.687675
-0.059958 0.718816 -0.692610
-0.054866 0.623169 -0.780160
-0.046057 0.693509 -0.718974
-0.046057 0.693509 -0.718974
-0.066236 0.772886 -0.631079
-0.059958 0.718816 -0.692610
-0.066236 0.772886 -0.631079
-0.027600 0.912511 -0.408120
-0.052517 0.909791 -0.411730
-0.052517 0.909791 -0.411730
-0.112373 0.818162 -0.563901
-0.066236 0.772886 -0.631079
-0.072548 0.825148 -0.560240
-0.055461 0.723897 -0.687675
-0.059958 0.718816 -0.692610
-0.059958 0.718816 -0.692610
-0.062862 0.800897 -0.595493
-0.072548 0.825148 -0.560240
-0.062862 0.800897 -0.595493
-0.059958 0.718816 -0.692610
-0.066236 0.772886 -0.631079
-0.066236 0.772886 -0.631079
-0.112373 0.818162 -0.563901
-0.062862 0.800897 -0.595493
0.063696 0.669397 -0.740169
-0.055461 0.723897 -0.687675
-0.072548 0.825148 -0.560240
-0.072548 0.825148 -0.560240
0.045668 0.737848 -0.673420
0.063696 0.669397 -0.740169
0.402233 0.701023 -0.588877
0.063696 0.669397 -0.740169
0.045668 0.737848 -0.673420
0.045668 0.737848 -0.673420
0.307017 0.794830 -0.523437
0.402233 0.701023 -0.588877
0.667918 0.678537 -0.305734
0.402233 0.701023 -0.588877
0.307017 0.794830 -0.523437
0.307017 0.794830 -0.523437
0.484793 0.824260 -0.292526
0.667918 0.678537 -0.305734
0.659855 0.734057 -0.160472
0.875380 0.473096 -0.099454
0.901807 0.420388 -0.100091
0.901807 0.420388 -0.100091
0.730206 0.666872 -0.148596
0.659855 0.734057 -0.160472
0.730206 0.666872 -0.148596
0.667918 0.678537 -0.305734
0.484793 0.824260 -0.292526
0.484793 0.824260 -0.292526
0.484504 0.855257 -0.183823
0.730206 0.666872 -0.148596
0.367435 0.907303 -0.204432
0.659855 0.734057 -0.160472
0.730206 0.666872 -0.148596
0.730206 0.666872 -0.148596
0.484504 0.855257 -0.183823
0.367435 0.907303 -0.204432
0.858985 0.498451 -0.117007
0.875380 0.473096 -0.099454
0.659855 0.734057 -0.160472
0.659855 0.734057 -0.160472
0.707017 0.686079 -0.171530
0.858985 0.498451 -0.117007
0.707017 0.686079 -0.171530
0.659855 0.734057 -0.160472
0.367435 0.907303 -0.204432
0.367435 0.907303 -0.204432
0.519608 0.828031 -0.210649
0.707017 0.686079 -0.171530
0.679605 0.708968 -0.188421
0.707017 0.686079 -0.171530
0.519608 0.828031 -0.210649
0.519608 0.828031 -0.210649
0.537392 0.815362 -0.215393
0.679605 0.708968 -0.188421
-0.108666 0.984136 -0.140242
-0.083594 0.988046 -0.129524
-0.099063 0.983207 -0.153263
-0.099063 0.983207 -0.153263
-0.120582 0.977742 -0.171696
-0.108666 0.984136 -0.140242
-0.083594 0.988046 -0.129524
-0.064442 0.988675 -0.135530
-0.053116 0.986608 -0.154216
-0.053116 0.986608 -0.154216
-0.075019 0.985896 -0.149604
-0.083594 0.988046 -0.129524
0.463951 0.885419 0.027969
0.491595 0.870337 0.029112
0.490427 0.870989 0.029321
-0.080328 0.995828 -0.043285
-0.083594 0.988046 -0.129524
-0.081039 0.995793 -0.042758
-0.079896 0.995764 0.045511
-0.074586 0.992950 0.092124
-0.061026 0.996443 0.058111
-0.080328 0.995828 -0.043285
-0.064442 0.988675 -0.135530
-0.083594 0.988046 -0.129524
-0.171291 0.981308 -0.087714
-0.064442 0.988675 -0.135530
-0.080328 0.995828 -0.043285
-0.044610 0.982295 0.181950
-0.025058 0.985691 0.166689
-0.043120 0.988641 0.143978
-0.043120 0.988641 0.143978
-0.025058 0.985691 0.166689
-0.007896 0.982730 0.184877
-0.007896 0.982730 0.184877
-0.013165 0.986708 0.161967
-0.043120 0.988641 0.143978
-0.043120 0.988641 0.143978
-0.013165 0.986708 0.161967
-0.014765 0.993798 0.110215
-0.014765 0.993798 0.110215
-0.027873 0.992845 0.116108
-0.043120 0.988641 0.143978
-0.052187 0.993851 0.097655
-0.074586 0.992950 0.092124
-0.068602 0.987255 0.143603
-0.068602 0.987255 0.143603
-0.043120 0.988641 0.143978
-0.052187 0.993851 0.097655
-0.027873 0.992845 0.116108
-0.052187 0.993851 0.097655
-0.043120 0.988641 0.143978
-0.081039 0.995793 -0.042758
-0.102610 0.994132 -0.034243
-0.079896 0.995764 0.045511
-0.061026 0.996443 0.058111
-0.058941 0.997815 0.029864
-0.079896 0.995764 0.045511
-0.079896 0.995764 0.045511
-0.058941 0.997815 0.029864
-0.080328 0.995828 -0.043285
-0.080328 0.995828 -0.043285
-0.081039 0.995793 -0.042758
-0.079896 0.995764 0.045511
-0.468785 0.878491 0.092168
-0.460049 0.883393 0.089282
-0.512580 0.841728 0.169575
-0.512580 0.841728 0.169575
-0.518340 0.837423 0.173337
-0.468785 0.878491 0.092168
-0.518340 0.837423 0.173337
-0.512580 0.841728 0.169575
-0.447225 0.851582 0.273492
-0.447225 0.851582 0.273492
-0.432730 0.850703 0.298412
-0.518340 0.837423 0.173337
-0.790464 0.005557 0.612484
-0.937525 0.025032 0.347015
-0.936236 0.015257 0.351040
-0.936236 0.015257 0.351040
-0.785987 -0.007076 0.618203
-0.790464 0.005557 0.612484
-0.432730 0.850703 0.298412
-0.447225 0.851582 0.273492
-0.212246 0.864482 0.455656
-0.212246 0.864482 0.455656
-0.256366 0.859184 0.442809
-0.432730 0.850703 0.298412
-0.427003 0.006978 0.904223
-0.790464 0.005557 0.612484
-0.785987 -0.007076 0.618203
-0.785987 -0.007076 0.618203
-0.403326 -0.004998 0.915043
-0.427003 0.006978 0.904223
-0.256366 0.859184 0.442809
-0.212246 0.864482 0.455656
-0.010656 0.889775 0.456275
-0.010656 0.889775 0.456275
0.004662 0.882332 0.470604
-0.256366 0.859184 0.442809
-0.080051 -0.020122 0.996588
-0.427003 0.006978 0.904223
-0.403326 -0.004998 0.915043
-0.403326 -0.004998 0.915043
-0.048919 -0.017967 0.998641
-0.080051 -0.020122 0.996588
0.004662 0.882332 0.470604
-0.010656 0.889775 0.456275
0.012110 0.749878 0.661465
0.012110 0.749878 0.661465
0.012775 0.743955 0.668108
0.004662 0.882332 0.470604
-0.999386 -0.026195 0.023267
-0.998586 -0.048636 0.021472
-0.989672 -0.004576 0.143276
-0.992014 -0.004227 0.126059
-0.989672 -0.004576 0.143276
-0.936236 0.015257 0.351040
-0.936236 0.015257 0.351040
-0.937525 0.025032 0.347015
-0.992014 -0.004227 0.126059
-0.999684 -0.001717 0.025087
-0.999386 -0.026195 0.023267
-0.989672 -0.004576 0.143276
-0.989672 -0.004576 0.143276
-0.992014 -0.004227 0.126059
-0.999684 -0.001717 0.025087
0.012775 0.743955 0.668108
0.012110 0.749878 0.661465
0.020765 0.907082 0.420443
0.020765 0.907082 0.420443
0.025319 0.908477 0.417167
0.012775 0.743955 0.668108
0.009590 -0.001147 0.999953
-0.080051 -0.020122 0.996588
-0.048919 -0.017967 0.998641
-0.048919 -0.017967 0.998641
0.017876 0.002311 0.999837
0.009590 -0.001147 0.999953
0.009590 -0.001147 0.999953
0.017876 0.002311 0.999837
0.028845 -0.000273 0.999584
0.028845 -0.000273 0.999584
0.028487 -0.000557 0.999594
0.009590 -0.001147 0.999953
0.025319 0.908477 0.417167
0.020765 0.907082 0.420443
0.009815 0.819624 0.572818
0.009815 0.819624 0.572818
0.009068 0.819711 0.572706
0.025319 0.908477 0.417167
0.041347 0.002166 0.999142
0.028487 -0.000557 0.999594
0.028845 -0.000273 0.999584
0.028845 -0.000273 0.999584
0.040148 0.002353 0.999191
0.041347 0.002166 0.999142
0.009068 0.819711 0.572706
0.009815 0.819624 0.572818
0.056010 0.867257 0.494701
0.056010 0.867257 0.494701
0.058359 0.866362 0.495995
0.009068 0.819711 0.572706
0.058359 0.866362 0.495995
0.056010 0.867257 0.494701
0.261670 0.860307 0.437494
0.261670 0.860307 0.437494
0.209442 0.849400 0.484411
0.058359 0.866362 0.495995
0.131054 0.005444 0.991360
0.041347 0.002166 0.999142
0.040148 0.002353 0.999191
0.040148 0.002353 0.999191
0.115303 -0.005315 0.993316
0.131054 0.005444 0.991360
0.131054 0.005444 0.991360
0.115303 -0.005315 0.993316
0.432251 0.026962 0.901350
0.432251 0.026962 0.901350
0.523598 -0.002330 0.851962
0.131054 0.005444 0.991360
-0.003695 0.365611 -0.930761
-0.210084 0.718198 -0.663367
-0.031279 0.692657 -0.720589
-0.031279 0.692657 -0.720589
-0.033221 0.692483 -0.720669
-0.003695 0.365611 -0.930761
0.997835 0.017241 0.063464
0.970937 0.237933 0.025883
0.996292 0.084931 0.013715
0.997835 0.017241 0.063464
0.996292 0.084931 0.013715
0.996869 -0.079052 0.001738
0.996869 -0.079052 0.001738
0.997522 0.016606 0.068372
0.997835 0.017241 0.063464
0.486499 0.871996 0.054241
0.492221 0.868120 0.063930
0.463951 0.885419 0.027969
0.463951 0.885419 0.027969
0.459721 0.887670 0.026449
0.486499 0.871996 0.054241
0.973865 0.010170 0.226900
0.997835 0.017241 0.063464
0.997522 0.016606 0.068372
0.997522 0.016606 0.068372
0.970325 0.004954 0.241752
0.973865 0.010170 0.226900
0.440265 0.875206 0.200450
0.429315 0.874411 0.226039
0.492221 0.868120 0.063930
0.492221 0.868120 0.063930
0.486499 0.871996 0.054241
0.440265 0.875206 0.200450
0.209442 0.849400 0.484411
0.261670 0.860307 0.437494
0.429315 0.874411 0.226039
0.429315 0.874411 0.226039
0.440265 0.875206 0.200450
0.209442 0.849400 0.484411
0.829254 0.001319 0.558870
0.973865 0.010170 0.226900
0.970325 0.004954 0.241752
0.970325 0.004954 0.241752
0.832898 -0.017094 0.553163
0.829254 0.001319 0.558870
0.832898 -0.017094 0.553163
0.523598 -0.002330 0.851962
0.432251 0.026962 0.901350
0.432251 0.026962 0.901350
0.829254 0.001319 0.558870
0.832898 -0.017094 0.553163
-0.096072 0.991593 0.086682
-0.074586 0.992950 0.092124
-0.079896 0.995764 0.045511
-0.102610 0.994132 -0.034243
-0.096072 0.991593 0.086682
-0.079896 0.995764 0.045511
-0.088937 0.987161 0.132675
-0.084007 0.983318 0.161331
-0.068602 0.987255 0.143603
-0.068602 0.987255 0.143603
-0.074586 0.992950 0.092124
-0.096072 0.991593 0.086682
-0.096072 0.991593 0.086682
-0.088937 0.987161 0.132675
-0.068602 0.987255 0.143603
-0.757179 0.642019 0.120382
-0.758029 0.642252 0.113601
-0.748452 0.660847 0.055696
-0.748452 0.660847 0.055696
-0.746807 0.662239 0.060974
-0.757179 0.642019 0.120382
-0.724849 0.646968 0.236699
-0.720899 0.652979 0.232212
-0.758029 0.642252 0.113601
-0.758029 0.642252 0.113601
-0.757179 0.642019 0.120382
-0.724849 0.646968 0.236699
-0.486189 0.743249 0.459567
-0.454442 0.744246 0.489469
-0.720899 0.652979 0.232212
-0.720899 0.652979 0.232212
-0.724849 0.646968 0.236699
-0.486189 0.743249 0.459567
-0.068602 0.987255 0.143603
-0.084007 0.983318 0.161331
-0.089170 0.983267 0.158854
-0.089170 0.983267 0.158854
-0.088675 0.984187 0.153338
-0.068602 0.987255 0.143603
-0.068602 0.987255 0.143603
-0.088675 0.984187 0.153338
-0.057787 0.982938 0.174625
-0.221124 0.705846 0.672967
-0.454442 0.744246 0.489469
-0.486189 0.743249 0.459567
-0.486189 0.743249 0.459567
-0.178901 0.715274 0.675557
-0.221124 0.705846 0.672967
-0.044610 0.982295 0.181950
-0.043120 0.988641 0.143978
-0.068602 0.987255 0.143603
-0.068602 0.987255 0.143603
-0.057787 0.982938 0.174625
-0.044610 0.982295 0.181950
-0.043805 0.624921 0.779458
-0.047228 0.620663 0.782654
-0.221124 0.705846 0.672967
-0.221124 0.705846 0.672967
-0.178901 0.715274 0.675557
-0.043805 0.624921 0.779458
-0.025058 0.985691 0.166689
-0.044610 0.982295 0.181950
-0.005746 0.984869 0.173208
-0.005746 0.984869 0.173208
-0.007896 0.982730 0.184877
-0.025058 0.985691 0.166689
-0.007022 0.340475 0.940227
-0.012627 0.338214 0.940985
-0.047228 0.620663 0.782654
-0.047228 0.620663 0.782654
-0.043805 0.624921 0.779458
-0.007022 0.340475 0.940227
0.015864 0.989176 0.145872
-0.005746 0.984869 0.173208
0.042718 0.985135 0.166384
0.042718 0.985135 0.166384
0.043722 0.988959 0.141595
0.015864 0.989176 0.145872
0.014320 0.656104 0.754535
0.020532 0.656374 0.754156
-0.012627 0.338214 0.940985
-0.012627 0.338214 0.940985
-0.007022 0.340475 0.940227
0.014320 0.656104 0.754535
0.071996 0.988251 0.134824
0.043722 0.988959 0.141595
0.042718 0.985135 0.166384
0.042718 0.985135 0.166384
0.065555 0.983452 0.168890
0.071996 0.988251 0.134824
0.057103 0.693945 0.717760
0.066603 0.691479 0.719320
0.020532 0.656374 0.754156
0.020532 0.656374 0.754156
0.014320 0.656104 0.754535
0.057103 0.693945 0.717760
0.090545 0.644544 0.759187
0.091451 0.644225 0.759349
0.066603 0.691479 0.719320
0.066603 0.691479 0.719320
0.057103 0.693945 0.717760
0.090545 0.644544 0.759187
0.071996 0.988251 0.134824
0.065555 0.983452 0.168890
0.095855 0.986639 0.131741
0.095855 0.986639 0.131741
0.085916 0.987302 0.133619
0.071996 0.988251 0.134824
0.275112 0.656684 0.702196
0.299240 0.649722 0.698797
0.091451 0.644225 0.759349
0.091451 0.644225 0.759349
0.090545 0.644544 0.759187
0.275112 0.656684 0.702196
0.601667 0.536984 0.591308
0.615466 0.530550 0.582854
0.299240 0.649722 0.698797
0.299240 0.649722 0.698797
0.275112 0.656684 0.702196
0.601667 0.536984 0.591308
0.083928 0.988514 0.125686
0.071996 0.988251 0.134824
0.085916 0.987302 0.133619
0.085916 0.987302 0.133619
-0.005601 0.991964 0.126400
0.083928 0.988514 0.125686
0.755299 0.580572 0.304070
0.615466 0.530550 0.582854
0.601667 0.536984 0.591308
0.601667 0.536984 0.591308
0.756064 0.569924 0.321797
0.755299 0.580572 0.304070
0.083257 0.992744 0.086766
0.071996 0.988251 0.134824
0.083928 0.988514 0.125686
0.083928 0.988514 0.125686
0.086135 0.992876 0.082330
0.083257 0.992744 0.086766
0.520773 0.845031 0.121320
0.512897 0.850283 0.118131
0.755299 0.580572 0.304070
0.755299 0.580572 0.304070
0.756064 0.569924 0.321797
0.520773 0.845031 0.121320
0.088019 0.995828 0.024058
0.083257 0.992744 0.086766
0.086135 0.992876 0.082330
0.086135 0.992876 0.082330
0.084333 0.996331 0.014557
0.088019 0.995828 0.024058
0.586831 0.804852 0.088558
0.590179 0.802930 0.083622
0.512897 0.850283 0.118131
0.512897 0.850283 0.118131
0.520773 0.845031 0.121320
0.586831 0.804852 0.088558
0.082732 0.990780 -0.107286
0.088019 0.995828 0.024058
0.084333 0.996331 0.014557
0.084333 0.996331 0.014557
0.085880 0.992012 -0.092392
0.082732 0.990780 -0.107286
0.099836 0.978795 -0.178867
0.063289 0.985669 -0.156366
0.082732 0.990780 -0.107286
0.082732 0.990780 -0.107286
0.085880 0.992012 -0.092392
0.099836 0.978795 -0.178867
0.661085 0.749402 0.036924
0.662668 0.748191 0.032887
0.590179 0.802930 0.083622
0.590179 0.802930 0.083622
0.586831 0.804852 0.088558
0.661085 0.749402 0.036924
0.076667 0.975385 -0.206753
0.099836 0.978795 -0.178867
0.085880 0.992012 -0.092392
0.085880 0.992012 -0.092392
0.089177 0.975164 -0.202739
0.076667 0.975385 -0.206753
0.678085 0.733483 -0.046933
0.679490 0.731258 -0.059621
0.662668 0.748191 0.032887
0.662668 0.748191 0.032887
0.661085 0.749402 0.036924
0.678085 0.733483 -0.046933
0.076236 0.964957 -0.251090
0.076667 0.975385 -0.206753
0.089177 0.975164 -0.202739
0.089177 0.975164 -0.202739
0.093972 0.962839 -0.253199
0.076236 0.964957 -0.251090
0.641118 0.754294 -0.141452
0.638676 0.755880 -0.144010
0.679490 0.731258 -0.059621
0.679490 0.731258 -0.059621
0.678085 0.733483 -0.046933
0.641118 0.754294 -0.141452
0.094995 0.949926 -0.297687
0.078032 0.952236 -0.295225
0.076236 0.964957 -0.251090
0.076236 0.964957 -0.251090
0.093972 0.962839 -0.253199
0.094995 0.949926 -0.297687
0.547244 0.811112 -0.206449
0.547071 0.811085 -0.207012
0.638676 0.755880 -0.144010
0.638676 0.755880 -0.144010
0.641118 0.754294 -0.141452
0.547244 0.811112 -0.206449
0.649887 0.728358 -0.217120
0.653513 0.724585 -0.218856
0.547071 0.811085 -0.207012
0.547071 0.811085 -0.207012
0.547244 0.811112 -0.206449
0.649887 0.728358 -0.217120
-0.108666 0.984136 -0.140242
-0.102610 0.994132 -0.034243
-0.081039 0.995793 -0.042758
-0.081039 0.995793 -0.042758
-0.083594 0.988046 -0.129524
-0.108666 0.984136 -0.140242
-0.850643 0.524818 -0.031173
-0.746807 0.662239 0.060974
-0.748452 0.660847 0.055696
-0.748452 0.660847 0.055696
-0.853337 0.520356 -0.032354
-0.850643 0.524818 -0.031173
-0.121049 0.970862 -0.206819
-0.108666 0.984136 -0.140242
-0.120582 0.977742 -0.171696
-0.120582 0.977742 -0.171696
-0.149390 0.973858 -0.171122
-0.121049 0.970862 -0.206819
-0.117708 0.970577 -0.210058
-0.117404 0.962637 -0.244019
-0.116939 0.962183 -0.246027
-0.116939 0.962183 -0.246027
-0.121049 0.970862 -0.206819
-0.117708 0.970577 -0.210058
-0.149390 0.973858 -0.171122
-0.117708 0.970577 -0.210058
-0.121049 0.970862 -0.206819
-0.850643 0.524818 -0.031173
-0.853337 0.520356 -0.032354
-0.726642 0.676506 -0.119713
-0.726642 0.676506 -0.119713
-0.725332 0.678815 -0.114473
-0.850643 0.524818 -0.031173
-0.725332 0.678815 -0.114473
-0.726642 0.676506 -0.119713
-0.842999 0.519932 -0.137925
-0.842999 0.519932 -0.137925
-0.843851 0.519420 -0.134602
-0.725332 0.678815 -0.114473
-0.113962 0.951810 -0.284729
-0.116939 0.962183 -0.246027
-0.117404 0.962637 -0.244019
-0.117404 0.962637 -0.244019
-0.113384 0.952453 -0.282802
-0.113962 0.951810 -0.284729
-0.843851 0.519420 -0.134602
-0.842999 0.519932 -0.137925
-0.829849 0.530464 -0.173086
-0.829849 0.530464 -0.173086
-0.828222 0.534055 -0.169804
-0.843851 0.519420 -0.134602
-0.828222 0.534055 -0.169804
-0.829849 0.530464 -0.173086
-0.752843 0.621871 -0.215647
-0.752843 0.621871 -0.215647
-0.751887 0.623666 -0.213792
-0.828222 0.534055 -0.169804
-0.098953 0.813278 -0.573399
-0.102343 0.813607 -0.572338
-0.113962 0.951810 -0.284729
-0.113962 0.951810 -0.284729
-0.113384 0.952453 -0.282802
-0.098953 0.813278 -0.573399
0.858985 0.498451 -0.117007
0.707017 0.686079 -0.171530
0.679605 0.708968 -0.188421
0.679605 0.708968 -0.188421
0.856414 0.498442 -0.134574
0.858985 0.498451 -0.117007
-0.102343 0.813607 -0.572338
-0.098953 0.813278 -0.573399
-0.074225 0.621920 -0.779555
-0.074225 0.621920 -0.779555
-0.075174 0.592412 -0.802120
-0.102343 0.813607 -0.572338
-0.751887 0.623666 -0.213792
-0.752843 0.621871 -0.215647
-0.765652 0.468749 -0.440513
-0.765652 0.468749 -0.440513
-0.718093 0.595473 -0.360213
-0.751887 0.623666 -0.213792
-0.718093 0.595473 -0.360213
-0.765652 0.468749 -0.440513
-0.628358 0.526752 -0.572450
-0.628358 0.526752 -0.572450
-0.306401 0.911144 -0.275564
-0.718093 0.595473 -0.360213
0.636716 0.694534 -0.334985
0.697065 0.586482 -0.412479
0.653513 0.724585 -0.218856
0.653513 0.724585 -0.218856
0.649887 0.728358 -0.217120
0.636716 0.694534 -0.334985
0.078032 0.952236 -0.295225
0.094995 0.949926 -0.297687
0.085603 0.815776 -0.571999
0.085603 0.815776 -0.571999
0.080475 0.830193 -0.551637
0.078032 0.952236 -0.295225
0.532707 0.661442 -0.527937
0.697065 0.586482 -0.412479
0.636716 0.694534 -0.334985
0.636716 0.694534 -0.334985
0.142600 0.989157 -0.035129
0.532707 0.661442 -0.527937
0.046143 0.959534 -0.277786
0.078032 0.952236 -0.295225
0.080475 0.830193 -0.551637
0.080475 0.830193 -0.551637
0.095597 0.846612 -0.523555
0.046143 0.959534 -0.277786
0.068183 0.648537 -0.758123
0.080475 0.830193 -0.551637
0.085603 0.815776 -0.571999
0.085603 0.815776 -0.571999
0.066701 0.624966 -0.777797
0.068183 0.648537 -0.758123
0.078824 0.523809 -0.848181
0.095597 0.846612 -0.523555
0.080475 0.830193 -0.551637
0.080475 0.830193 -0.551637
0.068183 0.648537 -0.758123
0.078824 0.523809 -0.848181
0.459721 0.887670 0.026449
0.463951 0.885419 0.027969
0.490427 0.870989 0.029321
-0.421684 0.906324 0.027563
-0.460049 0.883393 0.089282
-0.468785 0.878491 0.092168
0.015864 -0.989176 0.145872
-0.005746 -0.984869 0.173207
-0.007896 -0.982730 0.184877
-0.007896 -0.982730 0.184877
-0.013165 -0.986708 0.161967
0.015864 -0.989176 0.145872
0.012209 -0.994017 0.108545
0.015864 -0.989176 0.145872
-0.013165 -0.986708 0.161967
-0.013165 -0.986708 0.161967
-0.014765 -0.993798 0.110215
0.012209 -0.994017 0.108545
0.042299 -0.991584 0.122361
0.043722 -0.988959 0.141595
0.015864 -0.989176 0.145872
0.015864 -0.989176 0.145872
0.012209 -0.994017 0.108545
0.042299 -0.991584 0.122361
-0.007564 -0.807438 -0.589904
0.001373 -0.838204 -0.545355
0.002197 -0.839148 -0.543898
0.002197 -0.839148 -0.543898
-0.007615 -0.807186 -0.590248
-0.007564 -0.807438 -0.589904
0.025320 -0.785183 0.618746
0.055070 -0.797047 0.601401
0.056030 -0.796413 0.602152
0.056030 -0.796413 0.602152
0.023811 -0.784869 0.619204
0.025320 -0.785183 0.618746
0.088019 -0.995828 0.024058
0.099967 -0.993261 0.058652
0.071969 -0.996804 0.034684
0.083257 -0.992744 0.086766
0.091387 -0.993462 0.068423
0.099967 -0.993261 0.058652
0.099967 -0.993261 0.058652
0.088019 -0.995828 0.024058
0.083257 -0.992744 0.086766
-0.506989 -0.858430 -0.077848
-0.512447 -0.855481 -0.074500
-0.550085 -0.835054 0.009577
-0.550085 -0.835054 0.009577
-0.543897 -0.839149 0.002118
-0.506989 -0.858430 -0.077848
0.083257 -0.992744 0.086766
0.079602 -0.993346 0.083234
0.091387 -0.993462 0.068423
-0.469807 -0.849784 -0.239056
-0.503065 -0.838337 -0.210038
-0.512447 -0.855481 -0.074500
-0.512447 -0.855481 -0.074500
-0.506989 -0.858430 -0.077848
-0.469807 -0.849784 -0.239056
0.083257 -0.992744 0.086766
0.074158 -0.990477 0.115997
0.079602 -0.993346 0.083234
-0.275924 -0.878366 -0.390306
-0.302569 -0.875718 -0.376259
-0.503065 -0.838337 -0.210038
-0.503065 -0.838337 -0.210038
-0.469807 -0.849784 -0.239056
-0.275924 -0.878366 -0.390306
0.071995 -0.988251 0.134823
0.058237 -0.991123 0.119514
0.083257 -0.992744 0.086766
0.058237 -0.991123 0.119514
0.074158 -0.990477 0.115997
0.083257 -0.992744 0.086766
0.058237 -0.991123 0.119514
0.071995 -0.988251 0.134823
0.043722 -0.988959 0.141595
0.043722 -0.988959 0.141595
0.042299 -0.991584 0.122361
0.058237 -0.991123 0.119514
-0.080392 -0.877620 -0.472568
-0.082698 -0.878864 -0.469849
0.002197 -0.839148 -0.543898
0.002197 -0.839148 -0.543898
0.001373 -0.838204 -0.545355
-0.080392 -0.877620 -0.472568
-0.082698 -0.878864 -0.469849
-0.080392 -0.877620 -0.472568
-0.302569 -0.875718 -0.376259
-0.302569 -0.875718 -0.376259
-0.275924 -0.878366 -0.390306
-0.082698 -0.878864 -0.469849
0.410717 -0.724731 0.553241
0.170387 -0.813286 0.556358
0.160071 -0.805256 0.570912
0.160071 -0.805256 0.570912
0.403653 -0.700185 0.588902
0.410717 -0.724731 0.553241
0.611487 -0.785900 0.091896
0.614737 -0.784408 0.082481
0.614118 -0.773010 0.159103
0.614118 -0.773010 0.159103
0.605904 -0.776787 0.171704
0.611487 -0.785900 0.091896
0.516796 -0.783720 0.344536
0.528599 -0.790770 0.308652
0.410717 -0.724731 0.553241
0.410717 -0.724731 0.553241
0.403653 -0.700185 0.588902
0.516796 -0.783720 0.344536
0.528599 -0.790770 0.308652
0.516796 -0.783720 0.344536
0.605904 -0.776787 0.171704
0.605904 -0.776787 0.171704
0.614118 -0.773010 0.159103
0.528599 -0.790770 0.308652
0.055070 -0.797047 0.601401
0.160071 -0.805256 0.570912
0.170387 -0.813286 0.556358
0.170387 -0.813286 0.556358
0.056030 -0.796413 0.602152
0.055070 -0.797047 0.601401
-0.024112 -0.819821 -0.572113
-0.007564 -0.807438 -0.589904
-0.007615 -0.807186 -0.590248
-0.007615 -0.807186 -0.590248
-0.024311 -0.817493 -0.575425
-0.024112 -0.819821 -0.572113
0.023811 -0.784869 0.619204
-0.003762 -0.758027 0.652212
-0.003713 -0.758808 0.651304
-0.003713 -0.758808 0.651304
0.025320 -0.785183 0.618746
0.023811 -0.784869 0.619204
-0.074586 -0.992950 0.092124
-0.061026 -0.996443 0.058111
-0.052187 -0.993851 0.097655
-0.128058 -0.988960 0.074565
-0.052187 -0.993851 0.097655
-0.061026 -0.996443 0.058111
-0.561170 -0.806285 0.187062
-0.561949 -0.806234 0.184932
-0.563069 -0.822912 0.075960
-0.563069 -0.822912 0.075960
-0.566246 -0.820222 0.081242
-0.561170 -0.806285 0.187062
0.529040 -0.843090 -0.096516
0.529431 -0.842135 -0.102529
0.495356 -0.868689 -0.001089
0.495356 -0.868689 -0.001089
0.489748 -0.871846 0.005528
0.529040 -0.843090 -0.096516
-0.065437 -0.994573 0.080889
-0.052187 -0.993851 0.097655
-0.128058 -0.988960 0.074565
0.421045 -0.882912 -0.207817
0.407387 -0.887462 -0.215515
0.529431 -0.842135 -0.102529
0.529431 -0.842135 -0.102529
0.529040 -0.843090 -0.096516
0.421045 -0.882912 -0.207817
-0.490279 -0.806684 0.329981
-0.494795 -0.801605 0.335572
-0.561949 -0.806234 0.184932
-0.561949 -0.806234 0.184932
-0.561170 -0.806285 0.187062
-0.490279 -0.806684 0.329981
-0.043179 -0.994083 0.099677
-0.052187 -0.993851 0.097655
-0.065437 -0.994573 0.080889
-0.315478 -0.766425 0.559523
-0.310958 -0.761905 0.568160
-0.494795 -0.801605 0.335572
-0.494795 -0.801605 0.335572
-0.490279 -0.806684 0.329981
-0.315478 -0.766425 0.559523
0.213110 -0.904647 -0.369049
0.221333 -0.906573 -0.359357
0.407387 -0.887462 -0.215515
0.407387 -0.887462 -0.215515
0.421045 -0.882912 -0.207817
0.213110 -0.904647 -0.369049
-0.043179 -0.994083 0.099677
-0.027873 -0.992845 0.116108
-0.052187 -0.993851 0.097655
0.035423 -0.898710 -0.437111
0.044282 -0.898386 -0.436970
0.221333 -0.906573 -0.359357
0.221333 -0.906573 -0.359357
0.213110 -0.904647 -0.369049
0.035423 -0.898710 -0.437111
0.044282 -0.898386 -0.436970
0.035423 -0.898710 -0.437111
-0.024112 -0.819821 -0.572113
-0.024112 -0.819821 -0.572113
-0.024311 -0.817493 -0.575425
0.044282 -0.898386 -0.436970
-0.091604 -0.774958 0.625339
-0.091798 -0.773795 0.626749
-0.003713 -0.758808 0.651304
-0.003713 -0.758808 0.651304
-0.003762 -0.758027 0.652212
-0.091604 -0.774958 0.625339
-0.091798 -0.773795 0.626749
-0.091604 -0.774958 0.625339
-0.310958 -0.761905 0.568160
-0.310958 -0.761905 0.568160
-0.315478 -0.766425 0.559523
-0.091798 -0.773795 0.626749
-0.022280 -0.998173 0.056164
-0.013131 -0.998441 0.054243
-0.009975 -0.998398 0.055699
-0.021871 -0.998491 0.050377
-0.013131 -0.998441 0.054243
-0.023764 -0.998026 0.058140
-0.023764 -0.998026 0.058140
-0.005926 -0.998636 0.051871
-0.021871 -0.998491 0.050377
-0.013131 -0.998441 0.054243
0.009807 -0.998100 0.060833
0.011664 -0.998226 0.058385
0.011664 -0.998226 0.058385
-0.009975 -0.998398 0.055699
-0.013131 -0.998441 0.054243
-0.013131 -0.998441 0.054243
-0.021871 -0.998491 0.050377
-0.026645 -0.998753 0.042222
-0.023764 -0.998026 0.058140
-0.013131 -0.998441 0.054243
-0.022280 -0.998173 0.056164
-0.022280 -0.998173 0.056164
-0.040250 -0.995478 0.086044
-0.023764 -0.998026 0.058140
0.032600 -0.997532 0.062185
0.041333 -0.997152 0.063080
0.027581 -0.997497 0.065103
0.041333 -0.997152 0.063080
0.032600 -0.997532 0.062185
0.047255 -0.996983 0.061572
0.047255 -0.996983 0.061572
0.063499 -0.994472 0.083624
0.041333 -0.997152 0.063080
-0.033221 -0.692483 -0.720669
-0.014293 -0.724260 -0.689379
-0.014066 -0.723605 -0.690071
-0.014066 -0.723605 -0.690071
-0.031279 -0.692657 -0.720589
-0.033221 -0.692483 -0.720669
0.009807 -0.998100 0.060833
0.032600 -0.997532 0.062185
0.027581 -0.997497 0.065103
0.027581 -0.997497 0.065103
0.011664 -0.998226 0.058385
0.009807 -0.998100 0.060833
0.000050 -0.718102 -0.695938
0.000555 -0.724876 -0.688879
-0.014066 -0.723605 -0.690071
-0.014066 -0.723605 -0.690071
-0.014293 -0.724260 -0.689379
0.000050 -0.718102 -0.695938
0.045955 -0.997433 0.054923
0.032600 -0.997532 0.062185
0.050209 -0.997655 0.046506
0.047255 -0.996983 0.061572
0.032600 -0.997532 0.062185
0.045955 -0.997433 0.054923
0.045955 -0.997433 0.054923
0.034701 -0.997696 0.058297
0.047255 -0.996983 0.061572
-0.421684 -0.906324 0.027563
-0.414969 -0.909447 0.026580
-0.543897 -0.839149 0.002118
-0.543897 -0.839149 0.002118
-0.550085 -0.835054 0.009577
-0.421684 -0.906324 0.027563
-0.064443 -0.988675 -0.135531
-0.054590 -0.988114 -0.143702
-0.171294 -0.981308 -0.087714
-0.064443 -0.988675 -0.135531
-0.046686 -0.986538 -0.156726
-0.054590 -0.988114 -0.143702
0.062465 -0.988972 -0.134288
0.082732 -0.990780 -0.107286
0.170036 -0.983306 -0.064788
0.082732 -0.990780 -0.107286
0.062465 -0.988972 -0.134288
0.050983 -0.984126 -0.169990
0.939676 0.105081 -0.325525
0.088019 -0.995828 0.024058
0.071969 -0.996804 0.034684
-0.421684 -0.906324 0.027563
-0.460049 -0.883393 0.089282
-0.414969 -0.909447 0.026580
0.088019 -0.995828 0.024058
0.939676 0.105081 -0.325525
0.170036 -0.983306 -0.064788
0.170036 -0.983306 -0.064788
0.082732 -0.990780 -0.107286
0.088019 -0.995828 0.024058
0.424753 -0.864063 -0.270147
0.198063 -0.697470 -0.688699
0.614737 -0.784408 0.082481
0.614737 -0.784408 0.082481
0.611487 -0.785900 0.091896
0.424753 -0.864063 -0.270147
0.000555 -0.724876 -0.688879
0.198063 -0.697470 -0.688699
0.424753 -0.864063 -0.270147
0.000050 -0.718102 -0.695938
-0.003567 -0.398455 -0.917181
0.198063 -0.697470 -0.688699
0.198063 -0.697470 -0.688699
0.000555 -0.724876 -0.688879
0.000050 -0.718102 -0.695938
-0.210084 -0.718198 -0.663367
-0.444387 -0.869217 -0.216752
-0.566246 -0.820222 0.081242
-0.566246 -0.820222 0.081242
-0.563069 -0.822912 0.075960
-0.210084 -0.718198 -0.663367
0.491595 -0.870337 0.029112
0.490427 -0.870989 0.029321
0.489748 -0.871846 0.005528
0.489748 -0.871846 0.005528
0.495356 -0.868689 -0.001089
0.491595 -0.870337 0.029112
-0.210084 -0.718198 -0.663367
-0.031279 -0.692657 -0.720589
-0.444387 -0.869217 -0.216752
-0.040101 -0.986925 -0.156115
-0.046686 -0.986538 -0.156726
-0.064443 -0.988675 -0.135531
0.050983 -0.984126 -0.169990
0.042357 -0.986337 -0.159199
0.082732 -0.990780 -0.107286
-0.053117 -0.986608 -0.154217
-0.040101 -0.986925 -0.156115
-0.064443 -0.988675 -0.135531
-0.083594 -0.988046 -0.129524
-0.099063 -0.983207 -0.153263
-0.075019 -0.985896 -0.149604
-0.040101 -0.986925 -0.156115
-0.024506 -0.987492 -0.155755
-0.023241 -0.987877 -0.153492
-0.024506 -0.987492 -0.155755
-0.040101 -0.986925 -0.156115
-0.053117 -0.986608 -0.154217
-0.024506 -0.987492 -0.155755
0.000566 -0.987294 -0.158903
0.000008 -0.987317 -0.158760
0.000008 -0.987317 -0.158760
-0.023241 -0.987877 -0.153492
-0.024506 -0.987492 -0.155755
0.000566 -0.987294 -0.158903
0.025694 -0.987201 -0.157398
0.021529 -0.987581 -0.155628
0.021529 -0.987581 -0.155628
0.000008 -0.987317 -0.158760
0.000566 -0.987294 -0.158903
0.025694 -0.987201 -0.157398
0.042357 -0.986337 -0.159199
0.021529 -0.987581 -0.155628
0.042357 -0.986337 -0.159199
0.063289 -0.985669 -0.156366
0.082732 -0.990780 -0.107286
0.063289 -0.985669 -0.156366
0.042357 -0.986337 -0.159199
0.025694 -0.987201 -0.157398
0.001910 -0.936011 -0.351964
0.035043 -0.966349 -0.254836
0.037018 -0.962818 -0.267603
0.001910 -0.936011 -0.351964
0.037018 -0.962818 -0.267603
0.005589 -0.867321 -0.497718
0.402233 -0.701023 -0.588877
0.063696 -0.669397 -0.740169
0.068018 -0.607571 -0.791348
0.068018 -0.607571 -0.791348
0.398900 -0.638111 -0.658554
0.402233 -0.701023 -0.588877
0.063696 -0.669397 -0.740169
-0.055461 -0.723897 -0.687675
-0.040424 -0.595487 -0.802347
-0.040424 -0.595487 -0.802347
0.068018 -0.607571 -0.791348
0.063696 -0.669397 -0.740169
0.667918 -0.678536 -0.305736
0.402233 -0.701023 -0.588877
0.398900 -0.638111 -0.658554
0.398900 -0.638111 -0.658554
0.826401 -0.487102 -0.282477
0.667918 -0.678536 -0.305736
0.730205 -0.666872 -0.148598
0.667918 -0.678536 -0.305736
0.826401 -0.487102 -0.282477
0.826401 -0.487102 -0.282477
0.901807 -0.420388 -0.100092
0.730205 -0.666872 -0.148598
-0.027600 -0.912511 -0.408120
0.001910 -0.936011 -0.351964
0.005589 -0.867321 -0.497718
0.005589 -0.867321 -0.497718
-0.023629 -0.820080 -0.571761
-0.027600 -0.912511 -0.408120
-0.066236 -0.772886 -0.631079
-0.027600 -0.912511 -0.408120
-0.023629 -0.820080 -0.571761
-0.023629 -0.820080 -0.571761
-0.046057 -0.693510 -0.718974
-0.066236 -0.772886 -0.631079
0.037018 -0.962818 -0.267603
0.035043 -0.966349 -0.254836
0.070168 -0.963741 -0.257449
0.001910 -0.936011 -0.351964
-0.001609 -0.978259 -0.207382
0.035043 -0.966349 -0.254836
-0.001609 -0.978259 -0.207382
0.001910 -0.936011 -0.351964
-0.027600 -0.912511 -0.408120
-0.027600 -0.912511 -0.408120
-0.031298 -0.970559 -0.238823
-0.001609 -0.978259 -0.207382
0.035344 -0.976299 -0.213519
0.076667 -0.975385 -0.206754
0.099838 -0.978794 -0.178869
0.099838 -0.978794 -0.178869
0.037507 -0.979016 -0.200303
0.035344 -0.976299 -0.213519
0.035344 -0.976299 -0.213519
0.036645 -0.968041 -0.248100
0.076236 -0.964957 -0.251090
0.076236 -0.964957 -0.251090
0.076667 -0.975385 -0.206754
0.035344 -0.976299 -0.213519
-0.000920 -0.980083 -0.198584
-0.003044 -0.978168 -0.207793
0.035344 -0.976299 -0.213519
0.035344 -0.976299 -0.213519
0.037507 -0.979016 -0.200303
-0.000920 -0.980083 -0.198584
0.046143 -0.959534 -0.277787
0.078031 -0.952236 -0.295226
0.076236 -0.964957 -0.251090
0.076236 -0.964957 -0.251090
0.036645 -0.968041 -0.248100
0.046143 -0.959534 -0.277787
0.036645 -0.968041 -0.248100
0.005053 -0.974402 -0.224757
0.046143 -0.959534 -0.277787
-0.003044 -0.978168 -0.207793
0.005053 -0.974402 -0.224757
0.036645 -0.968041 -0.248100
0.036645 -0.968041 -0.248100
0.035344 -0.976299 -0.213519
-0.003044 -0.978168 -0.207793
-0.003044 -0.978168 -0.207793
-0.029220 -0.978971 -0.201897
0.005053 -0.974402 -0.224757
-0.029465 -0.979597 -0.198801
-0.029220 -0.978971 -0.201897
-0.003044 -0.978168 -0.207793
-0.003044 -0.978168 -0.207793
-0.000920 -0.980083 -0.198584
-0.029465 -0.979597 -0.198801
-0.029465 -0.979597 -0.198801
-0.046679 -0.979482 -0.196049
-0.029220 -0.978971 -0.201897
-0.027600 -0.912511 -0.408120
-0.052517 -0.909791 -0.411731
-0.050519 -0.976958 -0.207366
-0.050519 -0.976958 -0.207366
-0.031298 -0.970559 -0.238823
-0.027600 -0.912511 -0.408120
-0.055461 -0.723897 -0.687675
-0.059958 -0.718816 -0.692610
-0.054866 -0.623169 -0.780160
-0.054866 -0.623169 -0.780160
-0.040424 -0.595487 -0.802347
-0.055461 -0.723897 -0.687675
-0.059958 -0.718816 -0.692610
-0.066236 -0.772886 -0.631079
-0.046057 -0.693510 -0.718974
-0.046057 -0.693510 -0.718974
-0.054866 -0.623169 -0.780160
-0.059958 -0.718816 -0.692610
-0.066236 -0.772886 -0.631079
-0.112373 -0.818162 -0.563901
-0.052517 -0.909791 -0.411731
-0.052517 -0.909791 -0.411731
-0.027600 -0.912511 -0.408120
-0.066236 -0.772886 -0.631079
-0.072548 -0.825148 -0.560240
-0.062862 -0.800897 -0.595493
-0.059958 -0.718816 -0.692610
-0.059958 -0.718816 -0.692610
-0.055461 -0.723897 -0.687675
-0.072548 -0.825148 -0.560240
-0.062862 -0.800897 -0.595493
-0.112373 -0.818162 -0.563901
-0.066236 -0.772886 -0.631079
-0.066236 -0.772886 -0.631079
-0.059958 -0.718816 -0.692610
-0.062862 -0.800897 -0.595493
0.063696 -0.669397 -0.740169
0.045668 -0.737848 -0.673420
-0.072548 -0.825148 -0.560240
-0.072548 -0.825148 -0.560240
-0.055461 -0.723897 -0.687675
0.063696 -0.669397 -0.740169
0.402233 -0.701023 -0.588877
0.307017 -0.794830 -0.523437
0.045668 -0.737848 -0.673420
0.045668 -0.737848 -0.673420
0.063696 -0.669397 -0.740169
0.402233 -0.701023 -0.588877
0.667918 -0.678536 -0.305736
0.484792 -0.824260 -0.292528
0.307017 -0.794830 -0.523437
0.307017 -0.794830 -0.523437
0.402233 -0.701023 -0.588877
0.667918 -0.678536 -0.305736
0.659855 -0.734057 -0.160472
0.730205 -0.666872 -0.148598
0.901807 -0.420388 -0.100092
0.901807 -0.420388 -0.100092
0.875380 -0.473096 -0.099454
0.659855 -0.734057 -0.160472
0.730205 -0.666872 -0.148598
0.484504 -0.855257 -0.183825
0.484792 -0.824260 -0.292528
0.484792 -0.824260 -0.292528
0.667918 -0.678536 -0.305736
0.730205 -0.666872 -0.148598
0.367435 -0.907303 -0.204432
0.484504 -0.855257 -0.183825
0.730205 -0.666872 -0.148598
0.730205 -0.666872 -0.148598
0.659855 -0.734057 -0.160472
0.367435 -0.907303 -0.204432
0.858985 -0.498451 -0.117007
0.707017 -0.686079 -0.171530
0.659855 -0.734057 -0.160472
0.659855 -0.734057 -0.160472
0.875380 -0.473096 -0.099454
0.858985 -0.498451 -0.117007
0.707017 -0.686079 -0.171530
0.519608 -0.828031 -0.210649
0.367435 -0.907303 -0.204432
0.367435 -0.907303 -0.204432
0.659855 -0.734057 -0.160472
0.707017 -0.686079 -0.171530
0.679604 -0.708968 -0.188421
0.537391 -0.815363 -0.215393
0.519608 -0.828031 -0.210649
0.519608 -0.828031 -0.210649
0.707017 -0.686079 -0.171530
0.679604 -0.708968 -0.188421
-0.108666 -0.984136 -0.140242
-0.120583 -0.977742 -0.171697
-0.099063 -0.983207 -0.153263
-0.099063 -0.983207 -0.153263
-0.083594 -0.988046 -0.129524
-0.108666 -0.984136 -0.140242
-0.083594 -0.988046 -0.129524
-0.075019 -0.985896 -0.149604
-0.053117 -0.986608 -0.154217
-0.053117 -0.986608 -0.154217
-0.064443 -0.988675 -0.135531
-0.083594 -0.988046 -0.129524
0.463950 -0.885419 0.027969
0.490427 -0.870989 0.029321
0.491595 -0.870337 0.029112
-0.080329 -0.995828 -0.043285
-0.081039 -0.995793 -0.042759
-0.083594 -0.988046 -0.129524
-0.079896 -0.995764 0.045510
-0.061026 -0.996443 0.058111
-0.074586 -0.992950 0.092124
-0.080329 -0.995828 -0.043285
-0.083594 -0.988046 -0.129524
-0.064443 -0.988675 -0.135531
-0.171294 -0.981308 -0.087714
-0.080329 -0.995828 -0.043285
-0.064443 -0.988675 -0.135531
-0.044610 -0.982295 0.181950
-0.043120 -0.988641 0.143978
-0.025058 -0.985691 0.166689
-0.043120 -0.988641 0.143978
-0.013165 -0.986708 0.161967
-0.007896 -0.982730 0.184877
-0.007896 -0.982730 0.184877
-0.025058 -0.985691 0.166689
-0.043120 -0.988641 0.143978
-0.043120 -0.988641 0.143978
-0.027873 -0.992845 0.116108
-0.014765 -0.993798 0.110215
-0.014765 -0.993798 0.110215
-0.013165 -0.986708 0.161967
-0.043120 -0.988641 0.143978
-0.052187 -0.993851 0.097655
-0.043120 -0.988641 0.143978
-0.068602 -0.987255 0.143603
-0.068602 -0.987255 0.143603
-0.074586 -0.992950 0.092124
-0.052187 -0.993851 0.097655
-0.027873 -0.992845 0.116108
-0.043120 -0.988641 0.143978
-0.052187 -0.993851 0.097655
-0.081039 -0.995793 -0.042759
-0.079896 -0.995764 0.045510
-0.102610 -0.994132 -0.034244
-0.061026 -0.996443 0.058111
-0.079896 -0.995764 0.045510
-0.058941 -0.997815 0.029864
-0.079896 -0.995764 0.045510
-0.081039 -0.995793 -0.042759
-0.080329 -0.995828 -0.043285
-0.080329 -0.995828 -0.043285
-0.058941 -0.997815 0.029864
-0.079896 -0.995764 0.045510
-0.468785 -0.878491 0.092168
-0.518340 -0.837423 0.173337
-0.512580 -0.841728 0.169575
-0.512580 -0.841728 0.169575
-0.460049 -0.883393 0.089282
-0.468785 -0.878491 0.092168
-0.518340 -0.837423 0.173337
-0.432730 -0.850703 0.298412
-0.447225 -0.851582 0.273492
-0.447225 -0.851582 0.273492
-0.512580 -0.841728 0.169575
-0.518340 -0.837423 0.173337
-0.790464 -0.005557 0.612484
-0.785987 0.007076 0.618203
-0.936236 -0.015257 0.351040
-0.936236 -0.015257 0.351040
-0.937525 -0.025032 0.347015
-0.790464 -0.005557 0.612484
-0.432730 -0.850703 0.298412
-0.256366 -0.859184 0.442809
-0.212246 -0.864482 0.455656
-0.212246 -0.864482 0.455656
-0.447225 -0.851582 0.273492
-0.432730 -0.850703 0.298412
-0.427003 -0.006978 0.904223
-0.403326 0.004998 0.915042
-0.785987 0.007076 0.618203
-0.785987 0.007076 0.618203
-0.790464 -0.005557 0.612484
-0.427003 -0.006978 0.904223
-0.256366 -0.859184 0.442809
0.004662 -0.882332 0.470604
-0.010656 -0.889775 0.456275
-0.010656 -0.889775 0.456275
-0.212246 -0.864482 0.455656
-0.256366 -0.859184 0.442809
-0.080051 0.020122 0.996588
-0.048919 0.017967 0.998641
-0.403326 0.004998 0.915042
-0.403326 0.004998 0.915042
-0.427003 -0.006978 0.904223
-0.080051 0.020122 0.996588
0.004662 -0.882332 0.470604
0.012775 -0.743955 0.668108
0.012110 -0.749878 0.661465
0.012110 -0.749878 0.661465
-0.010656 -0.889775 0.456275
0.004662 -0.882332 0.470604
-0.999386 0.026195 0.023267
-0.989672 0.004576 0.143276
-0.998586 0.048636 0.021472
-0.992014 0.004227 0.126059
-0.937525 -0.025032 0.347015
-0.936236 -0.015257 0.351040
-0.936236 -0.015257 0.351040
-0.989672 0.004576 0.143276
-0.992014 0.004227 0.126059
-0.999684 0.001717 0.025087
-0.992014 0.004227 0.126059
-0.989672 0.004576 0.143276
-0.989672 0.004576 0.143276
-0.999386 0.026195 0.023267
-0.999684 0.001717 0.025087
0.012775 -0.743955 0.668108
0.025319 -0.908477 0.417167
0.020765 -0.907082 0.420443
0.020765 -0.907082 0.420443
0.012110 -0.749878 0.661465
0.012775 -0.743955 0.668108
0.009590 0.001147 0.999953
0.017876 -0.002311 0.999837
-0.048919 0.017967 0.998641
-0.048919 0.017967 0.998641
-0.080051 0.020122 0.996588
0.009590 0.001147 0.999953
0.009590 0.001147 0.999953
0.028487 0.000557 0.999594
0.028845 0.000273 0.999584
0.028845 0.000273 0.999584
0.017876 -0.002311 0.999837
0.009590 0.001147 0.999953
0.025319 -0.908477 0.417167
0.009068 -0.819711 0.572706
0.009815 -0.819624 0.572818
0.009815 -0.819624 0.572818
0.020765 -0.907082 0.420443
0.025319 -0.908477 0.417167
0.041347 -0.002166 0.999142
0.040148 -0.002353 0.999191
0.028845 0.000273 0.999584
0.028845 0.000273 0.999584
0.028487 0.000557 0.999594
0.041347 -0.002166 0.999142
0.009068 -0.819711 0.572706
0.058359 -0.866362 0.495995
0.056010 -0.867257 0.494701
0.056010 -0.867257 0.494701
0.009815 -0.819624 0.572818
0.009068 -0.819711 0.572706
0.058359 -0.866362 0.495995
0.209442 -0.849400 0.484411
0.261670 -0.860307 0.437494
0.261670 -0.860307 0.437494
0.056010 -0.867257 0.494701
0.058359 -0.866362 0.495995
0.131054 -0.005444 0.991360
0.115303 0.005315 0.993316
0.040148 -0.002353 0.999191
0.040148 -0.002353 0.999191
0.041347 -0.002166 0.999142
0.131054 -0.005444 0.991360
0.131054 -0.005444 0.991360
0.523598 0.002330 0.851962
0.432251 -0.026962 0.901350
0.432251 -0.026962 0.901350
0.115303 0.005315 0.993316
0.131054 -0.005444 0.991360
-0.003695 -0.365611 -0.930761
-0.033221 -0.692483 -0.720669
-0.031279 -0.692657 -0.720589
-0.031279 -0.692657 -0.720589
-0.210084 -0.718198 -0.663367
-0.003695 -0.365611 -0.930761
0.997835 -0.017241 0.063464
0.996292 -0.084931 0.013715
0.970937 -0.237933 0.025883
0.997835 -0.017241 0.063464
0.997522 -0.016606 0.068372
0.996869 0.079052 0.001738
0.996869 0.079052 0.001738
0.996292 -0.084931 0.013715
0.997835 -0.017241 0.063464
0.486499 -0.871996 0.054241
0.459721 -0.887670 0.026449
0.463950 -0.885419 0.027969
0.463950 -0.885419 0.027969
0.492221 -0.868120 0.063930
0.486499 -0.871996 0.054241
0.973865 -0.010170 0.226900
0.970325 -0.004954 0.241752
0.997522 -0.016606 0.068372
0.997522 -0.016606 0.068372
0.997835 -0.017241 0.063464
0.973865 -0.010170 0.226900
0.440265 -0.875206 0.200450
0.486499 -0.871996 0.054241
0.492221 -0.868120 0.063930
0.492221 -0.868120 0.063930
0.429315 -0.874411 0.226039
0.440265 -0.875206 0.200450
0.209442 -0.849400 0.484411
0.440265 -0.875206 0.200450
0.429315 -0.874411 0.226039
0.429315 -0.874411 0.226039
0.261670 -0.860307 0.437494
0.209442 -0.849400 0.484411
0.829254 -0.001319 0.558870
0.832898 0.017094 0.553163
0.970325 -0.004954 0.241752
0.970325 -0.004954 0.241752
0.973865 -0.010170 0.226900
0.829254 -0.001319 0.558870
0.832898 0.017094 0.553163
0.829254 -0.001319 0.558870
0.432251 -0.026962 0.901350
0.432251 -0.026962 0.901350
0.523598 0.002330 0.851962
0.832898 0.017094 0.553163
-0.096072 -0.991593 0.086682
-0.079896 -0.995764 0.045510
-0.074586 -0.992950 0.092124
-0.102610 -0.994132 -0.034244
-0.079896 -0.995764 0.045510
-0.096072 -0.991593 0.086682
-0.088937 -0.987161 0.132675
-0.068602 -0.987255 0.143603
-0.084007 -0.983318 0.161331
-0.068602 -0.987255 0.143603
-0.088937 -0.987161 0.132675
-0.096072 -0.991593 0.086682
-0.096072 -0.991593 0.086682
-0.074586 -0.992950 0.092124
-0.068602 -0.987255 0.143603
-0.757179 -0.642019 0.120382
-0.746807 -0.662239 0.060974
-0.748452 -0.660847 0.055695
-0.748452 -0.660847 0.055695
-0.758029 -0.642252 0.113601
-0.757179 -0.642019 0.120382
-0.724849 -0.646968 0.236699
-0.757179 -0.642019 0.120382
-0.758029 -0.642252 0.113601
-0.758029 -0.642252 0.113601
-0.720899 -0.652979 0.232212
-0.724849 -0.646968 0.236699
-0.486189 -0.743249 0.459566
-0.724849 -0.646968 0.236699
-0.720899 -0.652979 0.232212
-0.720899 -0.652979 0.232212
-0.454442 -0.744246 0.489469
-0.486189 -0.743249 0.459566
-0.068602 -0.987255 0.143603
-0.088675 -0.984187 0.153338
-0.089170 -0.983267 0.158854
-0.089170 -0.983267 0.158854
-0.084007 -0.983318 0.161331
-0.068602 -0.987255 0.143603
-0.068602 -0.987255 0.143603
-0.057787 -0.982938 0.174625
-0.088675 -0.984187 0.153338
-0.221124 -0.705846 0.672967
-0.178901 -0.715274 0.675557
-0.486189 -0.743249 0.459566
-0.486189 -0.743249 0.459566
-0.454442 -0.744246 0.489469
-0.221124 -0.705846 0.672967
-0.044610 -0.982295 0.181950
-0.057787 -0.982938 0.174625
-0.068602 -0.987255 0.143603
-0.068602 -0.987255 0.143603
-0.043120 -0.988641 0.143978
-0.044610 -0.982295 0.181950
-0.043805 -0.624921 0.779458
-0.178901 -0.715274 0.675557
-0.221124 -0.705846 0.672967
-0.221124 -0.705846 0.672967
-0.047228 -0.620663 0.782654
-0.043805 -0.624921 0.779458
-0.025058 -0.985691 0.166689
-0.005746 -0.984869 0.173207
-0.044610 -0.982295 0.181950
-0.005746 -0.984869 0.173207
-0.025058 -0.985691 0.166689
-0.007896 -0.982730 0.184877
-0.007022 -0.340475 0.940227
-0.043805 -0.624921 0.779458
-0.047228 -0.620663 0.782654
-0.047228 -0.620663 0.782654
-0.012627 -0.338214 0.940985
-0.007022 -0.340475 0.940227
0.015864 -0.989176 0.145872
0.042718 -0.985135 0.166383
-0.005746 -0.984869 0.173207
0.042718 -0.985135 0.166383
0.015864 -0.989176 0.145872
0.043722 -0.988959 0.141595
0.014320 -0.656105 0.754534
-0.007022 -0.340475 0.940227
-0.012627 -0.338214 0.940985
-0.012627 -0.338214 0.940985
0.020531 -0.656374 0.754156
0.014320 -0.656105 0.754534
0.071995 -0.988251 0.134823
0.065555 -0.983453 0.168888
0.042718 -0.985135 0.166383
0.042718 -0.985135 0.166383
0.043722 -0.988959 0.141595
0.071995 -0.988251 0.134823
0.057103 -0.693945 0.717760
0.014320 -0.656105 0.754534
0.020531 -0.656374 0.754156
0.020531 -0.656374 0.754156
0.066603 -0.691479 0.719320
0.057103 -0.693945 0.717760
0.090545 -0.644544 0.759187
0.057103 -0.693945 0.717760
0.066603 -0.691479 0.719320
0.066603 -0.691479 0.719320
0.091451 -0.644225 0.759349
0.090545 -0.644544 0.759187
0.071995 -0.988251 0.134823
0.085916 -0.987302 0.133619
0.095855 -0.986639 0.131741
0.095855 -0.986639 0.131741
0.065555 -0.983453 0.168888
0.071995 -0.988251 0.134823
0.275112 -0.656684 0.702196
0.090545 -0.644544 0.759187
0.091451 -0.644225 0.759349
0.091451 -0.644225 0.759349
0.299240 -0.649722 0.698797
0.275112 -0.656684 0.702196
0.601667 -0.536984 0.591308
0.275112 -0.656684 0.702196
0.299240 -0.649722 0.698797
0.299240 -0.649722 0.698797
0.615466 -0.530550 0.582854
0.601667 -0.536984 0.591308
0.083928 -0.988514 0.125685
-0.005601 -0.991964 0.126400
0.085916 -0.987302 0.133619
0.085916 -0.987302 0.133619
0.071995 -0.988251 0.134823
0.083928 -0.988514 0.125685
0.755299 -0.580572 0.304070
0.756064 -0.569924 0.321797
0.601667 -0.536984 0.591308
0.601667 -0.536984 0.591308
0.615466 -0.530550 0.582854
0.755299 -0.580572 0.304070
0.083257 -0.992744 0.086766
0.086134 -0.992876 0.082330
0.083928 -0.988514 0.125685
0.083928 -0.988514 0.125685
0.071995 -0.988251 0.134823
0.083257 -0.992744 0.086766
0.520773 -0.845031 0.121320
0.756064 -0.569924 0.321797
0.755299 -0.580572 0.304070
0.755299 -0.580572 0.304070
0.512897 -0.850283 0.118131
0.520773 -0.845031 0.121320
0.088019 -0.995828 0.024058
0.084333 -0.996331 0.014557
0.086134 -0.992876 0.082330
0.086134 -0.992876 0.082330
0.083257 -0.992744 0.086766
0.088019 -0.995828 0.024058
0.586831 -0.804852 0.088557
0.520773 -0.845031 0.121320
0.512897 -0.850283 0.118131
0.512897 -0.850283 0.118131
0.590179 -0.802930 0.083622
0.586831 -0.804852 0.088557
0.082732 -0.990780 -0.107286
0.085880 -0.992012 -0.092392
0.084333 -0.996331 0.014557
0.084333 -0.996331 0.014557
0.088019 -0.995828 0.024058
0.082732 -0.990780 -0.107286
0.099838 -0.978794 -0.178869
0.085880 -0.992012 -0.092392
0.082732 -0.990780 -0.107286
0.082732 -0.990780 -0.107286
0.063289 -0.985669 -0.156366
0.099838 -0.978794 -0.178869
0.661085 -0.749402 0.036924
0.586831 -0.804852 0.088557
0.590179 -0.802930 0.083622
0.590179 -0.802930 0.083622
0.662668 -0.748191 0.032887
0.661085 -0.749402 0.036924
0.076667 -0.975385 -0.206754
0.089177 -0.975164 -0.202739
0.085880 -0.992012 -0.092392
0.085880 -0.992012 -0.092392
0.099838 -0.978794 -0.178869
0.076667 -0.975385 -0.206754
0.678085 -0.733483 -0.046933
0.661085 -0.749402 0.036924
0.662668 -0.748191 0.032887
0.662668 -0.748191 0.032887
0.679490 -0.731259 -0.059622
0.678085 -0.733483 -0.046933
0.076236 -0.964957 -0.251090
0.093972 -0.962839 -0.253199
0.089177 -0.975164 -0.202739
0.089177 -0.975164 -0.202739
0.076667 -0.975385 -0.206754
0.076236 -0.964957 -0.251090
0.641118 -0.754294 -0.141452
0.678085 -0.733483 -0.046933
0.679490 -0.731259 -0.059622
0.679490 -0.731259 -0.059622
0.638676 -0.755880 -0.144011
0.641118 -0.754294 -0.141452
0.094993 -0.949925 -0.297687
0.093972 -0.962839 -0.253199
0.076236 -0.964957 -0.251090
0.076236 -0.964957 -0.251090
0.078031 -0.952236 -0.295226
0.094993 -0.949925 -0.297687
0.547244 -0.811112 -0.206449
0.641118 -0.754294 -0.141452
0.638676 -0.755880 -0.144011
0.638676 -0.755880 -0.144011
0.547071 -0.811085 -0.207012
0.547244 -0.811112 -0.206449
0.649887 -0.728358 -0.217121
0.547244 -0.811112 -0.206449
0.547071 -0.811085 -0.207012
0.547071 -0.811085 -0.207012
0.653513 -0.724585 -0.218856
0.649887 -0.728358 -0.217121
-0.108666 -0.984136 -0.140242
-0.083594 -0.988046 -0.129524
-0.081039 -0.995793 -0.042759
-0.081039 -0.995793 -0.042759
-0.102610 -0.994132 -0.034244
-0.108666 -0.984136 -0.140242
-0.850643 -0.524818 -0.031173
-0.853337 -0.520356 -0.032354
-0.748452 -0.660847 0.055695
-0.748452 -0.660847 0.055695
-0.746807 -0.662239 0.060974
-0.850643 -0.524818 -0.031173
-0.121049 -0.970862 -0.206821
-0.149398 -0.973857 -0.171120
-0.120583 -0.977742 -0.171697
-0.120583 -0.977742 -0.171697
-0.108666 -0.984136 -0.140242
-0.121049 -0.970862 -0.206821
-0.117708 -0.970577 -0.210060
-0.121049 -0.970862 -0.206821
-0.116939 -0.962183 -0.246027
-0.116939 -0.962183 -0.246027
-0.117404 -0.962637 -0.244019
-0.117708 -0.970577 -0.210060
-0.149398 -0.973857 -0.171120
-0.121049 -0.970862 -0.206821
-0.117708 -0.970577 -0.210060
-0.850643 -0.524818 -0.031173
-0.725332 -0.678814 -0.114473
-0.726642 -0.676506 -0.119713
-0.726642 -0.676506 -0.119713
-0.853337 -0.520356 -0.032354
-0.850643 -0.524818 -0.031173
-0.725332 -0.678814 -0.114473
-0.843851 -0.519420 -0.134603
-0.842999 -0.519932 -0.137925
-0.842999 -0.519932 -0.137925
-0.726642 -0.676506 -0.119713
-0.725332 -0.678814 -0.114473
-0.113962 -0.951810 -0.284729
-0.113384 -0.952453 -0.282802
-0.117404 -0.962637 -0.244019
-0.117404 -0.962637 -0.244019
-0.116939 -0.962183 -0.246027
-0.113962 -0.951810 -0.284729
-0.843851 -0.519420 -0.134603
-0.828222 -0.534055 -0.169804
-0.829849 -0.530464 -0.173086
-0.829849 -0.530464 -0.173086
-0.842999 -0.519932 -0.137925
-0.843851 -0.519420 -0.134603
-0.828222 -0.534055 -0.169804
-0.751887 -0.623666 -0.213792
-0.752843 -0.621871 -0.215647
-0.752843 -0.621871 -0.215647
-0.829849 -0.530464 -0.173086
-0.828222 -0.534055 -0.169804
-0.098953 -0.813278 -0.573399
-0.113384 -0.952453 -0.282802
-0.113962 -0.951810 -0.284729
-0.113962 -0.951810 -0.284729
-0.102343 -0.813606 -0.572338
-0.098953 -0.813278 -0.573399
0.858985 -0.498451 -0.117007
0.856415 -0.498442 -0.134574
0.679604 -0.708968 -0.188421
0.679604 -0.708968 -0.188421
0.707017 -0.686079 -0.171530
0.858985 -0.498451 -0.117007
-0.102343 -0.813606 -0.572338
-0.075174 -0.592412 -0.802120
-0.074225 -0.621920 -0.779555
-0.074225 -0.621920 -0.779555
-0.098953 -0.813278 -0.573399
-0.102343 -0.813606 -0.572338
-0.751887 -0.623666 -0.213792
-0.718094 -0.595473 -0.360213
-0.765652 -0.468749 -0.440513
-0.765652 -0.468749 -0.440513
-0.752843 -0.621871 -0.215647
-0.751887 -0.623666 -0.213792
-0.718094 -0.595473 -0.360213
-0.306402 -0.911144 -0.275564
-0.628358 -0.526751 -0.572451
-0.628358 -0.526751 -0.572451
-0.765652 -0.468749 -0.440513
-0.718094 -0.595473 -0.360213
0.636716 -0.694534 -0.334986
0.649887 -0.728358 -0.217121
0.653513 -0.724585 -0.218856
0.653513 -0.724585 -0.218856
0.697065 -0.586482 -0.412480
0.636716 -0.694534 -0.334986
0.078031 -0.952236 -0.295226
0.080475 -0.830193 -0.551637
0.085602 -0.815775 -0.571999
0.085602 -0.815775 -0.571999
0.094993 -0.949925 -0.297687
0.078031 -0.952236 -0.295226
0.532707 -0.661442 -0.527937
0.142600 -0.989157 -0.035129
0.636716 -0.694534 -0.334986
0.636716 -0.694534 -0.334986
0.697065 -0.586482 -0.412480
0.532707 -0.661442 -0.527937
0.046143 -0.959534 -0.277787
0.095597 -0.846612 -0.523555
0.080475 -0.830193 -0.551637
0.080475 -0.830193 -0.551637
0.078031 -0.952236 -0.295226
0.046143 -0.959534 -0.277787
0.068183 -0.648536 -0.758124
0.066701 -0.624966 -0.777797
0.085602 -0.815775 -0.571999
0.085602 -0.815775 -0.571999
0.080475 -0.830193 -0.551637
0.068183 -0.648536 -0.758124
0.078824 -0.523809 -0.848181
0.068183 -0.648536 -0.758124
0.080475 -0.830193 -0.551637
0.080475 -0.830193 -0.551637
0.095597 -0.846612 -0.523555
0.078824 -0.523809 -0.848181
0.459721 -0.887670 0.026449
0.490427 -0.870989 0.029321
0.463950 -0.885419 0.027969
-0.421684 -0.906324 0.027563
-0.468785 -0.878491 0.092168
-0.460049 -0.883393 0.089282
</float_array>
          <technique_common>
            <accessor source="#black_01-Normal0-array" count="13110" stride="3">
              <param name="X" type="float"/>
              <param name="Y" type="float"/>
              <param name="Z" type="float"/>
            </accessor>
          </technique_common>
        </source>
        <source id="black_01-UV0">
          <float_array id="black_01-UV0-array" count="5148">
0.500000 1.000000
0.250000 1.000000
0.000000 0.500000
1.000000 0.500000
0.500000 0.500000
0.250000 0.500000
0.000000 0.375000
1.000000 0.375000
0.000000 0.437500
1.000000 0.437500
0.667651 0.500000
0.583826 0.500000
0.500000 0.734226
0.500000 0.617113
0.250000 0.734226
0.250000 0.617113
0.159283 0.500000
0.204641 0.500000
1.000000 0.500000
0.667651 0.500000
0.583826 0.500000
0.500000 0.500000
0.500000 0.617113
0.500000 0.734226
0.500000 1.000000
0.250000 1.000000
0.250000 0.734226
0.250000 0.617113
0.250000 0.500000
0.204641 0.500000
0.159283 0.500000
0.000000 0.500000
1.000000 0.495439
1.000000 0.500000
0.667651 0.500000
0.583826 0.500000
0.500000 0.500000
0.500000 0.617113
0.500000 0.734226
0.500000 1.000000
0.495578 1.000000
0.254422 1.000000
0.250000 1.000000
0.250000 0.734226
0.250000 0.617113
0.250000 0.500000
0.204641 0.500000
0.159283 0.500000
0.000000 0.500000
0.000000 0.495439
0.659151 0.494489
0.588214 0.496769
0.505984 0.488619
0.495493 0.607976
0.495613 0.732740
0.254445 0.732740
0.254746 0.607976
0.249050 0.488619
0.202740 0.496921
0.163136 0.494641
0.218196 0.817567
0.093196 0.567567
0.553677 0.810810
0.803677 0.560810
0.500000 1.000000
0.250000 1.000000
0.000000 0.500000
1.000000 0.500000
0.500000 0.500000
0.250000 0.500000
0.000000 0.375000
1.000000 0.375000
0.000000 0.437500
1.000000 0.437500
0.667651 0.500000
0.583826 0.500000
0.500000 0.734226
0.500000 0.617113
0.250000 0.734226
0.250000 0.617113
0.159283 0.500000
0.204641 0.500000
1.000000 0.500000
0.667651 0.500000
0.583826 0.500000
0.500000 0.500000
0.500000 0.617113
0.500000 0.734226
0.500000 1.000000
0.250000 1.000000
0.250000 0.734226
0.250000 0.617113
0.250000 0.500000
0.204641 0.500000
0.159283 0.500000
0.000000 0.500000
1.000000 0.495439
1.000000 0.500000
0.667651 0.500000
0.583826 0.500000
0.500000 0.500000
0.500000 0.617113
0.500000 0.734226
0.500000 1.000000
0.495578 1.000000
0.254422 1.000000
0.250000 1.000000
0.250000 0.734226
0.250000 0.617113
0.250000 0.500000
0.204641 0.500000
0.159283 0.500000
0.000000 0.500000
0.000000 0.495439
0.659151 0.494489
0.588214 0.496769
0.505984 0.488619
0.495493 0.607976
0.495613 0.732740
0.254445 0.732740
0.254746 0.607976
0.249050 0.488619
0.202740 0.496921
0.163136 0.494641
0.218196 0.817567
0.093196 0.567567
0.553677 0.810810
0.803677 0.560810
-0.072480 0.306627
-0.094425 0.298556
-0.101425 0.294263
-0.106382 0.286035
-0.110692 0.273793
-0.103180 0.271401
-0.097144 0.267316
-0.094673 0.259989
-0.101236 0.228098
-0.108258 0.196835
-0.112681 0.189947
-0.119257 0.185698
-0.131122 0.182272
-0.134376 0.160251
-0.134781 0.156805
-0.129841 0.302828
-0.138687 0.302832
-0.142137 0.304348
-0.143794 0.307447
-0.143566 0.309646
-0.137625 0.279523
-0.172711 0.272368
-0.203511 0.265506
-0.229666 0.254615
-0.254629 0.243363
-0.277518 0.227367
-0.298018 0.209855
-0.314648 0.190578
-0.327219 0.169715
-0.335598 0.147727
-0.342552 0.144970
-0.332333 0.171347
-0.319283 0.194749
-0.302708 0.215881
-0.282174 0.234980
-0.258830 0.251441
-0.233364 0.264505
-0.206063 0.275710
-0.173718 0.283512
-0.138186 0.289985
-0.136080 0.295397
-0.172436 0.290151
-0.207356 0.281606
-0.235761 0.270935
-0.261779 0.257009
-0.285290 0.240266
-0.305817 0.220362
-0.322763 0.198172
-0.335997 0.173460
-0.348209 0.140662
-0.177248 0.298595
-0.179310 0.301595
-0.174307 0.294799
-0.208484 0.286255
-0.237148 0.275461
-0.263621 0.261204
-0.287246 0.244230
-0.307995 0.224112
-0.325295 0.201403
-0.338818 0.176427
-0.354201 0.132236
-0.132264 0.300541
-0.209397 0.290463
-0.238052 0.279601
-0.265124 0.265043
-0.288923 0.247731
-0.309879 0.227364
-0.327509 0.204027
-0.341329 0.178450
-0.351621 0.151794
-0.359460 0.123476
-0.357236 0.124545
-0.365205 0.093620
-0.369294 0.062992
-0.371779 0.031814
-0.372597 -0.000000
-0.210597 0.293515
-0.238762 0.282707
-0.266155 0.267970
-0.290142 0.250409
-0.311130 0.229754
-0.328736 0.206347
-0.342457 0.181044
-0.352880 0.153983
-0.360777 0.125119
-0.366663 0.094772
-0.370706 0.064362
-0.373285 0.031858
-0.349006 0.149825
-0.360515 0.112393
-0.364245 0.093243
-0.368239 0.062694
-0.370750 0.031785
-0.334996 0.144372
-0.342007 0.141611
-0.347044 0.137468
-0.352897 0.129489
-0.355431 0.122763
-0.358326 0.110688
-0.361680 0.092714
-0.365873 0.062312
-0.368596 0.031582
-0.342397 0.183417
-0.344936 0.177150
-0.348802 0.166985
-0.352815 0.155306
-0.361554 0.123495
-0.359002 0.133883
-0.362117 0.116520
-0.364213 0.111259
-0.367158 0.094360
-0.371050 0.064419
-0.372822 0.031345
-0.373881 -0.000000
-0.329162 0.207872
-0.312363 0.230624
-0.290674 0.251903
-0.266421 0.269898
-0.239596 0.284430
-0.223072 0.291375
-0.153671 0.307253
-0.177575 0.301891
-0.167599 0.303953
-0.159489 0.305752
-0.200864 0.297390
-0.210716 0.294671
-0.217613 0.291686
-0.124654 0.275772
-0.123129 0.226066
-0.144454 0.225729
-0.170347 0.222971
-0.194147 0.218794
-0.219783 0.214658
-0.244411 0.209009
-0.323920 0.167711
-0.310272 0.185270
-0.293450 0.201593
-0.272523 0.215881
-0.249384 0.229191
-0.224713 0.237444
-0.199086 0.245391
-0.170788 0.251178
-0.138113 0.257589
-0.116150 0.256732
-0.268379 0.199852
-0.289741 0.189246
-0.306879 0.177059
-0.319475 0.165663
-0.326509 0.150185
-0.151165 0.193171
-0.188805 0.189775
-0.215299 0.187587
-0.240021 0.184292
-0.265123 0.179119
-0.287891 0.173105
-0.306818 0.164118
-0.155753 0.159757
-0.188857 0.158101
-0.212576 0.157518
-0.235869 0.157056
-0.263690 0.156535
-0.288011 0.155393
-0.305193 0.153538
-0.325891 0.146876
-0.304645 0.150245
-0.287811 0.151713
-0.263282 0.153067
-0.235341 0.154161
-0.211993 0.154785
-0.188415 0.155607
-0.155571 0.156492
-0.128266 0.199787
-0.119701 0.225854
-0.111428 0.226679
-0.105538 0.254169
-0.106207 0.255983
-0.107931 0.256961
-0.111330 0.257005
-0.113195 0.255695
-0.125097 0.199892
-0.123422 0.198161
-0.120152 0.199274
-0.118287 0.200644
-0.116784 0.203049
-0.072480 -0.306627
-0.094425 -0.298556
-0.101425 -0.294264
-0.106382 -0.286035
-0.110692 -0.273793
-0.103180 -0.271401
-0.097144 -0.267316
-0.094673 -0.259989
-0.101236 -0.228098
-0.108258 -0.196835
-0.112681 -0.189948
-0.119257 -0.185698
-0.131122 -0.182272
-0.134376 -0.160251
-0.134781 -0.156806
-0.129841 -0.302828
-0.138687 -0.302832
-0.142137 -0.304348
-0.143794 -0.307447
-0.143566 -0.309646
-0.137625 -0.279523
-0.174034 -0.273288
-0.203511 -0.265506
-0.229666 -0.254615
-0.257583 -0.243100
-0.277518 -0.227368
-0.298018 -0.209856
-0.314648 -0.190578
-0.327219 -0.169715
-0.335598 -0.147727
-0.342552 -0.144970
-0.332333 -0.171347
-0.319283 -0.194749
-0.302708 -0.215881
-0.282174 -0.234980
-0.258830 -0.251441
-0.233364 -0.264505
-0.206063 -0.275710
-0.173718 -0.283512
-0.138186 -0.289985
-0.136080 -0.295398
-0.172436 -0.290151
-0.207356 -0.281606
-0.235761 -0.270935
-0.261779 -0.257009
-0.285290 -0.240266
-0.305817 -0.220362
-0.322763 -0.198172
-0.335997 -0.173460
-0.348209 -0.140662
-0.177248 -0.298595
-0.179310 -0.301595
-0.174307 -0.294799
-0.208484 -0.286255
-0.237148 -0.275461
-0.263621 -0.261204
-0.287246 -0.244230
-0.307995 -0.224112
-0.325295 -0.201403
-0.338818 -0.176427
-0.354201 -0.132236
-0.132264 -0.300541
-0.209397 -0.290463
-0.238052 -0.279601
-0.265124 -0.265043
-0.288923 -0.247731
-0.309879 -0.227364
-0.327509 -0.204027
-0.341329 -0.178450
-0.351621 -0.151794
-0.359460 -0.123476
-0.357236 -0.124546
-0.365205 -0.093620
-0.369294 -0.062993
-0.371779 -0.031814
-0.210597 -0.293515
-0.238762 -0.282707
-0.266155 -0.267970
-0.290142 -0.250409
-0.311130 -0.229754
-0.328736 -0.206347
-0.342457 -0.181044
-0.352880 -0.153984
-0.360777 -0.125119
-0.366663 -0.094772
-0.370706 -0.064362
-0.373285 -0.031859
-0.374158 -0.000000
-0.349006 -0.149825
-0.360515 -0.112393
-0.364245 -0.093243
-0.368239 -0.062694
-0.370750 -0.031785
-0.371773 -0.000000
-0.334996 -0.144372
-0.342007 -0.141611
-0.347044 -0.137468
-0.352897 -0.129489
-0.355431 -0.122763
-0.358326 -0.110689
-0.361680 -0.092715
-0.365873 -0.062312
-0.368596 -0.031582
-0.369252 -0.000000
-0.342396 -0.183417
-0.344936 -0.177150
-0.348802 -0.166986
-0.352815 -0.155306
-0.361560 -0.123497
-0.359002 -0.133883
-0.362114 -0.116520
-0.364213 -0.111259
-0.367158 -0.094360
-0.371050 -0.064419
-0.372822 -0.031345
-0.329141 -0.207860
-0.312257 -0.230536
-0.290767 -0.252019
-0.266473 -0.269977
-0.239596 -0.284430
-0.223071 -0.291375
-0.153671 -0.307253
-0.177575 -0.301891
-0.167599 -0.303954
-0.159489 -0.305752
-0.200864 -0.297387
-0.210716 -0.294671
-0.217611 -0.291680
-0.124654 -0.275772
-0.123129 -0.226066
-0.144454 -0.225730
-0.323920 -0.167711
-0.310272 -0.185270
-0.294871 -0.204107
-0.138113 -0.257589
-0.116150 -0.256733
-0.294635 -0.187103
-0.306879 -0.177059
-0.319475 -0.165663
-0.326509 -0.150185
-0.149343 -0.200914
-0.289009 -0.172864
-0.306818 -0.164118
-0.155552 -0.159904
-0.188296 -0.158636
-0.212495 -0.157702
-0.235869 -0.157056
-0.263690 -0.156535
-0.288011 -0.155393
-0.305193 -0.153539
-0.325891 -0.146877
-0.304645 -0.150245
-0.287811 -0.151713
-0.263282 -0.153067
-0.235341 -0.154161
-0.211993 -0.154785
-0.188415 -0.155607
-0.155571 -0.156492
-0.128266 -0.199787
-0.119701 -0.225854
-0.111428 -0.226679
-0.105538 -0.254169
-0.106207 -0.255983
-0.107931 -0.256962
-0.111330 -0.257005
-0.113195 -0.255695
-0.125097 -0.199892
-0.123422 -0.198161
-0.120152 -0.199274
-0.118287 -0.200644
-0.116784 -0.203050
-0.254700 -0.214881
-0.257587 -0.208904
-0.258972 -0.201869
-0.258224 -0.195386
-0.256370 -0.189917
-0.252659 -0.184496
-0.247831 -0.180472
-0.242061 -0.177791
-0.235228 -0.176567
-0.229178 -0.177328
-0.223299 -0.179682
-0.218480 -0.183067
-0.214501 -0.187995
-0.211914 -0.194064
-0.210694 -0.200733
-0.211635 -0.207157
-0.213588 -0.212534
-0.216629 -0.217134
-0.221111 -0.221059
-0.226680 -0.224117
-0.233537 -0.225509
-0.239744 -0.224993
-0.245999 -0.222864
-0.250972 -0.219351
-0.274189 -0.203351
-0.273179 -0.214012
-0.268343 -0.225619
-0.261568 -0.233318
-0.252313 -0.237250
-0.238431 -0.238400
-0.228956 -0.238544
-0.219677 -0.238575
-0.208648 -0.237501
-0.194092 -0.232850
-0.186407 -0.223138
-0.183452 -0.212035
-0.182908 -0.201222
-0.183390 -0.190527
-0.189338 -0.178916
-0.201074 -0.170884
-0.214853 -0.168758
-0.224789 -0.167978
-0.234382 -0.168046
-0.243379 -0.168624
-0.252401 -0.169604
-0.260448 -0.172721
-0.269095 -0.181037
-0.273221 -0.191141
-0.208282 -0.200683
-0.209001 -0.207596
-0.211273 -0.213475
-0.214639 -0.218744
-0.219624 -0.223239
-0.225804 -0.226403
-0.232986 -0.227750
-0.240069 -0.227423
-0.247277 -0.225089
-0.252663 -0.221364
-0.256821 -0.216276
-0.259928 -0.209590
-0.261209 -0.201943
-0.260550 -0.194840
-0.258354 -0.188709
-0.254217 -0.182483
-0.248908 -0.178209
-0.242845 -0.175296
-0.235452 -0.174009
-0.228445 -0.174855
-0.222013 -0.177582
-0.216705 -0.181196
-0.212223 -0.187178
-0.209181 -0.193540
-0.197483 -0.200985
-0.198699 -0.209350
-0.202741 -0.216808
-0.210098 -0.221916
-0.217422 -0.225854
-0.224622 -0.228062
-0.232314 -0.229466
-0.239904 -0.228833
-0.247909 -0.227003
-0.254870 -0.224268
-0.261113 -0.219814
-0.266171 -0.211346
-0.267517 -0.202513
-0.266206 -0.193366
-0.262528 -0.185577
-0.255979 -0.179775
-0.249618 -0.175999
-0.242637 -0.174215
-0.235240 -0.172949
-0.228120 -0.173833
-0.221227 -0.175676
-0.213394 -0.178882
-0.205261 -0.184749
-0.199578 -0.192611
-0.285688 -0.203602
-0.260384 -0.237134
-0.218890 -0.244408
-0.182410 -0.241281
-0.160636 -0.201736
-0.192553 -0.165670
-0.234780 -0.162457
-0.267542 -0.165934
-0.280529 -0.175548
-0.276634 -0.221908
-0.240390 -0.243351
-0.199920 -0.243531
-0.163200 -0.220331
-0.168920 -0.178568
-0.215023 -0.162808
-0.255190 -0.162855
-0.284412 -0.189832
-0.169527 -0.232741
0.750000 0.000000
0.833333 0.000000
0.916667 0.000000
0.000000 0.000000
0.083333 0.000000
0.166667 0.000000
0.250000 0.000000
0.333333 0.000000
0.416667 0.000000
0.500000 0.000000
0.583333 0.000000
0.666667 0.000000
0.750000 1.000000
0.833333 1.000000
0.916667 1.000000
0.000000 1.000000
0.083333 1.000000
0.166667 1.000000
0.250000 1.000000
0.333333 1.000000
0.416667 1.000000
0.500000 1.000000
0.583333 1.000000
0.666667 1.000000
-0.083333 0.000000
-0.083333 1.000000
-0.343858 0.000000
-0.344812 0.000000
-0.352043 0.000000
-0.360881 0.000000
-0.369252 0.000000
0.022565 0.000000
0.031500 0.000000
0.199429 0.000000
0.199489 0.000000
0.205686 0.000000
0.219717 0.000000
0.336244 0.000000
0.356209 0.000000
0.348522 0.000000
0.362553 0.000000
0.371483 0.000000
0.370583 -0.036663
0.366988 -0.071002
0.360910 -0.099508
0.355786 -0.112138
0.348552 -0.121473
0.342084 -0.126905
0.333688 -0.130586
0.320203 -0.134733
0.305123 -0.138490
0.291594 -0.141006
0.271086 -0.144512
0.251850 -0.146983
0.234390 -0.148815
0.213674 -0.150704
0.191511 -0.152270
0.164488 -0.153752
0.134585 -0.154925
0.103043 -0.155795
0.021019 -0.157261
-0.074376 -0.157359
-0.134781 -0.156806
-0.155571 -0.156492
-0.188415 -0.155607
-0.211993 -0.154785
-0.235341 -0.154161
-0.263282 -0.153067
-0.287811 -0.151713
-0.304645 -0.150245
-0.325891 -0.146877
-0.334996 -0.144372
-0.342007 -0.141611
-0.347044 -0.137468
-0.352897 -0.129489
-0.355431 -0.122763
-0.358282 -0.110538
-0.361680 -0.092715
-0.365873 -0.062312
-0.368596 -0.031582
0.361827 -0.035944
0.358358 -0.069850
0.352146 -0.095919
0.347122 -0.107144
0.339941 -0.115341
0.334189 -0.119540
0.327996 -0.122222
0.315464 -0.126249
0.300518 -0.129899
0.286475 -0.132847
0.268391 -0.136017
0.250172 -0.138565
0.233543 -0.140025
0.210804 -0.142018
0.189695 -0.143122
0.163119 -0.144534
0.133761 -0.145319
0.102859 -0.145854
0.019900 -0.147137
-0.074981 -0.147364
-0.134309 -0.146159
-0.155414 -0.146009
-0.189231 -0.145238
-0.212373 -0.144301
-0.235975 -0.143754
-0.263222 -0.142669
-0.285133 -0.141923
-0.302235 -0.140537
-0.321973 -0.137013
-0.328567 -0.134739
-0.333624 -0.132541
-0.336983 -0.130136
-0.341987 -0.124701
-0.345402 -0.119059
-0.349410 -0.108183
-0.353966 -0.090152
-0.358425 -0.061846
-0.360482 -0.031998
-0.351379 -0.032141
-0.348187 -0.060591
-0.343234 -0.088269
-0.335120 -0.087368
-0.340794 -0.059604
-0.343837 -0.032991
-0.343395 -0.034213
-0.339619 -0.061936
-0.334043 -0.088144
-0.338883 -0.104811
-0.328890 -0.120367
-0.312715 -0.126211
-0.284962 -0.128802
-0.251336 -0.129902
-0.201133 -0.130802
-0.143635 -0.131036
-0.078447 -0.131411
0.018554 -0.131071
0.115116 -0.130956
0.172547 -0.130960
0.217369 -0.130532
0.254813 -0.129806
0.287972 -0.128382
0.313490 -0.122603
0.325143 -0.117765
0.340489 -0.104378
0.351458 -0.071994
0.355150 -0.037619
-0.318230 -0.120628
-0.270410 -0.126862
-0.084480 -0.128080
0.012886 -0.128086
0.136100 -0.128071
0.185034 -0.128052
0.230085 -0.128031
0.267702 -0.128023
0.309549 -0.123016
0.347399 -0.038635
0.344597 -0.073645
0.334868 -0.105615
0.334668 -0.037836
0.331071 -0.070349
0.320139 -0.096741
0.302277 -0.104866
0.266201 -0.107385
0.219620 -0.107246
0.205730 -0.107763
0.199462 -0.108328
0.199392 -0.108208
0.191111 -0.108112
0.180580 -0.127822
0.204837 -0.123783
0.192772 -0.122698
0.197867 -0.121159
0.265566 0.000000
0.305035 0.000000
0.306522 -0.121344
0.265606 -0.126519
-0.318178 -0.119153
-0.278908 -0.126366
-0.181581 -0.127720
0.047735 -0.125899
0.022569 -0.108604
0.031243 -0.107802
0.180646 -0.127495
0.193709 -0.121490
0.049820 -0.119917
0.180428 -0.122201
0.091912 -0.127915
-0.278908 0.000000
-0.168208 -0.128030
0.191270 0.000000
0.370583 0.036663
0.366988 0.071002
0.360910 0.099508
0.355786 0.112138
0.348552 0.121473
0.342084 0.126905
0.333688 0.130586
0.320203 0.134733
0.305123 0.138490
0.291594 0.141006
0.271086 0.144512
0.251850 0.146983
0.234390 0.148815
0.213674 0.150704
0.191511 0.152270
0.164488 0.153752
0.134585 0.154925
0.103043 0.155795
0.021019 0.157261
-0.074376 0.157359
-0.134781 0.156806
-0.155571 0.156492
-0.188415 0.155607
-0.211993 0.154785
-0.235341 0.154161
-0.263282 0.153067
-0.287811 0.151713
-0.304645 0.150245
-0.325891 0.146877
-0.334996 0.144372
-0.342007 0.141611
-0.347044 0.137468
-0.352897 0.129489
-0.355431 0.122763
-0.358282 0.110538
-0.361680 0.092715
-0.365873 0.062312
-0.368596 0.031582
0.361827 0.035944
0.358358 0.069850
0.352146 0.095919
0.347122 0.107144
0.339941 0.115341
0.334189 0.119540
0.327996 0.122222
0.315464 0.126249
0.300518 0.129899
0.286475 0.132847
0.268391 0.136017
0.250172 0.138565
0.233543 0.140025
0.210804 0.142018
0.189695 0.143122
0.163119 0.144534
0.133761 0.145319
0.102859 0.145854
0.019900 0.147137
-0.074981 0.147364
-0.134309 0.146159
-0.155414 0.146009
-0.189231 0.145238
-0.212373 0.144301
-0.235975 0.143754
-0.263222 0.142669
-0.285133 0.141923
-0.302235 0.140537
-0.321973 0.137013
-0.328567 0.134739
-0.333624 0.132541
-0.336983 0.130136
-0.341987 0.124701
-0.345402 0.119059
-0.349410 0.108183
-0.353966 0.090152
-0.358425 0.061846
-0.360482 0.031998
-0.351379 0.032141
-0.348187 0.060591
-0.343234 0.088269
-0.335120 0.087368
-0.340794 0.059604
-0.343837 0.032991
-0.343395 0.034213
-0.339619 0.061936
-0.334043 0.088144
-0.338883 0.104811
-0.328890 0.120367
-0.312715 0.126211
-0.284962 0.128802
-0.251336 0.129902
-0.201133 0.130802
-0.143635 0.131036
-0.078447 0.131411
0.018554 0.131071
0.115116 0.130956
0.172547 0.130960
0.217369 0.130532
0.254813 0.129806
0.287972 0.128382
0.313490 0.122603
0.325143 0.117765
0.340489 0.104378
0.351458 0.071994
0.355150 0.037619
-0.318230 0.120628
-0.270410 0.126862
-0.168208 0.128030
-0.084480 0.128080
0.012886 0.128086
0.136100 0.128071
0.185034 0.128052
0.230085 0.128031
0.267702 0.128023
0.309549 0.123016
0.347399 0.038635
0.344597 0.073645
0.334868 0.105615
0.334668 0.037836
0.331071 0.070349
0.320139 0.096741
0.302277 0.104866
0.266201 0.107385
0.219620 0.107246
0.205730 0.107763
0.199462 0.108328
0.199392 0.108208
0.191111 0.108112
0.180580 0.127822
0.204837 0.123783
0.192772 0.122698
0.197867 0.121159
0.306522 0.121344
0.265606 0.126519
-0.181581 0.127720
-0.318178 0.119153
-0.278908 0.126366
-0.187214 0.000000
0.047735 0.125899
0.022569 0.108604
0.031243 0.107802
0.180646 0.127495
0.193709 0.121490
0.049820 0.119917
0.180428 0.122201
0.091912 0.127915
0.132147 -0.305717
0.132147 0.305717
0.160309 -0.302577
0.160309 0.302577
0.189490 -0.297608
0.189490 0.297608
0.221994 -0.289493
0.221994 0.289493
0.251793 -0.277846
0.251793 0.277846
0.279918 -0.260261
0.279918 0.260261
0.301241 -0.239972
0.301241 0.239972
0.318744 -0.217372
0.318744 0.217371
0.334199 -0.192050
0.334199 0.192049
0.348387 -0.162986
0.348387 0.162986
0.357753 -0.138791
0.357753 0.138791
0.365582 -0.112306
0.365582 0.112306
0.373077 -0.073822
0.373077 0.073822
0.376755 -0.037517
0.376755 0.037517
0.377918 -0.000000
0.133561 -0.308687
0.133561 0.308687
0.135422 -0.309372
0.135422 0.309372
0.136952 -0.302233
0.136952 0.302233
0.138145 -0.278192
0.138145 0.278192
0.137345 -0.292307
0.137345 0.292307
0.162085 -0.305745
0.162085 0.305745
0.188393 -0.300911
0.188393 0.300911
0.223399 -0.291859
0.223399 0.291859
0.251814 -0.280765
0.251814 0.280765
0.279714 -0.264190
0.279714 0.264190
0.301586 -0.243710
0.301586 0.243710
0.320707 -0.219133
0.320707 0.219133
0.335937 -0.193541
0.335937 0.193541
0.350100 -0.164151
0.350092 0.164148
0.360984 -0.135658
0.360987 0.135660
0.369595 -0.106499
0.369602 0.106503
0.376142 -0.071768
0.376147 0.071770
0.381086 -0.000087
0.379698 -0.036341
0.379693 0.036326
0.223792 -0.292414
0.223792 0.292414
0.252706 -0.280889
0.252635 0.280732
0.281185 -0.263480
0.281185 0.263480
0.303085 -0.242726
0.303085 0.242725
0.320930 -0.219510
0.320930 0.219510
0.336789 -0.193450
0.336789 0.193450
0.351169 -0.164023
0.351169 0.164023
0.225884 -0.290865
0.225884 0.290865
0.252447 -0.279985
0.252449 0.279988
0.280846 -0.262390
0.280849 0.262385
0.302808 -0.241218
0.302808 0.241218
0.320319 -0.218822
0.320319 0.218822
0.336222 -0.192820
0.336222 0.192820
0.350858 -0.163321
0.350858 0.163321
0.188648 -0.301583
0.188648 0.301583
0.157382 -0.306993
0.157382 0.306993
0.134527 -0.309844
0.134527 0.309844
0.151705 -0.306857
0.151705 0.306857
0.158450 -0.303034
0.158450 0.303034
0.159981 -0.302633
0.159981 0.302632
0.163950 -0.302101
0.163950 0.302101
0.169696 -0.301139
0.169696 0.301139
0.176801 -0.299783
0.176801 0.299783
0.200241 -0.295819
0.200241 0.295819
0.208837 -0.294365
0.208837 0.294366
0.213355 -0.293599
0.213355 0.293599
0.217117 -0.292965
0.217117 0.292965
0.218621 -0.292710
0.218621 0.292710
0.217271 -0.292939
0.217271 0.292939
0.213630 -0.293554
0.213630 0.293554
0.207573 -0.294579
0.207573 0.294579
0.200653 -0.295750
0.200653 0.295750
0.176673 -0.299805
0.176673 0.299805
0.169735 -0.300979
0.169735 0.300979
0.163982 -0.301952
0.163982 0.301952
0.160087 -0.302611
0.160087 0.302611
0.154839 -0.306062
0.154839 0.306062
0.156361 -0.305337
0.156361 0.305336
0.161119 -0.304093
0.161119 0.304093
0.168356 -0.302549
0.168356 0.302549
0.176502 -0.301023
0.176502 0.301023
0.200164 -0.296291
0.200164 0.296290
0.209642 -0.294190
0.209642 0.294190
0.215758 -0.292856
0.215737 0.292768
0.220544 -0.291921
0.220545 0.291923
0.221952 -0.292096
0.221952 0.292096
0.220417 -0.292945
0.220417 0.292945
0.215765 -0.294519
0.215765 0.294519
0.208582 -0.296541
0.208582 0.296539
0.200193 -0.298556
0.200193 0.298556
0.176904 -0.303179
0.176904 0.303180
0.168359 -0.304562
0.168359 0.304562
0.161131 -0.305758
0.161131 0.305758
0.156580 -0.306191
0.156580 0.306191
0.153494 -0.305898
0.153494 0.305898
0.159228 -0.304377
0.159228 0.304377
0.167664 -0.302555
0.167664 0.302555
0.176642 -0.300815
0.176641 0.300814
0.200498 -0.295938
0.200498 0.295938
0.210843 -0.293553
0.210836 0.293530
0.218051 -0.292011
0.218051 0.292011
0.223814 -0.290889
0.223814 0.290889
0.223917 -0.292026
0.223917 0.292026
0.217939 -0.294161
0.217939 0.294161
0.209506 -0.296664
0.209498 0.296635
0.200596 -0.298929
0.200596 0.298929
0.176585 -0.303856
0.176585 0.303856
0.167007 -0.305527
0.167007 0.305527
0.159229 -0.306557
0.159229 0.306557
0.153558 -0.307109
0.153558 0.307109
0.151376 -0.300385
0.151366 0.300354
0.153531 -0.302583
0.153531 0.302583
0.159754 -0.304059
0.159754 0.304059
0.170704 -0.303481
0.170704 0.303481
0.188346 -0.300632
0.188346 0.300632
0.149886 -0.290643
0.149886 0.290643
0.150045 -0.275679
0.150045 0.275679
0.362327 -0.135515
0.362327 0.135515
0.369463 -0.111935
0.369463 0.111935
0.377124 -0.071639
0.377124 0.071639
0.380782 -0.036809
0.380782 0.036809
0.381997 -0.000034
0.373973 -0.000059
0.363548 -0.000032
0.348748 -0.000000
0.379864 -0.037335
0.379864 0.037335
0.380977 -0.000000
0.376091 -0.073187
0.376091 0.073187
0.362443 -0.135494
0.362443 0.135494
0.369475 -0.112024
0.369475 0.112024
0.371513 -0.103616
0.371506 0.103614
0.373353 -0.094506
0.373353 0.094506
0.374064 -0.089506
0.374057 0.089504
0.373859 -0.086964
0.373859 0.086964
0.372526 -0.089211
0.372526 0.089211
0.370531 -0.094277
0.370531 0.094277
0.358678 -0.145900
0.358662 0.145894
0.355561 -0.153512
0.355561 0.153512
0.352995 -0.159030
0.352995 0.159030
0.351871 -0.160385
0.351871 0.160385
0.352069 -0.158192
0.352069 0.158192
0.353122 -0.153948
0.353122 0.153948
0.354883 -0.147978
0.354883 0.147977
0.367961 -0.102787
0.367961 0.102787
0.357457 -0.135550
0.357457 0.135550
0.362219 -0.112105
0.362219 0.112105
0.363639 -0.105116
0.363638 0.105116
0.364752 -0.099635
0.364751 0.099635
0.365603 -0.095543
0.365620 0.095579
0.366105 -0.094090
0.366109 0.094098
0.365502 -0.095939
0.365502 0.095939
0.364848 -0.099159
0.364848 0.099159
0.363609 -0.105262
0.363609 0.105262
0.362228 -0.112060
0.362228 0.112060
0.357163 -0.137281
0.357163 0.137281
0.355788 -0.144529
0.355788 0.144528
0.354761 -0.148908
0.354761 0.148908
0.354021 -0.152464
0.354021 0.152464
0.353784 -0.153631
0.353784 0.153631
0.354055 -0.152394
0.354036 0.152390
0.354977 -0.148510
0.354977 0.148510
0.356031 -0.142566
0.356031 0.142566
0.365051 -0.112409
0.365051 0.112409
0.366737 -0.104165
0.366736 0.104164
0.369038 -0.097186
0.369037 0.097185
0.370526 -0.092682
0.370529 0.092686
0.371408 -0.091207
0.371394 0.091189
0.371298 -0.093006
0.371307 0.093016
0.370845 -0.097503
0.370852 0.097509
0.369888 -0.104584
0.369888 0.104584
0.368492 -0.112272
0.368492 0.112272
0.361218 -0.135424
0.361218 0.135424
0.358563 -0.143618
0.358563 0.143618
0.356214 -0.150266
0.356231 0.150266
0.354409 -0.154698
0.354409 0.154698
0.353573 -0.155701
0.353574 0.155701
0.353575 -0.154629
0.353575 0.154629
0.354318 -0.151173
0.354318 0.151173
0.355790 -0.145914
0.355790 0.145914
0.358085 -0.138349
0.358085 0.138349
0.372770 -0.035959
0.372800 0.035945
0.369020 -0.070759
0.369024 0.070768
0.362658 -0.103621
0.362635 0.103624
0.354093 -0.133069
0.354056 0.133060
0.343553 -0.160606
0.343512 0.160590
0.329143 -0.189725
0.329143 0.189725
0.316292 -0.210860
0.316396 0.210034
0.362396 -0.035527
0.362356 0.035493
0.358523 -0.069675
0.358599 0.069693
0.352330 -0.101067
0.352309 0.101049
0.344090 -0.129298
0.344050 0.129250
0.334440 -0.154700
0.334542 0.154724
0.321008 -0.181497
0.321008 0.181497
0.317249 -0.188146
0.317249 0.188146
0.347472 -0.035105
0.347472 0.035105
0.343631 -0.068651
0.343631 0.068651
0.337421 -0.098417
0.337421 0.098417
0.329522 -0.124769
0.329522 0.124769
0.322118 -0.143694
0.322118 0.143694
0.313031 -0.163537
0.313031 0.163537
0.313471 -0.220135
0.313471 0.220135
0.308290 -0.230960
0.308290 0.230960
0.299750 -0.243554
0.299750 0.243554
0.279504 -0.263639
0.279504 0.263639
0.186853 -0.271809
0.186854 0.271809
0.167869 -0.254906
0.167869 0.254906
0.159322 -0.255286
0.159228 0.255282
0.155420 -0.255030
0.155378 0.255028
0.153259 -0.254904
0.153259 0.254904
0.151050 -0.254996
0.151050 0.254996
0.150557 -0.254949
0.150557 0.254949
0.138186 -0.266354
0.149975 0.266645
0.221167 -0.283006
0.221167 0.283005
0.250362 -0.278377
0.250361 0.278377
0.277475 -0.261361
0.277479 0.261360
0.293324 -0.238670
0.293352 0.238666
0.299078 -0.212212
0.299078 0.212212
0.301668 -0.179755
0.301668 0.179754
0.305191 -0.176240
0.305190 0.176241
0.305126 -0.168256
0.305101 0.168269
0.300776 -0.163047
0.300774 0.163058
0.311780 -0.137940
0.311780 0.137940
0.326407 -0.123636
0.326407 0.123636
0.334348 -0.097633
0.334348 0.097633
0.340703 -0.068310
0.340703 0.068310
0.344144 -0.034892
0.344144 0.034892
0.345585 -0.000000
-0.143566 0.309646
-0.143566 -0.309646
-0.143266 0.311496
-0.143266 -0.311496
-0.142499 0.307566
-0.142499 -0.307566
-0.141673 0.301011
-0.141673 -0.301011
-0.140388 0.292520
-0.140388 -0.292520
-0.138013 0.278919
-0.138013 -0.278919
-0.239596 0.284430
-0.239596 -0.284430
-0.266421 0.269898
-0.266473 -0.269977
-0.290674 0.251903
-0.290767 -0.252019
-0.312363 0.230624
-0.312257 -0.230536
-0.329162 0.207872
-0.329141 -0.207860
-0.342397 0.183417
-0.342396 -0.183417
-0.367158 0.094360
-0.367158 -0.094360
-0.371050 0.064419
-0.371050 -0.064419
-0.372822 0.031345
-0.372822 -0.031345
-0.373881 -0.000000
-0.239969 0.285314
-0.239969 -0.285314
-0.266726 0.270780
-0.266726 -0.270780
-0.291304 0.252419
-0.291304 -0.252419
-0.311546 0.231994
-0.311546 -0.231994
-0.329203 0.207465
-0.329203 -0.207465
-0.342226 0.182314
-0.342226 -0.182314
-0.350979 0.159202
-0.350979 -0.159202
-0.358992 0.129400
-0.358992 -0.129400
-0.365213 0.097321
-0.365213 -0.097321
-0.369562 0.062574
-0.369562 -0.062574
-0.371921 0.028259
-0.371921 -0.028259
-0.372991 -0.000000
-0.207991 0.297819
-0.207991 -0.297819
-0.174299 0.306516
-0.174299 -0.306516
-0.369814 0.071823
-0.369814 -0.071823
-0.370314 0.062501
-0.370314 -0.062501
-0.372814 0.027683
-0.372814 -0.027683
-0.373420 -0.000000
-0.371186 0.062372
-0.371186 -0.062373
-0.373538 0.029793
-0.373538 -0.029793
-0.374320 -0.000000
-0.369776 0.069011
-0.369774 -0.069011
-0.370272 0.069952
-0.370272 -0.069952
-0.153671 0.307253
-0.153671 -0.307253
-0.159489 0.305752
-0.159489 -0.305752
-0.167599 0.303953
-0.167599 -0.303954
-0.177575 0.301891
-0.177575 -0.301891
-0.200864 0.297390
-0.200864 -0.297387
-0.210716 0.294671
-0.210716 -0.294671
-0.217613 0.291686
-0.217611 -0.291680
-0.223071 0.291375
-0.223071 -0.291375
-0.151407 0.309415
-0.151406 -0.309410
-0.225699 0.291117
-0.225699 -0.291117
-0.223659 0.292306
-0.223660 -0.292310
-0.218414 0.294433
-0.218413 -0.294427
-0.209010 0.297693
-0.208997 -0.297655
-0.200866 0.300159
-0.200863 -0.300148
-0.176535 0.306013
-0.176535 -0.306013
-0.167566 0.307689
-0.167566 -0.307689
-0.159529 0.308904
-0.159529 -0.308904
-0.153841 0.309521
-0.153841 -0.309521
-0.158584 0.302627
-0.158584 -0.302627
-0.160269 0.302277
-0.160269 -0.302277
-0.163970 0.301688
-0.163970 -0.301688
-0.170365 0.300569
-0.170365 -0.300569
-0.177135 0.299424
-0.177135 -0.299424
-0.200111 0.295538
-0.200111 -0.295538
-0.207390 0.294307
-0.207390 -0.294307
-0.213443 0.293283
-0.213443 -0.293283
-0.216894 0.292699
-0.216894 -0.292699
-0.218483 0.292431
-0.218483 -0.292431
-0.216967 0.292687
-0.216967 -0.292686
-0.212913 0.293372
-0.212913 -0.293373
-0.207604 0.294270
-0.207604 -0.294270
-0.200713 0.295436
-0.200713 -0.295436
-0.176609 0.299513
-0.176609 -0.299513
-0.169658 0.300689
-0.169658 -0.300689
-0.163910 0.301762
-0.163910 -0.301762
-0.159877 0.302544
-0.159877 -0.302544
-0.200090 0.297705
-0.200090 -0.297705
-0.177916 0.302792
-0.177916 -0.302792
-0.169386 0.304534
-0.169386 -0.304534
-0.162318 0.306102
-0.162318 -0.306102
-0.157804 0.307183
-0.157804 -0.307183
-0.155015 0.308195
-0.155015 -0.308195
-0.156920 0.308012
-0.156920 -0.308012
-0.162014 0.306992
-0.162014 -0.306992
-0.168755 0.305965
-0.168755 -0.305966
-0.176628 0.304639
-0.176628 -0.304639
-0.200467 0.299177
-0.200467 -0.299177
-0.208218 0.297058
-0.208218 -0.297058
-0.215722 0.294977
-0.215722 -0.294977
-0.219965 0.293402
-0.219965 -0.293403
-0.222043 0.292302
-0.222043 -0.292302
-0.219503 0.292691
-0.219503 -0.292691
-0.214927 0.293819
-0.214927 -0.293819
-0.208828 0.295399
-0.208828 -0.295399
-0.344936 0.177150
-0.344936 -0.177150
-0.348802 0.166985
-0.348802 -0.166986
-0.352815 0.155306
-0.352815 -0.155306
-0.359002 0.133883
-0.359002 -0.133883
-0.361554 0.123495
-0.361560 -0.123497
-0.362117 0.116520
-0.362114 -0.116520
-0.364213 0.111259
-0.364213 -0.111259
-0.364186 0.110644
-0.364186 -0.110645
-0.363674 0.112001
-0.363674 -0.112001
-0.362688 0.115642
-0.362688 -0.115642
-0.361400 0.120782
-0.361400 -0.120782
-0.341744 0.184919
-0.341717 -0.184906
-0.342745 0.182501
-0.342745 -0.182501
-0.344395 0.178215
-0.344395 -0.178215
-0.347174 0.170695
-0.347174 -0.170695
-0.344096 0.177302
-0.344096 -0.177302
-0.344345 0.175832
-0.344345 -0.175832
-0.345068 0.171852
-0.345068 -0.171852
-0.346361 0.163911
-0.346361 -0.163911
-0.347769 0.155583
-0.347769 -0.155583
-0.351578 0.133067
-0.351578 -0.133067
-0.352767 0.126038
-0.352767 -0.126038
-0.353480 0.121822
-0.353480 -0.121822
-0.353966 0.118949
-0.353966 -0.118949
-0.354204 0.117538
-0.354204 -0.117538
-0.354014 0.118665
-0.354014 -0.118665
-0.353878 0.121058
-0.353878 -0.121058
-0.352892 0.125300
-0.352892 -0.125300
-0.352048 0.130288
-0.352048 -0.130288
-0.347238 0.158722
-0.347238 -0.158723
-0.345630 0.168236
-0.345630 -0.168236
-0.344858 0.172799
-0.344858 -0.172799
-0.344359 0.175750
-0.344359 -0.175750
-0.360825 0.114952
-0.360818 -0.114940
-0.361112 0.116267
-0.361101 -0.116251
-0.361516 0.120021
-0.361523 -0.120026
-0.360344 0.125872
-0.360350 -0.125875
-0.358321 0.133858
-0.358321 -0.133858
-0.352413 0.155662
-0.352413 -0.155662
-0.348948 0.165859
-0.348942 -0.165857
-0.345862 0.174722
-0.345862 -0.174722
-0.343954 0.179724
-0.343919 -0.179710
-0.343192 0.181579
-0.343191 -0.181579
-0.344129 0.179071
-0.344144 -0.179077
-0.345488 0.175268
-0.345488 -0.175268
-0.347603 0.168607
-0.347603 -0.168607
-0.350341 0.158862
-0.350342 -0.158862
-0.357494 0.130365
-0.357501 -0.130367
-0.359299 0.123663
-0.359299 -0.123663
-0.360108 0.118948
-0.360108 -0.118948
-0.360345 0.116156
-0.360345 -0.116156
-0.173025 0.302758
-0.173025 -0.302758
-0.206257 0.293969
-0.206257 -0.293969
-0.237566 0.281728
-0.237566 -0.281728
-0.263744 0.267319
-0.263744 -0.267319
-0.287662 0.249199
-0.287662 -0.249199
-0.307246 0.229050
-0.307246 -0.229050
-0.323893 0.205931
-0.323893 -0.205931
-0.337073 0.180875
-0.337073 -0.180875
-0.346283 0.155787
-0.346283 -0.155787
-0.354206 0.126330
-0.354206 -0.126330
-0.360129 0.096349
-0.360129 -0.096349
-0.364680 0.062396
-0.364566 -0.062390
-0.367230 0.029910
-0.367230 -0.029910
-0.362139 -0.000000
-0.361432 0.029201
-0.361429 -0.029201
-0.358802 0.062496
-0.358802 -0.062496
-0.354490 0.093337
-0.354484 -0.093336
-0.348470 0.122598
-0.348470 -0.122598
-0.340449 0.152135
-0.340449 -0.152135
-0.330095 0.179105
-0.330095 -0.179105
-0.316733 0.203292
-0.316733 -0.203292
-0.366026 -0.000000
-0.365617 -0.000000
-0.365792 -0.005707
-0.365792 0.005707
-0.365983 -0.009195
-0.365983 0.009195
-0.366044 -0.010122
-0.366044 0.010122
-0.366041 -0.008748
-0.366041 0.008748
-0.366037 -0.005555
-0.366037 0.005555
-0.368016 0.014772
-0.368017 -0.014772
-0.369390 0.012455
-0.369380 -0.012461
-0.370348 0.007596
-0.370395 -0.007597
-0.370816 -0.000000
-0.365905 0.015147
-0.365905 -0.015147
-0.361889 0.016009
-0.361889 -0.016009
-0.366049 0.011913
-0.366049 -0.011913
-0.366233 0.010299
-0.366250 -0.010281
-0.366511 0.006383
-0.366511 -0.006383
-0.366421 -0.000000
-0.365628 0.012011
-0.365566 -0.012016
-0.361995 0.012021
-0.361995 -0.012021
-0.320335 0.176907
-0.320335 -0.176907
-0.304485 0.152582
-0.304485 -0.152582
-0.314947 0.162762
-0.314947 -0.162762
-0.332474 0.148344
-0.332474 -0.148344
-0.340398 0.120750
-0.340398 -0.120750
-0.323326 0.141329
-0.323326 -0.141329
-0.329178 0.120977
-0.329178 -0.120977
-0.311766 0.131759
-0.311766 -0.131759
-0.342941 0.109085
-0.342941 -0.109085
-0.346851 0.104744
-0.346851 -0.104744
-0.350824 0.099153
-0.350824 -0.099153
-0.353966 0.091852
-0.353966 -0.091852
-0.308636 0.220931
-0.308636 -0.220931
-0.300057 0.233666
-0.300057 -0.233666
-0.285981 0.249100
-0.285981 -0.249100
-0.262912 0.267271
-0.262912 -0.267271
-0.147881 0.276953
-0.147881 -0.276953
-0.149986 0.290605
-0.149983 -0.290587
-0.154015 0.299221
-0.154015 -0.299221
-0.157617 0.300746
-0.157617 -0.300747
-0.175980 0.300826
-0.175980 -0.300826
-0.164517 0.301909
-0.164517 -0.301909
-0.295892 0.145499
-0.295895 -0.145498
-0.353376 -0.000000
-0.353309 0.011659
-0.353309 -0.011659
-0.353223 0.015862
-0.353223 -0.015862
-0.352688 0.028327
-0.352688 -0.028327
-0.351661 0.061515
-0.351661 -0.061515
-0.345797 0.089548
-0.345797 -0.089548
-0.342512 0.097230
-0.342512 -0.097230
-0.338780 0.102909
-0.338780 -0.102909
-0.335292 0.106950
-0.335292 -0.106958
-0.322824 0.117507
-0.322824 -0.117508
-0.308518 0.130984
-0.308732 -0.131003
-0.302760 0.149399
-0.302760 -0.149399
-0.304962 0.154436
-0.304935 -0.154452
-0.291102 0.174607
-0.291102 -0.174607
-0.295847 0.211020
-0.295851 -0.211019
-0.292013 0.227701
-0.292016 -0.227700
-0.282621 0.244699
-0.282622 -0.244698
-0.261899 0.265157
-0.261899 -0.265157
-0.236034 0.277381
-0.236034 -0.277381
-0.203195 0.277982
-0.203195 -0.277982
-0.168965 0.255648
-0.168965 -0.255648
-0.158906 0.255204
-0.158906 -0.255204
-0.152672 0.254951
-0.152761 -0.254954
-0.156305 0.255301
-0.156305 -0.255301
-0.149696 0.255355
-0.149693 -0.255355
-0.138881 0.264998
-0.138881 -0.264998
-0.163347 0.255049
-0.163347 -0.255049
-0.055622 0.280371
-0.056272 0.283261
-0.057501 0.291649
-0.059239 0.302521
-0.060960 0.313860
-0.061675 0.313482
-0.055455 0.277994
-0.060740 0.280555
-0.062904 0.283575
-0.064599 0.291591
-0.066150 0.302534
-0.067934 0.313585
-0.069107 0.313442
-0.073862 0.313873
-0.071631 0.313777
-0.070259 0.303828
-0.068847 0.294488
-0.067531 0.287331
-0.065084 0.282481
-0.068419 0.288337
-0.070118 0.295250
-0.071179 0.300672
-0.072245 0.306168
-0.074022 0.314983
-0.076955 0.314865
-0.076243 0.314562
-0.073303 0.314460
-0.071738 0.305372
-0.070366 0.297663
-0.069076 0.291300
-0.067393 0.285656
-0.068509 0.289319
-0.068518 0.291046
-0.068545 0.294062
-0.068533 0.298380
-0.068646 0.304712
-0.068643 0.313052
-0.072653 0.313314
-0.073791 0.313890
-0.074102 0.314169
-0.074206 0.314621
-0.070676 0.301345
-0.070136 0.297220
-0.069801 0.294733
-0.069472 0.292476
-0.071329 0.305809
-0.071828 0.304687
-0.070871 0.299391
-0.070572 0.297443
-0.071923 0.303942
-0.071864 0.303604
-0.077236 0.314617
-0.077128 0.314164
-0.076645 0.313749
-0.075332 0.313337
-0.069827 0.312974
-0.062077 0.278149
-0.066246 0.280355
-0.068255 0.283624
-0.068852 0.285034
-0.068834 0.286109
-0.068843 0.288263
-0.068821 0.291846
-0.068781 0.297132
-0.068765 0.303572
-0.027620 0.281340
-0.000524 0.281384
0.031221 0.280488
0.055054 0.279241
-0.027966 0.283958
-0.028507 0.292211
-0.028706 0.302878
-0.028448 0.314425
-0.028518 0.314214
-0.000473 0.314786
0.030386 0.314553
0.060795 0.313536
0.067583 0.313512
0.071590 0.313856
0.073055 0.313647
0.073576 0.313829
0.059751 0.279252
0.064871 0.281528
0.067066 0.284518
0.068452 0.288436
-0.000204 0.283981
-0.000518 0.292206
-0.000430 0.303177
0.030577 0.301825
0.030624 0.290590
0.030755 0.283330
0.055231 0.281933
0.056316 0.288809
0.058244 0.299535
0.065092 0.299157
0.063099 0.288780
0.061384 0.281692
0.066601 0.285140
0.067963 0.291355
0.069679 0.301083
0.071095 0.302769
0.069510 0.294451
0.068572 0.289214
0.069750 0.294109
0.070399 0.297824
0.071527 0.303619
0.068520 0.289351
0.068536 0.291214
0.068522 0.293880
0.068652 0.299293
0.068687 0.305451
0.068619 0.312143
0.073776 0.313373
0.073860 0.313320
0.073223 0.312292
0.071839 0.312040
0.071112 0.305686
0.070595 0.301537
0.070077 0.297238
0.069752 0.294947
0.069409 0.292609
0.071642 0.304267
0.070692 0.299044
0.070336 0.296863
0.071497 0.302315
0.071351 0.301855
0.000252 0.314535
0.031517 0.314149
0.062976 0.313123
0.069467 0.313133
0.074007 0.313629
0.076031 0.313890
0.076376 0.313812
0.076713 0.313586
0.076651 0.313152
0.076121 0.312526
0.074754 0.312120
0.069968 0.311858
0.068764 0.305206
0.068574 0.297875
0.068589 0.291432
0.068539 0.287851
0.068500 0.286213
0.068481 0.285131
0.067610 0.282396
0.065802 0.279539
0.060723 0.277438
0.055153 0.277224
0.032037 0.278533
-0.000357 0.279684
-0.027724 0.279451
-0.055622 -0.280371
-0.056272 -0.283261
-0.057501 -0.291649
-0.059239 -0.302521
-0.060960 -0.313860
-0.061675 -0.313482
-0.055455 -0.277994
-0.060740 -0.280555
-0.062904 -0.283575
-0.064599 -0.291591
-0.066150 -0.302534
-0.067934 -0.313585
-0.069107 -0.313442
-0.073862 -0.313873
-0.071631 -0.313777
-0.070259 -0.303828
-0.068847 -0.294488
-0.067531 -0.287331
-0.065084 -0.282481
-0.068419 -0.288337
-0.070118 -0.295250
-0.071179 -0.300672
-0.072245 -0.306168
-0.074022 -0.314983
-0.076955 -0.314865
-0.076243 -0.314562
-0.073303 -0.314460
-0.071738 -0.305372
-0.070366 -0.297663
-0.069076 -0.291300
-0.067393 -0.285656
-0.068509 -0.289319
-0.068518 -0.291046
-0.068545 -0.294062
-0.068533 -0.298380
-0.068646 -0.304712
-0.068643 -0.313052
-0.072653 -0.313314
-0.073791 -0.313890
-0.074102 -0.314169
-0.074206 -0.314621
-0.070676 -0.301345
-0.070136 -0.297220
-0.069801 -0.294733
-0.069472 -0.292476
-0.071329 -0.305809
-0.071828 -0.304687
-0.070871 -0.299391
-0.070572 -0.297443
-0.071923 -0.303942
-0.071864 -0.303604
-0.077236 -0.314617
-0.077128 -0.314164
-0.076645 -0.313749
-0.075332 -0.313337
-0.069827 -0.312974
-0.062077 -0.278149
-0.066246 -0.280355
-0.068255 -0.283624
-0.068852 -0.285034
-0.068834 -0.286109
-0.068843 -0.288263
-0.068821 -0.291846
-0.068781 -0.297132
-0.068765 -0.303572
-0.027620 -0.281340
-0.000524 -0.281384
0.031221 -0.280488
0.055054 -0.279241
-0.027966 -0.283958
-0.028507 -0.292211
-0.028706 -0.302878
-0.028448 -0.314425
-0.028518 -0.314214
-0.000473 -0.314786
0.030386 -0.314553
0.060795 -0.313536
0.067583 -0.313512
0.071590 -0.313856
0.073055 -0.313647
0.073576 -0.313829
0.059751 -0.279252
0.064871 -0.281528
0.067066 -0.284518
0.068452 -0.288436
-0.000204 -0.283981
-0.000518 -0.292206
-0.000430 -0.303177
0.030577 -0.301825
0.030624 -0.290590
0.030755 -0.283330
0.055231 -0.281933
0.056316 -0.288809
0.058244 -0.299535
0.065092 -0.299157
0.063099 -0.288780
0.061384 -0.281692
0.066601 -0.285140
0.067963 -0.291355
0.069679 -0.301083
0.071095 -0.302769
0.069510 -0.294451
0.068572 -0.289214
0.069750 -0.294109
0.070399 -0.297824
0.071527 -0.303619
0.068520 -0.289351
0.068536 -0.291214
0.068522 -0.293880
0.068652 -0.299293
0.068687 -0.305451
0.068619 -0.312143
0.073776 -0.313373
0.073860 -0.313320
0.073223 -0.312292
0.071839 -0.312040
0.071112 -0.305686
0.070595 -0.301537
0.070077 -0.297238
0.069752 -0.294947
0.069409 -0.292609
0.071642 -0.304267
0.070692 -0.299044
0.070336 -0.296863
0.071497 -0.302315
0.071351 -0.301855
0.000252 -0.314535
0.031517 -0.314149
0.062976 -0.313123
0.069467 -0.313133
0.074007 -0.313629
0.076031 -0.313890
0.076376 -0.313812
0.076713 -0.313586
0.076651 -0.313152
0.076121 -0.312526
0.074754 -0.312120
0.069968 -0.311858
0.068764 -0.305206
0.068574 -0.297875
0.068589 -0.291432
0.068539 -0.287851
0.068500 -0.286213
0.068481 -0.285131
0.067610 -0.282396
0.065802 -0.279539
0.060723 -0.277438
0.055153 -0.277224
0.032037 -0.278533
-0.000357 -0.279684
-0.027724 -0.279451
0.131020 0.304289
0.127010 0.303346
0.131610 0.306104
0.132669 0.308787
0.134004 0.310478
0.135074 0.309816
0.136147 0.301317
0.136526 0.295152
0.137626 0.278947
-0.129948 0.303760
-0.138292 0.303540
-0.141556 0.304916
-0.142357 0.306351
-0.142627 0.309287
-0.142823 0.311682
-0.141763 0.308724
-0.140947 0.301336
-0.139594 0.293800
-0.137252 0.279028
0.049974 0.307281
-0.034254 0.308268
-0.071591 0.306897
0.048354 0.311847
-0.037804 0.312220
0.004413 0.313255
-0.055809 0.310587
0.120530 0.303501
-0.038649 0.313049
-0.072621 0.311852
-0.107501 0.309650
-0.108783 0.312503
-0.075364 0.314436
-0.041332 0.315576
0.003362 0.315848
0.048190 0.314767
0.086968 0.305472
0.085323 0.310086
0.083395 0.312797
-0.075925 0.316455
0.082721 0.314848
0.080614 0.314152
-0.079873 0.314593
-0.110039 0.314163
-0.109942 0.312341
0.075819 0.315329
0.075236 0.314727
0.063052 0.314108
0.069117 0.313983
0.072582 0.314097
0.074344 0.314338
-0.075811 0.315807
-0.074693 0.315511
-0.072595 0.315173
-0.069115 0.315029
-0.062209 0.315116
0.046817 0.315831
0.003915 0.316525
-0.041736 0.316152
0.075346 0.315918
0.073610 0.315897
0.071367 0.315527
0.067160 0.315229
0.058951 0.315405
-0.059231 0.315725
-0.075690 0.316876
-0.074612 0.316590
-0.072385 0.315960
-0.068124 0.315626
-0.041371 0.314716
-0.041384 0.315707
-0.043176 0.317376
0.003329 0.315003
0.003444 0.315946
0.002247 0.317754
0.048267 0.313896
0.048168 0.314729
0.046239 0.316799
0.062639 0.313301
0.062160 0.314401
0.067703 0.314203
0.070177 0.314317
0.071573 0.314514
0.072505 0.314896
0.072854 0.315497
0.068441 0.313138
0.071626 0.313273
0.072925 0.313463
0.073897 0.313846
0.073938 0.314476
-0.061614 0.315389
-0.067547 0.315264
-0.069963 0.315409
-0.071960 0.315673
-0.072707 0.315949
-0.073207 0.316530
-0.061751 0.314282
-0.068130 0.314194
-0.071297 0.314310
-0.073390 0.314614
-0.074230 0.314921
-0.074315 0.315546
0.073449 0.314907
0.002147 0.315885
-0.043586 0.315421
-0.074053 0.314516
0.046143 0.314830
0.073987 0.313229
-0.106617 0.310253
-0.130515 0.302581
0.003995 0.313455
-0.042096 0.313222
-0.077472 0.312008
0.080738 0.311050
0.046967 0.312809
-0.073929 0.315961
-0.073219 0.315757
-0.071282 0.315121
-0.067124 0.314821
-0.059105 0.314934
-0.041340 0.315114
0.004355 0.315755
0.046557 0.314458
0.058152 0.314545
0.066867 0.314392
0.070159 0.314703
0.072238 0.314982
0.120869 0.307539
0.121342 0.302614
0.121225 0.296623
0.120944 0.280735
0.112162 0.281506
-0.130070 0.295148
-0.128609 0.280135
-0.126984 0.307589
-0.130025 0.305516
-0.117689 0.309169
0.076698 0.291576
0.037674 0.299860
-0.001951 0.305014
-0.029230 0.307391
-0.035371 0.307815
-0.042106 0.308035
-0.106228 0.304607
-0.117386 0.302856
-0.123257 0.301267
-0.125749 0.299148
-0.126428 0.296497
-0.077250 0.308517
-0.106494 0.306193
-0.117540 0.304929
-0.125242 0.303655
-0.127551 0.300593
-0.128286 0.297635
-0.127650 0.290626
-0.127296 0.277687
-0.042091 0.309863
0.080459 0.309357
0.046032 0.309723
0.002672 0.309039
0.003413 0.310165
0.046615 0.310468
-0.127104 0.284115
-0.129260 0.287838
-0.138160 0.286592
0.121194 0.288918
0.137260 0.287201
0.080517 0.305253
0.040640 0.305431
0.079412 0.299050
-0.076806 0.306476
-0.126022 0.289953
-0.125567 0.283185
-0.124693 0.275972
-0.110970 0.314748
-0.108588 0.305088
0.073510 0.312015
0.072196 0.312062
0.070261 0.311788
0.067068 0.311569
0.059198 0.311671
0.047668 0.312059
0.073987 0.311571
0.005044 0.312786
-0.041535 0.312380
-0.059443 0.312055
-0.067870 0.311936
-0.071425 0.312191
-0.073166 0.312787
-0.073866 0.312963
-0.074226 0.312606
-0.140297 0.292846
-0.143603 0.308174
-0.143392 0.310751
-0.142518 0.303796
-0.143255 0.305267
-0.139148 0.302727
-0.129864 0.302943
-0.108223 0.304070
-0.071410 0.306354
-0.034512 0.307505
0.049721 0.306607
0.086699 0.304596
0.120618 0.302733
0.127500 0.302186
0.131763 0.303192
0.133002 0.305233
0.134077 0.307730
0.135233 0.309381
0.136266 0.308740
0.137511 0.300234
0.138046 0.294213
0.138478 0.286256
0.138720 0.277845
-0.142821 0.307668
-0.141576 0.300406
-0.139140 0.285578
-0.138053 0.278139
-0.128322 0.279254
-0.137025 0.278145
-0.137830 0.277992
0.137491 0.277984
0.138344 0.277869
0.121016 0.279747
0.112128 0.280701
0.131020 -0.304289
0.127010 -0.303346
0.131610 -0.306104
0.132669 -0.308787
0.134004 -0.310478
0.135074 -0.309816
0.136147 -0.301317
0.136526 -0.295152
0.137626 -0.278947
-0.129948 -0.303760
-0.138292 -0.303540
-0.141556 -0.304916
-0.142357 -0.306351
-0.142627 -0.309287
-0.142823 -0.311682
-0.141763 -0.308724
-0.140947 -0.301336
-0.139594 -0.293800
-0.137252 -0.279028
0.049974 -0.307282
-0.034254 -0.308268
-0.071591 -0.306897
0.048354 -0.311847
-0.037804 -0.312220
0.004413 -0.313255
-0.055809 -0.310587
0.120530 -0.303501
-0.038649 -0.313049
-0.072621 -0.311852
-0.107501 -0.309650
-0.108783 -0.312503
-0.075364 -0.314436
-0.041332 -0.315576
0.003362 -0.315848
0.048190 -0.314767
0.086968 -0.305472
0.085323 -0.310086
0.083395 -0.312797
-0.075925 -0.316455
0.082721 -0.314848
0.080614 -0.314152
-0.079873 -0.314593
-0.110039 -0.314163
-0.109942 -0.312341
0.075819 -0.315329
0.075236 -0.314727
0.063052 -0.314108
0.069117 -0.313983
0.072582 -0.314097
0.074344 -0.314338
-0.075811 -0.315807
-0.074693 -0.315511
-0.072595 -0.315173
-0.069115 -0.315029
-0.062209 -0.315116
0.046817 -0.315831
0.003915 -0.316525
-0.041736 -0.316152
0.075346 -0.315918
0.073610 -0.315897
0.071366 -0.315527
0.067160 -0.315229
0.058951 -0.315405
-0.059231 -0.315725
-0.075690 -0.316876
-0.074612 -0.316590
-0.072385 -0.315960
-0.068124 -0.315626
-0.041371 -0.314716
-0.041384 -0.315707
-0.043176 -0.317376
0.003329 -0.315003
0.003444 -0.315946
0.002247 -0.317754
0.048267 -0.313896
0.048168 -0.314729
0.046239 -0.316799
0.062639 -0.313301
0.062160 -0.314401
0.067703 -0.314203
0.070177 -0.314317
0.071573 -0.314514
0.072505 -0.314896
0.072854 -0.315497
0.068441 -0.313138
0.071626 -0.313273
0.072925 -0.313463
0.073897 -0.313846
0.073938 -0.314476
-0.061614 -0.315389
-0.067547 -0.315264
-0.069963 -0.315409
-0.071960 -0.315673
-0.072707 -0.315949
-0.073207 -0.316530
-0.061751 -0.314282
-0.068130 -0.314194
-0.071297 -0.314310
-0.073390 -0.314614
-0.074230 -0.314921
-0.074315 -0.315546
0.073449 -0.314907
0.002147 -0.315885
-0.043586 -0.315421
-0.074053 -0.314516
0.046143 -0.314830
0.073987 -0.313229
-0.106617 -0.310253
-0.130515 -0.302581
0.003995 -0.313455
-0.042096 -0.313222
-0.077472 -0.312008
0.080738 -0.311050
0.046967 -0.312809
-0.073929 -0.315961
-0.073219 -0.315757
-0.071282 -0.315121
-0.067124 -0.314821
-0.059105 -0.314934
-0.041340 -0.315114
0.004355 -0.315755
0.046557 -0.314458
0.058152 -0.314545
0.066867 -0.314392
0.070159 -0.314703
0.072238 -0.314982
0.120869 -0.307539
0.121342 -0.302614
0.121225 -0.296623
0.120944 -0.280735
0.112162 -0.281506
-0.130070 -0.295148
-0.128609 -0.280135
-0.126984 -0.307589
-0.130025 -0.305516
-0.117689 -0.309169
0.076698 -0.291576
0.037674 -0.299860
-0.001951 -0.305014
-0.029230 -0.307391
-0.035371 -0.307815
-0.042106 -0.308035
-0.106228 -0.304607
-0.117386 -0.302856
-0.123257 -0.301267
-0.125749 -0.299148
-0.126428 -0.296497
-0.077250 -0.308517
-0.106494 -0.306193
-0.117540 -0.304929
-0.125242 -0.303655
-0.127551 -0.300593
-0.128286 -0.297635
-0.127650 -0.290626
-0.127297 -0.277687
-0.042091 -0.309863
0.080459 -0.309357
0.046032 -0.309723
0.002672 -0.309039
0.003413 -0.310165
0.046615 -0.310468
-0.127104 -0.284115
-0.129260 -0.287838
-0.138160 -0.286592
0.121194 -0.288918
0.137260 -0.287201
0.080517 -0.305253
0.040640 -0.305431
0.079412 -0.299050
-0.076806 -0.306476
-0.126022 -0.289953
-0.125567 -0.283185
-0.124693 -0.275972
-0.110970 -0.314748
-0.108588 -0.305088
0.073510 -0.312015
0.072196 -0.312062
0.070261 -0.311788
0.067068 -0.311569
0.059198 -0.311671
0.047668 -0.312059
0.073987 -0.311572
0.005044 -0.312786
-0.041535 -0.312380
-0.059443 -0.312055
-0.067870 -0.311936
-0.071425 -0.312191
-0.073166 -0.312787
-0.073866 -0.312963
-0.074226 -0.312606
-0.140297 -0.292846
-0.143603 -0.308175
-0.143392 -0.310751
-0.142518 -0.303796
-0.143255 -0.305267
-0.139148 -0.302727
-0.129864 -0.302943
-0.108223 -0.304070
-0.071410 -0.306354
-0.034512 -0.307505
0.049721 -0.306607
0.086699 -0.304596
0.120618 -0.302733
0.127500 -0.302186
0.131763 -0.303192
0.133002 -0.305233
0.134077 -0.307730
0.135233 -0.309381
0.136266 -0.308740
0.137511 -0.300234
0.138046 -0.294213
0.138478 -0.286256
0.138720 -0.277845
-0.142821 -0.307668
-0.141576 -0.300406
-0.139140 -0.285578
-0.138053 -0.278139
-0.128322 -0.279254
-0.137025 -0.278145
-0.137830 -0.277992
0.137491 -0.277984
0.138344 -0.277869
0.121016 -0.279747
0.112128 -0.280701
</float_array>
          <technique_common>
            <accessor source="#black_01-UV0-array" count="2574" stride="2">
              <param name="S" type="float"/>
              <param name="T" type="float"/>
            </accessor>
          </technique_common>
        </source>
        <vertices id="black_01-VERTEX">
          <input semantic="POSITION" source="#black_01-POSITION"/>
        </vertices>
        <triangles count="4370" material="black_01_ncl1_1">
          <input semantic="VERTEX" offset="0" source="#black_01-VERTEX"/>
          <input semantic="NORMAL" offset="1" source="#black_01-Normal0"/>
          <input semantic="TEXCOORD" offset="2" set="0" source="#black_01-UV0"/>
          <p> 1 0 7 3 1 9 2 2 8 2 3 8 0 4 6 1 5 7 3 6 9 19 7 32 50 8 50 59 9 59 49 10 49 2 11 8 58 12 58 59 13 59 2 14 8 51 15 51 58 16 58 2 17 8 50 18 50 51 19 51 2 20 8 3 21 9 50 22 50 2 23 8 20 24 33 7 25 18 9 26 19 9 27 19 22 28 34 20 29 33 22 30 34 9 31 19 10 32 20 10 33 20 24 34 35 22 35 34 24 36 35 10 37 20 8 38 21 8 39 21 26 40 36 24 41 35 26 42 36 8 43 21 12 44 22 12 45 22 28 46 37 26 47 36 28 48 37 12 49 22 11 50 23 11 51 23 30 52 38 28 53 37 30 54 38 11 55 23 4 56 24 4 57 24 32 58 39 30 59 38 36 60 42 5 61 25 14 62 26 14 63 26 38 64 43 36 65 42 38 66 43 14 67 26 15 68 27 15 69 27 40 70 44 38 71 43 40 72 44 15 73 27 13 74 28 13 75 28 42 76 45 40 77 44 42 78 45 13 79 28 17 80 29 17 81 29 44 82 46 42 83 45 44 84 46 17 85 29 16 86 30 16 87 30 46 88 47 44 89 46 46 90 47 16 91 30 6 92 31 6 93 31 48 94 48 46 95 47 50 96 50 19 97 32 18 98 3 18 99 3 21 100 10 50 101 50 51 102 51 50 103 50 21 104 10 21 105 10 23 106 11 51 107 51 52 108 52 51 109 51 23 110 11 23 111 11 25 112 4 52 113 52 53 114 53 52 115 52 25 116 4 25 117 4 27 118 13 53 119 53 54 120 54 53 121 53 27 122 13 27 123 13 29 124 12 54 125 54 33 126 40 54 127 54 29 128 12 29 129 12 31 130 0 33 131 40 55 132 55 35 133 41 34 134 1 34 135 1 37 136 14 55 137 55 56 138 56 55 139 55 37 140 14 37 141 14 39 142 15 56 143 56 57 144 57 56 145 56 39 146 15 39 147 15 41 148 5 57 149 57 58 150 58 57 151 57 41 152 5 41 153 5 43 154 17 58 155 58 59 156 59 58 157 58 43 158 17 43 159 17 45 160 16 59 161 59 49 162 49 59 163 59 45 164 16 45 165 16 47 166 2 49 167 49 20 168 33 22 169 34 21 170 10 21 171 10 18 172 3 20 173 33 22 174 34 24 175 35 23 176 11 23 177 11 21 178 10 22 179 34 24 180 35 26 181 36 25 182 4 25 183 4 23 184 11 24 185 35 26 186 36 28 187 37 27 188 13 27 189 13 25 190 4 26 191 36 28 192 37 30 193 38 29 194 12 29 195 12 27 196 13 28 197 37 30 198 38 32 199 39 31 200 0 31 201 0 29 202 12 30 203 38 36 204 42 38 205 43 37 206 14 37 207 14 34 208 1 36 209 42 38 210 43 40 211 44 39 212 15 39 213 15 37 214 14 38 215 43 40 216 44 42 217 45 41 218 5 41 219 5 39 220 15 40 221 44 42 222 45 44 223 46 43 224 17 43 225 17 41 226 5 42 227 45 44 228 46 46 229 47 45 230 16 45 231 16 43 232 17 44 233 46 46 234 47 48 235 48 47 236 2 47 237 2 45 238 16 46 239 47 33 240 40 35 241 41 55 242 55 55 243 55 54 244 54 33 245 40 54 246 54 55 247 55 56 248 56 56 249 56 53 250 53 54 251 54 53 252 53 56 253 56 57 254 57 57 255 57 52 256 52 53 257 53 52 258 52 57 259 57 58 260 58 58 261 58 51 262 51 52 263 52 6 264 31 16 265 30 61 266 61 14 267 26 5 268 25 60 269 60 16 270 30 17 271 29 13 272 28 13 273 28 61 274 61 16 275 30 13 276 28 15 277 27 14 278 26 14 279 26 60 280 60 13 281 28 13 282 28 60 283 60 61 284 61 4 285 24 11 286 23 62 287 62 9 288 19 7 289 18 63 290 63 12 291 22 8 292 21 62 293 62 62 294 62 11 295 23 12 296 22 8 297 21 10 298 20 9 299 19 9 300 19 63 301 63 8 302 21 8 303 21 63 304 63 62 305 62 1 306 71 0 307 70 64 308 72 64 309 72 65 310 73 1 311 71 64 312 72 111 313 113 121 314 123 64 315 72 121 316 123 120 317 122 64 318 72 120 319 122 113 320 115 64 321 72 113 322 115 112 323 114 65 324 73 64 325 72 112 326 114 65 327 73 112 328 114 81 329 96 82 330 97 84 331 98 71 332 83 71 333 83 69 334 82 82 335 97 84 336 98 86 337 99 72 338 84 72 339 84 71 340 83 84 341 98 86 342 99 88 343 100 70 344 85 70 345 85 72 346 84 86 347 99 88 348 100 90 349 101 74 350 86 74 351 86 70 352 85 88 353 100 90 354 101 92 355 102 73 356 87 73 357 87 74 358 86 90 359 101 92 360 102 94 361 103 66 362 88 66 363 88 73 364 87 92 365 102 98 366 106 100 367 107 76 368 90 76 369 90 67 370 89 98 371 106 100 372 107 102 373 108 77 374 91 77 375 91 76 376 90 100 377 107 102 378 108 104 379 109 75 380 92 75 381 92 77 382 91 102 383 108 104 384 109 106 385 110 79 386 93 79 387 93 75 388 92 104 389 109 106 390 110 108 391 111 78 392 94 78 393 94 79 394 93 106 395 110 108 396 111 110 397 112 68 398 95 68 399 95 78 400 94 108 401 111 112 402 114 83 403 74 80 404 67 80 405 67 81 406 96 112 407 114 113 408 115 85 409 75 83 410 74 83 411 74 112 412 114 113 413 115 114 414 116 87 415 68 85 416 75 85 417 75 113 418 115 114 419 116 115 420 117 89 421 77 87 422 68 87 423 68 114 424 116 115 425 117 116 426 118 91 427 76 89 428 77 89 429 77 115 430 117 116 431 118 95 432 104 93 433 64 91 434 76 91 435 76 116 436 118 95 437 104 117 438 119 99 439 78 96 440 65 96 441 65 97 442 105 117 443 119 118 444 120 101 445 79 99 446 78 99 447 78 117 448 119 118 449 120 119 450 121 103 451 69 101 452 79 101 453 79 118 454 120 119 455 121 120 456 122 105 457 81 103 458 69 103 459 69 119 460 121 120 461 122 121 462 123 107 463 80 105 464 81 105 465 81 120 466 122 121 467 123 111 468 113 109 469 66 107 470 80 107 471 80 121 472 123 111 473 113 82 474 97 80 475 67 83 476 74 83 477 74 84 478 98 82 479 97 84 480 98 83 481 74 85 482 75 85 483 75 86 484 99 84 485 98 86 486 99 85 487 75 87 488 68 87 489 68 88 490 100 86 491 99 88 492 100 87 493 68 89 494 77 89 495 77 90 496 101 88 497 100 90 498 101 89 499 77 91 500 76 91 501 76 92 502 102 90 503 101 92 504 102 91 505 76 93 506 64 93 507 64 94 508 103 92 509 102 98 510 106 96 511 65 99 512 78 99 513 78 100 514 107 98 515 106 100 516 107 99 517 78 101 518 79 101 519 79 102 520 108 100 521 107 102 522 108 101 523 79 103 524 69 103 525 69 104 526 109 102 527 108 104 528 109 103 529 69 105 530 81 105 531 81 106 532 110 104 533 109 106 534 110 105 535 81 107 536 80 107 537 80 108 538 111 106 539 110 108 540 111 107 541 80 109 542 66 109 543 66 110 544 112 108 545 111 95 546 104 116 547 118 117 548 119 117 549 119 97 550 105 95 551 104 116 552 118 115 553 117 118 554 120 118 555 120 117 556 119 116 557 118 115 558 117 114 559 116 119 560 121 119 561 121 118 562 120 115 563 117 114 564 116 113 565 115 120 566 122 120 567 122 119 568 121 114 569 116 68 570 95 123 571 125 78 572 94 76 573 90 122 574 124 67 575 89 78 576 94 123 577 125 75 578 92 75 579 92 79 580 93 78 581 94 75 582 92 122 583 124 76 584 90 76 585 90 77 586 91 75 587 92 75 588 92 123 589 125 122 590 124 66 591 88 124 592 126 73 593 87 71 594 83 125 595 127 69 596 82 74 597 86 73 598 87 124 599 126 124 600 126 70 601 85 74 602 86 70 603 85 125 604 127 71 605 83 71 606 83 72 607 84 70 608 85 70 609 85 124 610 126 125 611 127 172 612 174 173 613 175 158 614 160 158 615 160 159 616 161 172 617 174 171 618 173 172 619 174 159 620 161 159 621 161 160 622 162 171 623 173 170 624 172 171 625 173 160 626 162 160 627 162 161 628 163 170 629 172 169 630 171 170 631 172 161 632 163 161 633 163 162 634 164 169 635 171 168 636 170 169 637 171 162 638 164 162 639 164 163 640 165 168 641 170 166 642 168 165 643 167 128 644 130 128 645 130 127 646 129 166 647 168 166 648 168 167 649 169 164 650 166 164 651 166 165 652 167 166 653 168 167 654 169 168 655 170 163 656 165 163 657 165 164 658 166 167 659 169 126 660 128 141 661 143 187 662 189 178 663 180 167 664 169 166 665 168 166 666 168 187 667 189 178 668 180 187 669 189 166 670 168 127 671 129 127 672 129 126 673 128 187 674 189 178 675 180 141 676 143 142 677 144 187 678 189 141 679 143 178 680 180 178 681 180 142 682 144 143 683 145 143 684 145 176 685 178 178 686 180 168 687 170 167 688 169 178 689 180 178 690 180 179 691 181 168 692 170 179 693 181 178 694 180 176 695 178 176 696 178 188 697 190 179 698 181 169 699 171 168 700 170 179 701 181 179 702 181 180 703 182 169 704 171 180 705 182 179 706 181 188 707 190 188 708 190 189 709 191 180 710 182 170 711 172 169 712 171 180 713 182 180 714 182 181 715 183 170 716 172 181 717 183 180 718 182 189 719 191 189 720 191 190 721 192 181 722 183 171 723 173 170 724 172 181 725 183 181 726 183 182 727 184 171 728 173 182 729 184 181 730 183 190 731 192 190 732 192 191 733 193 182 734 184 172 735 174 171 736 173 182 737 184 182 738 184 183 739 185 172 740 174 183 741 185 182 742 184 191 743 193 191 744 193 192 745 194 183 746 185 173 747 175 172 748 174 183 749 185 183 750 185 184 751 186 173 752 175 184 753 186 183 754 185 192 755 194 192 756 194 193 757 195 184 758 186 185 759 187 184 760 186 193 761 195 193 762 195 194 763 196 185 764 187 157 765 159 158 766 160 173 767 175 173 768 175 174 769 176 157 770 159 174 771 176 173 772 175 184 773 186 184 774 186 185 775 187 174 776 176 175 777 177 174 778 176 185 779 187 185 780 187 214 781 216 175 782 177 186 783 188 214 784 216 195 785 197 214 786 216 185 787 187 194 788 196 194 789 196 195 790 197 214 791 216 200 792 202 201 793 203 403 794 405 403 795 405 218 796 220 200 797 202 218 798 220 403 799 405 413 800 415 413 801 415 227 802 229 218 803 220 199 804 201 200 805 202 218 806 220 218 807 220 217 808 219 199 809 201 217 810 219 218 811 220 227 812 229 227 813 229 226 814 228 217 815 219 198 816 200 199 817 201 217 818 219 217 819 219 216 820 218 198 821 200 216 822 218 217 823 219 226 824 228 226 825 228 225 826 227 216 827 218 196 828 198 198 829 200 216 830 218 216 831 218 215 832 217 196 833 198 215 834 217 216 835 218 225 836 227 225 837 227 224 838 226 215 839 217 195 840 197 196 841 198 197 842 199 197 843 199 196 844 198 215 845 217 197 846 199 215 847 217 224 848 226 224 849 226 223 850 225 197 851 199 195 852 197 197 853 199 186 854 188 186 855 188 197 856 199 223 857 225 223 858 225 222 859 224 186 860 188 214 861 216 186 862 188 175 863 177 175 864 177 186 865 188 222 866 224 222 867 224 221 868 223 175 869 177 156 870 158 157 871 159 174 872 176 174 873 176 175 874 177 156 875 158 156 876 158 175 877 177 221 878 223 221 879 223 220 880 222 156 881 158 229 882 231 230 883 232 208 884 210 195 885 197 194 886 196 208 887 210 208 888 210 209 889 211 195 890 197 196 891 198 195 892 197 209 893 211 209 894 211 210 895 212 196 896 198 198 897 200 196 898 198 210 899 212 210 900 212 211 901 213 198 902 200 199 903 201 198 904 200 211 905 213 211 906 213 212 907 214 199 908 201 200 909 202 199 910 201 212 911 214 212 912 214 213 913 215 200 914 202 201 915 203 200 916 202 213 917 215 213 918 215 397 919 399 201 920 203 239 921 241 397 922 399 213 923 215 213 924 215 238 925 240 239 926 241 238 927 240 213 928 215 212 929 214 212 930 214 237 931 239 238 932 240 237 933 239 212 934 214 211 935 213 211 936 213 236 937 238 237 938 239 236 939 238 211 940 213 235 941 237 235 942 237 211 943 213 234 944 236 234 945 236 211 946 213 210 947 212 210 948 212 232 949 234 234 950 236 231 951 233 209 952 211 208 953 210 208 954 210 230 955 232 231 956 233 233 957 235 210 958 212 209 959 211 209 960 211 231 961 233 233 962 235 232 963 234 210 964 212 233 965 235 207 966 209 208 967 210 194 968 196 194 969 196 193 970 195 207 971 209 206 972 208 207 973 209 193 974 195 193 975 195 192 976 194 206 977 208 205 978 207 206 979 208 192 980 194 192 981 194 191 982 193 205 983 207 204 984 206 205 985 207 191 986 193 191 987 193 190 988 192 204 989 206 177 990 179 176 991 178 143 992 145 143 993 145 144 994 146 177 995 179 144 996 146 145 997 147 246 998 248 249 999 251 144 1000 146 246 1001 248 248 1002 250 177 1003 179 144 1004 146 144 1005 146 249 1006 251 248 1007 250 247 1008 249 177 1009 179 248 1010 250 202 1011 204 177 1012 179 247 1013 249 247 1014 249 250 1015 252 202 1016 204 188 1017 190 176 1018 178 177 1019 179 177 1020 179 202 1021 204 188 1022 190 202 1023 204 250 1024 252 251 1025 253 189 1026 191 188 1027 190 202 1028 204 202 1029 204 203 1030 205 189 1031 191 203 1032 205 202 1033 204 251 1034 253 251 1035 253 252 1036 254 203 1037 205 203 1038 205 204 1039 206 190 1040 192 190 1041 192 189 1042 191 203 1043 205 243 1044 245 204 1045 206 203 1046 205 203 1047 205 244 1048 246 243 1049 245 244 1050 246 203 1051 205 245 1052 247 245 1053 247 203 1054 205 252 1055 254 241 1056 243 206 1057 208 205 1058 207 205 1059 207 242 1060 244 241 1061 243 242 1062 244 205 1063 207 204 1064 206 204 1065 206 243 1066 245 242 1067 244 228 1068 230 208 1069 210 207 1070 209 207 1071 209 240 1072 242 228 1073 230 229 1074 231 208 1075 210 228 1076 230 240 1077 242 207 1078 209 206 1079 208 206 1080 208 241 1081 243 240 1082 242 146 1083 148 129 1084 131 128 1085 130 128 1086 130 165 1087 167 146 1088 148 147 1089 149 146 1090 148 165 1091 167 165 1092 167 164 1093 166 147 1094 149 148 1095 150 147 1096 149 164 1097 166 164 1098 166 163 1099 165 148 1100 150 149 1101 151 148 1102 150 163 1103 165 163 1104 165 162 1105 164 149 1106 151 150 1107 152 149 1108 151 162 1109 164 162 1110 164 161 1111 163 150 1112 152 151 1113 153 150 1114 152 161 1115 163 161 1116 163 160 1117 162 151 1118 153 152 1119 154 151 1120 153 160 1121 162 160 1122 162 159 1123 161 152 1124 154 153 1125 155 152 1126 154 159 1127 161 159 1128 161 158 1129 160 153 1130 155 154 1131 156 153 1132 155 158 1133 160 158 1134 160 157 1135 159 154 1136 156 253 1137 255 146 1138 148 268 1139 270 267 1140 269 268 1141 270 146 1142 148 146 1143 148 147 1144 149 267 1145 269 266 1146 268 267 1147 269 147 1148 149 147 1149 149 148 1150 150 266 1151 268 265 1152 267 266 1153 268 148 1154 150 148 1155 150 149 1156 151 265 1157 267 264 1158 266 265 1159 267 149 1160 151 149 1161 151 150 1162 152 264 1163 266 155 1164 157 154 1165 156 157 1166 159 157 1167 159 156 1168 158 155 1169 157 260 1170 262 154 1171 156 155 1172 157 153 1173 155 154 1174 156 260 1175 262 260 1176 262 261 1177 263 153 1178 155 152 1179 154 153 1180 155 261 1181 263 261 1182 263 262 1183 264 152 1184 154 151 1185 153 152 1186 154 262 1187 264 262 1188 264 263 1189 265 151 1190 153 263 1191 265 264 1192 266 150 1193 152 150 1194 152 151 1195 153 263 1196 265 258 1197 260 257 1198 259 266 1199 268 266 1200 268 265 1201 267 258 1202 260 259 1203 261 258 1204 260 265 1205 267 265 1206 267 264 1207 266 259 1208 261 270 1209 272 259 1210 261 264 1211 266 264 1212 266 263 1213 265 270 1214 272 271 1215 273 270 1216 272 263 1217 265 263 1218 265 262 1219 264 271 1220 273 272 1221 274 271 1222 273 262 1223 264 262 1224 264 261 1225 263 272 1226 274 261 1227 263 260 1228 262 273 1229 275 273 1230 275 272 1231 274 261 1232 263 278 1233 280 277 1234 279 258 1235 260 258 1236 260 259 1237 261 278 1238 280 279 1239 281 278 1240 280 259 1241 261 259 1242 261 270 1243 272 279 1244 281 280 1245 282 279 1246 281 270 1247 272 270 1248 272 271 1249 273 280 1250 282 281 1251 283 280 1252 282 271 1253 273 271 1254 273 272 1255 274 281 1256 283 281 1257 283 274 1258 276 288 1259 290 219 1260 221 155 1261 157 156 1262 158 156 1263 158 220 1264 222 219 1265 221 281 1266 283 272 1267 274 273 1268 275 273 1269 275 274 1270 276 281 1271 283 274 1272 276 273 1273 275 260 1274 262 260 1275 262 155 1276 157 274 1277 276 274 1278 276 155 1279 157 219 1280 221 219 1281 221 289 1282 291 274 1283 276 290 1284 292 288 1285 290 274 1286 276 274 1287 276 289 1288 291 290 1289 292 296 1290 298 140 1291 142 139 1292 141 139 1293 141 282 1294 284 296 1295 298 295 1296 297 296 1297 298 282 1298 284 282 1299 284 283 1300 285 295 1301 297 294 1302 296 295 1303 297 283 1304 285 283 1305 285 284 1306 286 294 1307 296 285 1308 287 284 1309 286 277 1310 279 277 1311 279 278 1312 280 285 1313 287 293 1314 295 294 1315 296 284 1316 286 284 1317 286 285 1318 287 293 1319 295 286 1320 288 285 1321 287 278 1322 280 278 1323 280 279 1324 281 286 1325 288 292 1326 294 293 1327 295 285 1328 287 285 1329 287 286 1330 288 292 1331 294 287 1332 289 286 1333 288 279 1334 281 279 1335 281 280 1336 282 287 1337 289 291 1338 293 292 1339 294 286 1340 288 286 1341 288 287 1342 289 291 1343 293 280 1344 282 281 1345 283 288 1346 290 288 1347 290 287 1348 289 280 1349 282 287 1350 289 288 1351 290 290 1352 292 290 1353 292 291 1354 293 287 1355 289 256 1356 258 255 1357 257 268 1358 270 268 1359 270 267 1360 269 256 1361 258 275 1362 277 255 1363 257 256 1364 258 267 1365 269 266 1366 268 257 1367 259 257 1368 259 256 1369 258 267 1370 269 256 1371 258 257 1372 259 276 1373 278 276 1374 278 275 1375 277 256 1376 258 283 1377 285 282 1378 284 275 1379 277 275 1380 277 276 1381 278 283 1382 285 257 1383 259 258 1384 260 277 1385 279 277 1386 279 276 1387 278 257 1388 259 276 1389 278 277 1390 279 284 1391 286 284 1392 286 283 1393 285 276 1394 278 253 1395 255 268 1396 270 269 1397 271 269 1398 271 268 1399 270 255 1400 257 255 1401 257 254 1402 256 269 1403 271 304 1404 306 269 1405 271 254 1406 256 254 1407 256 298 1408 300 304 1409 306 297 1410 299 254 1411 256 255 1412 257 255 1413 257 275 1414 277 297 1415 299 305 1416 307 298 1417 300 254 1418 256 254 1419 256 297 1420 299 305 1421 307 308 1422 310 307 1423 309 137 1424 139 137 1425 139 136 1426 138 308 1427 310 309 1428 311 308 1429 310 136 1430 138 136 1431 138 135 1432 137 309 1433 311 299 1434 301 134 1435 136 133 1436 135 133 1437 135 300 1438 302 299 1439 301 309 1440 311 135 1441 137 134 1442 136 134 1443 136 299 1444 301 309 1445 311 301 1446 303 300 1447 302 133 1448 135 133 1449 135 132 1450 134 301 1451 303 302 1452 304 301 1453 303 132 1454 134 132 1455 134 131 1456 133 302 1457 304 130 1458 132 129 1459 131 146 1460 148 146 1461 148 253 1462 255 130 1463 132 303 1464 305 302 1465 304 131 1466 133 131 1467 133 130 1468 132 303 1469 305 130 1470 132 253 1471 255 269 1472 271 130 1473 132 269 1474 271 304 1475 306 304 1476 306 303 1477 305 130 1478 132 138 1479 140 137 1480 139 307 1481 309 307 1482 309 306 1483 308 138 1484 140 275 1485 277 282 1486 284 139 1487 141 139 1488 141 138 1489 140 275 1490 277 297 1491 299 275 1492 277 138 1493 140 306 1494 308 305 1495 307 297 1496 299 297 1497 299 138 1498 140 306 1499 308 356 1500 358 343 1501 345 342 1502 344 342 1503 344 357 1504 359 356 1505 358 355 1506 357 344 1507 346 343 1508 345 343 1509 345 356 1510 358 355 1511 357 354 1512 356 345 1513 347 344 1514 346 344 1515 346 355 1516 357 354 1517 356 353 1518 355 346 1519 348 345 1520 347 345 1521 347 354 1522 356 353 1523 355 352 1524 354 347 1525 349 346 1526 348 346 1527 348 353 1528 355 352 1529 354 350 1530 352 311 1531 313 312 1532 314 312 1533 314 349 1534 351 350 1535 352 350 1536 352 349 1537 351 348 1538 350 348 1539 350 351 1540 353 350 1541 352 351 1542 353 348 1543 350 347 1544 349 347 1545 349 352 1546 354 351 1547 353 310 1548 312 371 1549 373 325 1550 327 362 1551 364 371 1552 373 350 1553 352 350 1554 352 351 1555 353 362 1556 364 371 1557 373 310 1558 312 311 1559 313 311 1560 313 350 1561 352 371 1562 373 362 1563 364 326 1564 328 325 1565 327 371 1566 373 362 1567 364 325 1568 327 362 1569 364 360 1570 362 327 1571 329 327 1572 329 326 1573 328 362 1574 364 352 1575 354 363 1576 365 362 1577 364 362 1578 364 351 1579 353 352 1580 354 363 1581 365 372 1582 374 360 1583 362 360 1584 362 362 1585 364 363 1586 365 353 1587 355 364 1588 366 363 1589 365 363 1590 365 352 1591 354 353 1592 355 364 1593 366 373 1594 375 372 1595 374 372 1596 374 363 1597 365 364 1598 366 354 1599 356 365 1600 367 364 1601 366 364 1602 366 353 1603 355 354 1604 356 365 1605 367 374 1606 376 373 1607 375 373 1608 375 364 1609 366 365 1610 367 355 1611 357 366 1612 368 365 1613 367 365 1614 367 354 1615 356 355 1616 357 366 1617 368 375 1618 377 374 1619 376 374 1620 376 365 1621 367 366 1622 368 356 1623 358 367 1624 369 366 1625 368 366 1626 368 355 1627 357 356 1628 358 367 1629 369 376 1630 378 375 1631 377 375 1632 377 366 1633 368 367 1634 369 357 1635 359 368 1636 370 367 1637 369 367 1638 369 356 1639 358 357 1640 359 368 1641 370 377 1642 379 376 1643 378 376 1644 378 367 1645 369 368 1646 370 369 1647 371 378 1648 380 377 1649 379 377 1650 379 368 1651 370 369 1652 371 341 1653 343 358 1654 360 357 1655 359 357 1656 359 342 1657 344 341 1658 343 358 1659 360 369 1660 371 368 1661 370 368 1662 370 357 1663 359 358 1664 360 359 1665 361 398 1666 400 369 1667 371 369 1668 371 358 1669 360 359 1670 361 370 1671 372 379 1672 381 398 1673 400 398 1674 400 379 1675 381 378 1676 380 378 1677 380 369 1678 371 398 1679 400 384 1680 386 402 1681 404 403 1682 405 403 1683 405 201 1684 203 384 1685 386 402 1686 404 412 1687 414 413 1688 415 413 1689 415 403 1690 405 402 1691 404 383 1692 385 401 1693 403 402 1694 404 402 1695 404 384 1696 386 383 1697 385 401 1698 403 411 1699 413 412 1700 414 412 1701 414 402 1702 404 401 1703 403 382 1704 384 400 1705 402 401 1706 403 401 1707 403 383 1708 385 382 1709 384 400 1710 402 410 1711 412 411 1712 413 411 1713 413 401 1714 403 400 1715 402 380 1716 382 399 1717 401 400 1718 402 400 1719 402 382 1720 384 380 1721 382 399 1722 401 409 1723 411 410 1724 412 410 1725 412 400 1726 402 399 1727 401 379 1728 381 381 1729 383 380 1730 382 381 1731 383 399 1732 401 380 1733 382 381 1734 383 408 1735 410 409 1736 411 409 1737 411 399 1738 401 381 1739 383 379 1740 381 370 1741 372 381 1742 383 370 1743 372 407 1744 409 408 1745 410 408 1746 410 381 1747 383 370 1748 372 398 1749 400 359 1750 361 370 1751 372 359 1752 361 406 1753 408 407 1754 409 407 1755 409 370 1756 372 359 1757 361 340 1758 342 359 1759 361 358 1760 360 358 1761 360 341 1762 343 340 1763 342 340 1764 342 405 1765 407 406 1766 408 406 1767 408 359 1768 361 340 1769 342 415 1770 417 391 1771 393 416 1772 418 379 1773 381 392 1774 394 391 1775 393 391 1776 393 378 1777 380 379 1778 381 380 1779 382 393 1780 395 392 1781 394 392 1782 394 379 1783 381 380 1784 382 382 1785 384 394 1786 396 393 1787 395 393 1788 395 380 1789 382 382 1790 384 383 1791 385 395 1792 397 394 1793 396 394 1794 396 382 1795 384 383 1796 385 384 1797 386 396 1798 398 395 1799 397 395 1800 397 383 1801 385 384 1802 386 201 1803 203 397 1804 399 396 1805 398 396 1806 398 384 1807 386 201 1808 203 239 1809 241 424 1810 426 396 1811 398 396 1812 398 397 1813 399 239 1814 241 424 1815 426 423 1816 425 395 1817 397 395 1818 397 396 1819 398 424 1820 426 423 1821 425 422 1822 424 394 1823 396 394 1824 396 395 1825 397 423 1826 425 422 1827 424 421 1828 423 394 1829 396 421 1830 423 420 1831 422 394 1832 396 420 1833 422 418 1834 420 393 1835 395 393 1836 395 394 1837 396 420 1838 422 417 1839 419 416 1840 418 391 1841 393 391 1842 393 392 1843 394 417 1844 419 419 1845 421 417 1846 419 392 1847 394 392 1848 394 393 1849 395 419 1850 421 418 1851 420 419 1852 421 393 1853 395 390 1854 392 377 1855 379 378 1856 380 378 1857 380 391 1858 393 390 1859 392 389 1860 391 376 1861 378 377 1862 379 377 1863 379 390 1864 392 389 1865 391 388 1866 390 375 1867 377 376 1868 378 376 1869 378 389 1870 391 388 1871 390 387 1872 389 374 1873 376 375 1874 377 375 1875 377 388 1876 390 387 1877 389 361 1878 363 328 1879 330 327 1880 329 327 1881 329 360 1882 362 361 1883 363 328 1884 330 431 1885 433 329 1886 331 434 1887 436 431 1888 433 328 1889 330 433 1890 435 434 1891 436 328 1892 330 328 1893 330 361 1894 363 433 1895 435 432 1896 434 433 1897 435 361 1898 363 385 1899 387 435 1900 437 432 1901 434 432 1902 434 361 1903 363 385 1904 387 372 1905 374 385 1906 387 361 1907 363 361 1908 363 360 1909 362 372 1910 374 385 1911 387 436 1912 438 435 1913 437 373 1914 375 386 1915 388 385 1916 387 385 1917 387 372 1918 374 373 1919 375 386 1920 388 437 1921 439 436 1922 438 436 1923 438 385 1924 387 386 1925 388 386 1926 388 373 1927 375 374 1928 376 374 1929 376 387 1930 389 386 1931 388 428 1932 430 429 1933 431 386 1934 388 386 1935 388 387 1936 389 428 1937 430 429 1938 431 430 1939 432 386 1940 388 430 1941 432 437 1942 439 386 1943 388 426 1944 428 427 1945 429 388 1946 390 388 1947 390 389 1948 391 426 1949 428 427 1950 429 428 1951 430 387 1952 389 387 1953 389 388 1954 390 427 1955 429 414 1956 416 425 1957 427 390 1958 392 390 1959 392 391 1960 393 414 1961 416 415 1962 417 414 1963 416 391 1964 393 425 1965 427 426 1966 428 389 1967 391 389 1968 391 390 1969 392 425 1970 427 337 1971 339 342 1972 344 343 1973 345 343 1974 345 336 1975 338 337 1976 339 338 1977 340 341 1978 343 342 1979 344 342 1980 344 337 1981 339 338 1982 340 339 1983 341 340 1984 342 341 1985 343 341 1986 343 338 1987 340 339 1988 341 441 1989 443 339 1990 341 338 1991 340 337 1992 339 442 1993 444 441 1994 443 441 1995 443 338 1996 340 337 1997 339 442 1998 444 447 1999 449 448 2000 450 448 2001 450 441 2002 443 442 2003 444 452 2004 454 459 2005 461 449 2006 451 404 2007 406 405 2008 407 340 2009 342 340 2010 342 339 2011 341 404 2012 406 452 2013 454 449 2014 451 448 2015 450 448 2016 450 447 2017 449 452 2018 454 449 2019 451 339 2020 341 441 2021 443 441 2022 443 448 2023 450 449 2024 451 449 2025 451 460 2026 462 404 2027 406 404 2028 406 339 2029 341 449 2030 451 461 2031 463 460 2032 462 449 2033 451 449 2034 451 459 2035 461 461 2036 463 475 2037 477 469 2038 471 439 2039 441 439 2040 441 445 2041 447 475 2042 477 476 2043 478 468 2044 470 439 2045 441 439 2046 441 469 2047 471 476 2048 478 479 2049 481 320 2050 322 321 2051 323 321 2052 323 478 2053 480 479 2054 481 480 2055 482 319 2056 321 320 2057 322 320 2058 322 479 2059 481 480 2060 482 470 2061 472 471 2062 473 317 2063 319 317 2064 319 318 2065 320 470 2066 472 480 2067 482 470 2068 472 318 2069 320 318 2070 320 319 2071 321 480 2072 482 472 2073 474 316 2074 318 317 2075 319 317 2076 319 471 2077 473 472 2078 474 473 2079 475 315 2080 317 316 2081 318 316 2082 318 472 2083 474 473 2084 475 474 2085 476 314 2086 316 315 2087 317 315 2088 317 473 2089 475 474 2090 476 314 2091 316 445 2092 447 438 2093 440 314 2094 316 474 2095 476 475 2096 477 475 2097 477 445 2098 447 314 2099 316 322 2100 324 477 2101 479 478 2102 480 478 2103 480 321 2104 323 322 2105 324 477 2106 479 322 2107 324 468 2108 470 468 2109 470 476 2110 478 477 2111 479 530 2112 532 529 2113 531 495 2114 497 495 2115 497 496 2116 498 530 2117 532 554 2118 556 553 2119 555 529 2120 531 529 2121 531 530 2122 532 554 2123 556 530 2124 532 496 2125 498 497 2126 499 497 2127 499 531 2128 533 530 2129 532 554 2130 556 530 2131 532 531 2132 533 531 2133 533 555 2134 557 554 2135 556 532 2136 534 531 2137 533 497 2138 499 497 2139 499 498 2140 500 532 2141 534 556 2142 558 555 2143 557 531 2144 533 531 2145 533 532 2146 534 556 2147 558 532 2148 534 498 2149 500 499 2150 501 499 2151 501 533 2152 535 532 2153 534 556 2154 558 532 2155 534 533 2156 535 533 2157 535 557 2158 559 556 2159 558 534 2160 536 533 2161 535 499 2162 501 499 2163 501 500 2164 502 534 2165 536 558 2166 560 557 2167 559 533 2168 535 533 2169 535 534 2170 536 558 2171 560 534 2172 536 500 2173 502 501 2174 503 501 2175 503 535 2176 537 534 2177 536 558 2178 560 534 2179 536 535 2180 537 535 2181 537 559 2182 561 558 2183 560 536 2184 538 535 2185 537 501 2186 503 501 2187 503 502 2188 504 536 2189 538 560 2190 562 559 2191 561 535 2192 537 535 2193 537 536 2194 538 560 2195 562 536 2196 538 502 2197 504 503 2198 505 503 2199 505 537 2200 539 536 2201 538 560 2202 562 536 2203 538 537 2204 539 537 2205 539 561 2206 563 560 2207 562 538 2208 540 537 2209 539 503 2210 505 503 2211 505 504 2212 506 538 2213 540 562 2214 564 561 2215 563 537 2216 539 537 2217 539 538 2218 540 562 2219 564 538 2220 540 504 2221 506 481 2222 483 481 2223 483 539 2224 541 538 2225 540 562 2226 564 538 2227 540 539 2228 541 539 2229 541 563 2230 565 562 2231 564 539 2232 541 481 2233 483 482 2234 484 482 2235 484 540 2236 542 539 2237 541 563 2238 565 539 2239 541 540 2240 542 540 2241 542 564 2242 566 563 2243 565 540 2244 542 482 2245 484 483 2246 485 483 2247 485 541 2248 543 540 2249 542 564 2250 566 540 2251 542 541 2252 543 541 2253 543 565 2254 567 564 2255 566 541 2256 543 483 2257 485 484 2258 486 484 2259 486 542 2260 544 541 2261 543 565 2262 567 541 2263 543 542 2264 544 542 2265 544 566 2266 568 565 2267 567 543 2268 545 542 2269 544 484 2270 486 484 2271 486 485 2272 487 543 2273 545 567 2274 569 566 2275 568 542 2276 544 542 2277 544 543 2278 545 567 2279 569 543 2280 545 485 2281 487 486 2282 488 486 2283 488 544 2284 546 543 2285 545 567 2286 569 543 2287 545 544 2288 546 544 2289 546 568 2290 570 567 2291 569 545 2292 547 544 2293 546 486 2294 488 486 2295 488 487 2296 489 545 2297 547 569 2298 571 568 2299 570 544 2300 546 544 2301 546 545 2302 547 569 2303 571 545 2304 547 487 2305 489 488 2306 490 488 2307 490 546 2308 548 545 2309 547 569 2310 571 545 2311 547 546 2312 548 546 2313 548 570 2314 572 569 2315 571 547 2316 549 546 2317 548 488 2318 490 488 2319 490 489 2320 491 547 2321 549 571 2322 573 570 2323 572 546 2324 548 546 2325 548 547 2326 549 571 2327 573 548 2328 550 547 2329 549 489 2330 491 489 2331 491 490 2332 492 548 2333 550 572 2334 574 571 2335 573 547 2336 549 547 2337 549 548 2338 550 572 2339 574 548 2340 550 490 2341 492 491 2342 493 491 2343 493 549 2344 551 548 2345 550 572 2346 574 548 2347 550 549 2348 551 549 2349 551 573 2350 575 572 2351 574 550 2352 552 549 2353 551 491 2354 493 491 2355 493 492 2356 494 550 2357 552 574 2358 576 573 2359 575 549 2360 551 549 2361 551 550 2362 552 574 2363 576 550 2364 552 492 2365 494 493 2366 495 493 2367 495 551 2368 553 550 2369 552 574 2370 576 550 2371 552 551 2372 553 551 2373 553 575 2374 577 574 2375 576 552 2376 554 551 2377 553 493 2378 495 493 2379 495 494 2380 496 552 2381 554 552 2382 554 494 2383 496 495 2384 497 495 2385 497 529 2386 531 552 2387 554 576 2388 578 552 2389 554 529 2390 531 529 2391 531 553 2392 555 576 2393 578 576 2394 578 575 2395 577 551 2396 553 551 2397 553 552 2398 554 576 2399 578 450 2400 452 322 2401 324 323 2402 325 323 2403 325 453 2404 455 450 2405 452 573 2406 575 574 2407 576 520 2408 522 520 2409 522 521 2410 523 573 2411 575 572 2412 574 573 2413 575 521 2414 523 521 2415 523 522 2416 524 572 2417 574 523 2418 525 571 2419 573 572 2420 574 572 2421 574 522 2422 524 523 2423 525 570 2424 572 571 2425 573 523 2426 525 523 2427 525 524 2428 526 570 2429 572 569 2430 571 570 2431 572 524 2432 526 524 2433 526 525 2434 527 569 2435 571 526 2436 528 568 2437 570 569 2438 571 569 2439 571 525 2440 527 526 2441 528 567 2442 569 568 2443 570 526 2444 528 526 2445 528 527 2446 529 567 2447 569 564 2448 566 565 2449 567 505 2450 507 505 2451 507 506 2452 508 564 2453 566 507 2454 509 508 2455 510 562 2456 564 562 2457 564 563 2458 565 507 2459 509 563 2460 565 564 2461 566 506 2462 508 506 2463 508 507 2464 509 563 2465 565 561 2466 563 562 2467 564 508 2468 510 508 2469 510 509 2470 511 561 2471 563 560 2472 562 561 2473 563 509 2474 511 509 2475 511 510 2476 512 560 2477 562 511 2478 513 559 2479 561 560 2480 562 560 2481 562 510 2482 512 511 2483 513 558 2484 560 559 2485 561 511 2486 513 511 2487 513 512 2488 514 558 2489 560 513 2490 515 514 2491 516 556 2492 558 556 2493 558 557 2494 559 513 2495 515 557 2496 559 558 2497 560 512 2498 514 512 2499 514 513 2500 515 557 2501 559 517 2502 519 553 2503 555 554 2504 556 554 2505 556 516 2506 518 517 2507 519 576 2508 578 553 2509 555 517 2510 519 517 2511 519 518 2512 520 576 2513 578 519 2514 521 520 2515 522 574 2516 576 574 2517 576 575 2518 577 519 2519 521 575 2520 577 576 2521 578 518 2522 520 518 2523 520 519 2524 521 575 2525 577 453 2526 455 323 2527 325 324 2528 326 324 2529 326 467 2530 469 453 2531 455 519 2532 521 518 2533 520 590 2534 592 335 2535 337 336 2536 338 343 2537 345 343 2538 345 344 2539 346 335 2540 337 507 2541 509 506 2542 508 586 2543 588 462 2544 464 461 2545 463 459 2546 461 459 2547 461 458 2548 460 462 2549 464 528 2550 530 505 2551 507 565 2552 567 565 2553 567 566 2554 568 528 2555 530 566 2556 568 567 2557 569 527 2558 529 527 2559 529 528 2560 530 566 2561 568 586 2562 588 506 2563 508 505 2564 507 505 2565 507 577 2566 579 586 2567 588 446 2568 448 443 2569 445 577 2570 579 577 2571 579 593 2572 595 446 2573 448 577 2574 579 505 2575 507 528 2576 530 528 2577 530 593 2578 595 577 2579 579 452 2580 454 447 2581 449 446 2582 448 446 2583 448 451 2584 453 452 2585 454 451 2586 453 446 2587 448 593 2588 595 593 2589 595 585 2590 587 451 2591 453 458 2592 460 459 2593 461 452 2594 454 452 2595 454 451 2596 453 458 2597 460 585 2598 587 584 2599 586 458 2600 460 458 2601 460 451 2602 453 585 2603 587 527 2604 529 526 2605 528 584 2606 586 584 2607 586 585 2608 587 527 2609 529 585 2610 587 593 2611 595 528 2612 530 528 2613 530 527 2614 529 585 2615 587 443 2616 445 336 2617 338 335 2618 337 335 2619 337 586 2620 588 577 2621 579 577 2622 579 443 2623 445 335 2624 337 442 2625 444 337 2626 339 336 2627 338 336 2628 338 443 2629 445 442 2630 444 446 2631 448 447 2632 449 442 2633 444 442 2634 444 443 2635 445 446 2636 448 334 2637 336 335 2638 337 344 2639 346 344 2640 346 345 2641 347 334 2642 336 578 2643 580 586 2644 588 335 2645 337 335 2646 337 334 2647 336 578 2648 580 578 2649 580 508 2650 510 507 2651 509 507 2652 509 586 2653 588 578 2654 580 333 2655 335 334 2656 336 345 2657 347 345 2658 347 346 2659 348 333 2660 335 587 2661 589 578 2662 580 334 2663 336 334 2664 336 333 2665 335 587 2666 589 509 2667 511 508 2668 510 578 2669 580 578 2670 580 587 2671 589 509 2672 511 510 2673 512 509 2674 511 587 2675 589 332 2676 334 333 2677 335 346 2678 348 346 2679 348 347 2680 349 332 2681 334 579 2682 581 587 2683 589 333 2684 335 333 2685 335 332 2686 334 579 2687 581 579 2688 581 511 2689 513 510 2690 512 510 2691 512 587 2692 589 579 2693 581 349 2694 351 312 2695 314 313 2696 315 313 2697 315 330 2698 332 349 2699 351 330 2700 332 313 2701 315 314 2702 316 314 2703 316 438 2704 440 330 2705 332 348 2706 350 349 2707 351 330 2708 332 330 2709 332 331 2710 333 348 2711 350 331 2712 333 332 2713 334 347 2714 349 347 2715 349 348 2716 350 331 2717 333 588 2718 590 579 2719 581 332 2720 334 332 2721 334 331 2722 333 588 2723 590 512 2724 514 511 2725 513 579 2726 581 579 2727 581 588 2728 590 512 2729 514 513 2730 515 512 2731 514 588 2732 590 522 2733 524 521 2734 523 591 2735 593 456 2736 458 455 2737 457 465 2738 467 465 2739 467 464 2740 466 456 2741 458 583 2742 585 591 2743 593 455 2744 457 455 2745 457 456 2746 458 583 2747 585 583 2748 585 523 2749 525 522 2750 524 522 2751 524 591 2752 593 583 2753 585 454 2754 456 453 2755 455 467 2756 469 467 2757 469 466 2758 468 454 2759 456 582 2760 584 590 2761 592 453 2762 455 453 2763 455 454 2764 456 582 2765 584 466 2766 468 465 2767 467 455 2768 457 455 2769 457 454 2770 456 466 2771 468 454 2772 456 455 2773 457 591 2774 593 591 2775 593 582 2776 584 454 2777 456 582 2778 584 520 2779 522 519 2780 521 519 2781 521 590 2782 592 582 2783 584 591 2784 593 521 2785 523 520 2786 522 520 2787 522 582 2788 584 591 2789 593 468 2790 470 322 2791 324 450 2792 452 450 2793 452 440 2794 442 439 2795 441 439 2796 441 468 2797 470 450 2798 452 450 2799 452 453 2800 455 590 2801 592 590 2802 592 581 2803 583 450 2804 452 590 2805 592 518 2806 520 517 2807 519 517 2808 519 581 2809 583 590 2810 592 457 2811 459 456 2812 458 464 2813 466 464 2814 466 463 2815 465 457 2816 459 592 2817 594 583 2818 585 456 2819 458 456 2820 458 457 2821 459 592 2822 594 463 2823 465 462 2824 464 458 2825 460 458 2826 460 457 2827 459 463 2828 465 457 2829 459 458 2830 460 584 2831 586 584 2832 586 592 2833 594 457 2834 459 524 2835 526 523 2836 525 583 2837 585 583 2838 585 592 2839 594 524 2840 526 592 2841 594 584 2842 586 526 2843 528 526 2844 528 525 2845 527 592 2846 594 525 2847 527 524 2848 526 592 2849 594 444 2850 446 330 2851 332 438 2852 440 515 2853 517 516 2854 518 554 2855 556 554 2856 556 555 2857 557 515 2858 517 555 2859 557 556 2860 558 514 2861 516 514 2862 516 515 2863 517 555 2864 557 580 2865 582 514 2866 516 513 2867 515 513 2868 515 588 2869 590 580 2870 582 580 2871 582 588 2872 590 331 2873 333 331 2874 333 330 2875 332 580 2876 582 589 2877 591 581 2878 583 517 2879 519 517 2880 519 516 2881 518 589 2882 591 440 2883 442 450 2884 452 581 2885 583 581 2886 583 589 2887 591 440 2888 442 594 2889 596 580 2890 582 330 2891 332 330 2892 332 444 2893 446 594 2894 596 444 2895 446 438 2896 440 445 2897 447 445 2898 447 439 2899 441 440 2900 442 440 2901 442 444 2902 446 445 2903 447 444 2904 446 440 2905 442 589 2906 591 589 2907 591 594 2908 596 444 2909 446 515 2910 517 514 2911 516 580 2912 582 580 2913 582 594 2914 596 515 2915 517 589 2916 591 516 2917 518 515 2918 517 515 2919 517 594 2920 596 589 2921 591 595 2922 597 596 2923 598 608 2924 610 608 2925 610 607 2926 609 595 2927 597 596 2928 598 597 2929 599 609 2930 611 609 2931 611 608 2932 610 596 2933 598 597 2934 621 598 2935 600 610 2936 612 610 2937 612 609 2938 622 597 2939 621 598 2940 600 599 2941 601 611 2942 613 611 2943 613 610 2944 612 598 2945 600 599 2946 601 600 2947 602 612 2948 614 612 2949 614 611 2950 613 599 2951 601 600 2952 602 601 2953 603 613 2954 615 613 2955 615 612 2956 614 600 2957 602 601 2958 603 602 2959 604 614 2960 616 614 2961 616 613 2962 615 601 2963 603 602 2964 604 603 2965 605 615 2966 617 615 2967 617 614 2968 616 602 2969 604 603 2970 605 604 2971 606 616 2972 618 616 2973 618 615 2974 617 603 2975 605 604 2976 606 605 2977 607 617 2978 619 617 2979 619 616 2980 618 604 2981 606 605 2982 607 606 2983 608 618 2984 620 618 2985 620 617 2986 619 605 2987 607 606 2988 608 595 2989 597 607 2990 609 607 2991 609 618 2992 620 606 2993 608 612 2994 614 613 2995 615 607 2996 609 607 2997 609 608 2998 610 612 2999 614 614 3000 616 618 3001 620 607 3002 609 607 3003 609 613 3004 615 614 3005 616 609 3006 611 611 3007 613 612 3008 614 612 3009 614 608 3010 610 609 3011 611 609 3012 611 610 3013 612 611 3014 613 615 3015 617 617 3016 619 618 3017 620 618 3018 620 614 3019 616 615 3020 617 615 3021 617 616 3022 618 617 3023 619 671 3024 675 670 3025 674 708 3026 712 708 3027 712 709 3028 713 671 3029 675 672 3030 676 671 3031 675 709 3032 713 709 3033 713 710 3034 714 672 3035 676 711 3036 715 621 3037 625 622 3038 626 622 3039 626 710 3040 714 711 3041 715 710 3042 714 622 3043 626 623 3044 627 623 3045 627 672 3046 676 710 3047 714 712 3048 716 711 3049 715 710 3050 714 710 3051 714 709 3052 713 712 3053 716 709 3054 713 708 3055 712 713 3056 717 713 3057 717 712 3058 716 709 3059 713 711 3060 715 712 3061 716 715 3062 719 715 3063 719 716 3064 720 711 3065 715 716 3066 720 620 3067 624 621 3068 625 621 3069 625 711 3070 715 716 3071 720 707 3072 711 708 3073 712 670 3074 674 670 3075 674 669 3076 673 707 3077 711 665 3078 669 664 3079 668 702 3080 706 702 3081 706 703 3082 707 665 3083 669 701 3084 705 702 3085 706 664 3086 668 664 3087 668 663 3088 667 701 3089 705 662 3090 666 661 3091 665 699 3092 703 699 3093 703 700 3094 704 662 3095 666 700 3096 704 701 3097 705 663 3098 667 663 3099 667 662 3100 666 700 3101 704 668 3102 672 667 3103 671 705 3104 709 705 3105 709 706 3106 710 668 3107 672 706 3108 710 707 3109 711 669 3110 673 669 3111 673 668 3112 672 706 3113 710 666 3114 670 665 3115 669 703 3116 707 703 3117 707 704 3118 708 666 3119 670 704 3120 708 705 3121 709 667 3122 671 667 3123 671 666 3124 670 704 3125 708 654 3126 658 653 3127 657 691 3128 695 691 3129 695 692 3130 696 654 3131 658 655 3132 659 654 3133 658 692 3134 696 692 3135 696 693 3136 697 655 3137 659 656 3138 660 655 3139 659 693 3140 697 693 3141 697 694 3142 698 656 3143 660 657 3144 661 656 3145 660 694 3146 698 694 3147 698 695 3148 699 657 3149 661 658 3150 662 657 3151 661 695 3152 699 695 3153 699 696 3154 700 658 3155 662 659 3156 663 658 3157 662 696 3158 700 696 3159 700 697 3160 701 659 3161 663 660 3162 664 659 3163 663 697 3164 701 697 3165 701 698 3166 702 660 3167 664 698 3168 702 699 3169 703 661 3170 665 661 3171 665 660 3172 664 698 3173 702 696 3174 700 695 3175 699 725 3176 729 690 3177 694 691 3178 695 653 3179 657 653 3180 657 652 3181 656 690 3182 694 689 3183 693 690 3184 694 652 3185 656 652 3186 656 651 3187 655 689 3188 693 689 3189 693 651 3190 655 650 3191 654 650 3192 654 688 3193 692 689 3194 693 688 3195 692 650 3196 654 649 3197 653 649 3198 653 687 3199 691 688 3200 692 687 3201 691 649 3202 653 648 3203 652 648 3204 652 686 3205 690 687 3206 691 686 3207 690 648 3208 652 647 3209 651 647 3210 651 685 3211 689 686 3212 690 685 3213 689 647 3214 651 646 3215 650 646 3216 650 684 3217 688 685 3218 689 684 3219 688 646 3220 650 645 3221 649 645 3222 649 683 3223 687 684 3224 688 683 3225 687 645 3226 649 644 3227 648 644 3228 648 682 3229 686 683 3230 687 682 3231 686 644 3232 648 643 3233 647 643 3234 647 681 3235 685 682 3236 686 681 3237 685 643 3238 647 642 3239 646 642 3240 646 680 3241 684 681 3242 685 680 3243 684 642 3244 646 641 3245 645 641 3246 645 679 3247 683 680 3248 684 635 3249 639 634 3250 638 633 3251 637 633 3252 637 673 3253 677 635 3254 639 636 3255 640 635 3256 639 673 3257 677 673 3258 677 674 3259 678 636 3260 640 637 3261 641 636 3262 640 674 3263 678 674 3264 678 675 3265 679 637 3266 641 638 3267 642 637 3268 641 675 3269 679 675 3270 679 676 3271 680 638 3272 642 639 3273 643 638 3274 642 676 3275 680 676 3276 680 677 3277 681 639 3278 643 640 3279 644 639 3280 643 677 3281 681 677 3282 681 678 3283 682 640 3284 644 679 3285 683 641 3286 645 640 3287 644 640 3288 644 678 3289 682 679 3290 683 698 3291 702 697 3292 701 724 3293 728 723 3294 727 699 3295 703 698 3296 702 698 3297 702 724 3298 728 723 3299 727 706 3300 710 705 3301 709 721 3302 725 721 3303 725 705 3304 709 704 3305 708 704 3306 708 703 3307 707 722 3308 726 722 3309 726 721 3310 725 704 3311 708 722 3312 726 703 3313 707 702 3314 706 702 3315 706 701 3316 705 722 3317 726 722 3318 726 701 3319 705 700 3320 704 722 3321 726 700 3322 704 699 3323 703 699 3324 703 723 3325 727 722 3326 726 715 3327 719 712 3328 716 713 3329 717 713 3330 717 714 3331 718 715 3332 719 720 3333 724 707 3334 711 706 3335 710 714 3336 718 713 3337 717 720 3338 724 720 3339 724 713 3340 717 708 3341 712 708 3342 712 707 3343 711 720 3344 724 706 3345 710 721 3346 725 720 3347 724 739 3348 743 714 3349 718 720 3350 724 758 3351 762 757 3352 761 628 3353 632 628 3354 632 627 3355 631 758 3356 762 755 3357 759 754 3358 758 766 3359 770 766 3360 770 765 3361 769 755 3362 759 756 3363 760 755 3364 759 765 3365 769 765 3366 769 629 3367 633 756 3368 760 629 3369 633 628 3370 632 757 3371 761 757 3372 761 756 3373 760 629 3374 633 762 3375 766 756 3376 760 757 3377 761 757 3378 761 764 3379 768 762 3380 766 767 3381 771 750 3382 754 753 3383 757 753 3384 757 754 3385 758 767 3386 771 768 3387 772 767 3388 771 754 3389 758 754 3390 758 755 3391 759 768 3392 772 768 3393 772 755 3394 759 756 3395 760 768 3396 772 756 3397 760 762 3398 766 751 3399 755 630 3400 634 766 3401 770 752 3402 756 751 3403 755 766 3404 770 766 3405 770 754 3406 758 753 3407 757 753 3408 757 752 3409 756 766 3410 770 738 3411 742 737 3412 741 674 3413 678 674 3414 678 673 3415 677 738 3416 742 748 3417 752 749 3418 753 737 3419 741 737 3420 741 738 3421 742 748 3422 752 738 3423 742 631 3424 635 632 3425 636 632 3426 636 748 3427 752 738 3428 742 673 3429 677 633 3430 637 631 3431 635 631 3432 635 738 3433 742 673 3434 677 748 3435 752 632 3436 636 630 3437 634 630 3438 634 751 3439 755 748 3440 752 751 3441 755 752 3442 756 749 3443 753 749 3444 753 748 3445 752 751 3446 755 675 3447 679 674 3448 678 737 3449 741 737 3450 741 736 3451 740 675 3452 679 736 3453 740 737 3454 741 749 3455 753 749 3456 753 750 3457 754 736 3458 740 676 3459 680 675 3460 679 736 3461 740 750 3462 754 749 3463 753 752 3464 756 752 3465 756 753 3466 757 750 3467 754 677 3468 681 676 3469 680 736 3470 740 736 3471 740 735 3472 739 677 3473 681 678 3474 682 677 3475 681 735 3476 739 747 3477 751 750 3478 754 767 3479 771 734 3480 738 680 3481 684 679 3482 683 734 3483 738 679 3484 683 678 3485 682 678 3486 682 735 3487 739 734 3488 738 734 3489 738 735 3490 739 747 3491 751 735 3492 739 736 3493 740 750 3494 754 750 3495 754 747 3496 751 735 3497 739 681 3498 685 680 3499 684 734 3500 738 734 3501 738 733 3502 737 681 3503 685 733 3504 737 682 3505 686 681 3506 685 746 3507 750 747 3508 751 767 3509 771 767 3510 771 768 3511 772 746 3512 750 683 3513 687 682 3514 686 733 3515 737 733 3516 737 732 3517 736 683 3518 687 732 3519 736 733 3520 737 746 3521 750 732 3522 736 684 3523 688 683 3524 687 733 3525 737 734 3526 738 747 3527 751 747 3528 751 746 3529 750 733 3530 737 731 3531 735 686 3532 690 685 3533 689 731 3534 735 685 3535 689 684 3536 688 684 3537 688 732 3538 736 731 3539 735 731 3540 735 732 3541 736 746 3542 750 746 3543 750 745 3544 749 731 3545 735 745 3546 749 746 3547 750 768 3548 772 687 3549 691 686 3550 690 731 3551 735 731 3552 735 730 3553 734 687 3554 691 730 3555 734 731 3556 735 745 3557 749 745 3558 749 744 3559 748 730 3560 734 730 3561 734 688 3562 692 687 3563 691 729 3564 733 728 3565 732 691 3566 695 691 3567 695 690 3568 694 729 3569 733 689 3570 693 688 3571 692 730 3572 734 730 3573 734 729 3574 733 689 3575 693 729 3576 733 690 3577 694 689 3578 693 692 3579 696 691 3580 695 728 3581 732 728 3582 732 727 3583 731 692 3584 696 693 3585 697 692 3586 696 727 3587 731 727 3588 731 726 3589 730 693 3590 697 694 3591 698 693 3592 697 726 3593 730 695 3594 699 694 3595 698 726 3596 730 726 3597 730 725 3598 729 695 3599 699 724 3600 728 697 3601 701 696 3602 700 696 3603 700 725 3604 729 724 3605 728 725 3606 729 726 3607 730 781 3608 785 720 3609 724 721 3610 725 739 3611 743 739 3612 743 721 3613 725 722 3614 726 740 3615 744 739 3616 743 722 3617 726 722 3618 726 723 3619 727 740 3620 744 723 3621 727 724 3622 728 740 3623 744 740 3624 744 724 3625 728 725 3626 729 725 3627 729 781 3628 785 740 3629 744 624 3630 628 919 3631 923 773 3632 777 745 3633 749 768 3634 772 761 3635 765 759 3636 763 758 3637 762 627 3638 631 627 3639 631 626 3640 630 759 3641 763 764 3642 768 757 3643 761 758 3644 762 758 3645 762 763 3646 767 764 3647 768 625 3648 629 624 3649 628 773 3650 777 773 3651 777 774 3652 778 625 3653 629 782 3654 786 625 3655 629 774 3656 778 774 3657 778 760 3658 764 782 3659 786 760 3660 764 759 3661 763 626 3662 630 626 3663 630 782 3664 786 760 3665 764 776 3666 780 759 3667 763 760 3668 764 760 3669 764 774 3670 778 777 3671 781 777 3672 781 778 3673 782 760 3674 764 760 3675 764 778 3676 782 775 3677 779 775 3678 779 776 3679 780 760 3680 764 763 3681 767 758 3682 762 759 3683 763 759 3684 763 776 3685 780 763 3686 767 761 3687 765 762 3688 766 764 3689 768 768 3690 772 762 3691 766 761 3692 765 764 3693 768 763 3694 767 761 3695 765 761 3696 765 763 3697 767 776 3698 780 776 3699 780 775 3700 779 761 3701 765 761 3702 765 744 3703 748 745 3704 749 729 3705 733 730 3706 734 744 3707 748 744 3708 748 743 3709 747 729 3710 733 728 3711 732 729 3712 733 743 3713 747 743 3714 747 742 3715 746 728 3716 732 727 3717 731 728 3718 732 742 3719 746 742 3720 746 741 3721 745 727 3722 731 741 3723 745 781 3724 785 726 3725 730 726 3726 730 727 3727 731 741 3728 745 771 3729 775 781 3730 785 741 3731 745 742 3732 746 779 3733 783 771 3734 775 771 3735 775 741 3736 745 742 3737 746 773 3738 777 919 3739 923 771 3740 775 771 3741 775 772 3742 776 773 3743 777 772 3744 776 771 3745 775 779 3746 783 777 3747 781 774 3748 778 773 3749 777 773 3750 777 772 3751 776 777 3752 781 779 3753 783 761 3754 765 775 3755 779 775 3756 779 772 3757 776 779 3758 783 772 3759 776 775 3760 779 778 3761 782 778 3762 782 777 3763 781 772 3764 776 743 3765 747 744 3766 748 761 3767 765 761 3768 765 779 3769 783 743 3770 747 742 3771 746 743 3772 747 779 3773 783 770 3774 774 769 3775 773 739 3776 743 739 3777 743 740 3778 744 770 3779 774 740 3780 744 781 3781 785 771 3782 775 771 3783 775 770 3784 774 740 3785 744 719 3786 723 718 3787 722 715 3788 719 715 3789 719 714 3790 718 719 3791 723 719 3792 723 714 3793 718 739 3794 743 739 3795 743 769 3796 773 719 3797 723 780 3798 784 771 3799 775 919 3800 923 717 3801 721 718 3802 722 719 3803 723 719 3804 723 780 3805 784 717 3806 721 716 3807 720 715 3808 719 718 3809 722 718 3810 722 717 3811 721 716 3812 720 619 3813 623 620 3814 624 716 3815 720 716 3816 720 717 3817 721 619 3818 623 717 3819 721 780 3820 784 619 3821 623 719 3822 723 769 3823 773 770 3824 774 770 3825 774 780 3826 784 719 3827 723 819 3828 823 857 3829 861 856 3830 860 856 3831 860 818 3832 822 819 3833 823 820 3834 824 858 3835 862 857 3836 861 857 3837 861 819 3838 823 820 3839 824 859 3840 863 858 3841 862 622 3842 626 622 3843 626 621 3844 625 859 3845 863 858 3846 862 820 3847 824 623 3848 627 623 3849 627 622 3850 626 858 3851 862 860 3852 864 857 3853 861 858 3854 862 858 3855 862 859 3856 863 860 3857 864 857 3858 861 860 3859 864 861 3860 865 861 3861 865 856 3862 860 857 3863 861 859 3864 863 864 3865 868 863 3866 867 863 3867 867 860 3868 864 859 3869 863 864 3870 868 859 3871 863 621 3872 625 621 3873 625 620 3874 624 864 3875 868 855 3876 859 817 3877 821 818 3878 822 818 3879 822 856 3880 860 855 3881 859 813 3882 817 851 3883 855 850 3884 854 850 3885 854 812 3886 816 813 3887 817 849 3888 853 811 3889 815 812 3890 816 812 3891 816 850 3892 854 849 3893 853 810 3894 814 848 3895 852 847 3896 851 847 3897 851 809 3898 813 810 3899 814 848 3900 852 810 3901 814 811 3902 815 811 3903 815 849 3904 853 848 3905 852 816 3906 820 854 3907 858 853 3908 857 853 3909 857 815 3910 819 816 3911 820 854 3912 858 816 3913 820 817 3914 821 817 3915 821 855 3916 859 854 3917 858 814 3918 818 852 3919 856 851 3920 855 851 3921 855 813 3922 817 814 3923 818 852 3924 856 814 3925 818 815 3926 819 815 3927 819 853 3928 857 852 3929 856 802 3930 806 840 3931 844 839 3932 843 839 3933 843 801 3934 805 802 3935 806 803 3936 807 841 3937 845 840 3938 844 840 3939 844 802 3940 806 803 3941 807 804 3942 808 842 3943 846 841 3944 845 841 3945 845 803 3946 807 804 3947 808 805 3948 809 843 3949 847 842 3950 846 842 3951 846 804 3952 808 805 3953 809 806 3954 810 844 3955 848 843 3956 847 843 3957 847 805 3958 809 806 3959 810 807 3960 811 845 3961 849 844 3962 848 844 3963 848 806 3964 810 807 3965 811 808 3966 812 846 3967 850 845 3968 849 845 3969 849 807 3970 811 808 3971 812 846 3972 850 808 3973 812 809 3974 813 809 3975 813 847 3976 851 846 3977 850 844 3978 848 873 3979 877 843 3980 847 838 3981 842 800 3982 804 801 3983 805 801 3984 805 839 3985 843 838 3986 842 837 3987 841 799 3988 803 800 3989 804 800 3990 804 838 3991 842 837 3992 841 837 3993 841 836 3994 840 798 3995 802 798 3996 802 799 3997 803 837 3998 841 836 3999 840 835 4000 839 797 4001 801 797 4002 801 798 4003 802 836 4004 840 835 4005 839 834 4006 838 796 4007 800 796 4008 800 797 4009 801 835 4010 839 834 4011 838 833 4012 837 795 4013 799 795 4014 799 796 4015 800 834 4016 838 833 4017 837 832 4018 836 794 4019 798 794 4020 798 795 4021 799 833 4022 837 832 4023 836 831 4024 835 793 4025 797 793 4026 797 794 4027 798 832 4028 836 831 4029 835 830 4030 834 792 4031 796 792 4032 796 793 4033 797 831 4034 835 830 4035 834 829 4036 833 791 4037 795 791 4038 795 792 4039 796 830 4040 834 829 4041 833 828 4042 832 790 4043 794 790 4044 794 791 4045 795 829 4046 833 828 4047 832 827 4048 831 789 4049 793 789 4050 793 790 4051 794 828 4052 832 783 4053 787 821 4054 825 633 4055 637 633 4056 637 634 4057 638 783 4058 787 784 4059 788 822 4060 826 821 4061 825 821 4062 825 783 4063 787 784 4064 788 785 4065 789 823 4066 827 822 4067 826 822 4068 826 784 4069 788 785 4070 789 786 4071 790 824 4072 828 823 4073 827 823 4074 827 785 4075 789 786 4076 790 787 4077 791 825 4078 829 824 4079 828 824 4080 828 786 4081 790 787 4082 791 788 4083 792 826 4084 830 825 4085 829 825 4086 829 787 4087 791 788 4088 792 827 4089 831 826 4090 830 788 4091 792 788 4092 792 789 4093 793 827 4094 831 846 4095 850 872 4096 876 845 4097 849 871 4098 875 872 4099 876 846 4100 850 846 4101 850 847 4102 851 871 4103 875 854 4104 858 869 4105 873 853 4106 857 869 4107 873 852 4108 856 853 4109 857 852 4110 856 870 4111 874 851 4112 855 870 4113 874 852 4114 856 869 4115 873 870 4116 874 849 4117 853 850 4118 854 850 4119 854 851 4120 855 870 4121 874 870 4122 874 848 4123 852 849 4124 853 870 4125 874 871 4126 875 847 4127 851 847 4128 851 848 4129 852 870 4130 874 863 4131 867 862 4132 866 861 4133 865 861 4134 865 860 4135 864 863 4136 867 868 4137 872 854 4138 858 855 4139 859 862 4140 866 868 4141 872 861 4142 865 868 4143 872 855 4144 859 856 4145 860 856 4146 860 861 4147 865 868 4148 872 854 4149 858 868 4150 872 869 4151 873 887 4152 891 868 4153 872 862 4154 866 907 4155 911 627 4156 631 628 4157 632 628 4158 632 906 4159 910 907 4160 911 904 4161 908 765 4162 769 766 4163 770 766 4164 770 903 4165 907 904 4166 908 905 4167 909 629 4168 633 765 4169 769 765 4170 769 904 4171 908 905 4172 909 629 4173 633 905 4174 909 906 4175 910 906 4176 910 628 4177 632 629 4178 633 911 4179 915 913 4180 917 906 4181 910 906 4182 910 905 4183 909 911 4184 915 914 4185 918 903 4186 907 902 4187 906 902 4188 906 899 4189 903 914 4190 918 915 4191 919 904 4192 908 903 4193 907 903 4194 907 914 4195 918 915 4196 919 915 4197 919 905 4198 909 904 4199 908 915 4200 919 911 4201 915 905 4202 909 900 4203 904 766 4204 770 630 4205 634 901 4206 905 766 4207 770 900 4208 904 766 4209 770 901 4210 905 902 4211 906 902 4212 906 903 4213 907 766 4214 770 886 4215 890 821 4216 825 822 4217 826 822 4218 826 885 4219 889 886 4220 890 897 4221 901 886 4222 890 885 4223 889 885 4224 889 898 4225 902 897 4226 901 886 4227 890 897 4228 901 632 4229 636 632 4230 636 631 4231 635 886 4232 890 821 4233 825 886 4234 890 631 4235 635 631 4236 635 633 4237 637 821 4238 825 897 4239 901 900 4240 904 630 4241 634 630 4242 634 632 4243 636 897 4244 901 900 4245 904 897 4246 901 898 4247 902 898 4248 902 901 4249 905 900 4250 904 823 4251 827 884 4252 888 885 4253 889 885 4254 889 822 4255 826 823 4256 827 884 4257 888 899 4258 903 898 4259 902 898 4260 902 885 4261 889 884 4262 888 824 4263 828 884 4264 888 823 4265 827 899 4266 903 902 4267 906 901 4268 905 901 4269 905 898 4270 902 899 4271 903 825 4272 829 883 4273 887 884 4274 888 884 4275 888 824 4276 828 825 4277 829 826 4278 830 883 4279 887 825 4280 829 896 4281 900 914 4282 918 899 4283 903 882 4284 886 827 4285 831 828 4286 832 882 4287 886 883 4288 887 826 4289 830 826 4290 830 827 4291 831 882 4292 886 882 4293 886 896 4294 900 883 4295 887 883 4296 887 896 4297 900 899 4298 903 899 4299 903 884 4300 888 883 4301 887 829 4302 833 881 4303 885 882 4304 886 882 4305 886 828 4306 832 829 4307 833 881 4308 885 829 4309 833 830 4310 834 895 4311 899 915 4312 919 914 4313 918 914 4314 918 896 4315 900 895 4316 899 831 4317 835 880 4318 884 881 4319 885 881 4320 885 830 4321 834 831 4322 835 880 4323 884 895 4324 899 881 4325 885 880 4326 884 831 4327 835 832 4328 836 881 4329 885 895 4330 899 896 4331 900 896 4332 900 882 4333 886 881 4334 885 879 4335 883 833 4336 837 834 4337 838 879 4338 883 880 4339 884 832 4340 836 832 4341 836 833 4342 837 879 4343 883 879 4344 883 894 4345 898 895 4346 899 895 4347 899 880 4348 884 879 4349 883 894 4350 898 915 4351 919 895 4352 899 835 4353 839 878 4354 882 879 4355 883 879 4356 883 834 4357 838 835 4358 839 878 4359 882 893 4360 897 894 4361 898 894 4362 898 879 4363 883 878 4364 882 878 4365 882 835 4366 839 836 4367 840 877 4368 881 838 4369 842 839 4370 843 839 4371 843 876 4372 880 877 4373 881 837 4374 841 877 4375 881 878 4376 882 878 4377 882 836 4378 840 837 4379 841 877 4380 881 837 4381 841 838 4382 842 840 4383 844 875 4384 879 876 4385 880 876 4386 880 839 4387 843 840 4388 844 841 4389 845 874 4390 878 875 4391 879 875 4392 879 840 4393 844 841 4394 845 842 4395 846 874 4396 878 841 4397 845 843 4398 847 873 4399 877 874 4400 878 874 4401 878 842 4402 846 843 4403 847 872 4404 876 873 4405 877 844 4406 848 844 4407 848 845 4408 849 872 4409 876 873 4410 877 889 4411 893 874 4412 878 868 4413 872 887 4414 891 869 4415 873 887 4416 891 870 4417 874 869 4418 873 888 4419 892 871 4420 875 870 4421 874 870 4422 874 887 4423 891 888 4424 892 871 4425 875 888 4426 892 872 4427 876 888 4428 892 889 4429 893 873 4430 877 873 4431 877 872 4432 876 888 4433 892 624 4434 628 921 4435 925 919 4436 923 894 4437 898 910 4438 914 915 4439 919 908 4440 912 626 4441 630 627 4442 631 627 4443 631 907 4444 911 908 4445 912 913 4446 917 912 4447 916 907 4448 911 907 4449 911 906 4450 910 913 4451 917 625 4452 629 922 4453 926 921 4454 925 921 4455 925 624 4456 628 625 4457 629 782 4458 786 909 4459 913 922 4460 926 922 4461 926 625 4462 629 782 4463 786 909 4464 913 782 4465 786 626 4466 630 626 4467 630 908 4468 912 909 4469 913 924 4470 928 909 4471 913 908 4472 912 909 4473 913 926 4474 930 925 4475 929 925 4476 929 922 4477 926 909 4478 913 909 4479 913 924 4480 928 923 4481 927 923 4482 927 926 4483 930 909 4484 913 912 4485 916 924 4486 928 908 4487 912 908 4488 912 907 4489 911 912 4490 916 910 4491 914 913 4492 917 911 4493 915 915 4494 919 910 4495 914 911 4496 915 913 4497 917 910 4498 914 912 4499 916 910 4500 914 923 4501 927 924 4502 928 924 4503 928 912 4504 916 910 4505 914 910 4506 914 894 4507 898 893 4508 897 877 4509 881 892 4510 896 893 4511 897 893 4512 897 878 4513 882 877 4514 881 876 4515 880 891 4516 895 892 4517 896 892 4518 896 877 4519 881 876 4520 880 875 4521 879 890 4522 894 891 4523 895 891 4524 895 876 4525 880 875 4526 879 890 4527 894 875 4528 879 874 4529 878 874 4530 878 889 4531 893 890 4532 894 916 4533 920 890 4534 894 889 4535 893 890 4536 894 916 4537 920 927 4538 931 927 4539 931 891 4540 895 890 4541 894 921 4542 925 920 4543 924 916 4544 920 916 4545 920 919 4546 923 921 4547 925 925 4548 929 920 4549 924 921 4550 925 921 4551 925 922 4552 926 925 4553 929 927 4554 931 920 4555 924 923 4556 927 923 4557 927 910 4558 914 927 4559 931 920 4560 924 925 4561 929 926 4562 930 926 4563 930 923 4564 927 920 4565 924 892 4566 896 927 4567 931 910 4568 914 910 4569 914 893 4570 897 892 4571 896 891 4572 895 927 4573 931 892 4574 896 918 4575 922 888 4576 892 887 4577 891 887 4578 891 917 4579 921 918 4580 922 888 4581 892 918 4582 922 916 4583 920 916 4584 920 889 4585 893 888 4586 892 867 4587 871 862 4588 866 863 4589 867 863 4590 867 866 4591 870 867 4592 871 867 4593 871 917 4594 921 887 4595 891 887 4596 891 862 4597 866 867 4598 871 780 4599 784 916 4600 920 918 4601 922 865 4602 869 780 4603 784 867 4604 871 867 4605 871 866 4606 870 865 4607 869 864 4608 868 865 4609 869 866 4610 870 866 4611 870 863 4612 867 864 4613 868 619 4614 623 865 4615 869 864 4616 868 864 4617 868 620 4618 624 619 4619 623 865 4620 869 619 4621 623 780 4622 784 867 4623 871 780 4624 784 918 4625 922 918 4626 922 917 4627 921 867 4628 871 780 4629 784 770 4630 774 771 4631 775 780 4632 784 919 4633 923 916 4634 920 916 4635 920 920 4636 924 927 4637 931 999 4638 1003 997 4639 1001 1011 4640 1015 1011 4641 1015 1013 4642 1017 999 4643 1003 1014 4644 1018 940 4645 944 938 4646 942 938 4647 942 1012 4648 1016 1014 4649 1018 1014 4650 1018 1012 4651 1016 998 4652 1002 998 4653 1002 1000 4654 1004 1014 4655 1018 1013 4656 1017 939 4657 943 941 4658 945 941 4659 945 1015 4660 1019 1013 4661 1017 1001 4662 1005 999 4663 1003 1013 4664 1017 1013 4665 1017 1015 4666 1019 1001 4667 1005 1016 4668 1020 942 4669 946 940 4670 944 940 4671 944 1014 4672 1018 1016 4673 1020 1016 4674 1020 1014 4675 1018 1000 4676 1004 1000 4677 1004 1002 4678 1006 1016 4679 1020 1015 4680 1019 941 4681 945 943 4682 947 943 4683 947 1017 4684 1021 1015 4685 1019 1003 4686 1007 1001 4687 1005 1015 4688 1019 1015 4689 1019 1017 4690 1021 1003 4691 1007 1018 4692 1022 944 4693 948 942 4694 946 942 4695 946 1016 4696 1020 1018 4697 1022 1018 4698 1022 1016 4699 1020 1002 4700 1006 1002 4701 1006 1004 4702 1008 1018 4703 1022 1017 4704 1021 943 4705 947 945 4706 949 945 4707 949 1019 4708 1023 1017 4709 1021 1005 4710 1009 1003 4711 1007 1017 4712 1021 1017 4713 1021 1019 4714 1023 1005 4715 1009 932 4716 936 1108 4717 1112 1110 4718 1114 1111 4719 1115 1109 4720 1113 933 4721 937 1010 4722 1014 1012 4723 1016 938 4724 942 938 4725 942 936 4726 940 1010 4727 1014 1116 4728 1120 1008 4729 1012 1010 4730 1014 1010 4731 1014 936 4732 940 1116 4733 1120 937 4734 941 939 4735 943 1013 4736 1017 1013 4737 1017 1011 4738 1015 937 4739 941 937 4740 941 1011 4741 1015 1009 4742 1013 1009 4743 1013 1117 4744 1121 937 4745 941 996 4746 1000 998 4747 1002 1012 4748 1016 1012 4749 1016 1010 4750 1014 996 4751 1000 996 4752 1000 1010 4753 1014 1008 4754 1012 1008 4755 1012 1118 4756 1122 996 4757 1000 1119 4758 1123 1009 4759 1013 1011 4760 1015 1011 4761 1015 997 4762 1001 1119 4763 1123 1116 4764 1120 936 4765 940 934 4766 938 935 4767 939 937 4768 941 1117 4769 1121 934 4770 938 932 4771 936 1110 4772 1114 1110 4773 1114 1112 4774 1116 934 4775 938 1114 4776 1118 1116 4777 1120 934 4778 938 934 4779 938 1112 4780 1116 1114 4781 1118 1113 4782 1117 1111 4783 1115 933 4784 937 933 4785 937 935 4786 939 1113 4787 1117 935 4788 939 1117 4789 1121 1115 4790 1119 1115 4791 1119 1113 4792 1117 935 4793 939 928 4794 932 1102 4795 1106 930 4796 934 1105 4797 1109 1103 4798 1107 931 4799 935 1106 4800 1110 1108 4801 1112 932 4802 936 932 4803 936 930 4804 934 1106 4805 1110 930 4806 934 1102 4807 1106 1104 4808 1108 930 4809 934 1104 4810 1108 1106 4811 1110 1103 4812 1107 929 4813 933 931 4814 935 931 4815 935 933 4816 937 1109 4817 1113 1109 4818 1113 1107 4819 1111 931 4820 935 1107 4821 1111 1105 4822 1109 931 4823 935 1024 4824 1028 1128 4825 1132 1130 4826 1134 1131 4827 1135 1129 4828 1133 1025 4829 1029 994 4830 998 996 4831 1000 1118 4832 1122 994 4833 998 1118 4834 1122 1120 4835 1124 1120 4836 1124 1122 4837 1126 994 4838 998 1119 4839 1123 997 4840 1001 995 4841 999 1121 4842 1125 1119 4843 1123 995 4844 999 995 4845 999 1123 4846 1127 1121 4847 1125 1022 4848 1026 994 4849 998 1122 4850 1126 1122 4851 1126 1124 4852 1128 1022 4853 1026 1126 4854 1130 1128 4855 1132 1024 4856 1028 1024 4857 1028 1022 4858 1026 1126 4859 1130 1022 4860 1026 1124 4861 1128 1126 4862 1130 1125 4863 1129 1123 4864 1127 995 4865 999 995 4866 999 1023 4867 1027 1125 4868 1129 1023 4869 1027 1025 4870 1029 1129 4871 1133 1129 4872 1133 1127 4873 1131 1023 4874 1027 1127 4875 1131 1125 4876 1129 1023 4877 1027 967 4878 971 969 4879 973 1022 4880 1026 1022 4881 1026 1024 4882 1028 967 4883 971 1025 4884 1029 1023 4885 1027 970 4886 974 970 4887 974 968 4888 972 1025 4889 1029 959 4890 963 967 4891 971 1024 4892 1028 1024 4893 1028 1026 4894 1030 959 4895 963 1027 4896 1031 1025 4897 1029 968 4898 972 968 4899 972 960 4900 964 1027 4901 1031 1164 4902 1166 1163 4903 1165 955 4904 959 955 4905 959 956 4906 960 1164 4907 1166 1164 4908 1166 956 4909 960 954 4910 958 954 4911 958 1162 4912 1164 1164 4913 1166 1162 4914 1164 1156 4915 1158 1158 4916 1160 1158 4917 1160 1164 4918 1166 1162 4919 1164 1164 4920 1166 1158 4921 1160 1157 4922 1159 1157 4923 1159 1163 4924 1165 1164 4925 1166 1008 4926 1012 1116 4927 1120 1082 4928 1086 1082 4929 1086 1084 4930 1088 1008 4931 1012 1085 4932 1089 1083 4933 1087 1117 4934 1121 1117 4935 1121 1009 4936 1013 1085 4937 1089 1118 4938 1122 1008 4939 1012 1084 4940 1088 1084 4941 1088 1086 4942 1090 1118 4943 1122 1087 4944 1091 1085 4945 1089 1009 4946 1013 1009 4947 1013 1119 4948 1123 1087 4949 1091 1052 4950 1056 1088 4951 1092 1086 4952 1090 1086 4953 1090 1050 4954 1054 1052 4955 1056 1120 4956 1124 1118 4957 1122 1086 4958 1090 1086 4959 1090 1088 4960 1092 1120 4961 1124 1051 4962 1055 1087 4963 1091 1089 4964 1093 1089 4965 1093 1053 4966 1057 1051 4967 1055 1089 4968 1093 1087 4969 1091 1119 4970 1123 1119 4971 1123 1121 4972 1125 1089 4973 1093 1122 4974 1126 1120 4975 1124 1088 4976 1092 1088 4977 1092 1090 4978 1094 1122 4979 1126 1091 4980 1095 1089 4981 1093 1121 4982 1125 1121 4983 1125 1123 4984 1127 1091 4985 1095 1124 4986 1128 1122 4987 1126 1090 4988 1094 1090 4989 1094 1092 4990 1096 1124 4991 1128 1093 4992 1097 1091 4993 1095 1123 4994 1127 1123 4995 1127 1125 4996 1129 1093 4997 1097 1126 4998 1130 1124 4999 1128 1092 5000 1096 1092 5001 1096 1094 5002 1098 1126 5003 1130 1095 5004 1099 1093 5005 1097 1125 5006 1129 1125 5007 1129 1127 5008 1131 1095 5009 1099 1128 5010 1132 1126 5011 1130 1094 5012 1098 1094 5013 1098 1096 5014 1100 1128 5015 1132 1097 5016 1101 1095 5017 1099 1127 5018 1131 1127 5019 1131 1129 5020 1133 1097 5021 1101 1130 5022 1134 1128 5023 1132 1096 5024 1100 1096 5025 1100 1098 5026 1102 1130 5027 1134 1099 5028 1103 1097 5029 1101 1129 5030 1133 1129 5031 1133 1131 5032 1135 1099 5033 1103 1104 5034 1108 1102 5035 1106 1068 5036 1072 1068 5037 1072 1070 5038 1074 1104 5039 1108 1071 5040 1075 1069 5041 1073 1103 5042 1107 1103 5043 1107 1105 5044 1109 1071 5045 1075 1106 5046 1110 1104 5047 1108 1070 5048 1074 1070 5049 1074 1072 5050 1076 1106 5051 1110 1073 5052 1077 1071 5053 1075 1105 5054 1109 1105 5055 1109 1107 5056 1111 1073 5057 1077 1108 5058 1112 1106 5059 1110 1072 5060 1076 1072 5061 1076 1074 5062 1078 1108 5063 1112 1075 5064 1079 1073 5065 1077 1107 5066 1111 1107 5067 1111 1109 5068 1113 1075 5069 1079 1110 5070 1114 1108 5071 1112 1074 5072 1078 1074 5073 1078 1076 5074 1080 1110 5075 1114 1077 5076 1081 1075 5077 1079 1109 5078 1113 1109 5079 1113 1111 5080 1115 1077 5081 1081 1112 5082 1116 1110 5083 1114 1076 5084 1080 1076 5085 1080 1078 5086 1082 1112 5087 1116 1079 5088 1083 1077 5089 1081 1111 5090 1115 1111 5091 1115 1113 5092 1117 1079 5093 1083 1080 5094 1084 1082 5095 1086 1116 5096 1120 1116 5097 1120 1114 5098 1118 1080 5099 1084 1114 5100 1118 1112 5101 1116 1078 5102 1082 1078 5103 1082 1080 5104 1084 1114 5105 1118 1115 5106 1119 1117 5107 1121 1083 5108 1087 1083 5109 1087 1081 5110 1085 1115 5111 1119 1081 5112 1085 1079 5113 1083 1113 5114 1117 1113 5115 1117 1115 5116 1119 1081 5117 1085 1050 5118 1054 1086 5119 1090 1084 5120 1088 1084 5121 1088 1048 5122 1052 1050 5123 1054 1049 5124 1053 1085 5125 1089 1087 5126 1091 1087 5127 1091 1051 5128 1055 1049 5129 1053 1048 5130 1052 1084 5131 1088 1082 5132 1086 1082 5133 1086 1046 5134 1050 1048 5135 1052 1047 5136 1051 1083 5137 1087 1085 5138 1089 1085 5139 1089 1049 5140 1053 1047 5141 1051 1046 5142 1050 1082 5143 1086 1080 5144 1084 1080 5145 1084 1044 5146 1048 1046 5147 1050 1045 5148 1049 1081 5149 1085 1083 5150 1087 1083 5151 1087 1047 5152 1051 1045 5153 1049 1044 5154 1048 1080 5155 1084 1078 5156 1082 1078 5157 1082 1042 5158 1046 1044 5159 1048 1043 5160 1047 1079 5161 1083 1081 5162 1085 1081 5163 1085 1045 5164 1049 1043 5165 1047 1042 5166 1046 1078 5167 1082 1076 5168 1080 1076 5169 1080 1040 5170 1044 1042 5171 1046 1041 5172 1045 1077 5173 1081 1079 5174 1083 1079 5175 1083 1043 5176 1047 1041 5177 1045 1036 5178 1040 1042 5179 1046 1040 5180 1044 1040 5181 1044 1038 5182 1042 1036 5183 1040 1040 5184 1044 1076 5185 1080 1074 5186 1078 1074 5187 1078 1038 5188 1042 1040 5189 1044 1039 5190 1043 1041 5191 1045 1043 5192 1047 1043 5193 1047 1037 5194 1041 1039 5195 1043 1039 5196 1043 1075 5197 1079 1077 5198 1081 1077 5199 1081 1041 5200 1045 1039 5201 1043 1034 5202 1038 1044 5203 1048 1042 5204 1046 1042 5205 1046 1036 5206 1040 1034 5207 1038 1038 5208 1042 1074 5209 1078 1072 5210 1076 1072 5211 1076 1036 5212 1040 1038 5213 1042 1037 5214 1041 1043 5215 1047 1045 5216 1049 1045 5217 1049 1035 5218 1039 1037 5219 1041 1037 5220 1041 1073 5221 1077 1075 5222 1079 1075 5223 1079 1039 5224 1043 1037 5225 1041 1032 5226 1036 1046 5227 1050 1044 5228 1048 1044 5229 1048 1034 5230 1038 1032 5231 1036 1036 5232 1040 1072 5233 1076 1070 5234 1074 1070 5235 1074 1034 5236 1038 1036 5237 1040 1035 5238 1039 1045 5239 1049 1047 5240 1051 1047 5241 1051 1033 5242 1037 1035 5243 1039 1035 5244 1039 1071 5245 1075 1073 5246 1077 1073 5247 1077 1037 5248 1041 1035 5249 1039 1030 5250 1034 1064 5251 1068 1050 5252 1054 1050 5253 1054 1048 5254 1052 1030 5255 1034 1032 5256 1036 1068 5257 1072 1066 5258 1070 1066 5259 1070 1030 5260 1034 1032 5261 1036 1030 5262 1034 1048 5263 1052 1046 5264 1050 1046 5265 1050 1032 5266 1036 1030 5267 1034 1034 5268 1038 1070 5269 1074 1068 5270 1072 1068 5271 1072 1032 5272 1036 1034 5273 1038 1049 5274 1053 1051 5275 1055 1065 5276 1069 1065 5277 1069 1031 5278 1035 1049 5279 1053 1031 5280 1035 1067 5281 1071 1069 5282 1073 1069 5283 1073 1033 5284 1037 1031 5285 1035 1033 5286 1037 1047 5287 1051 1049 5288 1053 1049 5289 1053 1031 5290 1035 1033 5291 1037 1033 5292 1037 1069 5293 1073 1071 5294 1075 1071 5295 1075 1035 5296 1039 1033 5297 1037 1062 5298 1066 1052 5299 1056 1050 5300 1054 1050 5301 1054 1064 5302 1068 1062 5303 1066 1064 5304 1068 1030 5305 1034 1066 5306 1070 1066 5307 1070 1100 5308 1104 1064 5309 1068 1065 5310 1069 1051 5311 1055 1053 5312 1057 1053 5313 1057 1063 5314 1067 1065 5315 1069 1101 5316 1105 1067 5317 1071 1031 5318 1035 1031 5319 1035 1065 5320 1069 1101 5321 1105 1064 5322 1068 1100 5323 1104 1098 5324 1102 1098 5325 1102 1062 5326 1066 1064 5327 1068 1063 5328 1067 1099 5329 1103 1101 5330 1105 1101 5331 1105 1065 5332 1069 1063 5333 1067 1062 5334 1066 1098 5335 1102 1096 5336 1100 1096 5337 1100 1060 5338 1064 1062 5339 1066 1061 5340 1065 1097 5341 1101 1099 5342 1103 1099 5343 1103 1063 5344 1067 1061 5345 1065 1060 5346 1064 1096 5347 1100 1094 5348 1098 1094 5349 1098 1058 5350 1062 1060 5351 1064 1059 5352 1063 1095 5353 1099 1097 5354 1101 1097 5355 1101 1061 5356 1065 1059 5357 1063 1054 5358 1058 1090 5359 1094 1088 5360 1092 1088 5361 1092 1052 5362 1056 1054 5363 1058 1056 5364 1060 1092 5365 1096 1090 5366 1094 1090 5367 1094 1054 5368 1058 1056 5369 1060 1052 5370 1056 1062 5371 1066 1060 5372 1064 1060 5373 1064 1054 5374 1058 1052 5375 1056 1054 5376 1058 1060 5377 1064 1058 5378 1062 1058 5379 1062 1056 5380 1060 1054 5381 1058 1058 5382 1062 1094 5383 1098 1092 5384 1096 1092 5385 1096 1056 5386 1060 1058 5387 1062 1053 5388 1057 1089 5389 1093 1091 5390 1095 1091 5391 1095 1055 5392 1059 1053 5393 1057 1055 5394 1059 1091 5395 1095 1093 5396 1097 1093 5397 1097 1057 5398 1061 1055 5399 1059 1055 5400 1059 1061 5401 1065 1063 5402 1067 1063 5403 1067 1053 5404 1057 1055 5405 1059 1057 5406 1061 1059 5407 1063 1061 5408 1065 1061 5409 1065 1055 5410 1059 1057 5411 1061 1057 5412 1061 1093 5413 1097 1095 5414 1099 1095 5415 1099 1059 5416 1063 1057 5417 1061 1102 5418 1106 928 5419 932 957 5420 961 957 5421 961 1028 5422 1032 1102 5423 1106 1028 5424 1032 957 5425 961 1026 5426 1030 1026 5427 1030 1132 5428 1136 1028 5429 1032 1028 5430 1032 1066 5431 1070 1068 5432 1072 1068 5433 1072 1102 5434 1106 1028 5435 1032 1132 5436 1136 1100 5437 1104 1066 5438 1070 1066 5439 1070 1028 5440 1032 1132 5441 1136 1132 5442 1136 1130 5443 1134 1098 5444 1102 1098 5445 1102 1100 5446 1104 1132 5447 1136 1024 5448 1028 1130 5449 1134 1132 5450 1136 1026 5451 1030 1024 5452 1028 1132 5453 1136 1029 5454 1033 958 5455 962 929 5456 933 929 5457 933 1103 5458 1107 1029 5459 1033 1133 5460 1137 1027 5461 1031 958 5462 962 958 5463 962 1029 5464 1033 1133 5465 1137 1103 5466 1107 1069 5467 1073 1067 5468 1071 1067 5469 1071 1029 5470 1033 1103 5471 1107 1029 5472 1033 1067 5473 1071 1101 5474 1105 1101 5475 1105 1133 5476 1137 1029 5477 1033 1101 5478 1105 1099 5479 1103 1131 5480 1135 1131 5481 1135 1133 5482 1137 1101 5483 1105 1133 5484 1137 1131 5485 1135 1025 5486 1029 1133 5487 1137 1025 5488 1029 1027 5489 1031 1154 5490 1156 1156 5491 1158 1162 5492 1164 1162 5493 1164 1165 5494 1167 1154 5495 1156 1166 5496 1168 1163 5497 1165 1157 5498 1159 1157 5499 1159 1155 5500 1157 1166 5501 1168 1020 5502 1024 1018 5503 1022 1004 5504 1008 1004 5505 1008 1006 5506 1010 1020 5507 1024 1007 5508 1011 1005 5509 1009 1019 5510 1023 1019 5511 1023 1021 5512 1025 1007 5513 1011 946 5514 950 944 5515 948 1018 5516 1022 1018 5517 1022 1020 5518 1024 946 5519 950 1021 5520 1025 1019 5521 1023 945 5522 949 945 5523 949 947 5524 951 1021 5525 1025 1219 5526 1221 1217 5527 1219 1235 5528 1237 1235 5529 1237 1269 5530 1271 1219 5531 1221 1269 5532 1271 1235 5533 1237 950 5534 954 950 5535 954 948 5536 952 1269 5537 1271 1270 5538 1272 1236 5539 1238 1218 5540 1220 1218 5541 1220 1220 5542 1222 1270 5543 1272 949 5544 953 951 5545 955 1236 5546 1238 1236 5547 1238 1270 5548 1272 949 5549 953 1195 5550 1197 948 5551 952 946 5552 950 947 5553 951 949 5554 953 1196 5555 1198 1267 5556 1269 1269 5557 1271 948 5558 952 948 5559 952 1195 5560 1197 1267 5561 1269 1196 5562 1198 949 5563 953 1270 5564 1272 1270 5565 1272 1268 5566 1270 1196 5567 1198 1193 5568 1195 1195 5569 1197 946 5570 950 1265 5571 1267 1267 5572 1269 1195 5573 1197 1195 5574 1197 1193 5575 1195 1265 5576 1267 947 5577 951 1196 5578 1198 1194 5579 1196 1194 5580 1196 1196 5581 1198 1268 5582 1270 1268 5583 1270 1266 5584 1268 1194 5585 1196 1191 5586 1193 1193 5587 1195 946 5588 950 947 5589 951 1194 5590 1196 1192 5591 1194 1263 5592 1265 1265 5593 1267 1193 5594 1195 1193 5595 1195 1191 5596 1193 1263 5597 1265 1192 5598 1194 1194 5599 1196 1266 5600 1268 1266 5601 1268 1264 5602 1266 1192 5603 1194 1189 5604 1191 1191 5605 1193 946 5606 950 946 5607 950 1020 5608 1024 1189 5609 1191 1021 5610 1025 947 5611 951 1192 5612 1194 1192 5613 1194 1190 5614 1192 1021 5615 1025 1261 5616 1263 1263 5617 1265 1191 5618 1193 1191 5619 1193 1189 5620 1191 1261 5621 1263 1190 5622 1192 1192 5623 1194 1264 5624 1266 1264 5625 1266 1262 5626 1264 1190 5627 1192 1187 5628 1189 1189 5629 1191 1020 5630 1024 1020 5631 1024 1006 5632 1010 1187 5633 1189 1007 5634 1011 1021 5635 1025 1190 5636 1192 1190 5637 1192 1188 5638 1190 1007 5639 1011 1259 5640 1261 1261 5641 1263 1189 5642 1191 1189 5643 1191 1187 5644 1189 1259 5645 1261 1188 5646 1190 1190 5647 1192 1262 5648 1264 1262 5649 1264 1260 5650 1262 1188 5651 1190 1185 5652 1187 1187 5653 1189 1006 5654 1010 1007 5655 1011 1188 5656 1190 1186 5657 1188 1257 5658 1259 1259 5659 1261 1187 5660 1189 1187 5661 1189 1185 5662 1187 1257 5663 1259 1186 5664 1188 1188 5665 1190 1260 5666 1262 1260 5667 1262 1258 5668 1260 1186 5669 1188 1183 5670 1185 1185 5671 1187 1006 5672 1010 1007 5673 1011 1186 5674 1188 1184 5675 1186 1255 5676 1257 1257 5677 1259 1185 5678 1187 1185 5679 1187 1183 5680 1185 1255 5681 1257 1184 5682 1186 1186 5683 1188 1258 5684 1260 1258 5685 1260 1256 5686 1258 1184 5687 1186 1167 5688 1169 1183 5689 1185 1006 5690 1010 1006 5691 1010 1150 5692 1152 1167 5693 1169 1253 5694 1255 1255 5695 1257 1183 5696 1185 1183 5697 1185 1167 5698 1169 1253 5699 1255 1151 5700 1153 1007 5701 1011 1184 5702 1186 1184 5703 1186 1168 5704 1170 1151 5705 1153 1168 5706 1170 1184 5707 1186 1256 5708 1258 1256 5709 1258 1254 5710 1256 1168 5711 1170 1169 5712 1171 1167 5713 1169 1150 5714 1152 1150 5715 1152 1152 5716 1154 1169 5717 1171 1153 5718 1155 1151 5719 1153 1168 5720 1170 1168 5721 1170 1170 5722 1172 1153 5723 1155 1201 5724 1203 1199 5725 1201 1253 5726 1255 1253 5727 1255 1251 5728 1253 1201 5729 1203 1251 5730 1253 1253 5731 1255 1167 5732 1169 1167 5733 1169 1169 5734 1171 1251 5735 1253 1252 5736 1254 1254 5737 1256 1200 5738 1202 1200 5739 1202 1202 5740 1204 1252 5741 1254 1170 5742 1172 1168 5743 1170 1254 5744 1256 1254 5745 1256 1252 5746 1254 1170 5747 1172 1171 5748 1173 1169 5749 1171 1152 5750 1154 1152 5751 1154 1154 5752 1156 1171 5753 1173 1155 5754 1157 1153 5755 1155 1170 5756 1172 1170 5757 1172 1172 5758 1174 1155 5759 1157 1249 5760 1251 1251 5761 1253 1169 5762 1171 1169 5763 1171 1171 5764 1173 1249 5765 1251 1172 5766 1174 1170 5767 1172 1252 5768 1254 1252 5769 1254 1250 5770 1252 1172 5771 1174 1173 5772 1175 1171 5773 1173 1154 5774 1156 1247 5775 1249 1249 5776 1251 1171 5777 1173 1171 5778 1173 1173 5779 1175 1247 5780 1249 1155 5781 1157 1172 5782 1174 1174 5783 1176 1174 5784 1176 1172 5785 1174 1250 5786 1252 1250 5787 1252 1248 5788 1250 1174 5789 1176 1175 5790 1177 1173 5791 1175 1154 5792 1156 1155 5793 1157 1174 5794 1176 1176 5795 1178 1245 5796 1247 1247 5797 1249 1173 5798 1175 1173 5799 1175 1175 5800 1177 1245 5801 1247 1176 5802 1178 1174 5803 1176 1248 5804 1250 1248 5805 1250 1246 5806 1248 1176 5807 1178 1177 5808 1179 1175 5809 1177 1154 5810 1156 1154 5811 1156 1165 5812 1167 1177 5813 1179 1166 5814 1168 1155 5815 1157 1176 5816 1178 1176 5817 1178 1178 5818 1180 1166 5819 1168 1243 5820 1245 1245 5821 1247 1175 5822 1177 1175 5823 1177 1177 5824 1179 1243 5825 1245 1178 5826 1180 1176 5827 1178 1246 5828 1248 1246 5829 1248 1244 5830 1246 1178 5831 1180 1241 5832 1243 1243 5833 1245 1177 5834 1179 1177 5835 1179 1179 5836 1181 1241 5837 1243 1180 5838 1182 1178 5839 1180 1244 5840 1246 1244 5841 1246 1242 5842 1244 1180 5843 1182 1239 5844 1241 1241 5845 1243 1179 5846 1181 1179 5847 1181 1181 5848 1183 1239 5849 1241 1182 5850 1184 1180 5851 1182 1242 5852 1244 1242 5853 1244 1240 5854 1242 1182 5855 1184 1197 5856 1199 950 5857 954 1235 5858 1237 1235 5859 1237 1237 5860 1239 1197 5861 1199 1238 5862 1240 1236 5863 1238 951 5864 955 951 5865 955 1198 5866 1200 1238 5867 1240 952 5868 956 950 5869 954 1197 5870 1199 1165 5871 1167 1162 5872 1164 954 5873 958 954 5874 958 952 5875 956 1165 5876 1167 1179 5877 1181 1177 5878 1179 1165 5879 1167 1165 5880 1167 952 5881 956 1179 5882 1181 952 5883 956 1181 5884 1183 1179 5885 1181 1197 5886 1199 1181 5887 1183 952 5888 956 1237 5889 1239 1239 5890 1241 1181 5891 1183 1181 5892 1183 1197 5893 1199 1237 5894 1239 1198 5895 1200 951 5896 955 953 5897 957 953 5898 957 955 5899 959 1163 5900 1165 1163 5901 1165 1166 5902 1168 953 5903 957 953 5904 957 1166 5905 1168 1178 5906 1180 1178 5907 1180 1180 5908 1182 953 5909 957 1180 5910 1182 1182 5911 1184 953 5912 957 953 5913 957 1182 5914 1184 1198 5915 1200 1198 5916 1200 1182 5917 1184 1240 5918 1242 1240 5919 1242 1238 5920 1240 1198 5921 1200 1211 5922 1213 1209 5923 1211 1243 5924 1245 1243 5925 1245 1241 5926 1243 1211 5927 1213 1225 5928 1227 1227 5929 1229 1209 5930 1211 1209 5931 1211 1211 5932 1213 1225 5933 1227 1263 5934 1265 1261 5935 1263 1227 5936 1229 1227 5937 1229 1225 5938 1227 1263 5939 1265 1242 5940 1244 1244 5941 1246 1210 5942 1212 1210 5943 1212 1212 5944 1214 1242 5945 1244 1212 5946 1214 1210 5947 1212 1228 5948 1230 1228 5949 1230 1226 5950 1228 1212 5951 1214 1226 5952 1228 1228 5953 1230 1262 5954 1264 1262 5955 1264 1264 5956 1266 1226 5957 1228 1213 5958 1215 1211 5959 1213 1241 5960 1243 1241 5961 1243 1239 5962 1241 1213 5963 1215 1223 5964 1225 1225 5965 1227 1211 5966 1213 1211 5967 1213 1213 5968 1215 1223 5969 1225 1265 5970 1267 1263 5971 1265 1225 5972 1227 1225 5973 1227 1223 5974 1225 1265 5975 1267 1240 5976 1242 1242 5977 1244 1212 5978 1214 1212 5979 1214 1214 5980 1216 1240 5981 1242 1214 5982 1216 1212 5983 1214 1226 5984 1228 1226 5985 1228 1224 5986 1226 1214 5987 1216 1224 5988 1226 1226 5989 1228 1264 5990 1266 1264 5991 1266 1266 5992 1268 1224 5993 1226 1215 5994 1217 1213 5995 1215 1239 5996 1241 1239 5997 1241 1237 5998 1239 1215 5999 1217 1221 6000 1223 1223 6001 1225 1213 6002 1215 1213 6003 1215 1215 6004 1217 1221 6005 1223 1215 6006 1217 1217 6007 1219 1219 6008 1221 1219 6009 1221 1221 6010 1223 1215 6011 1217 1237 6012 1239 1235 6013 1237 1217 6014 1219 1217 6015 1219 1215 6016 1217 1237 6017 1239 1221 6018 1223 1219 6019 1221 1269 6020 1271 1269 6021 1271 1267 6022 1269 1221 6023 1223 1267 6024 1269 1265 6025 1267 1223 6026 1225 1223 6027 1225 1221 6028 1223 1267 6029 1269 1238 6030 1240 1240 6031 1242 1214 6032 1216 1214 6033 1216 1216 6034 1218 1238 6035 1240 1216 6036 1218 1214 6037 1216 1224 6038 1226 1224 6039 1226 1222 6040 1224 1216 6041 1218 1222 6042 1224 1220 6043 1222 1218 6044 1220 1218 6045 1220 1216 6046 1218 1222 6047 1224 1216 6048 1218 1218 6049 1220 1236 6050 1238 1236 6051 1238 1238 6052 1240 1216 6053 1218 1268 6054 1270 1270 6055 1272 1220 6056 1222 1220 6057 1222 1222 6058 1224 1268 6059 1270 1222 6060 1224 1224 6061 1226 1266 6062 1268 1266 6063 1268 1268 6064 1270 1222 6065 1224 1245 6066 1247 1243 6067 1245 1209 6068 1211 1209 6069 1211 1207 6070 1209 1245 6071 1247 1207 6072 1209 1209 6073 1211 1227 6074 1229 1227 6075 1229 1229 6076 1231 1207 6077 1209 1229 6078 1231 1227 6079 1229 1261 6080 1263 1261 6081 1263 1259 6082 1261 1229 6083 1231 1208 6084 1210 1210 6085 1212 1244 6086 1246 1244 6087 1246 1246 6088 1248 1208 6089 1210 1230 6090 1232 1228 6091 1230 1210 6092 1212 1210 6093 1212 1208 6094 1210 1230 6095 1232 1260 6096 1262 1262 6097 1264 1228 6098 1230 1228 6099 1230 1230 6100 1232 1260 6101 1262 1247 6102 1249 1245 6103 1247 1207 6104 1209 1207 6105 1209 1205 6106 1207 1247 6107 1249 1205 6108 1207 1207 6109 1209 1229 6110 1231 1229 6111 1231 1231 6112 1233 1205 6113 1207 1231 6114 1233 1229 6115 1231 1259 6116 1261 1259 6117 1261 1257 6118 1259 1231 6119 1233 1206 6120 1208 1208 6121 1210 1246 6122 1248 1246 6123 1248 1248 6124 1250 1206 6125 1208 1232 6126 1234 1230 6127 1232 1208 6128 1210 1208 6129 1210 1206 6130 1208 1232 6131 1234 1258 6132 1260 1260 6133 1262 1230 6134 1232 1230 6135 1232 1232 6136 1234 1258 6137 1260 1233 6138 1235 1199 6139 1201 1201 6140 1203 1201 6141 1203 1203 6142 1205 1233 6143 1235 1203 6144 1205 1201 6145 1203 1251 6146 1253 1251 6147 1253 1249 6148 1251 1203 6149 1205 1249 6150 1251 1247 6151 1249 1205 6152 1207 1205 6153 1207 1203 6154 1205 1249 6155 1251 1203 6156 1205 1205 6157 1207 1231 6158 1233 1231 6159 1233 1233 6160 1235 1203 6161 1205 1233 6162 1235 1231 6163 1233 1257 6164 1259 1257 6165 1259 1255 6166 1257 1233 6167 1235 1255 6168 1257 1253 6169 1255 1199 6170 1201 1199 6171 1201 1233 6172 1235 1255 6173 1257 1204 6174 1206 1202 6175 1204 1200 6176 1202 1200 6177 1202 1234 6178 1236 1204 6179 1206 1250 6180 1252 1252 6181 1254 1202 6182 1204 1202 6183 1204 1204 6184 1206 1250 6185 1252 1204 6186 1206 1206 6187 1208 1248 6188 1250 1248 6189 1250 1250 6190 1252 1204 6191 1206 1234 6192 1236 1232 6193 1234 1206 6194 1208 1206 6195 1208 1204 6196 1206 1234 6197 1236 1256 6198 1258 1258 6199 1260 1232 6200 1234 1232 6201 1234 1234 6202 1236 1256 6203 1258 1234 6204 1236 1200 6205 1202 1254 6206 1256 1254 6207 1256 1256 6208 1258 1234 6209 1236 1150 6210 1152 1006 6211 1010 983 6212 987 983 6213 987 985 6214 989 1150 6215 1152 986 6216 990 984 6217 988 1007 6218 1011 1007 6219 1011 1151 6220 1153 986 6221 990 1152 6222 1154 1150 6223 1152 985 6224 989 985 6225 989 987 6226 991 1152 6227 1154 988 6228 992 986 6229 990 1151 6230 1153 1151 6231 1153 1153 6232 1155 988 6233 992 1154 6234 1156 1152 6235 1154 987 6236 991 987 6237 991 989 6238 993 1154 6239 1156 990 6240 994 988 6241 992 1153 6242 1155 1153 6243 1155 1155 6244 1157 990 6245 994 1156 6246 1158 1154 6247 1156 989 6248 993 989 6249 993 992 6250 996 1156 6251 1158 992 6252 996 991 6253 995 1158 6254 1160 1158 6255 1160 1156 6256 1158 992 6257 996 993 6258 997 990 6259 994 1155 6260 1157 1155 6261 1157 1157 6262 1159 993 6263 997 1157 6264 1159 1158 6265 1160 991 6266 995 991 6267 995 993 6268 997 1157 6269 1159 1271 6270 1273 1159 6271 1161 991 6272 995 991 6273 995 992 6274 996 1271 6275 1273 993 6276 997 991 6277 995 1159 6278 1161 1159 6279 1161 1272 6280 1274 993 6281 997 1273 6282 1275 1271 6283 1273 992 6284 996 992 6285 996 989 6286 993 1273 6287 1275 990 6288 994 993 6289 997 1272 6290 1274 1272 6291 1274 1274 6292 1276 990 6293 994 1275 6294 1277 1273 6295 1275 989 6296 993 989 6297 993 987 6298 991 1275 6299 1277 988 6300 992 990 6301 994 1274 6302 1276 1274 6303 1276 1276 6304 1278 988 6305 992 1277 6306 1279 1275 6307 1277 987 6308 991 987 6309 991 985 6310 989 1277 6311 1279 986 6312 990 988 6313 992 1276 6314 1278 1276 6315 1278 1278 6316 1280 986 6317 990 1279 6318 1281 1277 6319 1279 985 6320 989 985 6321 989 983 6322 987 1279 6323 1281 984 6324 988 986 6325 990 1278 6326 1280 1278 6327 1280 1280 6328 1282 984 6329 988 1285 6330 1287 1160 6331 1162 1159 6332 1161 1159 6333 1161 1271 6334 1273 1285 6335 1287 1272 6336 1274 1159 6337 1161 1160 6338 1162 1160 6339 1162 1286 6340 1288 1272 6341 1274 1287 6342 1289 1285 6343 1287 1271 6344 1273 1271 6345 1273 1273 6346 1275 1287 6347 1289 1274 6348 1276 1272 6349 1274 1286 6350 1288 1286 6351 1288 1288 6352 1290 1274 6353 1276 1289 6354 1291 1287 6355 1289 1273 6356 1275 1273 6357 1275 1275 6358 1277 1289 6359 1291 1276 6360 1278 1274 6361 1276 1288 6362 1290 1288 6363 1290 1290 6364 1292 1276 6365 1278 1291 6366 1293 1289 6367 1291 1275 6368 1277 1275 6369 1277 1277 6370 1279 1291 6371 1293 1278 6372 1280 1276 6373 1278 1290 6374 1292 1290 6375 1292 1292 6376 1294 1278 6377 1280 1293 6378 1295 1291 6379 1293 1277 6380 1279 1277 6381 1279 1279 6382 1281 1293 6383 1295 1279 6384 1281 1281 6385 1283 1295 6386 1297 1295 6387 1297 1293 6388 1295 1279 6389 1281 1280 6390 1282 1278 6391 1280 1292 6392 1294 1292 6393 1294 1294 6394 1296 1280 6395 1282 1294 6396 1296 1296 6397 1298 1282 6398 1284 1282 6399 1284 1280 6400 1282 1294 6401 1296 1000 6402 1004 998 6403 1002 975 6404 979 975 6405 979 977 6406 981 1000 6407 1004 978 6408 982 976 6409 980 999 6410 1003 999 6411 1003 1001 6412 1005 978 6413 982 981 6414 985 983 6415 987 1006 6416 1010 1006 6417 1010 1004 6418 1008 981 6419 985 1281 6420 1283 1279 6421 1281 983 6422 987 983 6423 987 981 6424 985 1281 6425 1283 1005 6426 1009 1007 6427 1011 984 6428 988 984 6429 988 982 6430 986 1005 6431 1009 982 6432 986 984 6433 988 1280 6434 1282 1280 6435 1282 1282 6436 1284 982 6437 986 1002 6438 1006 1000 6439 1004 977 6440 981 977 6441 981 979 6442 983 1002 6443 1006 979 6444 983 981 6445 985 1004 6446 1008 1004 6447 1008 1002 6448 1006 979 6449 983 980 6450 984 978 6451 982 1001 6452 1005 1001 6453 1005 1003 6454 1007 980 6455 984 1003 6456 1007 1005 6457 1009 982 6458 986 982 6459 986 980 6460 984 1003 6461 1007 1142 6462 1144 1144 6463 1146 969 6464 973 969 6465 973 967 6466 971 1142 6467 1144 968 6468 972 970 6469 974 1145 6470 1147 1145 6471 1147 1143 6472 1145 968 6473 972 1140 6474 1142 1142 6475 1144 967 6476 971 1140 6477 1142 967 6478 971 959 6479 963 968 6480 972 1143 6481 1145 1141 6482 1143 960 6483 964 968 6484 972 1141 6485 1143 1138 6486 1140 1140 6487 1142 959 6488 963 960 6489 964 1141 6490 1143 1139 6491 1141 1138 6492 1140 959 6493 963 961 6494 965 961 6495 965 1136 6496 1138 1138 6497 1140 1137 6498 1139 962 6499 966 960 6500 964 960 6501 964 1139 6502 1141 1137 6503 1139 1146 6504 1148 1136 6505 1138 961 6506 965 961 6507 965 965 6508 969 1146 6509 1148 966 6510 970 962 6511 966 1137 6512 1139 1137 6513 1139 1147 6514 1149 966 6515 970 1148 6516 1150 1146 6517 1148 965 6518 969 965 6519 969 963 6520 967 1148 6521 1150 964 6522 968 966 6523 970 1147 6524 1149 1147 6525 1149 1149 6526 1151 964 6527 968 994 6528 998 1022 6529 1026 969 6530 973 969 6531 973 971 6532 975 994 6533 998 971 6534 975 969 6535 973 1144 6536 1146 972 6537 976 970 6538 974 1023 6539 1027 1023 6540 1027 995 6541 999 972 6542 976 1145 6543 1147 970 6544 974 972 6545 976 996 6546 1000 994 6547 998 971 6548 975 971 6549 975 973 6550 977 996 6551 1000 973 6552 977 975 6553 979 998 6554 1002 998 6555 1002 996 6556 1000 973 6557 977 974 6558 978 972 6559 976 995 6560 999 995 6561 999 997 6562 1001 974 6563 978 997 6564 1001 999 6565 1003 976 6566 980 976 6567 980 974 6568 978 997 6569 1001 1317 6570 1319 975 6571 979 973 6572 977 974 6573 978 976 6574 980 1318 6575 1320 977 6576 981 975 6577 979 1317 6578 1319 1317 6579 1319 1315 6580 1317 977 6581 981 1316 6582 1318 1318 6583 1320 976 6584 980 976 6585 980 978 6586 982 1316 6587 1318 979 6588 983 977 6589 981 1315 6590 1317 1315 6591 1317 1313 6592 1315 979 6593 983 1314 6594 1316 1316 6595 1318 978 6596 982 978 6597 982 980 6598 984 1314 6599 1316 979 6600 983 1313 6601 1315 1311 6602 1313 1311 6603 1313 981 6604 985 979 6605 983 1312 6606 1314 1314 6607 1316 980 6608 984 980 6609 984 982 6610 986 1312 6611 1314 1283 6612 1285 1281 6613 1283 981 6614 985 981 6615 985 1311 6616 1313 1283 6617 1285 1312 6618 1314 982 6619 986 1282 6620 1284 1282 6621 1284 1284 6622 1286 1312 6623 1314 1297 6624 1299 1295 6625 1297 1281 6626 1283 1281 6627 1283 1283 6628 1285 1297 6629 1299 1284 6630 1286 1282 6631 1284 1296 6632 1298 1296 6633 1298 1298 6634 1300 1284 6635 1286 1309 6636 1311 1295 6637 1297 1297 6638 1299 1298 6639 1300 1296 6640 1298 1310 6641 1312 1349 6642 1351 1297 6643 1299 1283 6644 1285 1283 6645 1285 1347 6646 1349 1349 6647 1351 1348 6648 1350 1284 6649 1286 1298 6650 1300 1298 6651 1300 1350 6652 1352 1348 6653 1350 1347 6654 1349 1283 6655 1285 1311 6656 1313 1311 6657 1313 1345 6658 1347 1347 6659 1349 1346 6660 1348 1312 6661 1314 1284 6662 1286 1284 6663 1286 1348 6664 1350 1346 6665 1348 1345 6666 1347 1311 6667 1313 1313 6668 1315 1313 6669 1315 1343 6670 1345 1345 6671 1347 1344 6672 1346 1314 6673 1316 1312 6674 1314 1312 6675 1314 1346 6676 1348 1344 6677 1346 1343 6678 1345 1313 6679 1315 1315 6680 1317 1315 6681 1317 1341 6682 1343 1343 6683 1345 1342 6684 1344 1316 6685 1318 1314 6686 1316 1314 6687 1316 1344 6688 1346 1342 6689 1344 1341 6690 1343 1315 6691 1317 1317 6692 1319 1317 6693 1319 1339 6694 1341 1341 6695 1343 1340 6696 1342 1318 6697 1320 1316 6698 1318 1316 6699 1318 1342 6700 1344 1340 6701 1342 1339 6702 1341 1317 6703 1319 973 6704 977 973 6705 977 1337 6706 1339 1339 6707 1341 1338 6708 1340 974 6709 978 1318 6710 1320 1318 6711 1320 1340 6712 1342 1338 6713 1340 1337 6714 1339 973 6715 977 971 6716 975 971 6717 975 1335 6718 1337 1337 6719 1339 1336 6720 1338 972 6721 976 974 6722 978 974 6723 978 1338 6724 1340 1336 6725 1338 1335 6726 1337 971 6727 975 1144 6728 1146 1144 6729 1146 1319 6730 1321 1335 6731 1337 1320 6732 1322 1145 6733 1147 972 6734 976 972 6735 976 1336 6736 1338 1320 6737 1322 1319 6738 1321 1144 6739 1146 1142 6740 1144 1142 6741 1144 1321 6742 1323 1319 6743 1321 1322 6744 1324 1143 6745 1145 1145 6746 1147 1145 6747 1147 1320 6748 1322 1322 6749 1324 1321 6750 1323 1142 6751 1144 1140 6752 1142 1140 6753 1142 1323 6754 1325 1321 6755 1323 1324 6756 1326 1141 6757 1143 1143 6758 1145 1143 6759 1145 1322 6760 1324 1324 6761 1326 1323 6762 1325 1140 6763 1142 1138 6764 1140 1138 6765 1140 1325 6766 1327 1323 6767 1325 1326 6768 1328 1139 6769 1141 1141 6770 1143 1141 6771 1143 1324 6772 1326 1326 6773 1328 1325 6774 1327 1138 6775 1140 1136 6776 1138 1136 6777 1138 1327 6778 1329 1325 6779 1327 1328 6780 1330 1137 6781 1139 1139 6782 1141 1139 6783 1141 1326 6784 1328 1328 6785 1330 1327 6786 1329 1136 6787 1138 1146 6788 1148 1146 6789 1148 1329 6790 1331 1327 6791 1329 1329 6792 1331 1146 6793 1148 1148 6794 1150 1148 6795 1150 1331 6796 1333 1329 6797 1331 1331 6798 1333 1148 6799 1150 963 6800 967 963 6801 967 1333 6802 1335 1331 6803 1333 1330 6804 1332 1147 6805 1149 1137 6806 1139 1137 6807 1139 1328 6808 1330 1330 6809 1332 1332 6810 1334 1149 6811 1151 1147 6812 1149 1147 6813 1149 1330 6814 1332 1332 6815 1334 1334 6816 1336 964 6817 968 1149 6818 1151 1149 6819 1151 1332 6820 1334 1334 6821 1336 1293 6822 1295 1295 6823 1297 1309 6824 1311 1309 6825 1311 1307 6826 1309 1293 6827 1295 1308 6828 1310 1310 6829 1312 1296 6830 1298 1296 6831 1298 1294 6832 1296 1308 6833 1310 1351 6834 1353 1309 6835 1311 1297 6836 1299 1297 6837 1299 1349 6838 1351 1351 6839 1353 1350 6840 1352 1298 6841 1300 1310 6842 1312 1310 6843 1312 1352 6844 1354 1350 6845 1352 1291 6846 1293 1293 6847 1295 1307 6848 1309 1307 6849 1309 1305 6850 1307 1291 6851 1293 1306 6852 1308 1308 6853 1310 1294 6854 1296 1294 6855 1296 1292 6856 1294 1306 6857 1308 1289 6858 1291 1291 6859 1293 1305 6860 1307 1305 6861 1307 1303 6862 1305 1289 6863 1291 1304 6864 1306 1306 6865 1308 1292 6866 1294 1292 6867 1294 1290 6868 1292 1304 6869 1306 1287 6870 1289 1289 6871 1291 1303 6872 1305 1303 6873 1305 1301 6874 1303 1287 6875 1289 1302 6876 1304 1304 6877 1306 1290 6878 1292 1290 6879 1292 1288 6880 1290 1302 6881 1304 1299 6882 1301 1285 6883 1287 1287 6884 1289 1287 6885 1289 1301 6886 1303 1299 6887 1301 1302 6888 1304 1288 6889 1290 1286 6890 1288 1286 6891 1288 1300 6892 1302 1302 6893 1304 1300 6894 1302 1286 6895 1288 1160 6896 1162 1160 6897 1162 1161 6898 1163 1300 6899 1302 1161 6900 1163 1160 6901 1162 1285 6902 1287 1285 6903 1287 1299 6904 1301 1161 6905 1163 1361 6906 1363 1299 6907 1301 1301 6908 1303 1301 6909 1303 1359 6910 1361 1361 6911 1363 1363 6912 1365 1161 6913 1163 1299 6914 1301 1299 6915 1301 1361 6916 1363 1363 6917 1365 1360 6918 1362 1302 6919 1304 1300 6920 1302 1300 6921 1302 1362 6922 1364 1360 6923 1362 1362 6924 1364 1300 6925 1302 1161 6926 1163 1161 6927 1163 1363 6928 1365 1362 6929 1364 1359 6930 1361 1301 6931 1303 1303 6932 1305 1303 6933 1305 1357 6934 1359 1359 6935 1361 1358 6936 1360 1304 6937 1306 1302 6938 1304 1302 6939 1304 1360 6940 1362 1358 6941 1360 1355 6942 1357 1305 6943 1307 1307 6944 1309 1307 6945 1309 1353 6946 1355 1355 6947 1357 1353 6948 1355 1307 6949 1309 1309 6950 1311 1309 6951 1311 1351 6952 1353 1353 6953 1355 1357 6954 1359 1303 6955 1305 1305 6956 1307 1305 6957 1307 1355 6958 1357 1357 6959 1359 1354 6960 1356 1308 6961 1310 1306 6962 1308 1306 6963 1308 1356 6964 1358 1354 6965 1356 1352 6966 1354 1310 6967 1312 1308 6968 1310 1308 6969 1310 1354 6970 1356 1352 6971 1354 1356 6972 1358 1306 6973 1308 1304 6974 1306 1304 6975 1306 1358 6976 1360 1356 6977 1358 1431 6978 1433 1433 6979 1435 1394 6980 1396 1394 6981 1396 1392 6982 1394 1431 6983 1433 1393 6984 1395 1394 6985 1396 1433 6986 1435 1433 6987 1435 1432 6988 1434 1393 6989 1395 1431 6990 1433 1392 6991 1394 1390 6992 1392 1390 6993 1392 1429 6994 1431 1431 6995 1433 1430 6996 1432 1391 6997 1393 1393 6998 1395 1393 6999 1395 1432 7000 1434 1430 7001 1432 1531 7002 1533 1533 7003 1535 1463 7004 1465 1463 7005 1465 1465 7006 1467 1531 7007 1533 1528 7008 1530 1530 7009 1532 1500 7010 1502 1500 7011 1502 1502 7012 1504 1528 7013 1530 1466 7014 1468 1464 7015 1466 1530 7016 1532 1530 7017 1532 1528 7018 1530 1466 7019 1468 1503 7020 1505 1501 7021 1503 1531 7022 1533 1531 7023 1533 1529 7024 1531 1503 7025 1505 1529 7026 1531 1531 7027 1533 1465 7028 1467 1465 7029 1467 1467 7030 1469 1529 7031 1531 1519 7032 1521 1521 7033 1523 1455 7034 1457 1455 7035 1457 1439 7036 1441 1519 7037 1521 1440 7038 1442 1438 7039 1440 1518 7040 1520 1518 7041 1520 1516 7042 1518 1440 7043 1442 1517 7044 1519 1519 7045 1521 1439 7046 1441 1439 7047 1441 1441 7048 1443 1517 7049 1519 1442 7050 1444 1440 7051 1442 1516 7052 1518 1516 7053 1518 1514 7054 1516 1442 7055 1444 1515 7056 1517 1517 7057 1519 1441 7058 1443 1441 7059 1443 1443 7060 1445 1515 7061 1517 1482 7062 1484 1484 7063 1486 1510 7064 1512 1510 7065 1512 1512 7066 1514 1482 7067 1484 1512 7068 1514 1510 7069 1512 1446 7070 1448 1446 7071 1448 1444 7072 1446 1512 7073 1514 1444 7074 1446 1442 7075 1444 1514 7076 1516 1514 7077 1516 1512 7078 1514 1444 7079 1446 1513 7080 1515 1511 7081 1513 1485 7082 1487 1485 7083 1487 1483 7084 1485 1513 7085 1515 1445 7086 1447 1447 7087 1449 1511 7088 1513 1511 7089 1513 1513 7090 1515 1445 7091 1447 1513 7092 1515 1515 7093 1517 1443 7094 1445 1443 7095 1445 1445 7096 1447 1513 7097 1515 1448 7098 1450 1446 7099 1448 1510 7100 1512 1510 7101 1512 1544 7102 1546 1448 7103 1450 1545 7104 1547 1511 7105 1513 1447 7106 1449 1447 7107 1449 1449 7108 1451 1545 7109 1547 1542 7110 1544 1540 7111 1542 1452 7112 1454 1452 7113 1454 1450 7114 1452 1542 7115 1544 1450 7116 1452 1448 7117 1450 1544 7118 1546 1544 7119 1546 1542 7120 1544 1450 7121 1452 1451 7122 1453 1453 7123 1455 1541 7124 1543 1541 7125 1543 1543 7126 1545 1451 7127 1453 1543 7128 1545 1545 7129 1547 1449 7130 1451 1449 7131 1451 1451 7132 1453 1543 7133 1545 1518 7134 1520 1520 7135 1522 1474 7136 1476 1474 7137 1476 1476 7138 1478 1518 7139 1520 1476 7140 1478 1474 7141 1476 1492 7142 1494 1492 7143 1494 1490 7144 1492 1476 7145 1478 1490 7146 1492 1492 7147 1494 1538 7148 1540 1538 7149 1540 1540 7150 1542 1490 7151 1492 1477 7152 1479 1475 7153 1477 1521 7154 1523 1521 7155 1523 1519 7156 1521 1477 7157 1479 1491 7158 1493 1493 7159 1495 1475 7160 1477 1475 7161 1477 1477 7162 1479 1491 7163 1493 1541 7164 1543 1539 7165 1541 1493 7166 1495 1493 7167 1495 1491 7168 1493 1541 7169 1543 1516 7170 1518 1518 7171 1520 1476 7172 1478 1476 7173 1478 1478 7174 1480 1516 7175 1518 1478 7176 1480 1476 7177 1478 1490 7178 1492 1490 7179 1492 1488 7180 1490 1478 7181 1480 1488 7182 1490 1490 7183 1492 1540 7184 1542 1540 7185 1542 1542 7186 1544 1488 7187 1490 1479 7188 1481 1477 7189 1479 1519 7190 1521 1519 7191 1521 1517 7192 1519 1479 7193 1481 1489 7194 1491 1491 7195 1493 1477 7196 1479 1477 7197 1479 1479 7198 1481 1489 7199 1491 1543 7200 1545 1541 7201 1543 1491 7202 1493 1491 7203 1493 1489 7204 1491 1543 7205 1545 1514 7206 1516 1516 7207 1518 1478 7208 1480 1478 7209 1480 1480 7210 1482 1514 7211 1516 1480 7212 1482 1478 7213 1480 1488 7214 1490 1488 7215 1490 1486 7216 1488 1480 7217 1482 1486 7218 1488 1484 7219 1486 1482 7220 1484 1482 7221 1484 1480 7222 1482 1486 7223 1488 1480 7224 1482 1482 7225 1484 1512 7226 1514 1512 7227 1514 1514 7228 1516 1480 7229 1482 1544 7230 1546 1510 7231 1512 1484 7232 1486 1484 7233 1486 1486 7234 1488 1544 7235 1546 1486 7236 1488 1488 7237 1490 1542 7238 1544 1542 7239 1544 1544 7240 1546 1486 7241 1488 1481 7242 1483 1479 7243 1481 1517 7244 1519 1517 7245 1519 1515 7246 1517 1481 7247 1483 1487 7248 1489 1489 7249 1491 1479 7250 1481 1479 7251 1481 1481 7252 1483 1487 7253 1489 1481 7254 1483 1483 7255 1485 1485 7256 1487 1485 7257 1487 1487 7258 1489 1481 7259 1483 1515 7260 1517 1513 7261 1515 1483 7262 1485 1483 7263 1485 1481 7264 1483 1515 7265 1517 1487 7266 1489 1485 7267 1487 1511 7268 1513 1511 7269 1513 1545 7270 1547 1487 7271 1489 1545 7272 1547 1543 7273 1545 1489 7274 1491 1489 7275 1491 1487 7276 1489 1545 7277 1547 1504 7278 1506 1502 7279 1504 1500 7280 1502 1500 7281 1502 1498 7282 1500 1504 7283 1506 1498 7284 1500 1500 7285 1502 1530 7286 1532 1530 7287 1532 1532 7288 1534 1498 7289 1500 1526 7290 1528 1528 7291 1530 1502 7292 1504 1502 7293 1504 1504 7294 1506 1526 7295 1528 1499 7296 1501 1501 7297 1503 1503 7298 1505 1503 7299 1505 1505 7300 1507 1499 7301 1501 1533 7302 1535 1531 7303 1533 1501 7304 1503 1501 7305 1503 1499 7306 1501 1533 7307 1535 1505 7308 1507 1503 7309 1505 1529 7310 1531 1529 7311 1531 1527 7312 1529 1505 7313 1507 1496 7314 1498 1498 7315 1500 1532 7316 1534 1532 7317 1534 1534 7318 1536 1496 7319 1498 1506 7320 1508 1504 7321 1506 1498 7322 1500 1498 7323 1500 1496 7324 1498 1506 7325 1508 1524 7326 1526 1526 7327 1528 1504 7328 1506 1504 7329 1506 1506 7330 1508 1524 7331 1526 1535 7332 1537 1533 7333 1535 1499 7334 1501 1499 7335 1501 1497 7336 1499 1535 7337 1537 1497 7338 1499 1499 7339 1501 1505 7340 1507 1505 7341 1507 1507 7342 1509 1497 7343 1499 1507 7344 1509 1505 7345 1507 1527 7346 1529 1527 7347 1529 1525 7348 1527 1507 7349 1509 1536 7350 1538 1538 7351 1540 1492 7352 1494 1492 7353 1494 1494 7354 1496 1536 7355 1538 1494 7356 1496 1492 7357 1494 1474 7358 1476 1474 7359 1476 1508 7360 1510 1494 7361 1496 1494 7362 1496 1496 7363 1498 1534 7364 1536 1534 7365 1536 1536 7366 1538 1494 7367 1496 1508 7368 1510 1506 7369 1508 1496 7370 1498 1496 7371 1498 1494 7372 1496 1508 7373 1510 1522 7374 1524 1524 7375 1526 1506 7376 1508 1506 7377 1508 1508 7378 1510 1522 7379 1524 1508 7380 1510 1474 7381 1476 1520 7382 1522 1520 7383 1522 1522 7384 1524 1508 7385 1510 1495 7386 1497 1493 7387 1495 1539 7388 1541 1539 7389 1541 1537 7390 1539 1495 7391 1497 1509 7392 1511 1475 7393 1477 1493 7394 1495 1493 7395 1495 1495 7396 1497 1509 7397 1511 1537 7398 1539 1535 7399 1537 1497 7400 1499 1497 7401 1499 1495 7402 1497 1537 7403 1539 1495 7404 1497 1497 7405 1499 1507 7406 1509 1507 7407 1509 1509 7408 1511 1495 7409 1497 1509 7410 1511 1507 7411 1509 1525 7412 1527 1525 7413 1527 1523 7414 1525 1509 7415 1511 1523 7416 1525 1521 7417 1523 1475 7418 1477 1475 7419 1477 1509 7420 1511 1523 7421 1525 1376 7422 1378 1452 7423 1454 1456 7424 1458 1456 7425 1458 1452 7426 1454 1540 7427 1542 1540 7428 1542 1538 7429 1540 1456 7430 1458 1457 7431 1459 1453 7432 1455 1377 7433 1379 1539 7434 1541 1541 7435 1543 1453 7436 1455 1453 7437 1455 1457 7438 1459 1539 7439 1541 1454 7440 1456 1438 7441 1440 1364 7442 1366 1520 7443 1522 1518 7444 1520 1438 7445 1440 1438 7446 1440 1454 7447 1456 1520 7448 1522 1365 7449 1367 1439 7450 1441 1455 7451 1457 1366 7452 1368 1470 7453 1472 1472 7454 1474 1472 7455 1474 1470 7456 1472 1524 7457 1526 1524 7458 1526 1522 7459 1524 1472 7460 1474 1522 7461 1524 1520 7462 1522 1454 7463 1456 1454 7464 1456 1472 7465 1474 1522 7466 1524 1473 7467 1475 1471 7468 1473 1367 7469 1369 1523 7470 1525 1525 7471 1527 1471 7472 1473 1471 7473 1473 1473 7474 1475 1523 7475 1525 1473 7476 1475 1455 7477 1457 1521 7478 1523 1521 7479 1523 1523 7480 1525 1473 7481 1475 1472 7482 1474 1454 7483 1456 1364 7484 1366 1364 7485 1366 1366 7486 1368 1472 7487 1474 1468 7488 1470 1470 7489 1472 1366 7490 1368 1468 7491 1470 1466 7492 1468 1528 7493 1530 1528 7494 1530 1526 7495 1528 1468 7496 1470 1526 7497 1528 1524 7498 1526 1470 7499 1472 1470 7500 1472 1468 7501 1470 1526 7502 1528 1367 7503 1369 1365 7504 1367 1455 7505 1457 1455 7506 1457 1473 7507 1475 1367 7508 1369 1367 7509 1369 1471 7510 1473 1469 7511 1471 1527 7512 1529 1529 7513 1531 1467 7514 1469 1467 7515 1469 1469 7516 1471 1527 7517 1529 1469 7518 1471 1471 7519 1473 1525 7520 1527 1525 7521 1527 1527 7522 1529 1469 7523 1471 1462 7524 1464 1460 7525 1462 1534 7526 1536 1534 7527 1536 1532 7528 1534 1462 7529 1464 1532 7530 1534 1530 7531 1532 1464 7532 1466 1464 7533 1466 1462 7534 1464 1532 7535 1534 1533 7536 1535 1535 7537 1537 1461 7538 1463 1461 7539 1463 1463 7540 1465 1533 7541 1535 1395 7542 1397 1376 7543 1378 1456 7544 1458 1456 7545 1458 1458 7546 1460 1395 7547 1397 1395 7548 1397 1460 7549 1462 1462 7550 1464 1458 7551 1460 1456 7552 1458 1538 7553 1540 1538 7554 1540 1536 7555 1538 1458 7556 1460 1536 7557 1538 1534 7558 1536 1460 7559 1462 1460 7560 1462 1458 7561 1460 1536 7562 1538 1459 7563 1461 1457 7564 1459 1377 7565 1379 1377 7566 1379 1396 7567 1398 1459 7568 1461 1463 7569 1465 1461 7570 1463 1396 7571 1398 1537 7572 1539 1539 7573 1541 1457 7574 1459 1457 7575 1459 1459 7576 1461 1537 7577 1539 1459 7578 1461 1461 7579 1463 1535 7580 1537 1535 7581 1537 1537 7582 1539 1459 7583 1461 1388 7584 1390 1422 7585 1424 1436 7586 1438 1437 7587 1439 1423 7588 1425 1389 7589 1391 1638 7590 1640 1640 7591 1642 1602 7592 1604 1602 7593 1604 1604 7594 1606 1638 7595 1640 1605 7596 1607 1603 7597 1605 1641 7598 1643 1641 7599 1643 1639 7600 1641 1605 7601 1607 1629 7602 1631 1631 7603 1633 1569 7604 1571 1569 7605 1571 1387 7606 1389 1629 7607 1631 1546 7608 1548 1386 7609 1388 1628 7610 1630 1628 7611 1630 1626 7612 1628 1546 7613 1548 1627 7614 1629 1629 7615 1631 1387 7616 1389 1387 7617 1389 1547 7618 1549 1627 7619 1629 1548 7620 1550 1546 7621 1548 1626 7622 1628 1626 7623 1628 1624 7624 1626 1548 7625 1550 1625 7626 1627 1627 7627 1629 1547 7628 1549 1547 7629 1549 1549 7630 1551 1625 7631 1627 1550 7632 1552 1548 7633 1550 1624 7634 1626 1624 7635 1626 1622 7636 1624 1550 7637 1552 1623 7638 1625 1625 7639 1627 1549 7640 1551 1549 7641 1551 1551 7642 1553 1623 7643 1625 1620 7644 1622 1622 7645 1624 1584 7646 1586 1584 7647 1586 1586 7648 1588 1620 7649 1622 1552 7650 1554 1550 7651 1552 1622 7652 1624 1622 7653 1624 1620 7654 1622 1552 7655 1554 1587 7656 1589 1585 7657 1587 1623 7658 1625 1623 7659 1625 1621 7660 1623 1587 7661 1589 1621 7662 1623 1623 7663 1625 1551 7664 1553 1551 7665 1553 1553 7666 1555 1621 7667 1623 1554 7668 1556 1552 7669 1554 1620 7670 1622 1620 7671 1622 1618 7672 1620 1554 7673 1556 1619 7674 1621 1621 7675 1623 1553 7676 1555 1553 7677 1555 1555 7678 1557 1619 7679 1621 1556 7680 1558 1554 7681 1556 1618 7682 1620 1618 7683 1620 1616 7684 1618 1556 7685 1558 1617 7686 1619 1619 7687 1621 1555 7688 1557 1555 7689 1557 1557 7690 1559 1617 7691 1619 1558 7692 1560 1556 7693 1558 1616 7694 1618 1616 7695 1618 1614 7696 1616 1558 7697 1560 1615 7698 1617 1617 7699 1619 1557 7700 1559 1557 7701 1559 1559 7702 1561 1615 7703 1617 1646 7704 1648 1612 7705 1614 1594 7706 1596 1594 7707 1596 1596 7708 1598 1646 7709 1648 1596 7710 1598 1594 7711 1596 1576 7712 1578 1576 7713 1578 1610 7714 1612 1596 7715 1598 1610 7716 1612 1576 7717 1578 1630 7718 1632 1630 7719 1632 1632 7720 1634 1610 7721 1612 1597 7722 1599 1595 7723 1597 1613 7724 1615 1613 7725 1615 1647 7726 1649 1597 7727 1599 1611 7728 1613 1577 7729 1579 1595 7730 1597 1595 7731 1597 1597 7732 1599 1611 7733 1613 1633 7734 1635 1631 7735 1633 1577 7736 1579 1577 7737 1579 1611 7738 1613 1633 7739 1635 1644 7740 1646 1646 7741 1648 1596 7742 1598 1596 7743 1598 1598 7744 1600 1644 7745 1646 1598 7746 1600 1596 7747 1598 1610 7748 1612 1610 7749 1612 1608 7750 1610 1598 7751 1600 1608 7752 1610 1610 7753 1612 1632 7754 1634 1632 7755 1634 1634 7756 1636 1608 7757 1610 1599 7758 1601 1597 7759 1599 1647 7760 1649 1647 7761 1649 1645 7762 1647 1599 7763 1601 1609 7764 1611 1611 7765 1613 1597 7766 1599 1597 7767 1599 1599 7768 1601 1609 7769 1611 1635 7770 1637 1633 7771 1635 1611 7772 1613 1611 7773 1613 1609 7774 1611 1635 7775 1637 1642 7776 1644 1644 7777 1646 1598 7778 1600 1598 7779 1600 1600 7780 1602 1642 7781 1644 1600 7782 1602 1598 7783 1600 1608 7784 1610 1608 7785 1610 1606 7786 1608 1600 7787 1602 1606 7788 1608 1604 7789 1606 1602 7790 1604 1602 7791 1604 1600 7792 1602 1606 7793 1608 1600 7794 1602 1602 7795 1604 1640 7796 1642 1640 7797 1642 1642 7798 1644 1600 7799 1602 1636 7800 1638 1638 7801 1640 1604 7802 1606 1604 7803 1606 1606 7804 1608 1636 7805 1638 1606 7806 1608 1608 7807 1610 1634 7808 1636 1634 7809 1636 1636 7810 1638 1606 7811 1608 1601 7812 1603 1599 7813 1601 1645 7814 1647 1645 7815 1647 1643 7816 1645 1601 7817 1603 1607 7818 1609 1609 7819 1611 1599 7820 1601 1599 7821 1601 1601 7822 1603 1607 7823 1609 1601 7824 1603 1603 7825 1605 1605 7826 1607 1605 7827 1607 1607 7828 1609 1601 7829 1603 1643 7830 1645 1641 7831 1643 1603 7832 1605 1603 7833 1605 1601 7834 1603 1643 7835 1645 1607 7836 1609 1605 7837 1607 1639 7838 1641 1639 7839 1641 1637 7840 1639 1607 7841 1609 1637 7842 1639 1635 7843 1637 1609 7844 1611 1609 7845 1611 1607 7846 1609 1637 7847 1639 1628 7848 1630 1630 7849 1632 1576 7850 1578 1576 7851 1578 1578 7852 1580 1628 7853 1630 1578 7854 1580 1576 7855 1578 1594 7856 1596 1594 7857 1596 1592 7858 1594 1578 7859 1580 1592 7860 1594 1594 7861 1596 1612 7862 1614 1612 7863 1614 1614 7864 1616 1592 7865 1594 1579 7866 1581 1577 7867 1579 1631 7868 1633 1631 7869 1633 1629 7870 1631 1579 7871 1581 1593 7872 1595 1595 7873 1597 1577 7874 1579 1577 7875 1579 1579 7876 1581 1593 7877 1595 1615 7878 1617 1613 7879 1615 1595 7880 1597 1595 7881 1597 1593 7882 1595 1615 7883 1617 1626 7884 1628 1628 7885 1630 1578 7886 1580 1578 7887 1580 1580 7888 1582 1626 7889 1628 1580 7890 1582 1578 7891 1580 1592 7892 1594 1592 7893 1594 1590 7894 1592 1580 7895 1582 1590 7896 1592 1592 7897 1594 1614 7898 1616 1614 7899 1616 1616 7900 1618 1590 7901 1592 1581 7902 1583 1579 7903 1581 1629 7904 1631 1629 7905 1631 1627 7906 1629 1581 7907 1583 1591 7908 1593 1593 7909 1595 1579 7910 1581 1579 7911 1581 1581 7912 1583 1591 7913 1593 1617 7914 1619 1615 7915 1617 1593 7916 1595 1593 7917 1595 1591 7918 1593 1617 7919 1619 1624 7920 1626 1626 7921 1628 1580 7922 1582 1580 7923 1582 1582 7924 1584 1624 7925 1626 1582 7926 1584 1580 7927 1582 1590 7928 1592 1590 7929 1592 1588 7930 1590 1582 7931 1584 1588 7932 1590 1586 7933 1588 1584 7934 1586 1584 7935 1586 1582 7936 1584 1588 7937 1590 1582 7938 1584 1584 7939 1586 1622 7940 1624 1622 7941 1624 1624 7942 1626 1582 7943 1584 1618 7944 1620 1620 7945 1622 1586 7946 1588 1586 7947 1588 1588 7948 1590 1618 7949 1620 1588 7950 1590 1590 7951 1592 1616 7952 1618 1616 7953 1618 1618 7954 1620 1588 7955 1590 1583 7956 1585 1581 7957 1583 1627 7958 1629 1627 7959 1629 1625 7960 1627 1583 7961 1585 1589 7962 1591 1591 7963 1593 1581 7964 1583 1581 7965 1583 1583 7966 1585 1589 7967 1591 1583 7968 1585 1585 7969 1587 1587 7970 1589 1587 7971 1589 1589 7972 1591 1583 7973 1585 1625 7974 1627 1623 7975 1625 1585 7976 1587 1585 7977 1587 1583 7978 1585 1625 7979 1627 1589 7980 1591 1587 7981 1589 1621 7982 1623 1621 7983 1623 1619 7984 1621 1589 7985 1591 1619 7986 1621 1617 7987 1619 1591 7988 1593 1591 7989 1593 1589 7990 1591 1619 7991 1621 1568 7992 1570 1386 7993 1388 1384 7994 1386 1630 7995 1632 1628 7996 1630 1386 7997 1388 1386 7998 1388 1568 7999 1570 1630 8000 1632 1385 8001 1387 1387 8002 1389 1569 8003 1571 1436 8004 1438 1429 8005 1431 1390 8006 1392 1390 8007 1392 1388 8008 1390 1436 8009 1438 1388 8010 1390 1558 8011 1560 1560 8012 1562 1560 8013 1562 1558 8014 1560 1614 8015 1616 1614 8016 1616 1612 8017 1614 1560 8018 1562 1389 8019 1391 1391 8020 1393 1430 8021 1432 1430 8022 1432 1437 8023 1439 1389 8024 1391 1561 8025 1563 1559 8026 1561 1389 8027 1391 1613 8028 1615 1615 8029 1617 1559 8030 1561 1559 8031 1561 1561 8032 1563 1613 8033 1615 1562 8034 1564 1564 8035 1566 1411 8036 1413 1562 8037 1564 1560 8038 1562 1612 8039 1614 1612 8040 1614 1646 8041 1648 1562 8042 1564 1646 8043 1648 1644 8044 1646 1564 8045 1566 1564 8046 1566 1562 8047 1564 1646 8048 1648 1412 8049 1414 1565 8050 1567 1563 8051 1565 1647 8052 1649 1613 8053 1615 1561 8054 1563 1561 8055 1563 1563 8056 1565 1647 8057 1649 1563 8058 1565 1565 8059 1567 1645 8060 1647 1645 8061 1647 1647 8062 1649 1563 8063 1565 1422 8064 1424 1388 8065 1390 1411 8066 1413 1411 8067 1413 1564 8068 1566 1566 8069 1568 1566 8070 1568 1564 8071 1566 1644 8072 1646 1644 8073 1646 1642 8074 1644 1566 8075 1568 1412 8076 1414 1389 8077 1391 1423 8078 1425 1567 8079 1569 1565 8080 1567 1412 8081 1414 1643 8082 1645 1645 8083 1647 1565 8084 1567 1565 8085 1567 1567 8086 1569 1643 8087 1645 1636 8088 1638 1634 8089 1636 1572 8090 1574 1572 8091 1574 1574 8092 1576 1636 8093 1638 1637 8094 1639 1639 8095 1641 1408 8096 1410 1408 8097 1410 1575 8098 1577 1637 8099 1639 1632 8100 1634 1630 8101 1632 1568 8102 1570 1568 8103 1570 1570 8104 1572 1632 8105 1634 1571 8106 1573 1569 8107 1571 1631 8108 1633 1631 8109 1633 1633 8110 1635 1571 8111 1573 1572 8112 1574 1570 8113 1572 1403 8114 1405 1634 8115 1636 1632 8116 1634 1570 8117 1572 1570 8118 1572 1572 8119 1574 1634 8120 1636 1404 8121 1406 1571 8122 1573 1573 8123 1575 1573 8124 1575 1571 8125 1573 1633 8126 1635 1633 8127 1635 1635 8128 1637 1573 8129 1575 1635 8130 1637 1637 8131 1639 1575 8132 1577 1575 8133 1577 1573 8134 1575 1635 8135 1637 1700 8136 1702 1689 8137 1691 1718 8138 1720 1718 8139 1720 1716 8140 1718 1700 8141 1702 1717 8142 1719 1718 8143 1720 1689 8144 1691 1689 8145 1691 1699 8146 1701 1717 8147 1719 1698 8148 1700 1700 8149 1702 1716 8150 1718 1716 8151 1718 1714 8152 1716 1698 8153 1700 1715 8154 1717 1717 8155 1719 1699 8156 1701 1699 8157 1701 1697 8158 1699 1715 8159 1717 1712 8160 1714 1696 8161 1698 1698 8162 1700 1698 8163 1700 1714 8164 1716 1712 8165 1714 1719 8166 1721 1690 8167 1692 1692 8168 1694 1715 8169 1717 1697 8170 1699 1695 8171 1697 1695 8172 1697 1713 8173 1715 1715 8174 1717 1691 8175 1693 1690 8176 1692 1720 8177 1722 1692 8178 1694 1694 8179 1696 1719 8180 1721 1719 8181 1721 1694 8182 1696 1696 8183 1698 1696 8184 1698 1712 8185 1714 1719 8186 1721 1720 8187 1722 1693 8188 1695 1691 8189 1693 1713 8190 1715 1695 8191 1697 1693 8192 1695 1693 8193 1695 1720 8194 1722 1713 8195 1715 1411 8196 1413 1413 8197 1415 1424 8198 1426 1424 8199 1426 1434 8200 1436 1411 8201 1413 1668 8202 1670 1670 8203 1672 1413 8204 1415 1413 8205 1415 1411 8206 1413 1668 8207 1670 1411 8208 1413 1388 8209 1390 1560 8210 1562 1560 8211 1562 1562 8212 1564 1411 8213 1413 1434 8214 1436 1422 8215 1424 1411 8216 1413 1435 8217 1437 1425 8218 1427 1414 8219 1416 1414 8220 1416 1412 8221 1414 1435 8222 1437 1412 8223 1414 1414 8224 1416 1671 8225 1673 1671 8226 1673 1669 8227 1671 1412 8228 1414 1563 8229 1565 1561 8230 1563 1389 8231 1391 1389 8232 1391 1412 8233 1414 1563 8234 1565 1412 8235 1414 1423 8236 1425 1435 8237 1437 1409 8238 1411 1411 8239 1413 1566 8240 1568 1666 8241 1668 1668 8242 1670 1411 8243 1413 1411 8244 1413 1409 8245 1411 1666 8246 1668 1409 8247 1411 1566 8248 1568 1642 8249 1644 1642 8250 1644 1640 8251 1642 1409 8252 1411 1567 8253 1569 1412 8254 1414 1410 8255 1412 1410 8256 1412 1412 8257 1414 1669 8258 1671 1669 8259 1671 1667 8260 1669 1410 8261 1412 1641 8262 1643 1643 8263 1645 1567 8264 1569 1567 8265 1569 1410 8266 1412 1641 8267 1643 1407 8268 1409 1409 8269 1411 1640 8270 1642 1640 8271 1642 1638 8272 1640 1407 8273 1409 1638 8274 1640 1636 8275 1638 1574 8276 1576 1574 8277 1576 1407 8278 1409 1638 8279 1640 1639 8280 1641 1641 8281 1643 1410 8282 1412 1410 8283 1412 1408 8284 1410 1639 8285 1641 1664 8286 1666 1666 8287 1668 1409 8288 1411 1409 8289 1411 1407 8290 1409 1664 8291 1666 1408 8292 1410 1410 8293 1412 1667 8294 1669 1667 8295 1669 1665 8296 1667 1408 8297 1410 1405 8298 1407 1407 8299 1409 1574 8300 1576 1662 8301 1664 1664 8302 1666 1407 8303 1409 1407 8304 1409 1405 8305 1407 1662 8306 1664 1574 8307 1576 1572 8308 1574 1405 8309 1407 1575 8310 1577 1408 8311 1410 1406 8312 1408 1406 8313 1408 1408 8314 1410 1665 8315 1667 1665 8316 1667 1663 8317 1665 1406 8318 1408 1406 8319 1408 1573 8320 1575 1575 8321 1577 1403 8322 1405 1405 8323 1407 1572 8324 1574 1570 8325 1572 1568 8326 1570 1384 8327 1386 1384 8328 1386 1403 8329 1405 1570 8330 1572 1573 8331 1575 1406 8332 1408 1404 8333 1406 1404 8334 1406 1385 8335 1387 1569 8336 1571 1569 8337 1571 1571 8338 1573 1404 8339 1406 1466 8340 1468 1468 8341 1470 1366 8342 1368 1366 8343 1368 1420 8344 1422 1466 8345 1468 1421 8346 1423 1367 8347 1369 1469 8348 1471 1469 8349 1471 1467 8350 1469 1421 8351 1423 1464 8352 1466 1466 8353 1468 1420 8354 1422 1420 8355 1422 1418 8356 1420 1464 8357 1466 1419 8358 1421 1421 8359 1423 1467 8360 1469 1467 8361 1469 1465 8362 1467 1419 8363 1421 1462 8364 1464 1464 8365 1466 1418 8366 1420 1418 8367 1420 1395 8368 1397 1462 8369 1464 1458 8370 1460 1460 8371 1462 1395 8372 1397 1396 8373 1398 1419 8374 1421 1465 8375 1467 1465 8376 1467 1463 8377 1465 1396 8378 1398 1396 8379 1398 1461 8380 1463 1459 8381 1461 1378 8382 1380 1376 8383 1378 1395 8384 1397 1395 8385 1397 1397 8386 1399 1378 8387 1380 1398 8388 1400 1396 8389 1398 1377 8390 1379 1377 8391 1379 1379 8392 1381 1398 8393 1400 1380 8394 1382 1378 8395 1380 1397 8396 1399 1397 8397 1399 1399 8398 1401 1380 8399 1382 1400 8400 1402 1398 8401 1400 1379 8402 1381 1379 8403 1381 1381 8404 1383 1400 8405 1402 1382 8406 1384 1380 8407 1382 1399 8408 1401 1399 8409 1401 1401 8410 1403 1382 8411 1384 1401 8412 1403 1403 8413 1405 1384 8414 1386 1384 8415 1386 1382 8416 1384 1401 8417 1403 1402 8418 1404 1400 8419 1402 1381 8420 1383 1381 8421 1383 1383 8422 1385 1402 8423 1404 1383 8424 1385 1385 8425 1387 1404 8426 1406 1404 8427 1406 1402 8428 1404 1383 8429 1385 1673 8430 1675 1671 8431 1673 1414 8432 1416 1414 8433 1416 1416 8434 1418 1673 8435 1675 1416 8436 1418 1417 8437 1419 1707 8438 1709 1707 8439 1709 1706 8440 1708 1416 8441 1418 1706 8442 1708 1707 8443 1709 1718 8444 1720 1718 8445 1720 1717 8446 1719 1706 8447 1708 1415 8448 1417 1417 8449 1419 1428 8450 1430 1428 8451 1430 1426 8452 1428 1415 8453 1417 1716 8454 1718 1718 8455 1720 1707 8456 1709 1707 8457 1709 1705 8458 1707 1716 8459 1718 1416 8460 1418 1414 8461 1416 1425 8462 1427 1425 8463 1427 1427 8464 1429 1416 8465 1418 1427 8466 1429 1428 8467 1430 1417 8468 1419 1417 8469 1419 1416 8470 1418 1427 8471 1429 1704 8472 1706 1702 8473 1704 1673 8474 1675 1673 8475 1675 1416 8476 1418 1704 8477 1706 1416 8478 1418 1706 8479 1708 1704 8480 1706 1715 8481 1717 1713 8482 1715 1702 8483 1704 1702 8484 1704 1704 8485 1706 1715 8486 1717 1704 8487 1706 1706 8488 1708 1717 8489 1719 1717 8490 1719 1715 8491 1717 1704 8492 1706 1426 8493 1428 1424 8494 1426 1413 8495 1415 1413 8496 1415 1415 8497 1417 1426 8498 1428 1415 8499 1417 1413 8500 1415 1670 8501 1672 1670 8502 1672 1672 8503 1674 1415 8504 1417 1705 8505 1707 1707 8506 1709 1417 8507 1419 1417 8508 1419 1415 8509 1417 1705 8510 1707 1415 8511 1417 1672 8512 1674 1701 8513 1703 1701 8514 1703 1703 8515 1705 1415 8516 1417 1703 8517 1705 1705 8518 1707 1415 8519 1417 1703 8520 1705 1701 8521 1703 1712 8522 1714 1712 8523 1714 1714 8524 1716 1703 8525 1705 1714 8526 1716 1716 8527 1718 1705 8528 1707 1705 8529 1707 1703 8530 1705 1714 8531 1716 1676 8532 1678 1673 8533 1675 1702 8534 1704 1702 8535 1704 1709 8536 1711 1676 8537 1678 1709 8538 1711 1702 8539 1704 1713 8540 1715 1713 8541 1715 1720 8542 1722 1709 8543 1711 1708 8544 1710 1701 8545 1703 1672 8546 1674 1672 8547 1674 1675 8548 1677 1708 8549 1710 1719 8550 1721 1712 8551 1714 1701 8552 1703 1701 8553 1703 1708 8554 1710 1719 8555 1721 1664 8556 1666 1662 8557 1664 1685 8558 1687 1685 8559 1687 1683 8560 1685 1664 8561 1666 1684 8562 1686 1686 8563 1688 1663 8564 1665 1663 8565 1665 1665 8566 1667 1684 8567 1686 1669 8568 1671 1671 8569 1673 1678 8570 1680 1678 8571 1680 1680 8572 1682 1669 8573 1671 1681 8574 1683 1679 8575 1681 1668 8576 1670 1668 8577 1670 1666 8578 1668 1681 8579 1683 1666 8580 1668 1664 8581 1666 1683 8582 1685 1683 8583 1685 1681 8584 1683 1666 8585 1668 1681 8586 1683 1683 8587 1685 1729 8588 1731 1729 8589 1731 1731 8590 1733 1681 8591 1683 1667 8592 1669 1669 8593 1671 1680 8594 1682 1680 8595 1682 1682 8596 1684 1667 8597 1669 1682 8598 1684 1684 8599 1686 1665 8600 1667 1665 8601 1667 1667 8602 1669 1682 8603 1684 1732 8604 1734 1730 8605 1732 1684 8606 1686 1684 8607 1686 1682 8608 1684 1732 8609 1734 1399 8610 1401 1397 8611 1399 1654 8612 1656 1654 8613 1656 1656 8614 1658 1399 8615 1401 1657 8616 1659 1655 8617 1657 1398 8618 1400 1398 8619 1400 1400 8620 1402 1657 8621 1659 1660 8622 1662 1662 8623 1664 1405 8624 1407 1405 8625 1407 1403 8626 1405 1660 8627 1662 1404 8628 1406 1406 8629 1408 1663 8630 1665 1663 8631 1665 1661 8632 1663 1404 8633 1406 1401 8634 1403 1399 8635 1401 1656 8636 1658 1656 8637 1658 1658 8638 1660 1401 8639 1403 1658 8640 1660 1660 8641 1662 1403 8642 1405 1403 8643 1405 1401 8644 1403 1658 8645 1660 1659 8646 1661 1657 8647 1659 1400 8648 1402 1400 8649 1402 1402 8650 1404 1659 8651 1661 1402 8652 1404 1404 8653 1406 1661 8654 1663 1661 8655 1663 1659 8656 1661 1402 8657 1404 1648 8658 1650 1420 8659 1422 1366 8660 1368 1366 8661 1368 1368 8662 1370 1648 8663 1650 1369 8664 1371 1367 8665 1369 1421 8666 1423 1421 8667 1423 1649 8668 1651 1369 8669 1371 1733 8670 1735 1725 8671 1727 1737 8672 1739 1738 8673 1740 1726 8674 1728 1734 8675 1736 1735 8676 1737 1733 8677 1735 1737 8678 1739 1731 8679 1733 1729 8680 1731 1733 8681 1735 1733 8682 1735 1735 8683 1737 1731 8684 1733 1735 8685 1737 1737 8686 1739 1788 8687 1790 1788 8688 1790 1786 8689 1788 1735 8690 1737 1738 8691 1740 1734 8692 1736 1736 8693 1738 1736 8694 1738 1734 8695 1736 1730 8696 1732 1730 8697 1732 1732 8698 1734 1736 8699 1738 1787 8700 1789 1789 8701 1791 1738 8702 1740 1738 8703 1740 1736 8704 1738 1787 8705 1789 1739 8706 1741 1731 8707 1733 1735 8708 1737 1739 8709 1741 1735 8710 1737 1786 8711 1788 1786 8712 1788 1784 8713 1786 1739 8714 1741 1736 8715 1738 1732 8716 1734 1740 8717 1742 1785 8718 1787 1787 8719 1789 1736 8720 1738 1736 8721 1738 1740 8722 1742 1785 8723 1787 1681 8724 1683 1731 8725 1733 1739 8726 1741 1739 8727 1741 1741 8728 1743 1681 8729 1683 1741 8730 1743 1739 8731 1741 1784 8732 1786 1784 8733 1786 1782 8734 1784 1741 8735 1743 1742 8736 1744 1740 8737 1742 1732 8738 1734 1732 8739 1734 1682 8740 1684 1742 8741 1744 1783 8742 1785 1785 8743 1787 1740 8744 1742 1740 8745 1742 1742 8746 1744 1783 8747 1785 1681 8748 1683 1741 8749 1743 1743 8750 1745 1743 8751 1745 1741 8752 1743 1782 8753 1784 1782 8754 1784 1780 8755 1782 1743 8756 1745 1744 8757 1746 1742 8758 1744 1682 8759 1684 1781 8760 1783 1783 8761 1785 1742 8762 1744 1742 8763 1744 1744 8764 1746 1781 8765 1783 1679 8766 1681 1681 8767 1683 1743 8768 1745 1743 8769 1745 1745 8770 1747 1679 8771 1681 1745 8772 1747 1743 8773 1745 1780 8774 1782 1780 8775 1782 1778 8776 1780 1745 8777 1747 1746 8778 1748 1744 8779 1746 1682 8780 1684 1682 8781 1684 1680 8782 1682 1746 8783 1748 1779 8784 1781 1781 8785 1783 1744 8786 1746 1744 8787 1746 1746 8788 1748 1779 8789 1781 1670 8790 1672 1668 8791 1670 1679 8792 1681 1679 8793 1681 1677 8794 1679 1670 8795 1672 1677 8796 1679 1679 8797 1681 1745 8798 1747 1677 8799 1679 1745 8800 1747 1778 8801 1780 1778 8802 1780 1776 8803 1778 1677 8804 1679 1746 8805 1748 1680 8806 1682 1678 8807 1680 1777 8808 1779 1779 8809 1781 1746 8810 1748 1746 8811 1748 1678 8812 1680 1777 8813 1779 1672 8814 1674 1670 8815 1672 1677 8816 1679 1677 8817 1679 1675 8818 1677 1672 8819 1674 1675 8820 1677 1677 8821 1679 1776 8822 1778 1776 8823 1778 1774 8824 1776 1675 8825 1677 1676 8826 1678 1678 8827 1680 1671 8828 1673 1671 8829 1673 1673 8830 1675 1676 8831 1678 1775 8832 1777 1777 8833 1779 1678 8834 1680 1678 8835 1680 1676 8836 1678 1775 8837 1777 1710 8838 1712 1708 8839 1710 1675 8840 1677 1710 8841 1712 1675 8842 1677 1774 8843 1776 1774 8844 1776 1772 8845 1774 1710 8846 1712 1676 8847 1678 1709 8848 1711 1711 8849 1713 1773 8850 1775 1775 8851 1777 1676 8852 1678 1676 8853 1678 1711 8854 1713 1773 8855 1775 1721 8856 1723 1674 8857 1676 1690 8858 1692 1690 8859 1692 1719 8860 1721 1721 8861 1723 1770 8862 1772 1769 8863 1771 1674 8864 1676 1674 8865 1676 1721 8866 1723 1770 8867 1772 1721 8868 1723 1719 8869 1721 1708 8870 1710 1708 8871 1710 1710 8872 1712 1721 8873 1723 1721 8874 1723 1710 8875 1712 1772 8876 1774 1772 8877 1774 1770 8878 1772 1721 8879 1723 1720 8880 1722 1690 8881 1692 1674 8882 1676 1674 8883 1676 1722 8884 1724 1720 8885 1722 1722 8886 1724 1674 8887 1676 1769 8888 1771 1769 8889 1771 1771 8890 1773 1722 8891 1724 1711 8892 1713 1709 8893 1711 1720 8894 1722 1720 8895 1722 1722 8896 1724 1711 8897 1713 1771 8898 1773 1773 8899 1775 1711 8900 1713 1711 8901 1713 1722 8902 1724 1771 8903 1773 1788 8904 1790 1737 8905 1739 1725 8906 1727 1725 8907 1727 1767 8908 1769 1788 8909 1790 1768 8910 1770 1726 8911 1728 1738 8912 1740 1738 8913 1740 1789 8914 1791 1768 8915 1770 1727 8916 1729 1725 8917 1727 1733 8918 1735 1734 8919 1736 1726 8920 1728 1728 8921 1730 1723 8922 1725 1727 8923 1729 1733 8924 1735 1733 8925 1735 1729 8926 1731 1723 8927 1725 1729 8928 1731 1683 8929 1685 1685 8930 1687 1685 8931 1687 1723 8932 1725 1729 8933 1731 1730 8934 1732 1734 8935 1736 1728 8936 1730 1728 8937 1730 1724 8938 1726 1730 8939 1732 1724 8940 1726 1686 8941 1688 1684 8942 1686 1684 8943 1686 1730 8944 1732 1724 8945 1726 1687 8946 1689 1685 8947 1687 1662 8948 1664 1662 8949 1664 1660 8950 1662 1687 8951 1689 1723 8952 1725 1685 8953 1687 1687 8954 1689 1661 8955 1663 1663 8956 1665 1686 8957 1688 1686 8958 1688 1688 8959 1690 1661 8960 1663 1688 8961 1690 1686 8962 1688 1724 8963 1726 1747 8964 1749 1687 8965 1689 1660 8966 1662 1747 8967 1749 1660 8968 1662 1658 8969 1660 1661 8970 1663 1688 8971 1690 1748 8972 1750 1659 8973 1661 1661 8974 1663 1748 8975 1750 1749 8976 1751 1747 8977 1749 1658 8978 1660 1659 8979 1661 1748 8980 1750 1750 8981 1752 1751 8982 1753 1749 8983 1751 1658 8984 1660 1658 8985 1660 1656 8986 1658 1751 8987 1753 1657 8988 1659 1659 8989 1661 1750 8990 1752 1750 8991 1752 1752 8992 1754 1657 8993 1659 1753 8994 1755 1751 8995 1753 1656 8996 1658 1656 8997 1658 1654 8998 1656 1753 8999 1755 1655 9000 1657 1657 9001 1659 1752 9002 1754 1752 9003 1754 1754 9004 1756 1655 9005 1657 1652 9006 1654 1654 9007 1656 1397 9008 1399 1397 9009 1399 1395 9010 1397 1652 9011 1654 1753 9012 1755 1654 9013 1656 1652 9014 1654 1396 9015 1398 1398 9016 1400 1655 9017 1657 1655 9018 1657 1653 9019 1655 1396 9020 1398 1653 9021 1655 1655 9022 1657 1754 9023 1756 1418 9024 1420 1420 9025 1422 1648 9026 1650 1648 9027 1650 1650 9028 1652 1418 9029 1420 1650 9030 1652 1652 9031 1654 1395 9032 1397 1395 9033 1397 1418 9034 1420 1650 9035 1652 1651 9036 1653 1649 9037 1651 1421 9038 1423 1421 9039 1423 1419 9040 1421 1651 9041 1653 1419 9042 1421 1396 9043 1398 1653 9044 1655 1653 9045 1655 1651 9046 1653 1419 9047 1421 1802 9048 1804 1753 9049 1755 1652 9050 1654 1652 9051 1654 1804 9052 1806 1802 9053 1804 1805 9054 1807 1653 9055 1655 1754 9056 1756 1754 9057 1756 1803 9058 1805 1805 9059 1807 1798 9060 1800 1749 9061 1751 1751 9062 1753 1751 9063 1753 1800 9064 1802 1798 9065 1800 1800 9066 1802 1751 9067 1753 1753 9068 1755 1753 9069 1755 1802 9070 1804 1800 9071 1802 1801 9072 1803 1752 9073 1754 1750 9074 1752 1750 9075 1752 1799 9076 1801 1801 9077 1803 1803 9078 1805 1754 9079 1756 1752 9080 1754 1752 9081 1754 1801 9082 1803 1803 9083 1805 1794 9084 1796 1687 9085 1689 1747 9086 1749 1747 9087 1749 1796 9088 1798 1794 9089 1796 1796 9090 1798 1747 9091 1749 1749 9092 1751 1749 9093 1751 1798 9094 1800 1796 9095 1798 1797 9096 1799 1748 9097 1750 1688 9098 1690 1688 9099 1690 1795 9100 1797 1797 9101 1799 1799 9102 1801 1750 9103 1752 1748 9104 1750 1748 9105 1750 1797 9106 1799 1799 9107 1801 1790 9108 1792 1767 9109 1769 1725 9110 1727 1725 9111 1727 1727 9112 1729 1790 9113 1792 1790 9114 1792 1727 9115 1729 1723 9116 1725 1723 9117 1725 1792 9118 1794 1790 9119 1792 1792 9120 1794 1723 9121 1725 1687 9122 1689 1687 9123 1689 1794 9124 1796 1792 9125 1794 1728 9126 1730 1726 9127 1728 1768 9128 1770 1768 9129 1770 1791 9130 1793 1728 9131 1730 1793 9132 1795 1724 9133 1726 1728 9134 1730 1728 9135 1730 1791 9136 1793 1793 9137 1795 1795 9138 1797 1688 9139 1690 1724 9140 1726 1724 9141 1726 1793 9142 1795 1795 9143 1797 1763 9144 1765 1650 9145 1652 1648 9146 1650 1649 9147 1651 1651 9148 1653 1764 9149 1766 1370 9150 1372 1372 9151 1374 1757 9152 1759 1757 9153 1759 1759 9154 1761 1370 9155 1372 1761 9156 1763 1368 9157 1370 1370 9158 1372 1370 9159 1372 1759 9160 1761 1761 9161 1763 1760 9162 1762 1758 9163 1760 1373 9164 1375 1373 9165 1375 1371 9166 1373 1760 9167 1762 1760 9168 1762 1371 9169 1373 1369 9170 1371 1369 9171 1371 1762 9172 1764 1760 9173 1762 1755 9174 1757 1757 9175 1759 1372 9176 1374 1372 9177 1374 1374 9178 1376 1755 9179 1757 1375 9180 1377 1373 9181 1375 1758 9182 1760 1758 9183 1760 1756 9184 1758 1375 9185 1377 1816 9186 1818 1755 9187 1757 1374 9188 1376 1374 9189 1376 1818 9190 1820 1816 9191 1818 1819 9192 1821 1375 9193 1377 1756 9194 1758 1756 9195 1758 1817 9196 1819 1819 9197 1821 1812 9198 1814 1757 9199 1759 1755 9200 1757 1755 9201 1757 1816 9202 1818 1812 9203 1814 1817 9204 1819 1756 9205 1758 1758 9206 1760 1758 9207 1760 1813 9208 1815 1817 9209 1819 1814 9210 1816 1759 9211 1761 1757 9212 1759 1757 9213 1759 1812 9214 1814 1814 9215 1816 1813 9216 1815 1758 9217 1760 1760 9218 1762 1760 9219 1762 1815 9220 1817 1813 9221 1815 1368 9222 1370 1761 9223 1763 1765 9224 1767 1763 9225 1765 1648 9226 1650 1368 9227 1370 1368 9228 1370 1765 9229 1767 1763 9230 1765 1766 9231 1768 1762 9232 1764 1369 9233 1371 1766 9234 1768 1369 9235 1371 1649 9236 1651 1649 9237 1651 1764 9238 1766 1766 9239 1768 1810 9240 1812 1761 9241 1763 1759 9242 1761 1759 9243 1761 1814 9244 1816 1810 9245 1812 1815 9246 1817 1760 9247 1762 1762 9248 1764 1762 9249 1764 1811 9250 1813 1815 9251 1817 1820 9252 1822 1765 9253 1767 1761 9254 1763 1761 9255 1763 1810 9256 1812 1820 9257 1822 1811 9258 1813 1762 9259 1764 1766 9260 1768 1766 9261 1768 1821 9262 1823 1811 9263 1813 1804 9264 1806 1652 9265 1654 1650 9266 1652 1650 9267 1652 1806 9268 1808 1804 9269 1806 1806 9270 1808 1650 9271 1652 1763 9272 1765 1763 9273 1765 1808 9274 1810 1806 9275 1808 1808 9276 1810 1763 9277 1765 1765 9278 1767 1765 9279 1767 1820 9280 1822 1808 9281 1810 1807 9282 1809 1651 9283 1653 1653 9284 1655 1653 9285 1655 1805 9286 1807 1807 9287 1809 1809 9288 1811 1764 9289 1766 1651 9290 1653 1651 9291 1653 1807 9292 1809 1809 9293 1811 1821 9294 1823 1766 9295 1768 1764 9296 1766 1764 9297 1766 1809 9298 1811 1821 9299 1823 1700 9300 1702 1699 9301 1701 1689 9302 1691 1694 9303 1696 1693 9304 1695 1695 9305 1697 1695 9306 1697 1696 9307 1698 1694 9308 1696 1692 9309 1694 1691 9310 1693 1693 9311 1695 1693 9312 1695 1694 9313 1696 1692 9314 1694 1692 9315 1694 1690 9316 1692 1691 9317 1693 1696 9318 1698 1695 9319 1697 1697 9320 1699 1697 9321 1699 1698 9322 1700 1696 9323 1698 1698 9324 1700 1697 9325 1699 1699 9326 1701 1699 9327 1701 1700 9328 1702 1698 9329 1700 1833 9330 1835 1834 9331 1836 1835 9332 1837 1835 9333 1837 1836 9334 1838 1833 9335 1835 1836 9336 1838 1835 9337 1837 1847 9338 1849 1847 9339 1849 1848 9340 1850 1836 9341 1838 1832 9342 1834 1833 9343 1835 1836 9344 1838 1836 9345 1838 1837 9346 1839 1832 9347 1834 1837 9348 1839 1836 9349 1838 1848 9350 1850 1848 9351 1850 1849 9352 1851 1837 9353 1839 1831 9354 1833 1832 9355 1834 1837 9356 1839 1837 9357 1839 1838 9358 1840 1831 9359 1833 1850 9360 1852 1838 9361 1840 1837 9362 1839 1837 9363 1839 1849 9364 1851 1850 9365 1852 1830 9366 1832 1831 9367 1833 1838 9368 1840 1838 9369 1840 1839 9370 1841 1830 9371 1832 1851 9372 1853 1839 9373 1841 1838 9374 1840 1838 9375 1840 1850 9376 1852 1851 9377 1853 1866 9378 1868 1842 9379 1844 1870 9380 1872 1843 9381 1845 1842 9382 1844 1851 9383 1853 1851 9384 1853 1850 9385 1852 1843 9386 1845 1871 9387 1873 1842 9388 1844 1843 9389 1845 1849 9390 1851 1848 9391 1850 1845 9392 1847 1845 9393 1847 1844 9394 1846 1849 9395 1851 1865 9396 1867 1866 9397 1868 1870 9398 1872 1870 9399 1872 1869 9400 1871 1865 9401 1867 1869 9402 1871 1864 9403 1866 1865 9404 1867 1872 9405 1874 1870 9406 1872 1842 9407 1844 1842 9408 1844 1871 9409 1873 1872 9410 1874 1863 9411 1865 1864 9412 1866 1869 9413 1871 1869 9414 1871 1868 9415 1870 1863 9416 1865 1868 9417 1870 1869 9418 1871 1872 9419 1874 1868 9420 1870 1867 9421 1869 1863 9422 1865 1869 9423 1871 1870 9424 1872 1872 9425 1874 1844 9426 1846 1843 9427 1845 1850 9428 1852 1850 9429 1852 1849 9430 1851 1844 9431 1846 1871 9432 1873 1843 9433 1845 1844 9434 1846 1871 9435 1873 1844 9436 1846 1845 9437 1847 1845 9438 1847 1862 9439 1864 1871 9440 1873 1872 9441 1874 1871 9442 1873 1862 9443 1864 1862 9444 1864 1861 9445 1863 1872 9446 1874 1868 9447 1870 1872 9448 1874 1861 9449 1863 1861 9450 1863 1860 9451 1862 1868 9452 1870 1867 9453 1869 1868 9454 1870 1860 9455 1862 1860 9456 1862 1859 9457 1861 1867 9458 1869 1876 9459 1878 1859 9460 1861 1860 9461 1862 1860 9462 1862 1875 9463 1877 1876 9464 1878 1875 9465 1877 1860 9466 1862 1861 9467 1863 1861 9468 1863 1874 9469 1876 1875 9470 1877 1846 9471 1848 1845 9472 1847 1848 9473 1850 1848 9474 1850 1847 9475 1849 1846 9476 1848 1873 9477 1875 1862 9478 1864 1845 9479 1847 1845 9480 1847 1846 9481 1848 1873 9482 1875 1874 9483 1876 1861 9484 1863 1862 9485 1864 1862 9486 1864 1873 9487 1875 1874 9488 1876 1829 9489 1831 1830 9490 1832 1839 9491 1841 1839 9492 1841 1840 9493 1842 1829 9494 1831 1852 9495 1854 1840 9496 1842 1839 9497 1841 1839 9498 1841 1851 9499 1853 1852 9500 1854 1852 9501 1854 1851 9502 1853 1842 9503 1844 1842 9504 1844 1841 9505 1843 1852 9506 1854 1841 9507 1843 1842 9508 1844 1866 9509 1868 1877 9510 1879 1858 9511 1860 1859 9512 1861 1859 9513 1861 1876 9514 1878 1877 9515 1879 1867 9516 1869 1859 9517 1861 1858 9518 1860 1858 9519 1860 1857 9520 1859 1867 9521 1869 1857 9522 1859 1858 9523 1860 1877 9524 1879 1877 9525 1879 1886 9526 1888 1857 9527 1859 1863 9528 1865 1867 9529 1869 1857 9530 1859 1857 9531 1859 1856 9532 1858 1863 9533 1865 1856 9534 1858 1857 9535 1859 1886 9536 1888 1886 9537 1888 1885 9538 1887 1856 9539 1858 1864 9540 1866 1863 9541 1865 1856 9542 1858 1856 9543 1858 1855 9544 1857 1864 9545 1866 1855 9546 1857 1856 9547 1858 1885 9548 1887 1885 9549 1887 1884 9550 1886 1855 9551 1857 1865 9552 1867 1864 9553 1866 1855 9554 1857 1855 9555 1857 1854 9556 1856 1865 9557 1867 1854 9558 1856 1855 9559 1857 1884 9560 1886 1884 9561 1886 1883 9562 1885 1854 9563 1856 1853 9564 1855 1841 9565 1843 1866 9566 1868 1866 9567 1868 1865 9568 1867 1854 9569 1856 1854 9570 1856 1853 9571 1855 1866 9572 1868 1853 9573 1855 1854 9574 1856 1883 9575 1885 1883 9576 1885 1882 9577 1884 1853 9578 1855 1880 9579 1882 1852 9580 1854 1841 9581 1843 1841 9582 1843 1881 9583 1883 1880 9584 1882 1881 9585 1883 1841 9586 1843 1853 9587 1855 1853 9588 1855 1882 9589 1884 1881 9590 1883 1878 9591 1880 1829 9592 1831 1840 9593 1842 1840 9594 1842 1879 9595 1881 1878 9596 1880 1879 9597 1881 1840 9598 1842 1852 9599 1854 1852 9600 1854 1880 9601 1882 1879 9602 1881 1825 9603 1827 1826 9604 1828 1833 9605 1835 1833 9606 1835 1832 9607 1834 1825 9608 1827 1824 9609 1826 1825 9610 1827 1832 9611 1834 1832 9612 1834 1831 9613 1833 1824 9614 1826 1823 9615 1825 1824 9616 1826 1831 9617 1833 1831 9618 1833 1830 9619 1832 1823 9620 1825 1823 9621 1825 1830 9622 1832 1829 9623 1831 1829 9624 1831 1822 9625 1824 1823 9626 1825 1834 9627 1836 1833 9628 1835 1826 9629 1828 1826 9630 1828 1827 9631 1829 1834 9632 1836 1824 9633 1826 1823 9634 1825 1891 9635 1893 1891 9636 1893 1892 9637 1894 1824 9638 1826 1825 9639 1827 1824 9640 1826 1892 9641 1894 1892 9642 1894 1893 9643 1895 1825 9644 1827 1893 9645 1895 1894 9646 1896 1826 9647 1828 1826 9648 1828 1825 9649 1827 1893 9650 1895 1892 9651 1894 1891 9652 1893 1907 9653 1909 1907 9654 1909 1908 9655 1910 1892 9656 1894 1908 9657 1910 1909 9658 1911 1893 9659 1895 1893 9660 1895 1892 9661 1894 1908 9662 1910 1912 9663 1914 1911 9664 1913 1908 9665 1910 1908 9666 1910 1907 9667 1909 1912 9668 1914 1909 9669 1911 1908 9670 1910 1911 9671 1913 1911 9672 1913 1910 9673 1912 1909 9674 1911 1914 9675 1916 1915 9676 1917 1910 9677 1912 1910 9678 1912 1911 9679 1913 1914 9680 1916 1913 9681 1915 1914 9682 1916 1911 9683 1913 1911 9684 1913 1912 9685 1914 1913 9686 1915 1917 9687 1919 1916 9688 1918 1915 9689 1917 1915 9690 1917 1914 9691 1916 1917 9692 1919 1914 9693 1916 1913 9694 1915 1918 9695 1920 1918 9696 1920 1917 9697 1919 1914 9698 1916 1917 9699 1919 1918 9700 1920 1919 9701 1921 1919 9702 1921 1920 9703 1922 1917 9704 1919 1920 9705 1922 1919 9706 1921 1924 9707 1926 1924 9708 1926 1923 9709 1925 1920 9710 1922 1923 9711 1925 1922 9712 1924 1921 9713 1923 1921 9714 1923 1920 9715 1922 1923 9716 1925 1920 9717 1922 1921 9718 1923 1916 9719 1918 1916 9720 1918 1917 9721 1919 1920 9722 1922 1942 9723 1944 1945 9724 1947 1925 9725 1927 1944 9726 1946 1945 9727 1947 1942 9728 1944 1942 9729 1944 1941 9730 1943 1944 9731 1946 1944 9732 1946 1941 9733 1943 1940 9734 1942 1943 9735 1945 1944 9736 1946 1940 9737 1942 1940 9738 1942 1939 9739 1941 1943 9740 1945 1943 9741 1945 1939 9742 1941 1938 9743 1940 1946 9744 1948 1945 9745 1947 1944 9746 1946 1946 9747 1948 1944 9748 1946 1943 9749 1945 1923 9750 1925 1924 9751 1926 1925 9752 1927 1925 9753 1927 1926 9754 1928 1923 9755 1925 1947 9756 1949 1925 9757 1927 1945 9758 1947 1945 9759 1947 1946 9760 1948 1947 9761 1949 1922 9762 1924 1923 9763 1925 1926 9764 1928 1926 9765 1928 1927 9766 1929 1922 9767 1924 1927 9768 1929 1926 9769 1928 1947 9770 1949 1926 9771 1928 1925 9772 1927 1947 9773 1949 1896 9774 1898 1894 9775 1896 1893 9776 1895 1893 9777 1895 1909 9778 1911 1896 9779 1898 1897 9780 1899 1896 9781 1898 1909 9782 1911 1909 9783 1911 1910 9784 1912 1897 9785 1899 1898 9786 1900 1897 9787 1899 1910 9788 1912 1910 9789 1912 1915 9790 1917 1898 9791 1900 1950 9792 1952 1949 9793 1951 1897 9794 1899 1897 9795 1899 1898 9796 1900 1950 9797 1952 1822 9798 1824 1829 9799 1831 1878 9800 1880 1878 9801 1880 1828 9802 1830 1822 9803 1824 1827 9804 1829 1826 9805 1828 1894 9806 1896 1894 9807 1896 1895 9808 1897 1827 9809 1829 1895 9810 1897 1894 9811 1896 1896 9812 1898 1896 9813 1898 1948 9814 1950 1895 9815 1897 1948 9816 1950 1896 9817 1898 1897 9818 1899 1897 9819 1899 1949 9820 1951 1948 9821 1950 1887 9822 1889 1891 9823 1893 1823 9824 1825 1823 9825 1825 1822 9826 1824 1887 9827 1889 1822 9828 1824 1828 9829 1830 1972 9830 1974 1972 9831 1974 1887 9832 1889 1822 9833 1824 1907 9834 1909 1891 9835 1893 1887 9836 1889 1887 9837 1889 1888 9838 1890 1907 9839 1909 1888 9840 1890 1887 9841 1889 1972 9842 1974 1972 9843 1974 1971 9844 1973 1888 9845 1890 1888 9846 1890 1889 9847 1891 1912 9848 1914 1912 9849 1914 1907 9850 1909 1888 9851 1890 1971 9852 1973 1970 9853 1972 1889 9854 1891 1889 9855 1891 1888 9856 1890 1971 9857 1973 1913 9858 1915 1912 9859 1914 1889 9860 1891 1889 9861 1891 1890 9862 1892 1913 9863 1915 1890 9864 1892 1889 9865 1891 1970 9866 1972 1970 9867 1972 1969 9868 1971 1890 9869 1892 1937 9870 1939 1933 9871 1935 1959 9872 1961 1959 9873 1961 1958 9874 1960 1937 9875 1939 1943 9876 1945 1938 9877 1940 1937 9878 1939 1937 9879 1939 1936 9880 1938 1943 9881 1945 1936 9882 1938 1937 9883 1939 1958 9884 1960 1958 9885 1960 1957 9886 1959 1936 9887 1938 1946 9888 1948 1943 9889 1945 1936 9890 1938 1936 9891 1938 1935 9892 1937 1946 9893 1948 1935 9894 1937 1936 9895 1938 1957 9896 1959 1957 9897 1959 1956 9898 1958 1935 9899 1937 1947 9900 1949 1946 9901 1948 1935 9902 1937 1935 9903 1937 1934 9904 1936 1947 9905 1949 1934 9906 1936 1935 9907 1937 1956 9908 1958 1956 9909 1958 1955 9910 1957 1934 9911 1936 1902 9912 1904 1927 9913 1929 1947 9914 1949 1947 9915 1949 1934 9916 1936 1902 9917 1904 1902 9918 1904 1934 9919 1936 1955 9920 1957 1955 9921 1957 1954 9922 1956 1902 9923 1904 1922 9924 1924 1927 9925 1929 1902 9926 1904 1902 9927 1904 1901 9928 1903 1922 9929 1924 1901 9930 1903 1902 9931 1904 1954 9932 1956 1954 9933 1956 1953 9934 1955 1901 9935 1903 1921 9936 1923 1922 9937 1924 1901 9938 1903 1901 9939 1903 1900 9940 1902 1921 9941 1923 1900 9942 1902 1901 9943 1903 1953 9944 1955 1953 9945 1955 1952 9946 1954 1900 9947 1902 1899 9948 1901 1898 9949 1900 1915 9950 1917 1915 9951 1917 1916 9952 1918 1899 9953 1901 1951 9954 1953 1950 9955 1952 1898 9956 1900 1898 9957 1900 1899 9958 1901 1951 9959 1953 1916 9960 1918 1921 9961 1923 1900 9962 1902 1900 9963 1902 1899 9964 1901 1916 9965 1918 1899 9966 1901 1900 9967 1902 1952 9968 1954 1952 9969 1954 1951 9970 1953 1899 9971 1901 1918 9972 1920 1913 9973 1915 1890 9974 1892 1890 9975 1892 1903 9976 1905 1918 9977 1920 1903 9978 1905 1890 9979 1892 1969 9980 1971 1969 9981 1971 1968 9982 1970 1903 9983 1905 1919 9984 1921 1918 9985 1920 1903 9986 1905 1903 9987 1905 1904 9988 1906 1919 9989 1921 1904 9990 1906 1903 9991 1905 1968 9992 1970 1968 9993 1970 1967 9994 1969 1904 9995 1906 1924 9996 1926 1919 9997 1921 1904 9998 1906 1904 9999 1906 1905 10000 1907 1924 10001 1926 1905 10002 1907 1904 10003 1906 1967 10004 1969 1967 10005 1969 1966 10006 1968 1905 10007 1907 1932 10008 1934 1933 10009 1935 1937 10010 1939 1937 10011 1939 1938 10012 1940 1932 10013 1934 1960 10014 1962 1959 10015 1961 1933 10016 1935 1933 10017 1935 1932 10018 1934 1960 10019 1962 1931 10020 1933 1932 10021 1934 1938 10022 1940 1938 10023 1940 1939 10024 1941 1931 10025 1933 1961 10026 1963 1960 10027 1962 1932 10028 1934 1932 10029 1934 1931 10030 1933 1961 10031 1963 1930 10032 1932 1931 10033 1933 1939 10034 1941 1939 10035 1941 1940 10036 1942 1930 10037 1932 1962 10038 1964 1961 10039 1963 1931 10040 1933 1931 10041 1933 1930 10042 1932 1962 10043 1964 1929 10044 1931 1930 10045 1932 1940 10046 1942 1940 10047 1942 1941 10048 1943 1929 10049 1931 1963 10050 1965 1962 10051 1964 1930 10052 1932 1930 10053 1932 1929 10054 1931 1963 10055 1965 1928 10056 1930 1929 10057 1931 1941 10058 1943 1941 10059 1943 1942 10060 1944 1928 10061 1930 1964 10062 1966 1963 10063 1965 1929 10064 1931 1929 10065 1931 1928 10066 1930 1964 10067 1966 1925 10068 1927 1924 10069 1926 1905 10070 1907 1905 10071 1907 1906 10072 1908 1925 10073 1927 1906 10074 1908 1905 10075 1907 1966 10076 1968 1966 10077 1968 1965 10078 1967 1906 10079 1908 1942 10080 1944 1925 10081 1927 1906 10082 1908 1906 10083 1908 1928 10084 1930 1942 10085 1944 1965 10086 1967 1964 10087 1966 1928 10088 1930 1928 10089 1930 1906 10090 1908 1965 10091 1967 1984 10092 1986 1987 10093 1989 1986 10094 1988 1986 10095 1988 1985 10096 1987 1984 10097 1986 1987 10098 1989 1999 10099 2001 1998 10100 2000 1998 10101 2000 1986 10102 1988 1987 10103 1989 1983 10104 1985 1988 10105 1990 1987 10106 1989 1987 10107 1989 1984 10108 1986 1983 10109 1985 1988 10110 1990 2000 10111 2002 1999 10112 2001 1999 10113 2001 1987 10114 1989 1988 10115 1990 1982 10116 1984 1989 10117 1991 1988 10118 1990 1988 10119 1990 1983 10120 1985 1982 10121 1984 2001 10122 2003 2000 10123 2002 1988 10124 1990 1988 10125 1990 1989 10126 1991 2001 10127 2003 1981 10128 1983 1990 10129 1992 1989 10130 1991 1989 10131 1991 1982 10132 1984 1981 10133 1983 2002 10134 2004 2001 10135 2003 1989 10136 1991 1989 10137 1991 1990 10138 1992 2002 10139 2004 2017 10140 2019 2021 10141 2023 1993 10142 1995 1994 10143 1996 2001 10144 2003 2002 10145 2004 2002 10146 2004 1993 10147 1995 1994 10148 1996 2022 10149 2024 1994 10150 1996 1993 10151 1995 2000 10152 2002 1995 10153 1997 1996 10154 1998 1996 10155 1998 1999 10156 2001 2000 10157 2002 2016 10158 2018 2020 10159 2022 2021 10160 2023 2021 10161 2023 2017 10162 2019 2016 10163 2018 2020 10164 2022 2016 10165 2018 2015 10166 2017 2023 10167 2025 2022 10168 2024 1993 10169 1995 1993 10170 1995 2021 10171 2023 2023 10172 2025 2014 10173 2016 2019 10174 2021 2020 10175 2022 2020 10176 2022 2015 10177 2017 2014 10178 2016 2019 10179 2021 2023 10180 2025 2020 10181 2022 2019 10182 2021 2014 10183 2016 2018 10184 2020 2020 10185 2022 2023 10186 2025 2021 10187 2023 1995 10188 1997 2000 10189 2002 2001 10190 2003 2001 10191 2003 1994 10192 1996 1995 10193 1997 2022 10194 2024 1995 10195 1997 1994 10196 1996 2022 10197 2024 2013 10198 2015 1996 10199 1998 1996 10200 1998 1995 10201 1997 2022 10202 2024 2023 10203 2025 2012 10204 2014 2013 10205 2015 2013 10206 2015 2022 10207 2024 2023 10208 2025 2019 10209 2021 2011 10210 2013 2012 10211 2014 2012 10212 2014 2023 10213 2025 2019 10214 2021 2018 10215 2020 2010 10216 2012 2011 10217 2013 2011 10218 2013 2019 10219 2021 2018 10220 2020 2027 10221 2029 2026 10222 2028 2011 10223 2013 2011 10224 2013 2010 10225 2012 2027 10226 2029 2026 10227 2028 2025 10228 2027 2012 10229 2014 2012 10230 2014 2011 10231 2013 2026 10232 2028 1997 10233 1999 1998 10234 2000 1999 10235 2001 1999 10236 2001 1996 10237 1998 1997 10238 1999 2024 10239 2026 1997 10240 1999 1996 10241 1998 1996 10242 1998 2013 10243 2015 2024 10244 2026 2025 10245 2027 2024 10246 2026 2013 10247 2015 2013 10248 2015 2012 10249 2014 2025 10250 2027 1980 10251 1982 1991 10252 1993 1990 10253 1992 1990 10254 1992 1981 10255 1983 1980 10256 1982 2003 10257 2005 2002 10258 2004 1990 10259 1992 1990 10260 1992 1991 10261 1993 2003 10262 2005 2003 10263 2005 1992 10264 1994 1993 10265 1995 1993 10266 1995 2002 10267 2004 2003 10268 2005 1992 10269 1994 2017 10270 2019 1993 10271 1995 2028 10272 2030 2027 10273 2029 2010 10274 2012 2010 10275 2012 2009 10276 2011 2028 10277 2030 2018 10278 2020 2008 10279 2010 2009 10280 2011 2009 10281 2011 2010 10282 2012 2018 10283 2020 2008 10284 2010 2037 10285 2039 2028 10286 2030 2028 10287 2030 2009 10288 2011 2008 10289 2010 2014 10290 2016 2007 10291 2009 2008 10292 2010 2008 10293 2010 2018 10294 2020 2014 10295 2016 2007 10296 2009 2036 10297 2038 2037 10298 2039 2037 10299 2039 2008 10300 2010 2007 10301 2009 2015 10302 2017 2006 10303 2008 2007 10304 2009 2007 10305 2009 2014 10306 2016 2015 10307 2017 2006 10308 2008 2035 10309 2037 2036 10310 2038 2036 10311 2038 2007 10312 2009 2006 10313 2008 2016 10314 2018 2005 10315 2007 2006 10316 2008 2006 10317 2008 2015 10318 2017 2016 10319 2018 2005 10320 2007 2034 10321 2036 2035 10322 2037 2035 10323 2037 2006 10324 2008 2005 10325 2007 2004 10326 2006 2017 10327 2019 1992 10328 1994 2017 10329 2019 2004 10330 2006 2005 10331 2007 2005 10332 2007 2016 10333 2018 2017 10334 2019 2004 10335 2006 2033 10336 2035 2034 10337 2036 2034 10338 2036 2005 10339 2007 2004 10340 2006 2031 10341 2033 2032 10342 2034 1992 10343 1994 1992 10344 1994 2003 10345 2005 2031 10346 2033 2032 10347 2034 2033 10348 2035 2004 10349 2006 2004 10350 2006 1992 10351 1994 2032 10352 2034 2029 10353 2031 2030 10354 2032 1991 10355 1993 1991 10356 1993 1980 10357 1982 2029 10358 2031 2030 10359 2032 2031 10360 2033 2003 10361 2005 2003 10362 2005 1991 10363 1993 2030 10364 2032 1976 10365 1978 1983 10366 1985 1984 10367 1986 1984 10368 1986 1977 10369 1979 1976 10370 1978 1975 10371 1977 1982 10372 1984 1983 10373 1985 1983 10374 1985 1976 10375 1978 1975 10376 1977 1974 10377 1976 1981 10378 1983 1982 10379 1984 1982 10380 1984 1975 10381 1977 1974 10382 1976 1974 10383 1976 1973 10384 1975 1980 10385 1982 1980 10386 1982 1981 10387 1983 1974 10388 1976 1985 10389 1987 1978 10390 1980 1977 10391 1979 1977 10392 1979 1984 10393 1986 1985 10394 1987 1975 10395 1977 2043 10396 2045 2042 10397 2044 2042 10398 2044 1974 10399 1976 1975 10400 1977 1976 10401 1978 2044 10402 2046 2043 10403 2045 2043 10404 2045 1975 10405 1977 1976 10406 1978 2044 10407 2046 1976 10408 1978 1977 10409 1979 1977 10410 1979 2045 10411 2047 2044 10412 2046 2043 10413 2045 2059 10414 2061 2058 10415 2060 2058 10416 2060 2042 10417 2044 2043 10418 2045 2059 10419 2061 2043 10420 2045 2044 10421 2046 2044 10422 2046 2060 10423 2062 2059 10424 2061 2063 10425 2065 2058 10426 2060 2059 10427 2061 2059 10428 2061 2062 10429 2064 2063 10430 2065 2060 10431 2062 2061 10432 2063 2062 10433 2064 2062 10434 2064 2059 10435 2061 2060 10436 2062 2065 10437 2067 2062 10438 2064 2061 10439 2063 2061 10440 2063 2066 10441 2068 2065 10442 2067 2064 10443 2066 2063 10444 2065 2062 10445 2064 2062 10446 2064 2065 10447 2067 2064 10448 2066 2068 10449 2070 2065 10450 2067 2066 10451 2068 2066 10452 2068 2067 10453 2069 2068 10454 2070 2065 10455 2067 2068 10456 2070 2069 10457 2071 2069 10458 2071 2064 10459 2066 2065 10460 2067 2068 10461 2070 2071 10462 2073 2070 10463 2072 2070 10464 2072 2069 10465 2071 2068 10466 2070 2071 10467 2073 2074 10468 2076 2075 10469 2077 2075 10470 2077 2070 10471 2072 2071 10472 2073 2074 10473 2076 2071 10474 2073 2072 10475 2074 2072 10476 2074 2073 10477 2075 2074 10478 2076 2071 10479 2073 2068 10480 2070 2067 10481 2069 2067 10482 2069 2072 10483 2074 2071 10484 2073 2093 10485 2095 2076 10486 2078 2096 10487 2098 2095 10488 2097 2092 10489 2094 2093 10490 2095 2093 10491 2095 2096 10492 2098 2095 10493 2097 2095 10494 2097 2091 10495 2093 2092 10496 2094 2094 10497 2096 2090 10498 2092 2091 10499 2093 2091 10500 2093 2095 10501 2097 2094 10502 2096 2094 10503 2096 2089 10504 2091 2090 10505 2092 2097 10506 2099 2095 10507 2097 2096 10508 2098 2097 10509 2099 2094 10510 2096 2095 10511 2097 2074 10512 2076 2077 10513 2079 2076 10514 2078 2076 10515 2078 2075 10516 2077 2074 10517 2076 2098 10518 2100 2097 10519 2099 2096 10520 2098 2096 10521 2098 2076 10522 2078 2098 10523 2100 2073 10524 2075 2078 10525 2080 2077 10526 2079 2077 10527 2079 2074 10528 2076 2073 10529 2075 2078 10530 2080 2098 10531 2100 2077 10532 2079 2077 10533 2079 2098 10534 2100 2076 10535 2078 2047 10536 2049 2060 10537 2062 2044 10538 2046 2044 10539 2046 2045 10540 2047 2047 10541 2049 2048 10542 2050 2061 10543 2063 2060 10544 2062 2060 10545 2062 2047 10546 2049 2048 10547 2050 2049 10548 2051 2066 10549 2068 2061 10550 2063 2061 10551 2063 2048 10552 2050 2049 10553 2051 2101 10554 2103 2049 10555 2051 2048 10556 2050 2048 10557 2050 2100 10558 2102 2101 10559 2103 1973 10560 1975 1979 10561 1981 2029 10562 2031 2029 10563 2031 1980 10564 1982 1973 10565 1975 1978 10566 1980 2046 10567 2048 2045 10568 2047 2045 10569 2047 1977 10570 1979 1978 10571 1980 2046 10572 2048 2099 10573 2101 2047 10574 2049 2047 10575 2049 2045 10576 2047 2046 10577 2048 2099 10578 2101 2100 10579 2102 2048 10580 2050 2048 10581 2050 2047 10582 2049 2099 10583 2101 2038 10584 2040 1973 10585 1975 1974 10586 1976 1974 10587 1976 2042 10588 2044 2038 10589 2040 1973 10590 1975 2038 10591 2040 2123 10592 2125 2123 10593 2125 1979 10594 1981 1973 10595 1975 2058 10596 2060 2039 10597 2041 2038 10598 2040 2038 10599 2040 2042 10600 2044 2058 10601 2060 2039 10602 2041 2122 10603 2124 2123 10604 2125 2123 10605 2125 2038 10606 2040 2039 10607 2041 2039 10608 2041 2058 10609 2060 2063 10610 2065 2063 10611 2065 2040 10612 2042 2039 10613 2041 2122 10614 2124 2039 10615 2041 2040 10616 2042 2040 10617 2042 2121 10618 2123 2122 10619 2124 2064 10620 2066 2041 10621 2043 2040 10622 2042 2040 10623 2042 2063 10624 2065 2064 10625 2066 2041 10626 2043 2120 10627 2122 2121 10628 2123 2121 10629 2123 2040 10630 2042 2041 10631 2043 2088 10632 2090 2109 10633 2111 2110 10634 2112 2110 10635 2112 2084 10636 2086 2088 10637 2090 2094 10638 2096 2087 10639 2089 2088 10640 2090 2088 10641 2090 2089 10642 2091 2094 10643 2096 2087 10644 2089 2108 10645 2110 2109 10646 2111 2109 10647 2111 2088 10648 2090 2087 10649 2089 2097 10650 2099 2086 10651 2088 2087 10652 2089 2087 10653 2089 2094 10654 2096 2097 10655 2099 2086 10656 2088 2107 10657 2109 2108 10658 2110 2108 10659 2110 2087 10660 2089 2086 10661 2088 2098 10662 2100 2085 10663 2087 2086 10664 2088 2086 10665 2088 2097 10666 2099 2098 10667 2100 2085 10668 2087 2106 10669 2108 2107 10670 2109 2107 10671 2109 2086 10672 2088 2085 10673 2087 2053 10674 2055 2085 10675 2087 2098 10676 2100 2098 10677 2100 2078 10678 2080 2053 10679 2055 2053 10680 2055 2105 10681 2107 2106 10682 2108 2106 10683 2108 2085 10684 2087 2053 10685 2055 2073 10686 2075 2052 10687 2054 2053 10688 2055 2053 10689 2055 2078 10690 2080 2073 10691 2075 2052 10692 2054 2104 10693 2106 2105 10694 2107 2105 10695 2107 2053 10696 2055 2052 10697 2054 2072 10698 2074 2051 10699 2053 2052 10700 2054 2052 10701 2054 2073 10702 2075 2072 10703 2074 2051 10704 2053 2103 10705 2105 2104 10706 2106 2104 10707 2106 2052 10708 2054 2051 10709 2053 2050 10710 2052 2067 10711 2069 2066 10712 2068 2066 10713 2068 2049 10714 2051 2050 10715 2052 2102 10716 2104 2050 10717 2052 2049 10718 2051 2049 10719 2051 2101 10720 2103 2102 10721 2104 2067 10722 2069 2050 10723 2052 2051 10724 2053 2051 10725 2053 2072 10726 2074 2067 10727 2069 2050 10728 2052 2102 10729 2104 2103 10730 2105 2103 10731 2105 2051 10732 2053 2050 10733 2052 2069 10734 2071 2054 10735 2056 2041 10736 2043 2041 10737 2043 2064 10738 2066 2069 10739 2071 2054 10740 2056 2119 10741 2121 2120 10742 2122 2120 10743 2122 2041 10744 2043 2054 10745 2056 2070 10746 2072 2055 10747 2057 2054 10748 2056 2054 10749 2056 2069 10750 2071 2070 10751 2072 2055 10752 2057 2118 10753 2120 2119 10754 2121 2119 10755 2121 2054 10756 2056 2055 10757 2057 2075 10758 2077 2056 10759 2058 2055 10760 2057 2055 10761 2057 2070 10762 2072 2075 10763 2077 2056 10764 2058 2117 10765 2119 2118 10766 2120 2118 10767 2120 2055 10768 2057 2056 10769 2058 2083 10770 2085 2089 10771 2091 2088 10772 2090 2088 10773 2090 2084 10774 2086 2083 10775 2085 2111 10776 2113 2083 10777 2085 2084 10778 2086 2084 10779 2086 2110 10780 2112 2111 10781 2113 2082 10782 2084 2090 10783 2092 2089 10784 2091 2089 10785 2091 2083 10786 2085 2082 10787 2084 2112 10788 2114 2082 10789 2084 2083 10790 2085 2083 10791 2085 2111 10792 2113 2112 10793 2114 2081 10794 2083 2091 10795 2093 2090 10796 2092 2090 10797 2092 2082 10798 2084 2081 10799 2083 2113 10800 2115 2081 10801 2083 2082 10802 2084 2082 10803 2084 2112 10804 2114 2113 10805 2115 2080 10806 2082 2092 10807 2094 2091 10808 2093 2091 10809 2093 2081 10810 2083 2080 10811 2082 2114 10812 2116 2080 10813 2082 2081 10814 2083 2081 10815 2083 2113 10816 2115 2114 10817 2116 2079 10818 2081 2093 10819 2095 2092 10820 2094 2092 10821 2094 2080 10822 2082 2079 10823 2081 2115 10824 2117 2079 10825 2081 2080 10826 2082 2080 10827 2082 2114 10828 2116 2115 10829 2117 2076 10830 2078 2057 10831 2059 2056 10832 2058 2056 10833 2058 2075 10834 2077 2076 10835 2078 2057 10836 2059 2116 10837 2118 2117 10838 2119 2117 10839 2119 2056 10840 2058 2057 10841 2059 2093 10842 2095 2057 10843 2059 2076 10844 2078 2057 10845 2059 2093 10846 2095 2079 10847 2081 2116 10848 2118 2057 10849 2059 2079 10850 2081 2079 10851 2081 2115 10852 2117 2116 10853 2118 2148 10854 2150 2147 10855 2149 2144 10856 2146 2147 10857 2149 2148 10858 2150 2151 10859 2153 2157 10860 2159 2156 10861 2158 2151 10862 2153 2151 10863 2153 2148 10864 2150 2157 10865 2159 2158 10866 2160 2157 10867 2159 2148 10868 2150 2148 10869 2150 2146 10870 2148 2158 10871 2160 2195 10872 2197 2157 10873 2159 2158 10874 2160 2158 10875 2160 2198 10876 2200 2195 10877 2197 2196 10878 2198 2195 10879 2197 2198 10880 2200 2198 10881 2200 2199 10882 2201 2196 10883 2198 2163 10884 2165 2168 10885 2170 2169 10886 2171 2161 10887 2163 2163 10888 2165 2169 10889 2171 2169 10890 2171 2173 10891 2175 2161 10892 2163 2173 10893 2175 2169 10894 2171 2211 10895 2213 2211 10896 2213 2210 10897 2212 2173 10898 2175 2161 10899 2163 2173 10900 2175 2172 10901 2174 2172 10902 2174 2173 10903 2175 2210 10904 2212 2210 10905 2212 2209 10906 2211 2172 10907 2174 2161 10908 2163 2172 10909 2174 2171 10910 2173 2171 10911 2173 2172 10912 2174 2209 10913 2211 2209 10914 2211 2208 10915 2210 2171 10916 2173 2160 10917 2162 2161 10918 2163 2170 10919 2172 2170 10920 2172 2161 10921 2163 2171 10922 2173 2170 10923 2172 2158 10924 2160 2146 10925 2148 2146 10926 2148 2160 10927 2162 2170 10928 2172 2201 10929 2203 2198 10930 2200 2158 10931 2160 2158 10932 2160 2170 10933 2172 2201 10934 2203 2170 10935 2172 2171 10936 2173 2208 10937 2210 2208 10938 2210 2201 10939 2203 2170 10940 2172 2208 10941 2210 2203 10942 2205 2202 10943 2204 2202 10944 2204 2201 10945 2203 2208 10946 2210 2206 10947 2208 2205 10948 2207 2210 10949 2212 2210 10950 2212 2211 10951 2213 2206 10952 2208 2204 10953 2206 2203 10954 2205 2208 10955 2210 2208 10956 2210 2209 10957 2211 2204 10958 2206 2209 10959 2211 2210 10960 2212 2205 10961 2207 2205 10962 2207 2204 10963 2206 2209 10964 2211 2199 10965 2201 2198 10966 2200 2201 10967 2203 2201 10968 2203 2202 10969 2204 2199 10970 2201 2192 10971 2194 2156 10972 2158 2157 10973 2159 2157 10974 2159 2195 10975 2197 2192 10976 2194 2195 10977 2197 2196 10978 2198 2193 10979 2195 2193 10980 2195 2192 10981 2194 2195 10982 2197 2154 10983 2156 2155 10984 2157 2174 10985 2176 2175 10986 2177 2174 10987 2176 2155 10988 2157 2216 10989 2218 2217 10990 2219 2223 10991 2225 2223 10992 2225 2222 10993 2224 2216 10994 2218 2222 10995 2224 2223 10996 2225 2174 10997 2176 2174 10998 2176 2175 10999 2177 2222 11000 2224 2176 11001 2178 2175 11002 2177 2155 11003 2157 2221 11004 2223 2222 11005 2224 2175 11006 2177 2175 11007 2177 2176 11008 2178 2221 11009 2223 2215 11010 2217 2216 11011 2218 2222 11012 2224 2222 11013 2224 2221 11014 2223 2215 11015 2217 2177 11016 2179 2176 11017 2178 2155 11018 2157 2214 11019 2216 2215 11020 2217 2221 11021 2223 2221 11022 2223 2220 11023 2222 2214 11024 2216 2220 11025 2222 2221 11026 2223 2176 11027 2178 2176 11028 2178 2177 11029 2179 2220 11030 2222 2177 11031 2179 2155 11032 2157 2178 11033 2180 2219 11034 2221 2220 11035 2222 2177 11036 2179 2177 11037 2179 2178 11038 2180 2219 11039 2221 2178 11040 2180 2156 11041 2158 2192 11042 2194 2192 11043 2194 2219 11044 2221 2178 11045 2180 2219 11046 2221 2192 11047 2194 2193 11048 2195 2193 11049 2195 2213 11050 2215 2219 11051 2221 2213 11052 2215 2214 11053 2216 2220 11054 2222 2220 11055 2222 2219 11056 2221 2213 11057 2215 2213 11058 2215 2193 11059 2195 2194 11060 2196 2217 11061 2219 2216 11062 2218 2215 11063 2217 2215 11064 2217 2194 11065 2196 2217 11066 2219 2194 11067 2196 2193 11068 2195 2196 11069 2198 2196 11070 2198 2197 11071 2199 2194 11072 2196 2194 11073 2196 2218 11074 2220 2217 11075 2219 2215 11076 2217 2214 11077 2216 2213 11078 2215 2213 11079 2215 2194 11080 2196 2215 11081 2217 2200 11082 2202 2199 11083 2201 2202 11084 2204 2202 11085 2204 2203 11086 2205 2204 11087 2206 2204 11088 2206 2200 11089 2202 2202 11090 2204 2227 11091 2229 2194 11092 2196 2197 11093 2199 2197 11094 2199 2226 11095 2228 2227 11096 2229 2197 11097 2199 2196 11098 2198 2199 11099 2201 2199 11100 2201 2200 11101 2202 2197 11102 2199 2229 11103 2231 2226 11104 2228 2197 11105 2199 2197 11106 2199 2200 11107 2202 2229 11108 2231 2206 11109 2208 2207 11110 2209 2200 11111 2202 2204 11112 2206 2205 11113 2207 2206 11114 2208 2206 11115 2208 2200 11116 2202 2204 11117 2206 2212 11118 2214 2211 11119 2213 2169 11120 2171 2169 11121 2171 2168 11122 2170 2212 11123 2214 2165 11124 2167 2189 11125 2191 2190 11126 2192 2165 11127 2167 2190 11128 2192 2191 11129 2193 2184 11130 2186 2183 11131 2185 2164 11132 2166 2164 11133 2166 2185 11134 2187 2184 11135 2186 2182 11136 2184 2168 11137 2170 2163 11138 2165 2212 11139 2214 2168 11140 2170 2182 11141 2184 2163 11142 2165 2164 11143 2166 2183 11144 2185 2183 11145 2185 2182 11146 2184 2163 11147 2165 2207 11148 2209 2206 11149 2208 2211 11150 2213 2211 11151 2213 2212 11152 2214 2207 11153 2209 2200 11154 2202 2207 11155 2209 2212 11156 2214 2229 11157 2231 2200 11158 2202 2212 11159 2214 2212 11160 2214 2230 11161 2232 2229 11162 2231 2224 11163 2226 2223 11164 2225 2217 11165 2219 2217 11166 2219 2218 11167 2220 2224 11168 2226 2162 11169 2164 2174 11170 2176 2223 11171 2225 2223 11172 2225 2224 11173 2226 2162 11174 2164 2224 11175 2226 2218 11176 2220 2194 11177 2196 2187 11178 2189 2165 11179 2167 2191 11180 2193 2185 11181 2187 2164 11182 2166 2186 11183 2188 2235 11184 2237 2165 11185 2167 2187 11186 2189 2167 11187 2169 2231 11188 2233 2259 11189 2261 2187 11190 2189 2181 11191 2183 2234 11192 2236 2234 11193 2236 2235 11194 2237 2187 11195 2189 2234 11196 2236 2181 11197 2183 2180 11198 2182 2180 11199 2182 2233 11200 2235 2234 11201 2236 2233 11202 2235 2180 11203 2182 2179 11204 2181 2179 11205 2181 2237 11206 2239 2233 11207 2235 2237 11208 2239 2179 11209 2181 2186 11210 2188 2186 11211 2188 2164 11212 2166 2236 11213 2238 2236 11214 2238 2237 11215 2239 2186 11216 2188 2284 11217 2286 2236 11218 2238 2280 11219 2282 2284 11220 2286 2237 11221 2239 2236 11222 2238 2274 11223 2276 2257 11224 2259 2259 11225 2261 2259 11226 2261 2273 11227 2275 2274 11228 2276 2273 11229 2275 2259 11230 2261 2231 11231 2233 2231 11232 2233 2272 11233 2274 2273 11234 2275 2275 11235 2277 2258 11236 2260 2257 11237 2259 2257 11238 2259 2274 11239 2276 2275 11240 2277 2276 11241 2278 2232 11242 2234 2258 11243 2260 2258 11244 2260 2275 11245 2277 2276 11246 2278 2283 11247 2285 2233 11248 2235 2237 11249 2239 2237 11250 2239 2284 11251 2286 2283 11252 2285 2279 11253 2281 2234 11254 2236 2233 11255 2235 2233 11256 2235 2283 11257 2285 2279 11258 2281 2236 11259 2238 2250 11260 2252 2280 11261 2282 2284 11262 2286 2280 11263 2282 2281 11264 2283 2281 11265 2283 2282 11266 2284 2283 11267 2285 2283 11268 2285 2284 11269 2286 2281 11270 2283 2290 11271 2292 2280 11272 2282 2250 11273 2252 2250 11274 2252 2251 11275 2253 2290 11276 2292 2290 11277 2292 2251 11278 2253 2252 11279 2254 2252 11280 2254 2292 11281 2294 2290 11282 2292 2281 11283 2283 2280 11284 2282 2290 11285 2292 2290 11286 2292 2291 11287 2293 2281 11288 2283 2260 11289 2262 2292 11290 2294 2252 11291 2254 2252 11292 2254 2288 11293 2290 2260 11294 2262 2292 11295 2294 2260 11296 2262 2261 11297 2263 2291 11298 2293 2290 11299 2292 2292 11300 2294 2292 11301 2294 2261 11302 2263 2291 11303 2293 2291 11304 2293 2261 11305 2263 2262 11306 2264 2282 11307 2284 2281 11308 2283 2291 11309 2293 2291 11310 2293 2262 11311 2264 2282 11312 2284 2282 11313 2284 2262 11314 2264 2263 11315 2265 2283 11316 2285 2282 11317 2284 2263 11318 2265 2263 11319 2265 2264 11320 2266 2283 11321 2285 2272 11322 2274 2231 11323 2233 2235 11324 2237 2235 11325 2237 2271 11326 2273 2272 11327 2274 2271 11328 2273 2235 11329 2237 2234 11330 2236 2234 11331 2236 2279 11332 2281 2271 11333 2273 2279 11334 2281 2283 11335 2285 2264 11336 2266 2264 11337 2266 2265 11338 2267 2279 11339 2281 2266 11340 2268 2272 11341 2274 2271 11342 2273 2271 11343 2273 2293 11344 2295 2266 11345 2268 2293 11346 2295 2271 11347 2273 2279 11348 2281 2279 11349 2281 2265 11350 2267 2293 11351 2295 2273 11352 2275 2272 11353 2274 2266 11354 2268 2266 11355 2268 2267 11356 2269 2273 11357 2275 2274 11358 2276 2273 11359 2275 2267 11360 2269 2267 11361 2269 2268 11362 2270 2274 11363 2276 2275 11364 2277 2274 11365 2276 2268 11366 2270 2268 11367 2270 2269 11368 2271 2275 11369 2277 2277 11370 2279 2255 11371 2257 2232 11372 2234 2232 11373 2234 2276 11374 2278 2277 11375 2279 2276 11376 2278 2275 11377 2277 2269 11378 2271 2269 11379 2271 2270 11380 2272 2276 11381 2278 2294 11382 2296 2277 11383 2279 2276 11384 2278 2276 11385 2278 2270 11386 2272 2294 11387 2296 2286 11388 2288 2255 11389 2257 2277 11390 2279 2277 11391 2279 2285 11392 2287 2286 11393 2288 2285 11394 2287 2277 11395 2279 2294 11396 2296 2294 11397 2296 2295 11398 2297 2285 11399 2287 2278 11400 2280 2285 11401 2287 2295 11402 2297 2295 11403 2297 2296 11404 2298 2278 11405 2280 2139 11406 2141 2167 11407 2169 2259 11408 2261 2259 11409 2261 2257 11410 2259 2139 11411 2141 2167 11412 2169 2165 11413 2167 2235 11414 2237 2235 11415 2237 2231 11416 2233 2167 11417 2169 2188 11418 2190 2162 11419 2164 2224 11420 2226 2188 11421 2190 2167 11422 2169 2297 11423 2299 2166 11424 2168 2154 11425 2156 2174 11426 2176 2188 11427 2190 2165 11428 2167 2167 11429 2169 2189 11430 2191 2165 11431 2167 2188 11432 2190 2145 11433 2147 2149 11434 2151 2152 11435 2154 2152 11436 2154 2149 11437 2151 2147 11438 2149 2147 11439 2149 2151 11440 2153 2152 11441 2154 2152 11442 2154 2151 11443 2153 2156 11444 2158 2156 11445 2158 2178 11446 2180 2152 11447 2154 2155 11448 2157 2154 11449 2156 2153 11450 2155 2153 11451 2155 2152 11452 2154 2155 11453 2157 2178 11454 2180 2155 11455 2157 2152 11456 2154 2297 11457 2299 2138 11458 2140 2166 11459 2168 2174 11460 2176 2162 11461 2164 2166 11462 2168 2166 11463 2168 2162 11464 2164 2188 11465 2190 2188 11466 2190 2297 11467 2299 2166 11468 2168 2225 11469 2227 2182 11470 2184 2183 11471 2185 2183 11472 2185 2249 11473 2251 2225 11474 2227 2249 11475 2251 2183 11476 2185 2184 11477 2186 2184 11478 2186 2248 11479 2250 2249 11480 2251 2301 11481 2303 2300 11482 2302 2249 11483 2251 2249 11484 2251 2248 11485 2250 2301 11486 2303 2248 11487 2250 2184 11488 2186 2185 11489 2187 2185 11490 2187 2247 11491 2249 2248 11492 2250 2302 11493 2304 2301 11494 2303 2248 11495 2250 2248 11496 2250 2247 11497 2249 2302 11498 2304 2247 11499 2249 2185 11500 2187 2186 11501 2188 2186 11502 2188 2246 11503 2248 2247 11504 2249 2303 11505 2305 2302 11506 2304 2247 11507 2249 2247 11508 2249 2246 11509 2248 2303 11510 2305 2246 11511 2248 2186 11512 2188 2179 11513 2181 2179 11514 2181 2245 11515 2247 2246 11516 2248 2230 11517 2232 2212 11518 2214 2225 11519 2227 2299 11520 2301 2225 11521 2227 2249 11522 2251 2249 11523 2251 2300 11524 2302 2299 11525 2301 2305 11526 2307 2230 11527 2232 2225 11528 2227 2225 11529 2227 2299 11530 2301 2305 11531 2307 2245 11532 2247 2179 11533 2181 2180 11534 2182 2180 11535 2182 2244 11536 2246 2245 11537 2247 2304 11538 2306 2303 11539 2305 2246 11540 2248 2246 11541 2248 2245 11542 2247 2304 11543 2306 2304 11544 2306 2245 11545 2247 2244 11546 2246 2244 11547 2246 2306 11548 2308 2304 11549 2306 2244 11550 2246 2180 11551 2182 2181 11552 2183 2181 11553 2183 2243 11554 2245 2244 11555 2246 2307 11556 2309 2306 11557 2308 2244 11558 2246 2244 11559 2246 2243 11560 2245 2307 11561 2309 2243 11562 2245 2181 11563 2183 2187 11564 2189 2187 11565 2189 2242 11566 2244 2243 11567 2245 2242 11568 2244 2187 11569 2189 2191 11570 2193 2191 11571 2193 2241 11572 2243 2242 11573 2244 2308 11574 2310 2307 11575 2309 2243 11576 2245 2243 11577 2245 2242 11578 2244 2308 11579 2310 2308 11580 2310 2242 11581 2244 2241 11582 2243 2241 11583 2243 2309 11584 2311 2308 11585 2310 2228 11586 2230 2224 11587 2226 2194 11588 2196 2194 11589 2196 2227 11590 2229 2228 11591 2230 2238 11592 2240 2224 11593 2226 2228 11594 2230 2238 11595 2240 2228 11596 2230 2313 11597 2315 2313 11598 2315 2312 11599 2314 2238 11600 2240 2239 11601 2241 2189 11602 2191 2188 11603 2190 2188 11604 2190 2238 11605 2240 2239 11606 2241 2239 11607 2241 2238 11608 2240 2312 11609 2314 2312 11610 2314 2311 11611 2313 2239 11612 2241 2240 11613 2242 2190 11614 2192 2189 11615 2191 2189 11616 2191 2239 11617 2241 2240 11618 2242 2241 11619 2243 2191 11620 2193 2190 11621 2192 2190 11622 2192 2240 11623 2242 2241 11624 2243 2240 11625 2242 2239 11626 2241 2311 11627 2313 2311 11628 2313 2310 11629 2312 2240 11630 2242 2310 11631 2312 2309 11632 2311 2241 11633 2243 2241 11634 2243 2240 11635 2242 2310 11636 2312 2137 11637 2139 2154 11638 2156 2166 11639 2168 2138 11640 2140 2137 11641 2139 2166 11642 2168 2136 11643 2138 2135 11644 2137 2153 11645 2155 2153 11646 2155 2154 11647 2156 2137 11648 2139 2137 11649 2139 2136 11650 2138 2153 11651 2155 2318 11652 2320 2136 11653 2138 2137 11654 2139 2137 11655 2139 2315 11656 2317 2318 11657 2320 2317 11658 2319 2135 11659 2137 2136 11660 2138 2136 11661 2138 2318 11662 2320 2317 11663 2319 2319 11664 2321 2134 11665 2136 2135 11666 2137 2135 11667 2137 2317 11668 2319 2319 11669 2321 2153 11670 2155 2135 11671 2137 2134 11672 2136 2134 11673 2136 2133 11674 2135 2153 11675 2155 2153 11676 2155 2133 11677 2135 2298 11678 2300 2133 11679 2135 2134 11680 2136 2319 11681 2321 2319 11682 2321 2320 11683 2322 2133 11684 2135 2145 11685 2147 2152 11686 2154 2153 11687 2155 2153 11688 2155 2298 11689 2300 2145 11690 2147 2321 11691 2323 2298 11692 2300 2133 11693 2135 2133 11694 2135 2320 11695 2322 2321 11696 2323 2149 11697 2151 2145 11698 2147 2144 11699 2146 2144 11700 2146 2147 11701 2149 2149 11702 2151 2322 11703 2324 2145 11704 2147 2298 11705 2300 2298 11706 2300 2321 11707 2323 2322 11708 2324 2148 11709 2150 2144 11710 2146 2143 11711 2145 2143 11712 2145 2146 11713 2148 2148 11714 2150 2323 11715 2325 2144 11716 2146 2145 11717 2147 2145 11718 2147 2322 11719 2324 2323 11720 2325 2160 11721 2162 2146 11722 2148 2143 11723 2145 2143 11724 2145 2159 11725 2161 2160 11726 2162 2324 11727 2326 2143 11728 2145 2144 11729 2146 2144 11730 2146 2323 11731 2325 2324 11732 2326 2325 11733 2327 2159 11734 2161 2143 11735 2145 2143 11736 2145 2324 11737 2326 2325 11738 2327 2160 11739 2162 2159 11740 2161 2150 11741 2152 2150 11742 2152 2125 11743 2127 2160 11744 2162 2326 11745 2328 2150 11746 2152 2159 11747 2161 2159 11748 2161 2325 11749 2327 2326 11750 2328 2327 11751 2329 2125 11752 2127 2150 11753 2152 2150 11754 2152 2326 11755 2328 2327 11756 2329 2126 11757 2128 2160 11758 2162 2125 11759 2127 2125 11760 2127 2124 11761 2126 2126 11762 2128 2124 11763 2126 2125 11764 2127 2327 11765 2329 2327 11766 2329 2328 11767 2330 2124 11768 2126 2161 11769 2163 2160 11770 2162 2126 11771 2128 2126 11772 2128 2127 11773 2129 2161 11774 2163 2329 11775 2331 2126 11776 2128 2124 11777 2126 2124 11778 2126 2328 11779 2330 2329 11780 2331 2163 11781 2165 2161 11782 2163 2127 11783 2129 2127 11784 2129 2128 11785 2130 2163 11786 2165 2330 11787 2332 2127 11788 2129 2126 11789 2128 2126 11790 2128 2329 11791 2331 2330 11792 2332 2164 11793 2166 2163 11794 2165 2128 11795 2130 2128 11796 2130 2129 11797 2131 2164 11798 2166 2250 11799 2252 2236 11800 2238 2164 11801 2166 2164 11802 2166 2129 11803 2131 2250 11804 2252 2331 11805 2333 2128 11806 2130 2127 11807 2129 2127 11808 2129 2330 11809 2332 2331 11810 2333 2251 11811 2253 2250 11812 2252 2129 11813 2131 2129 11814 2131 2130 11815 2132 2251 11816 2253 2332 11817 2334 2129 11818 2131 2128 11819 2130 2128 11820 2130 2331 11821 2333 2332 11822 2334 2252 11823 2254 2251 11824 2253 2130 11825 2132 2130 11826 2132 2131 11827 2133 2252 11828 2254 2333 11829 2335 2130 11830 2132 2129 11831 2131 2129 11832 2131 2332 11833 2334 2333 11834 2335 2289 11835 2291 2288 11836 2290 2252 11837 2254 2252 11838 2254 2131 11839 2133 2289 11840 2291 2334 11841 2336 2131 11842 2133 2130 11843 2132 2130 11844 2132 2333 11845 2335 2334 11846 2336 2335 11847 2337 2289 11848 2291 2131 11849 2133 2131 11850 2133 2334 11851 2336 2335 11852 2337 2139 11853 2141 2138 11854 2140 2297 11855 2299 2297 11856 2299 2167 11857 2169 2139 11858 2141 2316 11859 2318 2315 11860 2317 2137 11861 2139 2137 11862 2139 2138 11863 2140 2316 11864 2318 2140 11865 2142 2139 11866 2141 2257 11867 2259 2257 11868 2259 2258 11869 2260 2140 11870 2142 2232 11871 2234 2255 11872 2257 2141 11873 2143 2141 11874 2143 2140 11875 2142 2232 11876 2234 2258 11877 2260 2232 11878 2234 2140 11879 2142 2316 11880 2318 2138 11881 2140 2139 11882 2141 2139 11883 2141 2337 11884 2339 2316 11885 2318 2337 11886 2339 2139 11887 2141 2140 11888 2142 2140 11889 2142 2338 11890 2340 2337 11891 2339 2287 11892 2289 2141 11893 2143 2255 11894 2257 2255 11895 2257 2286 11896 2288 2287 11897 2289 2338 11898 2340 2140 11899 2142 2141 11900 2143 2141 11901 2143 2314 11902 2316 2338 11903 2340 2314 11904 2316 2141 11905 2143 2287 11906 2289 2287 11907 2289 2339 11908 2341 2314 11909 2316 2256 11910 2258 2142 11911 2144 2287 11912 2289 2287 11913 2289 2286 11914 2288 2256 11915 2258 2286 11916 2288 2285 11917 2287 2278 11918 2280 2278 11919 2280 2256 11920 2258 2286 11921 2288 2142 11922 2144 2256 11923 2258 2341 11924 2343 2341 11925 2343 2342 11926 2344 2142 11927 2144 2339 11928 2341 2287 11929 2289 2142 11930 2144 2142 11931 2144 2340 11932 2342 2339 11933 2341 2340 11934 2342 2142 11935 2144 2342 11936 2344 2342 11937 2344 2343 11938 2345 2340 11939 2342 2336 11940 2338 2132 11941 2134 2289 11942 2291 2289 11943 2291 2335 11944 2337 2336 11945 2338 2288 11946 2290 2289 11947 2291 2132 11948 2134 2132 11949 2134 2253 11950 2255 2288 11951 2290 2344 11952 2346 2132 11953 2134 2336 11954 2338 2336 11955 2338 2345 11956 2347 2344 11957 2346 2260 11958 2262 2288 11959 2290 2253 11960 2255 2253 11961 2255 2254 11962 2256 2260 11963 2262 2346 11964 2348 2253 11965 2255 2132 11966 2134 2132 11967 2134 2344 11968 2346 2346 11969 2348 2347 11970 2349 2254 11971 2256 2253 11972 2255 2253 11973 2255 2346 11974 2348 2347 11975 2349 2238 11976 2240 2188 11977 2190 2224 11978 2226 2212 11979 2214 2182 11980 2184 2225 11981 2227 2372 11982 2374 2368 11983 2370 2371 11984 2373 2371 11985 2373 2375 11986 2377 2372 11987 2374 2381 11988 2383 2372 11989 2374 2375 11990 2377 2375 11991 2377 2380 11992 2382 2381 11993 2383 2382 11994 2384 2370 11995 2372 2372 11996 2374 2372 11997 2374 2381 11998 2383 2382 11999 2384 2419 12000 2421 2422 12001 2424 2382 12002 2384 2382 12003 2384 2381 12004 2383 2419 12005 2421 2420 12006 2422 2423 12007 2425 2422 12008 2424 2422 12009 2424 2419 12010 2421 2420 12011 2422 2387 12012 2389 2393 12013 2395 2392 12014 2394 2385 12015 2387 2397 12016 2399 2393 12017 2395 2393 12018 2395 2387 12019 2389 2385 12020 2387 2397 12021 2399 2434 12022 2436 2435 12023 2437 2435 12024 2437 2393 12025 2395 2397 12026 2399 2385 12027 2387 2396 12028 2398 2397 12029 2399 2396 12030 2398 2433 12031 2435 2434 12032 2436 2434 12033 2436 2397 12034 2399 2396 12035 2398 2385 12036 2387 2395 12037 2397 2396 12038 2398 2395 12039 2397 2432 12040 2434 2433 12041 2435 2433 12042 2435 2396 12043 2398 2395 12044 2397 2384 12045 2386 2394 12046 2396 2385 12047 2387 2394 12048 2396 2395 12049 2397 2385 12050 2387 2394 12051 2396 2384 12052 2386 2370 12053 2372 2370 12054 2372 2382 12055 2384 2394 12056 2396 2425 12057 2427 2394 12058 2396 2382 12059 2384 2382 12060 2384 2422 12061 2424 2425 12062 2427 2394 12063 2396 2425 12064 2427 2432 12065 2434 2432 12066 2434 2395 12067 2397 2394 12068 2396 2432 12069 2434 2425 12070 2427 2426 12071 2428 2426 12072 2428 2427 12073 2429 2432 12074 2434 2430 12075 2432 2435 12076 2437 2434 12077 2436 2434 12078 2436 2429 12079 2431 2430 12080 2432 2428 12081 2430 2433 12082 2435 2432 12083 2434 2432 12084 2434 2427 12085 2429 2428 12086 2430 2433 12087 2435 2428 12088 2430 2429 12089 2431 2429 12090 2431 2434 12091 2436 2433 12092 2435 2423 12093 2425 2426 12094 2428 2425 12095 2427 2425 12096 2427 2422 12097 2424 2423 12098 2425 2416 12099 2418 2419 12100 2421 2381 12101 2383 2381 12102 2383 2380 12103 2382 2416 12104 2418 2419 12105 2421 2416 12106 2418 2417 12107 2419 2417 12108 2419 2420 12109 2422 2419 12110 2421 2378 12111 2380 2398 12112 2400 2379 12113 2381 2399 12114 2401 2379 12115 2381 2398 12116 2400 2440 12117 2442 2446 12118 2448 2447 12119 2449 2447 12120 2449 2441 12121 2443 2440 12122 2442 2446 12123 2448 2399 12124 2401 2398 12125 2400 2398 12126 2400 2447 12127 2449 2446 12128 2448 2400 12129 2402 2379 12130 2381 2399 12131 2401 2445 12132 2447 2400 12133 2402 2399 12134 2401 2399 12135 2401 2446 12136 2448 2445 12137 2447 2439 12138 2441 2445 12139 2447 2446 12140 2448 2446 12141 2448 2440 12142 2442 2439 12143 2441 2401 12144 2403 2379 12145 2381 2400 12146 2402 2438 12147 2440 2444 12148 2446 2445 12149 2447 2445 12150 2447 2439 12151 2441 2438 12152 2440 2444 12153 2446 2401 12154 2403 2400 12155 2402 2400 12156 2402 2445 12157 2447 2444 12158 2446 2401 12159 2403 2402 12160 2404 2379 12161 2381 2443 12162 2445 2402 12163 2404 2401 12164 2403 2401 12165 2403 2444 12166 2446 2443 12167 2445 2402 12168 2404 2443 12169 2445 2416 12170 2418 2416 12171 2418 2380 12172 2382 2402 12173 2404 2443 12174 2445 2437 12175 2439 2417 12176 2419 2417 12177 2419 2416 12178 2418 2443 12179 2445 2437 12180 2439 2443 12181 2445 2444 12182 2446 2444 12183 2446 2438 12184 2440 2437 12185 2439 2437 12186 2439 2418 12187 2420 2417 12188 2419 2441 12189 2443 2418 12190 2420 2439 12191 2441 2439 12192 2441 2440 12193 2442 2441 12194 2443 2418 12195 2420 2421 12196 2423 2420 12197 2422 2420 12198 2422 2417 12199 2419 2418 12200 2420 2418 12201 2420 2441 12202 2443 2442 12203 2444 2439 12204 2441 2418 12205 2420 2437 12206 2439 2437 12207 2439 2438 12208 2440 2439 12209 2441 2424 12210 2426 2426 12211 2428 2423 12212 2425 2426 12213 2428 2424 12214 2426 2428 12215 2430 2428 12216 2430 2427 12217 2429 2426 12218 2428 2451 12219 2453 2450 12220 2452 2421 12221 2423 2421 12222 2423 2418 12223 2420 2451 12224 2453 2421 12225 2423 2424 12226 2426 2423 12227 2425 2423 12228 2425 2420 12229 2422 2421 12230 2423 2453 12231 2455 2424 12232 2426 2421 12233 2423 2421 12234 2423 2450 12235 2452 2453 12236 2455 2430 12237 2432 2424 12238 2426 2431 12239 2433 2428 12240 2430 2424 12241 2426 2430 12242 2432 2430 12243 2432 2429 12244 2431 2428 12245 2430 2436 12246 2438 2392 12247 2394 2393 12248 2395 2393 12249 2395 2435 12250 2437 2436 12251 2438 2389 12252 2391 2414 12253 2416 2413 12254 2415 2389 12255 2391 2415 12256 2417 2414 12257 2416 2408 12258 2410 2388 12259 2390 2407 12260 2409 2388 12261 2390 2408 12262 2410 2409 12263 2411 2406 12264 2408 2387 12265 2389 2392 12266 2394 2436 12267 2438 2406 12268 2408 2392 12269 2394 2387 12270 2389 2406 12271 2408 2407 12272 2409 2407 12273 2409 2388 12274 2390 2387 12275 2389 2431 12276 2433 2436 12277 2438 2435 12278 2437 2435 12279 2437 2430 12280 2432 2431 12281 2433 2424 12282 2426 2436 12283 2438 2431 12284 2433 2453 12285 2455 2454 12286 2456 2436 12287 2438 2436 12288 2438 2424 12289 2426 2453 12290 2455 2448 12291 2450 2442 12292 2444 2441 12293 2443 2441 12294 2443 2447 12295 2449 2448 12296 2450 2386 12297 2388 2448 12298 2450 2447 12299 2449 2447 12300 2449 2398 12301 2400 2386 12302 2388 2448 12303 2450 2418 12304 2420 2442 12305 2444 2411 12306 2413 2415 12307 2417 2389 12308 2391 2409 12309 2411 2410 12310 2412 2388 12311 2390 2459 12312 2461 2411 12313 2413 2389 12314 2391 2391 12315 2393 2483 12316 2485 2455 12317 2457 2411 12318 2413 2458 12319 2460 2405 12320 2407 2458 12321 2460 2411 12322 2413 2459 12323 2461 2458 12324 2460 2457 12325 2459 2404 12326 2406 2404 12327 2406 2405 12328 2407 2458 12329 2460 2457 12330 2459 2461 12331 2463 2403 12332 2405 2403 12333 2405 2404 12334 2406 2457 12335 2459 2461 12336 2463 2410 12337 2412 2403 12338 2405 2410 12339 2412 2460 12340 2462 2388 12341 2390 2460 12342 2462 2410 12343 2412 2461 12344 2463 2508 12345 2510 2504 12346 2506 2460 12347 2462 2508 12348 2510 2460 12349 2462 2461 12350 2463 2498 12351 2500 2497 12352 2499 2483 12353 2485 2483 12354 2485 2481 12355 2483 2498 12356 2500 2497 12357 2499 2496 12358 2498 2455 12359 2457 2455 12360 2457 2483 12361 2485 2497 12362 2499 2499 12363 2501 2498 12364 2500 2481 12365 2483 2481 12366 2483 2482 12367 2484 2499 12368 2501 2500 12369 2502 2499 12370 2501 2482 12371 2484 2482 12372 2484 2456 12373 2458 2500 12374 2502 2507 12375 2509 2508 12376 2510 2461 12377 2463 2461 12378 2463 2457 12379 2459 2507 12380 2509 2503 12381 2505 2507 12382 2509 2457 12383 2459 2457 12384 2459 2458 12385 2460 2503 12386 2505 2460 12387 2462 2504 12388 2506 2474 12389 2476 2508 12390 2510 2505 12391 2507 2504 12392 2506 2505 12393 2507 2508 12394 2510 2507 12395 2509 2507 12396 2509 2506 12397 2508 2505 12398 2507 2514 12399 2516 2475 12400 2477 2474 12401 2476 2474 12402 2476 2504 12403 2506 2514 12404 2516 2514 12405 2516 2516 12406 2518 2476 12407 2478 2476 12408 2478 2475 12409 2477 2514 12410 2516 2505 12411 2507 2515 12412 2517 2514 12413 2516 2514 12414 2516 2504 12415 2506 2505 12416 2507 2484 12417 2486 2512 12418 2514 2476 12419 2478 2476 12420 2478 2516 12421 2518 2484 12422 2486 2516 12423 2518 2485 12424 2487 2484 12425 2486 2515 12426 2517 2485 12427 2487 2516 12428 2518 2516 12429 2518 2514 12430 2516 2515 12431 2517 2515 12432 2517 2486 12433 2488 2485 12434 2487 2506 12435 2508 2486 12436 2488 2515 12437 2517 2515 12438 2517 2505 12439 2507 2506 12440 2508 2506 12441 2508 2487 12442 2489 2486 12443 2488 2507 12444 2509 2488 12445 2490 2487 12446 2489 2487 12447 2489 2506 12448 2508 2507 12449 2509 2496 12450 2498 2495 12451 2497 2459 12452 2461 2459 12453 2461 2455 12454 2457 2496 12455 2498 2495 12456 2497 2503 12457 2505 2458 12458 2460 2458 12459 2460 2459 12460 2461 2495 12461 2497 2503 12462 2505 2489 12463 2491 2488 12464 2490 2488 12465 2490 2507 12466 2509 2503 12467 2505 2490 12468 2492 2517 12469 2519 2495 12470 2497 2495 12471 2497 2496 12472 2498 2490 12473 2492 2517 12474 2519 2489 12475 2491 2503 12476 2505 2503 12477 2505 2495 12478 2497 2517 12479 2519 2497 12480 2499 2491 12481 2493 2490 12482 2492 2490 12483 2492 2496 12484 2498 2497 12485 2499 2498 12486 2500 2492 12487 2494 2491 12488 2493 2491 12489 2493 2497 12490 2499 2498 12491 2500 2499 12492 2501 2493 12493 2495 2492 12494 2494 2492 12495 2494 2498 12496 2500 2499 12497 2501 2501 12498 2503 2500 12499 2502 2456 12500 2458 2456 12501 2458 2479 12502 2481 2501 12503 2503 2500 12504 2502 2494 12505 2496 2493 12506 2495 2493 12507 2495 2499 12508 2501 2500 12509 2502 2518 12510 2520 2494 12511 2496 2500 12512 2502 2500 12513 2502 2501 12514 2503 2518 12515 2520 2510 12516 2512 2509 12517 2511 2501 12518 2503 2501 12519 2503 2479 12520 2481 2510 12521 2512 2509 12522 2511 2519 12523 2521 2518 12524 2520 2518 12525 2520 2501 12526 2503 2509 12527 2511 2502 12528 2504 2520 12529 2522 2519 12530 2521 2519 12531 2521 2509 12532 2511 2502 12533 2504 2363 12534 2365 2481 12535 2483 2483 12536 2485 2483 12537 2485 2391 12538 2393 2363 12539 2365 2391 12540 2393 2455 12541 2457 2459 12542 2461 2459 12543 2461 2389 12544 2391 2391 12545 2393 2412 12546 2414 2448 12547 2450 2386 12548 2388 2412 12549 2414 2521 12550 2523 2391 12551 2393 2390 12552 2392 2398 12553 2400 2378 12554 2380 2412 12555 2414 2391 12556 2393 2389 12557 2391 2413 12558 2415 2412 12559 2414 2389 12560 2391 2369 12561 2371 2376 12562 2378 2373 12563 2375 2376 12564 2378 2375 12565 2377 2371 12566 2373 2371 12567 2373 2373 12568 2375 2376 12569 2378 2376 12570 2378 2402 12571 2404 2380 12572 2382 2380 12573 2382 2375 12574 2377 2376 12575 2378 2379 12576 2381 2376 12577 2378 2377 12578 2379 2377 12579 2379 2378 12580 2380 2379 12581 2381 2402 12582 2404 2376 12583 2378 2379 12584 2381 2521 12585 2523 2390 12586 2392 2362 12587 2364 2398 12588 2400 2390 12589 2392 2386 12590 2388 2390 12591 2392 2521 12592 2523 2412 12593 2414 2412 12594 2414 2386 12595 2388 2390 12596 2392 2449 12597 2451 2473 12598 2475 2407 12599 2409 2407 12600 2409 2406 12601 2408 2449 12602 2451 2473 12603 2475 2472 12604 2474 2408 12605 2410 2408 12606 2410 2407 12607 2409 2473 12608 2475 2525 12609 2527 2472 12610 2474 2473 12611 2475 2473 12612 2475 2524 12613 2526 2525 12614 2527 2472 12615 2474 2471 12616 2473 2409 12617 2411 2409 12618 2411 2408 12619 2410 2472 12620 2474 2526 12621 2528 2471 12622 2473 2472 12623 2474 2472 12624 2474 2525 12625 2527 2526 12626 2528 2471 12627 2473 2470 12628 2472 2410 12629 2412 2410 12630 2412 2409 12631 2411 2471 12632 2473 2527 12633 2529 2470 12634 2472 2471 12635 2473 2471 12636 2473 2526 12637 2528 2527 12638 2529 2470 12639 2472 2469 12640 2471 2403 12641 2405 2403 12642 2405 2410 12643 2412 2470 12644 2472 2454 12645 2456 2449 12646 2451 2436 12647 2438 2523 12648 2525 2524 12649 2526 2473 12650 2475 2473 12651 2475 2449 12652 2451 2523 12653 2525 2529 12654 2531 2523 12655 2525 2449 12656 2451 2449 12657 2451 2454 12658 2456 2529 12659 2531 2469 12660 2471 2468 12661 2470 2404 12662 2406 2404 12663 2406 2403 12664 2405 2469 12665 2471 2528 12666 2530 2469 12667 2471 2470 12668 2472 2470 12669 2472 2527 12670 2529 2528 12671 2530 2528 12672 2530 2530 12673 2532 2468 12674 2470 2468 12675 2470 2469 12676 2471 2528 12677 2530 2468 12678 2470 2467 12679 2469 2405 12680 2407 2405 12681 2407 2404 12682 2406 2468 12683 2470 2531 12684 2533 2467 12685 2469 2468 12686 2470 2468 12687 2470 2530 12688 2532 2531 12689 2533 2467 12690 2469 2466 12691 2468 2411 12692 2413 2411 12693 2413 2405 12694 2407 2467 12695 2469 2466 12696 2468 2465 12697 2467 2415 12698 2417 2415 12699 2417 2411 12700 2413 2466 12701 2468 2532 12702 2534 2466 12703 2468 2467 12704 2469 2467 12705 2469 2531 12706 2533 2532 12707 2534 2532 12708 2534 2533 12709 2535 2465 12710 2467 2465 12711 2467 2466 12712 2468 2532 12713 2534 2452 12714 2454 2451 12715 2453 2418 12716 2420 2418 12717 2420 2448 12718 2450 2452 12719 2454 2462 12720 2464 2452 12721 2454 2448 12722 2450 2462 12723 2464 2536 12724 2538 2537 12725 2539 2537 12726 2539 2452 12727 2454 2462 12728 2464 2463 12729 2465 2462 12730 2464 2412 12731 2414 2412 12732 2414 2413 12733 2415 2463 12734 2465 2463 12735 2465 2535 12736 2537 2536 12737 2538 2536 12738 2538 2462 12739 2464 2463 12740 2465 2464 12741 2466 2463 12742 2465 2413 12743 2415 2413 12744 2415 2414 12745 2416 2464 12746 2466 2465 12747 2467 2464 12748 2466 2414 12749 2416 2414 12750 2416 2415 12751 2417 2465 12752 2467 2464 12753 2466 2534 12754 2536 2535 12755 2537 2535 12756 2537 2463 12757 2465 2464 12758 2466 2534 12759 2536 2464 12760 2466 2465 12761 2467 2465 12762 2467 2533 12763 2535 2534 12764 2536 2361 12765 2363 2390 12766 2392 2378 12767 2380 2362 12768 2364 2390 12769 2392 2361 12770 2363 2360 12771 2362 2377 12772 2379 2359 12773 2361 2377 12774 2379 2360 12775 2362 2361 12776 2363 2361 12777 2363 2378 12778 2380 2377 12779 2379 2542 12780 2544 2539 12781 2541 2361 12782 2363 2361 12783 2363 2360 12784 2362 2542 12785 2544 2541 12786 2543 2542 12787 2544 2360 12788 2362 2360 12789 2362 2359 12790 2361 2541 12791 2543 2543 12792 2545 2541 12793 2543 2359 12794 2361 2359 12795 2361 2358 12796 2360 2543 12797 2545 2377 12798 2379 2357 12799 2359 2358 12800 2360 2358 12801 2360 2359 12802 2361 2377 12803 2379 2377 12804 2379 2522 12805 2524 2357 12806 2359 2357 12807 2359 2544 12808 2546 2543 12809 2545 2543 12810 2545 2358 12811 2360 2357 12812 2359 2369 12813 2371 2522 12814 2524 2377 12815 2379 2377 12816 2379 2376 12817 2378 2369 12818 2371 2545 12819 2547 2544 12820 2546 2357 12821 2359 2357 12822 2359 2522 12823 2524 2545 12824 2547 2373 12825 2375 2368 12826 2370 2369 12827 2371 2368 12828 2370 2373 12829 2375 2371 12830 2373 2546 12831 2548 2545 12832 2547 2522 12833 2524 2522 12834 2524 2369 12835 2371 2546 12836 2548 2372 12837 2374 2367 12838 2369 2368 12839 2370 2367 12840 2369 2372 12841 2374 2370 12842 2372 2547 12843 2549 2546 12844 2548 2369 12845 2371 2369 12846 2371 2368 12847 2370 2547 12848 2549 2384 12849 2386 2383 12850 2385 2367 12851 2369 2367 12852 2369 2370 12853 2372 2384 12854 2386 2548 12855 2550 2547 12856 2549 2368 12857 2370 2368 12858 2370 2367 12859 2369 2548 12860 2550 2549 12861 2551 2548 12862 2550 2367 12863 2369 2367 12864 2369 2383 12865 2385 2549 12866 2551 2384 12867 2386 2349 12868 2351 2374 12869 2376 2374 12870 2376 2383 12871 2385 2384 12872 2386 2550 12873 2552 2549 12874 2551 2383 12875 2385 2383 12876 2385 2374 12877 2376 2550 12878 2552 2551 12879 2553 2550 12880 2552 2374 12881 2376 2374 12882 2376 2349 12883 2351 2551 12884 2553 2350 12885 2352 2348 12886 2350 2349 12887 2351 2349 12888 2351 2384 12889 2386 2350 12890 2352 2348 12891 2350 2552 12892 2554 2551 12893 2553 2551 12894 2553 2349 12895 2351 2348 12896 2350 2385 12897 2387 2351 12898 2353 2350 12899 2352 2350 12900 2352 2384 12901 2386 2385 12902 2387 2553 12903 2555 2552 12904 2554 2348 12905 2350 2348 12906 2350 2350 12907 2352 2553 12908 2555 2387 12909 2389 2352 12910 2354 2351 12911 2353 2351 12912 2353 2385 12913 2387 2387 12914 2389 2554 12915 2556 2553 12916 2555 2350 12917 2352 2350 12918 2352 2351 12919 2353 2554 12920 2556 2388 12921 2390 2353 12922 2355 2352 12923 2354 2352 12924 2354 2387 12925 2389 2388 12926 2390 2474 12927 2476 2353 12928 2355 2388 12929 2390 2388 12930 2390 2460 12931 2462 2474 12932 2476 2555 12933 2557 2554 12934 2556 2351 12935 2353 2351 12936 2353 2352 12937 2354 2555 12938 2557 2475 12939 2477 2354 12940 2356 2353 12941 2355 2353 12942 2355 2474 12943 2476 2475 12944 2477 2556 12945 2558 2555 12946 2557 2352 12947 2354 2352 12948 2354 2353 12949 2355 2556 12950 2558 2476 12951 2478 2355 12952 2357 2354 12953 2356 2354 12954 2356 2475 12955 2477 2476 12956 2478 2557 12957 2559 2556 12958 2558 2353 12959 2355 2353 12960 2355 2354 12961 2356 2557 12962 2559 2513 12963 2515 2355 12964 2357 2476 12965 2478 2476 12966 2478 2512 12967 2514 2513 12968 2515 2558 12969 2560 2557 12970 2559 2354 12971 2356 2354 12972 2356 2355 12973 2357 2558 12974 2560 2559 12975 2561 2558 12976 2560 2355 12977 2357 2355 12978 2357 2513 12979 2515 2559 12980 2561 2363 12981 2365 2391 12982 2393 2521 12983 2523 2521 12984 2523 2362 12985 2364 2363 12986 2365 2540 12987 2542 2362 12988 2364 2361 12989 2363 2361 12990 2363 2539 12991 2541 2540 12992 2542 2364 12993 2366 2482 12994 2484 2481 12995 2483 2481 12996 2483 2363 12997 2365 2364 12998 2366 2456 12999 2458 2364 13000 2366 2365 13001 2367 2365 13002 2367 2479 13003 2481 2456 13004 2458 2482 13005 2484 2364 13006 2366 2456 13007 2458 2540 13008 2542 2561 13009 2563 2363 13010 2365 2363 13011 2365 2362 13012 2364 2540 13013 2542 2561 13014 2563 2562 13015 2564 2364 13016 2366 2364 13017 2366 2363 13018 2365 2561 13019 2563 2511 13020 2513 2510 13021 2512 2479 13022 2481 2479 13023 2481 2365 13024 2367 2511 13025 2513 2562 13026 2564 2538 13027 2540 2365 13028 2367 2365 13029 2367 2364 13030 2366 2562 13031 2564 2538 13032 2540 2563 13033 2565 2511 13034 2513 2511 13035 2513 2365 13036 2367 2538 13037 2540 2480 13038 2482 2510 13039 2512 2511 13040 2513 2511 13041 2513 2366 13042 2368 2480 13043 2482 2510 13044 2512 2480 13045 2482 2502 13046 2504 2502 13047 2504 2509 13048 2511 2510 13049 2512 2366 13050 2368 2566 13051 2568 2565 13052 2567 2565 13053 2567 2480 13054 2482 2366 13055 2368 2563 13056 2565 2564 13057 2566 2366 13058 2368 2366 13059 2368 2511 13060 2513 2563 13061 2565 2564 13062 2566 2567 13063 2569 2566 13064 2568 2566 13065 2568 2366 13066 2368 2564 13067 2566 2560 13068 2562 2559 13069 2561 2513 13070 2515 2513 13071 2515 2356 13072 2358 2560 13073 2562 2512 13074 2514 2477 13075 2479 2356 13076 2358 2356 13077 2358 2513 13078 2515 2512 13079 2514 2568 13080 2570 2569 13081 2571 2560 13082 2562 2560 13083 2562 2356 13084 2358 2568 13085 2570 2484 13086 2486 2478 13087 2480 2477 13088 2479 2477 13089 2479 2512 13090 2514 2484 13091 2486 2570 13092 2572 2568 13093 2570 2356 13094 2358 2356 13095 2358 2477 13096 2479 2570 13097 2572 2571 13098 2573 2570 13099 2572 2477 13100 2479 2477 13101 2479 2478 13102 2480 2571 13103 2573 2462 13104 2464 2448 13105 2450 2412 13106 2414 2436 13107 2438 2449 13108 2451 2406 13109 2408</p>
        </triangles>
      </mesh>
    </geometry>
    <geometry id="orange-lib" name="orangeMesh">
      <mesh>
        <source id="orange-POSITION">
          <float_array id="orange-POSITION-array" count="120">
-0.369814 0.071823 0.177639
-0.369814 -0.071823 0.177639
-0.370314 0.062501 0.166892
-0.370314 -0.062501 0.166892
-0.372814 0.027683 0.166439
-0.372814 -0.027683 0.166439
-0.373420 -0.000000 0.166333
-0.371186 0.062372 0.188756
-0.371186 -0.062373 0.188756
-0.373538 0.029793 0.188821
-0.373538 -0.029793 0.188821
-0.374320 -0.000000 0.188923
-0.369776 0.069011 0.169551
-0.369774 -0.069011 0.169552
-0.370272 0.069952 0.184940
-0.370272 -0.069952 0.184940
-0.119701 0.225854 0.308083
-0.111428 0.226679 0.307870
-0.105538 0.254169 0.300360
-0.106207 0.255983 0.299866
-0.107931 0.256961 0.299672
-0.111330 0.257005 0.299830
-0.113195 0.255695 0.300279
-0.125097 0.199892 0.314307
-0.123422 0.198161 0.314655
-0.120152 0.199274 0.314331
-0.118287 0.200644 0.313959
-0.116784 0.203049 0.313378
-0.119701 -0.225854 0.308083
-0.111428 -0.226679 0.307870
-0.105538 -0.254169 0.300360
-0.106207 -0.255983 0.299866
-0.107931 -0.256962 0.299672
-0.111330 -0.257005 0.299830
-0.113195 -0.255695 0.300279
-0.125097 -0.199892 0.314307
-0.123422 -0.198161 0.314655
-0.120152 -0.199274 0.314331
-0.118287 -0.200644 0.313959
-0.116784 -0.203050 0.313378
</float_array>
          <technique_common>
            <accessor source="#orange-POSITION-array" count="40" stride="3">
              <param name="X" type="float"/>
              <param name="Y" type="float"/>
              <param name="Z" type="float"/>
            </accessor>
          </technique_common>
        </source>
        <source id="orange-Normal0">
          <float_array id="orange-Normal0-array" count="306">
-0.999307 0.000000 -0.037223
-0.998044 0.049435 -0.038269
-0.998188 0.046535 -0.038149
-0.999307 0.000000 -0.037223
-0.998188 0.046535 -0.038149
-0.999307 0.000000 -0.037223
-0.998044 0.049435 -0.038269
-0.995725 0.083736 -0.038982
-0.998188 0.046535 -0.038149
-0.995725 0.083736 -0.038982
-0.998044 0.049435 -0.038269
-0.995774 0.083147 -0.038992
-0.999307 0.000000 -0.037223
-0.998188 -0.046535 -0.038149
-0.998044 -0.049435 -0.038269
-0.998188 -0.046535 -0.038149
-0.999307 0.000000 -0.037223
-0.999307 0.000000 -0.037223
-0.998044 -0.049435 -0.038269
-0.995719 -0.083794 -0.039006
-0.995768 -0.083203 -0.039015
-0.995719 -0.083794 -0.039006
-0.998044 -0.049435 -0.038269
-0.998188 -0.046535 -0.038149
-0.995768 -0.083203 -0.039015
-0.995719 -0.083794 -0.039006
-0.994353 -0.098831 -0.038656
-0.994353 -0.098831 -0.038656
-0.995719 -0.083794 -0.039006
-0.994346 -0.098898 -0.038668
-0.994346 -0.098898 -0.038668
-0.994713 -0.095389 -0.038038
-0.994353 -0.098831 -0.038656
-0.995725 0.083736 -0.038982
-0.995774 0.083147 -0.038992
-0.994362 0.098769 -0.038593
-0.995725 0.083736 -0.038982
-0.994362 0.098769 -0.038593
-0.994356 0.098827 -0.038605
-0.994362 0.098769 -0.038593
-0.994678 0.095796 -0.037932
-0.994356 0.098827 -0.038605
0.028185 0.260584 0.965040
0.016424 0.243585 0.969741
0.029657 0.261626 0.964713
0.016424 0.243585 0.969741
0.028185 0.260584 0.965040
0.015087 0.238346 0.971063
0.015087 -0.238346 0.971063
0.028185 -0.260584 0.965040
0.016424 -0.243585 0.969741
0.028185 -0.260584 0.965040
0.029657 -0.261626 0.964713
0.016424 -0.243585 0.969741
0.019598 -0.223474 0.974513
0.015087 -0.238346 0.971063
0.015431 -0.225895 0.974029
0.015431 -0.225895 0.974029
0.015087 -0.238346 0.971063
0.016424 -0.243585 0.969741
0.015087 0.238346 0.971063
0.015431 0.225895 0.974029
0.016424 0.243585 0.969741
0.015431 0.225895 0.974029
0.015087 0.238346 0.971063
0.019598 0.223474 0.974513
0.045687 0.272968 0.960938
0.029657 0.261626 0.964713
0.045840 0.273109 0.960890
0.029657 0.261626 0.964713
0.045687 0.272968 0.960938
0.028185 0.260584 0.965040
0.045840 0.273109 0.960890
0.048059 0.275160 0.960196
0.045687 0.272968 0.960938
0.024729 0.221793 0.974780
0.019598 0.223474 0.974513
0.024788 0.221675 0.974806
0.015431 0.225895 0.974029
0.019598 0.223474 0.974513
0.024729 0.221793 0.974780
0.024788 0.221675 0.974806
0.011818 0.247418 0.968837
0.024729 0.221793 0.974780
0.029657 -0.261626 0.964713
0.028185 -0.260584 0.965040
0.045687 -0.272968 0.960938
0.029657 -0.261626 0.964713
0.045687 -0.272968 0.960938
0.045840 -0.273109 0.960890
0.045687 -0.272968 0.960938
0.048059 -0.275160 0.960196
0.045840 -0.273109 0.960890
0.019598 -0.223474 0.974513
0.015431 -0.225895 0.974029
0.024729 -0.221793 0.974780
0.024729 -0.221793 0.974780
0.024788 -0.221675 0.974806
0.019598 -0.223474 0.974513
0.024729 -0.221793 0.974780
0.011818 -0.247418 0.968837
0.024788 -0.221675 0.974806
</float_array>
          <technique_common>
            <accessor source="#orange-Normal0-array" count="102" stride="3">
              <param name="X" type="float"/>
              <param name="Y" type="float"/>
              <param name="Z" type="float"/>
            </accessor>
          </technique_common>
        </source>
        <vertices id="orange-VERTEX">
          <input semantic="POSITION" source="#orange-POSITION"/>
        </vertices>
        <triangles count="34" material="orange_ncl1_1">
          <input semantic="VERTEX" offset="0" source="#orange-VERTEX"/>
          <input semantic="NORMAL" offset="1" source="#orange-Normal0"/>
          <p> 11 0 9 1 4 2 11 3 4 4 6 5 9 6 2 7 4 8 2 9 9 10 7 11 11 12 5 13 10 14 5 15 11 16 6 17 10 18 3 19 8 20 3 21 10 22 5 23 8 24 3 25 15 26 15 27 3 28 13 29 13 30 1 31 15 32 2 33 7 34 14 35 2 36 14 37 12 38 14 39 0 40 12 41 22 42 17 43 18 44 17 45 22 46 16 47 28 48 34 49 29 50 34 51 30 52 29 53 35 54 28 55 39 56 39 57 28 58 29 59 16 60 27 61 17 62 27 63 16 64 23 65 21 66 18 67 19 68 18 69 21 70 22 71 19 72 20 73 21 74 26 75 23 76 24 77 27 78 23 79 26 80 24 81 25 82 26 83 30 84 34 85 33 86 30 87 33 88 31 89 33 90 32 91 31 92 35 93 39 94 38 95 38 96 36 97 35 98 38 99 37 100 36 101</p>
        </triangles>
      </mesh>
    </geometry>
  </library_geometries>
  <library_visual_scenes>
    <visual_scene id="baselink" name="baselink">
      <node name="black_02" id="black_02" sid="black_02">
        <instance_geometry url="#black_02-lib">
          <bind_material>
            <technique_common>
              <instance_material symbol="black_02_ncl1_1" target="#black_02_ncl1_1"/>
            </technique_common>
          </bind_material>
        </instance_geometry>
        <extra>
          <technique profile="FCOLLADA">
            <visibility>1.000000</visibility>
          </technique>
        </extra>
      </node>
      <node name="white" id="white" sid="white">
        <instance_geometry url="#white-lib">
          <bind_material>
            <technique_common>
              <instance_material symbol="white_ncl1_1" target="#white_ncl1_1"/>
            </technique_common>
          </bind_material>
        </instance_geometry>
        <extra>
          <technique profile="FCOLLADA">
            <visibility>1.000000</visibility>
          </technique>
        </extra>
      </node>
      <node name="black_01" id="black_01" sid="black_01">
        <rotate sid="rotateX">1 0 0 -0.000010</rotate>
        <instance_geometry url="#black_01-lib">
          <bind_material>
            <technique_common>
              <instance_material symbol="black_01_ncl1_1" target="#black_01_ncl1_1"/>
            </technique_common>
          </bind_material>
        </instance_geometry>
        <extra>
          <technique profile="FCOLLADA">
            <visibility>1.000000</visibility>
          </technique>
        </extra>
      </node>
      <node name="orange" id="orange" sid="orange">
        <instance_geometry url="#orange-lib">
          <bind_material>
            <technique_common>
              <instance_material symbol="orange_ncl1_1" target="#orange_ncl1_1"/>
            </technique_common>
          </bind_material>
        </instance_geometry>
        <extra>
          <technique profile="FCOLLADA">
            <visibility>1.000000</visibility>
          </technique>
        </extra>
      </node>
      <extra>
        <technique profile="MAX3D">
          <frame_rate>30.000000</frame_rate>
        </technique>
        <technique profile="FCOLLADA">
          <start_time>0.000000</start_time>
          <end_time>3.333333</end_time>
        </technique>
      </extra>
    </visual_scene>
  </library_visual_scenes>
  <scene>
    <instance_visual_scene url="#baselink"/>
  </scene>
</COLLADA>
