<?xml version="1.0" encoding="utf-8"?>
<COLLADA xmlns="http://www.collada.org/2005/11/COLLADASchema" version="1.4.1">
  <asset>
    <contributor>
      <author/>
      <authoring_tool>FBX COLLADA exporter</authoring_tool>
      <comments/>
    </contributor>
    <created>2026-06-02T07:51:29Z</created>
    <keywords/>
    <modified>2026-06-02T07:51:29Z</modified>
    <revision/>
    <subject/>
    <title/>
    <unit meter="1.000000" name="centimeter"/>
    <up_axis>Z_UP</up_axis>
  </asset>
  <library_materials>
    <material id="white" name="white">
      <instance_effect url="#white-fx"/>
    </material>
    <material id="black_01" name="black_01">
      <instance_effect url="#black_01-fx"/>
    </material>
  </library_materials>
  <library_effects>
    <effect id="white-fx" name="white">
      <profile_COMMON>
        <technique sid="standard">
          <phong>
            <emission>
              <color sid="emission">0.000000  0.000000 0.000000 1.000000</color>
            </emission>
            <ambient>
              <color sid="ambient">0.766000  0.766000 0.766000 1.000000</color>
            </ambient>
            <diffuse>
              <color sid="diffuse">0.766000  0.766000 0.766000 1.000000</color>
            </diffuse>
            <specular>
              <color sid="specular">2.763290  2.763290 2.763290 1.000000</color>
            </specular>
            <shininess>
              <float sid="shininess">13.928808</float>
            </shininess>
          </phong>
        </technique>
      </profile_COMMON>
    </effect>
    <effect id="black_01-fx" name="black_01">
      <profile_COMMON>
        <technique sid="standard">
          <phong>
            <emission>
              <color sid="emission">0.000000  0.000000 0.000000 1.000000</color>
            </emission>
            <ambient>
              <color sid="ambient">0.000000  0.000000 0.000000 1.000000</color>
            </ambient>
            <diffuse>
              <color sid="diffuse">0.000000  0.000000 0.000000 1.000000</color>
            </diffuse>
            <specular>
              <color sid="specular">1.100000  1.100000 1.100000 1.000000</color>
            </specular>
            <shininess>
              <float sid="shininess">45.254833</float>
            </shininess>
          </phong>
        </technique>
      </profile_COMMON>
    </effect>
  </library_effects>
  <library_geometries>
    <geometry id="body_link2_01-lib" name="body_link2_01Mesh">
      <mesh>
        <source id="body_link2_01-POSITION">
          <float_array id="body_link2_01-POSITION-array" count="2850">
-0.039048 0.310156 -0.120876
-0.050623 0.362051 -0.120922
-0.053707 0.379945 -0.120845
-0.050792 0.397675 -0.120840
-0.042073 0.413546 -0.120783
-0.028705 0.425449 -0.120814
-0.011758 0.431957 -0.120868
0.006116 0.433412 -0.120810
0.023441 0.428345 -0.120833
0.037893 0.417993 -0.120887
0.048135 0.403548 -0.120885
0.053833 0.386399 -0.120780
0.065690 0.334639 -0.120849
0.069167 0.316532 -0.120796
-0.034040 0.291540 -0.120685
-0.024071 0.276591 -0.120886
-0.010670 0.266222 -0.120968
0.006622 0.259813 -0.120975
0.028705 0.260968 -0.120857
0.059695 0.282100 -0.120800
0.067337 0.297537 -0.120776
0.046840 0.269712 -0.120969
0.046772 0.384404 -0.121000
0.041772 0.400179 -0.121000
0.033044 0.413181 -0.121000
0.021245 0.421749 -0.121000
0.005417 0.426207 -0.121000
-0.010352 0.424856 -0.121000
-0.025744 0.418568 -0.121000
-0.036641 0.408336 -0.121000
-0.044300 0.394561 -0.121000
-0.046494 0.380206 -0.121000
-0.044004 0.363377 -0.121000
-0.032052 0.311517 -0.121000
-0.027032 0.293780 -0.121000
-0.019007 0.281228 -0.121000
-0.007567 0.272171 -0.121000
0.006956 0.266895 -0.121000
0.026681 0.268069 -0.121000
0.043105 0.275037 -0.121000
0.053498 0.285474 -0.121000
0.060148 0.299434 -0.121000
0.061976 0.317095 -0.121000
0.059013 0.333179 -0.121000
-0.009649 0.421663 -0.121000
0.005236 0.422567 -0.121000
0.020013 0.418267 -0.121000
0.030739 0.410610 -0.121001
0.038943 0.398897 -0.121001
0.043660 0.383867 -0.121000
0.055901 0.332635 -0.121000
0.058328 0.317238 -0.121000
0.056784 0.300211 -0.121001
0.050287 0.287105 -0.121000
0.041025 0.277890 -0.121000
0.026142 0.271332 -0.121000
0.007309 0.270598 -0.121000
-0.006067 0.275491 -0.121000
-0.016545 0.283665 -0.121001
-0.023985 0.295268 -0.121000
-0.029038 0.312422 -0.121000
-0.040850 0.363971 -0.121000
-0.043385 0.380239 -0.121000
-0.041349 0.393535 -0.121000
-0.034738 0.406325 -0.121000
-0.024513 0.415733 -0.121000
-0.065603 0.358252 -0.104395
0.068063 0.390412 -0.104438
0.080330 0.338052 -0.104503
-0.053719 0.306812 -0.104606
0.061463 0.410880 -0.104363
0.049126 0.428169 -0.104427
0.028562 0.442368 -0.104441
0.009282 0.447951 -0.104463
-0.015423 0.446413 -0.104231
-0.034845 0.439040 -0.104265
-0.053681 0.422897 -0.104399
-0.064995 0.402218 -0.104408
-0.068691 0.379553 -0.104332
-0.051602 0.287929 -0.104738
0.084445 0.317566 -0.104374
0.075635 0.296195 -0.114415
0.086337 0.295977 -0.104132
0.068185 0.278080 -0.117314
0.085548 0.273766 -0.104478
0.052781 0.260393 -0.118171
0.031608 0.251474 -0.118468
0.007164 0.249485 -0.118540
-0.014862 0.256852 -0.118312
-0.030902 0.268406 -0.117995
-0.040066 0.280033 -0.114039
0.063812 0.240317 -0.117490
0.070021 0.019338 -0.104552
0.050763 0.021056 -0.117399
-0.047367 0.029135 -0.117462
-0.066926 0.030496 -0.104875
-0.059071 0.029903 -0.113003
0.061261 0.020521 -0.113645
0.060343 0.173485 -0.117303
0.056089 0.099588 -0.117220
0.065780 0.098332 -0.113315
0.074960 0.097568 -0.104487
0.070526 0.173042 -0.112651
0.079644 0.172348 -0.103960
0.073999 0.239393 -0.112687
0.083551 0.239211 -0.104469
0.076876 0.276039 -0.111923
0.039542 0.234340 -0.117991
0.009805 0.232490 -0.118113
-0.018216 0.239701 -0.117853
-0.034687 0.253248 -0.117058
-0.043985 0.257334 -0.111749
-0.052801 0.258047 -0.104951
-0.038108 0.179803 -0.117495
-0.042024 0.106494 -0.117501
-0.049365 0.181185 -0.112435
-0.054416 0.108059 -0.112291
-0.062334 0.108169 -0.104578
-0.057580 0.182030 -0.104962
0.034868 0.174620 -0.117762
0.009030 0.174999 -0.117896
-0.015479 0.177669 -0.117719
0.005955 0.102924 -0.117621
0.030800 0.100990 -0.117562
-0.018637 0.104363 -0.117560
0.001871 0.033332 -0.117341
0.026203 0.029066 -0.117417
-0.022535 0.033553 -0.117440
-0.003326 -0.048294 -0.117006
0.013691 -0.046878 -0.117035
0.030563 -0.037871 -0.117147
0.042782 -0.023323 -0.117300
0.048530 0.000250 -0.117435
-0.020605 -0.044065 -0.117042
-0.035698 -0.033069 -0.117155
-0.046395 -0.015442 -0.117275
-0.048253 0.007231 -0.117441
-0.059146 0.008199 -0.113714
-0.068035 0.008585 -0.104376
-0.055517 -0.018477 -0.113802
-0.064692 -0.021982 -0.104559
-0.042664 -0.040752 -0.113461
-0.048908 -0.047874 -0.104380
-0.024293 -0.053903 -0.113409
-0.029629 -0.061941 -0.103880
-0.004034 -0.058434 -0.113284
-0.005109 -0.067850 -0.104581
0.058901 -0.002749 -0.113924
0.067887 -0.005259 -0.104079
0.050710 -0.029074 -0.113822
0.058615 -0.035193 -0.104340
0.033791 -0.047762 -0.113671
0.035674 -0.058512 -0.104806
0.014627 -0.057094 -0.113446
0.014711 -0.066564 -0.105099
0.023638 0.002188 -0.117325
0.019679 -0.022274 -0.117209
-0.023613 0.006183 -0.117330
-0.023155 -0.018910 -0.117220
0.000018 0.004906 -0.117225
-0.001717 -0.021323 -0.117118
0.072638 0.058604 -0.104349
0.063862 0.059265 -0.113275
0.053480 0.060117 -0.117327
0.028611 0.063615 -0.117532
0.003953 0.066723 -0.117477
-0.020483 0.067568 -0.117553
-0.044176 0.067362 -0.117499
-0.056455 0.067920 -0.112943
-0.064636 0.068453 -0.104814
0.077482 0.136389 -0.103819
0.068378 0.137150 -0.112803
0.058235 0.137760 -0.117279
0.032924 0.138613 -0.117610
0.007748 0.139653 -0.117762
-0.016889 0.141995 -0.117573
-0.039523 0.143838 -0.117502
-0.051801 0.144591 -0.112434
-0.060152 0.145049 -0.104409
0.081700 0.206197 -0.103975
0.072691 0.206753 -0.112380
0.062728 0.207471 -0.117209
0.036730 0.206048 -0.117894
0.009231 0.206145 -0.118014
-0.015955 0.210495 -0.117839
-0.036572 0.215964 -0.117272
-0.046388 0.222414 -0.112266
-0.054841 0.223125 -0.105202
-0.067602 0.030448 -0.090552
-0.052383 0.288219 -0.090548
-0.053814 0.258160 -0.090630
-0.055895 0.223721 -0.090606
-0.058409 0.182558 -0.090705
-0.060709 0.145024 -0.090558
-0.062973 0.107972 -0.090632
-0.065368 0.068850 -0.090553
-0.068620 0.008909 -0.090819
-0.065659 -0.021797 -0.090672
-0.049857 -0.048096 -0.090821
-0.029787 -0.062607 -0.090625
-0.005295 -0.068503 -0.090572
0.014925 -0.067522 -0.090572
0.036179 -0.059162 -0.090689
0.059399 -0.035687 -0.090627
0.070699 0.019093 -0.090570
0.068628 -0.005129 -0.090659
0.086270 0.273758 -0.090659
0.084186 0.238841 -0.090557
0.082164 0.205794 -0.090608
0.080113 0.172253 -0.090622
0.077884 0.135911 -0.090814
0.075507 0.096950 -0.090629
0.073102 0.057712 -0.090668
0.081004 0.337776 -0.090566
0.068707 0.390604 -0.090545
-0.054555 0.307016 -0.090593
-0.066195 0.358144 -0.090556
-0.069336 0.379533 -0.090567
-0.065643 0.402203 -0.090583
-0.053952 0.423321 -0.090639
-0.034869 0.439756 -0.090596
0.062147 0.410776 -0.090545
0.049799 0.428204 -0.090561
0.029434 0.442784 -0.090558
0.008574 0.448790 -0.090582
-0.015316 0.446991 -0.090770
0.084991 0.317204 -0.090656
0.086792 0.296096 -0.090567
-0.050904 0.223417 -0.090606
-0.053418 0.182253 -0.090705
-0.055719 0.144719 -0.090558
-0.057982 0.107667 -0.090632
-0.060377 0.068552 -0.090553
-0.062609 0.030185 -0.090552
-0.063608 0.009032 -0.090819
-0.060791 -0.020191 -0.090672
-0.046098 -0.044644 -0.090821
-0.027657 -0.057977 -0.090625
-0.004821 -0.063475 -0.090571
0.013861 -0.062568 -0.090571
0.033367 -0.054896 -0.090688
0.054972 -0.033053 -0.090627
0.063690 -0.004183 -0.090659
0.065713 0.019461 -0.090570
0.068112 0.058020 -0.090668
0.070517 0.097255 -0.090629
0.072893 0.136216 -0.090814
0.075122 0.172559 -0.090622
0.077174 0.206099 -0.090608
0.079195 0.239142 -0.090557
0.081273 0.273966 -0.090659
0.081787 0.295941 -0.090567
0.080032 0.316514 -0.090656
0.076113 0.336733 -0.090566
0.063886 0.389261 -0.090545
0.057627 0.408506 -0.090545
0.046205 0.424628 -0.090561
0.027223 0.438217 -0.090558
0.008054 0.443736 -0.090582
-0.014240 0.442057 -0.090771
-0.032289 0.435379 -0.090597
-0.050011 0.420116 -0.090639
-0.060848 0.400541 -0.090583
-0.064277 0.379493 -0.090567
-0.061276 0.359064 -0.090556
-0.049619 0.307860 -0.090593
-0.047370 0.288388 -0.090548
-0.048821 0.257891 -0.090630
-0.039048 0.310156 0.120876
-0.050623 0.362051 0.120922
-0.053707 0.379945 0.120845
-0.050792 0.397675 0.120840
-0.042073 0.413546 0.120783
-0.028705 0.425449 0.120814
-0.011758 0.431957 0.120868
0.006116 0.433412 0.120810
0.023441 0.428345 0.120833
0.037893 0.417993 0.120887
0.048135 0.403548 0.120885
0.053833 0.386399 0.120780
0.065690 0.334639 0.120849
0.069167 0.316532 0.120796
-0.034040 0.291540 0.120685
-0.024071 0.276591 0.120886
-0.010670 0.266222 0.120968
0.006622 0.259813 0.120975
0.028705 0.260968 0.120857
0.059695 0.282100 0.120800
0.067337 0.297537 0.120776
0.046840 0.269712 0.120969
0.046772 0.384404 0.121000
0.041772 0.400179 0.121000
0.033044 0.413181 0.121000
0.021245 0.421749 0.121000
0.005417 0.426207 0.121000
-0.010352 0.424856 0.121000
-0.025744 0.418568 0.121000
-0.036641 0.408336 0.121000
-0.044300 0.394561 0.121000
-0.046494 0.380206 0.121000
-0.044004 0.363377 0.121000
-0.032052 0.311517 0.121000
-0.027032 0.293780 0.121000
-0.019007 0.281228 0.121000
-0.007567 0.272171 0.121000
0.006956 0.266895 0.121000
0.026681 0.268069 0.121000
0.043105 0.275037 0.121000
0.053498 0.285474 0.121000
0.060148 0.299434 0.121000
0.061976 0.317095 0.121000
0.059013 0.333179 0.121000
-0.009649 0.421663 0.121000
0.005236 0.422567 0.121000
0.020013 0.418267 0.121000
0.030739 0.410610 0.121001
0.038943 0.398897 0.121001
0.043660 0.383867 0.121000
0.055901 0.332635 0.121000
0.058328 0.317238 0.121000
0.056784 0.300211 0.121001
0.050287 0.287105 0.121000
0.041025 0.277890 0.121000
0.026142 0.271332 0.121000
0.007309 0.270598 0.121000
-0.006067 0.275491 0.121000
-0.016545 0.283665 0.121001
-0.023985 0.295268 0.121000
-0.029038 0.312422 0.121000
-0.040850 0.363971 0.121000
-0.043385 0.380239 0.121000
-0.041349 0.393535 0.121000
-0.034738 0.406325 0.121000
-0.024513 0.415733 0.121000
-0.065603 0.358252 0.104395
0.068063 0.390412 0.104438
0.080330 0.338052 0.104503
-0.053719 0.306812 0.104606
0.061463 0.410880 0.104363
0.049126 0.428169 0.104427
0.028562 0.442368 0.104441
0.009282 0.447951 0.104463
-0.015423 0.446413 0.104231
-0.034845 0.439040 0.104265
-0.053681 0.422897 0.104399
-0.064995 0.402218 0.104408
-0.068691 0.379553 0.104332
-0.051602 0.287929 0.104738
0.084445 0.317566 0.104374
0.075635 0.296195 0.114415
0.086337 0.295977 0.104132
0.068185 0.278080 0.117314
0.085548 0.273766 0.104478
0.052781 0.260393 0.118171
0.031608 0.251474 0.118468
0.007164 0.249485 0.118540
-0.014862 0.256852 0.118312
-0.030902 0.268406 0.117995
-0.040066 0.280033 0.114039
0.063812 0.240317 0.117490
0.070021 0.019338 0.104552
0.050763 0.021056 0.117399
-0.047367 0.029135 0.117462
-0.066926 0.030496 0.104875
-0.059071 0.029903 0.113003
0.061261 0.020521 0.113645
0.060343 0.173485 0.117303
0.056089 0.099588 0.117220
0.065780 0.098332 0.113315
0.074960 0.097568 0.104487
0.070526 0.173042 0.112651
0.079644 0.172348 0.103960
0.073999 0.239393 0.112687
0.083551 0.239211 0.104469
0.076876 0.276039 0.111923
0.039542 0.234340 0.117991
0.009805 0.232490 0.118113
-0.018216 0.239701 0.117853
-0.034687 0.253248 0.117058
-0.043985 0.257334 0.111749
-0.052801 0.258047 0.104951
-0.038108 0.179803 0.117495
-0.042024 0.106494 0.117501
-0.049365 0.181185 0.112435
-0.054416 0.108059 0.112291
-0.062334 0.108169 0.104578
-0.057580 0.182030 0.104962
0.034868 0.174620 0.117762
0.009030 0.174999 0.117896
-0.015479 0.177669 0.117719
0.005955 0.102924 0.117621
0.030800 0.100990 0.117562
-0.018637 0.104363 0.117560
0.001871 0.033332 0.117341
0.026203 0.029066 0.117417
-0.022535 0.033553 0.117440
-0.003326 -0.048294 0.117006
0.013691 -0.046878 0.117035
0.030563 -0.037871 0.117147
0.042782 -0.023323 0.117300
0.048530 0.000250 0.117435
-0.020605 -0.044065 0.117042
-0.035698 -0.033069 0.117155
-0.046395 -0.015442 0.117275
-0.048253 0.007231 0.117441
-0.059146 0.008199 0.113714
-0.068035 0.008585 0.104376
-0.055517 -0.018477 0.113802
-0.064692 -0.021982 0.104559
-0.042664 -0.040752 0.113461
-0.048908 -0.047874 0.104380
-0.024293 -0.053903 0.113409
-0.029629 -0.061941 0.103880
-0.004034 -0.058434 0.113284
-0.005109 -0.067850 0.104581
0.058901 -0.002749 0.113924
0.067887 -0.005259 0.104079
0.050710 -0.029074 0.113822
0.058615 -0.035193 0.104340
0.033791 -0.047762 0.113671
0.035674 -0.058512 0.104806
0.014627 -0.057094 0.113446
0.014711 -0.066564 0.105099
0.023638 0.002188 0.117325
0.019679 -0.022274 0.117209
-0.023613 0.006183 0.117330
-0.023155 -0.018910 0.117220
0.000018 0.004906 0.117225
-0.001717 -0.021323 0.117118
0.072638 0.058604 0.104349
0.063862 0.059265 0.113275
0.053480 0.060117 0.117327
0.028611 0.063615 0.117532
0.003953 0.066723 0.117477
-0.020483 0.067568 0.117553
-0.044176 0.067362 0.117499
-0.056455 0.067920 0.112943
-0.064636 0.068453 0.104814
0.077482 0.136389 0.103819
0.068378 0.137150 0.112803
0.058235 0.137760 0.117279
0.032924 0.138613 0.117610
0.007748 0.139653 0.117762
-0.016889 0.141995 0.117573
-0.039523 0.143838 0.117502
-0.051801 0.144591 0.112434
-0.060152 0.145049 0.104409
0.081700 0.206197 0.103975
0.072691 0.206753 0.112380
0.062728 0.207471 0.117209
0.036730 0.206048 0.117894
0.009231 0.206145 0.118014
-0.015955 0.210495 0.117839
-0.036572 0.215964 0.117272
-0.046388 0.222414 0.112266
-0.054841 0.223125 0.105202
-0.067602 0.030448 0.090552
-0.052383 0.288219 0.090548
-0.053814 0.258160 0.090630
-0.055895 0.223721 0.090606
-0.058409 0.182558 0.090705
-0.060709 0.145024 0.090558
-0.062973 0.107972 0.090632
-0.065368 0.068850 0.090553
-0.068620 0.008909 0.090819
-0.065659 -0.021797 0.090672
-0.049857 -0.048096 0.090821
-0.029787 -0.062607 0.090625
-0.005295 -0.068503 0.090572
0.014925 -0.067522 0.090572
0.036179 -0.059162 0.090689
0.059399 -0.035687 0.090627
0.070699 0.019093 0.090570
0.068628 -0.005129 0.090659
0.086270 0.273758 0.090659
0.084186 0.238841 0.090557
0.082164 0.205794 0.090608
0.080113 0.172253 0.090622
0.077884 0.135911 0.090814
0.075507 0.096950 0.090629
0.073102 0.057712 0.090668
0.081004 0.337776 0.090566
0.068707 0.390604 0.090545
-0.054555 0.307016 0.090593
-0.066195 0.358144 0.090556
-0.069336 0.379533 0.090567
-0.065643 0.402203 0.090583
-0.053952 0.423321 0.090639
-0.034869 0.439756 0.090596
0.062147 0.410776 0.090545
0.049799 0.428204 0.090561
0.029434 0.442784 0.090558
0.008574 0.448790 0.090582
-0.015316 0.446991 0.090770
0.084991 0.317204 0.090656
0.086792 0.296096 0.090567
-0.050904 0.223417 0.090606
-0.053418 0.182253 0.090705
-0.055719 0.144719 0.090558
-0.057982 0.107667 0.090632
-0.060377 0.068552 0.090553
-0.062609 0.030185 0.090552
-0.063608 0.009032 0.090819
-0.060791 -0.020191 0.090672
-0.046098 -0.044644 0.090821
-0.027657 -0.057977 0.090625
-0.004821 -0.063475 0.090571
0.013861 -0.062568 0.090571
0.033367 -0.054896 0.090688
0.054972 -0.033053 0.090627
0.063690 -0.004183 0.090659
0.065713 0.019461 0.090570
0.068112 0.058020 0.090668
0.070517 0.097255 0.090629
0.072893 0.136216 0.090814
0.075122 0.172559 0.090622
0.077174 0.206099 0.090608
0.079195 0.239142 0.090557
0.081273 0.273966 0.090659
0.081787 0.295941 0.090567
0.080032 0.316514 0.090656
0.076113 0.336733 0.090566
0.063886 0.389261 0.090545
0.057627 0.408506 0.090545
0.046205 0.424628 0.090561
0.027223 0.438217 0.090558
0.008054 0.443736 0.090582
-0.014240 0.442057 0.090771
-0.032289 0.435379 0.090597
-0.050011 0.420116 0.090639
-0.060848 0.400541 0.090583
-0.064277 0.379493 0.090567
-0.061276 0.359064 0.090556
-0.049619 0.307860 0.090593
-0.047370 0.288388 0.090548
-0.048821 0.257891 0.090630
-0.059362 0.167850 0.000000
-0.059995 0.157526 0.000000
-0.059179 0.152046 0.000000
-0.059099 0.147599 0.000000
-0.063075 0.082608 0.000000
-0.063794 0.077686 0.000000
-0.065161 0.072913 0.000000
-0.065804 0.062550 0.000000
-0.065199 0.060611 0.000000
-0.062944 0.059358 0.000000
-0.053044 0.058753 0.000000
-0.058368 0.169892 0.000000
-0.056167 0.170652 0.000000
-0.046311 0.170049 0.000109
-0.059361 0.167890 0.043773
-0.059361 0.167890 -0.043773
-0.057914 0.191467 0.070515
-0.057914 0.191467 -0.070515
-0.059317 0.168479 0.051664
-0.059320 0.168480 -0.051663
-0.059225 0.170119 0.057975
-0.059225 0.170119 -0.057975
-0.058958 0.174196 0.063297
-0.058971 0.174199 -0.063295
-0.058659 0.179305 0.067470
-0.058659 0.179305 -0.067470
-0.058294 0.185259 0.069792
-0.058299 0.185261 -0.069793
-0.055738 0.226754 0.070499
-0.055757 0.226755 -0.070495
-0.055353 0.233316 0.071454
-0.055353 0.233316 -0.071454
-0.055037 0.238597 0.074068
-0.055037 0.238599 -0.074068
-0.054793 0.242582 0.076823
-0.054794 0.242566 -0.076820
-0.054546 0.246189 0.080163
-0.054559 0.246192 -0.080161
-0.054401 0.248744 0.084426
-0.054401 0.248744 -0.084426
-0.054386 0.249202 0.088796
-0.054386 0.249202 -0.088796
-0.059988 0.157635 0.043989
-0.059988 0.157635 -0.043989
-0.060027 0.156999 0.054785
-0.060027 0.156999 -0.054785
-0.060272 0.152995 0.063137
-0.060272 0.153000 -0.063138
-0.060623 0.147235 0.068495
-0.060625 0.147235 -0.068495
-0.061040 0.140447 0.071273
-0.061040 0.140447 -0.071273
-0.061483 0.133072 0.071605
-0.061483 0.133072 -0.071605
-0.063438 0.101235 0.071866
-0.063438 0.101235 -0.071866
-0.065161 0.072879 0.044541
-0.065161 0.072879 -0.044541
-0.065082 0.073997 0.055811
-0.065075 0.073995 -0.055811
-0.064848 0.078188 0.064286
-0.064848 0.078188 -0.064286
-0.064489 0.084055 0.069223
-0.064489 0.084055 -0.069223
-0.063976 0.092438 0.071644
-0.063976 0.092438 -0.071644
-0.059112 0.152384 0.043898
-0.059112 0.152384 -0.043898
-0.059084 0.147866 0.043887
-0.059084 0.147866 -0.043887
-0.059196 0.151907 0.053448
-0.059196 0.151907 -0.053448
-0.059404 0.149147 0.060052
-0.059404 0.149147 -0.060052
-0.059728 0.144810 0.064290
-0.059728 0.144810 -0.064290
-0.060010 0.139192 0.066360
-0.060010 0.139192 -0.066360
-0.060510 0.132982 0.066853
-0.060504 0.132981 -0.066855
-0.062464 0.101025 0.067269
-0.062464 0.101025 -0.067269
-0.062838 0.093358 0.066772
-0.062864 0.093361 -0.066763
-0.063333 0.086360 0.064998
-0.063353 0.086364 -0.064993
-0.063491 0.082158 0.061137
-0.063491 0.082158 -0.061137
-0.063717 0.078475 0.054550
-0.063726 0.078477 -0.054549
-0.063822 0.077193 0.044200
-0.063822 0.077193 -0.044200
-0.059116 0.147358 0.052131
-0.059115 0.147358 -0.052131
-0.059222 0.145605 0.057020
-0.059223 0.145605 -0.057020
-0.059414 0.142469 0.059971
-0.059414 0.142470 -0.059971
-0.059689 0.137950 0.061170
-0.059689 0.137950 -0.061170
-0.060000 0.132877 0.061908
-0.060000 0.132877 -0.061908
-0.061957 0.100873 0.061908
-0.061957 0.100873 -0.061908
-0.062375 0.094048 0.061908
-0.062375 0.094048 -0.061908
-0.062685 0.088975 0.060617
-0.062685 0.088975 -0.060617
-0.062882 0.085747 0.058126
-0.062883 0.085747 -0.058126
-0.063029 0.083349 0.053330
-0.063030 0.083349 -0.053330
-0.063080 0.082519 0.043923
-0.063080 0.082519 -0.043923
-0.059997 0.132935 -0.057209
-0.059997 0.132935 0.057209
-0.059997 0.132935 -0.052403
-0.059997 0.132935 0.052403
-0.059992 0.133018 -0.044116
-0.059992 0.133018 0.044116
-0.059981 0.133184 0.000000
-0.061958 0.100866 -0.058038
-0.061958 0.100866 0.058038
-0.061963 0.100784 -0.053232
-0.061963 0.100784 0.053232
-0.061963 0.100784 -0.044199
-0.061963 0.100784 0.044199
-0.061999 0.100204 0.000000
-0.065805 0.062540 0.088687
-0.065805 0.062540 -0.088687
-0.057887 0.191997 0.088783
-0.057887 0.191997 -0.088783
-0.061470 0.133421 0.088801
-0.061470 0.133421 -0.088801
-0.063411 0.101679 0.088781
-0.063411 0.101679 -0.088781
-0.065804 0.062548 0.044494
-0.065804 0.062548 -0.044494
-0.059617 0.163709 0.088782
-0.059617 0.163709 -0.088782
-0.055741 0.227077 0.088797
-0.055741 0.227077 -0.088797
-0.053334 0.251249 0.088793
-0.053334 0.251249 -0.088793
-0.051212 0.252000 0.088736
-0.051212 0.251993 -0.088734
-0.056180 0.170703 0.043702
-0.056180 0.170706 -0.043702
-0.056134 0.171237 0.051320
-0.056134 0.171237 -0.051320
-0.056010 0.172911 0.056603
-0.056009 0.172950 -0.056585
-0.055838 0.176148 0.061320
-0.055838 0.176148 -0.061320
-0.055540 0.180715 0.064952
-0.055540 0.180715 -0.064952
-0.055214 0.185732 0.066891
-0.055213 0.185758 -0.066799
-0.054962 0.191247 0.067547
-0.054980 0.191255 -0.067452
-0.052771 0.226572 0.067615
-0.052790 0.226575 -0.067519
-0.052212 0.233811 0.068573
-0.052212 0.233811 -0.068573
-0.051847 0.239837 0.071312
-0.051844 0.239886 -0.071240
-0.051489 0.244354 0.074589
-0.051486 0.244404 -0.074532
-0.051179 0.248147 0.078276
-0.051176 0.248197 -0.078233
-0.051040 0.251278 0.083369
-0.051039 0.251306 -0.083361
-0.058311 0.169983 0.043701
-0.058311 0.169984 -0.043701
-0.058263 0.170514 0.051335
-0.058270 0.170526 -0.051332
-0.058178 0.172206 0.056828
-0.058196 0.172234 -0.056815
-0.057911 0.175711 0.061916
-0.057943 0.175748 -0.061879
-0.057715 0.180286 0.065639
-0.057757 0.180302 -0.065614
-0.057353 0.185768 0.067752
-0.057410 0.185781 -0.067714
-0.057044 0.191445 0.068427
-0.057090 0.191448 -0.068397
-0.054817 0.226677 0.068447
-0.054863 0.226681 -0.068378
-0.054408 0.233760 0.069401
-0.054468 0.233775 -0.069361
-0.054058 0.239571 0.072063
-0.054110 0.239594 -0.072033
-0.053804 0.243891 0.075203
-0.053848 0.243914 -0.075179
-0.053520 0.247677 0.078826
-0.053548 0.247713 -0.078797
-0.053288 0.250643 0.083555
-0.053288 0.250643 -0.083555
-0.051249 0.251496 0.089300
-0.051249 0.251496 -0.089200
-0.053119 0.250764 0.089300
-0.053119 0.250764 -0.089200
-0.053890 0.249166 0.089300
-0.053889 0.249166 -0.089200
-0.055264 0.227023 0.089296
-0.055264 0.227023 -0.089296
-0.065066 0.060384 0.088682
-0.065066 0.060384 -0.088682
-0.063010 0.059365 0.088685
-0.063010 0.059365 -0.088685
-0.062981 0.059360 0.044500
-0.062981 0.059360 -0.044500
-0.065102 0.060445 0.044504
-0.065102 0.060445 -0.044504
-0.053019 0.058751 -0.088692
-0.053019 0.058751 0.088692
-0.053061 0.058754 0.044701
-0.053061 0.058754 -0.044701
-0.057385 0.191951 0.089300
-0.057385 0.191951 -0.089300
-0.059117 0.163672 0.089300
-0.059117 0.163672 -0.089300
-0.060989 0.133363 0.089297
-0.060972 0.133362 -0.089200
-0.062923 0.101656 0.089298
-0.062912 0.101655 -0.089200
-0.065312 0.062529 0.089299
-0.065305 0.062528 -0.089200
-0.064686 0.060707 0.089300
-0.064686 0.060707 -0.089200
-0.062977 0.059884 0.089300
-0.062977 0.059884 -0.089200
-0.052983 0.059263 0.089300
-0.052983 0.059263 -0.089300
-0.041230 0.251390 0.088799
-0.041230 0.251390 -0.088799
-0.041260 0.250903 0.089298
-0.041260 0.250903 -0.089298
-0.042841 0.225862 0.089300
-0.042841 0.225862 -0.089300
-0.041436 0.248319 0.089300
-0.041436 0.248319 -0.089300
-0.044981 0.190676 0.089300
-0.044981 0.190676 -0.089300
-0.046749 0.162458 0.089300
-0.046749 0.162458 -0.089300
-0.048553 0.132205 0.089300
-0.048553 0.132205 -0.089300
-0.050534 0.100543 0.089300
-0.050534 0.100543 -0.089300
-0.052829 0.061981 0.089300
-0.052829 0.061981 -0.089300
-0.041290 0.250501 0.083352
-0.041290 0.250501 -0.083352
-0.041500 0.247368 0.078279
-0.041500 0.247368 -0.078279
-0.041728 0.243571 0.074502
-0.041728 0.243571 -0.074502
-0.042024 0.239004 0.071214
-0.042020 0.239043 -0.071132
-0.042416 0.232820 0.068522
-0.042416 0.232820 -0.068522
-0.042855 0.225187 0.067673
-0.042855 0.225187 -0.067673
-0.044996 0.190855 0.067508
-0.044996 0.190862 -0.067408
-0.046212 0.170187 0.043737
-0.046212 0.170187 -0.043737
-0.046185 0.170704 0.050829
-0.046185 0.170704 -0.050829
-0.046070 0.172349 0.056265
-0.046070 0.172349 -0.056265
-0.045898 0.175607 0.061071
-0.045898 0.175607 -0.061071
-0.045701 0.180260 0.064821
-0.045701 0.180260 -0.064821
-0.045283 0.185311 0.066813
-0.045283 0.185311 -0.066813
-0.046291 0.168650 0.000000
-0.052928 0.060128 0.000000
-0.052929 0.060118 0.044575
-0.052929 0.060118 -0.044575
-0.052927 0.060141 0.087730
-0.052927 0.060141 -0.087730
-0.050442 0.100767 0.087740
-0.050442 0.100767 -0.087740
-0.048504 0.132461 0.087737
-0.048504 0.132461 -0.087737
-0.046655 0.162685 0.087739
-0.046655 0.162685 -0.087739
-0.044942 0.190697 0.087743
-0.044942 0.190697 -0.087743
-0.042795 0.225799 0.087723
-0.042795 0.225799 -0.087723
-0.041314 0.250012 0.087700
-0.041314 0.250012 -0.087700
-0.041355 0.249342 0.083802
-0.041355 0.249342 -0.083802
-0.041533 0.246434 0.079159
-0.041533 0.246434 -0.079159
-0.041764 0.242663 0.075474
-0.041764 0.242663 -0.075474
-0.042035 0.238231 0.072315
-0.042035 0.238231 -0.072315
-0.042391 0.232400 0.069770
-0.042391 0.232400 -0.069770
-0.042837 0.225121 0.069006
-0.042837 0.225121 -0.069006
-0.046289 0.168674 0.043744
-0.046289 0.168674 -0.043744
-0.046254 0.169249 0.051226
-0.046254 0.169249 -0.051226
-0.046153 0.170898 0.056954
-0.046153 0.170898 -0.056954
-0.045939 0.174394 0.062022
-0.045939 0.174394 -0.062022
-0.045638 0.179321 0.066000
-0.045638 0.179321 -0.066000
-0.045309 0.184703 0.068150
-0.045309 0.184703 -0.068150
-0.044944 0.190671 0.068883
-0.044944 0.190671 -0.068883
-0.046979 0.157395 0.043746
-0.046979 0.157395 -0.043746
-0.047013 0.157071 0.000000
-0.048507 0.132407 0.071888
-0.048507 0.132407 -0.071888
-0.047916 0.142075 0.070863
-0.047916 0.142075 -0.070863
-0.047484 0.149161 0.066750
-0.047484 0.149161 -0.066750
-0.047174 0.154209 0.061789
-0.047174 0.154209 -0.061789
-0.046994 0.157155 0.051781
-0.046994 0.157155 -0.051781
-0.050441 0.100820 0.071726
-0.050439 0.100820 -0.071726
-0.052172 0.072490 0.044513
-0.052172 0.072490 -0.044513
-0.052162 0.072812 0.000000
-0.052138 0.073046 0.053550
-0.052138 0.073046 -0.053550
-0.051934 0.076381 0.062293
-0.051934 0.076381 -0.062293
-0.051519 0.083305 0.068593
-0.051519 0.083305 -0.068593
-0.051031 0.091151 0.071366
-0.051031 0.091151 -0.071366
-0.048332 0.152970 -0.043954
-0.048332 0.152970 0.043954
-0.049064 0.147865 -0.044163
-0.049064 0.147865 0.044163
-0.049078 0.147653 0.000000
-0.048235 0.152798 0.000000
-0.048351 0.152600 -0.051196
-0.048354 0.152601 0.051196
-0.048510 0.149794 -0.059079
-0.048525 0.149797 0.059080
-0.048763 0.146178 -0.062979
-0.048777 0.146181 0.062981
-0.049125 0.140142 -0.066028
-0.049140 0.140143 0.066030
-0.049584 0.132218 -0.066890
-0.049606 0.132220 0.066894
-0.051506 0.100877 -0.066892
-0.051526 0.100879 0.066895
-0.052029 0.092634 -0.066551
-0.052047 0.092635 0.066554
-0.052395 0.086501 -0.064770
-0.052409 0.086501 0.064772
-0.052762 0.080798 -0.059663
-0.052769 0.080797 0.059663
-0.052945 0.077716 -0.052216
-0.052947 0.077716 0.052216
-0.052968 0.077045 -0.044429
-0.052968 0.077045 0.044429
-0.052887 0.077312 0.000000
-0.053070 0.082373 0.000000
-0.053063 0.082492 0.044380
-0.053063 0.082492 -0.044380
-0.053035 0.082951 0.050605
-0.053035 0.082951 -0.050605
-0.052913 0.084947 0.056627
-0.052913 0.084947 -0.056627
-0.052635 0.089469 0.061102
-0.052635 0.089469 -0.061102
-0.052362 0.093957 0.061907
-0.052362 0.093957 -0.061907
-0.051933 0.100963 0.062179
-0.051932 0.100963 -0.062179
-0.050019 0.132267 0.062056
-0.050016 0.132267 -0.062056
-0.049638 0.138490 0.061629
-0.049638 0.138490 -0.061629
-0.049349 0.143214 0.059283
-0.049348 0.143214 -0.059283
-0.049197 0.145682 0.056780
-0.049196 0.145682 -0.056780
-0.049074 0.147673 0.050513
-0.049074 0.147673 -0.050513
-0.051954 0.100636 -0.056596
-0.051953 0.100636 0.056596
-0.051959 0.100549 -0.050574
-0.051959 0.100549 0.050574
-0.051971 0.100339 -0.044411
-0.051971 0.100339 0.044411
-0.051980 0.100197 0.000000
-0.050010 0.132410 -0.056509
-0.050010 0.132409 0.056507
-0.050005 0.132498 -0.050281
-0.050004 0.132498 0.050281
-0.050013 0.132345 -0.044273
-0.050014 0.132339 0.044267
-0.050006 0.132478 0.000050
</float_array>
          <technique_common>
            <accessor source="#body_link2_01-POSITION-array" count="950" stride="3">
              <param name="X" type="float"/>
              <param name="Y" type="float"/>
              <param name="Z" type="float"/>
            </accessor>
          </technique_common>
        </source>
        <source id="body_link2_01-Normal0">
          <float_array id="body_link2_01-Normal0-array" count="15516">
0.000001 0.000002 -1.000000
0.000001 -0.000012 -1.000000
0.000001 -0.000012 -1.000000
0.000001 -0.000012 -1.000000
0.000001 0.000002 -1.000000
0.000001 0.000002 -1.000000
0.000001 0.000002 -1.000000
-0.000001 0.000017 -1.000000
-0.000001 0.000018 -1.000000
-0.000001 0.000017 -1.000000
0.000001 0.000002 -1.000000
0.000001 0.000002 -1.000000
0.000011 -0.000049 -1.000000
0.000011 -0.000048 -1.000000
-0.000001 0.000018 -1.000000
-0.000001 0.000018 -1.000000
0.000011 -0.000048 -1.000000
-0.000001 0.000018 -1.000000
-0.000001 0.000018 -1.000000
-0.000002 0.000040 -1.000000
-0.000001 0.000018 -1.000000
0.000001 -0.000012 -1.000000
-0.000003 -0.000010 -1.000000
0.000001 -0.000012 -1.000000
-0.000003 -0.000010 -1.000000
0.000001 -0.000012 -1.000000
-0.000003 -0.000010 -1.000000
-0.000003 -0.000010 -1.000000
-0.000003 -0.000010 -1.000000
-0.000009 0.000012 -1.000000
-0.000009 0.000012 -1.000000
-0.000003 -0.000010 -1.000000
-0.000009 0.000012 -1.000000
-0.000009 0.000012 -1.000000
-0.000009 0.000012 -1.000000
-0.000007 0.000018 -1.000000
-0.000007 0.000018 -1.000000
-0.000009 0.000012 -1.000000
-0.000007 0.000017 -1.000000
0.000000 0.000000 -1.000000
0.000000 0.000000 -1.000000
0.000000 0.000000 -1.000000
-0.000007 0.000018 -1.000000
-0.000007 0.000017 -1.000000
0.000000 0.000000 -1.000000
0.000000 0.000000 -1.000000
-0.000007 0.000017 -1.000000
0.000000 0.000000 -1.000000
0.025356 0.004925 -0.999666
0.024248 0.005472 -0.999691
0.024244 0.005468 -0.999691
0.024248 0.005472 -0.999691
0.025356 0.004925 -0.999666
0.025356 0.004909 -0.999666
-0.015466 -0.002044 -0.999878
-0.021336 -0.008487 -0.999736
-0.020859 -0.008167 -0.999749
-0.020859 -0.008167 -0.999749
-0.015454 -0.002058 -0.999878
-0.015466 -0.002044 -0.999878
0.024244 0.005468 -0.999691
0.018474 0.006779 -0.999806
0.018306 0.006866 -0.999809
0.018474 0.006779 -0.999806
0.024244 0.005468 -0.999691
0.024248 0.005472 -0.999691
0.018306 0.006866 -0.999809
0.012211 0.013551 -0.999834
0.012201 0.013583 -0.999833
0.012211 0.013551 -0.999834
0.018306 0.006866 -0.999809
0.018474 0.006779 -0.999806
0.008754 0.020937 -0.999743
0.012201 0.013583 -0.999833
0.012211 0.013551 -0.999834
0.012201 0.013583 -0.999833
0.008754 0.020937 -0.999743
0.008376 0.021496 -0.999734
0.003088 0.023510 -0.999719
0.008376 0.021496 -0.999734
0.008754 0.020937 -0.999743
0.008376 0.021496 -0.999734
0.003088 0.023510 -0.999719
0.003081 0.023508 -0.999719
0.003088 0.023510 -0.999719
-0.004941 0.021121 -0.999765
-0.004736 0.021181 -0.999764
0.003088 0.023510 -0.999719
-0.004736 0.021181 -0.999764
0.003081 0.023508 -0.999719
-0.013963 0.019835 -0.999706
-0.004941 0.021121 -0.999765
-0.014930 0.019843 -0.999692
-0.004941 0.021121 -0.999765
-0.013963 0.019835 -0.999706
-0.004736 0.021181 -0.999764
-0.014930 0.019843 -0.999692
-0.020560 0.017140 -0.999642
-0.013963 0.019835 -0.999706
-0.020560 0.017140 -0.999642
-0.014930 0.019843 -0.999692
-0.020711 0.016773 -0.999645
-0.022024 0.009269 -0.999714
-0.020560 0.017140 -0.999642
-0.020711 0.016773 -0.999645
-0.022024 0.009269 -0.999714
-0.020711 0.016773 -0.999645
-0.022052 0.008499 -0.999721
-0.015454 -0.002058 -0.999878
-0.019570 0.001658 -0.999807
-0.015466 -0.002044 -0.999878
-0.019570 0.001658 -0.999807
-0.015454 -0.002058 -0.999878
-0.019447 0.001564 -0.999810
-0.019447 0.001564 -0.999810
-0.022024 0.009269 -0.999714
-0.022052 0.008499 -0.999721
-0.019447 0.001564 -0.999810
-0.022052 0.008499 -0.999721
-0.019570 0.001658 -0.999807
0.025356 0.004925 -0.999666
0.027422 -0.000391 -0.999624
0.027130 0.000131 -0.999632
0.027130 0.000131 -0.999632
0.025356 0.004909 -0.999666
0.025356 0.004925 -0.999666
0.027422 -0.000391 -0.999624
0.027949 -0.007870 -0.999578
0.027130 0.000131 -0.999632
0.027949 -0.007870 -0.999578
0.027422 -0.000391 -0.999624
0.027976 -0.007768 -0.999578
0.620798 -0.044286 -0.782719
0.533475 -0.099262 -0.839971
0.710920 0.067098 -0.700065
0.027949 -0.007870 -0.999578
0.021780 -0.010590 -0.999707
0.020884 -0.010300 -0.999729
0.021780 -0.010590 -0.999707
0.027949 -0.007870 -0.999578
0.027976 -0.007768 -0.999578
0.020884 -0.010300 -0.999729
0.009170 -0.010733 -0.999900
0.009089 -0.010759 -0.999901
0.009170 -0.010733 -0.999900
0.020884 -0.010300 -0.999729
0.021780 -0.010590 -0.999707
0.003022 -0.012189 -0.999921
0.009089 -0.010759 -0.999901
0.009170 -0.010733 -0.999900
0.009089 -0.010759 -0.999901
0.003022 -0.012189 -0.999921
0.003043 -0.012157 -0.999922
0.001096 -0.008018 -0.999967
0.003043 -0.012157 -0.999922
0.003022 -0.012189 -0.999921
0.003043 -0.012157 -0.999922
0.001096 -0.008018 -0.999967
0.000761 -0.007525 -0.999971
-0.005169 -0.005468 -0.999972
0.000761 -0.007525 -0.999971
0.001096 -0.008018 -0.999967
0.000761 -0.007525 -0.999971
-0.005169 -0.005468 -0.999972
-0.005292 -0.005521 -0.999971
-0.005292 -0.005521 -0.999971
-0.018934 -0.009343 -0.999777
-0.018906 -0.009336 -0.999778
-0.018934 -0.009343 -0.999777
-0.005292 -0.005521 -0.999971
-0.005169 -0.005468 -0.999972
-0.028511 -0.012259 -0.999518
-0.018906 -0.009336 -0.999778
-0.018934 -0.009343 -0.999777
-0.028511 -0.012259 -0.999518
-0.018934 -0.009343 -0.999777
-0.028445 -0.012359 -0.999519
-0.028445 -0.012359 -0.999519
-0.021336 -0.008487 -0.999736
-0.028511 -0.012259 -0.999518
-0.021336 -0.008487 -0.999736
-0.028445 -0.012359 -0.999519
-0.020859 -0.008167 -0.999749
0.533475 -0.099262 -0.839971
0.423978 -0.095711 -0.900601
0.344211 -0.167250 -0.923876
0.423978 -0.095711 -0.900601
0.533475 -0.099262 -0.839971
0.620798 -0.044286 -0.782719
0.620798 -0.044286 -0.782719
0.595694 -0.037832 -0.802320
0.423978 -0.095711 -0.900601
0.595694 -0.037832 -0.802320
0.620798 -0.044286 -0.782719
0.663072 0.004047 -0.748545
0.096869 -0.094732 -0.990779
0.344211 -0.167250 -0.923876
0.423978 -0.095711 -0.900601
0.344211 -0.167250 -0.923876
0.096869 -0.094732 -0.990779
0.172447 -0.205306 -0.963385
-0.127663 -0.217525 -0.967670
-0.302502 -0.087523 -0.949122
-0.301967 -0.181620 -0.935858
-0.302502 -0.087523 -0.949122
-0.127663 -0.217525 -0.967670
-0.079107 -0.115260 -0.990180
-0.127663 -0.217525 -0.967670
-0.040105 -0.233920 -0.971428
-0.079107 -0.115260 -0.990180
-0.016428 -0.116981 -0.992998
-0.079107 -0.115260 -0.990180
-0.040105 -0.233920 -0.971428
-0.040105 -0.233920 -0.971428
0.060368 -0.226481 -0.972143
-0.016428 -0.116981 -0.992998
0.036050 -0.114624 -0.992755
-0.016428 -0.116981 -0.992998
0.060368 -0.226481 -0.972143
0.096869 -0.094732 -0.990779
0.036050 -0.114624 -0.992755
0.172447 -0.205306 -0.963385
0.172447 -0.205306 -0.963385
0.036050 -0.114624 -0.992755
0.060368 -0.226481 -0.972143
-0.301967 -0.181620 -0.935858
-0.551053 -0.059818 -0.832323
-0.598248 -0.132399 -0.790297
-0.551053 -0.059818 -0.832323
-0.301967 -0.181620 -0.935858
-0.302502 -0.087523 -0.949122
0.118627 -0.151071 -0.981379
0.165853 -0.093487 -0.981709
0.478245 -0.271502 -0.835205
0.478245 -0.271502 -0.835205
0.321239 -0.427444 -0.845042
0.118627 -0.151071 -0.981379
0.537703 -0.105294 -0.836534
0.165853 -0.093487 -0.981709
0.167709 -0.031773 -0.985324
0.165853 -0.093487 -0.981709
0.537703 -0.105294 -0.836534
0.478245 -0.271502 -0.835205
-0.139912 -0.132776 -0.981221
-0.517205 -0.176986 -0.837362
-0.181781 -0.067254 -0.981036
-0.517205 -0.176986 -0.837362
-0.139912 -0.132776 -0.981221
-0.399761 -0.371444 -0.837986
-0.181781 -0.067254 -0.981036
-0.545904 -0.019952 -0.837610
-0.175957 -0.007346 -0.984370
-0.545904 -0.019952 -0.837610
-0.181781 -0.067254 -0.981036
-0.517205 -0.176986 -0.837362
0.118627 -0.151071 -0.981379
0.049563 -0.184005 -0.981675
-0.003984 -0.005018 -0.999979
-0.003984 -0.005018 -0.999979
0.165853 -0.093487 -0.981709
0.118627 -0.151071 -0.981379
0.321239 -0.427444 -0.845042
0.049563 -0.184005 -0.981675
0.118627 -0.151071 -0.981379
0.321239 -0.427444 -0.845042
0.126292 -0.507309 -0.852460
0.049563 -0.184005 -0.981675
-0.003820 -0.003163 -0.999988
0.165853 -0.093487 -0.981709
-0.003984 -0.005018 -0.999979
0.165853 -0.093487 -0.981709
-0.003820 -0.003163 -0.999988
0.167709 -0.031773 -0.985324
0.002947 -0.005468 -0.999981
-0.076419 -0.174352 -0.981714
-0.139912 -0.132776 -0.981221
-0.139912 -0.132776 -0.981221
-0.181781 -0.067254 -0.981036
0.002947 -0.005468 -0.999981
-0.076419 -0.174352 -0.981714
-0.399761 -0.371444 -0.837986
-0.139912 -0.132776 -0.981221
-0.399761 -0.371444 -0.837986
-0.076419 -0.174352 -0.981714
-0.218188 -0.498528 -0.838966
0.002947 -0.005468 -0.999981
-0.181781 -0.067254 -0.981036
0.003540 -0.004271 -0.999985
-0.181781 -0.067254 -0.981036
-0.175957 -0.007346 -0.984370
0.003540 -0.004271 -0.999985
0.126292 -0.507309 -0.852460
-0.048704 -0.531723 -0.845517
-0.014767 -0.188904 -0.981884
0.126292 -0.507309 -0.852460
-0.014767 -0.188904 -0.981884
0.049563 -0.184005 -0.981675
-0.014767 -0.188904 -0.981884
-0.000195 -0.004716 -0.999989
0.049563 -0.184005 -0.981675
-0.000195 -0.004716 -0.999989
-0.003984 -0.005018 -0.999979
0.049563 -0.184005 -0.981675
-0.218188 -0.498528 -0.838966
-0.014767 -0.188904 -0.981884
-0.048704 -0.531723 -0.845517
-0.014767 -0.188904 -0.981884
-0.218188 -0.498528 -0.838966
-0.076419 -0.174352 -0.981714
-0.076419 -0.174352 -0.981714
-0.000195 -0.004716 -0.999989
-0.014767 -0.188904 -0.981884
-0.000195 -0.004716 -0.999989
-0.076419 -0.174352 -0.981714
0.002947 -0.005468 -0.999981
-0.000093 -0.003973 -0.999992
-0.003984 -0.005018 -0.999979
-0.000195 -0.004716 -0.999989
-0.003984 -0.005018 -0.999979
-0.000093 -0.003973 -0.999992
-0.003820 -0.003163 -0.999988
-0.000195 -0.004716 -0.999989
0.002947 -0.005468 -0.999981
-0.000093 -0.003973 -0.999992
0.002947 -0.005468 -0.999981
0.003540 -0.004271 -0.999985
-0.000093 -0.003973 -0.999992
0.167709 -0.031773 -0.985324
0.543235 -0.040738 -0.838592
0.537703 -0.105294 -0.836534
0.543235 -0.040738 -0.838592
0.167709 -0.031773 -0.985324
0.173073 -0.012219 -0.984833
0.173073 -0.012219 -0.984833
0.185832 -0.010052 -0.982530
0.543235 -0.040738 -0.838592
0.185832 -0.010052 -0.982530
0.545716 -0.031043 -0.837395
0.543235 -0.040738 -0.838592
-0.003820 -0.003163 -0.999988
0.173073 -0.012219 -0.984833
0.167709 -0.031773 -0.985324
0.173073 -0.012219 -0.984833
-0.003820 -0.003163 -0.999988
-0.001041 -0.002178 -0.999997
-0.001041 -0.002178 -0.999997
0.185832 -0.010052 -0.982530
0.173073 -0.012219 -0.984833
0.185832 -0.010052 -0.982530
-0.001041 -0.002178 -0.999997
0.003040 -0.001602 -0.999994
-0.000093 -0.003973 -0.999992
-0.001041 -0.002178 -0.999997
-0.003820 -0.003163 -0.999988
-0.001041 -0.002178 -0.999997
-0.000093 -0.003973 -0.999992
0.000072 -0.003775 -0.999993
0.000072 -0.003775 -0.999993
0.003040 -0.001602 -0.999994
-0.001041 -0.002178 -0.999997
0.003040 -0.001602 -0.999994
0.000072 -0.003775 -0.999993
0.000102 -0.002946 -0.999996
-0.000093 -0.003973 -0.999992
0.003540 -0.004271 -0.999985
0.002388 -0.003217 -0.999992
-0.000093 -0.003973 -0.999992
0.002388 -0.003217 -0.999992
0.000072 -0.003775 -0.999993
0.000072 -0.003775 -0.999993
0.002388 -0.003217 -0.999992
0.000203 -0.001998 -0.999998
0.000072 -0.003775 -0.999993
0.000203 -0.001998 -0.999998
0.000102 -0.002946 -0.999996
0.003540 -0.004271 -0.999985
-0.175957 -0.007346 -0.984370
-0.176674 0.011456 -0.984203
0.003540 -0.004271 -0.999985
-0.176674 0.011456 -0.984203
0.002388 -0.003217 -0.999992
0.002388 -0.003217 -0.999992
-0.176674 0.011456 -0.984203
-0.181295 0.013048 -0.983342
0.002388 -0.003217 -0.999992
-0.181295 0.013048 -0.983342
0.000203 -0.001998 -0.999998
-0.545904 -0.019952 -0.837610
-0.176674 0.011456 -0.984203
-0.175957 -0.007346 -0.984370
-0.176674 0.011456 -0.984203
-0.545904 -0.019952 -0.837610
-0.547837 0.030541 -0.836028
-0.547837 0.030541 -0.836028
-0.541893 0.037457 -0.839612
-0.176674 0.011456 -0.984203
-0.541893 0.037457 -0.839612
-0.181295 0.013048 -0.983342
-0.176674 0.011456 -0.984203
0.185832 -0.010052 -0.982530
0.546682 -0.028861 -0.836843
0.545716 -0.031043 -0.837395
0.546682 -0.028861 -0.836843
0.185832 -0.010052 -0.982530
0.198919 -0.010359 -0.979961
0.198919 -0.010359 -0.979961
0.556041 -0.029934 -0.830615
0.546682 -0.028861 -0.836843
0.556041 -0.029934 -0.830615
0.198919 -0.010359 -0.979961
0.210181 -0.011877 -0.977591
0.003040 -0.001602 -0.999994
0.198919 -0.010359 -0.979961
0.185832 -0.010052 -0.982530
0.198919 -0.010359 -0.979961
0.003040 -0.001602 -0.999994
0.006995 -0.001734 -0.999974
0.198919 -0.010359 -0.979961
0.006995 -0.001734 -0.999974
0.009531 -0.003119 -0.999950
0.198919 -0.010359 -0.979961
0.009531 -0.003119 -0.999950
0.210181 -0.011877 -0.977591
0.000102 -0.002946 -0.999996
0.006995 -0.001734 -0.999974
0.003040 -0.001602 -0.999994
0.006995 -0.001734 -0.999974
0.000102 -0.002946 -0.999996
-0.000256 -0.002249 -0.999997
-0.000256 -0.002249 -0.999997
0.009531 -0.003119 -0.999950
0.006995 -0.001734 -0.999974
0.009531 -0.003119 -0.999950
-0.000256 -0.002249 -0.999997
-0.000837 -0.003102 -0.999995
0.000102 -0.002946 -0.999996
0.000203 -0.001998 -0.999998
-0.002565 -0.000976 -0.999996
0.000102 -0.002946 -0.999996
-0.002565 -0.000976 -0.999996
-0.000256 -0.002249 -0.999997
-0.002565 -0.000976 -0.999996
-0.000837 -0.003102 -0.999995
-0.000256 -0.002249 -0.999997
-0.000837 -0.003102 -0.999995
-0.002565 -0.000976 -0.999996
-0.005623 -0.001799 -0.999983
0.000203 -0.001998 -0.999998
-0.192420 0.013219 -0.981224
-0.002565 -0.000976 -0.999996
-0.192420 0.013219 -0.981224
0.000203 -0.001998 -0.999998
-0.181295 0.013048 -0.983342
-0.192420 0.013219 -0.981224
-0.005623 -0.001799 -0.999983
-0.002565 -0.000976 -0.999996
-0.005623 -0.001799 -0.999983
-0.192420 0.013219 -0.981224
-0.198627 0.011098 -0.980012
-0.541893 0.037457 -0.839612
-0.192420 0.013219 -0.981224
-0.181295 0.013048 -0.983342
-0.192420 0.013219 -0.981224
-0.541893 0.037457 -0.839612
-0.547315 0.036552 -0.836128
-0.547315 0.036552 -0.836128
-0.198627 0.011098 -0.980012
-0.192420 0.013219 -0.981224
-0.198627 0.011098 -0.980012
-0.547315 0.036552 -0.836128
-0.546208 0.033537 -0.836978
0.096869 -0.094732 -0.990779
0.423978 -0.095711 -0.900601
0.240833 -0.020524 -0.970350
0.595694 -0.037832 -0.802320
0.556432 -0.034176 -0.830190
0.240833 -0.020524 -0.970350
0.240833 -0.020524 -0.970350
0.423978 -0.095711 -0.900601
0.595694 -0.037832 -0.802320
0.556041 -0.029934 -0.830615
0.221634 -0.013138 -0.975041
0.560276 -0.032376 -0.827673
0.221634 -0.013138 -0.975041
0.556041 -0.029934 -0.830615
0.210181 -0.011877 -0.977591
0.556432 -0.034176 -0.830190
0.558417 -0.032583 -0.828920
0.232834 -0.014843 -0.972403
0.232834 -0.014843 -0.972403
0.240833 -0.020524 -0.970350
0.556432 -0.034176 -0.830190
0.221634 -0.013138 -0.975041
0.232834 -0.014843 -0.972403
0.560276 -0.032376 -0.827673
0.560276 -0.032376 -0.827673
0.232834 -0.014843 -0.972403
0.558417 -0.032583 -0.828920
0.016194 -0.013295 -0.999781
0.096869 -0.094732 -0.990779
0.240833 -0.020524 -0.970350
0.096869 -0.094732 -0.990779
0.016194 -0.013295 -0.999781
0.036050 -0.114624 -0.992755
0.210181 -0.011877 -0.977591
0.009531 -0.003119 -0.999950
0.011931 -0.003435 -0.999923
0.210181 -0.011877 -0.977591
0.011931 -0.003435 -0.999923
0.221634 -0.013138 -0.975041
0.232834 -0.014843 -0.972403
0.016194 -0.013295 -0.999781
0.240833 -0.020524 -0.970350
0.016194 -0.013295 -0.999781
0.232834 -0.014843 -0.972403
0.013831 -0.004318 -0.999895
0.221634 -0.013138 -0.975041
0.011931 -0.003435 -0.999923
0.013831 -0.004318 -0.999895
0.221634 -0.013138 -0.975041
0.013831 -0.004318 -0.999895
0.232834 -0.014843 -0.972403
-0.003121 -0.012997 -0.999911
0.036050 -0.114624 -0.992755
0.016194 -0.013295 -0.999781
0.036050 -0.114624 -0.992755
-0.003121 -0.012997 -0.999911
-0.016428 -0.116981 -0.992998
0.009531 -0.003119 -0.999950
-0.000837 -0.003102 -0.999995
-0.001253 -0.003949 -0.999991
0.009531 -0.003119 -0.999950
-0.001253 -0.003949 -0.999991
0.011931 -0.003435 -0.999923
0.013831 -0.004318 -0.999895
-0.003121 -0.012997 -0.999911
0.016194 -0.013295 -0.999781
-0.003121 -0.012997 -0.999911
0.013831 -0.004318 -0.999895
-0.001812 -0.003553 -0.999992
0.011931 -0.003435 -0.999923
-0.001253 -0.003949 -0.999991
-0.001812 -0.003553 -0.999992
0.011931 -0.003435 -0.999923
-0.001812 -0.003553 -0.999992
0.013831 -0.004318 -0.999895
-0.029153 -0.011260 -0.999512
-0.016428 -0.116981 -0.992998
-0.003121 -0.012997 -0.999911
-0.016428 -0.116981 -0.992998
-0.029153 -0.011260 -0.999512
-0.079107 -0.115260 -0.990180
-0.005623 -0.001799 -0.999983
-0.001253 -0.003949 -0.999991
-0.000837 -0.003102 -0.999995
-0.001253 -0.003949 -0.999991
-0.005623 -0.001799 -0.999983
-0.009815 -0.001905 -0.999950
-0.001812 -0.003553 -0.999992
-0.016384 -0.000425 -0.999866
-0.003121 -0.012997 -0.999911
-0.016384 -0.000425 -0.999866
-0.029153 -0.011260 -0.999512
-0.003121 -0.012997 -0.999911
-0.009815 -0.001905 -0.999950
-0.001812 -0.003553 -0.999992
-0.001253 -0.003949 -0.999991
-0.001812 -0.003553 -0.999992
-0.009815 -0.001905 -0.999950
-0.016384 -0.000425 -0.999866
-0.079107 -0.115260 -0.990180
-0.269221 0.004703 -0.963067
-0.302502 -0.087523 -0.949122
-0.269221 0.004703 -0.963067
-0.079107 -0.115260 -0.990180
-0.029153 -0.011260 -0.999512
-0.198627 0.011098 -0.980012
-0.009815 -0.001905 -0.999950
-0.005623 -0.001799 -0.999983
-0.009815 -0.001905 -0.999950
-0.198627 0.011098 -0.980012
-0.214365 0.012762 -0.976670
-0.016384 -0.000425 -0.999866
-0.237082 0.017422 -0.971334
-0.029153 -0.011260 -0.999512
-0.237082 0.017422 -0.971334
-0.269221 0.004703 -0.963067
-0.029153 -0.011260 -0.999512
-0.214365 0.012762 -0.976670
-0.016384 -0.000425 -0.999866
-0.009815 -0.001905 -0.999950
-0.016384 -0.000425 -0.999866
-0.214365 0.012762 -0.976670
-0.237082 0.017422 -0.971334
-0.539507 0.030879 -0.841415
-0.302502 -0.087523 -0.949122
-0.269221 0.004703 -0.963067
-0.302502 -0.087523 -0.949122
-0.539507 0.030879 -0.841415
-0.551053 -0.059818 -0.832323
-0.546208 0.033537 -0.836978
-0.214365 0.012762 -0.976670
-0.198627 0.011098 -0.980012
-0.214365 0.012762 -0.976670
-0.546208 0.033537 -0.836978
-0.544801 0.034420 -0.837858
-0.269221 0.004703 -0.963067
-0.237082 0.017422 -0.971334
-0.545886 0.040394 -0.836885
-0.545886 0.040394 -0.836885
-0.539507 0.030879 -0.841415
-0.269221 0.004703 -0.963067
-0.544801 0.034420 -0.837858
-0.237082 0.017422 -0.971334
-0.214365 0.012762 -0.976670
-0.237082 0.017422 -0.971334
-0.544801 0.034420 -0.837858
-0.545886 0.040394 -0.836885
-0.658564 -0.068270 -0.749422
-0.598248 -0.132399 -0.790297
-0.551053 -0.059818 -0.832323
-0.617725 0.038149 -0.785469
-0.551053 -0.059818 -0.832323
-0.539507 0.030879 -0.841415
-0.551053 -0.059818 -0.832323
-0.617725 0.038149 -0.785469
-0.658564 -0.068270 -0.749422
-0.638505 0.046527 -0.768210
-0.539507 0.030879 -0.841415
-0.545886 0.040394 -0.836885
-0.539507 0.030879 -0.841415
-0.638505 0.046527 -0.768210
-0.617725 0.038149 -0.785469
-0.545886 0.040394 -0.836885
-0.544801 0.034420 -0.837858
-0.667524 0.042839 -0.743355
-0.667524 0.042839 -0.743355
-0.638505 0.046527 -0.768210
-0.545886 0.040394 -0.836885
-0.687388 0.043227 -0.725003
-0.544801 0.034420 -0.837858
-0.546208 0.033537 -0.836978
-0.544801 0.034420 -0.837858
-0.687388 0.043227 -0.725003
-0.667524 0.042839 -0.743355
-0.995654 0.061477 -0.069962
-0.996197 0.064074 -0.059049
-0.995651 0.061381 -0.070084
-0.996197 0.064074 -0.059049
-0.995654 0.061477 -0.069962
-0.996213 0.064096 -0.058748
-0.547315 0.036552 -0.836128
-0.687388 0.043227 -0.725003
-0.546208 0.033537 -0.836978
-0.687388 0.043227 -0.725003
-0.547315 0.036552 -0.836128
-0.696801 0.045775 -0.715803
-0.715341 0.034989 -0.697899
-0.704641 0.046452 -0.708042
-0.541893 0.037457 -0.839612
-0.715341 0.034989 -0.697899
-0.541893 0.037457 -0.839612
-0.547837 0.030541 -0.836028
-0.704641 0.046452 -0.708042
-0.696801 0.045775 -0.715803
-0.541893 0.037457 -0.839612
-0.696801 0.045775 -0.715803
-0.547315 0.036552 -0.836128
-0.541893 0.037457 -0.839612
-0.996972 0.062411 -0.046397
-0.997166 0.059798 -0.045653
-0.996975 0.062389 -0.046360
-0.997164 0.059793 -0.045711
-0.996975 0.062389 -0.046360
-0.997166 0.059798 -0.045653
-0.996213 0.064096 -0.058748
-0.996975 0.062389 -0.046360
-0.996197 0.064074 -0.059049
-0.996975 0.062389 -0.046360
-0.996213 0.064096 -0.058748
-0.996972 0.062411 -0.046397
-0.997166 0.059798 -0.045653
-0.997018 0.059310 -0.049379
-0.997164 0.059793 -0.045711
-0.997018 0.059310 -0.049379
-0.997166 0.059798 -0.045653
-0.997017 0.059303 -0.049395
-0.547837 0.030541 -0.836028
-0.715516 -0.028458 -0.698017
-0.715341 0.034989 -0.697899
-0.715516 -0.028458 -0.698017
-0.547837 0.030541 -0.836028
-0.545904 -0.019952 -0.837610
-0.545904 -0.019952 -0.837610
-0.517205 -0.176986 -0.837362
-0.715516 -0.028458 -0.698017
-0.659417 -0.228340 -0.716261
-0.715516 -0.028458 -0.698017
-0.517205 -0.176986 -0.837362
-0.997017 0.059303 -0.049395
-0.997407 0.053862 -0.047736
-0.997018 0.059310 -0.049379
-0.997407 0.053862 -0.047736
-0.997017 0.059303 -0.049395
-0.997403 0.053916 -0.047758
-0.998425 -0.025477 -0.049991
-0.997403 0.053916 -0.047758
-0.998361 -0.027645 -0.050115
-0.997403 0.053916 -0.047758
-0.998425 -0.025477 -0.049991
-0.997407 0.053862 -0.047736
-0.998361 -0.027645 -0.050115
-0.948080 -0.312581 -0.058634
-0.998425 -0.025477 -0.049991
-0.948080 -0.312581 -0.058634
-0.998361 -0.027645 -0.050115
-0.944990 -0.321776 -0.058768
-0.399761 -0.371444 -0.837986
-0.296814 -0.627396 -0.719914
-0.499527 -0.478316 -0.722278
-0.296814 -0.627396 -0.719914
-0.399761 -0.371444 -0.837986
-0.218188 -0.498528 -0.838966
-0.399761 -0.371444 -0.837986
-0.659417 -0.228340 -0.716261
-0.517205 -0.176986 -0.837362
-0.659417 -0.228340 -0.716261
-0.399761 -0.371444 -0.837986
-0.499527 -0.478316 -0.722278
-0.948080 -0.312581 -0.058634
-0.732822 -0.678054 -0.056701
-0.737529 -0.672917 -0.056866
-0.732822 -0.678054 -0.056701
-0.948080 -0.312581 -0.058634
-0.944990 -0.321776 -0.058768
-0.218188 -0.498528 -0.838966
-0.070760 -0.679932 -0.729853
-0.296814 -0.627396 -0.719914
-0.070760 -0.679932 -0.729853
-0.218188 -0.498528 -0.838966
-0.048704 -0.531723 -0.845517
-0.416589 -0.907640 -0.051418
-0.732822 -0.678054 -0.056701
-0.419054 -0.906504 -0.051425
-0.732822 -0.678054 -0.056701
-0.416589 -0.907640 -0.051418
-0.737529 -0.672917 -0.056866
-0.048704 -0.531723 -0.845517
0.137559 -0.648195 -0.748947
-0.070760 -0.679932 -0.729853
0.137559 -0.648195 -0.748947
-0.048704 -0.531723 -0.845517
0.126292 -0.507309 -0.852460
-0.419054 -0.906504 -0.051425
-0.091068 -0.994396 -0.053699
-0.416589 -0.907640 -0.051418
-0.091068 -0.994396 -0.053699
-0.419054 -0.906504 -0.051425
-0.087007 -0.994754 -0.053789
0.365611 -0.563806 -0.740575
0.126292 -0.507309 -0.852460
0.321239 -0.427444 -0.845042
0.126292 -0.507309 -0.852460
0.365611 -0.563806 -0.740575
0.137559 -0.648195 -0.748947
0.211203 -0.975625 -0.059572
-0.087007 -0.994754 -0.053789
0.212023 -0.975447 -0.059585
-0.087007 -0.994754 -0.053789
0.211203 -0.975625 -0.059572
-0.091068 -0.994396 -0.053699
0.602002 -0.357534 -0.713977
0.321239 -0.427444 -0.845042
0.478245 -0.271502 -0.835205
0.321239 -0.427444 -0.845042
0.602002 -0.357534 -0.713977
0.365611 -0.563806 -0.740575
0.548803 -0.833580 -0.062926
0.211203 -0.975625 -0.059572
0.546427 -0.835140 -0.062923
0.211203 -0.975625 -0.059572
0.212023 -0.975447 -0.059585
0.546427 -0.835140 -0.062923
0.537703 -0.105294 -0.836534
0.717582 -0.056966 -0.694140
0.705317 -0.144057 -0.694101
0.717582 -0.056966 -0.694140
0.537703 -0.105294 -0.836534
0.543235 -0.040738 -0.838592
0.478245 -0.271502 -0.835205
0.705317 -0.144057 -0.694101
0.602002 -0.357534 -0.713977
0.705317 -0.144057 -0.694101
0.478245 -0.271502 -0.835205
0.537703 -0.105294 -0.836534
0.856696 -0.512148 -0.061453
0.980510 -0.188610 -0.055009
0.857368 -0.511023 -0.061441
0.980510 -0.188610 -0.055009
0.856696 -0.512148 -0.061453
0.980055 -0.190944 -0.055074
0.546427 -0.835140 -0.062923
0.857368 -0.511023 -0.061441
0.548803 -0.833580 -0.062926
0.857368 -0.511023 -0.061441
0.546427 -0.835140 -0.062923
0.856696 -0.512148 -0.061453
0.556432 -0.034176 -0.830190
0.649110 -0.025036 -0.760282
0.657048 -0.038695 -0.752855
0.649110 -0.025036 -0.760282
0.556432 -0.034176 -0.830190
0.595694 -0.037832 -0.802320
0.674992 -0.040544 -0.736711
0.556432 -0.034176 -0.830190
0.657048 -0.038695 -0.752855
0.556432 -0.034176 -0.830190
0.674992 -0.040544 -0.736711
0.558417 -0.032583 -0.828920
0.560276 -0.032376 -0.827673
0.674992 -0.040544 -0.736711
0.689074 -0.040754 -0.723544
0.674992 -0.040544 -0.736711
0.560276 -0.032376 -0.827673
0.558417 -0.032583 -0.828920
0.689074 -0.040754 -0.723544
0.694931 -0.038238 -0.718059
0.556041 -0.029934 -0.830615
0.556041 -0.029934 -0.830615
0.560276 -0.032376 -0.827673
0.689074 -0.040754 -0.723544
0.546682 -0.028861 -0.836843
0.694931 -0.038238 -0.718059
0.698450 -0.037361 -0.714683
0.694931 -0.038238 -0.718059
0.546682 -0.028861 -0.836843
0.556041 -0.029934 -0.830615
0.543235 -0.040738 -0.838592
0.707442 -0.041165 -0.705572
0.717582 -0.056966 -0.694140
0.707442 -0.041165 -0.705572
0.543235 -0.040738 -0.838592
0.545716 -0.031043 -0.837395
0.698450 -0.037361 -0.714683
0.707442 -0.041165 -0.705572
0.545716 -0.031043 -0.837395
0.545716 -0.031043 -0.837395
0.546682 -0.028861 -0.836843
0.698450 -0.037361 -0.714683
0.980055 -0.190944 -0.055074
0.996013 -0.075265 -0.047886
0.980510 -0.188610 -0.055009
0.996013 -0.075265 -0.047886
0.980055 -0.190944 -0.055074
0.996035 -0.075026 -0.047798
0.996035 -0.075026 -0.047798
0.997173 -0.062343 -0.041949
0.996013 -0.075265 -0.047886
0.997173 -0.062343 -0.041949
0.996035 -0.075026 -0.047798
0.997189 -0.062188 -0.041795
0.997189 -0.062188 -0.041795
0.997353 -0.061421 -0.038914
0.997173 -0.062343 -0.041949
0.997353 -0.061421 -0.038914
0.997189 -0.062188 -0.041795
0.997352 -0.061478 -0.038861
0.997352 -0.061478 -0.038861
0.997448 -0.061596 -0.036108
0.997353 -0.061421 -0.038914
0.997448 -0.061596 -0.036108
0.997352 -0.061478 -0.038861
0.997453 -0.061556 -0.036039
0.997451 -0.059745 -0.039005
0.997230 -0.058698 -0.045688
0.997453 -0.059786 -0.038888
0.997230 -0.058698 -0.045688
0.997451 -0.059745 -0.039005
0.997223 -0.058696 -0.045826
0.997538 -0.060679 -0.035156
0.997453 -0.059786 -0.038888
0.997538 -0.060678 -0.035151
0.997453 -0.059786 -0.038888
0.997538 -0.060679 -0.035156
0.997451 -0.059745 -0.039005
0.997453 -0.061556 -0.036039
0.997538 -0.060678 -0.035151
0.997448 -0.061596 -0.036108
0.997538 -0.060678 -0.035151
0.997453 -0.061556 -0.036039
0.997538 -0.060679 -0.035156
0.663072 0.004047 -0.748545
0.649110 -0.025036 -0.760282
0.595694 -0.037832 -0.802320
0.720875 0.153310 -0.675896
0.720128 0.083574 -0.688789
0.720890 0.153107 -0.675926
0.720128 0.083574 -0.688789
0.710920 0.067098 -0.700065
0.720890 0.153107 -0.675926
0.620798 -0.044286 -0.782719
0.710920 0.067098 -0.700065
0.720128 0.083574 -0.688789
0.720128 0.083574 -0.688789
0.663072 0.004047 -0.748545
0.620798 -0.044286 -0.782719
0.997223 -0.058696 -0.045826
0.997971 -0.043794 -0.046208
0.997230 -0.058698 -0.045688
0.997971 -0.043794 -0.046208
0.997223 -0.058696 -0.045826
0.997965 -0.043905 -0.046234
0.720890 0.153107 -0.675926
0.712806 0.198928 -0.672558
0.720875 0.153310 -0.675896
0.712788 0.199008 -0.672554
0.720875 0.153310 -0.675896
0.712806 0.198928 -0.672558
-0.598248 -0.132399 -0.790297
-0.700369 -0.146077 -0.698674
-0.700590 -0.146310 -0.698403
-0.700369 -0.146077 -0.698674
-0.598248 -0.132399 -0.790297
-0.658564 -0.068270 -0.749422
-0.722055 -0.136233 -0.678290
-0.700590 -0.146310 -0.698403
-0.721704 -0.137410 -0.678426
-0.700369 -0.146077 -0.698674
-0.721704 -0.137410 -0.678426
-0.700590 -0.146310 -0.698403
-0.721704 -0.137410 -0.678426
-0.737216 0.001584 -0.675655
-0.722055 -0.136233 -0.678290
-0.737216 0.001584 -0.675655
-0.737298 0.004367 -0.675553
-0.722055 -0.136233 -0.678290
-0.737216 0.001584 -0.675655
-0.699899 0.242273 -0.671897
-0.737298 0.004367 -0.675553
-0.699899 0.242273 -0.671897
-0.737216 0.001584 -0.675655
-0.700686 0.239973 -0.671902
-0.981830 -0.183821 -0.047116
-0.998906 0.008060 -0.046064
-0.981811 -0.183920 -0.047121
-0.998906 0.008060 -0.046064
-0.998902 0.008497 -0.046066
-0.981811 -0.183920 -0.047121
-0.700686 0.239973 -0.671902
-0.577770 0.467418 -0.669106
-0.699899 0.242273 -0.671897
-0.577770 0.467418 -0.669106
-0.577962 0.467170 -0.669113
-0.699899 0.242273 -0.671897
-0.998906 0.008060 -0.046064
-0.945089 0.324122 -0.041851
-0.998902 0.008497 -0.046066
-0.945089 0.324122 -0.041851
-0.943836 0.327766 -0.041741
-0.998902 0.008497 -0.046066
-0.387599 0.634039 -0.669150
-0.577770 0.467418 -0.669106
-0.376247 0.640503 -0.669473
-0.577770 0.467418 -0.669106
-0.387599 0.634039 -0.669150
-0.577962 0.467170 -0.669113
-0.945089 0.324122 -0.041851
-0.776709 0.628712 -0.038006
-0.943836 0.327766 -0.041741
-0.776709 0.628712 -0.038006
-0.945089 0.324122 -0.041851
-0.774880 0.630964 -0.038024
0.656733 0.332202 -0.677011
0.712788 0.199008 -0.672554
0.658272 0.329267 -0.676949
0.712788 0.199008 -0.672554
0.712806 0.198928 -0.672558
0.658272 0.329267 -0.676949
0.976642 0.210696 -0.042173
0.962383 0.267776 -0.046000
0.976784 0.210058 -0.042049
0.962383 0.267776 -0.046000
0.976642 0.210696 -0.042173
0.962413 0.267665 -0.045998
0.521832 0.521294 -0.675236
0.656733 0.332202 -0.677011
0.517868 0.525537 -0.674999
0.656733 0.332202 -0.677011
0.658272 0.329267 -0.676949
0.517868 0.525537 -0.674999
0.893971 0.446049 -0.043081
0.962383 0.267776 -0.046000
0.891462 0.451057 -0.042932
0.962383 0.267776 -0.046000
0.962413 0.267665 -0.045998
0.891462 0.451057 -0.042932
0.315329 0.668529 -0.673525
0.521832 0.521294 -0.675236
0.324689 0.664376 -0.673188
0.324689 0.664376 -0.673188
0.521832 0.521294 -0.675236
0.517868 0.525537 -0.674999
0.707159 0.705780 -0.042431
0.891462 0.451057 -0.042932
0.702023 0.710881 -0.042576
0.891462 0.451057 -0.042932
0.707159 0.705780 -0.042431
0.893971 0.446049 -0.043081
0.324689 0.664376 -0.673188
0.082405 0.735723 -0.672250
0.315329 0.668529 -0.673525
0.082405 0.735723 -0.672250
0.324689 0.664376 -0.673188
0.070452 0.737491 -0.671672
0.435960 0.898801 -0.045784
0.702023 0.710881 -0.042576
0.427578 0.902819 -0.045776
0.702023 0.710881 -0.042576
0.435960 0.898801 -0.045784
0.707159 0.705780 -0.042431
-0.376247 0.640503 -0.669473
-0.163584 0.726604 -0.667298
-0.387599 0.634039 -0.669150
-0.163584 0.726604 -0.667298
-0.160639 0.727352 -0.667199
-0.387599 0.634039 -0.669150
-0.163584 0.726604 -0.667298
0.082405 0.735723 -0.672250
-0.160639 0.727352 -0.667199
0.082405 0.735723 -0.672250
0.070452 0.737491 -0.671672
-0.160639 0.727352 -0.667199
0.000011 -0.000049 -1.000000
0.000001 0.000001 -1.000000
0.000011 -0.000048 -1.000000
0.000001 0.000002 -1.000000
0.000001 0.000001 -1.000000
0.000011 -0.000049 -1.000000
-0.000001 0.000018 -1.000000
0.000001 0.000001 -1.000000
0.000001 0.000002 -1.000000
0.000001 0.000001 -1.000000
-0.000001 0.000018 -1.000000
-0.000001 0.000017 -1.000000
-0.981811 -0.183920 -0.047121
-0.984229 -0.169062 -0.052070
-0.981830 -0.183821 -0.047116
-0.984229 -0.169062 -0.052070
-0.981811 -0.183920 -0.047121
-0.984544 -0.167189 -0.052168
0.100158 0.993716 -0.049965
0.427578 0.902819 -0.045776
0.112683 0.992389 -0.049671
0.427578 0.902819 -0.045776
0.100158 0.993716 -0.049965
0.435960 0.898801 -0.045784
-0.774880 0.630964 -0.038024
-0.506623 0.861159 -0.041689
-0.776709 0.628712 -0.038006
-0.506623 0.861159 -0.041689
-0.511448 0.858307 -0.041608
-0.776709 0.628712 -0.038006
-0.506623 0.861159 -0.041689
-0.210330 0.976407 -0.048896
-0.511448 0.858307 -0.041608
-0.210330 0.976407 -0.048896
-0.212969 0.975839 -0.048807
-0.511448 0.858307 -0.041608
0.112683 0.992389 -0.049671
-0.212969 0.975839 -0.048807
0.100158 0.993716 -0.049965
-0.210330 0.976407 -0.048896
0.100158 0.993716 -0.049965
-0.212969 0.975839 -0.048807
-0.997608 -0.035594 -0.059266
-0.984544 -0.167189 -0.052168
-0.997688 -0.033000 -0.059406
-0.984544 -0.167189 -0.052168
-0.997608 -0.035594 -0.059266
-0.984229 -0.169062 -0.052070
-0.996346 0.051700 -0.067977
-0.997608 -0.035594 -0.059266
-0.997688 -0.033000 -0.059406
-0.996346 0.051700 -0.067977
-0.997688 -0.033000 -0.059406
-0.996339 0.051781 -0.068027
-0.996339 0.051781 -0.068027
-0.995651 0.061381 -0.070084
-0.996346 0.051700 -0.067977
-0.995651 0.061381 -0.070084
-0.996339 0.051781 -0.068027
-0.995654 0.061477 -0.069962
0.989624 0.138755 -0.037314
0.998829 0.028109 -0.039375
0.989272 0.141220 -0.037383
0.998829 0.028109 -0.039375
0.989624 0.138755 -0.037314
0.998812 0.028755 -0.039335
0.976784 0.210058 -0.042049
0.989624 0.138755 -0.037314
0.989272 0.141220 -0.037383
0.976784 0.210058 -0.042049
0.989272 0.141220 -0.037383
0.976642 0.210696 -0.042173
0.997971 -0.043794 -0.046208
0.998829 0.028109 -0.039375
0.998812 0.028755 -0.039335
0.998829 0.028109 -0.039375
0.997971 -0.043794 -0.046208
0.997965 -0.043905 -0.046234
-0.000149 -0.002388 0.999997
-0.000149 -0.002388 0.999997
-0.000149 -0.002388 0.999997
-0.000149 -0.002388 0.999997
-0.000149 -0.002388 0.999997
-0.000149 -0.002388 0.999997
0.000235 0.003888 0.999992
0.000235 0.003888 0.999992
0.000235 0.003888 0.999992
0.000235 0.003888 0.999992
0.000235 0.003888 0.999992
0.000235 0.003888 0.999992
-0.000124 -0.001973 0.999998
-0.000124 -0.001973 0.999998
-0.000124 -0.001973 0.999998
-0.000124 -0.001973 0.999998
-0.000124 -0.001973 0.999998
-0.000124 -0.001973 0.999998
0.000118 0.002004 0.999998
0.000118 0.002004 0.999998
0.000118 0.002004 0.999998
0.000118 0.002004 0.999998
0.000118 0.002004 0.999998
0.000118 0.002004 0.999998
-0.000003 0.000019 1.000000
-0.000003 0.000019 1.000000
-0.000003 0.000019 1.000000
-0.000003 0.000019 1.000000
-0.000003 0.000019 1.000000
-0.000003 0.000019 1.000000
-0.000183 -0.012512 0.999922
-0.000183 -0.012512 0.999922
-0.000183 -0.012512 0.999922
-0.000183 -0.012512 0.999922
-0.000183 -0.012512 0.999922
-0.000183 -0.012512 0.999922
-0.000872 0.004846 0.999988
-0.000872 0.004846 0.999988
-0.000872 0.004846 0.999988
-0.000872 0.004846 0.999988
-0.000872 0.004846 0.999988
-0.000872 0.004846 0.999988
0.002509 -0.004383 0.999987
0.002509 -0.004383 0.999987
0.002509 -0.004383 0.999987
0.002509 -0.004383 0.999987
0.002509 -0.004383 0.999987
0.002509 -0.004383 0.999987
-0.006723 0.004801 0.999966
-0.006723 0.004801 0.999966
-0.006723 0.004801 0.999966
-0.006723 0.004801 0.999966
-0.006723 0.004801 0.999966
-0.006723 0.004801 0.999966
-0.002141 0.000484 0.999998
-0.002141 0.000484 0.999998
-0.002141 0.000484 0.999998
-0.002141 0.000484 0.999998
-0.002141 0.000484 0.999998
-0.002141 0.000484 0.999998
0.000006 -0.000090 1.000000
0.000006 -0.000090 1.000000
0.000006 -0.000090 1.000000
0.000006 -0.000090 1.000000
0.000006 -0.000090 1.000000
0.000006 -0.000090 1.000000
0.004964 0.002000 0.999986
0.004964 0.002000 0.999986
0.004964 0.002000 0.999986
0.004964 0.002000 0.999986
0.004964 0.002000 0.999986
0.004964 0.002000 0.999986
-0.001296 -0.001442 0.999998
-0.001296 -0.001442 0.999998
-0.001296 -0.001442 0.999998
-0.001296 -0.001442 0.999998
-0.001296 -0.001442 0.999998
-0.001296 -0.001442 0.999998
0.000388 0.000946 1.000000
0.000388 0.000946 1.000000
0.000388 0.000946 0.999999
0.000388 0.000946 1.000000
0.000388 0.000946 1.000000
0.000388 0.000946 0.999999
-0.000481 -0.003661 0.999993
-0.000481 -0.003661 0.999993
-0.000481 -0.003661 0.999993
-0.000481 -0.003661 0.999993
-0.000481 -0.003661 0.999993
-0.000481 -0.003661 0.999993
0.000170 0.002537 0.999997
0.000170 0.002537 0.999997
0.000170 0.002537 0.999997
0.000170 0.002537 0.999997
0.000170 0.002537 0.999997
0.000170 0.002537 0.999997
-0.000065 -0.001003 1.000000
-0.000065 -0.001003 1.000000
-0.000065 -0.001003 1.000000
-0.000065 -0.001003 1.000000
-0.000065 -0.001003 1.000000
-0.000065 -0.001003 0.999999
0.000287 0.004744 0.999989
0.000287 0.004744 0.999989
0.000287 0.004744 0.999989
0.000287 0.004744 0.999989
0.000287 0.004744 0.999989
0.000287 0.004744 0.999989
-0.000326 -0.005275 0.999986
-0.000326 -0.005275 0.999986
-0.000326 -0.005275 0.999986
-0.000326 -0.005275 0.999986
-0.000326 -0.005275 0.999986
-0.000326 -0.005275 0.999986
-0.000029 -0.000423 1.000000
-0.000029 -0.000423 1.000000
-0.000029 -0.000423 1.000000
-0.000029 -0.000423 1.000000
-0.000029 -0.000423 1.000000
-0.000029 -0.000423 1.000000
-0.000095 -0.001521 0.999999
-0.000095 -0.001521 0.999999
-0.000095 -0.001521 0.999999
-0.000095 -0.001521 0.999999
-0.000095 -0.001521 0.999999
-0.000095 -0.001521 0.999999
0.000145 0.002914 0.999996
0.000145 0.002914 0.999996
0.000145 0.002914 0.999996
0.000145 0.002914 0.999996
0.000145 0.002914 0.999996
0.000145 0.002914 0.999996
-0.000030 -0.004145 0.999991
-0.000030 -0.004145 0.999991
-0.000030 -0.004145 0.999991
-0.000030 -0.004145 0.999991
-0.000030 -0.004145 0.999991
-0.000030 -0.004145 0.999991
-0.000376 0.004245 0.999991
-0.000376 0.004245 0.999991
-0.000376 0.004245 0.999991
-0.000376 0.004245 0.999991
-0.000376 0.004245 0.999991
-0.000376 0.004245 0.999991
0.000728 -0.004276 0.999991
0.000728 -0.004276 0.999991
0.000728 -0.004276 0.999991
0.000728 -0.004276 0.999991
0.000728 -0.004276 0.999991
0.000728 -0.004276 0.999991
0.000064 -0.000385 1.000000
0.000064 -0.000385 1.000000
0.000064 -0.000385 1.000000
0.000064 -0.000385 1.000000
0.000064 -0.000385 1.000000
0.000064 -0.000385 1.000000
-0.000040 -0.000011 1.000000
-0.000040 -0.000011 1.000000
-0.000040 -0.000011 1.000000
-0.000040 -0.000011 1.000000
-0.000040 -0.000011 1.000000
-0.000040 -0.000011 1.000000
-0.000500 0.000591 1.000000
-0.000500 0.000591 1.000000
-0.000500 0.000591 1.000000
-0.000500 0.000591 1.000000
-0.000500 0.000591 1.000000
-0.000500 0.000591 1.000000
0.000060 -0.000140 1.000000
0.000060 -0.000140 1.000000
0.000060 -0.000140 1.000000
0.000060 -0.000140 1.000000
0.000060 -0.000140 1.000000
0.000060 -0.000140 1.000000
-0.001141 0.000231 0.999999
-0.001141 0.000231 0.999999
-0.001141 0.000231 0.999999
-0.001141 0.000231 0.999999
-0.001141 0.000231 0.999999
-0.001141 0.000231 0.999999
-0.008116 -0.000542 0.999967
-0.008116 -0.000542 0.999967
-0.008116 -0.000542 0.999967
-0.008116 -0.000542 0.999967
-0.008116 -0.000542 0.999967
-0.008116 -0.000542 0.999967
0.008103 0.003095 0.999962
0.008103 0.003095 0.999962
0.008103 0.003095 0.999962
0.008103 0.003095 0.999962
0.008103 0.003095 0.999962
0.008103 0.003095 0.999962
-0.001275 -0.001180 0.999998
-0.001275 -0.001180 0.999998
-0.001275 -0.001180 0.999999
-0.001275 -0.001180 0.999998
-0.001275 -0.001180 0.999998
-0.001275 -0.001180 0.999998
0.001201 0.002079 0.999997
0.001201 0.002079 0.999997
0.001201 0.002079 0.999997
0.001201 0.002079 0.999997
0.001201 0.002079 0.999997
0.001201 0.002079 0.999997
0.000127 0.000689 1.000000
0.000127 0.000689 1.000000
0.000127 0.000689 1.000000
0.000127 0.000689 1.000000
0.000127 0.000689 1.000000
0.000127 0.000689 1.000000
-0.000063 0.000531 1.000000
-0.000063 0.000531 1.000000
-0.000063 0.000531 1.000000
-0.000063 0.000531 1.000000
-0.000063 0.000531 1.000000
-0.000063 0.000531 1.000000
0.000099 -0.000694 1.000000
0.000099 -0.000694 1.000000
0.000099 -0.000694 1.000000
0.000099 -0.000694 1.000000
0.000099 -0.000694 1.000000
0.000099 -0.000694 1.000000
-0.000254 0.002314 0.999997
-0.000254 0.002314 0.999997
-0.000254 0.002314 0.999997
-0.000254 0.002314 0.999997
-0.000254 0.002314 0.999997
-0.000254 0.002314 0.999997
-0.000035 -0.002717 0.999996
-0.000035 -0.002717 0.999996
-0.000035 -0.002717 0.999996
-0.000035 -0.002717 0.999996
-0.000035 -0.002717 0.999996
-0.000035 -0.002717 0.999996
0.000037 0.000700 1.000000
0.000037 0.000700 1.000000
0.000037 0.000700 1.000000
0.000037 0.000700 1.000000
0.000037 0.000700 1.000000
0.000037 0.000700 1.000000
0.000001 -0.000012 1.000000
0.000001 0.000002 1.000000
0.000001 -0.000012 1.000000
0.000001 0.000002 1.000000
0.000001 -0.000012 1.000000
0.000001 0.000002 1.000000
0.000001 0.000002 1.000000
-0.000001 0.000017 1.000000
0.000001 0.000002 1.000000
-0.000001 0.000017 1.000000
0.000001 0.000002 1.000000
-0.000001 0.000018 1.000000
0.000011 -0.000048 1.000000
0.000011 -0.000049 1.000000
-0.000001 0.000018 1.000000
0.000011 -0.000048 1.000000
-0.000001 0.000018 1.000000
-0.000001 0.000018 1.000000
-0.000001 0.000018 1.000000
-0.000001 0.000018 1.000000
-0.000002 0.000040 1.000000
0.000001 -0.000012 1.000000
-0.000003 -0.000010 1.000000
-0.000003 -0.000010 1.000000
-0.000003 -0.000010 1.000000
0.000001 -0.000012 1.000000
0.000001 -0.000012 1.000000
-0.000003 -0.000010 1.000000
-0.000009 0.000012 1.000000
-0.000009 0.000012 1.000000
-0.000009 0.000012 1.000000
-0.000003 -0.000010 1.000000
-0.000003 -0.000010 1.000000
-0.000009 0.000012 1.000000
-0.000007 0.000018 1.000000
-0.000007 0.000017 1.000000
-0.000009 0.000012 1.000000
-0.000009 0.000012 1.000000
-0.000007 0.000018 1.000000
0.000000 0.000000 1.000000
0.000000 0.000000 1.000000
0.000000 0.000000 1.000000
-0.000007 0.000017 1.000000
0.000000 0.000000 1.000000
0.000000 0.000000 1.000000
-0.000007 0.000017 1.000000
-0.000007 0.000018 1.000000
0.000000 0.000000 1.000000
0.025356 0.004925 0.999666
0.024248 0.005472 0.999691
0.025356 0.004909 0.999666
0.024248 0.005472 0.999691
0.025356 0.004925 0.999666
0.024244 0.005468 0.999691
-0.021336 -0.008487 0.999736
-0.015466 -0.002044 0.999878
-0.020859 -0.008167 0.999749
-0.015454 -0.002058 0.999879
-0.020859 -0.008167 0.999749
-0.015466 -0.002044 0.999878
0.018474 0.006779 0.999806
0.024244 0.005468 0.999691
0.018306 0.006866 0.999809
0.024244 0.005468 0.999691
0.018474 0.006779 0.999806
0.024248 0.005472 0.999691
0.018306 0.006866 0.999809
0.012211 0.013551 0.999834
0.018474 0.006779 0.999806
0.012211 0.013551 0.999834
0.018306 0.006866 0.999809
0.012201 0.013583 0.999833
0.012201 0.013583 0.999833
0.008754 0.020937 0.999743
0.012211 0.013551 0.999834
0.008754 0.020937 0.999743
0.012201 0.013583 0.999833
0.008376 0.021496 0.999734
0.008376 0.021496 0.999734
0.003088 0.023510 0.999719
0.008754 0.020937 0.999743
0.003088 0.023510 0.999719
0.008376 0.021496 0.999734
0.003081 0.023508 0.999719
-0.004941 0.021121 0.999765
0.003088 0.023510 0.999719
-0.004736 0.021181 0.999764
0.003081 0.023508 0.999719
-0.004736 0.021181 0.999764
0.003088 0.023510 0.999719
-0.014930 0.019843 0.999692
-0.004941 0.021121 0.999765
-0.013963 0.019835 0.999706
-0.004736 0.021181 0.999764
-0.013963 0.019835 0.999706
-0.004941 0.021121 0.999765
-0.014930 0.019843 0.999692
-0.020560 0.017140 0.999642
-0.020711 0.016773 0.999645
-0.020560 0.017140 0.999642
-0.014930 0.019843 0.999692
-0.013963 0.019835 0.999706
-0.020711 0.016773 0.999645
-0.022024 0.009269 0.999714
-0.022052 0.008499 0.999721
-0.022024 0.009269 0.999714
-0.020711 0.016773 0.999645
-0.020560 0.017140 0.999642
-0.015454 -0.002058 0.999879
-0.019570 0.001658 0.999807
-0.019447 0.001564 0.999810
-0.019570 0.001658 0.999807
-0.015454 -0.002058 0.999879
-0.015466 -0.002044 0.999878
-0.019447 0.001564 0.999810
-0.022052 0.008499 0.999721
-0.022024 0.009269 0.999714
-0.022052 0.008499 0.999721
-0.019447 0.001564 0.999810
-0.019570 0.001658 0.999807
0.025356 0.004909 0.999666
0.027130 0.000131 0.999632
0.025356 0.004925 0.999666
0.027130 0.000131 0.999632
0.027422 -0.000391 0.999624
0.025356 0.004925 0.999666
0.027130 0.000131 0.999632
0.027949 -0.007870 0.999578
0.027422 -0.000391 0.999624
0.027422 -0.000391 0.999624
0.027949 -0.007870 0.999578
0.027976 -0.007768 0.999578
0.620798 -0.044286 0.782719
0.710920 0.067098 0.700065
0.533475 -0.099262 0.839971
0.021780 -0.010590 0.999707
0.027949 -0.007870 0.999578
0.020884 -0.010300 0.999729
0.027949 -0.007870 0.999578
0.021780 -0.010590 0.999707
0.027976 -0.007768 0.999578
0.009170 -0.010733 0.999900
0.020884 -0.010300 0.999729
0.009089 -0.010759 0.999901
0.020884 -0.010300 0.999729
0.009170 -0.010733 0.999900
0.021780 -0.010590 0.999707
0.003022 -0.012189 0.999921
0.009089 -0.010759 0.999901
0.003043 -0.012157 0.999922
0.009089 -0.010759 0.999901
0.003022 -0.012189 0.999921
0.009170 -0.010733 0.999900
0.001096 -0.008018 0.999967
0.003043 -0.012157 0.999922
0.000761 -0.007525 0.999971
0.003043 -0.012157 0.999922
0.001096 -0.008018 0.999967
0.003022 -0.012189 0.999921
0.000761 -0.007525 0.999971
-0.005169 -0.005468 0.999972
0.001096 -0.008018 0.999967
-0.005169 -0.005468 0.999972
0.000761 -0.007525 0.999971
-0.005292 -0.005521 0.999971
-0.005292 -0.005521 0.999971
-0.018934 -0.009343 0.999777
-0.005169 -0.005468 0.999972
-0.018934 -0.009343 0.999777
-0.005292 -0.005521 0.999971
-0.018906 -0.009336 0.999778
-0.018934 -0.009343 0.999777
-0.028511 -0.012259 0.999518
-0.028445 -0.012359 0.999519
-0.028511 -0.012259 0.999518
-0.018934 -0.009343 0.999777
-0.018906 -0.009336 0.999778
-0.028445 -0.012359 0.999519
-0.021336 -0.008487 0.999736
-0.020859 -0.008167 0.999749
-0.021336 -0.008487 0.999736
-0.028445 -0.012359 0.999519
-0.028511 -0.012259 0.999518
0.533475 -0.099262 0.839971
0.423978 -0.095711 0.900601
0.620798 -0.044286 0.782719
0.423978 -0.095711 0.900601
0.533475 -0.099262 0.839971
0.344211 -0.167250 0.923876
0.620798 -0.044286 0.782719
0.595694 -0.037832 0.802320
0.663072 0.004047 0.748545
0.595694 -0.037832 0.802320
0.620798 -0.044286 0.782719
0.423978 -0.095711 0.900601
0.096869 -0.094732 0.990779
0.423978 -0.095711 0.900601
0.344211 -0.167250 0.923876
0.096869 -0.094732 0.990779
0.344211 -0.167250 0.923876
0.172447 -0.205306 0.963385
-0.127663 -0.217525 0.967670
-0.302502 -0.087523 0.949122
-0.079107 -0.115260 0.990180
-0.302502 -0.087523 0.949122
-0.127663 -0.217525 0.967670
-0.301966 -0.181620 0.935858
-0.079107 -0.115260 0.990180
-0.040105 -0.233920 0.971428
-0.127663 -0.217525 0.967670
-0.040105 -0.233920 0.971428
-0.079107 -0.115260 0.990180
-0.016428 -0.116981 0.992998
0.060368 -0.226481 0.972143
-0.040105 -0.233920 0.971428
-0.016428 -0.116981 0.992998
-0.016428 -0.116981 0.992998
0.036050 -0.114624 0.992755
0.060368 -0.226481 0.972143
0.172447 -0.205306 0.963385
0.060368 -0.226481 0.972143
0.036050 -0.114624 0.992755
0.036050 -0.114624 0.992755
0.096869 -0.094732 0.990779
0.172447 -0.205306 0.963385
-0.301966 -0.181620 0.935858
-0.551053 -0.059818 0.832323
-0.302502 -0.087523 0.949122
-0.551053 -0.059818 0.832323
-0.301966 -0.181620 0.935858
-0.598248 -0.132399 0.790297
0.321239 -0.427444 0.845042
0.478245 -0.271502 0.835205
0.118627 -0.151071 0.981379
0.478245 -0.271502 0.835205
0.165853 -0.093487 0.981709
0.118627 -0.151071 0.981379
0.167709 -0.031773 0.985324
0.165853 -0.093487 0.981709
0.537703 -0.105294 0.836534
0.478245 -0.271502 0.835205
0.537703 -0.105294 0.836534
0.165853 -0.093487 0.981709
-0.517205 -0.176986 0.837362
-0.139912 -0.132776 0.981221
-0.181781 -0.067254 0.981036
-0.139912 -0.132776 0.981221
-0.517205 -0.176986 0.837362
-0.399761 -0.371444 0.837986
-0.545904 -0.019952 0.837610
-0.181781 -0.067254 0.981036
-0.175957 -0.007346 0.984370
-0.181781 -0.067254 0.981036
-0.545904 -0.019952 0.837610
-0.517205 -0.176986 0.837362
0.165853 -0.093487 0.981709
-0.003984 -0.005018 0.999979
0.118627 -0.151071 0.981379
-0.003984 -0.005018 0.999979
0.049563 -0.184005 0.981675
0.118627 -0.151071 0.981379
0.126292 -0.507309 0.852460
0.321239 -0.427444 0.845042
0.049563 -0.184005 0.981675
0.049563 -0.184005 0.981675
0.321239 -0.427444 0.845042
0.118627 -0.151071 0.981379
-0.003820 -0.003163 0.999988
0.165853 -0.093487 0.981709
0.167709 -0.031773 0.985324
0.165853 -0.093487 0.981709
-0.003820 -0.003163 0.999988
-0.003984 -0.005018 0.999979
0.002947 -0.005468 0.999981
-0.139912 -0.132776 0.981221
-0.076419 -0.174352 0.981714
-0.139912 -0.132776 0.981221
0.002947 -0.005468 0.999981
-0.181781 -0.067254 0.981036
-0.076419 -0.174352 0.981714
-0.399761 -0.371444 0.837986
-0.218188 -0.498528 0.838966
-0.399761 -0.371444 0.837986
-0.076419 -0.174352 0.981714
-0.139912 -0.132776 0.981221
0.003540 -0.004271 0.999985
-0.175957 -0.007346 0.984370
-0.181781 -0.067254 0.981036
0.003540 -0.004271 0.999985
-0.181781 -0.067254 0.981036
0.002947 -0.005468 0.999981
-0.048704 -0.531723 0.845517
0.126292 -0.507309 0.852460
-0.014767 -0.188904 0.981884
0.049563 -0.184005 0.981675
-0.014767 -0.188904 0.981884
0.126292 -0.507309 0.852460
-0.003984 -0.005018 0.999979
-0.000195 -0.004716 0.999989
0.049563 -0.184005 0.981675
-0.000195 -0.004716 0.999989
-0.014767 -0.188904 0.981884
0.049563 -0.184005 0.981675
-0.014767 -0.188904 0.981884
-0.218188 -0.498528 0.838966
-0.048704 -0.531723 0.845517
-0.218188 -0.498528 0.838966
-0.014767 -0.188904 0.981884
-0.076419 -0.174352 0.981714
-0.000195 -0.004716 0.999989
-0.076419 -0.174352 0.981714
-0.014767 -0.188904 0.981884
-0.076419 -0.174352 0.981714
-0.000195 -0.004716 0.999989
0.002947 -0.005468 0.999981
-0.000093 -0.003973 0.999992
-0.003984 -0.005018 0.999979
-0.003820 -0.003163 0.999988
-0.003984 -0.005018 0.999979
-0.000093 -0.003973 0.999992
-0.000195 -0.004716 0.999989
-0.000093 -0.003973 0.999992
0.003540 -0.004271 0.999985
0.002947 -0.005468 0.999981
-0.000093 -0.003973 0.999992
0.002947 -0.005468 0.999981
-0.000195 -0.004716 0.999989
0.543235 -0.040738 0.838592
0.167709 -0.031773 0.985324
0.537703 -0.105294 0.836534
0.167709 -0.031773 0.985324
0.543235 -0.040738 0.838592
0.173073 -0.012219 0.984833
0.543235 -0.040738 0.838592
0.545716 -0.031043 0.837395
0.185832 -0.010052 0.982530
0.185832 -0.010052 0.982530
0.173073 -0.012219 0.984833
0.543235 -0.040738 0.838592
0.173073 -0.012219 0.984833
-0.003820 -0.003163 0.999988
0.167709 -0.031773 0.985324
-0.003820 -0.003163 0.999988
0.173073 -0.012219 0.984833
-0.001041 -0.002178 0.999997
0.185832 -0.010052 0.982530
-0.001041 -0.002178 0.999997
0.173073 -0.012219 0.984833
-0.001041 -0.002178 0.999997
0.185832 -0.010052 0.982530
0.003040 -0.001602 0.999994
-0.001041 -0.002178 0.999997
-0.000093 -0.003973 0.999992
-0.003820 -0.003163 0.999988
-0.000093 -0.003973 0.999992
-0.001041 -0.002178 0.999997
0.000072 -0.003775 0.999993
0.003040 -0.001602 0.999994
0.000072 -0.003775 0.999993
-0.001041 -0.002178 0.999997
0.000072 -0.003775 0.999993
0.003040 -0.001602 0.999994
0.000102 -0.002946 0.999996
0.000072 -0.003775 0.999993
0.002388 -0.003217 0.999992
-0.000093 -0.003973 0.999992
0.002388 -0.003217 0.999992
0.003540 -0.004271 0.999985
-0.000093 -0.003973 0.999992
0.000102 -0.002946 0.999996
0.000203 -0.001998 0.999998
0.000072 -0.003775 0.999993
0.000203 -0.001998 0.999998
0.002388 -0.003217 0.999992
0.000072 -0.003775 0.999993
0.002388 -0.003217 0.999992
-0.176674 0.011456 0.984203
0.003540 -0.004271 0.999985
-0.176674 0.011456 0.984203
-0.175957 -0.007346 0.984370
0.003540 -0.004271 0.999985
0.000203 -0.001998 0.999998
-0.181295 0.013048 0.983342
0.002388 -0.003217 0.999992
-0.181295 0.013048 0.983342
-0.176674 0.011456 0.984203
0.002388 -0.003217 0.999992
-0.176674 0.011456 0.984203
-0.545904 -0.019952 0.837610
-0.175957 -0.007346 0.984370
-0.545904 -0.019952 0.837610
-0.176674 0.011456 0.984203
-0.547837 0.030541 0.836028
-0.176674 0.011456 0.984203
-0.181295 0.013048 0.983342
-0.541893 0.037457 0.839612
-0.541893 0.037457 0.839612
-0.547837 0.030541 0.836028
-0.176674 0.011456 0.984203
0.198919 -0.010359 0.979961
0.185832 -0.010052 0.982530
0.546682 -0.028861 0.836843
0.546682 -0.028861 0.836843
0.185832 -0.010052 0.982530
0.545716 -0.031043 0.837395
0.556041 -0.029934 0.830615
0.198919 -0.010359 0.979961
0.546682 -0.028861 0.836843
0.198919 -0.010359 0.979961
0.556041 -0.029934 0.830615
0.210181 -0.011877 0.977591
0.198919 -0.010359 0.979961
0.003040 -0.001602 0.999994
0.185832 -0.010052 0.982530
0.003040 -0.001602 0.999994
0.198919 -0.010359 0.979961
0.006995 -0.001734 0.999974
0.210181 -0.011877 0.977591
0.009531 -0.003119 0.999950
0.198919 -0.010359 0.979961
0.009531 -0.003119 0.999950
0.006995 -0.001734 0.999974
0.198919 -0.010359 0.979961
0.006995 -0.001734 0.999974
0.000102 -0.002946 0.999996
0.003040 -0.001602 0.999994
0.000102 -0.002946 0.999996
0.006995 -0.001734 0.999974
-0.000256 -0.002249 0.999997
0.009531 -0.003119 0.999950
-0.000256 -0.002249 0.999997
0.006995 -0.001734 0.999974
-0.000256 -0.002249 0.999997
0.009531 -0.003119 0.999950
-0.000837 -0.003102 0.999995
-0.000256 -0.002249 0.999997
-0.002565 -0.000976 0.999996
0.000102 -0.002946 0.999996
-0.002565 -0.000976 0.999996
0.000203 -0.001998 0.999998
0.000102 -0.002946 0.999996
-0.000837 -0.003102 0.999995
-0.002565 -0.000976 0.999996
-0.000256 -0.002249 0.999997
-0.002565 -0.000976 0.999996
-0.000837 -0.003102 0.999995
-0.005623 -0.001799 0.999983
-0.192420 0.013219 0.981224
0.000203 -0.001998 0.999998
-0.002565 -0.000976 0.999996
0.000203 -0.001998 0.999998
-0.192420 0.013219 0.981224
-0.181295 0.013048 0.983342
-0.005623 -0.001799 0.999983
-0.192420 0.013219 0.981224
-0.002565 -0.000976 0.999996
-0.192420 0.013219 0.981224
-0.005623 -0.001799 0.999983
-0.198627 0.011098 0.980012
-0.547315 0.036552 0.836128
-0.541893 0.037457 0.839612
-0.192420 0.013219 0.981224
-0.192420 0.013219 0.981224
-0.541893 0.037457 0.839612
-0.181295 0.013048 0.983342
-0.198627 0.011098 0.980012
-0.547315 0.036552 0.836128
-0.192420 0.013219 0.981224
-0.547315 0.036552 0.836128
-0.198627 0.011098 0.980012
-0.546208 0.033537 0.836978
0.096869 -0.094732 0.990779
0.240833 -0.020524 0.970349
0.423978 -0.095711 0.900601
0.423978 -0.095711 0.900601
0.240833 -0.020524 0.970349
0.595694 -0.037832 0.802320
0.595694 -0.037832 0.802320
0.240833 -0.020524 0.970349
0.556432 -0.034176 0.830190
0.221634 -0.013138 0.975041
0.556041 -0.029934 0.830615
0.560276 -0.032376 0.827673
0.556041 -0.029934 0.830615
0.221634 -0.013138 0.975041
0.210181 -0.011877 0.977591
0.240833 -0.020524 0.970349
0.232834 -0.014843 0.972403
0.556432 -0.034176 0.830190
0.556432 -0.034176 0.830190
0.232834 -0.014843 0.972403
0.558417 -0.032583 0.828920
0.560276 -0.032376 0.827673
0.558417 -0.032583 0.828920
0.232834 -0.014843 0.972403
0.232834 -0.014843 0.972403
0.221634 -0.013138 0.975041
0.560276 -0.032376 0.827673
0.016194 -0.013295 0.999780
0.096869 -0.094732 0.990779
0.036050 -0.114624 0.992755
0.096869 -0.094732 0.990779
0.016194 -0.013295 0.999780
0.240833 -0.020524 0.970349
0.221634 -0.013138 0.975041
0.011931 -0.003435 0.999923
0.210181 -0.011877 0.977591
0.011931 -0.003435 0.999923
0.009531 -0.003119 0.999950
0.210181 -0.011877 0.977591
0.016194 -0.013295 0.999780
0.232834 -0.014843 0.972403
0.240833 -0.020524 0.970349
0.232834 -0.014843 0.972403
0.016194 -0.013295 0.999780
0.013831 -0.004318 0.999895
0.232834 -0.014843 0.972403
0.013831 -0.004318 0.999895
0.221634 -0.013138 0.975041
0.013831 -0.004318 0.999895
0.011931 -0.003435 0.999923
0.221634 -0.013138 0.975041
-0.003121 -0.012997 0.999911
0.036050 -0.114624 0.992755
-0.016428 -0.116981 0.992998
0.036050 -0.114624 0.992755
-0.003121 -0.012997 0.999911
0.016194 -0.013295 0.999780
0.011931 -0.003435 0.999923
-0.001253 -0.003949 0.999991
0.009531 -0.003119 0.999950
-0.001253 -0.003949 0.999991
-0.000837 -0.003102 0.999995
0.009531 -0.003119 0.999950
-0.003121 -0.012997 0.999911
0.013831 -0.004318 0.999895
0.016194 -0.013295 0.999780
0.013831 -0.004318 0.999895
-0.003121 -0.012997 0.999911
-0.001812 -0.003553 0.999992
0.013831 -0.004318 0.999895
-0.001812 -0.003553 0.999992
0.011931 -0.003435 0.999923
-0.001812 -0.003553 0.999992
-0.001253 -0.003949 0.999991
0.011931 -0.003435 0.999923
-0.016428 -0.116981 0.992998
-0.029153 -0.011260 0.999512
-0.003121 -0.012997 0.999911
-0.029153 -0.011260 0.999512
-0.016428 -0.116981 0.992998
-0.079107 -0.115260 0.990180
-0.001253 -0.003949 0.999991
-0.005623 -0.001799 0.999983
-0.000837 -0.003102 0.999995
-0.005623 -0.001799 0.999983
-0.001253 -0.003949 0.999991
-0.009815 -0.001905 0.999950
-0.003121 -0.012997 0.999911
-0.029153 -0.011260 0.999512
-0.016384 -0.000425 0.999866
-0.003121 -0.012997 0.999911
-0.016384 -0.000425 0.999866
-0.001812 -0.003553 0.999992
-0.001812 -0.003553 0.999992
-0.009815 -0.001905 0.999950
-0.001253 -0.003949 0.999991
-0.009815 -0.001905 0.999950
-0.001812 -0.003553 0.999992
-0.016384 -0.000425 0.999866
-0.079107 -0.115260 0.990180
-0.269221 0.004703 0.963067
-0.029153 -0.011260 0.999512
-0.269221 0.004703 0.963067
-0.079107 -0.115260 0.990180
-0.302502 -0.087523 0.949122
-0.214365 0.012762 0.976670
-0.198627 0.011098 0.980012
-0.009815 -0.001905 0.999950
-0.009815 -0.001905 0.999950
-0.198627 0.011098 0.980012
-0.005623 -0.001799 0.999983
-0.029153 -0.011260 0.999512
-0.269221 0.004703 0.963067
-0.237082 0.017422 0.971334
-0.029153 -0.011260 0.999512
-0.237082 0.017422 0.971334
-0.016384 -0.000425 0.999866
-0.016384 -0.000425 0.999866
-0.214365 0.012762 0.976670
-0.009815 -0.001905 0.999950
-0.214365 0.012762 0.976670
-0.016384 -0.000425 0.999866
-0.237082 0.017422 0.971334
-0.302502 -0.087523 0.949122
-0.539507 0.030879 0.841415
-0.269221 0.004703 0.963067
-0.539507 0.030879 0.841415
-0.302502 -0.087523 0.949122
-0.551053 -0.059818 0.832323
-0.544801 0.034420 0.837858
-0.546208 0.033537 0.836978
-0.214365 0.012762 0.976670
-0.214365 0.012762 0.976670
-0.546208 0.033537 0.836978
-0.198627 0.011098 0.980012
-0.539507 0.030879 0.841415
-0.545886 0.040394 0.836885
-0.269221 0.004703 0.963067
-0.269221 0.004703 0.963067
-0.545886 0.040394 0.836885
-0.237082 0.017422 0.971334
-0.237082 0.017422 0.971334
-0.544801 0.034420 0.837858
-0.214365 0.012762 0.976670
-0.544801 0.034420 0.837858
-0.237082 0.017422 0.971334
-0.545886 0.040394 0.836885
-0.658564 -0.068270 0.749422
-0.551053 -0.059818 0.832323
-0.598248 -0.132399 0.790297
-0.551053 -0.059818 0.832323
-0.617725 0.038149 0.785469
-0.539507 0.030879 0.841415
-0.617725 0.038149 0.785469
-0.551053 -0.059818 0.832323
-0.658564 -0.068270 0.749422
-0.539507 0.030879 0.841415
-0.638505 0.046527 0.768210
-0.545886 0.040394 0.836885
-0.638505 0.046527 0.768210
-0.539507 0.030879 0.841415
-0.617725 0.038149 0.785469
-0.638505 0.046527 0.768210
-0.667524 0.042839 0.743355
-0.545886 0.040394 0.836885
-0.545886 0.040394 0.836885
-0.667524 0.042839 0.743355
-0.544801 0.034420 0.837858
-0.544801 0.034420 0.837858
-0.687388 0.043227 0.725003
-0.546208 0.033537 0.836978
-0.687388 0.043227 0.725003
-0.544801 0.034420 0.837858
-0.667524 0.042839 0.743355
-0.995654 0.061477 0.069962
-0.996197 0.064074 0.059049
-0.996213 0.064096 0.058748
-0.996197 0.064074 0.059049
-0.995654 0.061477 0.069962
-0.995651 0.061381 0.070084
-0.687388 0.043227 0.725003
-0.547315 0.036552 0.836128
-0.546208 0.033537 0.836978
-0.547315 0.036552 0.836128
-0.687388 0.043227 0.725003
-0.696801 0.045775 0.715803
-0.704641 0.046452 0.708042
-0.715341 0.034989 0.697899
-0.541893 0.037457 0.839612
-0.547837 0.030541 0.836028
-0.541893 0.037457 0.839612
-0.715341 0.034989 0.697899
-0.541893 0.037457 0.839612
-0.547315 0.036552 0.836128
-0.696801 0.045775 0.715803
-0.696801 0.045775 0.715803
-0.704641 0.046452 0.708042
-0.541893 0.037457 0.839612
-0.997166 0.059798 0.045653
-0.996972 0.062411 0.046397
-0.996975 0.062389 0.046360
-0.997166 0.059798 0.045653
-0.996975 0.062389 0.046360
-0.997164 0.059792 0.045711
-0.996213 0.064096 0.058748
-0.996975 0.062389 0.046360
-0.996972 0.062411 0.046397
-0.996975 0.062389 0.046360
-0.996213 0.064096 0.058748
-0.996197 0.064074 0.059049
-0.997166 0.059798 0.045653
-0.997018 0.059310 0.049379
-0.997017 0.059303 0.049395
-0.997018 0.059310 0.049379
-0.997166 0.059798 0.045653
-0.997164 0.059792 0.045711
-0.547837 0.030541 0.836028
-0.715516 -0.028458 0.698017
-0.545904 -0.019952 0.837610
-0.715516 -0.028458 0.698017
-0.547837 0.030541 0.836028
-0.715341 0.034989 0.697899
-0.517205 -0.176986 0.837362
-0.545904 -0.019952 0.837610
-0.715516 -0.028458 0.698017
-0.715516 -0.028458 0.698017
-0.659417 -0.228340 0.716261
-0.517205 -0.176986 0.837362
-0.997017 0.059303 0.049395
-0.997407 0.053862 0.047736
-0.997403 0.053916 0.047758
-0.997407 0.053862 0.047736
-0.997017 0.059303 0.049395
-0.997018 0.059310 0.049379
-0.997403 0.053916 0.047758
-0.998425 -0.025477 0.049991
-0.998361 -0.027645 0.050115
-0.998425 -0.025477 0.049991
-0.997403 0.053916 0.047758
-0.997407 0.053862 0.047736
-0.998361 -0.027645 0.050115
-0.948080 -0.312581 0.058634
-0.944990 -0.321776 0.058768
-0.948080 -0.312581 0.058634
-0.998361 -0.027645 0.050115
-0.998425 -0.025477 0.049991
-0.296814 -0.627396 0.719914
-0.399761 -0.371444 0.837986
-0.499527 -0.478316 0.722278
-0.399761 -0.371444 0.837986
-0.296814 -0.627396 0.719914
-0.218188 -0.498528 0.838966
-0.399761 -0.371444 0.837986
-0.659417 -0.228340 0.716261
-0.499527 -0.478316 0.722278
-0.659417 -0.228340 0.716261
-0.399761 -0.371444 0.837986
-0.517205 -0.176986 0.837362
-0.732822 -0.678054 0.056701
-0.948080 -0.312581 0.058634
-0.737529 -0.672917 0.056866
-0.948080 -0.312581 0.058634
-0.732822 -0.678054 0.056701
-0.944990 -0.321776 0.058768
-0.218188 -0.498528 0.838966
-0.070760 -0.679932 0.729854
-0.048704 -0.531723 0.845517
-0.070760 -0.679932 0.729854
-0.218188 -0.498528 0.838966
-0.296814 -0.627396 0.719914
-0.732822 -0.678054 0.056701
-0.416589 -0.907640 0.051418
-0.419054 -0.906504 0.051425
-0.416589 -0.907640 0.051418
-0.732822 -0.678054 0.056701
-0.737529 -0.672917 0.056866
-0.048704 -0.531723 0.845517
0.137559 -0.648195 0.748947
0.126292 -0.507309 0.852460
0.137559 -0.648195 0.748947
-0.048704 -0.531723 0.845517
-0.070760 -0.679932 0.729854
-0.419054 -0.906504 0.051425
-0.091068 -0.994396 0.053699
-0.087007 -0.994754 0.053789
-0.091068 -0.994396 0.053699
-0.419054 -0.906504 0.051425
-0.416589 -0.907640 0.051418
0.126292 -0.507309 0.852460
0.365611 -0.563806 0.740575
0.321239 -0.427444 0.845042
0.365611 -0.563806 0.740575
0.126292 -0.507309 0.852460
0.137559 -0.648195 0.748947
-0.087007 -0.994754 0.053789
0.211203 -0.975625 0.059572
0.212023 -0.975447 0.059585
0.211203 -0.975625 0.059572
-0.087007 -0.994754 0.053789
-0.091068 -0.994396 0.053699
0.602002 -0.357534 0.713977
0.321239 -0.427444 0.845042
0.365611 -0.563806 0.740575
0.321239 -0.427444 0.845042
0.602002 -0.357534 0.713977
0.478245 -0.271502 0.835205
0.546427 -0.835140 0.062923
0.212023 -0.975447 0.059585
0.211203 -0.975625 0.059572
0.546427 -0.835140 0.062923
0.211203 -0.975625 0.059572
0.548803 -0.833580 0.062926
0.537703 -0.105294 0.836534
0.717582 -0.056966 0.694140
0.543235 -0.040738 0.838592
0.717582 -0.056966 0.694140
0.537703 -0.105294 0.836534
0.705317 -0.144057 0.694101
0.705317 -0.144057 0.694101
0.478245 -0.271502 0.835205
0.602002 -0.357534 0.713977
0.478245 -0.271502 0.835205
0.705317 -0.144057 0.694101
0.537703 -0.105294 0.836534
0.856696 -0.512148 0.061453
0.980510 -0.188610 0.055009
0.980055 -0.190944 0.055074
0.980510 -0.188610 0.055009
0.856696 -0.512148 0.061453
0.857368 -0.511023 0.061441
0.546427 -0.835140 0.062923
0.857368 -0.511023 0.061441
0.856696 -0.512148 0.061453
0.857368 -0.511023 0.061441
0.546427 -0.835140 0.062923
0.548803 -0.833580 0.062926
0.649110 -0.025036 0.760282
0.556432 -0.034176 0.830190
0.657048 -0.038695 0.752855
0.556432 -0.034176 0.830190
0.649110 -0.025036 0.760282
0.595694 -0.037832 0.802320
0.556432 -0.034176 0.830190
0.674992 -0.040544 0.736710
0.657048 -0.038695 0.752855
0.674992 -0.040544 0.736710
0.556432 -0.034176 0.830190
0.558417 -0.032583 0.828920
0.674992 -0.040544 0.736710
0.560276 -0.032376 0.827673
0.689074 -0.040754 0.723544
0.560276 -0.032376 0.827673
0.674992 -0.040544 0.736710
0.558417 -0.032583 0.828920
0.560276 -0.032376 0.827673
0.556041 -0.029934 0.830615
0.689074 -0.040754 0.723544
0.689074 -0.040754 0.723544
0.556041 -0.029934 0.830615
0.694931 -0.038238 0.718059
0.694931 -0.038238 0.718059
0.546682 -0.028861 0.836843
0.698450 -0.037361 0.714683
0.546682 -0.028861 0.836843
0.694931 -0.038238 0.718059
0.556041 -0.029934 0.830615
0.543235 -0.040738 0.838592
0.707442 -0.041165 0.705572
0.545716 -0.031043 0.837395
0.707442 -0.041165 0.705572
0.543235 -0.040738 0.838592
0.717582 -0.056966 0.694140
0.546682 -0.028861 0.836843
0.545716 -0.031043 0.837395
0.698450 -0.037361 0.714683
0.698450 -0.037361 0.714683
0.545716 -0.031043 0.837395
0.707442 -0.041165 0.705572
0.980055 -0.190944 0.055074
0.996013 -0.075265 0.047886
0.996035 -0.075026 0.047798
0.996013 -0.075265 0.047886
0.980055 -0.190944 0.055074
0.980510 -0.188610 0.055009
0.996035 -0.075026 0.047798
0.997173 -0.062343 0.041949
0.997189 -0.062188 0.041795
0.997173 -0.062343 0.041949
0.996035 -0.075026 0.047798
0.996013 -0.075265 0.047886
0.997189 -0.062188 0.041795
0.997353 -0.061421 0.038914
0.997352 -0.061478 0.038861
0.997353 -0.061421 0.038914
0.997189 -0.062188 0.041795
0.997173 -0.062343 0.041949
0.997352 -0.061478 0.038861
0.997448 -0.061596 0.036108
0.997453 -0.061556 0.036039
0.997448 -0.061596 0.036108
0.997352 -0.061478 0.038861
0.997353 -0.061421 0.038914
0.997451 -0.059745 0.039005
0.997230 -0.058698 0.045688
0.997223 -0.058696 0.045826
0.997230 -0.058698 0.045688
0.997451 -0.059745 0.039005
0.997453 -0.059786 0.038888
0.997538 -0.060679 0.035156
0.997453 -0.059786 0.038888
0.997451 -0.059745 0.039005
0.997453 -0.059786 0.038888
0.997538 -0.060679 0.035156
0.997538 -0.060678 0.035151
0.997453 -0.061556 0.036039
0.997538 -0.060678 0.035151
0.997538 -0.060679 0.035156
0.997538 -0.060678 0.035151
0.997453 -0.061556 0.036039
0.997448 -0.061596 0.036108
0.663072 0.004047 0.748545
0.595694 -0.037832 0.802320
0.649110 -0.025036 0.760282
0.720890 0.153107 0.675926
0.710920 0.067098 0.700065
0.720128 0.083574 0.688789
0.720128 0.083574 0.688789
0.720875 0.153310 0.675896
0.720890 0.153107 0.675926
0.620798 -0.044286 0.782719
0.720128 0.083574 0.688789
0.710920 0.067098 0.700065
0.720128 0.083574 0.688789
0.620798 -0.044286 0.782719
0.663072 0.004047 0.748545
0.997223 -0.058696 0.045826
0.997971 -0.043794 0.046208
0.997965 -0.043905 0.046234
0.997971 -0.043794 0.046208
0.997223 -0.058696 0.045826
0.997230 -0.058698 0.045688
0.712806 0.198928 0.672558
0.720890 0.153107 0.675926
0.720875 0.153310 0.675896
0.720875 0.153310 0.675896
0.712788 0.199008 0.672554
0.712806 0.198928 0.672558
-0.700369 -0.146077 0.698674
-0.598248 -0.132399 0.790297
-0.700590 -0.146310 0.698403
-0.598248 -0.132399 0.790297
-0.700369 -0.146077 0.698674
-0.658564 -0.068270 0.749422
-0.700590 -0.146310 0.698403
-0.722055 -0.136233 0.678290
-0.721704 -0.137410 0.678426
-0.700590 -0.146310 0.698403
-0.721704 -0.137410 0.678426
-0.700369 -0.146077 0.698674
-0.722055 -0.136233 0.678290
-0.737298 0.004367 0.675553
-0.737216 0.001584 0.675655
-0.737216 0.001584 0.675655
-0.721704 -0.137410 0.678426
-0.722055 -0.136233 0.678290
-0.699899 0.242273 0.671897
-0.737216 0.001584 0.675655
-0.737298 0.004367 0.675553
-0.737216 0.001584 0.675655
-0.699899 0.242273 0.671897
-0.700686 0.239973 0.671902
-0.981811 -0.183920 0.047121
-0.998902 0.008497 0.046066
-0.998906 0.008060 0.046064
-0.981811 -0.183920 0.047121
-0.998906 0.008060 0.046064
-0.981830 -0.183821 0.047116
-0.577770 0.467418 0.669106
-0.700686 0.239973 0.671902
-0.699899 0.242273 0.671897
-0.577770 0.467418 0.669106
-0.699899 0.242273 0.671897
-0.577962 0.467170 0.669113
-0.998902 0.008497 0.046066
-0.943836 0.327766 0.041741
-0.945089 0.324122 0.041851
-0.998902 0.008497 0.046066
-0.945089 0.324122 0.041851
-0.998906 0.008060 0.046064
-0.387599 0.634039 0.669150
-0.577770 0.467418 0.669106
-0.577962 0.467170 0.669113
-0.577770 0.467418 0.669106
-0.387599 0.634039 0.669150
-0.376247 0.640503 0.669473
-0.776709 0.628712 0.038006
-0.945089 0.324122 0.041851
-0.943836 0.327766 0.041741
-0.945089 0.324122 0.041851
-0.776709 0.628712 0.038006
-0.774880 0.630964 0.038024
0.658272 0.329267 0.676949
0.712806 0.198928 0.672558
0.712788 0.199008 0.672554
0.712788 0.199008 0.672554
0.656732 0.332202 0.677011
0.658272 0.329267 0.676949
0.976641 0.210696 0.042173
0.962383 0.267776 0.046000
0.962413 0.267665 0.045998
0.962383 0.267776 0.046000
0.976641 0.210696 0.042173
0.976784 0.210058 0.042049
0.517868 0.525537 0.674999
0.658272 0.329267 0.676949
0.656732 0.332202 0.677011
0.656732 0.332202 0.677011
0.521831 0.521294 0.675236
0.517868 0.525537 0.674999
0.891462 0.451057 0.042932
0.962413 0.267665 0.045998
0.962383 0.267776 0.046000
0.891462 0.451057 0.042932
0.962383 0.267776 0.046000
0.893971 0.446049 0.043081
0.324689 0.664376 0.673188
0.517868 0.525537 0.674999
0.521831 0.521294 0.675236
0.521831 0.521294 0.675236
0.315329 0.668529 0.673525
0.324689 0.664376 0.673188
0.891462 0.451057 0.042932
0.707159 0.705780 0.042431
0.702023 0.710881 0.042576
0.707159 0.705780 0.042431
0.891462 0.451057 0.042932
0.893971 0.446049 0.043081
0.324689 0.664376 0.673188
0.082405 0.735723 0.672250
0.070452 0.737491 0.671672
0.082405 0.735723 0.672250
0.324689 0.664376 0.673188
0.315329 0.668529 0.673525
0.702023 0.710881 0.042576
0.435960 0.898801 0.045784
0.427578 0.902819 0.045776
0.435960 0.898801 0.045784
0.702023 0.710881 0.042576
0.707159 0.705780 0.042431
-0.387599 0.634039 0.669150
-0.160639 0.727352 0.667199
-0.163584 0.726604 0.667298
-0.163584 0.726604 0.667298
-0.376247 0.640503 0.669473
-0.387599 0.634039 0.669150
0.082405 0.735723 0.672250
-0.163584 0.726604 0.667298
-0.160639 0.727352 0.667199
0.082405 0.735723 0.672250
-0.160639 0.727352 0.667199
0.070452 0.737491 0.671672
0.000011 -0.000049 1.000000
0.000001 0.000001 1.000000
0.000001 0.000002 1.000000
0.000001 0.000001 1.000000
0.000011 -0.000049 1.000000
0.000011 -0.000048 1.000000
-0.000001 0.000018 1.000000
0.000001 0.000001 1.000000
-0.000001 0.000017 1.000000
0.000001 0.000001 1.000000
-0.000001 0.000018 1.000000
0.000001 0.000002 1.000000
-0.981811 -0.183920 0.047121
-0.984229 -0.169062 0.052070
-0.984544 -0.167189 0.052168
-0.984229 -0.169062 0.052070
-0.981811 -0.183920 0.047121
-0.981830 -0.183821 0.047116
0.427578 0.902819 0.045776
0.100158 0.993716 0.049965
0.112683 0.992389 0.049671
0.100158 0.993716 0.049965
0.427578 0.902819 0.045776
0.435960 0.898801 0.045784
-0.776709 0.628712 0.038006
-0.511448 0.858307 0.041608
-0.506623 0.861159 0.041689
-0.776709 0.628712 0.038006
-0.506623 0.861159 0.041689
-0.774880 0.630964 0.038024
-0.511448 0.858307 0.041608
-0.212969 0.975839 0.048807
-0.210330 0.976407 0.048896
-0.511448 0.858307 0.041608
-0.210330 0.976407 0.048896
-0.506623 0.861159 0.041689
-0.212969 0.975839 0.048807
0.112683 0.992389 0.049671
0.100158 0.993716 0.049965
-0.212969 0.975839 0.048807
0.100158 0.993716 0.049965
-0.210330 0.976407 0.048896
-0.984544 -0.167189 0.052168
-0.997608 -0.035594 0.059266
-0.997688 -0.033000 0.059406
-0.997608 -0.035594 0.059266
-0.984544 -0.167189 0.052168
-0.984229 -0.169062 0.052070
-0.997688 -0.033000 0.059406
-0.996346 0.051700 0.067977
-0.996339 0.051781 0.068027
-0.996346 0.051700 0.067977
-0.997688 -0.033000 0.059406
-0.997608 -0.035594 0.059266
-0.996339 0.051781 0.068027
-0.995651 0.061381 0.070084
-0.995654 0.061477 0.069962
-0.995651 0.061381 0.070084
-0.996339 0.051781 0.068027
-0.996346 0.051700 0.067977
0.998829 0.028109 0.039375
0.989623 0.138755 0.037314
0.989272 0.141220 0.037383
0.989623 0.138755 0.037314
0.998829 0.028109 0.039375
0.998812 0.028755 0.039335
0.989272 0.141220 0.037383
0.976784 0.210058 0.042049
0.976641 0.210696 0.042173
0.976784 0.210058 0.042049
0.989272 0.141220 0.037383
0.989623 0.138755 0.037314
0.997965 -0.043905 0.046234
0.997971 -0.043794 0.046208
0.998829 0.028109 0.039375
0.998829 0.028109 0.039375
0.997971 -0.043794 0.046208
0.998812 0.028755 0.039335
-0.000149 -0.002388 -0.999997
-0.000149 -0.002388 -0.999997
-0.000149 -0.002388 -0.999997
-0.000149 -0.002388 -0.999997
-0.000149 -0.002388 -0.999997
-0.000149 -0.002388 -0.999997
0.000235 0.003888 -0.999992
0.000235 0.003888 -0.999992
0.000235 0.003888 -0.999992
0.000235 0.003888 -0.999992
0.000235 0.003888 -0.999992
0.000235 0.003888 -0.999992
-0.000124 -0.001973 -0.999998
-0.000124 -0.001973 -0.999998
-0.000124 -0.001973 -0.999998
-0.000124 -0.001973 -0.999998
-0.000124 -0.001973 -0.999998
-0.000124 -0.001973 -0.999998
0.000118 0.002004 -0.999998
0.000118 0.002004 -0.999998
0.000118 0.002004 -0.999998
0.000118 0.002004 -0.999998
0.000118 0.002004 -0.999998
0.000118 0.002004 -0.999998
-0.000003 0.000019 -1.000000
-0.000003 0.000019 -1.000000
-0.000003 0.000019 -1.000000
-0.000003 0.000019 -1.000000
-0.000003 0.000019 -1.000000
-0.000003 0.000019 -1.000000
-0.000183 -0.012512 -0.999922
-0.000183 -0.012512 -0.999922
-0.000183 -0.012512 -0.999922
-0.000183 -0.012512 -0.999922
-0.000183 -0.012512 -0.999922
-0.000183 -0.012512 -0.999922
-0.000872 0.004846 -0.999988
-0.000872 0.004846 -0.999988
-0.000872 0.004846 -0.999988
-0.000872 0.004846 -0.999988
-0.000872 0.004846 -0.999988
-0.000872 0.004846 -0.999988
0.002509 -0.004383 -0.999987
0.002509 -0.004383 -0.999987
0.002509 -0.004383 -0.999987
0.002509 -0.004383 -0.999987
0.002509 -0.004383 -0.999987
0.002509 -0.004383 -0.999987
-0.006723 0.004801 -0.999966
-0.006723 0.004801 -0.999966
-0.006723 0.004801 -0.999966
-0.006723 0.004801 -0.999966
-0.006723 0.004801 -0.999966
-0.006723 0.004801 -0.999966
-0.002141 0.000484 -0.999998
-0.002141 0.000484 -0.999998
-0.002141 0.000484 -0.999998
-0.002141 0.000484 -0.999998
-0.002141 0.000484 -0.999998
-0.002141 0.000484 -0.999998
0.000006 -0.000090 -1.000000
0.000006 -0.000090 -1.000000
0.000006 -0.000090 -1.000000
0.000006 -0.000090 -1.000000
0.000006 -0.000090 -1.000000
0.000006 -0.000090 -1.000000
0.004964 0.002000 -0.999986
0.004964 0.002000 -0.999986
0.004964 0.002000 -0.999986
0.004964 0.002000 -0.999986
0.004964 0.002000 -0.999986
0.004964 0.002000 -0.999986
-0.001296 -0.001442 -0.999998
-0.001296 -0.001442 -0.999998
-0.001296 -0.001442 -0.999998
-0.001296 -0.001442 -0.999998
-0.001296 -0.001442 -0.999998
-0.001296 -0.001442 -0.999998
0.000388 0.000946 -1.000000
0.000388 0.000946 -1.000000
0.000388 0.000946 -0.999999
0.000388 0.000946 -1.000000
0.000388 0.000946 -1.000000
0.000388 0.000946 -0.999999
-0.000481 -0.003661 -0.999993
-0.000481 -0.003661 -0.999993
-0.000481 -0.003661 -0.999993
-0.000481 -0.003661 -0.999993
-0.000481 -0.003661 -0.999993
-0.000481 -0.003661 -0.999993
0.000170 0.002537 -0.999997
0.000170 0.002537 -0.999997
0.000170 0.002537 -0.999997
0.000170 0.002537 -0.999997
0.000170 0.002537 -0.999997
0.000170 0.002537 -0.999997
-0.000065 -0.001003 -1.000000
-0.000065 -0.001003 -1.000000
-0.000065 -0.001003 -1.000000
-0.000065 -0.001003 -1.000000
-0.000065 -0.001003 -1.000000
-0.000065 -0.001003 -0.999999
0.000287 0.004744 -0.999989
0.000287 0.004744 -0.999989
0.000287 0.004744 -0.999989
0.000287 0.004744 -0.999989
0.000287 0.004744 -0.999989
0.000287 0.004744 -0.999989
-0.000326 -0.005275 -0.999986
-0.000326 -0.005275 -0.999986
-0.000326 -0.005275 -0.999986
-0.000326 -0.005275 -0.999986
-0.000326 -0.005275 -0.999986
-0.000326 -0.005275 -0.999986
-0.000029 -0.000423 -1.000000
-0.000029 -0.000423 -1.000000
-0.000029 -0.000423 -1.000000
-0.000029 -0.000423 -1.000000
-0.000029 -0.000423 -1.000000
-0.000029 -0.000423 -1.000000
-0.000095 -0.001521 -0.999999
-0.000095 -0.001521 -0.999999
-0.000095 -0.001521 -0.999999
-0.000095 -0.001521 -0.999999
-0.000095 -0.001521 -0.999999
-0.000095 -0.001521 -0.999999
0.000145 0.002914 -0.999996
0.000145 0.002914 -0.999996
0.000145 0.002914 -0.999996
0.000145 0.002914 -0.999996
0.000145 0.002914 -0.999996
0.000145 0.002914 -0.999996
-0.000030 -0.004145 -0.999991
-0.000030 -0.004145 -0.999991
-0.000030 -0.004145 -0.999991
-0.000030 -0.004145 -0.999991
-0.000030 -0.004145 -0.999991
-0.000030 -0.004145 -0.999991
-0.000376 0.004245 -0.999991
-0.000376 0.004245 -0.999991
-0.000376 0.004245 -0.999991
-0.000376 0.004245 -0.999991
-0.000376 0.004245 -0.999991
-0.000376 0.004245 -0.999991
0.000728 -0.004276 -0.999991
0.000728 -0.004276 -0.999991
0.000728 -0.004276 -0.999991
0.000728 -0.004276 -0.999991
0.000728 -0.004276 -0.999991
0.000728 -0.004276 -0.999991
0.000064 -0.000385 -1.000000
0.000064 -0.000385 -1.000000
0.000064 -0.000385 -1.000000
0.000064 -0.000385 -1.000000
0.000064 -0.000385 -1.000000
0.000064 -0.000385 -1.000000
-0.000040 -0.000011 -1.000000
-0.000040 -0.000011 -1.000000
-0.000040 -0.000011 -1.000000
-0.000040 -0.000011 -1.000000
-0.000040 -0.000011 -1.000000
-0.000040 -0.000011 -1.000000
-0.000500 0.000591 -1.000000
-0.000500 0.000591 -1.000000
-0.000500 0.000591 -1.000000
-0.000500 0.000591 -1.000000
-0.000500 0.000591 -1.000000
-0.000500 0.000591 -1.000000
0.000060 -0.000140 -1.000000
0.000060 -0.000140 -1.000000
0.000060 -0.000140 -1.000000
0.000060 -0.000140 -1.000000
0.000060 -0.000140 -1.000000
0.000060 -0.000140 -1.000000
-0.001141 0.000231 -0.999999
-0.001141 0.000231 -0.999999
-0.001141 0.000231 -0.999999
-0.001141 0.000231 -0.999999
-0.001141 0.000231 -0.999999
-0.001141 0.000231 -0.999999
-0.008116 -0.000542 -0.999967
-0.008116 -0.000542 -0.999967
-0.008116 -0.000542 -0.999967
-0.008116 -0.000542 -0.999967
-0.008116 -0.000542 -0.999967
-0.008116 -0.000542 -0.999967
0.008103 0.003095 -0.999962
0.008103 0.003095 -0.999962
0.008103 0.003095 -0.999962
0.008103 0.003095 -0.999962
0.008103 0.003095 -0.999962
0.008103 0.003095 -0.999962
-0.001275 -0.001180 -0.999999
-0.001275 -0.001180 -0.999998
-0.001275 -0.001180 -0.999998
-0.001275 -0.001180 -0.999998
-0.001275 -0.001180 -0.999999
-0.001275 -0.001180 -0.999999
0.001201 0.002079 -0.999997
0.001201 0.002079 -0.999997
0.001201 0.002079 -0.999997
0.001201 0.002079 -0.999997
0.001201 0.002079 -0.999997
0.001201 0.002079 -0.999997
0.000127 0.000689 -1.000000
0.000127 0.000689 -1.000000
0.000127 0.000689 -1.000000
0.000127 0.000689 -1.000000
0.000127 0.000689 -1.000000
0.000127 0.000689 -1.000000
-0.000063 0.000531 -1.000000
-0.000063 0.000531 -1.000000
-0.000063 0.000531 -1.000000
-0.000063 0.000531 -1.000000
-0.000063 0.000531 -1.000000
-0.000063 0.000531 -1.000000
0.000099 -0.000694 -1.000000
0.000099 -0.000694 -1.000000
0.000099 -0.000694 -1.000000
0.000099 -0.000694 -1.000000
0.000099 -0.000694 -1.000000
0.000099 -0.000694 -1.000000
-0.000254 0.002314 -0.999997
-0.000254 0.002314 -0.999997
-0.000254 0.002314 -0.999997
-0.000254 0.002314 -0.999997
-0.000254 0.002314 -0.999997
-0.000254 0.002314 -0.999997
-0.000035 -0.002717 -0.999996
-0.000035 -0.002717 -0.999996
-0.000035 -0.002717 -0.999996
-0.000035 -0.002717 -0.999996
-0.000035 -0.002717 -0.999996
-0.000035 -0.002717 -0.999996
0.000037 0.000700 -1.000000
0.000037 0.000700 -1.000000
0.000037 0.000700 -1.000000
0.000037 0.000700 -1.000000
0.000037 0.000700 -1.000000
0.000037 0.000700 -1.000000
-0.998486 0.034962 -0.042465
-0.993235 -0.067835 -0.094252
-0.999347 0.022061 -0.028627
-0.993235 -0.067835 -0.094252
-0.998486 0.034962 -0.042465
-0.990684 -0.024568 -0.133944
-0.998489 0.034950 0.042416
-0.993239 -0.067753 0.094265
-0.990679 -0.024574 0.133986
-0.993239 -0.067753 0.094265
-0.998489 0.034950 0.042416
-0.999346 0.022102 0.028636
-0.999347 0.022061 -0.028627
-0.995198 -0.089817 -0.038915
-0.999726 0.020861 -0.010631
-0.995198 -0.089817 -0.038915
-0.999347 0.022061 -0.028627
-0.993235 -0.067835 -0.094252
-0.993239 -0.067753 0.094265
-0.999346 0.022102 0.028636
-0.995202 -0.089780 0.038894
-0.995202 -0.089780 0.038894
-0.999346 0.022102 0.028636
-0.999725 0.020902 0.010643
-0.996246 -0.086432 0.004841
-0.999725 0.020902 0.010643
-0.999709 0.024056 0.001594
-0.999725 0.020902 0.010643
-0.996246 -0.086432 0.004841
-0.995202 -0.089780 0.038894
-0.995198 -0.089817 -0.038915
-0.996246 -0.086428 -0.004854
-0.999726 0.020861 -0.010631
-0.999726 0.020861 -0.010631
-0.996246 -0.086428 -0.004854
-0.999709 0.024047 -0.001605
-0.996246 -0.086428 -0.004854
-0.996488 -0.083732 0.000000
-0.999709 0.024047 -0.001605
-0.999709 0.024047 -0.001605
-0.996488 -0.083732 0.000000
-0.999694 0.024722 0.000000
-0.996488 -0.083732 0.000000
-0.999709 0.024056 0.001594
-0.999694 0.024722 0.000000
-0.999709 0.024056 0.001594
-0.996488 -0.083732 0.000000
-0.996246 -0.086432 0.004841
-0.996934 0.060937 0.049079
-0.986231 0.060761 0.153806
-0.997004 0.060487 0.048203
-0.986231 0.060761 0.153806
-0.996934 0.060937 0.049079
-0.986555 0.058412 0.152632
-0.996911 0.061042 -0.049425
-0.986257 0.059844 -0.153996
-0.986542 0.058619 -0.152641
-0.986257 0.059844 -0.153996
-0.996911 0.061042 -0.049425
-0.997058 0.060006 -0.047701
-0.981198 0.131706 0.141082
-0.994810 0.096217 0.033107
-0.995386 0.082887 0.048348
-0.994810 0.096217 0.033107
-0.981198 0.131706 0.141082
-0.978966 0.177767 0.100125
-0.994856 0.095975 -0.032392
-0.981066 0.132827 -0.140950
-0.995499 0.082727 -0.046243
-0.981066 0.132827 -0.140950
-0.994856 0.095975 -0.032392
-0.978826 0.178657 -0.099904
-0.978966 0.177767 0.100125
-0.976131 0.212251 0.046014
-0.994587 0.103106 0.012896
-0.978966 0.177767 0.100125
-0.994587 0.103106 0.012896
-0.994810 0.096217 0.033107
-0.978826 0.178657 -0.099904
-0.994639 0.102614 -0.012813
-0.976010 0.212765 -0.046218
-0.994639 0.102614 -0.012813
-0.978826 0.178657 -0.099904
-0.994856 0.095975 -0.032392
-0.998135 0.061050 -0.000029
-0.994810 0.096217 0.033107
-0.998134 0.061054 -0.000035
-0.994587 0.103106 0.012896
-0.998134 0.061054 -0.000035
-0.994810 0.096217 0.033107
-0.998135 0.061039 0.000033
-0.994856 0.095975 -0.032392
-0.998134 0.061056 0.000024
-0.994856 0.095975 -0.032392
-0.998135 0.061039 0.000033
-0.994639 0.102614 -0.012813
-0.976135 0.217038 0.007441
-0.994587 0.103106 0.012896
-0.976131 0.212251 0.046014
-0.994587 0.103106 0.012896
-0.976135 0.217038 0.007441
-0.994817 0.101663 0.001755
-0.998136 0.061036 0.000003
-0.999709 0.024056 0.001594
-0.999725 0.020902 0.010643
-0.998136 0.061036 0.000003
-0.999725 0.020902 0.010643
-0.998137 0.061016 -0.000006
-0.976069 0.217339 -0.007343
-0.994639 0.102614 -0.012813
-0.994835 0.101495 -0.001613
-0.994639 0.102614 -0.012813
-0.976069 0.217339 -0.007343
-0.976010 0.212765 -0.046218
-0.999726 0.020861 -0.010631
-0.998136 0.061032 -0.000001
-0.998137 0.061016 0.000016
-0.998136 0.061032 -0.000001
-0.999726 0.020861 -0.010631
-0.999709 0.024047 -0.001605
-0.998134 0.061054 -0.000008
-0.998136 0.061036 0.000003
-0.998137 0.061016 -0.000006
-0.998134 0.061054 -0.000008
-0.998137 0.061016 -0.000006
-0.998134 0.061054 -0.000035
-0.998134 0.061054 -0.000035
-0.994587 0.103106 0.012896
-0.998134 0.061054 -0.000008
-0.994817 0.101663 0.001755
-0.998134 0.061054 -0.000008
-0.994587 0.103106 0.012896
-0.998137 0.061016 0.000016
-0.998135 0.061044 0.000016
-0.998135 0.061039 0.000033
-0.998135 0.061044 0.000016
-0.998137 0.061016 0.000016
-0.998136 0.061032 -0.000001
-0.994639 0.102614 -0.012813
-0.998135 0.061044 0.000016
-0.994835 0.101495 -0.001613
-0.998135 0.061044 0.000016
-0.994639 0.102614 -0.012813
-0.998135 0.061039 0.000033
-0.994835 0.101495 -0.001613
-0.976975 0.213355 0.000002
-0.976069 0.217339 -0.007343
-0.976975 0.213355 0.000002
-0.994835 0.101495 -0.001613
-0.994873 0.101135 0.000004
-0.994873 0.101135 0.000004
-0.994817 0.101663 0.001755
-0.976975 0.213355 0.000002
-0.976975 0.213355 0.000002
-0.994817 0.101663 0.001755
-0.976135 0.217038 0.007441
-0.999709 0.024047 -0.001605
-0.998135 0.061046 0.000000
-0.998136 0.061032 -0.000001
-0.998135 0.061046 0.000000
-0.999709 0.024047 -0.001605
-0.999694 0.024722 0.000000
-0.999709 0.024056 0.001594
-0.998135 0.061046 0.000000
-0.999694 0.024722 0.000000
-0.998135 0.061046 0.000000
-0.999709 0.024056 0.001594
-0.998136 0.061036 0.000003
-0.998135 0.061046 0.000000
-0.998134 0.061054 -0.000008
-0.998135 0.061052 0.000003
-0.998134 0.061054 -0.000008
-0.998135 0.061046 0.000000
-0.998136 0.061036 0.000003
-0.998135 0.061046 0.000000
-0.998135 0.061044 0.000016
-0.998136 0.061032 -0.000001
-0.998135 0.061044 0.000016
-0.998135 0.061046 0.000000
-0.998135 0.061052 0.000003
-0.994817 0.101663 0.001755
-0.994873 0.101135 0.000004
-0.998135 0.061052 0.000003
-0.998135 0.061052 0.000003
-0.998134 0.061054 -0.000008
-0.994817 0.101663 0.001755
-0.994835 0.101495 -0.001613
-0.998135 0.061052 0.000003
-0.994873 0.101135 0.000004
-0.998135 0.061052 0.000003
-0.994835 0.101495 -0.001613
-0.998135 0.061044 0.000016
-0.986257 0.059844 -0.153996
-0.996549 0.067433 -0.048395
-0.984890 0.082330 -0.152359
-0.996549 0.067433 -0.048395
-0.986257 0.059844 -0.153996
-0.997058 0.060006 -0.047701
-0.996549 0.067433 -0.048395
-0.997058 0.060006 -0.047701
-0.998134 0.061056 0.000024
-0.998134 0.061056 0.000024
-0.994856 0.095975 -0.032392
-0.995499 0.082727 -0.046243
-0.998134 0.061056 0.000024
-0.995499 0.082727 -0.046243
-0.996549 0.067433 -0.048395
-0.984890 0.082330 -0.152359
-0.995499 0.082727 -0.046243
-0.981066 0.132827 -0.140950
-0.995499 0.082727 -0.046243
-0.984890 0.082330 -0.152359
-0.996549 0.067433 -0.048395
-0.998136 0.061030 0.000048
-0.998135 0.061039 0.000033
-0.998134 0.061056 0.000024
-0.998135 0.061039 0.000033
-0.998136 0.061030 0.000048
-0.998137 0.061016 0.000016
-0.997004 0.060487 0.048203
-0.986231 0.060761 0.153806
-0.996407 0.068138 0.050307
-0.996407 0.068138 0.050307
-0.986231 0.060761 0.153806
-0.984879 0.082933 0.152102
-0.998135 0.061050 -0.000029
-0.997004 0.060487 0.048203
-0.996407 0.068138 0.050307
-0.998135 0.061050 -0.000029
-0.995386 0.082887 0.048348
-0.994810 0.096217 0.033107
-0.995386 0.082887 0.048348
-0.998135 0.061050 -0.000029
-0.996407 0.068138 0.050307
-0.995386 0.082887 0.048348
-0.996407 0.068138 0.050307
-0.984879 0.082933 0.152102
-0.984879 0.082933 0.152102
-0.981198 0.131706 0.141082
-0.995386 0.082887 0.048348
-0.998134 0.061054 -0.000035
-0.998137 0.061016 -0.000006
-0.998136 0.061024 -0.000029
-0.998134 0.061054 -0.000035
-0.998136 0.061024 -0.000029
-0.998135 0.061050 -0.000029
-0.998486 0.034962 -0.042465
-0.998136 0.061030 0.000048
-0.997634 0.053293 -0.043444
-0.998136 0.061030 0.000048
-0.998486 0.034962 -0.042465
-0.999347 0.022061 -0.028627
-0.998486 0.034962 -0.042465
-0.988334 0.030080 -0.149301
-0.990684 -0.024568 -0.133944
-0.988334 0.030080 -0.149301
-0.998486 0.034962 -0.042465
-0.997634 0.053293 -0.043444
-0.986542 0.058619 -0.152641
-0.988334 0.030080 -0.149301
-0.997634 0.053293 -0.043444
-0.986542 0.058619 -0.152641
-0.997634 0.053293 -0.043444
-0.996911 0.061042 -0.049425
-0.998136 0.061030 0.000048
-0.996911 0.061042 -0.049425
-0.997634 0.053293 -0.043444
-0.999347 0.022061 -0.028627
-0.998137 0.061016 0.000016
-0.998136 0.061030 0.000048
-0.998137 0.061016 0.000016
-0.999347 0.022061 -0.028627
-0.999726 0.020861 -0.010631
-0.996911 0.061042 -0.049425
-0.998134 0.061056 0.000024
-0.997058 0.060006 -0.047701
-0.998134 0.061056 0.000024
-0.996911 0.061042 -0.049425
-0.998136 0.061030 0.000048
-0.998136 0.061024 -0.000029
-0.999346 0.022102 0.028636
-0.998489 0.034950 0.042416
-0.998136 0.061024 -0.000029
-0.998489 0.034950 0.042416
-0.997651 0.053140 0.043237
-0.998489 0.034950 0.042416
-0.988341 0.029778 0.149318
-0.997651 0.053140 0.043237
-0.988341 0.029778 0.149318
-0.998489 0.034950 0.042416
-0.990679 -0.024574 0.133986
-0.997651 0.053140 0.043237
-0.986555 0.058412 0.152632
-0.996934 0.060937 0.049079
-0.986555 0.058412 0.152632
-0.997651 0.053140 0.043237
-0.988341 0.029778 0.149318
-0.997651 0.053140 0.043237
-0.996934 0.060937 0.049079
-0.998136 0.061024 -0.000029
-0.998137 0.061016 -0.000006
-0.999725 0.020902 0.010643
-0.999346 0.022102 0.028636
-0.998137 0.061016 -0.000006
-0.999346 0.022102 0.028636
-0.998136 0.061024 -0.000029
-0.996934 0.060937 0.049079
-0.998135 0.061050 -0.000029
-0.998136 0.061024 -0.000029
-0.998135 0.061050 -0.000029
-0.996934 0.060937 0.049079
-0.997004 0.060487 0.048203
-0.996246 -0.086428 -0.004854
-0.987788 -0.155804 0.000000
-0.996488 -0.083732 0.000000
-0.987788 -0.155804 0.000000
-0.996246 -0.086428 -0.004854
-0.987366 -0.158322 -0.006536
-0.987788 -0.155804 0.000000
-0.996246 -0.086432 0.004841
-0.996488 -0.083732 0.000000
-0.996246 -0.086432 0.004841
-0.987788 -0.155804 0.000000
-0.987362 -0.158345 0.006526
-0.986542 0.058619 -0.152641
-0.976071 0.060436 -0.208887
-0.976607 0.056353 -0.207518
-0.976071 0.060436 -0.208887
-0.986542 0.058619 -0.152641
-0.986257 0.059844 -0.153996
-0.986555 0.058412 0.152632
-0.976254 0.061257 0.207789
-0.986231 0.060761 0.153806
-0.976254 0.061257 0.207789
-0.986555 0.058412 0.152632
-0.976486 0.056133 0.208146
-0.958409 0.285399 -0.000000
-0.957655 0.287688 -0.011537
-0.976069 0.217339 -0.007343
-0.976069 0.217339 -0.007343
-0.976975 0.213355 0.000002
-0.958409 0.285399 -0.000000
-0.958409 0.285399 -0.000000
-0.976135 0.217038 0.007441
-0.957916 0.286820 0.011477
-0.976135 0.217038 0.007441
-0.958409 0.285399 -0.000000
-0.976975 0.213355 0.000002
-0.965078 0.224793 -0.134509
-0.981066 0.132827 -0.140950
-0.978826 0.178657 -0.099904
-0.981066 0.132827 -0.140950
-0.965078 0.224793 -0.134509
-0.970362 0.157014 -0.183695
-0.965615 0.222880 0.133836
-0.981198 0.131706 0.141082
-0.971152 0.154972 0.181239
-0.981198 0.131706 0.141082
-0.965615 0.222880 0.133836
-0.978966 0.177767 0.100125
-0.973848 0.092106 -0.207696
-0.981066 0.132827 -0.140950
-0.970362 0.157014 -0.183695
-0.981066 0.132827 -0.140950
-0.973848 0.092106 -0.207696
-0.984890 0.082330 -0.152359
-0.976071 0.060436 -0.208887
-0.984890 0.082330 -0.152359
-0.973848 0.092106 -0.207696
-0.984890 0.082330 -0.152359
-0.976071 0.060436 -0.208887
-0.986257 0.059844 -0.153996
-0.981198 0.131706 0.141082
-0.984879 0.082933 0.152102
-0.974641 0.092045 0.203966
-0.974641 0.092045 0.203966
-0.971152 0.154972 0.181239
-0.981198 0.131706 0.141082
-0.976254 0.061257 0.207789
-0.984879 0.082933 0.152102
-0.986231 0.060761 0.153806
-0.984879 0.082933 0.152102
-0.976254 0.061257 0.207789
-0.974641 0.092045 0.203966
-0.957655 0.287688 -0.011537
-0.959893 0.272997 -0.063864
-0.976010 0.212765 -0.046218
-0.976010 0.212765 -0.046218
-0.976069 0.217339 -0.007343
-0.957655 0.287688 -0.011537
-0.976010 0.212765 -0.046218
-0.965078 0.224793 -0.134509
-0.978826 0.178657 -0.099904
-0.965078 0.224793 -0.134509
-0.976010 0.212765 -0.046218
-0.959893 0.272997 -0.063864
-0.957916 0.286820 0.011477
-0.976131 0.212251 0.046014
-0.960365 0.271443 0.063385
-0.976131 0.212251 0.046014
-0.957916 0.286820 0.011477
-0.976135 0.217038 0.007441
-0.965615 0.222880 0.133836
-0.960365 0.271443 0.063385
-0.976131 0.212251 0.046014
-0.965615 0.222880 0.133836
-0.976131 0.212251 0.046014
-0.978966 0.177767 0.100125
-0.995198 -0.089817 -0.038915
-0.987366 -0.158322 -0.006536
-0.996246 -0.086428 -0.004854
-0.987366 -0.158322 -0.006536
-0.995198 -0.089817 -0.038915
-0.987026 -0.151048 -0.054441
-0.987362 -0.158345 0.006526
-0.995202 -0.089780 0.038894
-0.996246 -0.086432 0.004841
-0.995202 -0.089780 0.038894
-0.987362 -0.158345 0.006526
-0.987028 -0.151046 0.054404
-0.985081 -0.113790 0.129105
-0.982017 -0.053967 0.180915
-0.990679 -0.024574 0.133986
-0.990679 -0.024574 0.133986
-0.993239 -0.067753 0.094265
-0.985081 -0.113790 0.129105
-0.990684 -0.024568 -0.133944
-0.978844 0.015869 -0.203989
-0.982040 -0.053931 -0.180802
-0.978844 0.015869 -0.203989
-0.990684 -0.024568 -0.133944
-0.988334 0.030080 -0.149301
-0.976607 0.056353 -0.207518
-0.978844 0.015869 -0.203989
-0.988334 0.030080 -0.149301
-0.976607 0.056353 -0.207518
-0.988334 0.030080 -0.149301
-0.986542 0.058619 -0.152641
-0.990679 -0.024574 0.133986
-0.978779 0.015527 0.204328
-0.988341 0.029778 0.149318
-0.978779 0.015527 0.204328
-0.990679 -0.024574 0.133986
-0.982017 -0.053967 0.180915
-0.988341 0.029778 0.149318
-0.976486 0.056133 0.208146
-0.986555 0.058412 0.152632
-0.976486 0.056133 0.208146
-0.988341 0.029778 0.149318
-0.978779 0.015527 0.204328
-0.993235 -0.067835 -0.094252
-0.987026 -0.151048 -0.054441
-0.995198 -0.089817 -0.038915
-0.987026 -0.151048 -0.054441
-0.993235 -0.067835 -0.094252
-0.985077 -0.113859 -0.129071
-0.990684 -0.024568 -0.133944
-0.985077 -0.113859 -0.129071
-0.993235 -0.067835 -0.094252
-0.985077 -0.113859 -0.129071
-0.990684 -0.024568 -0.133944
-0.982040 -0.053931 -0.180802
-0.998131 0.061102 -0.000280
-0.998135 0.061041 -0.000074
-0.998142 0.060935 -0.000119
-0.987028 -0.151046 0.054404
-0.985081 -0.113790 0.129105
-0.993239 -0.067753 0.094265
-0.987028 -0.151046 0.054404
-0.993239 -0.067753 0.094265
-0.995202 -0.089780 0.038894
-0.998144 0.060893 0.000064
-0.998134 0.061054 0.000012
-0.998134 0.061066 0.000110
-0.998121 0.061278 0.000195
-0.998131 0.061104 0.000000
-0.998121 0.061281 0.000199
-0.998131 0.061104 0.000000
-0.998121 0.061278 0.000195
-0.998131 0.061104 0.000000
-0.661648 0.749405 -0.024776
-0.896508 0.443028 0.000008
-0.894095 0.447668 -0.013674
-0.896508 0.443028 0.000008
-0.661648 0.749405 -0.024776
-0.660272 0.751027 0.000016
-0.998131 0.061104 0.000000
-0.998126 0.061194 -0.000112
-0.998131 0.061104 0.000000
-0.998131 0.061104 0.000000
-0.998126 0.061194 -0.000112
-0.998126 0.061195 -0.000115
-0.661657 0.749383 0.025207
-0.896508 0.443028 0.000008
-0.660272 0.751027 0.000016
-0.896508 0.443028 0.000008
-0.661657 0.749383 0.025207
-0.894671 0.446505 0.014047
-0.998111 0.061427 0.000577
-0.998113 0.061405 -0.000396
-0.998121 0.061281 0.000199
-0.998113 0.061405 -0.000396
-0.998121 0.061278 0.000195
-0.998121 0.061281 0.000199
-0.894095 0.447668 -0.013674
-0.896893 0.437259 -0.066240
-0.673854 0.728345 -0.124232
-0.673854 0.728345 -0.124232
-0.661648 0.749405 -0.024776
-0.894095 0.447668 -0.013674
-0.998126 0.061195 -0.000115
-0.998122 0.061258 0.000239
-0.998125 0.061211 -0.000133
-0.998122 0.061258 0.000239
-0.998126 0.061195 -0.000115
-0.998126 0.061194 -0.000112
-0.894671 0.446505 0.014047
-0.675006 0.726977 0.125983
-0.899141 0.432627 0.066184
-0.675006 0.726977 0.125983
-0.894671 0.446505 0.014047
-0.661657 0.749383 0.025207
-0.998112 0.061409 0.000457
-0.998113 0.061405 -0.000396
-0.998111 0.061427 0.000577
-0.998125 0.061211 -0.000133
-0.998122 0.061258 0.000239
-0.998127 0.061178 0.000019
-0.685443 0.664689 -0.297249
-0.673854 0.728345 -0.124232
-0.896893 0.437259 -0.066240
-0.685443 0.664689 -0.297249
-0.896893 0.437259 -0.066240
-0.903518 0.395255 -0.165617
-0.899141 0.432627 0.066184
-0.687386 0.662180 0.298360
-0.908150 0.385860 0.162405
-0.687386 0.662180 0.298360
-0.899141 0.432627 0.066184
-0.675006 0.726977 0.125983
-0.998112 0.061409 0.000457
-0.998115 0.061374 0.000310
-0.998145 0.060882 -0.000280
-0.998115 0.061374 0.000310
-0.998112 0.061409 0.000457
-0.998111 0.061427 0.000577
-0.998128 0.061153 -0.000070
-0.998127 0.061178 0.000019
-0.998127 0.061179 0.000013
-0.998127 0.061178 0.000019
-0.998128 0.061153 -0.000070
-0.998125 0.061211 -0.000133
-0.685443 0.664689 -0.297249
-0.901502 0.338744 -0.269344
-0.684112 0.550117 -0.478917
-0.901502 0.338744 -0.269344
-0.685443 0.664689 -0.297249
-0.903518 0.395255 -0.165617
-0.908415 0.327814 0.259462
-0.908150 0.385860 0.162405
-0.687386 0.662180 0.298360
-0.908415 0.327814 0.259462
-0.687386 0.662180 0.298360
-0.683958 0.550551 0.478638
-0.998131 0.061102 -0.000280
-0.998131 0.061105 -0.000219
-0.998173 0.060424 -0.000668
-0.998148 0.060833 0.000367
-0.998138 0.061002 0.000227
-0.998134 0.061066 0.000110
-0.901502 0.338744 -0.269344
-0.697325 0.391738 -0.600232
-0.684112 0.550117 -0.478917
-0.697325 0.391738 -0.600232
-0.901502 0.338744 -0.269344
-0.904759 0.252617 -0.342922
-0.704849 0.208272 -0.678093
-0.697325 0.391738 -0.600232
-0.904759 0.252617 -0.342922
-0.904759 0.252617 -0.342922
-0.913467 0.150339 -0.378121
-0.704849 0.208272 -0.678093
-0.702218 0.388159 0.596844
-0.908415 0.327814 0.259462
-0.683958 0.550551 0.478638
-0.908415 0.327814 0.259462
-0.702218 0.388159 0.596844
-0.913996 0.242809 0.325046
-0.923335 0.145140 0.355510
-0.702218 0.388159 0.596844
-0.717183 0.204078 0.666333
-0.702218 0.388159 0.596844
-0.923335 0.145140 0.355510
-0.913996 0.242809 0.325046
-0.913467 0.150339 -0.378121
-0.915875 0.077569 -0.393898
-0.706008 0.082885 -0.703337
-0.913467 0.150339 -0.378121
-0.706008 0.082885 -0.703337
-0.704849 0.208272 -0.678093
-0.717183 0.204078 0.666333
-0.720307 0.083066 0.688664
-0.925319 0.077228 0.371243
-0.925319 0.077228 0.371243
-0.923335 0.145140 0.355510
-0.717183 0.204078 0.666333
-0.611116 0.747938 -0.259087
-0.626971 0.623057 -0.467662
-0.890364 0.377763 -0.254061
-0.611116 0.747938 -0.259087
-0.890364 0.377763 -0.254061
-0.884973 0.446251 -0.132977
-0.896344 0.370418 0.243635
-0.614713 0.746871 0.253596
-0.886209 0.444942 0.129077
-0.614713 0.746871 0.253596
-0.896344 0.370418 0.243635
-0.634377 0.620780 0.460649
-0.652133 0.510503 -0.560455
-0.890364 0.377763 -0.254061
-0.626971 0.623057 -0.467662
-0.890364 0.377763 -0.254061
-0.652133 0.510503 -0.560455
-0.901499 0.308137 -0.303893
-0.663981 0.504970 0.551484
-0.896344 0.370418 0.243635
-0.910940 0.295808 0.287551
-0.896344 0.370418 0.243635
-0.663981 0.504970 0.551484
-0.634377 0.620780 0.460649
-0.652133 0.510503 -0.560455
-0.659551 0.408795 -0.630777
-0.908113 0.251873 -0.334502
-0.908113 0.251873 -0.334502
-0.901499 0.308137 -0.303893
-0.652133 0.510503 -0.560455
-0.918856 0.240823 0.312582
-0.663981 0.504970 0.551484
-0.910940 0.295808 0.287551
-0.663981 0.504970 0.551484
-0.918856 0.240823 0.312582
-0.669934 0.403939 0.622914
-0.659551 0.408795 -0.630777
-0.664769 0.245657 -0.705503
-0.910328 0.168182 -0.378178
-0.910328 0.168182 -0.378178
-0.908113 0.251873 -0.334502
-0.659551 0.408795 -0.630777
-0.669934 0.403939 0.622914
-0.921227 0.162145 0.353623
-0.671275 0.245278 0.699448
-0.921227 0.162145 0.353623
-0.669934 0.403939 0.622914
-0.918856 0.240823 0.312582
-0.998132 0.061093 -0.000651
-0.998234 0.059401 -0.000973
-0.998174 0.060406 -0.000875
-0.998234 0.059401 -0.000973
-0.998132 0.061093 -0.000651
-0.998124 0.061222 0.000750
-0.998126 0.061186 0.000252
-0.998147 0.060848 0.000450
-0.998111 0.061437 -0.000409
-0.998147 0.060848 0.000450
-0.998126 0.061186 0.000252
-0.998141 0.060943 0.000349
-0.915875 0.077569 -0.393898
-0.912308 0.084469 -0.400698
-0.684570 0.091325 -0.723204
-0.915875 0.077569 -0.393898
-0.684570 0.091325 -0.723204
-0.706008 0.082885 -0.703337
-0.912308 0.084469 -0.400698
-0.910328 0.168182 -0.378178
-0.664769 0.245657 -0.705503
-0.912308 0.084469 -0.400698
-0.664769 0.245657 -0.705503
-0.684570 0.091325 -0.723204
-0.693425 0.093699 0.714411
-0.925319 0.077228 0.371243
-0.720307 0.083066 0.688664
-0.925319 0.077228 0.371243
-0.693425 0.093699 0.714411
-0.922179 0.083625 0.377615
-0.671275 0.245278 0.699448
-0.922179 0.083625 0.377615
-0.693425 0.093699 0.714411
-0.922179 0.083625 0.377615
-0.671275 0.245278 0.699448
-0.921227 0.162145 0.353623
-0.629200 0.771046 -0.097953
-0.611116 0.747938 -0.259087
-0.884973 0.446251 -0.132977
-0.629200 0.771046 -0.097953
-0.884973 0.446251 -0.132977
-0.880418 0.470998 -0.055002
-0.886209 0.444942 0.129077
-0.631114 0.769715 0.096094
-0.880418 0.470998 0.055002
-0.631114 0.769715 0.096094
-0.886209 0.444942 0.129077
-0.614713 0.746871 0.253596
-0.998122 0.061186 -0.002865
-0.998087 0.061824 -0.000795
-0.998132 0.061093 -0.000651
-0.998087 0.061824 -0.000795
-0.998122 0.061186 -0.002865
-0.998122 0.061186 -0.002865
-0.998027 0.062745 0.002192
-0.998132 0.061093 -0.000651
-0.998087 0.061824 -0.000795
-0.998124 0.061222 0.000750
-0.998132 0.061093 -0.000651
-0.998027 0.062745 0.002192
-0.998108 0.061464 0.001482
-0.998126 0.061186 0.000252
-0.998097 0.061655 0.000415
-0.998108 0.061464 0.001482
-0.998097 0.061655 0.000415
-0.998108 0.061464 0.001482
-0.998126 0.061186 0.000252
-0.998111 0.061437 -0.000409
-0.998080 0.061930 -0.001128
-0.998080 0.061930 -0.001128
-0.998097 0.061655 0.000415
-0.998126 0.061186 0.000252
-0.998134 0.061060 0.000004
-0.998215 0.059712 -0.000870
-0.998132 0.061092 -0.000193
-0.998132 0.061091 0.000241
-0.998242 0.059257 0.001163
-0.998134 0.061060 -0.000004
-0.998048 0.062456 0.000090
-0.998072 0.062069 0.000000
-0.998049 0.062443 0.000088
-0.998049 0.062443 0.000088
-0.998072 0.062069 0.000000
-0.998072 0.062069 0.000000
-0.998072 0.062069 0.000000
-0.998032 0.062703 -0.000149
-0.998072 0.062069 0.000000
-0.998032 0.062703 -0.000149
-0.998072 0.062069 0.000000
-0.998031 0.062726 -0.000154
-0.949369 -0.314163 0.000290
-0.767731 -0.640772 0.000000
-0.760796 -0.648991 -0.000341
-0.767731 -0.640772 0.000000
-0.949369 -0.314163 0.000290
-0.951439 -0.307837 0.000000
-0.951439 -0.307837 0.000000
-0.949369 -0.314163 -0.000290
-0.767731 -0.640772 0.000000
-0.767731 -0.640772 0.000000
-0.949369 -0.314163 -0.000290
-0.760797 -0.648990 0.000341
-0.760796 -0.648991 -0.000341
-0.767731 -0.640772 0.000000
-0.460488 -0.887666 -0.000921
-0.460488 -0.887666 -0.000921
-0.767731 -0.640772 0.000000
-0.471211 -0.882020 0.000000
-0.767731 -0.640772 0.000000
-0.460489 -0.887665 0.000921
-0.471211 -0.882020 0.000000
-0.460489 -0.887665 0.000921
-0.767731 -0.640772 0.000000
-0.760797 -0.648990 0.000341
-0.998174 0.060406 -0.000875
-0.998126 0.061186 -0.000533
-0.998132 0.061093 -0.000651
-0.998126 0.061186 -0.000533
-0.998174 0.060406 -0.000875
-0.998127 0.061178 -0.000514
-0.998126 0.061186 -0.000533
-0.998131 0.061105 -0.000219
-0.998131 0.061102 -0.000280
-0.998131 0.061105 -0.000219
-0.998126 0.061186 -0.000533
-0.998127 0.061178 -0.000514
-0.998115 0.061374 0.000310
-0.998135 0.061041 -0.000074
-0.998131 0.061102 -0.000280
-0.998131 0.061102 -0.000280
-0.998173 0.060424 -0.000668
-0.998145 0.060882 -0.000280
-0.998131 0.061102 -0.000280
-0.998145 0.060882 -0.000280
-0.998115 0.061374 0.000310
-0.998134 0.061066 0.000110
-0.998134 0.061054 0.000012
-0.998128 0.061153 -0.000070
-0.998127 0.061179 0.000013
-0.998148 0.060833 0.000367
-0.998134 0.061066 0.000110
-0.998128 0.061153 -0.000070
-0.998127 0.061179 0.000013
-0.998134 0.061066 0.000110
-0.998142 0.060935 -0.000119
-0.998138 0.060995 -0.000167
-0.998131 0.061102 -0.000280
-0.998138 0.060995 -0.000167
-0.998142 0.060935 -0.000119
-0.998138 0.060997 -0.000168
-0.998144 0.060893 0.000064
-0.998138 0.060993 0.000171
-0.998138 0.060995 0.000171
-0.998138 0.060993 0.000171
-0.998144 0.060893 0.000064
-0.998134 0.061066 0.000110
-0.998131 0.061113 -0.000142
-0.998138 0.060995 -0.000167
-0.998138 0.060997 -0.000168
-0.998131 0.061113 -0.000142
-0.998138 0.060997 -0.000168
-0.998131 0.061111 -0.000137
-0.998138 0.060995 0.000171
-0.998131 0.061114 0.000146
-0.998131 0.061111 0.000142
-0.998131 0.061114 0.000146
-0.998138 0.060995 0.000171
-0.998138 0.060993 0.000171
-0.998132 0.061092 -0.000193
-0.998082 0.061905 -0.000213
-0.998049 0.062443 0.000088
-0.998082 0.061905 -0.000213
-0.998048 0.062456 0.000090
-0.998049 0.062443 0.000088
-0.998131 0.061113 -0.000142
-0.998134 0.061053 -0.000014
-0.998132 0.061092 -0.000193
-0.998134 0.061053 -0.000014
-0.998131 0.061113 -0.000142
-0.998131 0.061111 -0.000137
-0.998132 0.061092 -0.000193
-0.998215 0.059712 -0.000870
-0.998082 0.061905 -0.000213
-0.998134 0.061053 -0.000014
-0.998134 0.061060 0.000004
-0.998132 0.061092 -0.000193
-0.998032 0.062703 -0.000149
-0.998068 0.062135 0.000230
-0.998132 0.061091 0.000241
-0.998068 0.062135 0.000230
-0.998032 0.062703 -0.000149
-0.998031 0.062726 -0.000154
-0.998131 0.061111 0.000142
-0.998131 0.061114 0.000146
-0.998134 0.061057 0.000016
-0.998131 0.061114 0.000146
-0.998132 0.061091 0.000241
-0.998134 0.061057 0.000016
-0.998068 0.062135 0.000230
-0.998242 0.059257 0.001163
-0.998132 0.061091 0.000241
-0.998132 0.061091 0.000241
-0.998134 0.061060 -0.000004
-0.998134 0.061057 0.000016
-0.947244 -0.320513 0.000124
-0.760796 -0.648991 -0.000341
-0.754720 -0.656047 -0.000221
-0.760796 -0.648991 -0.000341
-0.947244 -0.320513 0.000124
-0.949369 -0.314163 0.000290
-0.949369 -0.314163 -0.000290
-0.947244 -0.320513 -0.000124
-0.760797 -0.648990 0.000341
-0.760797 -0.648990 0.000341
-0.947244 -0.320513 -0.000124
-0.754720 -0.656047 0.000221
-0.760796 -0.648991 -0.000341
-0.449665 -0.893197 -0.000533
-0.754720 -0.656047 -0.000221
-0.449665 -0.893197 -0.000533
-0.760796 -0.648991 -0.000341
-0.460488 -0.887666 -0.000921
-0.760797 -0.648990 0.000341
-0.449667 -0.893196 0.000532
-0.460489 -0.887665 0.000921
-0.449667 -0.893196 0.000532
-0.760797 -0.648990 0.000341
-0.754720 -0.656047 0.000221
-0.706276 0.179908 0.684695
-0.716150 0.043789 0.696572
-0.703124 0.205198 0.680816
-0.716199 0.043777 0.696521
-0.703124 0.205198 0.680816
-0.716150 0.043789 0.696572
-0.508998 0.513673 0.690695
-0.116540 0.716269 0.688024
-0.088542 0.719932 0.688373
-0.508998 0.513673 0.690695
-0.088542 0.719932 0.688373
-0.444043 0.566225 0.694417
-0.444043 0.566225 0.694417
-0.706276 0.179908 0.684695
-0.508998 0.513673 0.690695
-0.703124 0.205198 0.680816
-0.508998 0.513673 0.690695
-0.706276 0.179908 0.684695
-0.391177 0.510740 -0.765588
-0.105118 0.664153 -0.740170
-0.455721 0.458142 -0.763167
-0.105118 0.664153 -0.740170
-0.391177 0.510740 -0.765588
-0.078211 0.671757 -0.736631
-0.652863 0.161935 -0.739965
-0.455721 0.458142 -0.763167
-0.646524 0.186634 -0.739712
-0.455721 0.458142 -0.763167
-0.652863 0.161935 -0.739965
-0.391177 0.510740 -0.765588
-0.716199 0.043777 0.696521
-0.716471 0.043658 0.696249
-0.716450 0.043662 0.696271
-0.716471 0.043658 0.696249
-0.716199 0.043777 0.696521
-0.716150 0.043789 0.696572
-0.716471 0.043658 0.696249
-0.715764 0.043986 0.696955
-0.716450 0.043662 0.696271
-0.715765 0.043988 0.696954
-0.716450 0.043662 0.696271
-0.715764 0.043986 0.696955
-0.715765 0.043988 0.696954
-0.717956 0.043981 0.694697
-0.718071 0.043970 0.694580
-0.717956 0.043981 0.694697
-0.715765 0.043988 0.696954
-0.715764 0.043986 0.696955
-0.695087 0.042037 -0.717695
-0.652852 0.039330 -0.756464
-0.654035 0.039382 -0.755439
-0.654035 0.039382 -0.755439
-0.695316 0.042057 -0.717473
-0.695087 0.042037 -0.717695
-0.695316 0.042057 -0.717473
-0.716471 0.043658 -0.696249
-0.716450 0.043662 -0.696271
-0.695316 0.042057 -0.717473
-0.716450 0.043662 -0.696271
-0.695087 0.042037 -0.717695
-0.998131 0.061110 0.000169
-0.998138 0.061002 0.000227
-0.998131 0.061116 0.000162
-0.998138 0.061002 0.000227
-0.998131 0.061110 0.000169
-0.998134 0.061066 0.000110
-0.998141 0.060943 0.000349
-0.998131 0.061110 0.000169
-0.998131 0.061116 0.000162
-0.998131 0.061110 0.000169
-0.998141 0.060943 0.000349
-0.998126 0.061186 0.000252
-0.697942 0.043466 -0.714834
-0.716471 0.043658 -0.696249
-0.696982 0.043463 -0.715770
-0.716471 0.043658 -0.696249
-0.697942 0.043466 -0.714834
-0.716450 0.043662 -0.696271
-0.646524 0.186634 -0.739712
-0.697942 0.043466 -0.714834
-0.696982 0.043463 -0.715770
-0.696982 0.043463 -0.715770
-0.652863 0.161935 -0.739965
-0.646524 0.186634 -0.739712
-0.718071 0.043970 0.694580
-0.736980 0.044534 0.674446
-0.736763 0.044524 0.674683
-0.736980 0.044534 0.674446
-0.718071 0.043970 0.694580
-0.717956 0.043981 0.694697
-0.652852 0.039330 -0.756464
-0.656558 0.039601 -0.753235
-0.656903 0.039618 -0.752933
-0.656903 0.039618 -0.752933
-0.654035 0.039382 -0.755439
-0.652852 0.039330 -0.756464
-0.736763 0.044524 0.674683
-0.763197 -0.098336 0.638639
-0.763330 -0.117458 0.635241
-0.763197 -0.098336 0.638639
-0.736763 0.044524 0.674683
-0.736980 0.044534 0.674446
-0.763197 -0.098336 0.638639
-0.578637 -0.513433 0.633692
-0.763330 -0.117458 0.635241
-0.578637 -0.513433 0.633692
-0.763197 -0.098336 0.638639
-0.581696 -0.509993 0.633669
-0.698738 -0.109788 -0.706903
-0.656903 0.039618 -0.752933
-0.656558 0.039601 -0.753235
-0.656903 0.039618 -0.752933
-0.698738 -0.109788 -0.706903
-0.697285 -0.090160 -0.711101
-0.537016 -0.470265 -0.700332
-0.697285 -0.090160 -0.711101
-0.534014 -0.473664 -0.700337
-0.534014 -0.473664 -0.700337
-0.697285 -0.090160 -0.711101
-0.698738 -0.109788 -0.706903
-0.578637 -0.513433 0.633692
-0.187910 -0.749843 0.634370
-0.212247 -0.746033 0.631178
-0.187910 -0.749843 0.634370
-0.578637 -0.513433 0.633692
-0.581696 -0.509993 0.633669
-0.534014 -0.473664 -0.700337
-0.175869 -0.710389 -0.681481
-0.537016 -0.470265 -0.700332
-0.175869 -0.710389 -0.681481
-0.534014 -0.473664 -0.700337
-0.200107 -0.704339 -0.681076
-0.306215 0.943797 -0.124419
-0.611116 0.747938 -0.259087
-0.629200 0.771046 -0.097953
-0.611116 0.747938 -0.259087
-0.306215 0.943797 -0.124419
-0.297850 0.900626 -0.316479
-0.614713 0.746871 0.253596
-0.310529 0.942798 0.121257
-0.631114 0.769715 0.096094
-0.310529 0.942798 0.121257
-0.614713 0.746871 0.253596
-0.303549 0.900635 0.310989
-0.297850 0.900626 -0.316479
-0.626971 0.623057 -0.467662
-0.611116 0.747938 -0.259087
-0.626971 0.623057 -0.467662
-0.297850 0.900626 -0.316479
-0.292488 0.751528 -0.591318
-0.634377 0.620780 0.460649
-0.303549 0.900635 0.310989
-0.614713 0.746871 0.253596
-0.303549 0.900635 0.310989
-0.634377 0.620780 0.460649
-0.299661 0.752258 0.586780
-0.312103 0.625174 -0.715366
-0.626971 0.623057 -0.467662
-0.292488 0.751528 -0.591318
-0.626971 0.623057 -0.467662
-0.312103 0.625174 -0.715366
-0.652133 0.510503 -0.560455
-0.663981 0.504970 0.551484
-0.299661 0.752258 0.586780
-0.634377 0.620780 0.460649
-0.299661 0.752258 0.586780
-0.663981 0.504970 0.551484
-0.320600 0.624372 0.712303
-0.328365 0.491330 -0.806704
-0.652133 0.510503 -0.560455
-0.312103 0.625174 -0.715366
-0.652133 0.510503 -0.560455
-0.328365 0.491330 -0.806704
-0.659551 0.408795 -0.630777
-0.663981 0.504970 0.551484
-0.330650 0.489316 0.806995
-0.320600 0.624372 0.712303
-0.330650 0.489316 0.806995
-0.663981 0.504970 0.551484
-0.669934 0.403939 0.622914
-0.349639 0.278960 -0.894390
-0.659551 0.408795 -0.630777
-0.328365 0.491330 -0.806704
-0.659551 0.408795 -0.630777
-0.349639 0.278960 -0.894390
-0.664769 0.245657 -0.705503
-0.669934 0.403939 0.622914
-0.341435 0.280628 0.897034
-0.330650 0.489316 0.806995
-0.341435 0.280628 0.897034
-0.669934 0.403939 0.622914
-0.671275 0.245278 0.699448
-0.370856 0.086032 -0.924697
-0.664769 0.245657 -0.705503
-0.349639 0.278960 -0.894390
-0.664769 0.245657 -0.705503
-0.370856 0.086032 -0.924697
-0.684570 0.091325 -0.723204
-0.671275 0.245278 0.699448
-0.372733 0.090042 0.923560
-0.341435 0.280628 0.897034
-0.372733 0.090042 0.923560
-0.671275 0.245278 0.699448
-0.693425 0.093699 0.714411
-0.370856 0.086032 -0.924697
-0.377016 0.078619 -0.922864
-0.706008 0.082885 -0.703337
-0.706008 0.082885 -0.703337
-0.684570 0.091325 -0.723204
-0.370856 0.086032 -0.924697
-0.372733 0.090042 0.923560
-0.720307 0.083066 0.688664
-0.391500 0.078883 0.916791
-0.720307 0.083066 0.688664
-0.372733 0.090042 0.923560
-0.693425 0.093699 0.714411
-0.661648 0.749405 -0.024776
-0.323468 0.946239 0.000022
-0.660272 0.751027 0.000016
-0.323468 0.946239 0.000022
-0.661648 0.749405 -0.024776
-0.322095 0.946133 -0.032978
-0.323468 0.946239 0.000022
-0.661657 0.749383 0.025207
-0.660272 0.751027 0.000016
-0.661657 0.749383 0.025207
-0.323468 0.946239 0.000022
-0.320751 0.946575 0.033374
-0.673854 0.728345 -0.124232
-0.322095 0.946133 -0.032978
-0.661648 0.749405 -0.024776
-0.322095 0.946133 -0.032978
-0.673854 0.728345 -0.124232
-0.320506 0.930747 -0.176026
-0.320751 0.946575 0.033374
-0.675006 0.726977 0.125983
-0.661657 0.749383 0.025207
-0.675006 0.726977 0.125983
-0.320751 0.946575 0.033374
-0.318136 0.930928 0.179341
-0.377016 0.078619 -0.922864
-0.360078 0.248499 -0.899217
-0.704849 0.208272 -0.678093
-0.704849 0.208272 -0.678093
-0.706008 0.082885 -0.703337
-0.377016 0.078619 -0.922864
-0.391500 0.078883 0.916791
-0.717183 0.204078 0.666333
-0.366875 0.243856 0.897740
-0.717183 0.204078 0.666333
-0.391500 0.078883 0.916791
-0.720307 0.083066 0.688664
-0.346034 0.478918 -0.806782
-0.704849 0.208272 -0.678093
-0.360078 0.248499 -0.899217
-0.704849 0.208272 -0.678093
-0.346034 0.478918 -0.806782
-0.697325 0.391738 -0.600232
-0.717183 0.204078 0.666333
-0.335251 0.477197 0.812336
-0.366875 0.243856 0.897740
-0.335251 0.477197 0.812336
-0.717183 0.204078 0.666333
-0.702218 0.388159 0.596844
-0.330735 0.702442 -0.630229
-0.697325 0.391738 -0.600232
-0.346034 0.478918 -0.806782
-0.697325 0.391738 -0.600232
-0.330735 0.702442 -0.630229
-0.684112 0.550117 -0.478917
-0.702218 0.388159 0.596844
-0.314445 0.706829 0.633653
-0.335251 0.477197 0.812336
-0.314445 0.706829 0.633653
-0.702218 0.388159 0.596844
-0.683958 0.550551 0.478638
-0.673854 0.728345 -0.124232
-0.685443 0.664689 -0.297249
-0.318844 0.853475 -0.412212
-0.318844 0.853475 -0.412212
-0.320506 0.930747 -0.176026
-0.673854 0.728345 -0.124232
-0.330735 0.702442 -0.630229
-0.685443 0.664689 -0.297249
-0.684112 0.550117 -0.478917
-0.685443 0.664689 -0.297249
-0.330735 0.702442 -0.630229
-0.318844 0.853475 -0.412212
-0.675006 0.726977 0.125983
-0.311781 0.854588 0.415297
-0.687386 0.662180 0.298360
-0.311781 0.854588 0.415297
-0.675006 0.726977 0.125983
-0.318136 0.930928 0.179341
-0.687386 0.662180 0.298360
-0.314445 0.706829 0.633653
-0.683958 0.550551 0.478638
-0.314445 0.706829 0.633653
-0.687386 0.662180 0.298360
-0.311781 0.854588 0.415297
-0.061075 -0.998133 0.000018
-0.060997 -0.998138 0.000000
-0.061077 -0.998133 0.000018
-0.060997 -0.998138 0.000000
-0.061075 -0.998133 0.000018
-0.060997 -0.998138 0.000000
-0.061075 -0.998133 -0.000018
-0.060997 -0.998138 0.000000
-0.060997 -0.998138 0.000000
-0.060997 -0.998138 0.000000
-0.061075 -0.998133 -0.000018
-0.061077 -0.998133 -0.000018
-0.061155 -0.998128 0.000036
-0.061077 -0.998133 0.000018
-0.061155 -0.998128 0.000036
-0.061077 -0.998133 0.000018
-0.061155 -0.998128 0.000036
-0.061075 -0.998133 0.000018
-0.061075 -0.998133 -0.000018
-0.061155 -0.998128 -0.000036
-0.061077 -0.998133 -0.000018
-0.061077 -0.998133 -0.000018
-0.061155 -0.998128 -0.000036
-0.061155 -0.998128 -0.000036
-0.212247 -0.746033 0.631178
-0.047330 -0.762672 0.645052
-0.047330 -0.762672 0.645052
-0.047330 -0.762672 0.645052
-0.212247 -0.746033 0.631178
-0.187910 -0.749843 0.634370
-0.048992 -0.734548 -0.676785
-0.175869 -0.710389 -0.681481
-0.200107 -0.704339 -0.681076
-0.048992 -0.734548 -0.676785
-0.200107 -0.704339 -0.681076
-0.048992 -0.734548 -0.676785
-0.000173 -0.000009 1.000000
-0.000174 0.000026 1.000000
-0.000175 -0.000007 1.000000
-0.000175 -0.000007 1.000000
-0.000174 0.000026 1.000000
-0.000173 0.000026 1.000000
-0.008018 0.000490 -0.999968
-0.006132 -0.000432 -0.999981
-0.008017 0.000490 -0.999968
-0.006132 -0.000432 -0.999981
-0.008018 0.000490 -0.999968
-0.006054 -0.000471 -0.999982
-0.000065 -0.000022 1.000000
-0.000173 -0.000009 1.000000
-0.000068 -0.000023 1.000000
-0.000068 -0.000023 1.000000
-0.000173 -0.000009 1.000000
-0.000175 -0.000007 1.000000
-0.006054 -0.000471 -0.999982
-0.002133 -0.000716 -0.999997
-0.006132 -0.000432 -0.999981
-0.002133 -0.000716 -0.999997
-0.006054 -0.000471 -0.999982
-0.002035 -0.000684 -0.999998
-0.000081 0.000035 1.000000
-0.000065 -0.000022 1.000000
-0.000077 0.000033 1.000000
-0.000077 0.000033 1.000000
-0.000065 -0.000022 1.000000
-0.000068 -0.000023 1.000000
-0.002035 -0.000684 -0.999998
-0.000077 0.000033 -1.000000
-0.002133 -0.000716 -0.999997
-0.000077 0.000033 -1.000000
-0.002035 -0.000684 -0.999998
-0.000081 0.000035 -1.000000
-0.000169 -0.000005 1.000000
-0.000081 0.000035 1.000000
-0.000169 -0.000002 1.000000
-0.000169 -0.000002 1.000000
-0.000081 0.000035 1.000000
-0.000077 0.000033 1.000000
-0.000081 0.000035 -1.000000
-0.002036 0.001210 -0.999997
-0.000077 0.000033 -1.000000
-0.002036 0.001210 -0.999997
-0.000081 0.000035 -1.000000
-0.002113 0.001257 -0.999997
0.041832 0.729383 0.682826
-0.088542 0.719932 0.688373
-0.116540 0.716269 0.688024
-0.088542 0.719932 0.688373
0.041832 0.729383 0.682826
0.041832 0.729383 0.682826
-0.078211 0.671757 -0.736631
0.035980 0.697945 -0.715247
-0.105118 0.664153 -0.740170
0.035980 0.697945 -0.715247
-0.078211 0.671757 -0.736631
0.035980 0.697945 -0.715247
0.069672 0.986794 -0.146229
0.070059 0.938238 -0.338823
0.069672 0.986794 -0.146229
0.070059 0.938238 -0.338823
0.069672 0.986794 -0.146229
0.070034 0.936555 -0.343452
0.073139 0.939084 0.335814
0.073160 0.937406 0.340468
0.070848 0.987185 0.142990
0.073139 0.939084 0.335814
0.070848 0.987185 0.142990
0.070848 0.987185 0.142990
0.070059 0.938238 -0.338823
0.070034 0.936555 -0.343452
0.060686 0.778521 -0.624678
0.070059 0.938238 -0.338823
0.060686 0.778521 -0.624678
0.060775 0.779442 -0.623520
0.066851 0.779305 0.623069
0.073139 0.939084 0.335814
0.066923 0.780206 0.621932
0.073139 0.939084 0.335814
0.066851 0.779305 0.623069
0.073160 0.937406 0.340468
0.046931 0.642899 -0.764512
0.060686 0.778521 -0.624678
0.046831 0.641987 -0.765284
0.060686 0.778521 -0.624678
0.046931 0.642899 -0.764512
0.060775 0.779442 -0.623520
0.066851 0.779305 0.623069
0.066923 0.780206 0.621932
0.052753 0.646207 0.761337
0.066851 0.779305 0.623069
0.052753 0.646207 0.761337
0.052630 0.645343 0.762077
0.035808 0.497667 -0.866629
0.046831 0.641987 -0.765284
0.035679 0.495330 -0.867972
0.046831 0.641987 -0.765284
0.035808 0.497667 -0.866629
0.046931 0.642899 -0.764512
0.052630 0.645343 0.762077
0.052753 0.646207 0.761337
0.037375 0.495924 0.867561
0.052630 0.645343 0.762077
0.037375 0.495924 0.867561
0.037158 0.493172 0.869138
0.023106 0.267891 -0.963172
0.035679 0.495330 -0.867972
0.022741 0.261347 -0.964977
0.035679 0.495330 -0.867972
0.023106 0.267891 -0.963172
0.035808 0.497667 -0.866629
0.037158 0.493172 0.869138
0.037375 0.495924 0.867561
0.025093 0.264208 0.964139
0.037158 0.493172 0.869138
0.025093 0.264208 0.964139
0.024892 0.258190 0.965773
0.008327 0.064118 -0.997908
0.022741 0.261347 -0.964977
0.007693 0.058643 -0.998249
0.022741 0.261347 -0.964977
0.008327 0.064118 -0.997908
0.023106 0.267891 -0.963172
0.025093 0.264208 0.964139
0.013479 0.067700 0.997615
0.024892 0.258190 0.965773
0.024892 0.258190 0.965773
0.013479 0.067700 0.997615
0.012817 0.062097 0.997988
0.053615 0.997878 -0.036934
0.056420 0.998407 -0.000004
0.053631 0.997885 -0.036735
0.053631 0.997885 -0.036735
0.056420 0.998407 -0.000004
0.056420 0.998407 0.000027
0.056420 0.998407 -0.000004
0.053732 0.997875 0.036859
0.056420 0.998407 0.000027
0.056420 0.998407 0.000027
0.053732 0.997875 0.036859
0.053748 0.997881 0.036661
0.045912 0.982260 -0.181819
0.053631 0.997885 -0.036735
0.045605 0.981058 -0.188271
0.053631 0.997885 -0.036735
0.045912 0.982260 -0.181819
0.053615 0.997878 -0.036934
0.053748 0.997881 0.036661
0.053732 0.997875 0.036859
0.046931 0.981889 0.183552
0.053748 0.997881 0.036661
0.046931 0.981889 0.183552
0.046675 0.980652 0.190115
0.045912 0.982260 -0.181819
0.045605 0.981058 -0.188271
0.035094 0.900971 -0.432458
0.034890 0.898570 -0.437441
0.035094 0.900971 -0.432458
0.045605 0.981058 -0.188271
0.046675 0.980652 0.190115
0.037226 0.900824 0.432586
0.037029 0.898481 0.437448
0.037226 0.900824 0.432586
0.046675 0.980652 0.190115
0.046931 0.981889 0.183552
0.035094 0.900971 -0.432458
0.022984 0.732010 -0.680906
0.023137 0.734436 -0.678284
0.022984 0.732010 -0.680906
0.035094 0.900971 -0.432458
0.034890 0.898570 -0.437441
0.037226 0.900824 0.432586
0.024163 0.733208 0.679575
0.037029 0.898481 0.437448
0.024163 0.733208 0.679575
0.037226 0.900824 0.432586
0.024344 0.735657 0.676916
0.023137 0.734436 -0.678284
0.011515 0.500357 -0.865743
0.011454 0.498819 -0.866631
0.011515 0.500357 -0.865743
0.023137 0.734436 -0.678284
0.022984 0.732010 -0.680906
0.024163 0.733208 0.679575
0.024344 0.735657 0.676916
0.013748 0.496411 0.867979
0.013713 0.494813 0.868891
0.013748 0.496411 0.867979
0.024344 0.735657 0.676916
0.011454 0.498819 -0.866631
0.002716 0.245011 -0.969516
0.002643 0.242543 -0.970137
0.002716 0.245011 -0.969516
0.011454 0.498819 -0.866631
0.011515 0.500357 -0.865743
0.006974 0.233599 0.972308
0.007044 0.235905 0.971750
0.013713 0.494813 0.868891
0.007044 0.235905 0.971750
0.013748 0.496411 0.867979
0.013713 0.494813 0.868891
0.000182 0.062970 -0.998015
0.002643 0.242543 -0.970137
0.002716 0.245011 -0.969516
0.002643 0.242543 -0.970137
0.000182 0.062970 -0.998015
0.000204 0.061773 -0.998090
0.000182 0.062970 -0.998015
0.007693 0.058643 -0.998249
0.000204 0.061773 -0.998090
0.007693 0.058643 -0.998249
0.000182 0.062970 -0.998015
0.008327 0.064118 -0.997908
0.004629 0.058793 0.998259
0.006974 0.233599 0.972308
0.004655 0.057769 0.998319
0.006974 0.233599 0.972308
0.004629 0.058793 0.998259
0.007044 0.235905 0.971750
0.013479 0.067700 0.997615
0.004629 0.058793 0.998259
0.012817 0.062097 0.997988
0.012817 0.062097 0.997988
0.004629 0.058793 0.998259
0.004655 0.057769 0.998319
0.999172 -0.040678 0.000027
0.999395 -0.034780 0.000835
0.999807 -0.019661 -0.000056
0.999395 -0.034780 0.000835
0.999172 -0.040678 0.000027
0.998843 -0.048084 0.000447
0.998844 -0.048063 -0.000448
0.999807 -0.019661 -0.000056
0.999396 -0.034739 -0.000837
0.999807 -0.019661 -0.000056
0.998844 -0.048063 -0.000448
0.999172 -0.040678 0.000027
0.995941 -0.090009 0.000000
0.997304 -0.073379 0.000088
0.997158 -0.075344 0.000000
0.997304 -0.073379 0.000088
0.995941 -0.090009 0.000000
0.996349 -0.085371 0.000161
0.996349 -0.085370 -0.000161
0.995941 -0.090009 0.000000
0.997304 -0.073379 -0.000088
0.997304 -0.073379 -0.000088
0.995941 -0.090009 0.000000
0.997158 -0.075344 0.000000
-0.000173 0.000026 1.000000
-0.000093 0.000174 1.000000
-0.000070 0.000037 1.000000
-0.000093 0.000174 1.000000
-0.000173 0.000026 1.000000
-0.000174 0.000026 1.000000
-0.008017 0.000490 -0.999968
-0.008806 -0.000057 -0.999961
-0.007881 -0.002682 -0.999965
-0.007881 -0.002682 -0.999965
-0.008018 0.000490 -0.999968
-0.008017 0.000490 -0.999968
-0.000038 0.000335 1.000000
-0.000093 0.000174 1.000000
-0.000042 0.000372 1.000000
-0.000093 0.000174 1.000000
-0.000038 0.000335 1.000000
-0.000070 0.000037 1.000000
-0.000038 0.000335 1.000000
-0.000001 -0.000008 1.000000
-0.000070 0.000037 1.000000
-0.007881 -0.002682 -0.999965
-0.007925 -0.006075 -0.999950
-0.007706 -0.006783 -0.999947
-0.007881 -0.002682 -0.999965
-0.008806 -0.000057 -0.999961
-0.007925 -0.006075 -0.999950
-0.008806 -0.000057 -0.999961
-0.009971 0.000559 -0.999950
-0.007925 -0.006075 -0.999950
0.997496 -0.061055 0.035687
0.997639 -0.060900 0.031742
0.998004 -0.061051 0.016161
0.997496 -0.061055 0.035687
0.998004 -0.061051 0.016161
0.997979 -0.060990 0.017868
0.998003 -0.061053 -0.016179
0.997496 -0.061055 -0.035687
0.997979 -0.060983 -0.017882
0.997496 -0.061055 -0.035687
0.998003 -0.061053 -0.016179
0.997639 -0.060900 -0.031742
0.998052 -0.062382 0.000674
0.997346 -0.072793 -0.001434
0.997715 -0.067455 0.003729
0.997715 -0.067458 -0.003730
0.997346 -0.072794 0.001434
0.998052 -0.062382 -0.000674
0.997715 -0.067455 0.003729
0.996349 -0.085370 -0.000161
0.997304 -0.073379 -0.000088
0.996349 -0.085370 -0.000161
0.997715 -0.067455 0.003729
0.997346 -0.072793 -0.001434
0.997962 -0.059465 0.023151
0.998052 -0.062382 0.000674
0.997715 -0.067455 0.003729
0.997962 -0.059465 0.023151
0.998004 -0.061051 0.016161
0.997639 -0.060900 0.031742
0.998004 -0.061051 0.016161
0.997962 -0.059465 0.023151
0.997715 -0.067455 0.003729
0.996349 -0.085371 0.000161
0.997715 -0.067458 -0.003730
0.997304 -0.073379 0.000088
0.996349 -0.085371 0.000161
0.997346 -0.072794 0.001434
0.997715 -0.067458 -0.003730
0.997715 -0.067458 -0.003730
0.998052 -0.062382 -0.000674
0.997962 -0.059465 -0.023151
0.997962 -0.059465 -0.023151
0.998003 -0.061053 -0.016179
0.997715 -0.067458 -0.003730
0.998003 -0.061053 -0.016179
0.997962 -0.059465 -0.023151
0.997639 -0.060900 -0.031742
0.998650 -0.051764 -0.004193
0.998688 -0.050495 -0.008537
0.998379 -0.056888 -0.001890
0.998688 -0.050495 -0.008537
0.998650 -0.051764 -0.004193
0.999128 -0.036459 -0.020341
0.999128 -0.036459 0.020341
0.998651 -0.051764 0.004193
0.998688 -0.050495 0.008537
0.998379 -0.056888 0.001890
0.998688 -0.050495 0.008537
0.998651 -0.051764 0.004193
0.998680 -0.051324 -0.001954
0.998844 -0.048063 -0.000448
0.999396 -0.034739 -0.000837
0.998844 -0.048063 -0.000448
0.998680 -0.051324 -0.001954
0.998395 -0.056627 -0.000963
0.998395 -0.056627 -0.000963
0.998650 -0.051764 -0.004193
0.998379 -0.056888 -0.001890
0.998650 -0.051764 -0.004193
0.998395 -0.056627 -0.000963
0.998680 -0.051324 -0.001954
0.998680 -0.051324 0.001954
0.998843 -0.048084 0.000447
0.998395 -0.056627 0.000963
0.998843 -0.048084 0.000447
0.998680 -0.051324 0.001954
0.999395 -0.034780 0.000835
0.998651 -0.051764 0.004193
0.998395 -0.056627 0.000963
0.998379 -0.056888 0.001890
0.998395 -0.056627 0.000963
0.998651 -0.051764 0.004193
0.998680 -0.051324 0.001954
0.998573 -0.050208 -0.018175
0.999128 -0.036459 -0.020341
0.998360 -0.039649 -0.041296
0.999128 -0.036459 -0.020341
0.998573 -0.050208 -0.018175
0.998688 -0.050495 -0.008537
0.998573 -0.050208 0.018175
0.999128 -0.036459 0.020341
0.998688 -0.050495 0.008537
0.999128 -0.036459 0.020341
0.998573 -0.050208 0.018175
0.998360 -0.039649 0.041296
0.997469 -0.060929 0.036649
0.997496 -0.061055 0.035687
0.997979 -0.060990 0.017868
0.997469 -0.060929 0.036649
0.997979 -0.060990 0.017868
0.997964 -0.061071 0.018377
0.997588 -0.061298 0.032560
0.997469 -0.060929 0.036649
0.997964 -0.061071 0.018377
0.997588 -0.061298 0.032560
0.997964 -0.061071 0.018377
0.997995 -0.061174 0.016239
0.997964 -0.061071 0.018377
0.998204 -0.057366 -0.017286
0.997995 -0.061174 0.016239
0.997995 -0.061174 0.016239
0.998204 -0.057366 -0.017286
0.998151 -0.059218 -0.013676
0.997964 -0.061071 0.018377
0.998573 -0.050208 -0.018175
0.998204 -0.057366 -0.017286
0.998360 -0.039649 -0.041296
0.998204 -0.057366 -0.017286
0.998573 -0.050208 -0.018175
0.998204 -0.057366 -0.017286
0.998360 -0.039649 -0.041296
0.997971 -0.053070 -0.035190
0.997971 -0.053070 -0.035190
0.998151 -0.059218 -0.013676
0.998204 -0.057366 -0.017286
0.998151 -0.059218 -0.013676
0.997971 -0.053070 -0.035190
0.997929 -0.057583 -0.028680
0.997979 -0.060983 -0.017882
0.997469 -0.060929 -0.036649
0.997964 -0.061071 -0.018377
0.997469 -0.060929 -0.036649
0.997979 -0.060983 -0.017882
0.997496 -0.061055 -0.035687
0.997964 -0.061071 -0.018377
0.997588 -0.061298 -0.032560
0.997995 -0.061174 -0.016239
0.997588 -0.061298 -0.032560
0.997964 -0.061071 -0.018377
0.997469 -0.060929 -0.036649
0.998203 -0.057433 0.017112
0.997995 -0.061174 -0.016239
0.998153 -0.059298 0.013196
0.997995 -0.061174 -0.016239
0.998203 -0.057433 0.017112
0.997964 -0.061071 -0.018377
0.998203 -0.057433 0.017112
0.998573 -0.050208 0.018175
0.997964 -0.061071 -0.018377
0.998203 -0.057433 0.017112
0.998360 -0.039649 0.041296
0.998573 -0.050208 0.018175
0.998360 -0.039649 0.041296
0.998203 -0.057433 0.017112
0.997979 -0.053257 0.034660
0.997979 -0.053257 0.034660
0.998153 -0.059298 0.013196
0.997949 -0.057731 0.027667
0.998153 -0.059298 0.013196
0.997979 -0.053257 0.034660
0.998203 -0.057433 0.017112
0.998279 -0.056487 -0.015761
0.998088 -0.059929 -0.015123
0.997834 -0.058890 -0.029326
0.997834 -0.058890 -0.029326
0.998208 -0.052413 -0.028866
0.998279 -0.056487 -0.015761
0.997929 -0.057583 -0.028680
0.998088 -0.059929 -0.015123
0.998151 -0.059218 -0.013676
0.998088 -0.059929 -0.015123
0.997929 -0.057583 -0.028680
0.997834 -0.058890 -0.029326
0.997852 -0.058873 0.028743
0.998271 -0.056715 0.015435
0.998203 -0.052850 0.028227
0.998271 -0.056715 0.015435
0.997852 -0.058873 0.028743
0.998093 -0.059919 0.014824
0.997949 -0.057731 0.027667
0.998093 -0.059919 0.014824
0.997852 -0.058873 0.028743
0.998093 -0.059919 0.014824
0.997949 -0.057731 0.027667
0.998153 -0.059298 0.013196
0.000192 0.000592 1.000000
-0.000004 0.000226 1.000000
0.000192 0.000592 1.000000
0.000024 0.000041 1.000000
-0.000004 0.000226 1.000000
0.000192 0.000592 1.000000
-0.006119 0.004024 -0.999973
-0.007903 0.004253 -0.999960
-0.008301 0.005837 -0.999949
-0.006119 0.004024 -0.999973
-0.008301 0.005837 -0.999949
-0.008301 0.005837 -0.999949
-0.000004 0.000226 1.000000
-0.000169 -0.000005 1.000000
-0.000169 -0.000002 1.000000
-0.000169 -0.000005 1.000000
-0.000004 0.000226 1.000000
-0.000115 -0.000101 1.000000
0.000024 0.000041 1.000000
-0.000115 -0.000101 1.000000
-0.000004 0.000226 1.000000
0.998185 -0.060226 -0.000516
0.997929 -0.064302 0.001542
0.998087 -0.061752 0.002971
-0.002113 0.001257 -0.999997
-0.006119 0.004024 -0.999973
-0.002036 0.001210 -0.999997
-0.006119 0.004024 -0.999973
-0.002113 0.001257 -0.999997
-0.005625 0.002982 -0.999980
-0.006119 0.004024 -0.999973
-0.005625 0.002982 -0.999980
-0.007903 0.004253 -0.999960
0.998138 -0.060991 0.000311
0.998138 -0.060991 0.000311
0.998138 -0.060991 0.000311
0.998087 -0.061752 0.002971
0.997929 -0.064302 0.001542
0.997852 -0.063281 0.016935
0.998471 -0.055106 -0.004425
0.998087 -0.061752 0.002971
0.998329 -0.057734 -0.002437
0.998087 -0.061752 0.002971
0.998471 -0.055106 -0.004425
0.998185 -0.060226 -0.000516
0.997852 -0.063281 -0.016935
0.997658 -0.068303 -0.003782
0.998083 -0.061803 -0.003188
0.998329 -0.057734 0.002437
0.998083 -0.061803 -0.003188
0.998471 -0.055106 0.004425
0.998083 -0.061803 -0.003188
0.998275 -0.058701 0.000924
0.998471 -0.055106 0.004425
0.997995 -0.061174 0.016239
0.998088 -0.059929 -0.015123
0.998053 -0.061159 0.012251
0.998088 -0.059929 -0.015123
0.997995 -0.061174 0.016239
0.998151 -0.059218 -0.013676
0.998471 -0.055106 -0.004425
0.998457 -0.055277 -0.005201
0.998692 -0.050163 -0.009890
0.998457 -0.055277 -0.005201
0.998471 -0.055106 -0.004425
0.998329 -0.057734 -0.002437
0.998665 -0.049519 -0.014688
0.998457 -0.055277 -0.005201
0.998453 -0.055040 -0.007827
0.998457 -0.055277 -0.005201
0.998665 -0.049519 -0.014688
0.998692 -0.050163 -0.009890
0.998093 -0.059919 0.014824
0.998153 -0.059298 0.013196
0.997995 -0.061174 -0.016239
0.998093 -0.059919 0.014824
0.997995 -0.061174 -0.016239
0.998053 -0.061159 -0.012251
0.998471 -0.055106 0.004425
0.998457 -0.055277 0.005201
0.998329 -0.057734 0.002437
0.998457 -0.055277 0.005201
0.998471 -0.055106 0.004425
0.998692 -0.050163 0.009890
0.998692 -0.050163 0.009890
0.998662 -0.049730 0.014197
0.998457 -0.055277 0.005201
0.998457 -0.055277 0.005201
0.998662 -0.049730 0.014197
0.998449 -0.055156 0.007544
0.997588 -0.061298 0.032560
0.998053 -0.061159 0.012251
0.997824 -0.061275 0.024336
0.998053 -0.061159 0.012251
0.997588 -0.061298 0.032560
0.997995 -0.061174 0.016239
0.998053 -0.061159 0.012251
0.997852 -0.063281 0.016935
0.997824 -0.061275 0.024336
0.997852 -0.063281 0.016935
0.998053 -0.061159 0.012251
0.998087 -0.061752 0.002971
0.998053 -0.061159 0.012251
0.998088 -0.059929 -0.015123
0.998279 -0.056487 -0.015761
0.998053 -0.061159 0.012251
0.998279 -0.056487 -0.015761
0.998405 -0.054906 -0.013115
0.998053 -0.061159 0.012251
0.998329 -0.057734 -0.002437
0.998087 -0.061752 0.002971
0.998329 -0.057734 -0.002437
0.998053 -0.061159 0.012251
0.998457 -0.055277 -0.005201
0.998453 -0.055040 -0.007827
0.998053 -0.061159 0.012251
0.998405 -0.054906 -0.013115
0.998457 -0.055277 -0.005201
0.998053 -0.061159 0.012251
0.998453 -0.055040 -0.007827
0.998453 -0.055040 -0.007827
0.998405 -0.054906 -0.013115
0.998487 -0.049573 -0.023813
0.998487 -0.049573 -0.023813
0.998665 -0.049519 -0.014688
0.998453 -0.055040 -0.007827
0.998208 -0.052413 -0.028866
0.998405 -0.054906 -0.013115
0.998279 -0.056487 -0.015761
0.998405 -0.054906 -0.013115
0.998208 -0.052413 -0.028866
0.998487 -0.049573 -0.023813
0.997588 -0.061298 -0.032560
0.998053 -0.061159 -0.012251
0.997995 -0.061174 -0.016239
0.998053 -0.061159 -0.012251
0.997588 -0.061298 -0.032560
0.997824 -0.061275 -0.024336
0.997824 -0.061275 -0.024336
0.997852 -0.063281 -0.016935
0.998053 -0.061159 -0.012251
0.998083 -0.061803 -0.003188
0.998053 -0.061159 -0.012251
0.997852 -0.063281 -0.016935
0.998053 -0.061159 -0.012251
0.998271 -0.056715 0.015435
0.998093 -0.059919 0.014824
0.998271 -0.056715 0.015435
0.998053 -0.061159 -0.012251
0.998394 -0.055258 0.012484
0.998053 -0.061159 -0.012251
0.998329 -0.057734 0.002437
0.998457 -0.055277 0.005201
0.998329 -0.057734 0.002437
0.998053 -0.061159 -0.012251
0.998083 -0.061803 -0.003188
0.998053 -0.061159 -0.012251
0.998457 -0.055277 0.005201
0.998449 -0.055156 0.007544
0.998053 -0.061159 -0.012251
0.998449 -0.055156 0.007544
0.998394 -0.055258 0.012484
0.998449 -0.055156 0.007544
0.998480 -0.050202 0.022725
0.998394 -0.055258 0.012484
0.998480 -0.050202 0.022725
0.998449 -0.055156 0.007544
0.998662 -0.049730 0.014197
0.998480 -0.050202 0.022725
0.998203 -0.052850 0.028227
0.998394 -0.055258 0.012484
0.998394 -0.055258 0.012484
0.998203 -0.052850 0.028227
0.998271 -0.056715 0.015435
0.999172 -0.040678 0.000027
0.998116 -0.061356 0.000068
0.998843 -0.048084 0.000447
0.998116 -0.061356 0.000068
0.999172 -0.040678 0.000027
0.998097 -0.061658 0.000000
0.998116 -0.061356 -0.000068
0.999172 -0.040678 0.000027
0.998844 -0.048063 -0.000448
0.999172 -0.040678 0.000027
0.998116 -0.061356 -0.000068
0.998097 -0.061658 0.000000
0.975911 -0.218169 -0.000000
0.958198 -0.286085 0.003303
0.958905 -0.283727 -0.000001
0.958198 -0.286085 0.003303
0.975911 -0.218169 -0.000000
0.975777 -0.218752 0.002387
0.975771 -0.218784 -0.002282
0.975911 -0.218169 -0.000000
0.958160 -0.286214 -0.003218
0.958160 -0.286214 -0.003218
0.975911 -0.218169 -0.000000
0.958905 -0.283727 -0.000001
0.998395 -0.056627 -0.000963
0.998135 -0.061052 -0.000001
0.998844 -0.048063 -0.000448
0.998135 -0.061052 -0.000001
0.998116 -0.061356 -0.000068
0.998844 -0.048063 -0.000448
0.998395 -0.056627 -0.000963
0.998379 -0.056888 -0.001890
0.998135 -0.061052 -0.000001
0.998843 -0.048084 0.000447
0.998135 -0.061052 0.000001
0.998395 -0.056627 0.000963
0.998135 -0.061052 0.000001
0.998843 -0.048084 0.000447
0.998116 -0.061356 0.000068
0.998135 -0.061052 0.000001
0.998379 -0.056888 0.001890
0.998395 -0.056627 0.000963
0.959864 -0.277970 -0.037332
0.975797 -0.216837 -0.028328
0.958160 -0.286214 -0.003218
0.975797 -0.216837 -0.028328
0.975771 -0.218784 -0.002282
0.958160 -0.286214 -0.003218
0.958198 -0.286085 0.003303
0.975847 -0.216554 0.028747
0.960162 -0.276924 0.037460
0.975847 -0.216554 0.028747
0.958198 -0.286085 0.003303
0.975777 -0.218752 0.002387
0.998135 -0.061052 -0.000001
0.998379 -0.056888 -0.001890
0.998130 -0.061126 0.000015
0.998688 -0.050495 -0.008537
0.998130 -0.061126 0.000015
0.998379 -0.056888 -0.001890
0.997964 -0.061071 0.018377
0.998688 -0.050495 -0.008537
0.998573 -0.050208 -0.018175
0.998688 -0.050495 -0.008537
0.997964 -0.061071 0.018377
0.998130 -0.061126 0.000015
0.998130 -0.061126 -0.000015
0.998379 -0.056888 0.001890
0.998135 -0.061052 0.000001
0.998379 -0.056888 0.001890
0.998130 -0.061126 -0.000015
0.998688 -0.050495 0.008537
0.998130 -0.061126 -0.000015
0.997964 -0.061071 -0.018377
0.998688 -0.050495 0.008537
0.997964 -0.061071 -0.018377
0.998573 -0.050208 0.018175
0.998688 -0.050495 0.008537
0.977598 -0.194930 -0.079398
0.975797 -0.216837 -0.028328
0.959864 -0.277970 -0.037332
0.977598 -0.194930 -0.079398
0.959864 -0.277970 -0.037332
0.964546 -0.240816 -0.107971
0.960162 -0.276924 0.037460
0.977655 -0.194584 0.079544
0.965127 -0.238917 0.106996
0.977655 -0.194584 0.079544
0.960162 -0.276924 0.037460
0.975847 -0.216554 0.028747
0.998128 -0.061152 -0.000017
0.998130 -0.061126 0.000015
0.997964 -0.061071 0.018377
0.997964 -0.061071 -0.018377
0.998130 -0.061126 -0.000015
0.998129 -0.061152 0.000017
0.977598 -0.194930 -0.079398
0.967210 -0.189366 -0.169251
0.980127 -0.154786 -0.124064
0.967210 -0.189366 -0.169251
0.977598 -0.194930 -0.079398
0.964546 -0.240816 -0.107971
0.967923 -0.187694 0.167019
0.965127 -0.238917 0.106996
0.977655 -0.194584 0.079544
0.967923 -0.187694 0.167019
0.977655 -0.194584 0.079544
0.980182 -0.154619 0.123838
0.998138 -0.061002 -0.000062
0.998128 -0.061152 -0.000017
0.997964 -0.061071 0.018377
0.997964 -0.061071 -0.018377
0.998129 -0.061152 0.000017
0.998138 -0.061002 0.000062
0.980127 -0.154786 -0.124064
0.971656 -0.124317 -0.201072
0.983441 -0.103816 -0.148548
0.971656 -0.124317 -0.201072
0.980127 -0.154786 -0.124064
0.967210 -0.189366 -0.169251
0.983517 -0.103448 0.148302
0.972406 -0.123229 0.198096
0.980182 -0.154619 0.123838
0.972406 -0.123229 0.198096
0.967923 -0.187694 0.167019
0.980182 -0.154619 0.123838
0.997964 -0.061071 0.018377
0.997979 -0.060990 0.017868
0.998138 -0.061002 -0.000062
0.998138 -0.061002 -0.000062
0.997979 -0.060990 0.017868
0.998134 -0.061057 -0.000036
0.974247 -0.070236 -0.214265
0.983441 -0.103816 -0.148548
0.971656 -0.124317 -0.201072
0.983441 -0.103816 -0.148548
0.974247 -0.070236 -0.214265
0.985967 -0.067416 -0.152723
0.997979 -0.060983 -0.017882
0.998138 -0.061002 0.000062
0.998135 -0.061044 0.000009
0.998138 -0.061002 0.000062
0.997979 -0.060983 -0.017882
0.997964 -0.061071 -0.018377
0.983517 -0.103448 0.148302
0.985993 -0.067165 0.152665
0.975088 -0.069910 0.210515
0.975088 -0.069910 0.210515
0.972406 -0.123229 0.198096
0.983517 -0.103448 0.148302
0.998004 -0.061051 0.016161
0.998134 -0.061057 -0.000036
0.997979 -0.060990 0.017868
0.998134 -0.061057 -0.000036
0.998004 -0.061051 0.016161
0.998135 -0.061049 -0.000037
0.998135 -0.061044 0.000009
0.998134 -0.061053 -0.000001
0.998003 -0.061053 -0.016179
0.998135 -0.061044 0.000009
0.998003 -0.061053 -0.016179
0.997979 -0.060983 -0.017882
0.974335 -0.055494 -0.218154
0.985967 -0.067416 -0.152723
0.974247 -0.070236 -0.214265
0.985967 -0.067416 -0.152723
0.974335 -0.055494 -0.218154
0.986509 -0.057686 -0.153208
0.985993 -0.067165 0.152665
0.986495 -0.057816 0.153245
0.975148 -0.055733 0.214431
0.985993 -0.067165 0.152665
0.975148 -0.055733 0.214431
0.975088 -0.069910 0.210515
0.998004 -0.061051 0.016161
0.997715 -0.067455 0.003729
0.998127 -0.061179 -0.000314
0.998004 -0.061051 0.016161
0.998127 -0.061179 -0.000314
0.998135 -0.061049 -0.000037
0.998125 -0.061206 0.000298
0.998003 -0.061053 -0.016179
0.998134 -0.061053 -0.000001
0.998003 -0.061053 -0.016179
0.998125 -0.061206 0.000298
0.997715 -0.067458 -0.003730
0.974335 -0.055494 -0.218154
0.976328 -0.019213 -0.215438
0.987154 -0.034887 -0.155914
0.974335 -0.055494 -0.218154
0.987154 -0.034887 -0.155914
0.986509 -0.057686 -0.153208
0.987153 -0.035167 0.155860
0.975148 -0.055733 0.214431
0.986495 -0.057816 0.153245
0.975148 -0.055733 0.214431
0.987153 -0.035167 0.155860
0.977004 -0.020053 0.212274
0.998130 -0.061118 -0.000529
0.998127 -0.061179 -0.000314
0.997715 -0.067455 0.003729
0.997715 -0.067458 -0.003730
0.998125 -0.061206 0.000298
0.998130 -0.061118 0.000529
0.976328 -0.019213 -0.215438
0.981602 0.051590 -0.183836
0.990205 0.016399 -0.138657
0.990205 0.016399 -0.138657
0.987154 -0.034887 -0.155914
0.976328 -0.019213 -0.215438
0.990225 0.015948 0.138562
0.977004 -0.020053 0.212274
0.987153 -0.035167 0.155860
0.977004 -0.020053 0.212274
0.990225 0.015948 0.138562
0.982038 0.050119 0.181903
0.998151 -0.060776 0.000193
0.998130 -0.061118 -0.000529
0.997715 -0.067455 0.003729
0.993823 0.066244 -0.089040
0.990205 0.016399 -0.138657
0.981602 0.051590 -0.183836
0.993823 0.066244 -0.089040
0.981602 0.051590 -0.183836
0.986054 0.115946 -0.119390
0.997715 -0.067458 -0.003730
0.998130 -0.061118 0.000529
0.998151 -0.060776 -0.000193
0.982038 0.050119 0.181903
0.993831 0.065861 0.089236
0.986266 0.114711 0.118835
0.993831 0.065861 0.089236
0.982038 0.050119 0.181903
0.990225 0.015948 0.138562
0.998134 -0.061066 -0.000003
0.998151 -0.060776 0.000193
0.997715 -0.067455 0.003729
0.997715 -0.067458 -0.003730
0.998151 -0.060776 -0.000193
0.998134 -0.061066 0.000003
0.993823 0.066244 -0.089040
0.986565 0.155723 -0.049389
0.995170 0.092375 -0.033227
0.986565 0.155723 -0.049389
0.993823 0.066244 -0.089040
0.986054 0.115946 -0.119390
0.986641 0.155231 0.049426
0.986266 0.114711 0.118835
0.993831 0.065861 0.089236
0.986641 0.155231 0.049426
0.993831 0.065861 0.089236
0.995174 0.092258 0.033412
0.997715 -0.067455 0.003729
0.997304 -0.073379 -0.000088
0.998134 -0.061066 -0.000003
0.998134 -0.061066 -0.000003
0.997304 -0.073379 -0.000088
0.998146 -0.060863 -0.000053
0.995170 0.092375 -0.033227
0.985888 0.167275 -0.006676
0.995293 0.096808 -0.004467
0.985888 0.167275 -0.006676
0.995170 0.092375 -0.033227
0.986565 0.155723 -0.049389
0.997304 -0.073379 0.000088
0.998134 -0.061066 0.000003
0.998146 -0.060863 0.000053
0.998134 -0.061066 0.000003
0.997304 -0.073379 0.000088
0.997715 -0.067458 -0.003730
0.995294 0.096797 0.004513
0.985895 0.167228 0.006715
0.995174 0.092258 0.033412
0.985895 0.167228 0.006715
0.986641 0.155231 0.049426
0.995174 0.092258 0.033412
0.998146 -0.060863 -0.000053
0.997158 -0.075344 0.000000
0.998158 -0.060667 0.000000
0.997158 -0.075344 0.000000
0.998146 -0.060863 -0.000053
0.997304 -0.073379 -0.000088
0.995293 0.096808 -0.004467
0.986195 0.165586 -0.000001
0.995379 0.096027 -0.000001
0.986195 0.165586 -0.000001
0.995293 0.096808 -0.004467
0.985888 0.167275 -0.006676
0.998146 -0.060863 0.000053
0.998158 -0.060667 0.000000
0.997158 -0.075344 0.000000
0.997158 -0.075344 0.000000
0.997304 -0.073379 0.000088
0.998146 -0.060863 0.000053
0.995294 0.096797 0.004513
0.995379 0.096027 -0.000001
0.986195 0.165586 -0.000001
0.986195 0.165586 -0.000001
0.985895 0.167228 0.006715
0.995294 0.096797 0.004513
0.990225 0.015948 0.138562
0.999401 -0.023481 0.025433
0.993831 0.065861 0.089236
0.999401 -0.023481 0.025433
0.990225 0.015948 0.138562
0.998205 -0.038457 0.045919
0.999408 -0.023939 -0.024721
0.998262 -0.038929 -0.044239
0.990205 0.016399 -0.138657
0.999408 -0.023939 -0.024721
0.990205 0.016399 -0.138657
0.993823 0.066244 -0.089040
0.993831 0.065861 0.089236
0.999401 -0.023481 0.025433
0.995174 0.092258 0.033412
0.995174 0.092258 0.033412
0.999401 -0.023481 0.025433
0.999759 -0.020344 0.008311
0.999408 -0.023939 -0.024721
0.995170 0.092375 -0.033227
0.999757 -0.020504 -0.008131
0.995170 0.092375 -0.033227
0.999408 -0.023939 -0.024721
0.993823 0.066244 -0.089040
0.999821 -0.018901 0.001071
0.995294 0.096797 0.004513
0.999759 -0.020344 0.008311
0.995294 0.096797 0.004513
0.995174 0.092258 0.033412
0.999759 -0.020344 0.008311
0.999757 -0.020504 -0.008131
0.995293 0.096808 -0.004467
0.999820 -0.018917 -0.001045
0.995293 0.096808 -0.004467
0.999757 -0.020504 -0.008131
0.995170 0.092375 -0.033227
0.999820 -0.018917 -0.001045
0.995379 0.096027 -0.000001
0.999852 -0.017211 -0.000001
0.995379 0.096027 -0.000001
0.999820 -0.018917 -0.001045
0.995293 0.096808 -0.004467
0.999821 -0.018901 0.001071
0.999852 -0.017211 -0.000001
0.995379 0.096027 -0.000001
0.995379 0.096027 -0.000001
0.995294 0.096797 0.004513
0.999821 -0.018901 0.001071
0.997119 -0.060535 0.045700
0.985993 -0.067165 0.152665
0.996966 -0.062621 0.046239
0.985993 -0.067165 0.152665
0.997119 -0.060535 0.045700
0.986495 -0.057816 0.153245
0.985967 -0.067416 -0.152723
0.986509 -0.057686 -0.153208
0.997219 -0.060469 -0.043562
0.985967 -0.067416 -0.152723
0.997219 -0.060469 -0.043562
0.997056 -0.062771 -0.044030
0.980182 -0.154619 0.123838
0.977655 -0.194584 0.079544
0.994216 -0.104313 0.025570
0.980182 -0.154619 0.123838
0.994216 -0.104313 0.025570
0.995220 -0.089955 0.038002
0.994349 -0.103270 -0.024603
0.980127 -0.154786 -0.124064
0.995358 -0.088955 -0.036743
0.980127 -0.154786 -0.124064
0.994349 -0.103270 -0.024603
0.977598 -0.194930 -0.079398
0.975777 -0.218752 0.002387
0.994488 -0.104845 0.000578
0.994295 -0.106276 0.009121
0.975777 -0.218752 0.002387
0.994295 -0.106276 0.009121
0.975847 -0.216554 0.028747
0.977655 -0.194584 0.079544
0.975847 -0.216554 0.028747
0.994295 -0.106276 0.009121
0.977655 -0.194584 0.079544
0.994295 -0.106276 0.009121
0.994216 -0.104313 0.025570
0.994345 -0.105842 -0.008680
0.977598 -0.194930 -0.079398
0.994349 -0.103270 -0.024603
0.977598 -0.194930 -0.079398
0.994345 -0.105842 -0.008680
0.975797 -0.216837 -0.028328
0.998133 -0.061085 0.000016
0.998135 -0.061048 0.000021
0.998132 -0.061097 0.000026
0.998135 -0.061048 0.000021
0.998133 -0.061085 0.000016
0.998135 -0.061051 -0.000040
0.999759 -0.020344 0.008311
0.998135 -0.061052 -0.000044
0.999821 -0.018901 0.001071
0.998135 -0.061052 -0.000044
0.999759 -0.020344 0.008311
0.998135 -0.061044 -0.000042
0.994345 -0.105842 -0.008680
0.975771 -0.218784 -0.002282
0.975797 -0.216837 -0.028328
0.975771 -0.218784 -0.002282
0.994345 -0.105842 -0.008680
0.994493 -0.104801 -0.000538
0.999757 -0.020504 -0.008131
0.998135 -0.061050 0.000007
0.998135 -0.061048 0.000021
0.998135 -0.061050 0.000007
0.999757 -0.020504 -0.008131
0.999820 -0.018917 -0.001045
0.994488 -0.104845 0.000578
0.998133 -0.061074 -0.000050
0.998130 -0.061120 -0.000038
0.994488 -0.104845 0.000578
0.998130 -0.061120 -0.000038
0.994295 -0.106276 0.009121
0.998135 -0.061044 -0.000042
0.998133 -0.061074 -0.000050
0.998135 -0.061052 -0.000044
0.998133 -0.061074 -0.000050
0.998135 -0.061044 -0.000042
0.998130 -0.061120 -0.000038
0.998132 -0.061097 0.000026
0.994493 -0.104801 -0.000538
0.994345 -0.105842 -0.008680
0.994493 -0.104801 -0.000538
0.998132 -0.061097 0.000026
0.998133 -0.061073 -0.000011
0.998135 -0.061048 0.000021
0.998133 -0.061073 -0.000011
0.998132 -0.061097 0.000026
0.998133 -0.061073 -0.000011
0.998135 -0.061048 0.000021
0.998135 -0.061050 0.000007
0.975777 -0.218752 0.002387
0.975911 -0.218169 -0.000000
0.994319 -0.106443 0.000003
0.994319 -0.106443 0.000003
0.994488 -0.104845 0.000578
0.975777 -0.218752 0.002387
0.975771 -0.218784 -0.002282
0.994319 -0.106443 0.000003
0.975911 -0.218169 -0.000000
0.994319 -0.106443 0.000003
0.975771 -0.218784 -0.002282
0.994493 -0.104801 -0.000538
0.998135 -0.061052 0.000002
0.999821 -0.018901 0.001071
0.998135 -0.061052 -0.000044
0.999821 -0.018901 0.001071
0.998135 -0.061052 0.000002
0.999852 -0.017211 -0.000001
0.999820 -0.018917 -0.001045
0.998135 -0.061052 0.000002
0.998135 -0.061050 0.000007
0.998135 -0.061052 0.000002
0.999820 -0.018917 -0.001045
0.999852 -0.017211 -0.000001
0.998135 -0.061050 0.000005
0.994488 -0.104845 0.000578
0.994319 -0.106443 0.000003
0.994488 -0.104845 0.000578
0.998135 -0.061050 0.000005
0.998133 -0.061074 -0.000050
0.998133 -0.061073 -0.000011
0.998135 -0.061050 0.000005
0.994493 -0.104801 -0.000538
0.994493 -0.104801 -0.000538
0.998135 -0.061050 0.000005
0.994319 -0.106443 0.000003
0.998135 -0.061050 0.000005
0.998135 -0.061052 0.000002
0.998133 -0.061074 -0.000050
0.998135 -0.061052 0.000002
0.998135 -0.061052 -0.000044
0.998133 -0.061074 -0.000050
0.998133 -0.061073 -0.000011
0.998135 -0.061052 0.000002
0.998135 -0.061050 0.000005
0.998135 -0.061052 0.000002
0.998133 -0.061073 -0.000011
0.998135 -0.061050 0.000007
0.985993 -0.067165 0.152665
0.996199 -0.073011 0.047519
0.996966 -0.062621 0.046239
0.996199 -0.073011 0.047519
0.985993 -0.067165 0.152665
0.983517 -0.103448 0.148302
0.998134 -0.061066 0.000164
0.996966 -0.062621 0.046239
0.996199 -0.073011 0.047519
0.998134 -0.061066 0.000164
0.995220 -0.089955 0.038002
0.994216 -0.104313 0.025570
0.995220 -0.089955 0.038002
0.998134 -0.061066 0.000164
0.996199 -0.073011 0.047519
0.996199 -0.073011 0.047519
0.983517 -0.103448 0.148302
0.995220 -0.089955 0.038002
0.983517 -0.103448 0.148302
0.980182 -0.154619 0.123838
0.995220 -0.089955 0.038002
0.998130 -0.061120 -0.000038
0.994216 -0.104313 0.025570
0.994295 -0.106276 0.009121
0.994216 -0.104313 0.025570
0.998130 -0.061120 -0.000038
0.998134 -0.061066 0.000164
0.985967 -0.067416 -0.152723
0.996305 -0.072778 -0.045601
0.983441 -0.103816 -0.148548
0.996305 -0.072778 -0.045601
0.985967 -0.067416 -0.152723
0.997056 -0.062771 -0.044030
0.996305 -0.072778 -0.045601
0.997056 -0.062771 -0.044030
0.998133 -0.061085 0.000016
0.998133 -0.061085 0.000016
0.994349 -0.103270 -0.024603
0.995358 -0.088955 -0.036743
0.998133 -0.061085 0.000016
0.995358 -0.088955 -0.036743
0.996305 -0.072778 -0.045601
0.995358 -0.088955 -0.036743
0.983441 -0.103816 -0.148548
0.996305 -0.072778 -0.045601
0.983441 -0.103816 -0.148548
0.995358 -0.088955 -0.036743
0.980127 -0.154786 -0.124064
0.994349 -0.103270 -0.024603
0.998133 -0.061085 0.000016
0.998132 -0.061097 0.000026
0.998132 -0.061097 0.000026
0.994345 -0.105842 -0.008680
0.994349 -0.103270 -0.024603
0.998205 -0.038457 0.045919
0.998133 -0.061074 0.000162
0.999401 -0.023481 0.025433
0.998133 -0.061074 0.000162
0.998205 -0.038457 0.045919
0.997397 -0.055068 0.046548
0.998205 -0.038457 0.045919
0.987153 -0.035167 0.155860
0.997397 -0.055068 0.046548
0.987153 -0.035167 0.155860
0.998205 -0.038457 0.045919
0.990225 0.015948 0.138562
0.997397 -0.055068 0.046548
0.986495 -0.057816 0.153245
0.997119 -0.060535 0.045700
0.986495 -0.057816 0.153245
0.997397 -0.055068 0.046548
0.987153 -0.035167 0.155860
0.997397 -0.055068 0.046548
0.997119 -0.060535 0.045700
0.998133 -0.061074 0.000162
0.997119 -0.060535 0.045700
0.998134 -0.061066 0.000164
0.998133 -0.061074 0.000162
0.998134 -0.061066 0.000164
0.997119 -0.060535 0.045700
0.996966 -0.062621 0.046239
0.999401 -0.023481 0.025433
0.998135 -0.061044 -0.000042
0.999759 -0.020344 0.008311
0.998135 -0.061044 -0.000042
0.999401 -0.023481 0.025433
0.998133 -0.061074 0.000162
0.998135 -0.061044 -0.000042
0.998134 -0.061066 0.000164
0.998130 -0.061120 -0.000038
0.998134 -0.061066 0.000164
0.998135 -0.061044 -0.000042
0.998133 -0.061074 0.000162
0.998262 -0.038929 -0.044239
0.998135 -0.061051 -0.000040
0.997481 -0.055175 -0.044579
0.998135 -0.061051 -0.000040
0.998262 -0.038929 -0.044239
0.999408 -0.023939 -0.024721
0.998262 -0.038929 -0.044239
0.987154 -0.034887 -0.155914
0.990205 0.016399 -0.138657
0.987154 -0.034887 -0.155914
0.998262 -0.038929 -0.044239
0.997481 -0.055175 -0.044579
0.986509 -0.057686 -0.153208
0.987154 -0.034887 -0.155914
0.997481 -0.055175 -0.044579
0.986509 -0.057686 -0.153208
0.997481 -0.055175 -0.044579
0.997219 -0.060469 -0.043562
0.998135 -0.061051 -0.000040
0.997219 -0.060469 -0.043562
0.997481 -0.055175 -0.044579
0.997219 -0.060469 -0.043562
0.998133 -0.061085 0.000016
0.997056 -0.062771 -0.044030
0.998133 -0.061085 0.000016
0.997219 -0.060469 -0.043562
0.998135 -0.061051 -0.000040
0.999408 -0.023939 -0.024721
0.998135 -0.061048 0.000021
0.998135 -0.061051 -0.000040
0.998135 -0.061048 0.000021
0.999408 -0.023939 -0.024721
0.999757 -0.020504 -0.008131
</float_array>
          <technique_common>
            <accessor source="#body_link2_01-Normal0-array" count="5172" stride="3">
              <param name="X" type="float"/>
              <param name="Y" type="float"/>
              <param name="Z" type="float"/>
            </accessor>
          </technique_common>
        </source>
        <vertices id="body_link2_01-VERTEX">
          <input semantic="POSITION" source="#body_link2_01-POSITION"/>
        </vertices>
        <triangles count="1724" material="white">
          <input semantic="VERTEX" offset="0" source="#body_link2_01-VERTEX"/>
          <input semantic="NORMAL" offset="1" source="#body_link2_01-Normal0"/>
          <p> 50 0 61 1 49 2 61 3 50 4 60 5 60 6 51 7 59 8 51 9 60 10 50 11 57 12 53 13 56 14 56 15 53 16 54 17 54 18 55 19 56 20 61 21 48 22 49 23 48 24 61 25 62 26 48 27 62 28 47 29 47 30 62 31 63 32 47 33 63 34 46 35 46 36 63 37 64 38 65 39 44 40 45 41 46 42 64 43 45 44 45 45 64 46 65 47 12 48 22 49 11 50 22 51 12 52 43 53 32 54 33 55 0 56 0 57 1 58 32 59 11 60 23 61 10 62 23 63 11 64 22 65 10 66 24 67 9 68 24 69 10 70 23 71 25 72 9 73 24 74 9 75 25 76 8 77 26 78 8 79 25 80 8 81 26 82 7 83 26 84 27 85 6 86 26 87 6 88 7 89 5 90 27 91 28 92 27 93 5 94 6 95 28 96 4 97 5 98 4 99 28 100 29 101 3 102 4 103 29 104 3 105 29 106 30 107 1 108 31 109 32 110 31 111 1 112 2 113 2 114 3 115 30 116 2 117 30 118 31 119 12 120 13 121 42 122 42 123 43 124 12 125 13 126 41 127 42 128 41 129 13 130 20 131 81 132 20 133 13 134 41 135 19 136 40 137 19 138 41 139 20 140 40 141 21 142 39 143 21 144 40 145 19 146 18 147 39 148 21 149 39 150 18 151 38 152 17 153 38 154 18 155 38 156 17 157 37 158 16 159 37 160 17 161 37 162 16 163 36 164 36 165 15 166 35 167 15 168 36 169 16 170 34 171 35 172 15 173 34 174 15 175 14 176 14 177 33 178 34 179 33 180 14 181 0 182 20 183 83 184 19 185 83 186 20 187 81 188 81 189 106 190 83 191 106 192 81 193 82 194 85 195 19 196 83 197 19 198 85 199 21 200 16 201 89 202 15 203 89 204 16 205 88 206 16 207 17 208 88 209 87 210 88 211 17 212 17 213 18 214 87 215 86 216 87 217 18 218 85 219 86 220 21 221 21 222 86 223 18 224 15 225 90 226 14 227 90 228 15 229 89 230 130 231 131 232 149 233 149 234 151 235 130 236 147 237 131 238 132 239 131 240 147 241 149 242 134 243 139 244 135 245 139 246 134 247 141 248 135 249 137 250 136 251 137 252 135 253 139 254 130 255 129 256 156 257 156 258 131 259 130 260 151 261 129 262 130 263 151 264 153 265 129 266 155 267 131 268 156 269 131 270 155 271 132 272 158 273 133 274 134 275 134 276 135 277 158 278 133 279 141 280 134 281 141 282 133 283 143 284 158 285 135 286 157 287 135 288 136 289 157 290 153 291 145 292 128 293 153 294 128 295 129 296 128 297 160 298 129 299 160 300 156 301 129 302 143 303 128 304 145 305 128 306 143 307 133 308 133 309 160 310 128 311 160 312 133 313 158 314 159 315 156 316 160 317 156 318 159 319 155 320 160 321 158 322 159 323 158 324 157 325 159 326 132 327 97 328 147 329 97 330 132 331 93 332 93 333 163 334 97 335 163 336 162 337 97 338 155 339 93 340 132 341 93 342 155 343 126 344 126 345 163 346 93 347 163 348 126 349 164 350 159 351 126 352 155 353 126 354 159 355 125 356 125 357 164 358 126 359 164 360 125 361 165 362 159 363 157 364 127 365 159 366 127 367 125 368 125 369 127 370 166 371 125 372 166 373 165 374 157 375 136 376 94 377 157 378 94 379 127 380 127 381 94 382 167 383 127 384 167 385 166 386 137 387 94 388 136 389 94 390 137 391 96 392 96 393 168 394 94 395 168 396 167 397 94 398 163 399 100 400 162 401 100 402 163 403 99 404 99 405 171 406 100 407 171 408 99 409 172 410 164 411 99 412 163 413 99 414 164 415 123 416 99 417 123 418 173 419 99 420 173 421 172 422 165 423 123 424 164 425 123 426 165 427 122 428 122 429 173 430 123 431 173 432 122 433 174 434 165 435 166 436 124 437 165 438 124 439 122 440 124 441 174 442 122 443 174 444 124 445 175 446 166 447 114 448 124 449 114 450 166 451 167 452 114 453 175 454 124 455 175 456 114 457 176 458 168 459 114 460 167 461 114 462 168 463 116 464 116 465 176 466 114 467 176 468 116 469 177 470 85 471 83 472 91 473 106 474 104 475 91 476 91 477 83 478 106 479 171 480 98 481 102 482 98 483 171 484 172 485 104 486 180 487 181 488 181 489 91 490 104 491 98 492 181 493 102 494 102 495 181 496 180 497 107 498 85 499 91 500 85 501 107 502 86 503 172 504 173 505 119 506 172 507 119 508 98 509 181 510 107 511 91 512 107 513 181 514 182 515 98 516 119 517 182 518 98 519 182 520 181 521 108 522 86 523 107 524 86 525 108 526 87 527 173 528 174 529 120 530 173 531 120 532 119 533 182 534 108 535 107 536 108 537 182 538 183 539 119 540 120 541 183 542 119 543 183 544 182 545 109 546 87 547 108 548 87 549 109 550 88 551 175 552 120 553 174 554 120 555 175 556 121 557 183 558 184 559 108 560 184 561 109 562 108 563 121 564 183 565 120 566 183 567 121 568 184 569 88 570 110 571 89 572 110 573 88 574 109 575 176 576 121 577 175 578 121 579 176 580 113 581 184 582 185 583 109 584 185 585 110 586 109 587 113 588 184 589 121 590 184 591 113 592 185 593 111 594 89 595 110 596 89 597 111 598 90 599 177 600 113 601 176 602 113 603 177 604 115 605 110 606 185 607 186 608 186 609 111 610 110 611 115 612 185 613 113 614 185 615 115 616 186 617 79 618 14 619 90 620 112 621 90 622 111 623 90 624 112 625 79 626 187 627 111 628 186 629 111 630 187 631 112 632 186 633 115 634 118 635 118 636 187 637 186 638 178 639 115 640 177 641 115 642 178 643 118 644 187 645 192 646 191 647 192 648 187 649 118 650 116 651 178 652 177 653 178 654 116 655 117 656 95 657 169 658 168 659 95 660 168 661 96 662 169 663 117 664 168 665 117 666 116 667 168 668 178 669 117 670 193 671 194 672 193 673 117 674 118 675 193 676 192 677 193 678 118 679 178 680 117 681 195 682 194 683 195 684 117 685 169 686 96 687 138 688 95 689 138 690 96 691 137 692 137 693 139 694 138 695 140 696 138 697 139 698 169 699 188 700 195 701 188 702 169 703 95 704 196 705 95 706 138 707 95 708 196 709 188 710 138 711 197 712 196 713 197 714 138 715 140 716 141 717 144 718 142 719 144 720 141 721 143 722 141 723 140 724 139 725 140 726 141 727 142 728 197 729 142 730 198 731 142 732 197 733 140 734 143 735 146 736 144 737 146 738 143 739 145 740 199 741 142 742 144 743 142 744 199 745 198 746 145 747 154 748 146 749 154 750 145 751 153 752 144 753 200 754 199 755 200 756 144 757 146 758 152 759 153 760 151 761 153 762 152 763 154 764 201 765 146 766 154 767 146 768 201 769 200 770 150 771 151 772 149 773 151 774 150 775 152 776 202 777 201 778 152 779 201 780 154 781 152 782 147 783 92 784 148 785 92 786 147 787 97 788 149 789 148 790 150 791 148 792 149 793 147 794 150 795 205 796 203 797 205 798 150 799 148 800 152 801 203 802 202 803 203 804 152 805 150 806 104 807 84 808 105 809 84 810 104 811 106 812 179 813 104 814 105 815 104 816 179 817 180 818 102 819 179 820 103 821 179 822 102 823 180 824 103 825 170 826 171 827 171 828 102 829 103 830 100 831 170 832 101 833 170 834 100 835 171 836 97 837 161 838 92 839 161 840 97 841 162 842 101 843 161 844 162 845 162 846 100 847 101 848 148 849 204 850 205 851 204 852 148 853 92 854 92 855 212 856 204 857 212 858 92 859 161 860 161 861 211 862 212 863 211 864 161 865 101 866 101 867 210 868 211 869 210 870 101 871 170 872 179 873 207 874 208 875 207 876 179 877 105 878 103 879 208 880 209 881 208 882 103 883 179 884 170 885 209 886 210 887 209 888 170 889 103 890 82 891 84 892 106 893 68 894 80 895 12 896 80 897 13 898 12 899 81 900 13 901 80 902 80 903 82 904 81 905 105 906 206 907 207 908 206 909 105 910 84 911 12 912 11 913 68 914 67 915 68 916 11 917 14 918 69 919 0 920 69 921 14 922 79 923 1 924 0 925 66 926 69 927 66 928 0 929 66 930 78 931 1 932 78 933 2 934 1 935 78 936 3 937 2 938 3 939 78 940 77 941 216 942 217 943 66 944 217 945 78 946 66 947 77 948 76 949 3 950 76 951 4 952 3 953 217 954 218 955 78 956 218 957 77 958 78 959 5 960 76 961 75 962 76 963 5 964 4 965 218 966 76 967 77 968 76 969 218 970 219 971 70 972 67 973 10 974 67 975 11 976 10 977 68 978 214 979 213 980 214 981 68 982 67 983 71 984 70 985 9 986 70 987 10 988 9 989 221 990 214 991 70 992 214 993 67 994 70 995 72 996 71 997 8 998 8 999 71 1000 9 1001 222 1002 70 1003 71 1004 70 1005 222 1006 221 1007 8 1008 73 1009 72 1010 73 1011 8 1012 7 1013 223 1014 71 1015 72 1016 71 1017 223 1018 222 1019 75 1020 74 1021 5 1022 74 1023 6 1024 5 1025 74 1026 73 1027 6 1028 73 1029 7 1030 6 1031 57 1032 52 1033 53 1034 58 1035 52 1036 57 1037 59 1038 52 1039 58 1040 52 1041 59 1042 51 1043 66 1044 215 1045 216 1046 215 1047 66 1048 69 1049 224 1050 72 1051 73 1052 72 1053 224 1054 223 1055 219 1056 220 1057 76 1058 220 1059 75 1060 76 1061 220 1062 225 1063 75 1064 225 1065 74 1066 75 1067 73 1068 74 1069 224 1070 225 1071 224 1072 74 1073 189 1074 69 1075 79 1076 69 1077 189 1078 215 1079 190 1080 189 1081 79 1082 190 1083 79 1084 112 1085 112 1086 191 1087 190 1088 191 1089 112 1090 187 1091 226 1092 82 1093 80 1094 82 1095 226 1096 227 1097 213 1098 226 1099 80 1100 213 1101 80 1102 68 1103 206 1104 82 1105 227 1106 82 1107 206 1108 84 1109 229 1110 228 1111 191 1112 191 1113 192 1114 229 1115 230 1116 229 1117 192 1118 192 1119 193 1120 230 1121 230 1122 194 1123 231 1124 194 1125 230 1126 193 1127 232 1128 231 1129 194 1130 194 1131 195 1132 232 1133 233 1134 232 1135 195 1136 195 1137 188 1138 233 1139 234 1140 233 1141 188 1142 188 1143 196 1144 234 1145 235 1146 234 1147 196 1148 196 1149 197 1150 235 1151 198 1152 235 1153 197 1154 235 1155 198 1156 236 1157 199 1158 236 1159 198 1160 236 1161 199 1162 237 1163 237 1164 200 1165 238 1166 200 1167 237 1168 199 1169 239 1170 238 1171 200 1172 239 1173 200 1174 201 1175 240 1176 239 1177 201 1178 201 1179 202 1180 240 1181 241 1182 240 1183 202 1184 202 1185 203 1186 241 1187 205 1188 241 1189 203 1190 241 1191 205 1192 242 1193 204 1194 242 1195 205 1196 242 1197 204 1198 243 1199 212 1200 243 1201 204 1202 243 1203 212 1204 244 1205 211 1206 244 1207 212 1208 244 1209 211 1210 245 1211 210 1212 245 1213 211 1214 245 1215 210 1216 246 1217 247 1218 210 1219 209 1220 210 1221 247 1222 246 1223 208 1224 247 1225 209 1226 247 1227 208 1228 248 1229 249 1230 208 1231 207 1232 208 1233 249 1234 248 1235 250 1236 207 1237 206 1238 207 1239 250 1240 249 1241 251 1242 206 1243 227 1244 206 1245 251 1246 250 1247 251 1248 226 1249 252 1250 226 1251 251 1252 227 1253 252 1254 213 1255 253 1256 213 1257 252 1258 226 1259 213 1260 254 1261 253 1262 254 1263 213 1264 214 1265 214 1266 255 1267 254 1268 255 1269 214 1270 221 1271 256 1272 255 1273 221 1274 221 1275 222 1276 256 1277 257 1278 256 1279 222 1280 222 1281 223 1282 257 1283 258 1284 257 1285 223 1286 223 1287 224 1288 258 1289 225 1290 258 1291 224 1292 258 1293 225 1294 259 1295 260 1296 225 1297 220 1298 225 1299 260 1300 259 1301 260 1302 219 1303 261 1304 219 1305 260 1306 220 1307 261 1308 218 1309 262 1310 218 1311 261 1312 219 1313 262 1314 217 1315 263 1316 217 1317 262 1318 218 1319 263 1320 216 1321 264 1322 216 1323 263 1324 217 1325 264 1326 215 1327 265 1328 215 1329 264 1330 216 1331 265 1332 189 1333 266 1334 189 1335 265 1336 215 1337 267 1338 266 1339 189 1340 189 1341 190 1342 267 1343 228 1344 267 1345 190 1346 190 1347 191 1348 228 1349 329 1350 318 1351 317 1352 318 1353 329 1354 328 1355 328 1356 319 1357 318 1358 319 1359 328 1360 327 1361 321 1362 325 1363 324 1364 321 1365 324 1366 322 1367 322 1368 324 1369 323 1370 329 1371 316 1372 330 1373 316 1374 329 1375 317 1376 330 1377 315 1378 331 1379 315 1380 330 1381 316 1382 331 1383 314 1384 332 1385 331 1386 315 1387 314 1388 333 1389 313 1390 312 1391 332 1392 313 1393 333 1394 332 1395 314 1396 313 1397 280 1398 290 1399 311 1400 290 1401 280 1402 279 1403 301 1404 300 1405 268 1406 269 1407 268 1408 300 1409 291 1410 279 1411 278 1412 279 1413 291 1414 290 1415 278 1416 292 1417 291 1418 292 1419 278 1420 277 1421 277 1422 293 1423 292 1424 293 1425 277 1426 276 1427 276 1428 294 1429 293 1430 294 1431 276 1432 275 1433 295 1434 294 1435 274 1436 275 1437 274 1438 294 1439 296 1440 295 1441 273 1442 274 1443 273 1444 295 1445 296 1446 272 1447 297 1448 272 1449 296 1450 273 1451 297 1452 271 1453 298 1454 271 1455 297 1456 272 1457 269 1458 299 1459 270 1460 299 1461 269 1462 300 1463 270 1464 298 1465 271 1466 298 1467 270 1468 299 1469 311 1470 310 1471 280 1472 310 1473 281 1474 280 1475 310 1476 309 1477 281 1478 281 1479 309 1480 288 1481 349 1482 281 1483 288 1484 287 1485 309 1486 308 1487 309 1488 287 1489 288 1490 289 1491 308 1492 307 1493 308 1494 289 1495 287 1496 286 1497 307 1498 306 1499 307 1500 286 1501 289 1502 285 1503 306 1504 305 1505 306 1506 285 1507 286 1508 305 1509 284 1510 285 1511 284 1512 305 1513 304 1514 304 1515 283 1516 284 1517 283 1518 304 1519 303 1520 283 1521 302 1522 282 1523 302 1524 283 1525 303 1526 282 1527 301 1528 268 1529 301 1530 282 1531 302 1532 288 1533 351 1534 349 1535 351 1536 288 1537 287 1538 349 1539 374 1540 350 1541 374 1542 349 1543 351 1544 353 1545 351 1546 287 1547 353 1548 287 1549 289 1550 284 1551 357 1552 356 1553 357 1554 284 1555 283 1556 356 1557 285 1558 284 1559 285 1560 356 1561 355 1562 286 1563 285 1564 355 1565 355 1566 354 1567 286 1568 289 1569 286 1570 354 1571 354 1572 353 1573 289 1574 283 1575 358 1576 357 1577 358 1578 283 1579 282 1580 419 1581 417 1582 398 1583 417 1584 399 1585 398 1586 400 1587 399 1588 415 1589 417 1590 415 1591 399 1592 407 1593 402 1594 403 1595 402 1596 407 1597 409 1598 405 1599 403 1600 404 1601 403 1602 405 1603 407 1604 399 1605 424 1606 398 1607 424 1608 397 1609 398 1610 421 1611 419 1612 397 1613 397 1614 419 1615 398 1616 423 1617 399 1618 400 1619 399 1620 423 1621 424 1622 426 1623 402 1624 401 1625 402 1626 426 1627 403 1628 401 1629 409 1630 411 1631 409 1632 401 1633 402 1634 425 1635 404 1636 403 1637 425 1638 403 1639 426 1640 413 1641 421 1642 396 1643 397 1644 396 1645 421 1646 424 1647 428 1648 397 1649 428 1650 396 1651 397 1652 396 1653 411 1654 413 1655 411 1656 396 1657 401 1658 428 1659 401 1660 396 1661 401 1662 428 1663 426 1664 427 1665 424 1666 423 1667 424 1668 427 1669 428 1670 427 1671 425 1672 426 1673 427 1674 426 1675 428 1676 365 1677 400 1678 415 1679 400 1680 365 1681 361 1682 365 1683 430 1684 431 1685 431 1686 361 1687 365 1688 361 1689 423 1690 400 1691 423 1692 361 1693 394 1694 431 1695 394 1696 361 1697 394 1698 431 1699 432 1700 394 1701 427 1702 423 1703 427 1704 394 1705 393 1706 432 1707 393 1708 394 1709 393 1710 432 1711 433 1712 393 1713 395 1714 427 1715 395 1716 425 1717 427 1718 433 1719 434 1720 393 1721 434 1722 395 1723 393 1724 395 1725 362 1726 425 1727 362 1728 404 1729 425 1730 434 1731 435 1732 395 1733 435 1734 362 1735 395 1736 362 1737 405 1738 404 1739 405 1740 362 1741 364 1742 362 1743 435 1744 436 1745 436 1746 364 1747 362 1748 367 1749 431 1750 368 1751 368 1752 431 1753 430 1754 439 1755 367 1756 368 1757 367 1758 439 1759 440 1760 367 1761 432 1762 431 1763 432 1764 367 1765 391 1766 440 1767 441 1768 367 1769 441 1770 391 1771 367 1772 391 1773 433 1774 432 1775 433 1776 391 1777 390 1778 441 1779 390 1780 391 1781 390 1782 441 1783 442 1784 390 1785 392 1786 433 1787 392 1788 434 1789 433 1790 442 1791 392 1792 390 1793 392 1794 442 1795 443 1796 382 1797 434 1798 392 1799 434 1800 382 1801 435 1802 443 1803 382 1804 392 1805 382 1806 443 1807 444 1808 384 1809 436 1810 382 1811 382 1812 436 1813 435 1814 444 1815 384 1816 382 1817 384 1818 444 1819 445 1820 353 1821 359 1822 351 1823 351 1824 359 1825 374 1826 374 1827 359 1828 372 1829 366 1830 439 1831 370 1832 439 1833 366 1834 440 1835 359 1836 449 1837 372 1838 372 1839 449 1840 448 1841 370 1842 448 1843 449 1844 449 1845 366 1846 370 1847 375 1848 353 1849 354 1850 353 1851 375 1852 359 1853 366 1854 387 1855 440 1856 387 1857 441 1858 440 1859 375 1860 449 1861 359 1862 449 1863 375 1864 450 1865 449 1866 450 1867 366 1868 450 1869 387 1870 366 1871 376 1872 354 1873 355 1874 354 1875 376 1876 375 1877 387 1878 388 1879 441 1880 388 1881 442 1882 441 1883 376 1884 450 1885 375 1886 450 1887 376 1888 451 1889 450 1890 451 1891 387 1892 451 1893 388 1894 387 1895 355 1896 377 1897 376 1898 377 1899 355 1900 356 1901 388 1902 443 1903 442 1904 443 1905 388 1906 389 1907 376 1908 377 1909 452 1910 376 1911 452 1912 451 1913 451 1914 389 1915 388 1916 389 1917 451 1918 452 1919 356 1920 378 1921 377 1922 378 1923 356 1924 357 1925 381 1926 444 1927 389 1928 389 1929 444 1930 443 1931 377 1932 378 1933 453 1934 377 1935 453 1936 452 1937 452 1938 381 1939 389 1940 381 1941 452 1942 453 1943 357 1944 379 1945 378 1946 379 1947 357 1948 358 1949 383 1950 445 1951 381 1952 381 1953 445 1954 444 1955 379 1956 454 1957 378 1958 378 1959 454 1960 453 1961 453 1962 383 1963 381 1964 383 1965 453 1966 454 1967 347 1968 358 1969 282 1970 358 1971 380 1972 379 1973 380 1974 358 1975 347 1976 379 1977 455 1978 454 1979 455 1980 379 1981 380 1982 455 1983 386 1984 454 1985 454 1986 386 1987 383 1988 383 1989 446 1990 445 1991 446 1992 383 1993 386 1994 455 1995 460 1996 386 1997 460 1998 455 1999 459 2000 446 2001 384 2002 445 2003 384 2004 446 2005 385 2006 437 2007 363 2008 436 2009 364 2010 436 2011 363 2012 436 2013 384 2014 385 2015 385 2016 437 2017 436 2018 385 2019 446 2020 461 2021 385 2022 461 2023 462 2024 386 2025 461 2026 446 2027 461 2028 386 2029 460 2030 385 2031 463 2032 437 2033 463 2034 385 2035 462 2036 364 2037 406 2038 405 2039 406 2040 364 2041 363 2042 407 2043 405 2044 406 2045 406 2046 408 2047 407 2048 437 2049 456 2050 363 2051 456 2052 437 2053 463 2054 363 2055 464 2056 406 2057 464 2058 363 2059 456 2060 406 2061 465 2062 408 2063 465 2064 406 2065 464 2066 412 2067 409 2068 410 2069 409 2070 412 2071 411 2072 409 2073 408 2074 410 2075 408 2076 409 2077 407 2078 410 2079 465 2080 466 2081 465 2082 410 2083 408 2084 411 2085 414 2086 413 2087 414 2088 411 2089 412 2090 410 2091 467 2092 412 2093 467 2094 410 2095 466 2096 413 2097 422 2098 421 2099 422 2100 413 2101 414 2102 412 2103 468 2104 414 2105 468 2106 412 2107 467 2108 421 2109 420 2110 419 2111 420 2112 421 2113 422 2114 414 2115 469 2116 422 2117 469 2118 414 2119 468 2120 418 2121 419 2122 420 2123 419 2124 418 2125 417 2126 420 2127 422 2128 469 2129 420 2130 469 2131 470 2132 415 2133 360 2134 365 2135 360 2136 415 2137 416 2138 416 2139 417 2140 418 2141 417 2142 416 2143 415 2144 418 2145 473 2146 416 2147 473 2148 418 2149 471 2150 420 2151 471 2152 418 2153 471 2154 420 2155 470 2156 352 2157 372 2158 373 2159 372 2160 352 2161 374 2162 372 2163 447 2164 373 2165 447 2166 372 2167 448 2168 447 2169 370 2170 371 2171 370 2172 447 2173 448 2174 370 2175 439 2176 371 2177 371 2178 439 2179 438 2180 438 2181 368 2182 369 2183 368 2184 438 2185 439 2186 365 2187 429 2188 430 2189 429 2190 365 2191 360 2192 368 2193 430 2194 369 2195 369 2196 430 2197 429 2198 416 2199 472 2200 360 2201 472 2202 416 2203 473 2204 360 2205 480 2206 429 2207 480 2208 360 2209 472 2210 429 2211 479 2212 369 2213 479 2214 429 2215 480 2216 369 2217 478 2218 438 2219 478 2220 369 2221 479 2222 447 2223 475 2224 373 2225 475 2226 447 2227 476 2228 371 2229 476 2230 447 2231 476 2232 371 2233 477 2234 438 2235 477 2236 371 2237 477 2238 438 2239 478 2240 350 2241 374 2242 352 2243 280 2244 281 2245 348 2246 348 2247 336 2248 280 2249 349 2250 348 2251 281 2252 348 2253 349 2254 350 2255 373 2256 474 2257 352 2258 474 2259 373 2260 475 2261 279 2262 280 2263 336 2264 336 2265 335 2266 279 2267 337 2268 282 2269 268 2270 282 2271 337 2272 347 2273 268 2274 269 2275 334 2276 268 2277 334 2278 337 2279 269 2280 270 2281 346 2282 346 2283 334 2284 269 2285 271 2286 346 2287 270 2288 346 2289 271 2290 345 2291 334 2292 346 2293 485 2294 334 2295 485 2296 484 2297 344 2298 345 2299 271 2300 344 2301 271 2302 272 2303 346 2304 345 2305 486 2306 346 2307 486 2308 485 2309 273 2310 344 2311 272 2312 344 2313 273 2314 343 2315 344 2316 486 2317 345 2318 486 2319 344 2320 487 2321 278 2322 279 2323 335 2324 335 2325 338 2326 278 2327 336 2328 482 2329 335 2330 482 2331 336 2332 481 2333 277 2334 278 2335 338 2336 338 2337 339 2338 277 2339 338 2340 335 2341 482 2342 338 2343 482 2344 489 2345 276 2346 277 2347 339 2348 339 2349 340 2350 276 2351 338 2352 490 2353 339 2354 490 2355 338 2356 489 2357 276 2358 341 2359 275 2360 341 2361 276 2362 340 2363 339 2364 491 2365 340 2366 491 2367 339 2368 490 2369 273 2370 274 2371 342 2372 342 2373 343 2374 273 2375 341 2376 342 2377 274 2378 341 2379 274 2380 275 2381 325 2382 320 2383 326 2384 320 2385 325 2386 321 2387 327 2388 320 2389 319 2390 320 2391 327 2392 326 2393 334 2394 483 2395 337 2396 483 2397 334 2398 484 2399 340 2400 492 2401 341 2402 492 2403 340 2404 491 2405 344 2406 343 2407 488 2408 344 2409 488 2410 487 2411 343 2412 342 2413 493 2414 343 2415 493 2416 488 2417 342 2418 341 2419 492 2420 342 2421 492 2422 493 2423 337 2424 457 2425 347 2426 457 2427 337 2428 483 2429 347 2430 458 2431 380 2432 458 2433 347 2434 457 2435 380 2436 459 2437 455 2438 459 2439 380 2440 458 2441 350 2442 494 2443 348 2444 494 2445 350 2446 495 2447 348 2448 481 2449 336 2450 481 2451 348 2452 494 2453 352 2454 474 2455 350 2456 350 2457 474 2458 495 2459 460 2460 459 2461 497 2462 459 2463 496 2464 497 2465 461 2466 460 2467 498 2468 460 2469 497 2470 498 2471 462 2472 498 2473 499 2474 498 2475 462 2476 461 2477 463 2478 462 2479 500 2480 462 2481 499 2482 500 2483 456 2484 463 2485 501 2486 463 2487 500 2488 501 2489 464 2490 456 2491 502 2492 502 2493 456 2494 501 2495 465 2496 464 2497 503 2498 503 2499 464 2500 502 2501 503 2502 466 2503 465 2504 466 2505 503 2506 504 2507 504 2508 467 2509 466 2510 467 2511 504 2512 505 2513 505 2514 468 2515 467 2516 468 2517 505 2518 506 2519 506 2520 507 2521 468 2522 469 2523 468 2524 507 2525 470 2526 469 2527 508 2528 469 2529 507 2530 508 2531 471 2532 470 2533 509 2534 509 2535 470 2536 508 2537 509 2538 473 2539 471 2540 473 2541 509 2542 510 2543 510 2544 472 2545 473 2546 472 2547 510 2548 511 2549 511 2550 480 2551 472 2552 480 2553 511 2554 512 2555 512 2556 479 2557 480 2558 479 2559 512 2560 513 2561 513 2562 478 2563 479 2564 478 2565 513 2566 514 2567 515 2568 478 2569 514 2570 478 2571 515 2572 477 2573 515 2574 476 2575 477 2576 476 2577 515 2578 516 2579 517 2580 476 2581 516 2582 476 2583 517 2584 475 2585 518 2586 475 2587 517 2588 475 2589 518 2590 474 2591 519 2592 474 2593 518 2594 474 2595 519 2596 495 2597 519 2598 494 2599 495 2600 494 2601 519 2602 520 2603 520 2604 481 2605 494 2606 481 2607 520 2608 521 2609 521 2610 522 2611 481 2612 481 2613 522 2614 482 2615 522 2616 523 2617 482 2618 489 2619 482 2620 523 2621 523 2622 524 2623 489 2624 490 2625 489 2626 524 2627 491 2628 490 2629 525 2630 490 2631 524 2632 525 2633 492 2634 491 2635 526 2636 526 2637 491 2638 525 2639 526 2640 493 2641 492 2642 493 2643 526 2644 527 2645 528 2646 493 2647 527 2648 493 2649 528 2650 488 2651 528 2652 487 2653 488 2654 487 2655 528 2656 529 2657 529 2658 486 2659 487 2660 486 2661 529 2662 530 2663 485 2664 530 2665 531 2666 530 2667 485 2668 486 2669 484 2670 531 2671 532 2672 531 2673 484 2674 485 2675 483 2676 532 2677 533 2678 532 2679 483 2680 484 2681 457 2682 533 2683 534 2684 533 2685 457 2686 483 2687 458 2688 457 2689 535 2690 457 2691 534 2692 535 2693 459 2694 458 2695 496 2696 458 2697 535 2698 496 2699 632 2700 608 2701 630 2702 608 2703 632 2704 610 2705 633 2706 609 2707 611 2708 609 2709 633 2710 631 2711 630 2712 606 2713 628 2714 606 2715 630 2716 608 2717 609 2718 631 2719 607 2720 607 2721 631 2722 629 2723 603 2724 629 2725 605 2726 629 2727 603 2728 607 2729 606 2730 602 2731 628 2732 628 2733 602 2734 604 2735 602 2736 538 2737 604 2738 604 2739 538 2740 539 2741 538 2742 605 2743 539 2744 605 2745 538 2746 603 2747 637 2748 617 2749 639 2750 617 2751 637 2752 615 2753 636 2754 616 2755 614 2756 616 2757 636 2758 638 2759 621 2760 645 2761 643 2762 645 2763 621 2764 623 2765 644 2766 620 2767 642 2768 620 2769 644 2770 622 2771 623 2772 625 2773 647 2774 623 2775 647 2776 645 2777 622 2778 646 2779 624 2780 646 2781 622 2782 644 2783 657 2784 645 2785 659 2786 647 2787 659 2788 645 2789 660 2790 644 2791 658 2792 644 2793 660 2794 646 2795 627 2796 647 2797 625 2798 647 2799 627 2800 649 2801 654 2802 605 2803 629 2804 654 2805 629 2806 652 2807 626 2808 646 2809 648 2810 646 2811 626 2812 624 2813 628 2814 655 2815 653 2816 655 2817 628 2818 604 2819 661 2820 654 2821 652 2822 661 2823 652 2824 659 2825 659 2826 647 2827 661 2828 649 2829 661 2830 647 2831 653 2832 662 2833 660 2834 662 2835 653 2836 655 2837 646 2838 662 2839 648 2840 662 2841 646 2842 660 2843 648 2844 541 2845 626 2846 541 2847 648 2848 540 2849 540 2850 649 2851 541 2852 541 2853 649 2854 627 2855 604 2856 656 2857 655 2858 656 2859 604 2860 539 2861 605 2862 656 2863 539 2864 656 2865 605 2866 654 2867 656 2868 661 2869 663 2870 661 2871 656 2872 654 2873 656 2874 662 2875 655 2876 662 2877 656 2878 663 2879 649 2880 540 2881 663 2882 663 2883 661 2884 649 2885 648 2886 663 2887 540 2888 663 2889 648 2890 662 2891 616 2892 640 2893 618 2894 640 2895 616 2896 638 2897 640 2898 638 2899 658 2900 658 2901 644 2902 642 2903 658 2904 642 2905 640 2906 618 2907 642 2908 620 2909 642 2910 618 2911 640 2912 651 2913 660 2914 658 2915 660 2916 651 2917 653 2918 639 2919 617 2920 641 2921 641 2922 617 2923 619 2924 657 2925 639 2926 641 2927 657 2928 643 2929 645 2930 643 2931 657 2932 641 2933 643 2934 641 2935 619 2936 619 2937 621 2938 643 2939 659 2940 652 2941 650 2942 659 2943 650 2944 657 2945 632 2946 651 2947 634 2948 651 2949 632 2950 630 2951 632 2952 612 2953 610 2954 612 2955 632 2956 634 2957 614 2958 612 2959 634 2960 614 2961 634 2962 636 2963 651 2964 636 2965 634 2966 630 2967 653 2968 651 2969 653 2970 630 2971 628 2972 636 2973 658 2974 638 2975 658 2976 636 2977 651 2978 650 2979 631 2980 633 2981 650 2982 633 2983 635 2984 633 2985 613 2986 635 2987 613 2988 633 2989 611 2990 635 2991 615 2992 637 2993 615 2994 635 2995 613 2996 635 2997 637 2998 650 2999 652 3000 629 3001 631 3002 652 3003 631 3004 650 3005 637 3006 657 3007 650 3008 657 3009 637 3010 639 3011 602 3012 537 3013 538 3014 537 3015 602 3016 578 3017 537 3018 603 3019 538 3020 603 3021 537 3022 579 3023 614 3024 590 3025 588 3026 590 3027 614 3028 616 3029 615 3030 591 3031 617 3032 591 3033 615 3034 589 3035 542 3036 592 3037 626 3038 626 3039 541 3040 542 3041 542 3042 627 3043 593 3044 627 3045 542 3046 541 3047 596 3048 620 3049 622 3050 620 3051 596 3052 598 3053 597 3054 621 3055 599 3056 621 3057 597 3058 623 3059 600 3060 620 3061 598 3062 620 3063 600 3064 618 3065 590 3066 618 3067 600 3068 618 3069 590 3070 616 3071 621 3072 619 3073 601 3074 601 3075 599 3076 621 3077 591 3078 619 3079 617 3080 619 3081 591 3082 601 3083 592 3084 594 3085 624 3086 624 3087 626 3088 592 3089 624 3090 596 3091 622 3092 596 3093 624 3094 594 3095 593 3096 625 3097 595 3098 625 3099 593 3100 627 3101 597 3102 595 3103 625 3104 597 3105 625 3106 623 3107 606 3108 578 3109 602 3110 578 3111 606 3112 580 3113 579 3114 607 3115 603 3116 607 3117 579 3118 581 3119 583 3120 585 3121 611 3122 611 3123 609 3124 583 3125 610 3126 586 3127 584 3128 586 3129 610 3130 612 3131 588 3132 586 3133 612 3134 588 3135 612 3136 614 3137 611 3138 587 3139 613 3140 587 3141 611 3142 585 3143 613 3144 589 3145 615 3146 589 3147 613 3148 587 3149 608 3150 580 3151 606 3152 580 3153 608 3154 582 3155 610 3156 582 3157 608 3158 582 3159 610 3160 584 3161 674 3162 584 3163 586 3164 581 3165 583 3166 609 3167 581 3168 609 3169 607 3170 587 3171 585 3172 675 3173 550 3174 537 3175 578 3176 537 3177 550 3178 536 3179 708 3180 536 3181 550 3182 536 3183 708 3184 547 3185 536 3186 551 3187 537 3188 537 3189 551 3190 579 3191 709 3192 536 3193 547 3194 536 3195 709 3196 551 3197 580 3198 554 3199 578 3200 554 3201 550 3202 578 3203 550 3204 554 3205 710 3206 710 3207 708 3208 550 3209 579 3210 555 3211 581 3212 555 3213 579 3214 551 3215 551 3216 711 3217 555 3218 711 3219 551 3220 709 3221 556 3222 554 3223 580 3224 581 3225 555 3226 557 3227 712 3228 710 3229 554 3230 712 3231 554 3232 556 3233 555 3234 713 3235 557 3236 713 3237 555 3238 711 3239 556 3240 582 3241 558 3242 582 3243 556 3244 580 3245 583 3246 557 3247 559 3248 557 3249 583 3250 581 3251 712 3252 558 3253 714 3254 558 3255 712 3256 556 3257 559 3258 557 3259 713 3260 559 3261 713 3262 715 3263 674 3264 562 3265 560 3266 561 3267 563 3268 675 3269 558 3270 716 3271 714 3272 716 3273 558 3274 560 3275 718 3276 716 3277 560 3278 560 3279 562 3280 718 3281 717 3282 559 3283 715 3284 559 3285 717 3286 561 3287 563 3288 717 3289 719 3290 717 3291 563 3292 561 3293 562 3294 552 3295 720 3296 562 3297 720 3298 718 3299 719 3300 721 3301 553 3302 553 3303 563 3304 719 3305 732 3306 730 3307 572 3308 732 3309 572 3310 574 3311 573 3312 733 3313 575 3314 733 3315 573 3316 731 3317 728 3318 572 3319 730 3320 572 3321 728 3322 570 3323 729 3324 573 3325 571 3326 573 3327 729 3328 731 3329 728 3330 726 3331 568 3332 568 3333 570 3334 728 3335 569 3336 729 3337 571 3338 729 3339 569 3340 727 3341 726 3342 724 3343 566 3344 566 3345 568 3346 726 3347 727 3348 567 3349 725 3350 567 3351 727 3352 569 3353 676 3354 566 3355 564 3356 566 3357 676 3358 568 3359 677 3360 567 3361 569 3362 567 3363 677 3364 565 3365 552 3366 564 3367 722 3368 552 3369 722 3370 720 3371 564 3372 566 3373 724 3374 564 3375 724 3376 722 3377 723 3378 553 3379 721 3380 553 3381 723 3382 565 3383 725 3384 565 3385 723 3386 565 3387 725 3388 567 3389 678 3390 732 3391 574 3392 678 3393 574 3394 576 3395 575 3396 679 3397 577 3398 679 3399 575 3400 733 3401 576 3402 572 3403 676 3404 572 3405 576 3406 574 3407 570 3408 676 3409 572 3410 568 3411 676 3412 570 3413 577 3414 677 3415 573 3416 577 3417 573 3418 575 3419 677 3420 569 3421 571 3422 571 3423 573 3424 677 3425 598 3426 596 3427 664 3428 665 3429 597 3430 599 3431 592 3432 542 3433 672 3434 672 3435 542 3436 543 3437 542 3438 673 3439 543 3440 673 3441 542 3442 593 3443 672 3444 544 3445 748 3446 544 3447 672 3448 543 3449 543 3450 673 3451 544 3452 544 3453 673 3454 749 3455 748 3456 544 3457 746 3458 746 3459 544 3460 545 3461 544 3462 747 3463 545 3464 747 3465 544 3466 749 3467 564 3468 666 3469 676 3470 666 3471 564 3472 552 3473 666 3474 562 3475 674 3476 562 3477 666 3478 552 3479 582 3480 584 3481 674 3482 674 3483 560 3484 558 3485 674 3486 558 3487 582 3488 675 3489 585 3490 583 3491 559 3492 561 3493 675 3494 583 3495 559 3496 675 3497 586 3498 668 3499 674 3500 668 3501 586 3502 588 3503 587 3504 669 3505 589 3506 669 3507 587 3508 675 3509 670 3510 668 3511 588 3512 670 3513 588 3514 590 3515 589 3516 671 3517 591 3518 671 3519 589 3520 669 3521 664 3522 594 3523 672 3524 594 3525 592 3526 672 3527 670 3528 600 3529 664 3530 600 3531 670 3532 590 3533 664 3534 596 3535 594 3536 600 3537 598 3538 664 3539 673 3540 595 3541 665 3542 595 3543 673 3544 593 3545 591 3546 671 3547 601 3548 671 3549 665 3550 601 3551 595 3552 597 3553 665 3554 665 3555 599 3556 601 3557 664 3558 748 3559 742 3560 748 3561 664 3562 672 3563 673 3564 665 3565 749 3566 749 3567 665 3568 743 3569 748 3570 744 3571 742 3572 744 3573 748 3574 746 3575 749 3576 745 3577 747 3578 745 3579 749 3580 743 3581 576 3582 676 3583 738 3584 740 3585 738 3586 676 3587 736 3588 734 3589 680 3590 736 3591 680 3592 678 3593 678 3594 576 3595 736 3596 738 3597 736 3598 576 3599 679 3600 735 3601 737 3602 735 3603 679 3604 681 3605 577 3606 737 3607 739 3608 737 3609 577 3610 679 3611 740 3612 666 3613 754 3614 666 3615 740 3616 676 3617 666 3618 674 3619 754 3620 756 3621 754 3622 674 3623 756 3624 668 3625 758 3626 668 3627 756 3628 674 3629 757 3630 759 3631 669 3632 669 3633 675 3634 757 3635 675 3636 667 3637 755 3638 675 3639 755 3640 757 3641 667 3642 563 3643 553 3644 563 3645 667 3646 675 3647 565 3648 667 3649 553 3650 667 3651 565 3652 677 3653 741 3654 667 3655 677 3656 667 3657 741 3658 755 3659 739 3660 741 3661 677 3662 677 3663 577 3664 739 3665 758 3666 670 3667 760 3668 670 3669 758 3670 668 3671 759 3672 761 3673 671 3674 671 3675 669 3676 759 3677 760 3678 664 3679 762 3680 664 3681 760 3682 670 3683 664 3684 764 3685 762 3686 764 3687 664 3688 742 3689 763 3690 671 3691 761 3692 671 3693 763 3694 665 3695 743 3696 665 3697 765 3698 765 3699 665 3700 763 3701 764 3702 744 3703 766 3704 744 3705 764 3706 742 3707 765 3708 745 3709 743 3710 745 3711 765 3712 767 3713 680 3714 732 3715 678 3716 732 3717 680 3718 706 3719 733 3720 681 3721 679 3722 681 3723 733 3724 707 3725 706 3726 730 3727 732 3728 730 3729 706 3730 704 3731 731 3732 707 3733 733 3734 707 3735 731 3736 705 3737 702 3738 730 3739 704 3740 730 3741 702 3742 728 3743 729 3744 705 3745 731 3746 705 3747 729 3748 703 3749 700 3750 728 3751 702 3752 728 3753 700 3754 726 3755 729 3756 701 3757 703 3758 701 3759 729 3760 727 3761 698 3762 726 3763 700 3764 726 3765 698 3766 724 3767 727 3768 699 3769 701 3770 699 3771 727 3772 725 3773 696 3774 724 3775 698 3776 724 3777 696 3778 722 3779 725 3780 697 3781 699 3782 697 3783 725 3784 723 3785 696 3786 694 3787 720 3788 720 3789 722 3790 696 3791 697 3792 721 3793 695 3794 721 3795 697 3796 723 3797 708 3798 548 3799 547 3800 548 3801 708 3802 682 3803 548 3804 709 3805 547 3806 709 3807 548 3808 683 3809 710 3810 682 3811 708 3812 682 3813 710 3814 684 3815 683 3816 711 3817 709 3818 711 3819 683 3820 685 3821 694 3822 692 3823 718 3824 718 3825 720 3826 694 3827 695 3828 719 3829 693 3830 719 3831 695 3832 721 3833 690 3834 718 3835 692 3836 718 3837 690 3838 716 3839 719 3840 691 3841 693 3842 691 3843 719 3844 717 3845 688 3846 716 3847 690 3848 716 3849 688 3850 714 3851 717 3852 689 3853 691 3854 689 3855 717 3856 715 3857 710 3858 712 3859 686 3860 686 3861 684 3862 710 3863 688 3864 712 3865 714 3866 712 3867 688 3868 686 3869 711 3870 687 3871 713 3872 687 3873 711 3874 685 3875 713 3876 689 3877 715 3878 689 3879 713 3880 687 3881 746 3882 546 3883 752 3884 546 3885 746 3886 545 3887 747 3888 546 3889 545 3890 546 3891 747 3892 753 3893 744 3894 752 3895 751 3896 752 3897 744 3898 746 3899 747 3900 745 3901 753 3902 753 3903 745 3904 750 3905 766 3906 751 3907 768 3908 751 3909 766 3910 744 3911 750 3912 745 3913 767 3914 750 3915 767 3916 769 3917 758 3918 760 3919 782 3920 782 3921 760 3922 784 3923 761 3924 783 3925 785 3926 783 3927 761 3928 759 3929 756 3930 758 3931 780 3932 780 3933 758 3934 782 3935 759 3936 781 3937 783 3938 781 3939 759 3940 757 3941 754 3942 756 3943 778 3944 778 3945 756 3946 780 3947 757 3948 779 3949 781 3950 779 3951 757 3952 755 3953 740 3954 754 3955 774 3956 774 3957 754 3958 778 3959 755 3960 775 3961 779 3962 775 3963 755 3964 741 3965 772 3966 680 3967 734 3968 680 3969 772 3970 770 3971 681 3972 773 3973 735 3974 773 3975 681 3976 771 3977 770 3978 706 3979 680 3980 706 3981 770 3982 788 3983 707 3984 789 3985 771 3986 707 3987 771 3988 681 3989 706 3990 788 3991 790 3992 706 3993 790 3994 704 3995 791 3996 707 3997 705 3998 707 3999 791 4000 789 4001 702 4002 790 4003 792 4004 790 4005 702 4006 704 4007 791 4008 705 4009 703 4010 791 4011 703 4012 793 4013 700 4014 792 4015 794 4016 792 4017 700 4018 702 4019 793 4020 703 4021 701 4022 793 4023 701 4024 795 4025 698 4026 794 4027 796 4028 794 4029 698 4030 700 4031 795 4032 701 4033 699 4034 795 4035 699 4036 797 4037 696 4038 796 4039 798 4040 796 4041 696 4042 698 4043 699 4044 697 4045 797 4046 797 4047 697 4048 799 4049 802 4050 549 4051 682 4052 682 4053 549 4054 548 4055 549 4056 803 4057 548 4058 548 4059 803 4060 683 4061 804 4062 682 4063 684 4064 682 4065 804 4066 802 4067 683 4068 803 4069 805 4070 683 4071 805 4072 685 4073 804 4074 684 4075 806 4076 686 4077 806 4078 684 4079 685 4080 807 4081 687 4082 807 4083 685 4084 805 4085 806 4086 688 4087 808 4088 688 4089 806 4090 686 4091 807 4092 689 4093 687 4094 689 4095 807 4096 809 4097 808 4098 690 4099 810 4100 690 4101 808 4102 688 4103 689 4104 809 4105 691 4106 811 4107 691 4108 809 4109 810 4110 692 4111 812 4112 692 4113 810 4114 690 4115 813 4116 693 4117 811 4118 693 4119 691 4120 811 4121 694 4122 812 4123 692 4124 812 4125 694 4126 800 4127 694 4128 798 4129 800 4130 798 4131 694 4132 696 4133 695 4134 813 4135 801 4136 813 4137 695 4138 693 4139 697 4140 695 4141 799 4142 799 4143 695 4144 801 4145 814 4146 803 4147 549 4148 803 4149 814 4150 845 4151 844 4152 549 4153 802 4154 549 4155 844 4156 814 4157 546 4158 817 4159 815 4160 817 4161 546 4162 753 4163 752 4164 546 4165 816 4166 816 4167 546 4168 815 4169 784 4170 762 4171 786 4172 762 4173 784 4174 760 4175 785 4176 787 4177 763 4178 763 4179 761 4180 785 4181 766 4182 762 4183 764 4184 762 4185 766 4186 786 4187 766 4188 768 4189 786 4190 763 4191 767 4192 765 4193 763 4194 787 4195 767 4196 787 4197 769 4198 767 4199 782 4200 784 4201 820 4202 782 4203 820 4204 822 4205 821 4206 783 4207 823 4208 783 4209 821 4210 785 4211 768 4212 751 4213 818 4214 819 4215 750 4216 769 4217 818 4218 752 4219 816 4220 752 4221 818 4222 751 4223 786 4224 768 4225 818 4226 786 4227 820 4228 784 4229 820 4230 786 4231 818 4232 753 4233 819 4234 817 4235 753 4236 750 4237 819 4238 819 4239 769 4240 787 4241 787 4242 821 4243 819 4244 821 4245 787 4246 785 4247 806 4248 850 4249 848 4250 850 4251 806 4252 808 4253 809 4254 807 4255 851 4256 849 4257 851 4258 807 4259 804 4260 844 4261 802 4262 844 4263 804 4264 846 4265 846 4266 806 4267 848 4268 806 4269 846 4270 804 4271 805 4272 845 4273 847 4274 845 4275 805 4276 803 4277 807 4278 847 4279 849 4280 847 4281 807 4282 805 4283 852 4284 808 4285 810 4286 808 4287 852 4288 850 4289 853 4290 809 4291 851 4292 809 4293 853 4294 811 4295 780 4296 782 4297 822 4298 780 4299 822 4300 824 4301 778 4302 780 4303 824 4304 778 4305 824 4306 826 4307 824 4308 854 4309 826 4310 826 4311 854 4312 856 4313 824 4314 852 4315 854 4316 810 4317 854 4318 852 4319 854 4320 810 4321 812 4322 812 4323 856 4324 854 4325 856 4326 812 4327 800 4328 823 4329 781 4330 825 4331 781 4332 823 4333 783 4334 825 4335 779 4336 827 4337 779 4338 825 4339 781 4340 855 4341 827 4342 857 4343 827 4344 855 4345 825 4346 855 4347 853 4348 825 4349 855 4350 811 4351 853 4352 811 4353 855 4354 813 4355 813 4356 857 4357 801 4358 857 4359 813 4360 855 4361 840 4362 842 4363 798 4364 798 4365 796 4366 840 4367 800 4368 842 4369 856 4370 842 4371 800 4372 798 4373 799 4374 841 4375 797 4376 841 4377 799 4378 843 4379 801 4380 843 4381 799 4382 843 4383 801 4384 857 4385 734 4386 776 4387 772 4388 736 4389 776 4390 734 4391 777 4392 737 4393 735 4394 777 4395 735 4396 773 4397 776 4398 740 4399 774 4400 740 4401 776 4402 738 4403 736 4404 738 4405 776 4406 770 4407 772 4408 830 4409 741 4410 777 4411 775 4412 777 4413 741 4414 739 4415 777 4416 739 4417 737 4418 831 4419 773 4420 771 4421 830 4422 772 4423 776 4424 788 4425 830 4426 832 4427 830 4428 788 4429 770 4430 777 4431 773 4432 831 4433 833 4434 831 4435 789 4436 831 4437 771 4438 789 4439 826 4440 842 4441 828 4442 842 4443 826 4444 856 4445 788 4446 834 4447 790 4448 834 4449 788 4450 832 4451 792 4452 834 4453 836 4454 834 4455 792 4456 790 4457 843 4458 857 4459 827 4460 843 4461 827 4462 829 4463 789 4464 835 4465 833 4466 835 4467 789 4468 791 4469 791 4470 793 4471 835 4472 835 4473 793 4474 837 4475 778 4476 828 4477 774 4478 828 4479 778 4480 826 4481 828 4482 776 4483 774 4484 776 4485 828 4486 830 4487 828 4488 842 4489 840 4490 828 4491 840 4492 838 4493 828 4494 832 4495 830 4496 832 4497 828 4498 834 4499 836 4500 828 4501 838 4502 834 4503 828 4504 836 4505 836 4506 838 4507 794 4508 794 4509 792 4510 836 4511 796 4512 838 4513 840 4514 838 4515 796 4516 794 4517 779 4518 829 4519 827 4520 829 4521 779 4522 775 4523 775 4524 777 4525 829 4526 831 4527 829 4528 777 4529 829 4530 841 4531 843 4532 841 4533 829 4534 839 4535 829 4536 833 4537 835 4538 833 4539 829 4540 831 4541 829 4542 835 4543 837 4544 829 4545 837 4546 839 4547 837 4548 795 4549 839 4550 795 4551 837 4552 793 4553 795 4554 797 4555 839 4556 839 4557 797 4558 841 4559 814 4560 859 4561 845 4562 859 4563 814 4564 860 4565 858 4566 814 4567 844 4568 814 4569 858 4570 860 4571 889 4572 859 4573 860 4574 859 4575 889 4576 884 4577 885 4578 889 4579 858 4580 858 4581 889 4582 860 4583 846 4584 869 4585 844 4586 869 4587 858 4588 844 4589 846 4590 848 4591 869 4592 845 4593 870 4594 847 4595 870 4596 845 4597 859 4598 870 4599 849 4600 847 4601 869 4602 891 4603 858 4604 891 4605 885 4606 858 4607 859 4608 890 4609 870 4610 890 4611 859 4612 884 4613 869 4614 848 4615 867 4616 850 4617 867 4618 848 4619 824 4620 850 4621 852 4622 850 4623 824 4624 867 4625 868 4626 849 4627 870 4628 849 4629 868 4630 851 4631 868 4632 825 4633 851 4634 825 4635 853 4636 851 4637 893 4638 891 4639 869 4640 893 4641 869 4642 867 4643 870 4644 892 4645 868 4646 892 4647 870 4648 890 4649 865 4650 867 4651 824 4652 825 4653 868 4654 866 4655 893 4656 865 4657 895 4658 865 4659 893 4660 867 4661 866 4662 868 4663 892 4664 866 4665 892 4666 894 4667 863 4668 865 4669 824 4670 825 4671 866 4672 864 4673 895 4674 863 4675 897 4676 863 4677 895 4678 865 4679 896 4680 864 4681 894 4682 864 4683 866 4684 894 4685 824 4686 822 4687 863 4688 863 4689 822 4690 861 4691 861 4692 897 4693 863 4694 897 4695 861 4696 899 4697 823 4698 864 4699 862 4700 864 4701 823 4702 825 4703 896 4704 898 4705 862 4706 862 4707 864 4708 896 4709 820 4710 861 4711 822 4712 861 4713 820 4714 871 4715 862 4716 872 4717 821 4718 862 4719 821 4720 823 4721 871 4722 899 4723 861 4724 899 4725 871 4726 901 4727 898 4728 900 4729 872 4730 898 4731 872 4732 862 4733 820 4734 818 4735 882 4736 820 4737 882 4738 871 4739 883 4740 821 4741 872 4742 821 4743 883 4744 819 4745 871 4746 882 4747 903 4748 871 4749 903 4750 901 4751 902 4752 872 4753 900 4754 872 4755 902 4756 883 4757 880 4758 882 4759 818 4760 819 4761 883 4762 881 4763 882 4764 880 4765 905 4766 905 4767 903 4768 882 4769 904 4770 883 4771 902 4772 883 4773 904 4774 881 4775 878 4776 880 4777 818 4778 907 4779 905 4780 880 4781 907 4782 880 4783 878 4784 819 4785 881 4786 879 4787 881 4788 906 4789 879 4790 906 4791 881 4792 904 4793 876 4794 878 4795 818 4796 819 4797 879 4798 877 4799 907 4800 876 4801 909 4802 876 4803 907 4804 878 4805 877 4806 879 4807 906 4808 877 4809 906 4810 908 4811 818 4812 816 4813 876 4814 876 4815 816 4816 873 4817 909 4818 873 4819 911 4820 873 4821 909 4822 876 4823 817 4824 877 4825 874 4826 877 4827 817 4828 819 4829 910 4830 874 4831 908 4832 874 4833 877 4834 908 4835 873 4836 815 4837 875 4838 815 4839 873 4840 816 4841 911 4842 875 4843 912 4844 875 4845 911 4846 873 4847 874 4848 875 4849 815 4850 815 4851 817 4852 874 4853 910 4854 912 4855 875 4856 875 4857 874 4858 910 4859 904 4860 919 4861 906 4862 919 4863 904 4864 921 4865 918 4866 920 4867 905 4868 918 4869 905 4870 907 4871 906 4872 919 4873 908 4874 908 4875 919 4876 917 4877 918 4878 909 4879 916 4880 909 4881 918 4882 907 4883 915 4884 910 4885 917 4886 910 4887 908 4888 917 4889 916 4890 911 4891 914 4892 911 4893 916 4894 909 4895 914 4896 912 4897 913 4898 912 4899 914 4900 911 4901 915 4902 913 4903 912 4904 912 4905 910 4906 915 4907 925 4908 898 4909 927 4910 898 4911 925 4912 900 4913 899 4914 901 4915 924 4916 899 4917 924 4918 926 4919 894 4920 892 4921 933 4922 894 4923 933 4924 931 4925 932 4926 895 4927 930 4928 895 4929 932 4930 893 4931 884 4932 886 4933 935 4934 884 4935 935 4936 890 4937 892 4938 890 4939 935 4940 892 4941 935 4942 933 4943 934 4944 893 4945 932 4946 893 4947 934 4948 891 4949 944 4950 939 4951 946 4952 939 4953 944 4954 937 4955 917 4956 940 4957 915 4958 940 4959 917 4960 938 4961 934 4962 885 4963 891 4964 885 4965 934 4966 887 4967 916 4968 941 4969 939 4970 941 4971 916 4972 914 4973 886 4974 947 4975 945 4976 886 4977 945 4978 935 4979 938 4980 947 4981 940 4982 947 4983 938 4984 945 4985 946 4986 887 4987 934 4988 887 4989 946 4990 948 4991 939 4992 948 4993 946 4994 948 4995 939 4996 941 4997 884 4998 889 4999 888 5000 888 5001 886 5002 884 5003 885 5004 888 5005 889 5006 888 5007 885 5008 887 5009 942 5010 915 5011 940 5012 915 5013 942 5014 913 5015 914 5016 942 5017 941 5018 942 5019 914 5020 913 5021 949 5022 886 5023 888 5024 886 5025 949 5026 947 5027 948 5028 949 5029 887 5030 887 5031 949 5032 888 5033 949 5034 942 5035 947 5036 942 5037 940 5038 947 5039 948 5040 942 5041 949 5042 942 5043 948 5044 941 5045 898 5046 929 5047 927 5048 929 5049 898 5050 896 5051 943 5052 927 5053 929 5054 943 5055 931 5056 933 5057 931 5058 943 5059 929 5060 929 5061 896 5062 931 5063 896 5064 894 5065 931 5066 945 5067 933 5068 935 5069 933 5070 945 5071 943 5072 899 5073 928 5074 897 5075 928 5076 899 5077 926 5078 928 5079 926 5080 944 5081 944 5082 932 5083 930 5084 944 5085 930 5086 928 5087 930 5088 897 5089 928 5090 897 5091 930 5092 895 5093 932 5094 944 5095 946 5096 946 5097 934 5098 932 5099 921 5100 936 5101 919 5102 936 5103 921 5104 923 5105 921 5106 902 5107 923 5108 902 5109 921 5110 904 5111 923 5112 900 5113 925 5114 900 5115 923 5116 902 5117 923 5118 925 5119 936 5120 925 5121 943 5122 936 5123 943 5124 925 5125 927 5126 919 5127 938 5128 917 5129 938 5130 919 5131 936 5132 938 5133 943 5134 945 5135 943 5136 938 5137 936 5138 920 5139 937 5140 922 5141 937 5142 920 5143 918 5144 920 5145 903 5146 905 5147 903 5148 920 5149 922 5150 901 5151 903 5152 922 5153 901 5154 922 5155 924 5156 937 5157 924 5158 922 5159 924 5160 944 5161 926 5162 944 5163 924 5164 937 5165 918 5166 939 5167 937 5168 939 5169 918 5170 916 5171</p>
        </triangles>
      </mesh>
    </geometry>
    <geometry id="body_link2_02-lib" name="body_link2_02Mesh">
      <mesh>
        <source id="body_link2_02-POSITION">
          <float_array id="body_link2_02-POSITION-array" count="636">
-0.050904 0.223417 -0.090606
-0.053418 0.182253 -0.090705
-0.055719 0.144719 -0.090558
-0.057982 0.107667 -0.090632
-0.060377 0.068552 -0.090553
-0.062609 0.030185 -0.090552
-0.063608 0.009032 -0.090819
-0.060791 -0.020191 -0.090672
-0.046098 -0.044644 -0.090821
-0.027657 -0.057977 -0.090625
-0.004821 -0.063475 -0.090571
0.013861 -0.062568 -0.090571
0.033367 -0.054896 -0.090688
0.054972 -0.033053 -0.090627
0.063690 -0.004183 -0.090659
0.065713 0.019461 -0.090570
0.068112 0.058020 -0.090668
0.070517 0.097255 -0.090629
0.072893 0.136216 -0.090814
0.075122 0.172559 -0.090622
0.077174 0.206099 -0.090608
0.079195 0.239142 -0.090557
0.081273 0.273966 -0.090659
0.081787 0.295941 -0.090567
0.080032 0.316514 -0.090656
0.076113 0.336733 -0.090566
0.063886 0.389261 -0.090545
0.057627 0.408506 -0.090545
0.046205 0.424628 -0.090561
0.027223 0.438217 -0.090558
0.008054 0.443736 -0.090582
-0.014240 0.442057 -0.090771
-0.032289 0.435379 -0.090597
-0.050011 0.420116 -0.090639
-0.060848 0.400541 -0.090583
-0.064277 0.379493 -0.090567
-0.061276 0.359064 -0.090556
-0.049619 0.307860 -0.090593
-0.047370 0.288388 -0.090548
-0.048821 0.257891 -0.090630
-0.010000 0.423183 -0.120500
-0.025195 0.417378 -0.120500
-0.035718 0.407335 -0.120500
-0.042907 0.393985 -0.120500
-0.045216 0.380179 -0.120500
-0.042789 0.363561 -0.120500
-0.030709 0.311824 -0.120500
-0.025711 0.294557 -0.120500
-0.017936 0.282642 -0.120500
-0.006880 0.273858 -0.120500
0.007154 0.268906 -0.120500
0.026491 0.269512 -0.120500
0.041915 0.276400 -0.120500
0.051962 0.286043 -0.120500
0.058675 0.299655 -0.120500
0.060442 0.317073 -0.120500
0.057499 0.332899 -0.120500
0.045415 0.384113 -0.120500
0.040619 0.399592 -0.120500
0.032091 0.412166 -0.120500
0.020849 0.420303 -0.120500
0.005433 0.424621 -0.120500
0.046772 0.384404 -0.121000
0.041772 0.400179 -0.121000
0.033044 0.413181 -0.121000
0.021245 0.421749 -0.121000
0.005417 0.426207 -0.121000
-0.010352 0.424856 -0.121000
-0.025744 0.418568 -0.121000
-0.036641 0.408336 -0.121000
-0.044300 0.394561 -0.121000
-0.046494 0.380206 -0.121000
-0.044004 0.363377 -0.121000
-0.032052 0.311517 -0.121000
-0.027032 0.293780 -0.121000
-0.019007 0.281228 -0.121000
-0.007567 0.272171 -0.121000
0.006956 0.266895 -0.121000
0.026681 0.268069 -0.121000
0.043105 0.275037 -0.121000
0.053498 0.285474 -0.121000
0.060148 0.299434 -0.121000
0.061976 0.317095 -0.121000
0.059013 0.333179 -0.121000
-0.009649 0.421663 -0.121000
0.005236 0.422567 -0.121000
0.020013 0.418267 -0.121000
0.030739 0.410610 -0.121001
0.038943 0.398897 -0.121001
0.043660 0.383867 -0.121000
0.055901 0.332635 -0.121000
0.058328 0.317238 -0.121000
0.056784 0.300211 -0.121001
0.050287 0.287105 -0.121000
0.041025 0.277890 -0.121000
0.026142 0.271332 -0.121000
0.007309 0.270598 -0.121000
-0.006067 0.275491 -0.121000
-0.016545 0.283665 -0.121001
-0.023985 0.295268 -0.121000
-0.029038 0.312422 -0.121000
-0.040850 0.363971 -0.121000
-0.043385 0.380239 -0.121000
-0.041349 0.393535 -0.121000
-0.034738 0.406325 -0.121000
-0.024513 0.415733 -0.121000
-0.050904 0.223417 0.090606
-0.053418 0.182253 0.090705
-0.055719 0.144719 0.090558
-0.057982 0.107667 0.090632
-0.060377 0.068552 0.090553
-0.062609 0.030185 0.090552
-0.063608 0.009032 0.090819
-0.060791 -0.020191 0.090672
-0.046098 -0.044644 0.090821
-0.027657 -0.057977 0.090625
-0.004821 -0.063475 0.090571
0.013861 -0.062568 0.090571
0.033367 -0.054896 0.090688
0.054972 -0.033053 0.090627
0.063690 -0.004183 0.090659
0.065713 0.019461 0.090570
0.068112 0.058020 0.090668
0.070517 0.097255 0.090629
0.072893 0.136216 0.090814
0.075122 0.172559 0.090622
0.077174 0.206099 0.090608
0.079195 0.239142 0.090557
0.081273 0.273966 0.090659
0.081787 0.295941 0.090567
0.080032 0.316514 0.090656
0.076113 0.336733 0.090566
0.063886 0.389261 0.090545
0.057627 0.408506 0.090545
0.046205 0.424628 0.090561
0.027223 0.438217 0.090558
0.008054 0.443736 0.090582
-0.014240 0.442057 0.090771
-0.032289 0.435379 0.090597
-0.050011 0.420116 0.090639
-0.060848 0.400541 0.090583
-0.064277 0.379493 0.090567
-0.061276 0.359064 0.090556
-0.049619 0.307860 0.090593
-0.047370 0.288388 0.090548
-0.048821 0.257891 0.090630
-0.010000 0.423183 0.120500
-0.025195 0.417378 0.120500
-0.035718 0.407335 0.120500
-0.042907 0.393985 0.120500
-0.045216 0.380179 0.120500
-0.042789 0.363561 0.120500
-0.030709 0.311824 0.120500
-0.025711 0.294557 0.120500
-0.017936 0.282642 0.120500
-0.006880 0.273858 0.120500
0.007154 0.268906 0.120500
0.026491 0.269512 0.120500
0.041915 0.276400 0.120500
0.051962 0.286043 0.120500
0.058675 0.299655 0.120500
0.060442 0.317073 0.120500
0.057499 0.332899 0.120500
0.045415 0.384113 0.120500
0.040619 0.399592 0.120500
0.032091 0.412166 0.120500
0.020849 0.420303 0.120500
0.005433 0.424621 0.120500
0.046772 0.384404 0.121000
0.041772 0.400179 0.121000
0.033044 0.413181 0.121000
0.021245 0.421749 0.121000
0.005417 0.426207 0.121000
-0.010352 0.424856 0.121000
-0.025744 0.418568 0.121000
-0.036641 0.408336 0.121000
-0.044300 0.394561 0.121000
-0.046494 0.380206 0.121000
-0.044004 0.363377 0.121000
-0.032052 0.311517 0.121000
-0.027032 0.293780 0.121000
-0.019007 0.281228 0.121000
-0.007567 0.272171 0.121000
0.006956 0.266895 0.121000
0.026681 0.268069 0.121000
0.043105 0.275037 0.121000
0.053498 0.285474 0.121000
0.060148 0.299434 0.121000
0.061976 0.317095 0.121000
0.059013 0.333179 0.121000
-0.009649 0.421663 0.121000
0.005236 0.422567 0.121000
0.020013 0.418267 0.121000
0.030739 0.410610 0.121001
0.038943 0.398897 0.121001
0.043660 0.383867 0.121000
0.055901 0.332635 0.121000
0.058328 0.317238 0.121000
0.056784 0.300211 0.121001
0.050287 0.287105 0.121000
0.041025 0.277890 0.121000
0.026142 0.271332 0.121000
0.007309 0.270598 0.121000
-0.006067 0.275491 0.121000
-0.016545 0.283665 0.121001
-0.023985 0.295268 0.121000
-0.029038 0.312422 0.121000
-0.040850 0.363971 0.121000
-0.043385 0.380239 0.121000
-0.041349 0.393535 0.121000
-0.034738 0.406325 0.121000
-0.024513 0.415733 0.121000
</float_array>
          <technique_common>
            <accessor source="#body_link2_02-POSITION-array" count="212" stride="3">
              <param name="X" type="float"/>
              <param name="Y" type="float"/>
              <param name="Z" type="float"/>
            </accessor>
          </technique_common>
        </source>
        <source id="body_link2_02-Normal0">
          <float_array id="body_link2_02-Normal0-array" count="2268">
-0.000405 -0.000952 0.999999
-0.000399 -0.000899 0.999999
0.000072 -0.001075 0.999999
-0.000405 -0.000952 0.999999
0.000072 -0.001075 0.999999
0.000082 -0.001068 0.999999
-0.000342 -0.003331 0.999994
-0.000318 -0.003214 0.999995
-0.000936 -0.002827 0.999996
-0.000342 -0.003331 0.999994
-0.000936 -0.002827 0.999996
-0.000925 -0.002679 0.999996
0.000550 0.000865 1.000000
0.000548 0.000855 0.999999
-0.000318 -0.003214 0.999995
0.000550 0.000865 1.000000
-0.000318 -0.003214 0.999995
-0.000342 -0.003331 0.999994
0.000779 0.000934 0.999999
0.000786 0.000946 0.999999
0.000548 0.000855 0.999999
0.000779 0.000934 0.999999
0.000548 0.000855 0.999999
0.000550 0.000865 1.000000
0.000859 0.000377 1.000000
0.000857 0.000371 1.000000
0.000786 0.000946 0.999999
0.000859 0.000377 1.000000
0.000786 0.000946 0.999999
0.000779 0.000934 0.999999
0.000082 -0.001068 0.999999
0.000072 -0.001075 0.999999
0.000857 0.000371 1.000000
0.000082 -0.001068 0.999999
0.000857 0.000371 1.000000
0.000859 0.000377 1.000000
-0.000241 0.001194 0.999999
0.000049 -0.001406 0.999999
-0.000399 -0.000899 0.999999
-0.000241 0.001194 0.999999
-0.000399 -0.000899 0.999999
-0.000405 -0.000952 0.999999
-0.000101 -0.000172 1.000000
0.000270 -0.000804 1.000000
-0.000102 -0.000168 1.000000
0.000270 -0.000804 1.000000
-0.000101 -0.000172 1.000000
0.000283 -0.000815 1.000000
0.000283 -0.000815 1.000000
0.000246 0.001496 0.999999
0.000270 -0.000804 1.000000
0.000493 -0.001954 0.999998
0.000246 0.001496 0.999999
0.000283 -0.000815 1.000000
-0.000265 0.000461 1.000000
-0.000102 -0.000168 1.000000
-0.000266 0.000463 1.000000
-0.000102 -0.000168 1.000000
-0.000265 0.000461 1.000000
-0.000101 -0.000172 1.000000
-0.000925 -0.002679 0.999996
-0.000936 -0.002827 0.999996
-0.000820 0.000589 0.999999
-0.000925 -0.002679 0.999996
-0.000820 0.000589 0.999999
-0.000819 0.000599 0.999999
-0.001111 -0.000845 0.999999
-0.000819 0.000599 0.999999
-0.000820 0.000589 0.999999
-0.000819 0.000599 0.999999
-0.001111 -0.000845 0.999999
-0.001106 -0.000791 0.999999
-0.001111 -0.000845 0.999999
0.000255 0.014528 0.999894
-0.001106 -0.000791 0.999999
0.000255 0.014528 0.999894
-0.001111 -0.000845 0.999999
0.000262 0.014600 0.999893
0.000262 0.014600 0.999893
-0.000391 0.008094 0.999967
0.000255 0.014528 0.999894
-0.000521 0.000952 0.999999
-0.000266 0.000463 1.000000
-0.000520 0.000951 0.999999
-0.000266 0.000463 1.000000
-0.000521 0.000952 0.999999
-0.000265 0.000461 1.000000
-0.000826 0.000984 0.999999
-0.000520 0.000951 0.999999
-0.000823 0.000962 0.999999
-0.000520 0.000951 0.999999
-0.000826 0.000984 0.999999
-0.000521 0.000952 0.999999
-0.001278 0.002452 0.999996
-0.000823 0.000962 0.999999
-0.001183 0.001980 0.999997
-0.000823 0.000962 0.999999
-0.001278 0.002452 0.999996
-0.000826 0.000984 0.999999
-0.001183 0.001980 0.999997
-0.013045 0.061247 0.998037
-0.001278 0.002452 0.999996
-0.000241 0.001194 0.999999
0.000208 -0.000533 1.000000
0.000049 -0.001406 0.999999
0.000493 -0.001954 0.999998
0.000208 -0.000533 1.000000
0.000188 0.000564 1.000000
0.000208 -0.000533 1.000000
0.000493 -0.001954 0.999998
0.000049 -0.001406 0.999999
0.000188 0.000564 1.000000
0.000246 0.001496 0.999999
0.000493 -0.001954 0.999998
0.010527 -0.036791 -0.999267
-0.025577 -0.296445 -0.954708
-0.008915 -0.058512 -0.998247
-0.025577 -0.296445 -0.954708
0.010527 -0.036791 -0.999267
0.070373 -0.292711 -0.953608
-0.008915 -0.058512 -0.998247
-0.134833 -0.290274 -0.947397
-0.039537 -0.069768 -0.996779
-0.134833 -0.290274 -0.947397
-0.008915 -0.058512 -0.998247
-0.025577 -0.296445 -0.954708
-0.244754 -0.237494 -0.940049
-0.039537 -0.069768 -0.996779
-0.134833 -0.290274 -0.947397
-0.039537 -0.069768 -0.996779
-0.244754 -0.237494 -0.940049
-0.062943 -0.057190 -0.996377
0.175845 -0.279657 -0.943859
0.010527 -0.036791 -0.999267
0.039328 -0.047263 -0.998108
0.010527 -0.036791 -0.999267
0.175845 -0.279657 -0.943859
0.070373 -0.292711 -0.953608
0.039328 -0.047263 -0.998108
0.269055 -0.216875 -0.938390
0.175845 -0.279657 -0.943859
0.269055 -0.216875 -0.938390
0.039328 -0.047263 -0.998108
0.040959 -0.027560 -0.998781
0.317327 -0.110650 -0.941839
0.269055 -0.216875 -0.938390
0.040959 -0.027560 -0.998781
0.317327 -0.110650 -0.941839
0.040959 -0.027560 -0.998781
0.050859 -0.016059 -0.998577
0.050859 -0.016059 -0.998577
0.077761 0.001156 -0.996971
0.354400 -0.000675 -0.935094
0.354400 -0.000675 -0.935094
0.317327 -0.110650 -0.941839
0.050859 -0.016059 -0.998577
0.077761 0.001156 -0.996971
0.064661 0.011927 -0.997836
0.359397 0.067354 -0.930751
0.359397 0.067354 -0.930751
0.354400 -0.000675 -0.935094
0.077761 0.001156 -0.996971
0.064661 0.011927 -0.997836
0.046782 0.011400 -0.998840
0.333820 0.085912 -0.938713
0.333820 0.085912 -0.938713
0.359397 0.067354 -0.930751
0.064661 0.011927 -0.997836
0.048148 0.018688 -0.998665
0.333820 0.085912 -0.938713
0.046782 0.011400 -0.998840
0.333820 0.085912 -0.938713
0.048148 0.018688 -0.998665
0.281993 0.129118 -0.950688
0.027845 0.021248 -0.999386
0.281993 0.129118 -0.950688
0.048148 0.018688 -0.998665
0.281993 0.129118 -0.950688
0.027845 0.021248 -0.999386
0.205196 0.191428 -0.959818
0.013257 0.017288 -0.999763
0.205196 0.191428 -0.959818
0.027845 0.021248 -0.999386
0.205196 0.191428 -0.959818
0.013257 0.017288 -0.999763
0.124580 0.228629 -0.965510
0.124580 0.228629 -0.965510
0.003776 0.026465 -0.999643
0.035212 0.260408 -0.964856
0.003776 0.026465 -0.999643
0.124580 0.228629 -0.965510
0.013257 0.017288 -0.999763
-0.063619 0.279238 -0.958112
0.035212 0.260408 -0.964856
0.003776 0.026465 -0.999643
-0.063619 0.279238 -0.958112
0.003776 0.026465 -0.999643
-0.013730 0.042298 -0.999011
-0.023654 0.038789 -0.998967
-0.063619 0.279238 -0.958112
-0.013730 0.042298 -0.999011
-0.063619 0.279238 -0.958112
-0.023654 0.038789 -0.998967
-0.166505 0.240817 -0.956182
-0.040759 0.033030 -0.998623
-0.166505 0.240817 -0.956182
-0.023654 0.038789 -0.998967
-0.166505 0.240817 -0.956182
-0.040759 0.033030 -0.998623
-0.248976 0.165546 -0.954256
-0.063903 0.019727 -0.997761
-0.248976 0.165546 -0.954256
-0.040759 0.033030 -0.998623
-0.248976 0.165546 -0.954256
-0.063903 0.019727 -0.997761
-0.298577 0.079704 -0.951052
-0.057702 -0.003491 -0.998328
-0.298577 0.079704 -0.951052
-0.063903 0.019727 -0.997761
-0.298577 0.079704 -0.951052
-0.057702 -0.003491 -0.998328
-0.310150 -0.011542 -0.950618
-0.057702 -0.003491 -0.998328
-0.310398 -0.065567 -0.948343
-0.310150 -0.011542 -0.950618
-0.310398 -0.065567 -0.948343
-0.057702 -0.003491 -0.998328
-0.027112 -0.006733 -0.999610
-0.027112 -0.006733 -0.999610
-0.325089 -0.089490 -0.941440
-0.310398 -0.065567 -0.948343
-0.325089 -0.089490 -0.941440
-0.027112 -0.006733 -0.999610
-0.036833 -0.011262 -0.999258
-0.325089 -0.089490 -0.941440
-0.067421 -0.032918 -0.997181
-0.314873 -0.152505 -0.936801
-0.067421 -0.032918 -0.997181
-0.325089 -0.089490 -0.941440
-0.036833 -0.011262 -0.999258
-0.314873 -0.152505 -0.936801
-0.062943 -0.057190 -0.996377
-0.244754 -0.237494 -0.940049
-0.062943 -0.057190 -0.996377
-0.314873 -0.152505 -0.936801
-0.067421 -0.032918 -0.997181
0.267521 0.055212 -0.961969
-0.036833 -0.011262 -0.999258
-0.027112 -0.006733 -0.999610
-0.036833 -0.011262 -0.999258
0.267521 0.055212 -0.961969
0.266712 0.073691 -0.960955
0.046782 0.011400 -0.998840
0.064661 0.011927 -0.997836
-0.253184 -0.065890 -0.965172
-0.253184 -0.065890 -0.965172
0.064661 0.011927 -0.997836
-0.251600 -0.047972 -0.966642
-0.027112 -0.006733 -0.999610
-0.057702 -0.003491 -0.998328
0.249264 0.012955 -0.968349
0.249264 0.012955 -0.968349
0.267521 0.055212 -0.961969
-0.027112 -0.006733 -0.999610
-0.241067 -0.111604 -0.964070
0.046782 0.011400 -0.998840
-0.253184 -0.065890 -0.965172
0.046782 0.011400 -0.998840
-0.241067 -0.111604 -0.964070
0.048148 0.018688 -0.998665
-0.057702 -0.003491 -0.998328
-0.063903 0.019727 -0.997761
0.230349 -0.066118 -0.970859
0.230349 -0.066118 -0.970859
0.249264 0.012955 -0.968349
-0.057702 -0.003491 -0.998328
-0.241067 -0.111604 -0.964070
-0.198318 -0.185139 -0.962493
0.027845 0.021248 -0.999386
-0.241067 -0.111604 -0.964070
0.027845 0.021248 -0.999386
0.048148 0.018688 -0.998665
0.230349 -0.066118 -0.970859
-0.040759 0.033030 -0.998623
0.203551 -0.151579 -0.967259
-0.040759 0.033030 -0.998623
0.230349 -0.066118 -0.970859
-0.063903 0.019727 -0.997761
0.013257 0.017288 -0.999763
-0.198318 -0.185139 -0.962493
-0.134180 -0.239803 -0.961504
-0.198318 -0.185139 -0.962493
0.013257 0.017288 -0.999763
0.027845 0.021248 -0.999386
-0.040759 0.033030 -0.998623
0.149712 -0.219119 -0.964144
0.203551 -0.151579 -0.967259
0.149712 -0.219119 -0.964144
-0.040759 0.033030 -0.998623
-0.023654 0.038789 -0.998967
0.061212 -0.261447 -0.963275
0.149712 -0.219119 -0.964144
-0.023654 0.038789 -0.998967
-0.023654 0.038789 -0.998967
-0.013730 0.042298 -0.999011
0.061212 -0.261447 -0.963275
0.003776 0.026465 -0.999643
0.061212 -0.261447 -0.963275
-0.013730 0.042298 -0.999011
0.061212 -0.261447 -0.963275
0.003776 0.026465 -0.999643
-0.044048 -0.267637 -0.962512
0.013257 0.017288 -0.999763
-0.044048 -0.267637 -0.962512
0.003776 0.026465 -0.999643
-0.044048 -0.267637 -0.962512
0.013257 0.017288 -0.999763
-0.134180 -0.239803 -0.961504
0.266712 0.073691 -0.960955
-0.067421 -0.032918 -0.997181
-0.036833 -0.011262 -0.999258
-0.067421 -0.032918 -0.997181
0.266712 0.073691 -0.960955
0.234391 0.114414 -0.965386
0.064661 0.011927 -0.997836
-0.265298 0.004008 -0.964158
-0.251600 -0.047972 -0.966642
-0.265298 0.004008 -0.964158
0.064661 0.011927 -0.997836
0.077761 0.001156 -0.996971
-0.067421 -0.032918 -0.997181
0.175181 0.166306 -0.970388
-0.062943 -0.057190 -0.996377
0.175181 0.166306 -0.970388
-0.067421 -0.032918 -0.997181
0.234391 0.114414 -0.965386
0.050859 -0.016059 -0.998577
-0.265298 0.004008 -0.964158
0.077761 0.001156 -0.996971
-0.265298 0.004008 -0.964158
0.050859 -0.016059 -0.998577
-0.282418 0.098902 -0.954179
0.100731 0.204718 -0.973624
-0.062943 -0.057190 -0.996377
0.175181 0.166306 -0.970388
-0.062943 -0.057190 -0.996377
0.100731 0.204718 -0.973624
-0.039537 -0.069768 -0.996779
0.050859 -0.016059 -0.998577
0.040959 -0.027560 -0.998781
-0.252158 0.185629 -0.949715
0.050859 -0.016059 -0.998577
-0.252158 0.185629 -0.949715
-0.282418 0.098902 -0.954179
0.021689 0.245234 -0.969221
-0.062680 0.268710 -0.961180
0.010527 -0.036791 -0.999267
0.021689 0.245234 -0.969221
0.010527 -0.036791 -0.999267
-0.008915 -0.058512 -0.998247
0.021689 0.245234 -0.969221
-0.039537 -0.069768 -0.996779
0.100731 0.204718 -0.973624
-0.039537 -0.069768 -0.996779
0.021689 0.245234 -0.969221
-0.008915 -0.058512 -0.998247
0.040959 -0.027560 -0.998781
0.039328 -0.047263 -0.998108
-0.163474 0.245543 -0.955502
-0.163474 0.245543 -0.955502
-0.252158 0.185629 -0.949715
0.040959 -0.027560 -0.998781
0.039328 -0.047263 -0.998108
-0.062680 0.268710 -0.961180
-0.163474 0.245543 -0.955502
-0.062680 0.268710 -0.961180
0.039328 -0.047263 -0.998108
0.010527 -0.036791 -0.999267
-0.000399 -0.000899 -1.000000
-0.000405 -0.000952 -1.000000
0.000072 -0.001075 -0.999999
0.000082 -0.001068 -0.999999
0.000072 -0.001075 -0.999999
-0.000405 -0.000952 -1.000000
-0.000936 -0.002827 -0.999996
-0.000342 -0.003331 -0.999994
-0.000925 -0.002679 -0.999996
-0.000342 -0.003331 -0.999994
-0.000936 -0.002827 -0.999996
-0.000318 -0.003214 -0.999995
-0.000318 -0.003214 -0.999995
0.000550 0.000865 -1.000000
-0.000342 -0.003331 -0.999994
0.000550 0.000865 -1.000000
-0.000318 -0.003214 -0.999995
0.000548 0.000855 -0.999999
0.000548 0.000855 -0.999999
0.000779 0.000934 -0.999999
0.000550 0.000865 -1.000000
0.000779 0.000934 -0.999999
0.000548 0.000855 -0.999999
0.000786 0.000946 -0.999999
0.000786 0.000946 -0.999999
0.000859 0.000377 -1.000000
0.000779 0.000934 -0.999999
0.000859 0.000377 -1.000000
0.000786 0.000946 -0.999999
0.000857 0.000371 -1.000000
0.000857 0.000371 -1.000000
0.000082 -0.001068 -0.999999
0.000859 0.000377 -1.000000
0.000082 -0.001068 -0.999999
0.000857 0.000371 -1.000000
0.000072 -0.001075 -0.999999
0.000049 -0.001406 -0.999999
-0.000241 0.001194 -0.999999
-0.000399 -0.000899 -1.000000
-0.000405 -0.000952 -1.000000
-0.000399 -0.000899 -1.000000
-0.000241 0.001194 -0.999999
0.000270 -0.000804 -1.000000
-0.000101 -0.000172 -1.000000
-0.000102 -0.000168 -1.000000
-0.000101 -0.000172 -1.000000
0.000270 -0.000804 -1.000000
0.000283 -0.000815 -1.000000
0.000283 -0.000815 -1.000000
0.000270 -0.000804 -1.000000
0.000246 0.001496 -0.999999
0.000246 0.001496 -0.999999
0.000493 -0.001954 -0.999998
0.000283 -0.000815 -1.000000
-0.000265 0.000461 -1.000000
-0.000102 -0.000168 -1.000000
-0.000101 -0.000172 -1.000000
-0.000102 -0.000168 -1.000000
-0.000265 0.000461 -1.000000
-0.000266 0.000463 -1.000000
-0.000925 -0.002679 -0.999996
-0.000820 0.000589 -0.999999
-0.000936 -0.002827 -0.999996
-0.000820 0.000589 -0.999999
-0.000925 -0.002679 -0.999996
-0.000819 0.000599 -0.999999
-0.000819 0.000599 -0.999999
-0.001111 -0.000845 -0.999999
-0.000820 0.000589 -0.999999
-0.001111 -0.000845 -0.999999
-0.000819 0.000599 -0.999999
-0.001106 -0.000791 -0.999999
-0.001111 -0.000845 -0.999999
0.000255 0.014528 -0.999894
0.000262 0.014600 -0.999893
0.000255 0.014528 -0.999894
-0.001111 -0.000845 -0.999999
-0.001106 -0.000791 -0.999999
0.000262 0.014600 -0.999893
0.000255 0.014528 -0.999894
-0.000391 0.008094 -0.999967
-0.000521 0.000952 -0.999999
-0.000266 0.000463 -1.000000
-0.000265 0.000461 -1.000000
-0.000266 0.000463 -1.000000
-0.000521 0.000952 -0.999999
-0.000520 0.000951 -0.999999
-0.000826 0.000984 -0.999999
-0.000520 0.000951 -0.999999
-0.000521 0.000952 -0.999999
-0.000520 0.000951 -0.999999
-0.000826 0.000984 -0.999999
-0.000823 0.000962 -0.999999
-0.001278 0.002452 -0.999996
-0.000823 0.000962 -0.999999
-0.000826 0.000984 -0.999999
-0.000823 0.000962 -0.999999
-0.001278 0.002452 -0.999996
-0.001183 0.001980 -0.999997
-0.001183 0.001980 -0.999997
-0.001278 0.002452 -0.999996
-0.013045 0.061247 -0.998037
-0.000241 0.001194 -0.999999
0.000049 -0.001406 -0.999999
0.000208 -0.000533 -1.000000
0.000208 -0.000533 -1.000000
0.000049 -0.001406 -0.999999
0.000493 -0.001954 -0.999998
0.000208 -0.000533 -1.000000
0.000493 -0.001954 -0.999998
0.000188 0.000564 -1.000000
0.000188 0.000564 -1.000000
0.000493 -0.001954 -0.999998
0.000246 0.001496 -0.999999
-0.025577 -0.296445 0.954708
0.010527 -0.036791 0.999267
-0.008915 -0.058512 0.998247
0.010527 -0.036791 0.999267
-0.025577 -0.296445 0.954708
0.070373 -0.292711 0.953608
-0.134833 -0.290274 0.947397
-0.008915 -0.058512 0.998247
-0.039537 -0.069768 0.996780
-0.008915 -0.058512 0.998247
-0.134833 -0.290274 0.947397
-0.025577 -0.296445 0.954708
-0.244754 -0.237494 0.940049
-0.039537 -0.069768 0.996780
-0.062943 -0.057190 0.996377
-0.039537 -0.069768 0.996780
-0.244754 -0.237494 0.940049
-0.134833 -0.290274 0.947397
0.039328 -0.047263 0.998108
0.010527 -0.036791 0.999267
0.175845 -0.279657 0.943859
0.070373 -0.292711 0.953608
0.175845 -0.279657 0.943859
0.010527 -0.036791 0.999267
0.039328 -0.047263 0.998108
0.269055 -0.216875 0.938390
0.040959 -0.027560 0.998781
0.269055 -0.216875 0.938390
0.039328 -0.047263 0.998108
0.175845 -0.279657 0.943859
0.040959 -0.027560 0.998781
0.317327 -0.110650 0.941839
0.050859 -0.016059 0.998577
0.317327 -0.110650 0.941839
0.040959 -0.027560 0.998781
0.269055 -0.216875 0.938390
0.317327 -0.110650 0.941839
0.354400 -0.000675 0.935094
0.050859 -0.016059 0.998577
0.050859 -0.016059 0.998577
0.354400 -0.000675 0.935094
0.077761 0.001156 0.996971
0.064661 0.011927 0.997836
0.077761 0.001156 0.996971
0.359397 0.067354 0.930751
0.354400 -0.000675 0.935094
0.359397 0.067354 0.930751
0.077761 0.001156 0.996971
0.046782 0.011400 0.998840
0.064661 0.011927 0.997836
0.333820 0.085912 0.938713
0.359397 0.067354 0.930751
0.333820 0.085912 0.938713
0.064661 0.011927 0.997836
0.048148 0.018688 0.998665
0.333820 0.085912 0.938713
0.281993 0.129118 0.950689
0.333820 0.085912 0.938713
0.048148 0.018688 0.998665
0.046782 0.011400 0.998840
0.027845 0.021248 0.999386
0.281993 0.129118 0.950689
0.205196 0.191428 0.959818
0.281993 0.129118 0.950689
0.027845 0.021248 0.999386
0.048148 0.018688 0.998665
0.013257 0.017288 0.999763
0.205196 0.191428 0.959818
0.124580 0.228629 0.965510
0.205196 0.191428 0.959818
0.013257 0.017288 0.999763
0.027845 0.021248 0.999386
0.003776 0.026465 0.999643
0.124580 0.228629 0.965510
0.035212 0.260408 0.964856
0.124580 0.228629 0.965510
0.003776 0.026465 0.999643
0.013257 0.017288 0.999763
0.003776 0.026465 0.999643
-0.063619 0.279238 0.958112
-0.013730 0.042298 0.999011
-0.063619 0.279238 0.958112
0.003776 0.026465 0.999643
0.035212 0.260408 0.964856
-0.063619 0.279238 0.958112
-0.023654 0.038789 0.998967
-0.013730 0.042298 0.999011
-0.023654 0.038789 0.998967
-0.063619 0.279238 0.958112
-0.166505 0.240817 0.956182
-0.040759 0.033030 0.998623
-0.166505 0.240817 0.956182
-0.248976 0.165546 0.954256
-0.166505 0.240817 0.956182
-0.040759 0.033030 0.998623
-0.023654 0.038789 0.998967
-0.063903 0.019727 0.997761
-0.248976 0.165546 0.954256
-0.298577 0.079704 0.951052
-0.248976 0.165546 0.954256
-0.063903 0.019727 0.997761
-0.040759 0.033030 0.998623
-0.057702 -0.003491 0.998328
-0.298577 0.079704 0.951052
-0.310150 -0.011542 0.950618
-0.298577 0.079704 0.951052
-0.057702 -0.003491 0.998328
-0.063903 0.019727 0.997761
-0.057702 -0.003491 0.998328
-0.310398 -0.065567 0.948343
-0.027112 -0.006733 0.999610
-0.310398 -0.065567 0.948343
-0.057702 -0.003491 0.998328
-0.310150 -0.011542 0.950618
-0.027112 -0.006733 0.999610
-0.325089 -0.089490 0.941440
-0.036833 -0.011262 0.999258
-0.325089 -0.089490 0.941440
-0.027112 -0.006733 0.999610
-0.310398 -0.065567 0.948343
-0.067421 -0.032918 0.997181
-0.325089 -0.089490 0.941440
-0.314873 -0.152505 0.936802
-0.325089 -0.089490 0.941440
-0.067421 -0.032918 0.997181
-0.036833 -0.011262 0.999258
-0.314873 -0.152505 0.936802
-0.062943 -0.057190 0.996377
-0.067421 -0.032918 0.997181
-0.062943 -0.057190 0.996377
-0.314873 -0.152505 0.936802
-0.244754 -0.237494 0.940049
0.267521 0.055212 0.961969
-0.036833 -0.011262 0.999258
0.266712 0.073691 0.960955
-0.036833 -0.011262 0.999258
0.267521 0.055212 0.961969
-0.027112 -0.006733 0.999610
0.064661 0.011927 0.997836
0.046782 0.011400 0.998840
-0.253184 -0.065890 0.965172
0.064661 0.011927 0.997836
-0.253184 -0.065890 0.965172
-0.251600 -0.047972 0.966642
-0.057702 -0.003491 0.998328
-0.027112 -0.006733 0.999610
0.249264 0.012955 0.968349
0.267521 0.055212 0.961969
0.249264 0.012955 0.968349
-0.027112 -0.006733 0.999610
-0.241067 -0.111604 0.964070
0.046782 0.011400 0.998840
0.048148 0.018688 0.998665
0.046782 0.011400 0.998840
-0.241067 -0.111604 0.964070
-0.253184 -0.065890 0.965172
0.249264 0.012955 0.968349
0.230349 -0.066118 0.970859
-0.057702 -0.003491 0.998328
-0.057702 -0.003491 0.998328
0.230349 -0.066118 0.970859
-0.063903 0.019727 0.997761
-0.198318 -0.185139 0.962493
-0.241067 -0.111604 0.964070
0.027845 0.021248 0.999386
0.048148 0.018688 0.998665
0.027845 0.021248 0.999386
-0.241067 -0.111604 0.964070
-0.040759 0.033030 0.998623
0.230349 -0.066118 0.970859
0.203551 -0.151579 0.967259
0.230349 -0.066118 0.970859
-0.040759 0.033030 0.998623
-0.063903 0.019727 0.997761
-0.198318 -0.185139 0.962493
0.013257 0.017288 0.999763
-0.134180 -0.239803 0.961504
0.027845 0.021248 0.999386
0.013257 0.017288 0.999763
-0.198318 -0.185139 0.962493
-0.023654 0.038789 0.998967
-0.040759 0.033030 0.998623
0.149712 -0.219119 0.964144
0.149712 -0.219119 0.964144
-0.040759 0.033030 0.998623
0.203551 -0.151579 0.967259
-0.013730 0.042298 0.999011
-0.023654 0.038789 0.998967
0.061212 -0.261447 0.963275
0.061212 -0.261447 0.963275
-0.023654 0.038789 0.998967
0.149712 -0.219119 0.964144
0.003776 0.026465 0.999643
0.061212 -0.261447 0.963275
-0.044048 -0.267637 0.962512
0.061212 -0.261447 0.963275
0.003776 0.026465 0.999643
-0.013730 0.042298 0.999011
-0.044048 -0.267637 0.962512
0.013257 0.017288 0.999763
0.003776 0.026465 0.999643
0.013257 0.017288 0.999763
-0.044048 -0.267637 0.962512
-0.134180 -0.239803 0.961504
0.266712 0.073691 0.960955
-0.067421 -0.032918 0.997181
0.234391 0.114414 0.965386
-0.067421 -0.032918 0.997181
0.266712 0.073691 0.960955
-0.036833 -0.011262 0.999258
0.077761 0.001156 0.996971
0.064661 0.011927 0.997836
-0.265298 0.004008 0.964158
-0.265298 0.004008 0.964158
0.064661 0.011927 0.997836
-0.251600 -0.047972 0.966642
-0.067421 -0.032918 0.997181
0.175181 0.166306 0.970388
0.234391 0.114414 0.965386
0.175181 0.166306 0.970388
-0.067421 -0.032918 0.997181
-0.062943 -0.057190 0.996377
0.050859 -0.016059 0.998577
-0.265298 0.004008 0.964158
-0.282418 0.098902 0.954180
-0.265298 0.004008 0.964158
0.050859 -0.016059 0.998577
0.077761 0.001156 0.996971
-0.062943 -0.057190 0.996377
0.100731 0.204718 0.973624
0.175181 0.166306 0.970388
0.100731 0.204718 0.973624
-0.062943 -0.057190 0.996377
-0.039537 -0.069768 0.996780
0.040959 -0.027560 0.998781
0.050859 -0.016059 0.998577
-0.252158 0.185629 0.949715
-0.252158 0.185629 0.949715
0.050859 -0.016059 0.998577
-0.282418 0.098902 0.954180
0.010527 -0.036791 0.999267
0.021689 0.245234 0.969221
-0.008915 -0.058512 0.998247
0.021689 0.245234 0.969221
0.010527 -0.036791 0.999267
-0.062680 0.268710 0.961180
0.021689 0.245234 0.969221
-0.039537 -0.069768 0.996780
-0.008915 -0.058512 0.998247
-0.039537 -0.069768 0.996780
0.021689 0.245234 0.969221
0.100731 0.204718 0.973624
0.039328 -0.047263 0.998108
0.040959 -0.027560 0.998781
-0.163474 0.245543 0.955502
-0.252158 0.185629 0.949715
-0.163474 0.245543 0.955502
0.040959 -0.027560 0.998781
-0.163474 0.245543 0.955502
-0.062680 0.268710 0.961180
0.039328 -0.047263 0.998108
0.010527 -0.036791 0.999267
0.039328 -0.047263 0.998108
-0.062680 0.268710 0.961180
</float_array>
          <technique_common>
            <accessor source="#body_link2_02-Normal0-array" count="756" stride="3">
              <param name="X" type="float"/>
              <param name="Y" type="float"/>
              <param name="Z" type="float"/>
            </accessor>
          </technique_common>
        </source>
        <vertices id="body_link2_02-VERTEX">
          <input semantic="POSITION" source="#body_link2_02-POSITION"/>
        </vertices>
        <triangles count="252" material="black_01">
          <input semantic="VERTEX" offset="0" source="#body_link2_02-VERTEX"/>
          <input semantic="NORMAL" offset="1" source="#body_link2_02-Normal0"/>
          <p> 20 0 0 1 1 2 20 3 1 4 19 5 15 6 5 7 6 8 15 9 6 10 14 11 16 12 4 13 5 14 16 15 5 16 15 17 17 18 3 19 4 20 17 21 4 22 16 23 18 24 2 25 3 26 18 27 3 28 17 29 19 30 1 31 2 32 19 33 2 34 18 35 21 36 39 37 0 38 21 39 0 40 20 41 36 42 25 43 26 44 25 45 36 46 37 47 37 48 24 49 25 50 38 51 24 52 37 53 35 54 26 55 27 56 26 57 35 58 36 59 14 60 6 61 7 62 14 63 7 64 13 65 8 66 13 67 7 68 13 69 8 70 12 71 8 72 11 73 12 74 11 75 8 76 9 77 9 78 10 79 11 80 34 81 27 82 28 83 27 84 34 85 35 86 33 87 28 88 29 89 28 90 33 91 34 92 32 93 29 94 30 95 29 96 32 97 33 98 30 99 31 100 32 101 21 102 22 103 39 104 38 105 22 106 23 107 22 108 38 109 39 110 23 111 24 112 38 113 40 114 66 115 61 116 66 117 40 118 67 119 61 120 65 121 60 122 65 123 61 124 66 125 64 126 60 127 65 128 60 129 64 130 59 131 68 132 40 133 41 134 40 135 68 136 67 137 41 138 69 139 68 140 69 141 41 142 42 143 70 144 69 145 42 146 70 147 42 148 43 149 43 150 44 151 71 152 71 153 70 154 43 155 44 156 45 157 72 158 72 159 71 160 44 161 45 162 46 163 73 164 73 165 72 166 45 167 47 168 73 169 46 170 73 171 47 172 74 173 48 174 74 175 47 176 74 177 48 178 75 179 49 180 75 181 48 182 75 183 49 184 76 185 76 186 50 187 77 188 50 189 76 190 49 191 78 192 77 193 50 194 78 195 50 196 51 197 52 198 78 199 51 200 78 201 52 202 79 203 53 204 79 205 52 206 79 207 53 208 80 209 54 210 80 211 53 212 80 213 54 214 81 215 55 216 81 217 54 218 81 219 55 220 82 221 55 222 83 223 82 224 83 225 55 226 56 227 56 228 62 229 83 230 62 231 56 232 57 233 62 234 58 235 63 236 58 237 62 238 57 239 63 240 59 241 64 242 59 243 63 244 58 245 90 246 57 247 56 248 57 249 90 250 89 251 46 252 45 253 100 254 100 255 45 256 101 257 56 258 55 259 91 260 91 261 90 262 56 263 99 264 46 265 100 266 46 267 99 268 47 269 55 270 54 271 92 272 92 273 91 274 55 275 99 276 98 277 48 278 99 279 48 280 47 281 92 282 53 283 93 284 53 285 92 286 54 287 49 288 98 289 97 290 98 291 49 292 48 293 53 294 94 295 93 296 94 297 53 298 52 299 95 300 94 301 52 302 52 303 51 304 95 305 50 306 95 307 51 308 95 309 50 310 96 311 49 312 96 313 50 314 96 315 49 316 97 317 89 318 58 319 57 320 58 321 89 322 88 323 45 324 102 325 101 326 102 327 45 328 44 329 58 330 87 331 59 332 87 333 58 334 88 335 43 336 102 337 44 338 102 339 43 340 103 341 86 342 59 343 87 344 59 345 86 346 60 347 43 348 42 349 104 350 43 351 104 352 103 353 85 354 84 355 40 356 85 357 40 358 61 359 85 360 60 361 86 362 60 363 85 364 61 365 42 366 41 367 105 368 105 369 104 370 42 371 41 372 84 373 105 374 84 375 41 376 40 377 106 378 126 379 107 380 125 381 107 382 126 383 112 384 121 385 120 386 121 387 112 388 111 389 111 390 122 391 121 392 122 393 111 394 110 395 110 396 123 397 122 398 123 399 110 400 109 401 109 402 124 403 123 404 124 405 109 406 108 407 108 408 125 409 124 410 125 411 108 412 107 413 145 414 127 415 106 416 126 417 106 418 127 419 131 420 142 421 132 422 142 423 131 424 143 425 143 426 131 427 130 428 130 429 144 430 143 431 141 432 132 433 142 434 132 435 141 436 133 437 120 438 113 439 112 440 113 441 120 442 119 443 119 444 114 445 113 446 114 447 119 448 118 449 114 450 117 451 115 452 117 453 114 454 118 455 115 456 117 457 116 458 140 459 133 460 141 461 133 462 140 463 134 464 139 465 134 466 140 467 134 468 139 469 135 470 138 471 135 472 139 473 135 474 138 475 136 476 136 477 138 478 137 479 127 480 145 481 128 482 128 483 145 484 144 485 128 486 144 487 129 488 129 489 144 490 130 491 172 492 146 493 167 494 146 495 172 496 173 497 171 498 167 499 166 500 167 501 171 502 172 503 170 504 166 505 165 506 166 507 170 508 171 509 147 510 146 511 174 512 173 513 174 514 146 515 147 516 175 517 148 518 175 519 147 520 174 521 148 522 176 523 149 524 176 525 148 526 175 527 176 528 177 529 149 530 149 531 177 532 150 533 151 534 150 535 178 536 177 537 178 538 150 539 152 540 151 541 179 542 178 543 179 544 151 545 153 546 179 547 180 548 179 549 153 550 152 551 154 552 180 553 181 554 180 555 154 556 153 557 155 558 181 559 182 560 181 561 155 562 154 563 156 564 182 565 183 566 182 567 156 568 155 569 156 570 184 571 157 572 184 573 156 574 183 575 184 576 158 577 157 578 158 579 184 580 185 581 159 582 185 583 186 584 185 585 159 586 158 587 160 588 186 589 187 590 186 591 160 592 159 593 161 594 187 595 188 596 187 597 161 598 160 599 161 600 189 601 162 602 189 603 161 604 188 605 162 606 168 607 163 608 168 609 162 610 189 611 164 612 168 613 169 614 168 615 164 616 163 617 169 618 165 619 164 620 165 621 169 622 170 623 196 624 163 625 195 626 163 627 196 628 162 629 151 630 152 631 206 632 151 633 206 634 207 635 161 636 162 637 197 638 196 639 197 640 162 641 205 642 152 643 153 644 152 645 205 646 206 647 197 648 198 649 161 650 161 651 198 652 160 653 204 654 205 655 154 656 153 657 154 658 205 659 159 660 198 661 199 662 198 663 159 664 160 665 204 666 155 667 203 668 154 669 155 670 204 671 158 672 159 673 200 674 200 675 159 676 199 677 157 678 158 679 201 680 201 681 158 682 200 683 156 684 201 685 202 686 201 687 156 688 157 689 202 690 155 691 156 692 155 693 202 694 203 695 195 696 164 697 194 698 164 699 195 700 163 701 150 702 151 703 208 704 208 705 151 706 207 707 164 708 193 709 194 710 193 711 164 712 165 713 149 714 208 715 209 716 208 717 149 718 150 719 165 720 192 721 193 722 192 723 165 724 166 725 148 726 149 727 210 728 210 729 149 730 209 731 146 732 191 733 167 734 191 735 146 736 190 737 191 738 166 739 167 740 166 741 191 742 192 743 147 744 148 745 211 746 210 747 211 748 148 749 211 750 190 751 147 752 146 753 147 754 190 755</p>
        </triangles>
      </mesh>
    </geometry>
  </library_geometries>
  <library_visual_scenes>
    <visual_scene id="body_link2" name="body_link2">
      <node name="body_link2_01" id="body_link2_01" layer="body_link2" sid="body_link2_01">
        <rotate sid="rotateX">1 0 0 90.000003</rotate>
        <instance_geometry url="#body_link2_01-lib">
          <bind_material>
            <technique_common>
              <instance_material symbol="white" target="#white"/>
            </technique_common>
          </bind_material>
        </instance_geometry>
        <extra>
          <technique profile="FCOLLADA">
            <visibility>1.000000</visibility>
          </technique>
        </extra>
      </node>
      <node name="body_link2_02" id="body_link2_02" layer="body_link2" sid="body_link2_02">
        <rotate sid="rotateX">1 0 0 90.000009</rotate>
        <instance_geometry url="#body_link2_02-lib">
          <bind_material>
            <technique_common>
              <instance_material symbol="black_01" target="#black_01"/>
            </technique_common>
          </bind_material>
        </instance_geometry>
        <extra>
          <technique profile="FCOLLADA">
            <visibility>1.000000</visibility>
          </technique>
        </extra>
      </node>
      <extra>
        <technique profile="MAX3D">
          <frame_rate>30.000000</frame_rate>
        </technique>
        <technique profile="FCOLLADA">
          <start_time>0.000000</start_time>
          <end_time>3.333333</end_time>
        </technique>
      </extra>
    </visual_scene>
  </library_visual_scenes>
  <scene>
    <instance_visual_scene url="#body_link2"/>
  </scene>
</COLLADA>
