o arm_r_link3
# 3ds Max Wavefront OBJ Exporter v0.99 - (c)2007 guruware
# File Created: 28.05.2026 15:37:20

mtllib arm_l_link3.mtl

#
# object s
#

v  0.074074007571 -0.021825201809 0.036198962480
v  0.066629827023 -0.025628767908 0.035999991000
v  0.066629841924 -0.000000005865 0.036000009626
v  0.074342250824 -0.000000005964 0.036604046822
v  0.098038971424 -0.016589943320 0.035999991000
v  0.098038978875 -0.000000005865 0.036000009626
v  0.222337186337 -0.000000005865 0.036000009626
v  0.222337186337 -0.016589941457 0.035999987274
v  0.222337186337 -0.019763775170 0.039662100375
v  0.098038971424 -0.019763773307 0.039662100375
v  0.068123623729 -0.028720200062 0.037861563265
v  0.075307048857 -0.024817073718 0.038472231477
v  0.222337186337 -0.019763769582 0.069813467562
v  0.126481354237 -0.019763771445 0.069813467562
v  0.118323519826 -0.020392466336 0.069164179265
v  0.090443164110 -0.020364545286 0.039284750819
v  0.222337186337 -0.018451517448 0.073261953890
v  0.126481354237 -0.018451515585 0.073261953890
v  0.094899870455 -0.025793485343 0.070409044623
v  0.094075635076 -0.027900153771 0.064742818475
v  0.101903356612 -0.024945335463 0.066768974066
v  0.102698564529 -0.022505270317 0.071662560105
v  0.222337186337 -0.010883157142 0.075810194016
v  0.126481354237 -0.010883156210 0.075810194016
v  0.094899870455 -0.010221183300 0.075810201466
v  0.102795243263 -0.010390103795 0.075810194016
v  0.063619472086 -0.000000005801 0.035603921860
v  0.063619472086 -0.028453094885 0.035603921860
v  0.065081171691 -0.031068496406 0.037315018475
v  0.068497672677 -0.034380130470 0.044849626720
v  0.062320511788 -0.033381063491 0.036492310464
v  0.090088352561 -0.017480511218 0.035999991000
v  0.082334399223 -0.019400371239 0.035999991000
v  0.082334414124 -0.000000005865 0.036000009626
v  0.090186692774 -0.000000005865 0.036000009626
v  0.083081297576 -0.022044720128 0.038761831820
v  0.110383279622 -0.021980879828 0.067988634109
v  0.110690616071 -0.019741538912 0.072694264352
v  0.118479199708 -0.018596000969 0.073163405061
v  0.110690608621 -0.010680021718 0.075810194016
v  0.118585981429 -0.010883155279 0.075810194016
v  0.060831297189 -0.031527910382 0.034876395017
v  0.058912396431 -0.035886004567 0.035167165101
v  0.057710528374 -0.034175932407 0.033816523850
v  0.052332680672 -0.038003876805 0.030465576798
v  0.052104413509 -0.037176847458 0.030219020322
v  0.054505363107 -0.036226160824 0.032094206661
v  0.055512472987 -0.037601571530 0.033142872155
v  0.049163617194 -0.037624463439 0.027452234179
v  0.222337186337 0.010883130133 0.075810194016
v  0.126481354237 0.010883131064 0.075810194016
v  0.110690608621 0.010679996572 0.075810194016
v  0.118585981429 0.010883130133 0.075810194016
v  0.094899870455 0.010221158154 0.075810201466
v  0.102795243263 0.010390078649 0.075810194016
v  0.045850384980 -0.008316049352 0.075810208917
v  0.041754856706 -0.025793483481 0.070409044623
v  0.045850384980 0.008316024207 0.075810208917
v  0.036003705114 -0.028135901317 0.064248546958
v  0.030252553523 -0.030357426032 0.058088056743
v  0.018750250340 -0.034800481051 0.045767076313
v  0.012628659606 -0.036725122482 0.039202470332
v  0.006342560053 -0.037890009582 0.032461445779
v  0.060831293464 -0.000000005682 0.034876395017
v  0.057710528374 -0.000000005509 0.033816523850
v  0.054505363107 -0.000000005229 0.032094206661
v  0.052104420960 -0.000000004923 0.030219020322
v  0.049163617194 -0.030631897971 0.027280788869
v  0.049163628370 -0.000000004473 0.027452249080
v  -0.012414455414 -0.038279999048 0.012414459139
v  0.012414466590 -0.038280002773 -0.012414451689
v  -0.017556689680 -0.033279996365 -0.000000003725
v  -0.017556689680 -0.038279999048 0.000000000000
v  -0.016958467662 -0.038279999048 0.004544006661
v  -0.016958460212 -0.033279996365 0.004544002935
v  -0.015204541385 -0.038279999048 0.008778346702
v  -0.015204541385 -0.033279996365 0.008778342977
v  -0.012414455414 -0.033279996365 0.012414453551
v  0.012414462864 -0.033279996365 -0.012414455414
v  0.008778356016 -0.038279999048 -0.015204541385
v  0.008778352290 -0.033279996365 -0.015204541385
v  0.004544015974 -0.038279999048 -0.016958463937
v  0.004544012249 -0.033280000091 -0.016958463937
v  0.000000007451 -0.038280002773 -0.017556697130
v  0.000000007451 -0.033280000091 -0.017556697130
v  -0.004543997347 -0.038280002773 -0.016958471388
v  -0.004543997347 -0.033280000091 -0.016958471388
v  -0.008778341115 -0.038280002773 -0.015204552561
v  -0.008778341115 -0.033280000091 -0.015204552561
v  -0.012414447963 -0.038279999048 -0.012414466590
v  -0.012414447963 -0.033280000091 -0.012414470315
v  -0.015204541385 -0.038279999048 -0.008778359741
v  -0.015204541385 -0.033279996365 -0.008778359741
v  -0.016958460212 -0.038279999048 -0.004544019699
v  -0.016958460212 -0.033279996365 -0.004544019699
v  -0.016958467662 -0.030279997736 0.004543999210
v  -0.017556689680 -0.030279997736 -0.000000007451
v  -0.015204548836 -0.030279997736 0.008778341115
v  -0.012414462864 -0.030279997736 0.012414449826
v  -0.008778348565 -0.033279992640 0.015204541385
v  -0.008778348565 -0.030279999599 0.015204539523
v  -0.004544012249 -0.033279992640 0.016958462074
v  -0.004544012249 -0.030279994011 0.016958460212
v  0.000000000000 -0.033279992640 0.017556691542
v  0.000000000000 -0.030279995874 0.017556689680
v  0.004544004798 -0.033279988915 0.016958462074
v  0.004544001073 -0.030279994011 0.016958460212
v  0.008778344840 -0.033279988915 0.015204541385
v  0.008778341115 -0.030279994011 0.015204539523
v  0.012414455414 -0.033279992640 0.012414457276
v  0.012414455414 -0.030279994011 0.012414453551
v  0.015204541385 -0.033279992640 0.008778348565
v  0.015204541385 -0.030279995874 0.008778346702
v  0.016958467662 -0.033279992640 0.004544008523
v  0.016958467662 -0.030279994011 0.004544004798
v  0.017556697130 -0.033279996365 0.000000003725
v  0.017556697130 -0.030279997736 0.000000000000
v  0.016958471388 -0.033279992640 -0.004544001073
v  0.016958467662 -0.030279999599 -0.004544004798
v  0.015204548836 -0.033279996365 -0.008778341115
v  0.015204545110 -0.030279997736 -0.008778344840
v  0.012414462864 -0.030279997736 -0.012414455414
v  0.008778348565 -0.030279997736 -0.015204545110
v  0.004544012249 -0.030280003324 -0.016958467662
v  0.000000007451 -0.030280001462 -0.017556700855
v  -0.004543997347 -0.030280003324 -0.016958475113
v  -0.008778341115 -0.030280003324 -0.015204556286
v  -0.012414455414 -0.030280001462 -0.012414470315
v  -0.015204541385 -0.030279999599 -0.008778363466
v  -0.016958460212 -0.030280003324 -0.004544027150
v  0.006342560053 -0.032890006900 0.032461438328
v  0.012628659606 -0.031145291403 0.039202466607
v  0.018750250340 -0.029800470918 0.045767076313
v  0.025093689561 -0.027136858553 0.052569568157
v  0.029421776533 -0.004784399178 0.057210877538
v  0.028996236622 -0.021305551752 0.056754544377
v  0.029421776533 0.004784380551 0.057210877538
v  0.049163617194 -0.033181399107 0.027208093554
v  0.027850374579 -0.024213621393 0.055525753647
v  0.045944169164 -0.029891021550 0.027896236628
v  0.046136066318 -0.000000004644 0.028505630791
v  0.047780293971 -0.030101796612 0.026881735772
v  0.047474887222 -0.000000004481 0.027507059276
v  0.046234454960 -0.032883271575 0.025088150054
v  0.044243603945 -0.032791718841 0.025124371052
v  0.074074007571 0.021825192496 0.036198969930
v  0.066629827023 0.025628758594 0.035999998450
v  0.098038971424 0.016589934006 0.035999994725
v  0.222337186337 0.016589935869 0.035999994725
v  0.222337186337 0.019763758406 0.039662104100
v  0.098038971424 0.019763760269 0.039662104100
v  0.068123623729 0.028720187023 0.037861570716
v  0.075307048857 0.024817060679 0.038472242653
v  0.222337186337 0.019763752818 0.069813475013
v  0.126481354237 0.019763750955 0.069813475013
v  0.118323519826 0.020392445847 0.069164186716
v  0.090443164110 0.020364532247 0.039284758270
v  0.222337186337 0.018451489508 0.073261961341
v  0.126481354237 0.018451491371 0.073261961341
v  0.094899870455 0.025793464854 0.070409044623
v  0.102698564529 0.022505246103 0.071662567556
v  0.101903356612 0.024945314974 0.066768981516
v  0.094075635076 0.027900133282 0.064742825925
v  0.063619472086 0.028453085572 0.035603933036
v  0.065081171691 0.031068483368 0.037315029651
v  0.062320511788 0.033381052315 0.036492321640
v  0.068497672677 0.034380111843 0.044849641621
v  0.090088352561 0.017480501905 0.035999994725
v  0.082334399223 0.019400361925 0.035999994725
v  0.083081297576 0.022044707090 0.038761839271
v  0.110383279622 0.021980859339 0.067988634109
v  0.110690616071 0.019741514698 0.072694271803
v  0.118479199708 0.018595976755 0.073163419962
v  0.060831297189 0.031527899206 0.034876406193
v  0.057710528374 0.034175921232 0.033816535026
v  0.058912396431 0.035885993391 0.035167180002
v  0.052332680672 0.038003865629 0.030465589836
v  0.055512472987 0.037601560354 0.033142883331
v  0.054505363107 0.036226149648 0.032094217837
v  0.052104413509 0.037176836282 0.030219031498
v  0.049163617194 0.037624452263 0.027452245355
v  0.041754856706 0.025793462992 0.070409052074
v  0.018750250340 0.034800462425 0.045767083764
v  0.030252553523 0.030357409269 0.058088071644
v  0.036003705114 0.028135880828 0.064248561859
v  0.012628659606 0.036725111306 0.039202481508
v  0.006342560053 0.037889998406 0.032461456954
v  0.049163617194 0.030631888658 0.027280800045
v  -0.012414455414 0.038279995322 0.012414470315
v  0.012414466590 0.038280006498 -0.012414436787
v  -0.017556689680 0.033279992640 0.000000007451
v  -0.016958460212 0.033279992640 0.004544014111
v  -0.016958467662 0.038279995322 0.004544017836
v  -0.017556689680 0.038279995322 0.000000011176
v  -0.015204541385 0.033279992640 0.008778354153
v  -0.015204541385 0.038279995322 0.008778357878
v  -0.012414455414 0.033279992640 0.012414464727
v  0.012414462864 0.033280000091 -0.012414447963
v  0.008778352290 0.033280000091 -0.015204533935
v  0.008778356016 0.038280002773 -0.015204526484
v  0.004544012249 0.033280003816 -0.016958456486
v  0.004544015974 0.038280002773 -0.016958449036
v  0.000000007451 0.033280003816 -0.017556689680
v  0.000000007451 0.038280006498 -0.017556682229
v  -0.004543997347 0.033280003816 -0.016958463937
v  -0.004543997347 0.038280006498 -0.016958456486
v  -0.008778341115 0.033280003816 -0.015204545110
v  -0.008778341115 0.038280006498 -0.015204537660
v  -0.012414447963 0.033280003816 -0.012414462864
v  -0.012414447963 0.038280002773 -0.012414451689
v  -0.015204541385 0.033280000091 -0.008778352290
v  -0.015204541385 0.038280002773 -0.008778344840
v  -0.016958460212 0.033280000091 -0.004544012249
v  -0.016958460212 0.038280002773 -0.004544004798
v  -0.017556689680 0.030279999599 0.000000003725
v  -0.016958467662 0.030279995874 0.004544010386
v  -0.015204548836 0.030279995874 0.008778352290
v  -0.012414462864 0.030279995874 0.012414461002
v  -0.008778348565 0.030279994011 0.015204550698
v  -0.008778348565 0.033279988915 0.015204552561
v  -0.004544012249 0.030279988423 0.016958467662
v  -0.004544012249 0.033279988915 0.016958473250
v  0.000000000000 0.030279990286 0.017556697130
v  0.000000000000 0.033279988915 0.017556702718
v  0.004544001073 0.030279988423 0.016958467662
v  0.004544004798 0.033279985189 0.016958473250
v  0.008778341115 0.030279988423 0.015204550698
v  0.008778344840 0.033279985189 0.015204552561
v  0.012414455414 0.030279992148 0.012414464727
v  0.012414455414 0.033279988915 0.012414468452
v  0.015204541385 0.030279994011 0.008778357878
v  0.015204541385 0.033279988915 0.008778359741
v  0.016958467662 0.030279992148 0.004544015974
v  0.016958467662 0.033279988915 0.004544019699
v  0.017556697130 0.030279999599 0.000000011176
v  0.017556697130 0.033279992640 0.000000014901
v  0.016958467662 0.030280001462 -0.004543997347
v  0.016958471388 0.033279996365 -0.004543993622
v  0.015204545110 0.030280003324 -0.008778337389
v  0.015204548836 0.033280000091 -0.008778333664
v  0.012414462864 0.030280003324 -0.012414447963
v  0.008778348565 0.030280003324 -0.015204537660
v  0.004544012249 0.030280008912 -0.016958460212
v  0.000000007451 0.030280007049 -0.017556693405
v  -0.004543997347 0.030280008912 -0.016958467662
v  -0.008778341115 0.030280008912 -0.015204548836
v  -0.012414455414 0.030280007049 -0.012414462864
v  -0.015204541385 0.030280005187 -0.008778356016
v  -0.016958460212 0.030280005187 -0.004544019699
v  0.006342560053 0.032889995724 0.032461449504
v  0.012628659606 0.031145278364 0.039202474058
v  0.018750250340 0.029800457880 0.045767083764
v  0.025093689561 0.027136841789 0.052569575608
v  0.028996236622 0.021305534989 0.056754551828
v  0.049163617194 0.033181387931 0.027208104730
v  0.027850374579 0.024213604629 0.055525761098
v  0.045944169164 0.029891012236 0.027896247804
v  0.047780293971 0.030101787299 0.026881745085
v  0.044243603945 0.032791707665 0.025124382228
v  0.046234454960 0.032883260399 0.025088161230
v  0.265168368816 -0.024029862136 0.035795867443
v  0.269701093435 -0.024029862136 0.041703034192
v  0.272550493479 -0.024029862136 0.048582077026
v  0.273522347212 -0.024029862136 0.055964194238
v  0.272550463676 -0.024029862136 0.063346311450
v  0.269701093435 -0.024029860273 0.070225343108
v  0.265168368816 -0.024029860273 0.076132513583
v  0.259261190891 -0.024029858410 0.080665238202
v  0.252382159233 -0.024029860273 0.083514630795
v  0.245000034571 -0.024029858410 0.084486499429
v  0.237499743700 -0.024029862136 0.084486506879
v  0.237467885017 -0.024029862136 0.075911268592
v  0.239441841841 -0.024029865861 0.076728910208
v  0.244999825954 -0.024029863998 0.077460631728
v  0.250557810068 -0.024029862136 0.076728910208
v  0.255737036467 -0.024029862136 0.074583604932
v  0.260184526443 -0.024029858410 0.071170926094
v  0.263597190380 -0.024029860273 0.066723428667
v  0.265742510557 -0.024029860273 0.061544209719
v  0.266474217176 -0.024029858410 0.055986225605
v  0.265742510557 -0.024029860273 0.050428226590
v  0.263597190380 -0.024029860273 0.045249011368
v  0.260184526443 -0.024029860273 0.040801517665
v  0.255737036467 -0.024029862136 0.037388838828
v  0.239441841841 -0.024029865861 0.035243544728
v  0.237320065498 -0.024029860273 0.036122411489
v  0.237287819386 -0.024029862136 0.027441864833
v  0.244999825954 -0.024029863998 0.034511819482
v  0.250557810068 -0.024029862136 0.035243541002
v  0.245000064373 -0.024029862136 0.027441868559
v  0.252382159233 -0.024029862136 0.028413744643
v  0.259261190891 -0.024029862136 0.031263139099
v  0.272550463676 -0.019529862329 0.063346311450
v  0.269701093435 -0.019529862329 0.070225343108
v  0.265168368816 -0.019529860467 0.076132513583
v  0.259261190891 -0.019529862329 0.080665238202
v  0.252382159233 -0.019529862329 0.083514630795
v  0.245000034571 -0.019529862329 0.084486499429
v  0.237499743700 -0.019529864192 0.084486506879
v  0.229170292616 -0.024029862136 0.027441868559
v  0.234262615442 -0.024029854685 0.074583604932
v  0.229815125465 -0.024029852822 0.071170926094
v  0.226402461529 -0.024029852822 0.066723428667
v  0.229594141245 -0.024029858410 0.084486506879
v  0.227715551853 -0.024029854685 0.084031693637
v  0.226277112961 -0.024029856548 0.082735732198
v  0.207145512104 -0.024029852822 0.054347656667
v  0.224257141352 -0.024029854685 0.061544217169
v  0.223525434732 -0.024029854685 0.055986233056
v  0.224257141352 -0.024029858410 0.050428248942
v  0.226402431726 -0.024029858410 0.045249029994
v  0.229815125465 -0.024029862136 0.040801532567
v  0.234262615442 -0.024029863998 0.037388850003
v  0.206340879202 -0.024029854685 0.052196908742
v  0.206534087658 -0.024029854685 0.050015810877
v  0.207686156034 -0.024029852822 0.048089344054
v  0.226285755634 -0.024029850960 0.028729068115
v  0.227602601051 -0.024029850960 0.027820263058
v  0.245000064373 -0.019529860467 0.027441866696
v  0.237287819386 -0.019529860467 0.027441866696
v  0.252382159233 -0.019529860467 0.028413744643
v  0.259261190891 -0.019529864192 0.031263142824
v  0.265168368816 -0.019529864192 0.035795867443
v  0.269701093435 -0.019529862329 0.041703034192
v  0.272550493479 -0.019529864192 0.048582073301
v  0.273522347212 -0.019529864192 0.055964194238
v  0.237320065498 -0.019529860467 0.036122415215
v  0.239441841841 -0.019529864192 0.035243548453
v  0.239441841841 -0.019529864192 0.076728910208
v  0.237467885017 -0.019529864192 0.075911268592
v  0.244999825954 -0.019529864192 0.077460631728
v  0.250557810068 -0.019529864192 0.076728910208
v  0.255737036467 -0.019529864192 0.074583604932
v  0.260184526443 -0.019529862329 0.071170926094
v  0.263597220182 -0.019529862329 0.066723428667
v  0.265742510557 -0.019529862329 0.061544213444
v  0.266474217176 -0.019529860467 0.055986225605
v  0.265742510557 -0.019529862329 0.050428226590
v  0.263597190380 -0.019529862329 0.045249015093
v  0.260184526443 -0.019529862329 0.040801521391
v  0.255737036467 -0.019529862329 0.037388842553
v  0.250557810068 -0.019529862329 0.035243541002
v  0.244999825954 -0.019529864192 0.034511823207
v  0.229594141245 -0.019529858604 0.084486506879
v  0.227715551853 -0.019529858604 0.084031693637
v  0.226277112961 -0.019529858604 0.082735739648
v  0.207145512104 -0.019529856741 0.054347656667
v  0.206340879202 -0.019529860467 0.052196908742
v  0.206534087658 -0.019529860467 0.050015810877
v  0.207686156034 -0.019529858604 0.048089344054
v  0.226285755634 -0.019529856741 0.028729069978
v  0.227602601051 -0.019529856741 0.027820263058
v  0.229170292616 -0.019529860467 0.027441866696
v  0.237467885017 0.018970143050 0.075911276042
v  0.237499743700 0.018970144913 0.084486506879
v  0.237320065498 0.018970143050 0.036122426391
v  0.237287819386 0.018970143050 0.027441864833
v  0.229594141245 0.018970144913 0.084486506879
v  0.227715551853 0.018970144913 0.084031693637
v  0.226277112961 0.018970144913 0.082735739648
v  0.207145512104 0.018970143050 0.054347656667
v  0.206340879202 0.018970139325 0.052196912467
v  0.206534087658 0.018970139325 0.050015814602
v  0.207686156034 0.018970137462 0.048089347780
v  0.226285755634 0.018970143050 0.028729068115
v  0.227602601051 0.018970143050 0.027820261195
v  0.229170292616 0.018970143050 0.027441866696
v  0.272550463676 0.018970141187 0.063346311450
v  0.269701093435 0.018970141187 0.070225343108
v  0.265168368816 0.018970143050 0.076132513583
v  0.259261190891 0.018970143050 0.080665230751
v  0.252382159233 0.018970137462 0.083514623344
v  0.245000034571 0.018970141187 0.084486499429
v  0.239441841841 0.018970150501 0.076728925109
v  0.244999825954 0.018970150501 0.077460639179
v  0.250557810068 0.018970150501 0.076728925109
v  0.255737036467 0.018970143050 0.074583619833
v  0.260184526443 0.018970141187 0.071170940995
v  0.263597220182 0.018970141187 0.066723443568
v  0.265742510557 0.018970141187 0.061544224620
v  0.266474246979 0.018970139325 0.055986240506
v  0.239441841841 0.018970150501 0.035243555903
v  0.244999825954 0.018970150501 0.034511834383
v  0.250557810068 0.018970150501 0.035243552178
v  0.255737036467 0.018970141187 0.037388853729
v  0.245000064373 0.018970139325 0.027441866696
v  0.252382159233 0.018970139325 0.028413742781
v  0.259261220694 0.018970139325 0.031263139099
v  0.265168368816 0.018970139325 0.035795863718
v  0.260184526443 0.018970141187 0.040801532567
v  0.263597220182 0.018970141187 0.045249026269
v  0.265742510557 0.018970139325 0.050428241491
v  0.269701093435 0.018970141187 0.041703034192
v  0.272550493479 0.018970139325 0.048582077026
v  0.273522347212 0.018970139325 0.055964194238
v  0.237499743700 0.023970147595 0.084486506879
v  0.229594141245 0.023970147595 0.084486506879
v  0.227715551853 0.023970143870 0.084031693637
v  0.226277112961 0.023970143870 0.082735739648
v  0.207145512104 0.023970142007 0.054347656667
v  0.206340879202 0.023970142007 0.052196912467
v  0.206534087658 0.023970142007 0.050015810877
v  0.207686156034 0.023970140144 0.048089344054
v  0.226285755634 0.023970142007 0.028729071841
v  0.227602601051 0.023970142007 0.027820263058
v  0.229170292616 0.023970149457 0.027441868559
v  0.237287819386 0.023970145732 0.027441868559
v  0.252382159233 0.023970143870 0.083514630795
v  0.245000034571 0.023970143870 0.084486499429
v  0.245000034571 0.023970149457 0.027441868559
v  0.252382159233 0.023970149457 0.028413744643
v  0.259261190891 0.023970149457 0.031263142824
v  0.265168368816 0.023970149457 0.035795867443
v  0.269701093435 0.023970147595 0.041703034192
v  0.272550493479 0.023970153183 0.048582073301
v  0.273522347212 0.023970149457 0.055964194238
v  0.272550463676 0.023970151320 0.063346311450
v  0.269701093435 0.023970151320 0.070225343108
v  0.265168368816 0.023970149457 0.076132513583
v  0.259261190891 0.023970153183 0.080665238202
v  0.237467885017 0.023970145732 0.075911276042
v  0.234262645245 0.023970142007 0.074583619833
v  0.229815155268 0.023970143870 0.071170940995
v  0.226402461529 0.023970143870 0.066723451018
v  0.224257141352 0.023970143870 0.061544232070
v  0.223525434732 0.023970145732 0.055986247957
v  0.224257141352 0.023970142007 0.050428263843
v  0.226402461529 0.023970143870 0.045249044895
v  0.234262615442 0.023970140144 0.037388864905
v  0.237320065498 0.023970145732 0.036122430116
v  0.229815125465 0.023970143870 0.040801547468
v  0.239441841841 0.023970160633 0.035243559629
v  0.239441841841 0.023970153183 0.076728925109
v  0.244999825954 0.023970153183 0.077460646629
v  0.250557810068 0.023970149457 0.076728925109
v  0.255737036467 0.023970149457 0.074583619833
v  0.260184526443 0.023970147595 0.071170940995
v  0.263597220182 0.023970147595 0.066723443568
v  0.265742510557 0.023970147595 0.061544228345
v  0.266474246979 0.023970145732 0.055986240506
v  0.265742510557 0.023970145732 0.050428241491
v  0.263597220182 0.023970151320 0.045249026269
v  0.260184526443 0.023970151320 0.040801532567
v  0.255737036467 0.023970155045 0.037388853729
v  0.250557810068 0.023970156908 0.035243555903
v  0.244999825954 0.023970160633 0.034511838108
# 446 vertices

vn 0.010450967588 0.009042008780 -0.999904513359
vn 0.097226768732 0.000000244932 -0.995262205601
vn 0.098948687315 0.000000162493 -0.995092511177
vn 0.006632737815 0.000000163205 -0.999978005886
vn -0.000000044174 0.000001215934 -1.000000000000
vn 0.000000000000 0.000000162921 -1.000000000000
vn -0.000000006860 0.000000265713 -1.000000000000
vn -0.000000022478 0.000001397952 -1.000000000000
vn -0.000000003229 -0.755689084530 -0.654930591583
vn 0.043583009392 -0.753515899181 -0.655983448029
vn 0.041206363589 -0.755047082901 -0.654374361038
vn -0.000000003397 -0.755689084530 -0.654930531979
vn 0.339855253696 -0.378115803003 -0.861119568348
vn 0.317671030760 -0.371764034033 -0.872282445431
vn 0.258190870285 -0.521196544170 -0.813444316387
vn 0.275361597538 -0.507079064846 -0.816729247570
vn -0.000000009771 -1.000000000000 0.000000124466
vn 0.019963463768 -0.999623239040 -0.018831908703
vn 0.061475362629 -0.996419012547 -0.058050442487
vn -0.000000014985 -1.000000000000 0.000000145962
vn 0.114335089922 -0.987603604794 -0.107548631728
vn 0.195256888866 -0.963873684406 -0.181169569492
vn 0.000000017272 -0.934618890285 0.355650752783
vn 0.006211522035 -0.934600532055 0.355644762516
vn 0.010498873889 -0.931271851063 0.364173889160
vn 0.000000018161 -0.934618890285 0.355650752783
vn 0.280843347311 -0.901095867157 0.330383539200
vn 0.267473071814 -0.915224552155 0.301367163658
vn 0.277506560087 -0.886207818985 0.370979636908
vn 0.271166503429 -0.877928197384 0.394602000713
vn -0.000000006037 -0.319095045328 0.947722673416
vn -0.000000020370 -0.319095075130 0.947722733021
vn -0.001486575115 -0.320487260818 0.947251677513
vn -0.000000006201 -0.319095075130 0.947722733021
vn -0.011039434001 -0.326444387436 0.945151925087
vn -0.011463111266 -0.323433130980 0.946181595325
vn -0.011202448979 -0.325557738543 0.945455849171
vn -0.009011899121 -0.324194073677 0.945947647095
vn 0.191835433245 0.000000159895 -0.981427133083
vn 0.221574828029 0.000000016753 -0.975143373013
vn 0.450637519360 -0.295534372330 -0.842368960381
vn 0.456210523844 -0.303197383881 -0.836626172066
vn 0.607179403305 -0.588419079781 -0.533943951130
vn 0.546479225159 -0.667237043381 -0.506117880344
vn 0.585474848747 -0.610620796680 -0.533255457878
vn 0.627551317215 -0.568636059761 -0.531819999218
vn -0.000000169806 0.000001122513 -1.000000000000
vn -0.022905385122 0.008703149855 -0.999699831009
vn -0.037708785385 0.000000162805 -0.999288797379
vn -0.000000016169 0.000000162921 -1.000000000000
vn 0.189015507698 -0.673428475857 -0.714679837227
vn 0.177208736539 -0.686493277550 -0.705211997032
vn 0.143041148782 -0.731422245502 -0.666753947735
vn 0.151055574417 -0.734687268734 -0.661375045776
vn 0.306868791580 -0.906454563141 -0.290123641491
vn 0.253416568041 -0.937962293625 -0.236657038331
vn 0.364865779877 -0.866323649883 -0.341110438108
vn 0.424387037754 -0.816268920898 -0.391919195652
vn 0.173133477569 -0.895124316216 0.410825014114
vn 0.197780489922 -0.890407145023 0.409948676825
vn 0.079506218433 -0.908926486969 0.409305930138
vn 0.067595511675 -0.914440393448 0.399035900831
vn -0.010364783928 -0.324983775616 0.945662856102
vn -0.010083463974 -0.324653536081 0.945779204369
vn -0.007382779848 -0.324695259333 0.945789873600
vn -0.005621263292 -0.323139965534 0.946334421635
vn 0.509625315666 -0.283261209726 -0.812431633472
vn 0.508718609810 -0.296106249094 -0.808409869671
vn 0.541998624802 -0.254581034184 -0.800890743732
vn 0.546646118164 -0.243078157306 -0.801305830479
vn 0.654197990894 -0.053354047239 -0.754439115524
vn 0.661531388760 -0.040652949363 -0.748814761639
vn 0.614385485649 -0.136571705341 -0.777096271515
vn 0.592327952385 -0.174250036478 -0.786628603935
vn 0.687144637108 -0.026789860800 -0.726026535034
vn 0.000000000000 -0.000000162921 1.000000000000
vn 0.000000000000 -0.000000162921 0.999999940395
vn 0.000000471832 -0.000000162921 1.000000000000
vn 0.429904222488 -0.806412041187 -0.406056553125
vn 0.612808644772 -0.600908160210 -0.513200819492
vn 0.609671354294 -0.607587575912 -0.509056210518
vn -0.002322410466 -0.301201850176 0.953557431698
vn 0.000000056623 -0.295258730650 0.955417335033
vn 0.000000151899 -0.000000162921 0.999999940395
vn 0.000000151899 -0.000000162921 1.000000000000
vn 0.012561628595 -0.943291068077 0.331729203463
vn 0.004799901973 -0.952769398689 0.303656816483
vn -0.001391175436 -0.941440463066 0.337176203728
vn -0.000000008423 -0.937313497066 0.348487526178
vn 0.017178939655 -0.943011343479 0.332316935062
vn 0.014023869298 -0.944718778133 0.327581673861
vn 0.016308836639 -0.959408164024 0.281549334526
vn 0.009832804091 -0.974384605885 0.224673077464
vn 0.008752572350 -0.980393648148 0.196854963899
vn -0.001181583852 -0.996585190296 0.082562714815
vn 0.006507368293 -0.998631656170 0.051888775080
vn -0.002912240569 -0.996801853180 -0.079859748483
vn 0.287216067314 0.000000156056 -0.957865834236
vn 0.304388523102 0.000000046552 -0.952548027039
vn 0.429021000862 0.000000019800 -0.903294563293
vn 0.398830085993 0.000000149402 -0.917024850845
vn 0.546410560608 0.000000136449 -0.837517380714
vn 0.566106200218 0.000000007146 -0.824332296848
vn 0.665010750294 -0.010143408552 -0.746764838696
vn 0.652045428753 0.000000123672 -0.758179843426
vn 0.512391686440 0.014969555661 -0.858621358871
vn 0.353883892298 0.000000152699 -0.935289442539
vn 0.004334241617 -0.999976933002 0.005221562926
vn 0.004407501779 -0.999980509281 0.004407576751
vn -0.999999940395 -0.000000032515 -0.000000270302
vn -1.000000000000 -0.000000000000 -0.000000617151
vn -0.965925812721 0.000001196864 0.258819133043
vn -0.965925812721 -0.000000470117 0.258818984032
vn -0.866025328636 0.000000657421 0.500000119209
vn -0.866025447845 -0.000000750035 0.499999821186
vn -0.762834548950 0.000000557105 0.646593868732
vn -0.735608696938 -0.000000077370 0.677406787872
vn 0.675426125526 -0.000000048237 -0.737427651882
vn 0.608761966228 -0.000000599370 -0.793352901936
vn 0.500000417233 -0.000000288913 -0.866025209427
vn 0.500000178814 -0.000000266732 -0.866025328636
vn 0.258819580078 -0.000000369466 -0.965925693512
vn 0.258819490671 -0.000000718714 -0.965925633907
vn 0.000000746322 -0.000000556258 -1.000000000000
vn 0.000000804928 -0.000000830490 -1.000000000000
vn -0.258818268776 -0.000000562301 -0.965925931931
vn -0.258818298578 -0.000000802192 -0.965925991535
vn -0.499999910593 -0.000000504145 -0.866025447845
vn -0.499999612570 -0.000000846879 -0.866025626659
vn -0.707106292248 -0.000000781173 -0.707107305527
vn -0.707106292248 -0.000001116361 -0.707107365131
vn -0.866025149822 -0.000000411767 -0.500000476837
vn -0.866025209427 -0.000000459458 -0.500000417233
vn -0.965925991535 -0.000000150668 -0.258818596601
vn -0.965925991535 -0.000000360562 -0.258818566799
vn -0.965926051140 -0.000001661507 0.258818298578
vn -1.000000000000 -0.000000030160 -0.000000674560
vn -0.866025567055 -0.000001877606 0.499999821186
vn -0.707106947899 -0.000001063594 0.707106530666
vn -0.500000357628 0.000000503344 0.866025149822
vn -0.500000178814 0.000000206939 0.866025269032
vn -0.258819043636 0.000001042082 0.965925872326
vn -0.258818984032 0.000000935345 0.965925812721
vn 0.000000102859 0.000001109003 0.999999940395
vn 0.000000153092 0.000001078843 1.000000000000
vn 0.258818924427 0.000001256738 0.965925812721
vn 0.258818775415 0.000001333315 0.965925931931
vn 0.499999850988 0.000000968484 0.866025447845
vn 0.499999642372 0.000001124226 0.866025626659
vn 0.707106530666 0.000000692527 0.707107067108
vn 0.707106411457 0.000000811863 0.707107007504
vn 0.866025090218 0.000000273193 0.500000596046
vn 0.866025149822 0.000000299312 0.500000536442
vn 0.965925633907 0.000000279226 0.258819609880
vn 0.965925753117 0.000000235014 0.258819460869
vn 1.000000000000 0.000000229087 0.000000232030
vn 1.000000000000 -0.000000000000 -0.000000009568
vn 0.965925872326 0.000000920228 -0.258818656206
vn 0.965925812721 0.000000691141 -0.258819013834
vn 0.866025567055 0.000000493325 -0.499999821186
vn 0.866025388241 0.000000535978 -0.499999970198
vn 0.707107007504 0.000000157855 -0.707106530666
vn 0.500000238419 -0.000000270771 -0.866025269032
vn 0.258819669485 -0.000000953659 -0.965925693512
vn 0.000000803732 -0.000001078844 -0.999999940395
vn -0.258818179369 -0.000001042083 -0.965926051140
vn -0.499999403954 -0.000000934307 -0.866025686264
vn -0.707106649876 -0.000001542907 -0.707107007504
vn -0.866025149822 -0.000000765389 -0.500000476837
vn -0.965925812721 -0.000000512193 -0.258818805218
vn -0.000000173143 -1.000000000000 -0.000000001079
vn -0.000000401015 -1.000000000000 -0.000000408605
vn 0.000000084670 -1.000000000000 0.000000213028
vn -0.000001086155 -1.000000000000 0.000000246990
vn -0.000003113612 -1.000000000000 0.000000246989
vn -0.000000111490 -1.000000000000 0.000000078810
vn 0.000000000000 -1.000000000000 -0.000000162921
vn -0.000000590817 -0.999999940395 -0.000000403686
vn 0.000001201795 -1.000000000000 0.000002738476
vn 0.000000344097 -1.000000000000 0.000000654124
vn 0.000000409910 -1.000000000000 0.000002950674
vn -0.730755865574 0.000001025341 0.682638943195
vn -0.730817079544 0.000000945449 0.682573378086
vn -0.731354117393 0.000000558439 0.681997835636
vn -0.731354176998 0.000000381761 0.681997895241
vn -0.731276154518 -0.000137810508 0.682081580162
vn -0.731353521347 0.000000015920 0.681998550892
vn -0.730869531631 -0.000898988044 0.682516574860
vn -0.730795621872 -0.001041279640 0.682595551014
vn -0.746072709560 -0.009353591129 0.665798783302
vn -0.749445021152 0.000467753620 0.662066400051
vn -0.737356960773 -0.007125983946 0.675465762615
vn -0.734991073608 -0.028231710196 0.677488744259
vn -0.746072769165 0.009353372268 0.665798723698
vn -0.749445021152 -0.000467969337 0.662066400051
vn 0.677603960037 0.058311231434 -0.733111619949
vn 0.712227523327 -0.038512505591 -0.700891315937
vn 0.733316242695 -0.001958058914 -0.679884791374
vn 0.731828808784 0.059288430959 -0.678904652596
vn -0.730760097504 -0.000877526705 0.682633817196
vn -0.730795145035 -0.000870819087 0.682596206665
vn -0.547858238220 0.437065154314 -0.713320016861
vn -0.576020002365 0.639863073826 -0.508700430393
vn -0.814427673817 0.220580622554 -0.536704361439
vn -0.743781447411 0.000000102408 -0.668422877789
vn 0.037689536810 0.210626304150 -0.976839840412
vn -0.328825682402 0.000000154035 -0.944390535355
vn 0.220772087574 0.831452131271 -0.509849965572
vn -0.079294353724 0.953155100346 -0.291903674603
vn -0.017823155969 0.996221840382 -0.084996961057
vn -0.016539316624 0.999552607536 -0.024923063815
vn -0.006887180731 0.999679803848 -0.024348320439
vn 0.001009571250 0.999646067619 -0.026585647836
vn 0.011998837814 0.999364495277 -0.033565510064
vn 0.047600928694 0.996798753738 -0.064235635102
vn 0.052723281085 0.996242463589 -0.068711392581
vn -0.037063807249 0.979543328285 -0.197790741920
vn -0.285737425089 0.883303463459 -0.371657341719
vn -0.066882647574 0.972405135632 -0.223505914211
vn -0.022168187425 0.999724566936 0.007707755081
vn -0.014853967354 0.999836683273 0.010291757062
vn -0.037733942270 0.998811244965 -0.030859466642
vn -0.013014066033 0.999825239182 -0.013424794190
vn -0.019600132480 0.999806940556 0.001388452132
vn -0.015253415331 0.999877452850 -0.003499591025
vn -0.865430057049 0.019626792520 -0.500645279884
vn -0.000000062515 1.000000000000 -0.000000275618
vn -0.000005908890 1.000000000000 -0.000001844730
vn -0.000000311322 0.999999940395 -0.000000238148
vn 0.000001450699 1.000000000000 -0.000000437978
vn 0.000000329442 1.000000000000 -0.000000127894
vn 0.000000000000 1.000000000000 0.000000162921
vn -0.000000178798 1.000000000000 -0.000000133109
vn 0.000001215768 1.000000000000 -0.000005958177
vn -0.000000261397 1.000000000000 -0.000000541202
vn -0.000000600903 1.000000000000 -0.000001287788
vn -0.000000062363 1.000000000000 -0.000000141518
vn 0.000000289851 1.000000000000 -0.000000126932
vn -0.000000062514 1.000000000000 -0.000000275618
vn -0.000005908888 1.000000000000 -0.000001844737
vn 0.000000074470 1.000000000000 -0.000000238149
vn 0.000001450702 1.000000000000 -0.000000437980
vn 0.000000329443 0.999999940395 -0.000000127895
vn 0.000000014099 0.999999940395 -0.000000467215
vn 0.000001215776 1.000000000000 -0.000005958183
vn -0.000000261396 1.000000000000 -0.000000541204
vn -0.000000600900 1.000000000000 -0.000001287784
vn -0.000000255259 1.000000000000 -0.000000475624
vn 0.010450965725 -0.009041680954 -0.999904513359
vn 0.097226761281 0.000000079366 -0.995262265205
vn -0.000000042951 -0.000000880934 -1.000000000000
vn 0.000000007493 -0.000000847559 -1.000000000000
vn -0.000000006099 0.755689382553 -0.654930114746
vn -0.000000006417 0.755689501762 -0.654930114746
vn 0.041206371039 0.755047321320 -0.654374122620
vn 0.043583009392 0.753516137600 -0.655983150005
vn 0.339855253696 0.378116071224 -0.861119389534
vn 0.275361597538 0.507079303265 -0.816729128361
vn 0.258190870285 0.521196782589 -0.813444197178
vn 0.317671030760 0.371764332056 -0.872282326221
vn 0.000000009771 1.000000000000 0.000000246193
vn 0.000000014985 1.000000000000 0.000000224697
vn 0.061475351453 0.996419012547 -0.058050129563
vn 0.019963435829 0.999623239040 -0.018831556663
vn 0.114335089922 0.987603604794 -0.107548303902
vn 0.195256903768 0.963873684406 -0.181169271469
vn -0.000000017272 0.934618055820 0.355652779341
vn -0.000000018161 0.934618055820 0.355652838945
vn 0.010498890653 0.931271672249 0.364174187183
vn 0.006211539730 0.934600412846 0.355645060539
vn 0.280843347311 0.901095747948 0.330383837223
vn 0.271166503429 0.877928078175 0.394602298737
vn 0.277506560087 0.886207699776 0.370979934931
vn 0.267473071814 0.915224432945 0.301367461681
vn 0.000000006037 0.319094747305 0.947722792625
vn 0.000000006201 0.319094747305 0.947722733021
vn -0.001486572437 0.320486962795 0.947251796722
vn -0.000000017270 0.319094777107 0.947722852230
vn -0.011039434001 0.326444029808 0.945152103901
vn -0.009011900052 0.324193745852 0.945947766304
vn -0.011202449910 0.325557380915 0.945456027985
vn -0.011463109404 0.323432773352 0.946181654930
vn 0.221574842930 0.000000300989 -0.975143373013
vn 0.450637459755 0.295534700155 -0.842368841171
vn 0.456210494041 0.303197711706 -0.836626052856
vn 0.607179343700 0.588419437408 -0.533943593502
vn 0.627551257610 0.568636238575 -0.531819641590
vn 0.585474848747 0.610621035099 -0.533255219460
vn 0.546479225159 0.667237162590 -0.506117522717
vn -0.000000169806 -0.000000796672 -1.000000000000
vn -0.022905385122 -0.008702823892 -0.999699831009
vn 0.189015507698 0.673428773880 -0.714679539204
vn 0.151055574417 0.734687507153 -0.661374807358
vn 0.143041148782 0.731422483921 -0.666753709316
vn 0.177208736539 0.686493515968 -0.705211758614
vn 0.306868791580 0.906454682350 -0.290123343468
vn 0.424387037754 0.816269040108 -0.391918957233
vn 0.364865779877 0.866323769093 -0.341110140085
vn 0.253416568041 0.937962412834 -0.236656740308
vn 0.173133477569 0.895124197006 0.410825312138
vn 0.067595511675 0.914440274239 0.399036198854
vn 0.079506218433 0.908926367760 0.409306228161
vn 0.197780489922 0.890407025814 0.409948974848
vn -0.010364783928 0.324983388186 0.945662975311
vn -0.005621263757 0.323139637709 0.946334540844
vn -0.007382782176 0.324694961309 0.945789992809
vn -0.010083469562 0.324653238058 0.945779383183
vn 0.509625315666 0.283261477947 -0.812431454659
vn 0.546646058559 0.243078410625 -0.801305770874
vn 0.541998624802 0.254581272602 -0.800890624523
vn 0.508718490601 0.296106576920 -0.808409750462
vn 0.654197990894 0.053354240954 -0.754439115524
vn 0.592328011990 0.174250304699 -0.786628603935
vn 0.614385485649 0.136571943760 -0.777096271515
vn 0.661531388760 0.040653124452 -0.748814761639
vn 0.687144637108 0.026789968833 -0.726026535034
vn 0.429904222488 0.806412160397 -0.406056314707
vn 0.612808644772 0.600908279419 -0.513200581074
vn 0.609671354294 0.607587695122 -0.509055972099
vn -0.002322410233 0.301201522350 0.953557550907
vn 0.000000056623 0.295258432627 0.955417454243
vn 0.012561653741 0.943290948868 0.331729471684
vn -0.000000008423 0.937313377857 0.348487824202
vn -0.001391175669 0.941440463066 0.337176501751
vn 0.004799908027 0.952769279480 0.303657025099
vn 0.009832808748 0.974384546280 0.224673449993
vn 0.016308836639 0.959408044815 0.281549572945
vn 0.014023884200 0.944718778133 0.327581882477
vn 0.017178975046 0.943011164665 0.332317143679
vn 0.008752572350 0.980393528938 0.196855291724
vn -0.001181583735 0.996585190296 0.082563050091
vn 0.006507368293 0.998631656170 0.051889102906
vn -0.002912240569 0.996801853180 -0.079859420657
vn 0.304388523102 0.000000263827 -0.952548027039
vn 0.429021000862 0.000000274531 -0.903294563293
vn 0.566106200218 0.000000261455 -0.824332356453
vn 0.665010750294 0.010143653490 -0.746764898300
vn 0.512391686440 -0.014969283715 -0.858621358871
vn 0.004334241617 0.999976933002 0.005221888889
vn 0.004407501779 0.999980509281 0.004407902714
vn -1.000000000000 0.000000032515 -0.000000260734
vn -0.965925812721 0.000000385784 0.258818984032
vn -0.965925812721 -0.000001281198 0.258819133043
vn -1.000000000000 0.000000000001 -0.000000617151
vn -0.866025447845 0.000000587115 0.499999821186
vn -0.866025328636 -0.000000820341 0.500000119209
vn -0.735608696938 -0.000000143357 0.677406847477
vn -0.762834548950 -0.000000767792 0.646593868732
vn 0.675426125526 0.000000288521 -0.737427592278
vn 0.500000178814 0.000000548919 -0.866025209427
vn 0.500000417233 0.000000571100 -0.866025209427
vn 0.608761966228 0.000000857878 -0.793352901936
vn 0.258819520473 0.000001033453 -0.965925693512
vn 0.258819580078 0.000000684204 -0.965925693512
vn 0.000000808516 0.000001156332 -1.000000000000
vn 0.000000746322 0.000000882099 -1.000000000000
vn -0.258818298578 0.000001116931 -0.965925991535
vn -0.258818268776 0.000000877040 -0.965925931931
vn -0.499999642372 0.000001129067 -0.866025626659
vn -0.499999910593 0.000000786332 -0.866025447845
vn -0.707106292248 0.000001346766 -0.707107365131
vn -0.707106292248 0.000001011578 -0.707107305527
vn -0.866025149822 0.000000622379 -0.500000357628
vn -0.866025149822 0.000000574688 -0.500000476837
vn -0.965925991535 0.000000444896 -0.258818566799
vn -0.965925991535 0.000000235002 -0.258818596601
vn -1.000000000000 0.000000030161 -0.000000660208
vn -0.965926051140 0.000001577175 0.258818298578
vn -0.866025567055 0.000001714687 0.499999821186
vn -0.707106947899 0.000000833190 0.707106530666
vn -0.500000178814 -0.000000489126 0.866025269032
vn -0.500000417233 -0.000000785531 0.866025149822
vn -0.258818924427 -0.000001250084 0.965925812721
vn -0.258819013834 -0.000001356821 0.965925872326
vn 0.000000153092 -0.000001404685 1.000000000000
vn 0.000000105251 -0.000001434845 0.999999940395
vn 0.258818775415 -0.000001648055 0.965925931931
vn 0.258818894625 -0.000001571478 0.965925812721
vn 0.499999642372 -0.000001406414 0.866025626659
vn 0.499999850988 -0.000001250671 0.866025388241
vn 0.707106411457 -0.000001042268 0.707107007504
vn 0.707106530666 -0.000000922932 0.707107067108
vn 0.866025149822 -0.000000462233 0.500000476837
vn 0.866025090218 -0.000000436114 0.500000536442
vn 0.965925753117 -0.000000319348 0.258819460869
vn 0.965925633907 -0.000000363560 0.258819609880
vn 1.000000000000 0.000000000000 -0.000000019136
vn 1.000000000000 -0.000000229087 0.000000234422
vn 0.965925812721 -0.000000606808 -0.258819013834
vn 0.965925872326 -0.000000835895 -0.258818656206
vn 0.866025388241 -0.000000373057 -0.500000000000
vn 0.866025447845 -0.000000330405 -0.499999791384
vn 0.707107007504 0.000000072550 -0.707106471062
vn 0.500000238419 0.000000552958 -0.866025269032
vn 0.258819639683 0.000001268398 -0.965925693512
vn 0.000000803732 0.000001404685 -0.999999940395
vn -0.258818238974 0.000001356823 -0.965926051140
vn -0.499999433756 0.000001216494 -0.866025686264
vn -0.707106649876 0.000001773313 -0.707106947899
vn -0.866025149822 0.000000928311 -0.500000476837
vn -0.965925812721 0.000000596528 -0.258818805218
vn -0.000000173143 1.000000000000 0.000000324762
vn -0.000000401015 1.000000000000 -0.000000082763
vn -0.000000590817 0.999999940395 -0.000000077845
vn -0.000000111490 1.000000000000 0.000000404652
vn -0.000003113612 1.000000000000 0.000000572830
vn -0.000001086155 1.000000000000 0.000000572832
vn 0.000000084670 1.000000000000 0.000000538869
vn 0.000000409910 1.000000000000 0.000003276516
vn 0.000000344097 1.000000000000 0.000000979965
vn 0.000001201795 1.000000000000 0.000003064317
vn -0.730755865574 -0.000001247773 0.682638943195
vn -0.730817079544 -0.000001167860 0.682573378086
vn -0.731354176998 -0.000000780662 0.681997895241
vn -0.731354117393 -0.000000603984 0.681997895241
vn -0.731276154518 0.000137588329 0.682081580162
vn -0.731353461742 -0.000000238144 0.681998550892
vn -0.730869531631 0.000898765808 0.682516574860
vn -0.730795621872 0.001041057403 0.682595551014
vn -0.734991073608 0.028231486678 0.677488744259
vn -0.737356960773 0.007125762757 0.675465703011
vn 0.677603960037 -0.058311007917 -0.733111619949
vn 0.731828808784 -0.059288207442 -0.678904652596
vn 0.733316242695 0.001958280569 -0.679884791374
vn 0.712227523327 0.038512736559 -0.700891315937
vn -0.730760097504 0.000877304235 0.682633817196
vn -0.730795145035 0.000870596617 0.682596206665
vn -0.547858178616 -0.437065064907 -0.713320076466
vn -0.814427733421 -0.220580458641 -0.536704480648
vn -0.576020002365 -0.639863073826 -0.508700549603
vn 0.037689391524 -0.210626006126 -0.976839900017
vn -0.079294294119 -0.953155100346 -0.291903883219
vn 0.220772027969 -0.831452071667 -0.509850144386
vn -0.006887180731 -0.999679803848 -0.024348644540
vn -0.016539316624 -0.999552607536 -0.024923386052
vn -0.017823144794 -0.996221840382 -0.084997214377
vn 0.052723325789 -0.996242463589 -0.068711750209
vn 0.047600965947 -0.996798813343 -0.064235985279
vn 0.011998837814 -0.999364495277 -0.033565837890
vn 0.001009571250 -0.999646067619 -0.026585971937
vn -0.037063810974 -0.979543268681 -0.197790980339
vn -0.285737365484 -0.883303344250 -0.371657520533
vn -0.066882669926 -0.972405016422 -0.223506212234
vn -0.022168187425 -0.999724566936 0.007707429118
vn -0.014853966422 -0.999836683273 0.010291430168
vn -0.037733942270 -0.998811244965 -0.030859790742
vn -0.013014066033 -0.999825239182 -0.013425120153
vn -0.015253415331 -0.999877452850 -0.003499916987
vn -0.019600134343 -0.999806940556 0.001388126402
vn -0.865430057049 -0.019626641646 -0.500645279884
vn -0.000000178798 -1.000000000000 -0.000000458951
vn 0.000000329442 -1.000000000000 -0.000000453736
vn 0.000001450699 -1.000000000000 -0.000000763819
vn -0.000000311322 -0.999999940395 -0.000000563990
vn -0.000005908890 -1.000000000000 -0.000002170571
vn -0.000000062515 -1.000000000000 -0.000000601459
vn 0.000000289851 -1.000000000000 -0.000000452774
vn -0.000000255259 -1.000000000000 -0.000000801465
vn -0.000000600900 -1.000000000000 -0.000001613626
vn -0.000000261396 -1.000000000000 -0.000000867045
vn 0.000001215776 -1.000000000000 -0.000006284024
vn 0.000000014099 -0.999999940395 -0.000000793057
vn 0.000000329443 -0.999999940395 -0.000000453736
vn 0.000001450702 -1.000000000000 -0.000000763822
vn 0.000000074470 -1.000000000000 -0.000000563990
vn -0.000005908888 -1.000000000000 -0.000002170579
vn -0.000000062514 -1.000000000000 -0.000000601460
vn -0.000000062363 -1.000000000000 -0.000000467359
vn -0.000000600903 -1.000000000000 -0.000001613630
vn -0.000000261397 -1.000000000000 -0.000000867043
vn 0.000001215768 -1.000000000000 -0.000006284018
vn -0.000000112977 -0.999999940395 0.000000157711
vn -0.000000315007 -1.000000000000 0.000000137980
vn -0.000000155080 -0.999999940395 0.000000061388
vn 0.000000066188 -0.999999940395 0.000000084871
vn -0.000000087423 -0.999999940395 0.000000043711
vn -0.000000153524 -0.999999940395 -0.000000050510
vn -0.000000087423 -1.000000000000 0.000000043711
vn 0.000000148479 -0.999999940395 0.000000545150
vn -0.000000070801 -0.999999940395 -0.000000143831
vn -0.000001641979 -0.999999940395 0.000000475817
vn -0.000002517639 -1.000000000000 0.000002702828
vn 0.000000254221 -0.999999940395 0.000000786936
vn 0.000000316983 -1.000000000000 0.000000713638
vn -0.000000726171 -0.999999940395 -0.000002329635
vn -0.000000129131 -1.000000000000 -0.000000376052
vn -0.000000119240 -0.999999940395 -0.000000171948
vn -0.000000379716 -1.000000000000 -0.000000041738
vn -0.000001384386 -0.999999940395 0.000000204272
vn -0.000001356350 -0.999999940395 0.000000223272
vn -0.000000148402 -0.999999940395 0.000000184230
vn 0.000000016316 -1.000000000000 0.000000241834
vn 0.000000053457 -0.999999940395 -0.000000025736
vn -0.000000857641 -0.999999940395 -0.000000291265
vn -0.000000894653 -0.999999940395 -0.000000317868
vn -0.000000132999 -0.999999940395 -0.000000236390
vn 0.000000240123 -0.999999940395 -0.000000649307
vn 0.000001199228 -0.999999940395 -0.000002266466
vn 0.000000158793 -0.999999940395 -0.000001826473
vn 0.000000027948 -0.999999940395 -0.000000189506
vn -0.000000575878 -0.999999940395 0.000000889740
vn 0.965925633907 0.000000286019 0.258819550276
vn 0.866025328636 0.000000100597 0.500000119209
vn 0.866025447845 0.000000121735 0.500000000000
vn 0.965925633907 0.000000235641 0.258819490671
vn 0.707106769085 0.000000005103 0.707106769085
vn 0.707106888294 -0.000000030909 0.707106649876
vn 0.499999731779 0.000000141912 0.866025567055
vn 0.499999761581 0.000000063624 0.866025447845
vn 0.258818864822 0.000000157194 0.965925753117
vn 0.258818954229 0.000000195747 0.965925753117
vn 0.065403610468 -0.000000350393 0.997858941555
vn 0.065403550863 -0.000000342825 0.997858941555
vn 0.000000091374 -0.000000407747 0.999999940395
vn 0.000000253172 -0.000000800228 0.999999940395
vn -0.000002372427 -0.999999940395 0.000000209352
vn -0.000000163230 -1.000000000000 -0.000000602627
vn 0.000002462345 -0.999999940395 -0.000001962562
vn 0.000000280506 -0.999999940395 -0.000000503467
vn -0.000000327615 -0.999999940395 -0.000007314321
vn -0.000000594289 -0.999999940395 -0.000000207821
vn 0.000000065989 -0.999999940395 -0.000000126567
vn 0.000000078759 -0.999999940395 0.000000120301
vn -0.000000207696 -0.999999940395 0.000000197762
vn -0.000000224533 -0.999999940395 0.000000255472
vn -0.000000230517 -0.999999940395 0.000000266816
vn -0.000000173856 -0.999999940395 0.000000382523
vn 0.000000062740 -0.999999940395 0.000000785631
vn -0.000000317982 -0.999999940395 -0.000001102411
vn 0.000001820689 -0.999999940395 0.000000212739
vn 0.000000690657 -0.999999940395 0.000000384770
vn 0.000000723848 -0.999999940395 0.000000528866
vn -0.000001960946 -0.999999940395 -0.000000886782
vn -0.000012039539 -0.999999940395 -0.000019364170
vn 0.065403558314 -0.000000219901 -0.997858881950
vn 0.065403632820 -0.000000437629 -0.997858881950
vn -0.000000151130 0.000000236368 -0.999999940395
vn -0.000000116009 0.000000161215 -0.999999940395
vn 0.258819639683 0.000000127156 -0.965925633907
vn 0.258819729090 0.000000022950 -0.965925633907
vn 0.500000119209 0.000000320216 -0.866025388241
vn 0.500000417233 0.000000417712 -0.866025149822
vn 0.707107007504 -0.000000025475 -0.707106530666
vn 0.707107126713 0.000000032954 -0.707106530666
vn 0.866025745869 0.000000352225 -0.499999403954
vn 0.866025626659 0.000000306112 -0.499999463558
vn 0.965925753117 0.000000214817 -0.258818954229
vn 0.965925931931 0.000000305668 -0.258818864822
vn 0.999999940395 -0.000000015907 0.000000193757
vn 0.999999940395 -0.000000017709 0.000000177012
vn 0.000000366580 0.999999940395 0.000000462727
vn 0.000001919794 0.999999940395 0.000000058856
vn 0.000000972635 0.999999940395 0.000000305478
vn 0.000000476460 1.000000000000 -0.000000068704
vn 0.000001004928 0.999999940395 0.000000063598
vn 0.000000088195 0.999999940395 -0.000000220735
vn -0.000000098615 0.999999940395 -0.000000242306
vn -0.000000322119 1.000000000000 -0.000000610691
vn -0.000000105253 0.999999940395 -0.000000159729
vn -0.000000165750 0.999999940395 -0.000001966748
vn -0.000000017608 0.999999940395 -0.000000008136
vn 0.000000464495 0.999999940395 0.000000866623
vn -0.000000027271 0.999999940395 -0.000000000963
vn -0.000000128541 0.999999940395 -0.000000018136
vn -0.000000207046 0.999999940395 0.000000005460
vn 0.000000686610 0.999999940395 0.000000044953
vn 0.000000305224 0.999999940395 -0.000000000154
vn 0.000000087423 1.000000000000 -0.000000043711
vn 0.000000087423 0.999999940395 -0.000000043711
vn 0.000000198677 0.999999940395 -0.000000083568
vn 0.000000217445 0.999999940395 -0.000000078511
vn 0.000000230300 0.999999940395 -0.000000142656
vn 0.000001355965 0.999999940395 -0.000001937833
vn -0.000000100869 0.999999940395 0.000000202929
vn -0.000000822915 1.000000000000 0.000000333363
vn 0.000000578113 0.999999940395 -0.000000457077
vn 0.000000310186 0.999999940395 0.000000084900
vn -0.000000009014 0.999999940395 0.000000262186
vn -0.000000181924 0.999999940395 0.000000301381
vn -0.000000045373 0.999999940395 0.000000418300
vn -0.118487671018 -0.000000129260 0.992955565453
vn -0.118487201631 -0.000000510231 0.992955505848
vn -0.466593533754 -0.000000217471 0.884471833706
vn -0.466592937708 -0.000000611130 0.884472131729
vn -0.754937946796 -0.000000364555 0.655796170235
vn -0.754937946796 -0.000000807587 0.655796170235
vn -0.889061331749 -0.000000265219 0.457787930965
vn -0.889061391354 -0.000000662459 0.457787990570
vn -0.990925312042 -0.000000165823 0.134413018823
vn -0.990925312042 -0.000000745157 0.134413570166
vn -0.951211333275 0.000000086941 -0.308540105820
vn -0.951211452484 -0.000000232133 -0.308539479971
vn -0.794773638248 0.000000079574 -0.606905937195
vn -0.794773638248 0.000000087756 -0.606905877590
vn -0.647847712040 -0.000000199468 -0.761769890785
vn -0.647847115993 -0.000000181275 -0.761770367622
vn -0.408181190491 -0.000000304710 -0.912900984287
vn -0.408179849386 -0.000000287354 -0.912901580334
vn -0.118145510554 -0.000000254772 -0.992996335030
vn -0.118145056069 -0.000000281578 -0.992996335030
vn 0.999993085861 -0.000000136910 -0.003714946797
vn 0.999993026257 -0.000000137089 -0.003714947263
vn 0.999993026257 -0.000000135985 -0.003714942839
vn 0.999993026257 -0.000000135806 -0.003714941675
vn 0.999993085861 -0.000000076788 -0.003714923281
vn 0.999993085861 -0.000000086119 -0.003714881837
vn 0.999993085861 -0.000000084585 -0.003714888822
vn 0.999993026257 -0.000000075254 -0.003714929800
vn 0.000000055820 -0.000000369635 0.999999940395
vn -0.118487283587 -0.000000101919 0.992955565453
vn -0.466592907906 -0.000000452043 0.884472131729
vn -0.754937887192 -0.000000544921 0.655796349049
vn -0.889061033726 0.000000635059 0.457788676023
vn -0.990925252438 0.000000303166 0.134413585067
vn -0.951211154461 0.000000444120 -0.308540403843
vn -0.794773757458 0.000000900978 -0.606905937195
vn -0.647847712040 -0.000000162984 -0.761769771576
vn -0.408180385828 -0.000000129038 -0.912901222706
vn -0.118144996464 0.000000081684 -0.992996335030
vn -0.000000075325 0.000000371806 -0.999999940395
vn -0.000000074791 -0.999999940395 0.000000031601
vn 0.000000163515 -0.999999940395 0.000000215592
vn 0.000000291471 -1.000000000000 0.000000463922
vn -0.000000344648 -0.999999940395 -0.000001910106
vn -0.000000231080 -0.999999940395 -0.000000748742
vn -0.000000593766 -0.999999940395 0.000000045592
vn 0.000000893514 -0.999999940395 -0.000001260778
vn 0.000002462997 -1.000000000000 -0.000002762726
vn -0.000000087420 -0.999999940395 -0.000001037359
vn -0.000001351696 -0.999999940395 -0.000001841155
vn -0.000001071677 -0.999999940395 -0.000001399581
vn 0.000000833218 -0.999999940395 0.000000276308
vn 0.000001699711 -0.999999940395 0.000000037072
vn 0.000000151810 -0.999999940395 0.000000433118
vn -0.000000132961 -0.999999940395 0.000000630547
vn -0.000002888897 -0.999999940395 0.000005295555
vn -0.000000182050 -0.999999940395 0.000000219222
vn 0.000000107747 -0.000000573676 0.999999940395
vn -0.118486881256 -0.000000218545 0.992955625057
vn -0.466592580080 -0.000000784308 0.884472310543
vn -0.754937946796 -0.000001301208 0.655796170235
vn -0.889060556889 0.000001311065 0.457789480686
vn -0.990925073624 0.000001105883 0.134415149689
vn -0.951210796833 0.000000363707 -0.308541625738
vn -0.794772744179 0.000001134206 -0.606907129288
vn -0.647848427296 -0.000000021969 -0.761769235134
vn -0.408181011677 -0.000000043747 -0.912900984287
vn -0.118144899607 0.000000254205 -0.992996394634
vn -0.000000000000 0.000000715833 -0.999999940395
vn 0.258819013834 -0.000000006035 0.965925753117
vn 0.065403573215 0.000000104653 0.997858941555
vn 0.065403617918 -0.000000108251 0.997858941555
vn 0.258819133043 -0.000000042442 0.965925753117
vn 0.065403424203 0.000000466643 -0.997858881950
vn 0.065403528512 0.000000396376 -0.997858881950
vn 0.258819401264 0.000000524000 -0.965925633907
vn 0.258819609880 0.000000571699 -0.965925633907
vn 0.500000298023 0.000000538308 -0.866025328636
vn 0.500000119209 0.000000485498 -0.866025269032
vn 0.707107245922 0.000000893645 -0.707106292248
vn 0.707107305527 0.000000880335 -0.707106292248
vn 0.866025626659 0.000000567117 -0.499999493361
vn 0.866025745869 0.000000648005 -0.499999463558
vn 0.965925753117 0.000000732494 -0.258818924427
vn 0.965925872326 0.000000655580 -0.258818984032
vn 0.999999940395 0.000000978936 0.000000308575
vn 0.999999940395 0.000000981877 0.000000334888
vn 0.965925693512 0.000000656654 0.258819431067
vn 0.965925693512 0.000000708916 0.258819401264
vn 0.866025328636 0.000000676926 0.500000059605
vn 0.866025328636 0.000000678178 0.500000119209
vn 0.707106769085 0.000000536754 0.707106769085
vn 0.707106828690 0.000000528117 0.707106709480
vn 0.499999672174 0.000000390304 0.866025626659
vn 0.499999940395 0.000000394211 0.866025507450
vn -0.000000107311 0.999999940395 -0.000000081778
vn -0.000000160372 1.000000000000 -0.000000073972
vn -0.000000358790 0.999999940395 0.000000123226
vn -0.000001648723 0.999999940395 0.000001083986
vn -0.000002677026 0.999999940395 0.000003024677
vn -0.000000450541 0.999999940395 0.000000189684
vn -0.000000156190 0.999999940395 0.000000517588
vn -0.000001686707 0.999999940395 -0.000000344613
vn -0.000000207493 0.999999940395 -0.000000566240
vn 0.000000204735 0.999999940395 -0.000000296022
vn -0.000000712533 0.999999940395 0.000000555968
vn -0.000000238140 0.999999940395 0.000000074994
vn -0.000000157677 0.999999940395 -0.000000033014
vn -0.000000133034 0.999999940395 -0.000000105511
vn -0.000000060835 0.999999940395 0.000000027425
vn 0.000000048718 0.999999940395 0.000000326313
vn -0.000003375394 1.000000000000 -0.000000030847
vn -0.000000855303 0.999999940395 -0.000000316720
vn 0.000001336675 0.999999940395 0.000000939321
vn 0.000000555264 0.999999940395 0.000021967302
vn -0.000000195907 0.999999940395 0.000001388360
vn 0.000000489170 0.999999940395 0.000000538412
vn -0.000003644331 0.999999940395 -0.000000917615
vn -0.000001919906 0.999999940395 0.000000432853
vn 0.000000766227 0.999999940395 0.000001761980
vn 0.000000791797 0.999999940395 0.000001631488
vn 0.000000072782 1.000000000000 0.000000220731
vn 0.000000593774 0.999999940395 0.000007710041
vn -0.000000009074 0.999999940395 0.000000448724
vn -0.000003066064 0.999999940395 -0.000004991266
vn -0.000000242445 0.999999940395 -0.000000192489
vn -0.000001176107 0.999999940395 -0.000000074739
vn -0.000001733249 1.000000000000 -0.000000797860
vn 0.000000030818 0.999999940395 0.000000167542
vn 0.000002041239 0.999999940395 0.000000213514
vn -0.000000258054 0.999999940395 0.000000125683
vn -0.000000863529 0.999999940395 0.000000563711
vn -0.000000562009 0.999999940395 0.000000561383
vn -0.000004986719 1.000000000000 0.000007532739
vn 0.000000304246 0.999999940395 -0.000000414998
vn 0.000005034995 1.000000000000 -0.000003197207
vn 0.000000546153 0.999999940395 -0.000000592075
vn 0.000000258125 0.999999940395 -0.000000636955
vn 0.000000556391 0.999999940395 -0.000000474493
vn 0.000000115787 0.999999940395 -0.000001254920
vn -0.000000897435 0.999999940395 0.000007436998
vn -0.965925753117 0.000000537960 -0.258819073439
vn -0.965925753117 0.000000538254 -0.258819103241
vn -0.999999940395 0.000000467489 0.000000301399
vn -0.999999940395 0.000000466900 0.000000358809
vn -0.866025269032 0.000000572633 -0.500000119209
vn -0.866025328636 0.000000502180 -0.500000298023
vn -0.965925693512 0.000000364591 0.258819431067
vn -0.965925693512 0.000000364296 0.258819490671
vn -0.707106828690 0.000000369901 -0.707106888294
vn -0.707106590271 0.000000299448 -0.707106888294
vn -0.866025149822 0.000000236572 0.500000357628
vn -0.866025269032 0.000000166119 0.500000417233
vn -0.500000059605 0.000000334749 -0.866025328636
vn -0.499999970198 0.000000343244 -0.866025447845
vn -0.707106471062 -0.000000105361 0.707107067108
vn -0.707106590271 -0.000000175813 0.707107126713
vn -0.258818924427 0.000000363314 -0.965925753117
vn -0.258818864822 0.000000371580 -0.965925753117
vn -0.499999403954 -0.000000247325 0.866025745869
vn -0.499999403954 -0.000000238830 0.866025745869
vn -0.000000172228 0.000000336290 -0.999999940395
vn -0.000000150700 0.000000335831 -0.999999940395
vn -0.258818477392 -0.000000285906 0.965925991535
vn -0.258818477392 -0.000000277639 0.965925991535
vn 0.258818954229 0.000000351754 -0.965925872326
vn 0.258818835020 0.000000277410 -0.965925872326
vn 0.000000358809 -0.000000335831 0.999999940395
vn 0.000000351632 -0.000000336290 0.999999940395
vn 0.382685840130 0.000000454038 -0.923878550529
vn 0.258818745613 0.000000315439 -0.965925931931
vn 0.258818864822 0.000000402965 -0.965925931931
vn 0.382683724165 0.000000376826 -0.923879325390
vn 0.499999880791 0.000000186873 -0.866025388241
vn 0.500000536442 0.000000157831 -0.866025149822
vn 0.382683515549 0.000000068682 -0.923879444599
vn 0.382683515549 0.000000431016 -0.923879444599
vn 0.258818924427 -0.000000354239 0.965925872326
vn 0.258819311857 -0.000000373722 0.965925693512
vn 0.707106828690 0.000000103084 -0.707106888294
vn 0.707106828690 0.000000094051 -0.707106888294
vn -0.000000186580 0.000000377746 -0.999999940395
vn -0.000000148308 0.000000378770 -1.000000000000
vn 0.382683932781 -0.000000401489 0.923879265785
vn 0.258819460869 -0.000000415299 0.965925693512
vn 0.258819490671 -0.000000296950 0.965925693512
vn 0.382683783770 -0.000000347441 0.923879384995
vn 0.382683962584 -0.000000341515 0.923879384995
vn 0.500000298023 -0.000000353753 0.866025269032
vn 0.500000417233 -0.000000325138 0.866025209427
vn 0.382683962584 -0.000000144249 0.923879384995
vn 0.866025269032 -0.000000003403 -0.500000298023
vn 0.866025269032 -0.000000012437 -0.500000298023
vn -0.258818924427 0.000000414787 -0.965925753117
vn -0.258818924427 0.000000406533 -0.965925753117
vn 0.000000545389 -0.000000378770 0.999999940395
vn 0.000000483196 -0.000000377746 0.999999940395
vn 0.707106947899 -0.000000338610 0.707106530666
vn 0.707106828690 -0.000000353267 0.707106709480
vn 0.965925693512 -0.000000113124 -0.258819252253
vn 0.965925693512 -0.000000113484 -0.258819341660
vn -0.500000000000 0.000000380060 -0.866025447845
vn -0.499999970198 0.000000371293 -0.866025447845
vn -0.258818566799 -0.000000315951 0.965925991535
vn -0.258818626404 -0.000000324206 0.965925872326
vn 0.866025567055 -0.000000319996 0.499999612570
vn 0.866025507450 -0.000000338187 0.499999791384
vn 0.999999940395 -0.000000205741 -0.000000301399
vn 0.999999940395 -0.000000206462 -0.000000421002
vn -0.707106828690 0.000000329286 -0.707106888294
vn -0.707106828690 0.000000329286 -0.707106828690
vn -0.499999523163 -0.000000275103 0.866025686264
vn -0.499999582767 -0.000000283870 0.866025686264
vn 0.965925931931 -0.000000281499 0.258818566799
vn 0.965925931931 -0.000000284674 0.258818686008
vn -0.866025269032 0.000000264840 -0.500000119209
vn -0.707106590271 -0.000000205652 0.707107126713
vn -0.707106649876 -0.000000205652 0.707107067108
vn -0.965925753117 0.000000182344 -0.258819043636
vn -0.965925812721 0.000000180861 -0.258819013834
vn -0.866025269032 -0.000000113419 0.500000298023
vn -0.866025328636 -0.000000113419 0.500000298023
vn -0.999999940395 0.000000088906 0.000000291831
vn -0.999999940395 0.000000085939 0.000000356417
vn -0.965925633907 -0.000000013457 0.258819520473
vn -0.965925633907 -0.000000011973 0.258819431067
# 806 vertex normals

vt 0.125000000000 1.000000000000 0.000000000000
vt 0.000000000000 1.000000000000 0.000000000000
vt 0.000000000000 0.000000000000 0.000000000000
vt 0.125000000000 0.000000000000 0.000000000000
vt 0.500000000000 1.000000000000 0.000000000000
vt 0.500000000000 0.000000000000 0.000000000000
vt 1.000000000000 0.000000000000 0.000000000000
vt 1.000000000000 1.000000000000 0.000000000000
vt 0.375000000000 1.000000000000 0.000000000000
vt 0.250000000000 1.000000000000 0.000000000000
vt 0.250000000000 0.000000000000 0.000000000000
vt 0.375000000000 0.000000000000 0.000000000000
vt 0.000000000000 0.437500000000 0.000000000000
vt 0.750000000000 0.500000000000 0.000000000000
vt 0.750000000000 0.000000000000 0.000000000000
vt 0.791666626930 0.000000000000 0.000000000000
vt 0.791666626930 0.500000000000 0.000000000000
vt 0.833333313465 0.000000000000 0.000000000000
vt 0.833333313465 0.500000000000 0.000000000000
vt 0.875000000000 0.000000000000 0.000000000000
vt 0.875000000000 0.500000000000 0.000000000000
vt 0.374999910593 0.500000000000 0.000000000000
vt 0.374999910593 0.000000000000 0.000000000000
vt 0.416666597128 0.000000000000 0.000000000000
vt 0.416666597128 0.500000000000 0.000000000000
vt 0.458333253860 0.000000000000 0.000000000000
vt 0.458333253860 0.500000000000 0.000000000000
vt 0.499999910593 0.000000000000 0.000000000000
vt 0.499999910593 0.500000000000 0.000000000000
vt 0.541666567326 0.000000000000 0.000000000000
vt 0.541666567326 0.500000000000 0.000000000000
vt 0.583333253860 0.000000000000 0.000000000000
vt 0.583333253860 0.500000000000 0.000000000000
vt 0.624999880791 0.000000000000 0.000000000000
vt 0.624999880791 0.500000000000 0.000000000000
vt 0.666666567326 0.000000000000 0.000000000000
vt 0.666666567326 0.500000000000 0.000000000000
vt 0.708333253860 0.000000000000 0.000000000000
vt 0.708333253860 0.500000000000 0.000000000000
vt 0.791666626930 1.000000000000 0.000000000000
vt 0.750000000000 1.000000000000 0.000000000000
vt 0.833333313465 1.000000000000 0.000000000000
vt 0.875000000000 1.000000000000 0.000000000000
vt 0.916666686535 0.500000000000 0.000000000000
vt 0.916666686535 1.000000000000 0.000000000000
vt 0.958333313465 0.500000000000 0.000000000000
vt 0.958333313465 1.000000000000 0.000000000000
vt 1.000000000000 0.500000000000 0.000000000000
vt 0.000000000000 0.500000000000 0.000000000000
vt 0.041666656733 0.500000000000 0.000000000000
vt 0.041666656733 1.000000000000 0.000000000000
vt 0.083333313465 0.500000000000 0.000000000000
vt 0.083333313465 1.000000000000 0.000000000000
vt 0.124999970198 0.500000000000 0.000000000000
vt 0.124999970198 1.000000000000 0.000000000000
vt 0.166666626930 0.500000000000 0.000000000000
vt 0.166666626930 1.000000000000 0.000000000000
vt 0.208333283663 0.500000000000 0.000000000000
vt 0.208333283663 1.000000000000 0.000000000000
vt 0.249999940395 0.500000000000 0.000000000000
vt 0.249999940395 1.000000000000 0.000000000000
vt 0.291666597128 0.500000000000 0.000000000000
vt 0.291666597128 1.000000000000 0.000000000000
vt 0.333333253860 0.500000000000 0.000000000000
vt 0.333333253860 1.000000000000 0.000000000000
vt 0.374999910593 1.000000000000 0.000000000000
vt 0.416666597128 1.000000000000 0.000000000000
vt 0.458333253860 1.000000000000 0.000000000000
vt 0.499999910593 1.000000000000 0.000000000000
vt 0.541666567326 1.000000000000 0.000000000000
vt 0.583333253860 1.000000000000 0.000000000000
vt 0.624999880791 1.000000000000 0.000000000000
vt 0.666666567326 1.000000000000 0.000000000000
vt 0.708333253860 1.000000000000 0.000000000000
vt 0.333333253860 0.000000000000 0.000000000000
vt 0.291666597128 0.000000000000 0.000000000000
vt 0.249999940395 0.000000000000 0.000000000000
vt 0.208333283663 0.000000000000 0.000000000000
vt 0.166666626930 0.000000000000 0.000000000000
vt 0.124999970198 0.000000000000 0.000000000000
vt 0.083333313465 0.000000000000 0.000000000000
vt 0.041666656733 0.000000000000 0.000000000000
vt -0.000000059605 0.000000000000 0.000000000000
vt 0.075162447989 0.000000000000 0.000000000000
vt 0.069337353110 0.000000000000 0.000000000000
vt 0.069300025702 0.000000000000 0.000000000000
vt 0.087668776512 0.000000000000 0.000000000000
vt 0.116063550115 0.000000000000 0.000000000000
vt 0.147989705205 0.000000000000 0.000000000000
vt 0.181389927864 0.000000000000 0.000000000000
vt 0.215483799577 0.000000000000 0.000000000000
vt 0.249864995480 0.000000000000 0.000000000000
vt 0.284242898226 0.000000000000 0.000000000000
vt 0.318326175213 0.000000000000 0.000000000000
vt 0.351706892252 0.000000000000 0.000000000000
vt 0.383600413799 0.000000000000 0.000000000000
vt 0.430190145969 0.000000000000 0.000000000000
vt 0.423914343119 0.000000000000 0.000000000000
vt 0.430251568556 0.000000000000 0.000000000000
vt 0.411942005157 0.000000000000 0.000000000000
vt 0.067908763885 0.000000000000 0.000000000000
vt 0.066892705858 0.000000000000 0.000000000000
vt 0.071359597147 0.000000000000 0.000000000000
vt 0.083584532142 0.000000000000 0.000000000000
vt 0.103529363871 0.000000000000 0.000000000000
vt 0.129803180695 0.000000000000 0.000000000000
vt 0.168229788542 0.000000000000 0.000000000000
vt 0.238700717688 0.000000000000 0.000000000000
vt 0.353689968586 0.000000000000 0.000000000000
vt 0.069337368011 0.000000000000 0.000000000000
vt 0.075162470341 0.000000000000 0.000000000000
vt 0.069300048053 0.000000000000 0.000000000000
vt 0.087668791413 0.000000000000 0.000000000000
vt 0.116063557565 0.000000000000 0.000000000000
vt 0.147989720106 0.000000000000 0.000000000000
vt 0.181389912963 0.000000000000 0.000000000000
vt 0.215483784676 0.000000000000 0.000000000000
vt 0.284242868423 0.000000000000 0.000000000000
vt 0.351706951857 0.000000000000 0.000000000000
vt 0.383600383997 0.000000000000 0.000000000000
vt -0.000000059605 1.000000000000 0.000000000000
vt 0.075162343681 0.000000000000 0.000000000000
vt 0.423914223909 0.000000000000 0.000000000000
vt 0.069337226450 0.000000000000 0.000000000000
vt 0.069299913943 0.000000000000 0.000000000000
vt 0.087668687105 0.000000000000 0.000000000000
vt 0.116063468158 0.000000000000 0.000000000000
vt 0.147989630699 0.000000000000 0.000000000000
vt 0.181389853358 0.000000000000 0.000000000000
vt 0.215483695269 0.000000000000 0.000000000000
vt 0.249864891171 0.000000000000 0.000000000000
vt 0.430189967155 0.000000000000 0.000000000000
vt 0.430251419544 0.000000000000 0.000000000000
vt 0.411941885948 0.000000000000 0.000000000000
vt 0.383600294590 0.000000000000 0.000000000000
vt 0.351706773043 0.000000000000 0.000000000000
vt 0.318326085806 0.000000000000 0.000000000000
vt 0.284242808819 0.000000000000 0.000000000000
vt 0.075162380934 0.000000000000 0.000000000000
vt 0.067908726633 0.000000000000 0.000000000000
vt 0.066892690957 0.000000000000 0.000000000000
vt 0.071359604597 0.000000000000 0.000000000000
vt 0.083584539592 0.000000000000 0.000000000000
vt 0.103529393673 0.000000000000 0.000000000000
vt 0.129803255200 0.000000000000 0.000000000000
vt 0.168229937553 0.000000000000 0.000000000000
vt 0.353690147400 0.000000000000 0.000000000000
vt 0.423914194107 0.000000000000 0.000000000000
vt 0.238700926304 0.000000000000 0.000000000000
vt 0.430190026760 0.000000000000 0.000000000000
vt 0.069337248802 0.000000000000 0.000000000000
vt 0.069299936295 0.000000000000 0.000000000000
vt 0.087668702006 0.000000000000 0.000000000000
vt 0.116063483059 0.000000000000 0.000000000000
vt 0.147989645600 0.000000000000 0.000000000000
vt 0.318326056004 0.000000000000 0.000000000000
vt 0.351706802845 0.000000000000 0.000000000000
vt 0.411941856146 0.000000000000 0.000000000000
vt 0.430251449347 0.000000000000 0.000000000000
vt 0.791666626930 0.327538549900 0.000000000000
vt 0.791666626930 0.282742887735 0.000000000000
vt 0.750000059605 0.282742887735 0.000000000000
vt 0.750000000000 0.327538549900 0.000000000000
vt 0.833333313465 0.327538579702 0.000000000000
vt 0.833333373070 0.282742917538 0.000000000000
vt 0.708333253860 0.282742857933 0.000000000000
vt 0.708333253860 0.327538549900 0.000000000000
vt 0.875000000000 0.327538520098 0.000000000000
vt 0.875000000000 0.282742857933 0.000000000000
vt 0.666666626930 0.282742828131 0.000000000000
vt 0.666666567326 0.327538520098 0.000000000000
vt 0.916666686535 0.327538430691 0.000000000000
vt 0.916666626930 0.282742768526 0.000000000000
vt 0.624999880791 0.282742857933 0.000000000000
vt 0.624999880791 0.327538579702 0.000000000000
vt 0.958333313465 0.327538430691 0.000000000000
vt 0.958333313465 0.282742768526 0.000000000000
vt 0.583333253860 0.282742917538 0.000000000000
vt 0.583333253860 0.327538639307 0.000000000000
vt 0.999999880791 0.327538430691 0.000000000000
vt 0.999999940395 0.282742768526 0.000000000000
vt 0.541666567326 0.282742887735 0.000000000000
vt 0.541666567326 0.327538639307 0.000000000000
vt 0.041666656733 0.327538400888 0.000000000000
vt 0.041666656733 0.282742738724 0.000000000000
vt -0.000000059605 0.282742768526 0.000000000000
vt -0.000000059605 0.327538430691 0.000000000000
vt 0.499999940395 0.282742887735 0.000000000000
vt 0.499999910593 0.327538609505 0.000000000000
vt 0.057547140867 0.672464847565 0.000000000000
vt 0.041666656733 0.672464847565 0.000000000000
vt 0.041666656733 0.712780892849 0.000000000000
vt 0.057547122240 0.712780952454 0.000000000000
vt 0.083333313465 0.712780892849 0.000000000000
vt 0.083333313465 0.282742917538 0.000000000000
vt 0.057547196746 0.282742828131 0.000000000000
vt 0.057547152042 0.327538460493 0.000000000000
vt 0.458333253860 0.282742857933 0.000000000000
vt 0.458333253860 0.327538609505 0.000000000000
vt 0.124999970198 0.712781012058 0.000000000000
vt 0.124999970198 0.282742977142 0.000000000000
vt -0.000000059605 0.672464847565 0.000000000000
vt -0.000000059605 0.712780892849 0.000000000000
vt 0.441263735294 0.712781190872 0.000000000000
vt 0.458333253860 0.712781190872 0.000000000000
vt 0.458333253860 0.672465085983 0.000000000000
vt 0.441263645887 0.327538639307 0.000000000000
vt 0.441263616085 0.282743006945 0.000000000000
vt 0.416666567326 0.282743036747 0.000000000000
vt 0.416666597128 0.712781190872 0.000000000000
vt 0.441263645887 0.672465085983 0.000000000000
vt 0.166666626930 0.712781012058 0.000000000000
vt 0.166666626930 0.282742977142 0.000000000000
vt 0.999999880791 0.712780892849 0.000000000000
vt 0.999999880791 0.672464847565 0.000000000000
vt 0.958333313465 0.672464847565 0.000000000000
vt 0.958333313465 0.712780892849 0.000000000000
vt 0.499999910593 0.712781190872 0.000000000000
vt 0.499999910593 0.672465085983 0.000000000000
vt 0.374999910593 0.282742977142 0.000000000000
vt 0.374999940395 0.712781012058 0.000000000000
vt 0.208333283663 0.712780952454 0.000000000000
vt 0.208333283663 0.282742947340 0.000000000000
vt 0.916666686535 0.672464847565 0.000000000000
vt 0.916666686535 0.712780892849 0.000000000000
vt 0.541666567326 0.712781190872 0.000000000000
vt 0.541666567326 0.672465085983 0.000000000000
vt 0.333333253860 0.282742977142 0.000000000000
vt 0.333333253860 0.712780952454 0.000000000000
vt 0.249999940395 0.712781012058 0.000000000000
vt 0.249999940395 0.282742947340 0.000000000000
vt 0.875000000000 0.672464966774 0.000000000000
vt 0.875000000000 0.712781012058 0.000000000000
vt 0.583333253860 0.712781131268 0.000000000000
vt 0.583333253860 0.672465085983 0.000000000000
vt 0.291666626930 0.282743006945 0.000000000000
vt 0.291666626930 0.712781012058 0.000000000000
vt 0.833333253860 0.672464966774 0.000000000000
vt 0.833333313465 0.712781012058 0.000000000000
vt 0.624999880791 0.712780952454 0.000000000000
vt 0.624999880791 0.672464907169 0.000000000000
vt 0.791666626930 0.672464907169 0.000000000000
vt 0.791666626930 0.712780952454 0.000000000000
vt 0.666666507721 0.712780892849 0.000000000000
vt 0.666666567326 0.672464847565 0.000000000000
vt 0.750000059605 0.672464966774 0.000000000000
vt 0.750000000000 0.712780952454 0.000000000000
vt 0.708333253860 0.712780952454 0.000000000000
vt 0.708333253860 0.672464966774 0.000000000000
# 249 texture coords

usemtl 09___Default
s off
f 1/1/1 2/2/2 3/3/3
f 3/3/3 4/4/4 1/1/1
f 5/5/5 6/6/6 7/7/7
f 7/7/7 8/8/8 5/5/5
f 9/8/9 10/5/10 5/5/11
f 5/5/11 8/8/12 9/8/9
f 11/2/13 2/2/14 1/1/15
f 1/1/15 12/1/16 11/2/13
f 13/8/17 14/5/18 10/5/19
f 10/5/19 9/8/20 13/8/17
f 15/5/21 16/5/22 10/5/19
f 10/5/19 14/5/18 15/5/21
f 17/8/23 18/5/24 14/5/25
f 14/5/25 13/8/26 17/8/23
f 19/5/27 20/5/28 21/5/29
f 21/5/29 22/5/30 19/5/27
f 23/8/31 24/5/32 18/5/33
f 18/5/33 17/8/34 23/8/31
f 25/5/35 19/5/36 22/5/37
f 22/5/37 26/5/38 25/5/35
f 27/3/39 3/3/3 2/2/2
f 2/2/2 28/2/40 27/3/39
f 28/2/41 2/2/14 11/2/13
f 11/2/13 29/2/42 28/2/41
f 29/5/43 11/5/44 30/5/45
f 30/5/45 31/5/46 29/5/43
f 32/9/47 33/10/48 34/11/49
f 34/11/49 35/12/50 32/9/47
f 36/10/51 33/10/52 32/9/53
f 32/9/53 16/9/54 36/10/51
f 36/5/55 37/5/56 21/5/57
f 21/5/57 12/5/58 36/5/55
f 38/5/59 37/5/60 15/5/61
f 15/5/61 39/5/62 38/5/59
f 40/5/63 38/5/64 39/5/65
f 39/5/65 41/5/66 40/5/63
f 42/2/67 31/2/68 43/2/69
f 43/2/69 44/2/70 42/2/67
f 45/2/71 46/2/72 47/2/73
f 47/2/73 48/2/74 45/2/71
f 45/2/71 49/2/75 46/2/72
f 50/8/76 51/5/76 24/5/76
f 24/5/76 23/8/76 50/8/76
f 52/5/76 40/5/76 41/5/76
f 41/5/76 53/5/77 52/5/76
f 54/5/78 25/5/78 26/5/78
f 26/5/78 55/5/78 54/5/78
f 16/5/22 15/5/21 37/5/56
f 37/5/56 36/5/55 16/5/22
f 5/5/5 32/9/47 35/12/50
f 35/12/50 6/6/6 5/5/5
f 10/5/10 16/9/54 32/9/53
f 32/9/53 5/5/11 10/5/10
f 39/5/62 15/5/61 14/5/25
f 14/5/25 18/5/24 39/5/62
f 41/5/66 39/5/65 18/5/33
f 18/5/33 24/5/32 41/5/66
f 53/5/76 41/5/77 24/5/77
f 24/5/77 51/5/76 53/5/76
f 33/10/48 1/1/1 4/4/4
f 4/4/4 34/11/49 33/10/48
f 36/10/51 12/1/16 1/1/15
f 1/1/15 33/10/52 36/10/51
f 22/5/30 21/5/29 37/5/60
f 37/5/60 38/5/59 22/5/30
f 26/5/38 22/5/37 38/5/64
f 38/5/64 40/5/63 26/5/38
f 12/5/58 21/5/57 20/5/79
f 20/5/79 11/5/44 12/5/58
f 55/5/76 26/5/77 40/5/76
f 40/5/76 52/5/76 55/5/76
f 11/5/44 20/5/79 30/5/45
f 43/5/80 31/5/46 30/5/45
f 30/5/45 48/5/81 43/5/80
f 56/5/82 57/5/83 19/5/36
f 19/5/36 25/5/35 56/5/82
f 58/5/84 56/5/85 25/5/85
f 25/5/85 54/5/85 58/5/84
f 44/2/70 43/2/69 48/2/74
f 48/2/74 47/2/73 44/2/70
f 42/2/67 28/2/41 29/2/42
f 29/2/42 31/2/68 42/2/67
f 57/5/86 30/5/87 20/5/88
f 20/5/88 19/5/89 57/5/86
f 30/5/87 57/5/86 59/5/90
f 30/5/87 59/5/90 60/5/91
f 30/5/87 60/5/91 61/5/92
f 30/5/87 61/5/92 48/5/93
f 62/5/94 45/5/95 48/5/93
f 48/5/93 61/5/92 62/5/94
f 63/5/96 49/5/97 45/5/95
f 45/5/95 62/5/94 63/5/96
f 64/3/98 27/3/39 28/2/40
f 28/2/40 42/2/99 64/3/98
f 64/3/98 42/2/99 44/2/100
f 44/2/100 65/3/101 64/3/98
f 66/3/102 65/3/101 44/2/100
f 44/2/100 47/2/103 66/3/102
f 66/3/102 47/2/103 46/2/104
f 46/2/104 67/3/105 66/3/102
f 67/3/105 46/2/104 68/13/106
f 68/13/106 69/3/107 67/3/105
f 70/5/108 71/5/109 49/5/97
f 49/5/97 63/5/96 70/5/108
f 72/14/110 73/15/111 74/16/112
f 74/16/112 75/17/113 72/14/110
f 75/17/113 74/16/112 76/18/114
f 76/18/114 77/19/115 75/17/113
f 77/19/115 76/18/114 70/20/116
f 70/20/116 78/21/117 77/19/115
f 79/22/118 71/23/119 80/24/120
f 80/24/120 81/25/121 79/22/118
f 81/25/121 80/24/120 82/26/122
f 82/26/122 83/27/123 81/25/121
f 83/27/123 82/26/122 84/28/124
f 84/28/124 85/29/125 83/27/123
f 85/29/125 84/28/124 86/30/126
f 86/30/126 87/31/127 85/29/125
f 87/31/127 86/30/126 88/32/128
f 88/32/128 89/33/129 87/31/127
f 89/33/129 88/32/128 90/34/130
f 90/34/130 91/35/131 89/33/129
f 91/35/131 90/34/130 92/36/132
f 92/36/132 93/37/133 91/35/131
f 93/37/133 92/36/132 94/38/134
f 94/38/134 95/39/135 93/37/133
f 95/39/135 94/38/134 73/15/111
f 73/15/111 72/14/110 95/39/135
f 72/14/110 75/17/113 96/40/136
f 96/40/136 97/41/137 72/14/110
f 75/17/113 77/19/115 98/42/138
f 98/42/138 96/40/136 75/17/113
f 77/19/115 78/21/117 99/43/139
f 99/43/139 98/42/138 77/19/115
f 78/21/117 100/44/140 101/45/141
f 101/45/141 99/43/139 78/21/117
f 100/44/140 102/46/142 103/47/143
f 103/47/143 101/45/141 100/44/140
f 102/46/142 104/48/144 105/8/145
f 105/8/145 103/47/143 102/46/142
f 104/49/144 106/50/146 107/51/147
f 107/51/147 105/2/145 104/49/144
f 106/50/146 108/52/148 109/53/149
f 109/53/149 107/51/147 106/50/146
f 108/52/148 110/54/150 111/55/151
f 111/55/151 109/53/149 108/52/148
f 110/54/150 112/56/152 113/57/153
f 113/57/153 111/55/151 110/54/150
f 112/56/152 114/58/154 115/59/155
f 115/59/155 113/57/153 112/56/152
f 114/58/154 116/60/156 117/61/157
f 117/61/157 115/59/155 114/58/154
f 116/60/156 118/62/158 119/63/159
f 119/63/159 117/61/157 116/60/156
f 118/62/158 120/64/160 121/65/161
f 121/65/161 119/63/159 118/62/158
f 120/64/160 79/22/118 122/66/162
f 122/66/162 121/65/161 120/64/160
f 79/22/118 81/25/121 123/67/163
f 123/67/163 122/66/162 79/22/118
f 81/25/121 83/27/123 124/68/164
f 124/68/164 123/67/163 81/25/121
f 83/27/123 85/29/125 125/69/165
f 125/69/165 124/68/164 83/27/123
f 85/29/125 87/31/127 126/70/166
f 126/70/166 125/69/165 85/29/125
f 87/31/127 89/33/129 127/71/167
f 127/71/167 126/70/166 87/31/127
f 89/33/129 91/35/131 128/72/168
f 128/72/168 127/71/167 89/33/129
f 91/35/131 93/37/133 129/73/169
f 129/73/169 128/72/168 91/35/131
f 93/37/133 95/39/135 130/74/170
f 130/74/170 129/73/169 93/37/133
f 95/39/135 72/14/110 97/41/137
f 97/41/137 130/74/170 95/39/135
f 76/2/171 80/5/172 71/5/109
f 71/5/109 70/5/108 76/2/171
f 82/26/173 80/24/172 76/2/171
f 74/16/174 73/15/175 94/38/176
f 76/2/171 74/16/174 94/38/176
f 82/26/173 76/2/171 94/38/176
f 94/38/176 92/36/177 90/34/178
f 90/34/178 88/32/179 86/30/180
f 94/38/176 90/34/178 86/30/180
f 82/26/173 94/38/176 86/30/180
f 82/26/173 86/30/180 84/28/181
f 63/20/182 131/21/183 78/21/117
f 78/21/117 70/20/116 63/20/182
f 62/20/184 132/21/185 131/21/183
f 131/21/183 63/20/182 62/20/184
f 61/20/186 133/21/187 132/21/185
f 132/21/185 62/20/184 61/20/186
f 134/21/188 133/21/187 61/20/186
f 61/20/186 60/20/189 134/21/188
f 56/20/190 135/21/191 136/21/192
f 136/21/192 57/20/193 56/20/190
f 58/20/194 137/21/195 135/21/191
f 135/21/191 56/20/190 58/20/194
f 138/22/196 49/23/197 71/23/198
f 71/23/198 79/22/199 138/22/196
f 139/21/200 134/21/188 60/20/189
f 60/20/189 59/20/201 139/21/200
f 136/21/192 139/21/200 59/20/201
f 59/20/201 57/20/193 136/21/192
f 140/21/202 139/21/203 136/21/204
f 136/21/204 141/21/205 140/21/202
f 142/21/206 140/21/202 141/21/205
f 141/21/205 143/21/207 142/21/206
f 143/27/207 69/31/107 68/35/106
f 68/35/106 142/25/206 143/27/207
f 46/2/104 49/2/197 138/49/196
f 140/21/202 142/21/206 144/21/208
f 144/21/208 145/21/209 140/21/202
f 142/25/206 68/35/106 138/35/196
f 138/35/196 144/25/208 142/25/206
f 131/21/210 108/52/211 106/50/212
f 131/21/210 106/50/212 104/49/213
f 131/21/210 104/49/213 102/46/214
f 131/21/210 102/46/214 100/44/215
f 131/21/210 100/44/215 78/21/216
f 131/21/210 132/21/217 145/21/209
f 134/21/218 139/21/203 140/21/202
f 133/21/219 134/21/218 145/21/209
f 132/21/217 133/21/219 145/21/209
f 118/62/220 145/21/209 144/21/208
f 144/21/208 120/64/221 118/62/220
f 120/64/221 144/21/208 138/35/196
f 138/35/196 79/22/199 120/64/221
f 131/21/210 110/54/222 108/52/211
f 112/56/223 110/54/222 131/21/210
f 131/21/210 145/21/209 112/56/223
f 145/21/209 118/62/220 116/60/224
f 145/21/209 116/60/224 114/58/225
f 145/21/209 114/58/225 112/56/223
f 136/21/204 135/21/226 141/21/205
f 134/21/218 140/21/202 145/21/209
f 46/2/104 138/49/196 68/13/106
f 129/73/227 130/74/228 97/41/229
f 97/41/229 96/40/230 98/42/231
f 98/42/231 99/43/232 101/45/233
f 97/41/229 98/42/231 101/45/233
f 101/45/233 103/47/234 105/8/235
f 105/8/235 107/51/236 109/53/237
f 101/45/233 105/8/235 109/53/237
f 97/41/229 101/45/233 109/53/237
f 109/53/237 111/55/238 113/57/239
f 113/57/239 115/59/240 117/61/241
f 109/53/237 113/57/239 117/61/241
f 117/61/241 119/63/242 121/65/243
f 121/65/243 122/66/232 123/67/244
f 117/61/241 121/65/243 123/67/244
f 109/53/237 117/61/241 123/67/244
f 97/41/229 109/53/237 123/67/244
f 123/67/244 124/68/245 125/69/246
f 125/69/246 126/70/247 127/71/248
f 123/67/244 125/69/246 127/71/248
f 97/41/229 123/67/244 127/71/248
f 129/73/227 97/41/229 127/71/248
f 129/73/227 127/71/248 128/72/238
f 146/1/249 4/4/4 3/3/3
f 3/3/3 147/2/250 146/1/249
f 148/5/251 149/8/252 7/7/7
f 7/7/7 6/6/6 148/5/251
f 150/8/253 149/8/254 148/5/255
f 148/5/255 151/5/256 150/8/253
f 152/2/257 153/1/258 146/1/259
f 146/1/259 147/2/260 152/2/257
f 154/8/261 150/8/262 151/5/263
f 151/5/263 155/5/264 154/8/261
f 156/5/265 155/5/264 151/5/263
f 151/5/263 157/5/266 156/5/265
f 158/8/267 154/8/268 155/5/269
f 155/5/269 159/5/270 158/8/267
f 160/5/271 161/5/272 162/5/273
f 162/5/273 163/5/274 160/5/271
f 50/8/275 158/8/276 159/5/277
f 159/5/277 51/5/278 50/8/275
f 54/5/279 55/5/280 161/5/281
f 161/5/281 160/5/282 54/5/279
f 27/3/39 164/2/283 147/2/250
f 147/2/250 3/3/3 27/3/39
f 164/2/284 165/2/285 152/2/257
f 152/2/257 147/2/260 164/2/284
f 165/5/286 166/5/287 167/5/288
f 167/5/288 152/5/289 165/5/286
f 168/9/290 35/12/50 34/11/49
f 34/11/49 169/10/291 168/9/290
f 170/10/292 157/9/293 168/9/294
f 168/9/294 169/10/295 170/10/292
f 170/5/296 153/5/297 162/5/298
f 162/5/298 171/5/299 170/5/296
f 172/5/300 173/5/301 156/5/302
f 156/5/302 171/5/303 172/5/300
f 52/5/304 53/5/305 173/5/306
f 173/5/306 172/5/307 52/5/304
f 174/2/308 175/2/309 176/2/310
f 176/2/310 166/2/311 174/2/308
f 177/2/312 178/2/313 179/2/314
f 179/2/314 180/2/315 177/2/312
f 177/2/312 180/2/315 181/2/316
f 157/5/266 170/5/296 171/5/299
f 171/5/299 156/5/265 157/5/266
f 148/5/251 6/6/6 35/12/50
f 35/12/50 168/9/290 148/5/251
f 151/5/256 148/5/255 168/9/294
f 168/9/294 157/9/293 151/5/256
f 173/5/301 159/5/270 155/5/269
f 155/5/269 156/5/302 173/5/301
f 53/5/305 51/5/278 159/5/277
f 159/5/277 173/5/306 53/5/305
f 169/10/291 34/11/49 4/4/4
f 4/4/4 146/1/249 169/10/291
f 170/10/292 169/10/295 146/1/259
f 146/1/259 153/1/258 170/10/292
f 161/5/272 172/5/300 171/5/303
f 171/5/303 162/5/273 161/5/272
f 55/5/280 52/5/304 172/5/307
f 172/5/307 161/5/281 55/5/280
f 153/5/297 152/5/289 163/5/317
f 163/5/317 162/5/298 153/5/297
f 152/5/289 167/5/288 163/5/317
f 176/5/318 178/5/319 167/5/288
f 167/5/288 166/5/287 176/5/318
f 58/5/320 54/5/279 160/5/282
f 160/5/282 182/5/321 58/5/320
f 175/2/309 179/2/314 178/2/313
f 178/2/313 176/2/310 175/2/309
f 174/2/308 166/2/311 165/2/285
f 165/2/285 164/2/284 174/2/308
f 182/5/322 160/5/323 163/5/324
f 163/5/324 167/5/325 182/5/322
f 167/5/325 178/5/326 183/5/327
f 167/5/325 183/5/327 184/5/328
f 167/5/325 184/5/328 185/5/329
f 167/5/325 185/5/329 182/5/322
f 186/5/330 183/5/327 178/5/326
f 178/5/326 177/5/331 186/5/330
f 187/5/332 186/5/330 177/5/331
f 177/5/331 181/5/333 187/5/332
f 64/3/98 174/2/334 164/2/283
f 164/2/283 27/3/39 64/3/98
f 64/3/98 65/3/101 175/2/335
f 175/2/335 174/2/334 64/3/98
f 66/3/102 179/2/336 175/2/335
f 175/2/335 65/3/101 66/3/102
f 66/3/102 67/3/105 180/2/337
f 180/2/337 179/2/336 66/3/102
f 67/3/105 69/3/107 188/13/338
f 188/13/338 180/2/337 67/3/105
f 189/5/339 187/5/332 181/5/333
f 181/5/333 190/5/340 189/5/339
f 191/14/341 192/17/342 193/16/343
f 193/16/343 194/15/344 191/14/341
f 192/17/342 195/19/345 196/18/346
f 196/18/346 193/16/343 192/17/342
f 195/19/345 197/21/347 189/20/348
f 189/20/348 196/18/346 195/19/345
f 198/22/349 199/25/350 200/24/351
f 200/24/351 190/23/352 198/22/349
f 199/25/350 201/27/353 202/26/354
f 202/26/354 200/24/351 199/25/350
f 201/27/353 203/29/355 204/28/356
f 204/28/356 202/26/354 201/27/353
f 203/29/355 205/31/357 206/30/358
f 206/30/358 204/28/356 203/29/355
f 205/31/357 207/33/359 208/32/360
f 208/32/360 206/30/358 205/31/357
f 207/33/359 209/35/361 210/34/362
f 210/34/362 208/32/360 207/33/359
f 209/35/361 211/37/363 212/36/364
f 212/36/364 210/34/362 209/35/361
f 211/37/363 213/39/365 214/38/366
f 214/38/366 212/36/364 211/37/363
f 213/39/365 191/14/341 194/15/344
f 194/15/344 214/38/366 213/39/365
f 191/14/341 215/41/367 216/40/368
f 216/40/368 192/17/342 191/14/341
f 192/17/342 216/40/368 217/42/369
f 217/42/369 195/19/345 192/17/342
f 195/19/345 217/42/369 218/43/370
f 218/43/370 197/21/347 195/19/345
f 197/21/347 218/43/370 219/45/371
f 219/45/371 220/44/372 197/21/347
f 220/44/372 219/45/371 221/47/373
f 221/47/373 222/46/374 220/44/372
f 222/46/374 221/47/373 223/8/375
f 223/8/375 224/48/376 222/46/374
f 224/49/376 223/2/375 225/51/377
f 225/51/377 226/50/378 224/49/376
f 226/50/378 225/51/377 227/53/379
f 227/53/379 228/52/380 226/50/378
f 228/52/380 227/53/379 229/55/381
f 229/55/381 230/54/382 228/52/380
f 230/54/382 229/55/381 231/57/383
f 231/57/383 232/56/384 230/54/382
f 232/56/384 231/57/383 233/59/385
f 233/59/385 234/58/386 232/56/384
f 234/58/386 233/59/385 235/61/387
f 235/61/387 236/60/388 234/58/386
f 236/60/388 235/61/387 237/63/389
f 237/63/389 238/62/390 236/60/388
f 238/62/390 237/63/389 239/65/391
f 239/65/391 240/64/392 238/62/390
f 240/64/392 239/65/391 241/66/393
f 241/66/393 198/22/349 240/64/392
f 198/22/349 241/66/393 242/67/394
f 242/67/394 199/25/350 198/22/349
f 199/25/350 242/67/394 243/68/395
f 243/68/395 201/27/353 199/25/350
f 201/27/353 243/68/395 244/69/396
f 244/69/396 203/29/355 201/27/353
f 203/29/355 244/69/396 245/70/397
f 245/70/397 205/31/357 203/29/355
f 205/31/357 245/70/397 246/71/398
f 246/71/398 207/33/359 205/31/357
f 207/33/359 246/71/398 247/72/399
f 247/72/399 209/35/361 207/33/359
f 209/35/361 247/72/399 248/73/400
f 248/73/400 211/37/363 209/35/361
f 211/37/363 248/73/400 249/74/401
f 249/74/401 213/39/365 211/37/363
f 213/39/365 249/74/401 215/41/367
f 215/41/367 191/14/341 213/39/365
f 196/2/402 189/5/339 190/5/340
f 190/5/340 200/5/403 196/2/402
f 210/34/404 212/36/232 214/38/405
f 214/38/405 194/15/406 193/16/407
f 214/38/405 193/16/407 196/2/402
f 196/2/402 200/24/403 202/26/408
f 214/38/405 196/2/402 202/26/408
f 202/26/408 204/28/409 206/30/410
f 214/38/405 202/26/408 206/30/410
f 210/34/404 214/38/405 206/30/410
f 210/34/404 206/30/410 208/32/411
f 187/20/412 189/20/348 197/21/347
f 197/21/347 250/21/413 187/20/412
f 186/20/414 187/20/412 250/21/413
f 250/21/413 251/21/415 186/20/414
f 183/20/416 186/20/414 251/21/415
f 251/21/415 252/21/417 183/20/416
f 253/21/418 184/20/419 183/20/416
f 183/20/416 252/21/417 253/21/418
f 58/20/194 182/20/420 254/21/421
f 254/21/421 137/21/195 58/20/194
f 255/22/422 198/22/423 190/23/424
f 190/23/424 181/23/425 255/22/422
f 256/21/426 185/20/427 184/20/419
f 184/20/419 253/21/418 256/21/426
f 254/21/421 182/20/420 185/20/427
f 185/20/427 256/21/426 254/21/421
f 257/21/428 141/21/205 254/21/429
f 254/21/429 256/21/430 257/21/428
f 258/21/431 143/21/207 141/21/205
f 141/21/205 257/21/428 258/21/431
f 143/27/207 258/25/431 188/35/338
f 188/35/338 69/31/107 143/27/207
f 180/2/337 255/49/422 181/2/425
f 257/21/428 259/21/432 260/21/433
f 260/21/433 258/21/431 257/21/428
f 258/25/431 260/25/433 255/35/422
f 255/35/422 188/35/338 258/25/431
f 226/50/434 228/52/435 250/21/436
f 250/21/436 197/21/437 220/44/438
f 250/21/436 220/44/438 222/46/439
f 250/21/436 222/46/439 224/49/440
f 226/50/434 250/21/436 224/49/440
f 250/21/436 259/21/432 251/21/441
f 253/21/442 257/21/428 256/21/430
f 252/21/443 259/21/432 253/21/442
f 251/21/441 259/21/432 252/21/443
f 238/62/444 240/64/445 260/21/433
f 260/21/433 259/21/432 238/62/444
f 240/64/445 198/22/423 255/35/422
f 255/35/422 260/21/433 240/64/445
f 250/21/436 228/52/435 230/54/446
f 232/56/447 259/21/432 250/21/436
f 250/21/436 230/54/446 232/56/447
f 259/21/432 232/56/447 234/58/448
f 259/21/432 234/58/448 236/60/449
f 259/21/432 236/60/449 238/62/444
f 137/21/450 141/21/205 135/21/226
f 254/21/429 141/21/205 137/21/450
f 253/21/442 259/21/432 257/21/428
f 180/2/337 188/13/338 255/49/422
f 219/45/451 218/43/177 217/42/452
f 217/42/452 216/40/453 215/41/454
f 219/45/451 217/42/452 215/41/454
f 215/41/454 249/74/455 248/73/456
f 248/73/456 247/72/457 246/71/458
f 215/41/454 248/73/456 246/71/458
f 246/71/458 245/70/459 244/69/460
f 244/69/460 243/68/461 242/67/462
f 246/71/458 244/69/460 242/67/462
f 215/41/454 246/71/458 242/67/462
f 242/67/462 241/66/177 239/65/463
f 239/65/463 237/63/464 235/61/465
f 242/67/462 239/65/463 235/61/465
f 235/61/465 233/59/466 231/57/467
f 231/57/467 229/55/457 227/53/468
f 235/61/465 231/57/467 227/53/468
f 242/67/462 235/61/465 227/53/468
f 215/41/454 242/67/462 227/53/468
f 219/45/451 215/41/454 227/53/468
f 227/53/468 225/51/469 223/8/470
f 219/45/451 227/53/468 223/8/470
f 219/45/451 223/8/470 221/47/471
f 261/23/472 262/75/473 263/76/474
f 264/77/475 265/78/476 266/79/477
f 263/76/474 264/77/475 266/79/477
f 261/23/472 263/76/474 266/79/477
f 266/79/477 267/80/476 268/81/478
f 268/81/478 269/82/476 270/83/479
f 266/79/477 268/81/478 270/83/479
f 270/83/479 271/83/480 272/84/481
f 270/83/479 272/84/481 273/85/482
f 270/83/479 273/85/482 274/86/483
f 270/83/479 274/86/483 275/87/484
f 266/79/477 270/83/479 275/87/484
f 266/79/477 275/87/484 276/88/485
f 266/79/477 276/88/485 277/89/486
f 266/79/477 277/89/486 278/90/487
f 266/79/477 278/90/487 279/91/488
f 266/79/477 279/91/488 280/92/489
f 261/23/472 266/79/477 280/92/489
f 261/23/472 280/92/489 281/93/490
f 261/23/472 281/93/490 282/94/491
f 261/23/472 282/94/491 283/95/492
f 261/23/472 283/95/492 284/96/493
f 285/97/494 286/98/495 287/28/496
f 288/99/497 285/97/494 287/28/496
f 289/100/498 288/99/497 287/28/496
f 284/96/493 289/100/498 287/28/496
f 261/23/472 284/96/493 287/28/496
f 287/28/496 290/28/499 291/26/500
f 261/23/472 287/28/496 291/26/500
f 261/23/472 291/26/500 292/24/501
f 293/78/502 294/79/503 266/79/504
f 266/79/504 265/78/505 293/78/502
f 294/79/503 295/80/506 267/80/507
f 267/80/507 266/79/504 294/79/503
f 295/80/506 296/81/508 268/81/509
f 268/81/509 267/80/507 295/80/506
f 296/81/508 297/82/510 269/82/511
f 269/82/511 268/81/509 296/81/508
f 297/82/510 298/83/512 270/83/513
f 270/83/513 269/82/511 297/82/510
f 299/83/514 271/83/515 270/83/513
f 270/83/513 298/83/512 299/83/514
f 300/28/516 287/28/496 286/98/495
f 301/101/517 272/84/481 271/83/480
f 302/102/518 301/101/517 271/83/480
f 303/103/519 302/102/518 271/83/480
f 271/83/480 304/83/520 305/83/521
f 305/83/521 306/83/522 307/83/523
f 271/83/480 305/83/521 307/83/523
f 303/103/519 271/83/480 307/83/523
f 308/104/524 303/103/519 307/83/523
f 309/105/525 308/104/524 307/83/523
f 310/106/526 309/105/525 307/83/523
f 311/107/527 310/106/526 307/83/523
f 312/108/528 311/107/527 307/83/523
f 313/109/529 312/108/528 307/83/523
f 307/83/523 314/83/530 315/83/531
f 315/83/531 316/83/532 317/83/533
f 307/83/523 315/83/531 317/83/533
f 313/109/529 307/83/523 317/83/533
f 286/98/495 313/109/529 317/83/533
f 300/28/516 286/98/495 317/83/533
f 300/28/516 317/83/533 318/83/534
f 319/28/535 290/28/536 287/28/537
f 287/28/537 320/28/538 319/28/535
f 319/28/535 321/26/539 291/26/540
f 291/26/540 290/28/536 319/28/535
f 321/26/539 322/24/541 292/24/542
f 292/24/542 291/26/540 321/26/539
f 322/24/541 323/23/543 261/23/544
f 261/23/544 292/24/542 322/24/541
f 323/23/543 324/75/545 262/75/546
f 262/75/546 261/23/544 323/23/543
f 324/75/545 325/76/547 263/76/548
f 263/76/548 262/75/546 324/75/545
f 325/76/547 326/77/549 264/77/550
f 264/77/550 263/76/548 325/76/547
f 326/77/549 293/78/502 265/78/505
f 265/78/505 264/77/550 326/77/549
f 320/28/551 327/98/552 328/97/553
f 329/110/554 330/111/555 299/83/556
f 331/112/557 329/110/554 299/83/556
f 332/113/558 331/112/557 299/83/556
f 333/114/559 332/113/558 299/83/556
f 299/83/556 298/83/560 297/82/561
f 297/82/561 296/81/562 295/80/563
f 299/83/556 297/82/561 295/80/563
f 333/114/559 299/83/556 295/80/563
f 334/115/564 333/114/559 295/80/563
f 335/116/565 334/115/564 295/80/563
f 336/117/566 335/116/565 295/80/563
f 337/92/567 336/117/566 295/80/563
f 295/80/563 294/79/568 293/78/569
f 293/78/569 326/77/569 325/76/570
f 295/80/563 293/78/569 325/76/570
f 337/92/567 295/80/563 325/76/570
f 338/118/571 337/92/567 325/76/570
f 339/94/572 338/118/571 325/76/570
f 340/119/573 339/94/572 325/76/570
f 341/120/574 340/119/573 325/76/570
f 325/76/570 324/75/575 323/23/576
f 323/23/576 322/24/577 321/26/578
f 325/76/570 323/23/576 321/26/578
f 341/120/574 325/76/570 321/26/578
f 342/100/579 341/120/574 321/26/578
f 343/99/580 342/100/579 321/26/578
f 328/97/553 343/99/580 321/26/578
f 320/28/551 328/97/553 321/26/578
f 320/28/551 321/26/578 319/28/568
f 299/83/514 344/83/581 304/83/582
f 304/83/582 271/83/515 299/83/514
f 344/83/581 345/83/583 305/83/584
f 305/83/584 304/83/582 344/83/581
f 345/83/583 346/83/585 306/83/586
f 306/83/586 305/83/584 345/83/583
f 346/83/585 347/83/587 307/83/588
f 307/83/588 306/83/586 346/83/585
f 347/83/587 348/83/589 314/83/590
f 314/83/590 307/83/588 347/83/587
f 348/83/589 349/83/591 315/83/592
f 315/83/592 314/83/590 348/83/589
f 349/83/591 350/83/593 316/83/594
f 316/83/594 315/83/592 349/83/591
f 350/83/593 351/83/595 317/83/596
f 317/83/596 316/83/594 350/83/593
f 351/83/595 352/83/597 318/83/598
f 318/83/598 317/83/596 351/83/595
f 352/121/597 353/28/599 300/28/600
f 300/28/600 318/121/598 352/121/597
f 320/28/538 287/28/537 300/28/600
f 300/28/600 353/28/599 320/28/538
f 354/122/601 355/83/602 299/83/603
f 299/83/603 330/111/604 354/122/601
f 356/123/605 327/98/606 320/28/607
f 320/28/607 357/28/608 356/123/605
f 355/83/609 358/83/610 344/83/581
f 344/83/581 299/83/514 355/83/609
f 358/83/610 359/83/611 345/83/583
f 345/83/583 344/83/581 358/83/610
f 359/83/611 360/83/612 346/83/585
f 346/83/585 345/83/583 359/83/611
f 360/83/612 361/83/613 347/83/587
f 347/83/587 346/83/585 360/83/612
f 361/83/613 362/83/614 348/83/589
f 348/83/589 347/83/587 361/83/613
f 362/83/614 363/83/615 349/83/591
f 349/83/591 348/83/589 362/83/614
f 363/83/615 364/83/616 350/83/593
f 350/83/593 349/83/591 363/83/615
f 364/83/616 365/83/617 351/83/595
f 351/83/595 350/83/593 364/83/616
f 365/83/617 366/83/618 352/83/597
f 352/83/597 351/83/595 365/83/617
f 366/121/618 367/28/619 353/28/599
f 353/28/599 352/121/597 366/121/618
f 320/28/538 353/28/599 367/28/619
f 367/28/619 357/28/620 320/28/538
f 368/78/621 369/79/476 370/80/622
f 371/81/623 372/82/624 373/83/625
f 370/80/622 371/81/623 373/83/625
f 368/78/621 370/80/622 373/83/625
f 373/83/625 355/83/626 354/122/627
f 373/83/625 354/122/627 374/124/628
f 373/83/625 374/124/628 375/125/629
f 373/83/625 375/125/629 376/126/630
f 373/83/625 376/126/630 377/127/631
f 368/78/621 373/83/625 377/127/631
f 368/78/621 377/127/631 378/128/476
f 368/78/621 378/128/476 379/129/476
f 368/78/621 379/129/476 380/130/478
f 368/78/621 380/130/478 381/131/476
f 382/132/632 356/123/633 357/28/634
f 383/133/635 382/132/632 357/28/634
f 384/134/636 383/133/635 357/28/634
f 385/135/637 384/134/636 357/28/634
f 357/28/634 386/28/476 387/26/476
f 387/26/476 388/24/478 389/23/476
f 357/28/634 387/26/476 389/23/476
f 385/135/637 357/28/634 389/23/476
f 390/136/478 385/135/637 389/23/476
f 391/137/476 390/136/478 389/23/476
f 392/138/478 391/137/476 389/23/476
f 381/131/476 392/138/478 389/23/476
f 368/78/621 381/131/476 389/23/476
f 389/23/476 393/75/476 394/76/478
f 368/78/621 389/23/476 394/76/478
f 368/78/621 394/76/478 395/77/476
f 355/83/609 396/83/638 397/83/639
f 397/83/639 358/83/610 355/83/609
f 358/83/610 397/83/639 398/83/640
f 398/83/640 359/83/611 358/83/610
f 359/83/611 398/83/640 399/83/641
f 399/83/641 360/83/612 359/83/611
f 360/83/612 399/83/641 400/83/642
f 400/83/642 361/83/613 360/83/612
f 361/83/613 400/83/642 401/83/643
f 401/83/643 362/83/614 361/83/613
f 362/83/614 401/83/643 402/83/644
f 402/83/644 363/83/615 362/83/614
f 363/83/615 402/83/644 403/83/645
f 403/83/645 364/83/616 363/83/615
f 364/83/616 403/83/645 404/83/646
f 404/83/646 365/83/617 364/83/616
f 365/83/617 404/83/646 405/83/647
f 405/83/647 366/83/618 365/83/617
f 405/121/647 406/28/648 367/28/619
f 367/28/619 366/121/618 405/121/647
f 357/28/620 367/28/619 406/28/648
f 406/28/648 407/28/649 357/28/620
f 408/82/650 409/83/651 373/83/652
f 373/83/652 372/82/653 408/82/650
f 373/83/652 409/83/651 396/83/638
f 396/83/638 355/83/609 373/83/652
f 357/28/620 407/28/649 410/28/654
f 410/28/654 386/28/655 357/28/620
f 410/28/654 411/26/656 387/26/657
f 387/26/657 386/28/655 410/28/654
f 411/26/656 412/24/658 388/24/659
f 388/24/659 387/26/657 411/26/656
f 412/24/658 413/23/660 389/23/661
f 389/23/661 388/24/659 412/24/658
f 413/23/660 414/75/662 393/75/663
f 393/75/663 389/23/661 413/23/660
f 414/75/662 415/76/664 394/76/665
f 394/76/665 393/75/663 414/75/662
f 415/76/664 416/77/666 395/77/667
f 395/77/667 394/76/665 415/76/664
f 416/77/666 417/78/668 368/78/669
f 368/78/669 395/77/667 416/77/666
f 417/78/668 418/79/670 369/79/671
f 369/79/671 368/78/669 417/78/668
f 418/79/670 419/80/672 370/80/673
f 370/80/673 369/79/671 418/79/670
f 419/80/672 420/81/674 371/81/675
f 371/81/675 370/80/673 419/80/672
f 420/81/674 408/82/650 372/82/653
f 372/82/653 371/81/675 420/81/674
f 403/83/676 402/83/569 401/83/677
f 401/83/677 400/83/678 399/83/679
f 399/83/679 398/83/680 397/83/681
f 401/83/677 399/83/679 397/83/681
f 403/83/676 401/83/677 397/83/681
f 397/83/681 396/83/682 421/139/683
f 397/83/681 421/139/683 422/140/684
f 397/83/681 422/140/684 423/141/685
f 403/83/676 397/83/681 423/141/685
f 403/83/676 423/141/685 424/142/686
f 403/83/676 424/142/686 425/143/687
f 403/83/676 425/143/687 426/144/688
f 403/83/676 426/144/688 427/145/689
f 403/83/676 427/145/689 428/146/690
f 429/147/691 430/148/692 407/28/693
f 431/149/694 429/147/691 407/28/693
f 428/146/690 431/149/694 407/28/693
f 403/83/676 428/146/690 407/28/693
f 407/28/693 406/28/695 405/83/696
f 403/83/676 407/28/693 405/83/696
f 403/83/676 405/83/696 404/83/697
f 407/28/693 430/148/692 432/150/698
f 433/151/699 421/139/683 396/83/682
f 434/152/700 433/151/699 396/83/682
f 435/153/701 434/152/700 396/83/682
f 436/154/702 435/153/701 396/83/682
f 396/83/682 409/83/703 408/82/704
f 408/82/704 420/81/705 419/80/706
f 396/83/682 408/82/704 419/80/706
f 436/154/702 396/83/682 419/80/706
f 437/155/569 436/154/702 419/80/706
f 438/129/569 437/155/569 419/80/706
f 439/130/568 438/129/569 419/80/706
f 440/131/707 439/130/568 419/80/706
f 419/80/706 418/79/708 417/78/709
f 417/78/709 416/77/710 415/76/711
f 419/80/706 417/78/709 415/76/711
f 440/131/707 419/80/706 415/76/711
f 441/138/712 440/131/707 415/76/711
f 442/156/713 441/138/712 415/76/711
f 443/157/714 442/156/713 415/76/711
f 444/135/715 443/157/714 415/76/711
f 415/76/711 414/75/716 413/23/717
f 413/23/717 412/24/569 411/26/718
f 415/76/711 413/23/717 411/26/718
f 444/135/715 415/76/711 411/26/718
f 445/158/719 444/135/715 411/26/718
f 446/159/720 445/158/719 411/26/718
f 432/150/698 446/159/720 411/26/718
f 407/28/693 432/150/698 411/26/718
f 407/28/693 411/26/718 410/28/721
f 380/160/722 439/161/723 440/162/724
f 440/162/724 381/163/725 380/160/722
f 379/164/726 438/165/727 439/161/723
f 439/161/723 380/160/722 379/164/726
f 381/163/725 440/162/724 441/166/728
f 441/166/728 392/167/729 381/163/725
f 378/168/730 437/169/731 438/165/727
f 438/165/727 379/164/726 378/168/730
f 392/167/729 441/166/728 442/170/732
f 442/170/732 391/171/733 392/167/729
f 377/172/734 436/173/735 437/169/731
f 437/169/731 378/168/730 377/172/734
f 391/171/733 442/170/732 443/174/736
f 443/174/736 390/175/737 391/171/733
f 376/176/738 435/177/739 436/173/735
f 436/173/735 377/172/734 376/176/738
f 390/175/737 443/174/736 444/178/740
f 444/178/740 385/179/741 390/175/737
f 375/180/742 434/181/743 435/177/739
f 435/177/739 376/176/738 375/180/742
f 385/179/741 444/178/740 445/182/744
f 445/182/744 384/183/745 385/179/741
f 374/184/746 433/185/747 434/186/743
f 434/186/743 375/187/742 374/184/746
f 384/183/745 445/182/744 446/188/748
f 446/188/748 383/189/749 384/183/745
f 330/190/750 329/191/751 273/192/752
f 330/190/750 273/192/752 272/193/753
f 272/193/753 301/194/754 422/195/755
f 330/190/750 272/193/753 422/195/755
f 421/196/756 433/185/747 374/184/746
f 422/195/755 421/196/756 374/184/746
f 422/195/755 374/184/746 354/197/757
f 330/190/750 422/195/755 354/197/757
f 383/189/749 446/188/748 432/198/758
f 432/198/758 382/199/759 383/189/749
f 302/200/760 423/201/761 422/195/755
f 422/195/755 301/194/754 302/200/760
f 273/192/752 329/191/751 331/202/762
f 331/202/762 274/203/763 273/192/752
f 286/204/764 285/205/765 328/206/766
f 356/207/767 382/199/759 432/198/758
f 356/207/767 432/198/758 430/208/768
f 430/208/768 429/209/769 313/210/770
f 356/207/767 430/208/768 313/210/770
f 327/211/771 356/207/767 313/210/770
f 328/206/766 327/211/771 313/210/770
f 286/204/764 328/206/766 313/210/770
f 303/212/772 424/213/773 423/201/761
f 423/201/761 302/200/760 303/212/772
f 274/214/763 331/215/762 332/216/774
f 332/216/774 275/217/775 274/214/763
f 288/218/776 343/219/777 328/206/766
f 328/206/766 285/205/765 288/218/776
f 313/210/770 429/209/769 431/220/778
f 431/220/778 312/221/779 313/210/770
f 308/222/780 425/223/781 424/213/773
f 424/213/773 303/212/772 308/222/780
f 275/217/775 332/216/774 333/224/782
f 333/224/782 276/225/783 275/217/775
f 289/226/784 342/227/785 343/219/777
f 343/219/777 288/218/776 289/226/784
f 312/221/779 431/220/778 428/228/786
f 428/228/786 311/229/787 312/221/779
f 309/230/788 426/231/789 425/223/781
f 425/223/781 308/222/780 309/230/788
f 276/225/783 333/224/782 334/232/790
f 334/232/790 277/233/791 276/225/783
f 284/234/792 341/235/793 342/227/785
f 342/227/785 289/226/784 284/234/792
f 311/229/787 428/228/786 427/236/794
f 427/236/794 310/237/795 311/229/787
f 310/237/795 427/236/794 426/231/789
f 426/231/789 309/230/788 310/237/795
f 277/233/791 334/232/790 335/238/796
f 335/238/796 278/239/796 277/233/791
f 283/240/797 340/241/798 341/235/793
f 341/235/793 284/234/792 283/240/797
f 278/239/796 335/238/796 336/242/799
f 336/242/799 279/243/800 278/239/796
f 282/244/801 339/245/802 340/241/798
f 340/241/798 283/240/797 282/244/801
f 279/243/800 336/242/799 337/246/803
f 337/246/803 280/247/804 279/243/800
f 281/248/805 338/249/806 339/245/802
f 339/245/802 282/244/801 281/248/805
f 280/247/804 337/246/803 338/249/806
f 338/249/806 281/248/805 280/247/804
# 883 faces

#
# object Cylinder002
#

v  0.272907465696 -0.019530002028 0.063461311162
v  0.273891597986 -0.019530000165 0.055986031890
v  0.273891597986 0.018969999626 0.055986043066
v  0.272907465696 0.018969997764 0.063461318612
v  0.270022124052 -0.019529998302 0.070427156985
v  0.270022124052 0.018969997764 0.070427171886
v  0.265432178974 -0.019530000165 0.076408870518
v  0.265432178974 0.018969995901 0.076408877969
v  0.259450465441 -0.019530007616 0.080998800695
v  0.259450465441 0.018969995901 0.080998808146
v  0.252484619617 -0.019530007616 0.083884149790
v  0.252484619617 0.018969995901 0.083884164691
v  0.245009347796 -0.019530009478 0.084868282080
v  0.245009347796 0.018969994038 0.084868296981
v  0.237534075975 -0.019530007616 0.083884149790
v  0.237534075975 0.018969995901 0.083884164691
v  0.230568230152 -0.019530007616 0.080998800695
v  0.230568230152 0.018969995901 0.080998815596
v  0.224586516619 -0.019530000165 0.076408877969
v  0.224586516619 0.018969995901 0.076408885419
v  0.219996586442 -0.019529998302 0.070427164435
v  0.219996586442 0.018969997764 0.070427179337
v  0.217111229897 -0.019530002028 0.063461318612
v  0.217111229897 0.018969997764 0.063461333513
v  0.216127097607 -0.019530000165 0.055986043066
v  0.216127097607 0.018969999626 0.055986054242
v  0.217111229897 -0.019529998302 0.048510763794
v  0.217111229897 0.018970001489 0.048510774970
v  0.219996571541 -0.019530002028 0.041544914246
v  0.219996571541 0.018970001489 0.041544925421
v  0.224586501718 -0.019530000165 0.035563200712
v  0.224586501718 0.018970003352 0.035563215613
v  0.230568215251 -0.019529992715 0.030973266810
v  0.230568215251 0.018970003352 0.030973279849
v  0.237534061074 -0.019529992715 0.028087915853
v  0.237534061074 0.018970003352 0.028087928891
v  0.245009332895 -0.019529990852 0.027103774250
v  0.245009332895 0.018970005214 0.027103787288
v  0.252484619617 -0.019529992715 0.028087908402
v  0.252484619617 0.018970003352 0.028087921441
v  0.259450465441 -0.019529992715 0.030973253772
v  0.259450465441 0.018970003352 0.030973266810
v  0.265432178974 -0.019530000165 0.035563178360
v  0.265432178974 0.018970003352 0.035563189536
v  0.270022094250 -0.019530002028 0.041544884443
v  0.270022094250 0.018970001489 0.041544899344
v  0.272907465696 -0.019529998302 0.048510730267
v  0.272907465696 0.018970001489 0.048510745168
# 48 vertices

vn 0.965925872326 -0.000000088567 0.258819013834
vn 1.000000000000 0.000000000557 -0.000000205717
vn 1.000000000000 -0.000000000557 -0.000000186580
vn 0.965925812721 -0.000000087077 0.258819073439
vn 0.866025388241 -0.000000168173 0.500000119209
vn 0.866025388241 -0.000000159614 0.500000178814
vn 0.707106828690 -0.000000224345 0.707106828690
vn 0.707106769085 -0.000000217833 0.707106709480
vn 0.500000000000 -0.000000266789 0.866025388241
vn 0.500000059605 -0.000000266789 0.866025328636
vn 0.258818984032 -0.000000297565 0.965925872326
vn 0.258818954229 -0.000000297565 0.965925812721
vn 0.000000110035 -0.000000308062 1.000000000000
vn 0.000000128573 -0.000000308062 1.000000000000
vn -0.258818864822 -0.000000297565 0.965925812721
vn -0.258818864822 -0.000000297565 0.965925931931
vn -0.499999880791 -0.000000266789 0.866025388241
vn -0.499999940395 -0.000000266789 0.866025388241
vn -0.707106530666 -0.000000217833 0.707107007504
vn -0.707106590271 -0.000000224345 0.707106947899
vn -0.866025209427 -0.000000159614 0.500000238419
vn -0.866025209427 -0.000000168173 0.500000298023
vn -0.965925812721 -0.000000087077 0.258819192648
vn -0.965925753117 -0.000000088567 0.258819252253
vn -1.000000000000 -0.000000000557 0.000000363593
vn -1.000000000000 0.000000000556 0.000000409640
vn -0.965925872326 0.000000088567 -0.258818626404
vn -0.965925931931 0.000000087077 -0.258818596601
vn -0.866025626659 0.000000168173 -0.499999612570
vn -0.866025686264 0.000000159614 -0.499999523163
vn -0.707107186317 0.000000224345 -0.707106351852
vn -0.707107186317 0.000000217833 -0.707106411457
vn -0.500000298023 0.000000266789 -0.866025209427
vn -0.258819371462 0.000000297565 -0.965925753117
vn -0.000000507116 0.000000308062 -1.000000000000
vn -0.000000523263 0.000000308062 -1.000000000000
vn 0.258818477392 0.000000297565 -0.965925931931
vn 0.499999493361 0.000000266790 -0.866025745869
vn 0.499999433756 0.000000266789 -0.866025686264
vn 0.707106292248 0.000000217833 -0.707107245922
vn 0.707106232643 0.000000224345 -0.707107245922
vn 0.866025090218 0.000000159614 -0.500000596046
vn 0.866025090218 0.000000168173 -0.500000536442
vn 0.965925753117 0.000000087077 -0.258819490671
vn 0.965925693512 0.000000088567 -0.258819431067
vn 0.000000000000 1.000000000000 0.000000162921
vn 0.000000000000 0.999999940395 0.000000162921
vn -0.000001247215 -1.000000000000 0.000000486263
vn 0.000001892662 -1.000000000000 -0.000000412095
vn -0.000000000000 -1.000000000000 -0.000000182917
vn -0.000001892663 -1.000000000000 -0.000000412094
vn 0.000001247217 -1.000000000000 0.000000486264
vn 0.000003029020 -1.000000000000 0.000002161328
vn 0.000000257239 -1.000000000000 -0.000000110104
vn 0.000000000000 -1.000000000000 -0.000000162921
vn 0.000000000000 -0.999999940395 -0.000000162921
vn -0.000000257239 -1.000000000000 -0.000000110103
vn -0.000003029019 -1.000000000000 0.000002161329
vn -0.000001247217 -1.000000000000 0.000000486264
vn 0.000001892664 -1.000000000000 -0.000000412095
vn -0.000000000001 -1.000000000000 -0.000000182917
vn -0.000001892663 -1.000000000000 -0.000000412093
vn 0.000001247215 -1.000000000000 0.000000486263
vn 0.000003029012 -1.000000000000 0.000002161319
vn 0.000000257238 -1.000000000000 -0.000000110104
vn -0.000003029015 -1.000000000000 0.000002161327
# 66 vertex normals

vt 0.791666626930 1.000000000000 0.000000000000
vt 0.750000000000 1.000000000000 0.000000000000
vt 0.750000000000 0.000000000000 0.000000000000
vt 0.791666626930 0.000000000000 0.000000000000
vt 0.833333313465 1.000000000000 0.000000000000
vt 0.833333313465 0.000000000000 0.000000000000
vt 0.875000000000 1.000000000000 0.000000000000
vt 0.875000000000 0.000000000000 0.000000000000
vt 0.916666686535 1.000000000000 0.000000000000
vt 0.916666686535 0.000000000000 0.000000000000
vt 0.958333313465 1.000000000000 0.000000000000
vt 0.958333313465 0.000000000000 0.000000000000
vt 0.999999940395 1.000000000000 0.000000000000
vt 0.999999940395 0.000000000000 0.000000000000
vt 0.041666656733 1.000000000000 0.000000000000
vt -0.000000059605 1.000000000000 0.000000000000
vt -0.000000059605 0.000000000000 0.000000000000
vt 0.041666656733 0.000000000000 0.000000000000
vt 0.083333313465 1.000000000000 0.000000000000
vt 0.083333313465 0.000000000000 0.000000000000
vt 0.124999970198 1.000000000000 0.000000000000
vt 0.124999970198 0.000000000000 0.000000000000
vt 0.166666626930 1.000000000000 0.000000000000
vt 0.166666626930 0.000000000000 0.000000000000
vt 0.208333283663 1.000000000000 0.000000000000
vt 0.208333283663 0.000000000000 0.000000000000
vt 0.249999940395 1.000000000000 0.000000000000
vt 0.249999940395 0.000000000000 0.000000000000
vt 0.291666626930 1.000000000000 0.000000000000
vt 0.291666626930 0.000000000000 0.000000000000
vt 0.333333253860 1.000000000000 0.000000000000
vt 0.333333253860 0.000000000000 0.000000000000
vt 0.374999910593 1.000000000000 0.000000000000
vt 0.374999910593 0.000000000000 0.000000000000
vt 0.416666597128 1.000000000000 0.000000000000
vt 0.416666597128 0.000000000000 0.000000000000
vt 0.458333253860 1.000000000000 0.000000000000
vt 0.458333253860 0.000000000000 0.000000000000
vt 0.499999910593 1.000000000000 0.000000000000
vt 0.499999910593 0.000000000000 0.000000000000
vt 0.541666567326 1.000000000000 0.000000000000
vt 0.541666567326 0.000000000000 0.000000000000
vt 0.583333253860 1.000000000000 0.000000000000
vt 0.583333253860 0.000000000000 0.000000000000
vt 0.624999880791 1.000000000000 0.000000000000
vt 0.624999880791 0.000000000000 0.000000000000
vt 0.666666567326 1.000000000000 0.000000000000
vt 0.666666567326 0.000000000000 0.000000000000
vt 0.708333253860 1.000000000000 0.000000000000
vt 0.708333253860 0.000000000000 0.000000000000
# 50 texture coords

usemtl 08___Default
s off
f 447/250/807 448/251/808 449/252/809
f 449/252/809 450/253/810 447/250/807
f 451/254/811 447/250/807 450/253/810
f 450/253/810 452/255/812 451/254/811
f 453/256/813 451/254/811 452/255/812
f 452/255/812 454/257/814 453/256/813
f 455/258/815 453/256/813 454/257/814
f 454/257/814 456/259/816 455/258/815
f 457/260/817 455/258/815 456/259/816
f 456/259/816 458/261/818 457/260/817
f 459/262/819 457/260/817 458/261/818
f 458/261/818 460/263/820 459/262/819
f 461/264/821 459/265/819 460/266/820
f 460/266/820 462/267/822 461/264/821
f 463/268/823 461/264/821 462/267/822
f 462/267/822 464/269/824 463/268/823
f 465/270/825 463/268/823 464/269/824
f 464/269/824 466/271/826 465/270/825
f 467/272/827 465/270/825 466/271/826
f 466/271/826 468/273/828 467/272/827
f 469/274/829 467/272/827 468/273/828
f 468/273/828 470/275/830 469/274/829
f 471/276/831 469/274/829 470/275/830
f 470/275/830 472/277/832 471/276/831
f 473/278/833 471/276/831 472/277/832
f 472/277/832 474/279/834 473/278/833
f 475/280/835 473/278/833 474/279/834
f 474/279/834 476/281/836 475/280/835
f 477/282/837 475/280/835 476/281/836
f 476/281/836 478/283/838 477/282/837
f 479/284/839 477/282/837 478/283/838
f 478/283/838 480/285/839 479/284/839
f 481/286/840 479/284/839 480/285/839
f 480/285/839 482/287/840 481/286/840
f 483/288/841 481/286/840 482/287/840
f 482/287/840 484/289/842 483/288/841
f 485/290/843 483/288/841 484/289/842
f 484/289/842 486/291/843 485/290/843
f 487/292/844 485/290/843 486/291/843
f 486/291/843 488/293/845 487/292/844
f 489/294/846 487/292/844 488/293/845
f 488/293/845 490/295/847 489/294/846
f 491/296/848 489/294/846 490/295/847
f 490/295/847 492/297/849 491/296/848
f 493/298/850 491/296/848 492/297/849
f 492/297/849 494/299/851 493/298/850
f 448/251/808 493/298/850 494/299/851
f 494/299/851 449/252/809 448/251/808
f 454/257/852 452/255/852 450/253/853
f 450/253/853 449/252/852 494/299/852
f 494/299/852 492/297/852 490/295/852
f 450/253/853 494/299/852 490/295/852
f 490/295/852 488/293/852 486/291/852
f 486/291/852 484/289/852 482/287/852
f 490/295/852 486/291/852 482/287/852
f 450/253/853 490/295/852 482/287/852
f 482/287/852 480/285/852 478/283/852
f 478/283/852 476/281/852 474/279/852
f 482/287/852 478/283/852 474/279/852
f 474/279/852 472/277/852 470/275/852
f 470/275/852 468/273/852 466/271/852
f 474/279/852 470/275/852 466/271/852
f 482/287/852 474/279/852 466/271/852
f 450/253/853 482/287/852 466/271/852
f 466/271/852 464/269/852 462/267/852
f 462/267/852 460/266/852 458/261/852
f 466/271/852 462/267/852 458/261/852
f 450/253/853 466/271/852 458/261/852
f 454/257/852 450/253/853 458/261/852
f 454/257/852 458/261/852 456/259/852
f 491/296/854 493/298/855 448/251/856
f 448/251/856 447/250/857 451/254/858
f 451/254/858 453/256/859 455/258/860
f 448/251/856 451/254/858 455/258/860
f 455/258/860 457/260/861 459/262/862
f 459/262/862 461/264/861 463/268/863
f 455/258/860 459/262/862 463/268/863
f 448/251/856 455/258/860 463/268/863
f 463/268/863 465/270/864 467/272/865
f 467/272/865 469/274/866 471/276/867
f 463/268/863 467/272/865 471/276/867
f 471/276/867 473/278/868 475/280/869
f 475/280/869 477/282/870 479/284/871
f 471/276/867 475/280/869 479/284/871
f 463/268/863 471/276/867 479/284/871
f 448/251/856 463/268/863 479/284/871
f 479/284/871 481/286/861 483/288/862
f 483/288/862 485/290/861 487/292/863
f 479/284/871 483/288/862 487/292/863
f 448/251/856 479/284/871 487/292/863
f 491/296/854 448/251/856 487/292/863
f 491/296/854 487/292/863 489/294/872
# 92 faces
