o base_link
# 3ds Max Wavefront OBJ Exporter v0.99 - (c)2007 guruware
# File Created: 28.05.2026 15:39:00

mtllib base_link.mtl

#
# object Box001
#

v  -0.066020473838 0.299999654293 -0.007999494672
v  0.065979540348 0.299999654293 -0.007999494672
v  0.065979540348 0.299999654293 -0.076999545097
v  -0.066020473838 0.299999654293 -0.076999545097
v  0.069479539990 0.299499660730 -0.080499544740
v  -0.066020473838 0.299499660730 -0.080499544740
v  -0.066020473838 0.291999667883 -0.084999546409
v  -0.066020473838 0.174497023225 -0.084999553859
v  -0.066020473838 0.174497023225 0.000000484288
v  -0.066020473838 0.291999638081 0.000000506639
v  -0.066020473838 0.299499630928 -0.004499495029
v  0.069479539990 0.299499660730 -0.004499495029
v  0.071979537606 0.297999650240 -0.082999549806
v  -0.066020473838 0.297999650240 -0.082999549806
v  0.073979541659 0.291999638081 0.000000506639
v  0.023979898542 0.249999210238 0.000000499189
v  0.073979534209 0.174497023225 0.000000484288
v  0.073479540646 0.295499652624 -0.000499486923
v  -0.066020473838 0.295499652624 -0.000499486923
v  0.071979537606 0.297999650240 -0.001999497414
v  -0.066020473838 0.297999650240 -0.001999497414
v  -0.066020473838 0.295499652624 -0.084499545395
v  0.073479540646 0.295499652624 -0.084499545395
v  0.073979541659 0.291999667883 -0.084999546409
v  0.073979526758 0.174497038126 -0.084999553859
v  -0.066020473838 0.111502289772 -0.084999561310
v  -0.066020473838 0.111502304673 0.000000484288
v  -0.016020096838 0.289999216795 0.000000506639
v  -0.016020096838 0.289999216795 -0.072999626398
v  0.003979895264 0.284640222788 -0.072999626398
v  0.003979895264 0.284640222788 0.000000506639
v  0.018620915711 0.269999206066 -0.072999626398
v  0.018620915711 0.269999206066 0.000000499189
v  0.023979898542 0.249999210238 -0.072999626398
v  0.018620900810 0.229999184608 -0.072999626398
v  0.018620900810 0.229999184608 0.000000491738
v  0.003979876637 0.215358182788 -0.072999626398
v  0.003979876637 0.215358182788 0.000000491738
v  -0.016020119190 0.209999203682 -0.072999626398
v  -0.016020119190 0.209999203682 0.000000491738
v  -0.036020111293 0.215358197689 -0.072999626398
v  -0.036020111293 0.215358197689 0.000000491738
v  -0.050661131740 0.229999229312 -0.072999626398
v  -0.050661131740 0.229999229312 0.000000491738
v  -0.056020103395 0.249999225140 -0.072999626398
v  -0.056020103395 0.249999225140 0.000000499189
v  -0.050661116838 0.269999206066 -0.072999626398
v  -0.050661116838 0.269999206066 0.000000499189
v  -0.036020096391 0.284640222788 -0.072999626398
v  -0.036020096391 0.284640222788 0.000000506639
v  0.047079533339 0.111502304673 0.000000484288
v  0.047079533339 0.111502289772 -0.084999561310
v  -0.066020473838 0.081999659538 -0.084999568760
v  -0.066020473838 0.081999644637 -0.002999551594
v  -0.066020473838 -0.111502885818 0.000000476837
v  0.047079533339 -0.111502885818 0.000000476837
v  -0.005020465702 0.081999659538 -0.084999576211
v  -0.005020465702 0.081999629736 -0.002999559045
v  -0.066020473838 -0.082000315189 -0.002999544144
v  0.047079533339 -0.111502885818 -0.084999568760
v  -0.066020473838 -0.174497604370 0.000000476837
v  0.073979534209 -0.174497663975 0.000000476837
v  -0.005020465702 -0.082000315189 -0.084999568760
v  -0.005020465702 -0.082000315189 -0.002999544144
v  -0.066020473838 -0.111502885818 -0.084999568760
v  -0.066020473838 -0.082000315189 -0.084999568760
v  0.073979534209 -0.174497723579 -0.084999568760
v  -0.066020473838 -0.174497663975 -0.084999568760
v  -0.016020048410 -0.210000723600 0.000000476837
v  0.073979541659 -0.292000323534 0.000000476837
v  0.073979541659 -0.292000383139 -0.084999576211
v  -0.066020473838 -0.292000383139 -0.084999576211
v  -0.066020473838 -0.292000323534 0.000000476837
v  -0.066020473838 -0.295500308275 -0.000499516726
v  0.073479533195 -0.295500308275 -0.000499516726
v  0.073479540646 -0.295500427485 -0.084499575198
v  -0.066020473838 -0.295500427485 -0.084499575198
v  0.071979537606 -0.298000425100 -0.082999579608
v  -0.066020473838 -0.298000425100 -0.082999579608
v  0.069479554892 -0.299500435591 -0.080499589443
v  -0.066020473838 -0.299500435591 -0.080499589443
v  0.065979540348 -0.300000399351 -0.076999574900
v  -0.066020473838 -0.300000399351 -0.076999574900
v  0.065979540348 -0.300000339746 -0.007999524474
v  -0.066020473838 -0.300000339746 -0.007999524474
v  0.069479525089 -0.299500316381 -0.004499539733
v  -0.066020473838 -0.299500316381 -0.004499539733
v  0.071979537606 -0.298000305891 -0.001999519765
v  -0.066020473838 -0.298000305891 -0.001999519765
v  -0.050661064684 -0.230000764132 -0.072999678552
v  -0.056020051241 -0.250000745058 -0.072999678552
v  -0.050661079586 -0.270000725985 -0.072999678552
v  -0.036020062864 -0.284641772509 -0.072999678552
v  -0.016020070761 -0.290000766516 -0.072999678552
v  0.003979926929 -0.284641772509 -0.072999678552
v  0.018620949239 -0.270000785589 -0.072999678552
v  0.023979946971 -0.250000745058 -0.072999678552
v  0.018620964140 -0.230000764132 -0.072999678552
v  0.003979945555 -0.215359717607 -0.072999678552
v  -0.016020048410 -0.210000723600 -0.072999678552
v  -0.036020047963 -0.215359717607 -0.072999678552
v  0.023979946971 -0.250000745058 0.000000476837
v  0.018620949239 -0.270000725985 0.000000476837
v  0.003979926929 -0.284641772509 0.000000476837
v  -0.016020070761 -0.290000706911 0.000000476837
v  -0.036020062864 -0.284641712904 0.000000476837
v  -0.050661079586 -0.270000725985 0.000000476837
v  -0.056020051241 -0.250000685453 0.000000476837
v  -0.050661064684 -0.230000704527 0.000000469387
v  -0.036020047963 -0.215359717607 0.000000476837
v  0.003979945555 -0.215359717607 0.000000476837
v  0.018620964140 -0.230000704527 0.000000469387
# 112 vertices

vn 0.000000000000 0.997484147549 0.070889189839
vn -0.000000001263 0.996382176876 0.084985397756
vn -0.000000002021 0.996382236481 -0.084985069931
vn 0.000000000000 0.997484147549 -0.070888876915
vn -0.000000001991 0.905261993408 -0.424853771925
vn -0.000000001533 0.942367732525 -0.334578782320
vn -1.000000000000 0.000000000000 0.000000000000
vn -0.000000000958 0.942367553711 0.334579288960
vn -0.000000001649 0.905261695385 0.424854427576
vn 0.141421318054 0.989949464798 0.000000162768
vn 0.424853950739 0.905261993408 0.000000147898
vn 0.424853861332 0.905261874199 0.000000148501
vn 0.141421258450 0.989949464798 0.000000161283
vn -0.000000004125 0.631865084171 -0.775078415871
vn -0.000000001956 0.707106649876 -0.707106888294
vn -0.000000000894 0.067569151521 0.997714519501
vn 0.000000000000 -0.000000162921 1.000000000000
vn 0.000000000000 -0.000000112501 1.000000000000
vn -0.000000003906 0.292550951242 0.956249952316
vn -0.000000000972 0.334579169750 0.942367672920
vn -0.000000000472 0.070887990296 0.997484266758
vn -0.000000005352 0.631866276264 0.775077402592
vn -0.000000001394 0.707107245922 0.707106351852
vn -0.000000001195 0.334578722715 -0.942367792130
vn -0.000000002639 0.292551189661 -0.956249892712
vn -0.000000000706 0.070889145136 -0.997484207153
vn -0.000000000449 0.067570261657 -0.997714579105
vn 0.000000000000 0.000000086556 -1.000000000000
vn 0.000000000000 0.000000088769 -1.000000000000
vn 0.775078296661 0.631865382195 0.000000109011
vn 0.775078117847 0.631865561008 0.000000103326
vn 0.997714519501 0.067569799721 -0.000000007329
vn 1.000000000000 -0.000000031704 -0.000000087654
vn 0.999999940395 -0.000000056984 -0.000000052708
vn 0.997714519501 0.067569725215 0.000000012099
vn -0.000000137494 -1.000000000000 -0.000000009827
vn -0.000000142405 -1.000000000000 -0.000000009827
vn -0.499999940395 -0.866025447845 -0.000000008510
vn -0.500000000000 -0.866025388241 -0.000000008510
vn -0.866025447845 -0.500000000000 -0.000000004913
vn -0.866025388241 -0.500000059605 -0.000000004913
vn -1.000000000000 0.000000196420 0.000000000000
vn -1.000000000000 0.000000157136 -0.000000005634
vn -0.866025149822 0.500000476837 -0.000000014968
vn -0.866025149822 0.500000417233 -0.000000020602
vn -0.499999433756 0.866025686264 -0.000000035684
vn -0.499999433756 0.866025745869 -0.000000035684
vn 0.000000343736 0.999999940395 -0.000000041204
vn 0.000000373199 0.999999940395 -0.000000041204
vn 0.500000238419 0.866025209427 -0.000000035684
vn 0.866025626659 0.499999582767 -0.000000020602
vn 0.866025626659 0.499999493361 -0.000000014968
vn 0.999999940395 -0.000000333914 -0.000000005634
vn 0.999999940395 -0.000000383020 -0.000000000000
vn 0.866025209427 -0.500000238419 -0.000000004913
vn 0.866025269032 -0.500000298023 -0.000000004913
vn 0.499999701977 -0.866025507450 -0.000000008510
vn 0.000000000000 -0.000000103784 1.000000000000
vn 0.000000000000 -0.000000036964 1.000000000000
vn 0.000000000000 -0.000000037839 1.000000000000
vn 0.956250011921 0.292550921440 0.000000049234
vn 0.956249952316 0.292550712824 0.000000051102
vn 0.000000065111 0.000000126900 -1.000000000000
vn -0.000000043556 0.000000169565 -1.000000000000
vn 0.919660985470 -0.392713427544 -0.000000050325
vn 0.919660925865 -0.392713278532 0.000000073710
vn 0.919660866261 -0.392713397741 -0.000000020557
vn 0.919660866261 -0.392713516951 -0.000000144593
vn 0.000000020884 -0.000000017485 1.000000000000
vn 0.000000000000 -0.000000023222 1.000000000000
vn 0.000000006001 -0.000000001963 1.000000000000
vn 0.000000006239 0.000000034149 1.000000000000
vn 0.000000000000 0.000000025505 1.000000000000
vn -0.000000006239 0.000000034150 1.000000000000
vn -0.000000006001 -0.000000001963 1.000000000000
vn -0.000000000000 -0.000000023222 1.000000000000
vn -0.000000020884 -0.000000017485 0.999999940395
vn 0.000000000000 -0.000000005539 1.000000000000
vn 0.000000070453 0.000000216416 -1.000000000000
vn -0.000000122141 0.000000162921 -1.000000000000
vn -0.000000099465 -1.000000000000 -0.000000236913
vn -0.000000244281 -0.999999940395 -0.000000344642
vn -0.000000144816 -1.000000000000 -0.000000270650
vn 0.000000000000 -0.999999940395 -0.000000162921
vn 1.000000000000 0.000000000000 0.000000000000
vn 0.999999940395 0.000000000000 0.000000000000
vn 0.000000000681 -0.000000015646 1.000000000000
vn -0.000000003190 -0.000000006328 1.000000000000
vn 0.000000006328 0.000000023083 -1.000000000000
vn -0.000000019594 0.000000002048 -1.000000000000
vn -0.999999940395 0.000000000000 0.000000000000
vn -0.000000027689 -0.000000029100 -1.000000000000
vn 0.000000000000 -0.000000018801 -1.000000000000
vn -0.000000094452 -0.000000053932 -1.000000000000
vn -0.000000122141 -0.000000064231 -1.000000000000
vn 0.919661045074 0.392713069916 -0.000000054935
vn 0.919661045074 0.392712861300 -0.000000211401
vn 0.919661104679 0.392713010311 -0.000000092486
vn 0.919661045074 0.392713218927 0.000000063981
vn -0.000000003969 0.000000018378 1.000000000000
vn 0.000000000000 0.000000040649 -0.999999940395
vn 0.000000000000 0.000000036651 -1.000000000000
vn 0.000000000000 1.000000000000 0.000000162921
vn 0.997714519501 -0.067570582032 0.000000103830
vn 0.997714638710 -0.067568987608 0.000000036373
vn 1.000000000000 0.000000031704 -0.000000000000
vn -0.000000000000 0.000000044294 -1.000000000000
vn -0.000000000000 0.000000044339 -1.000000000000
vn 0.000000014959 -0.070888511837 0.997484326363
vn 0.000000000000 -0.334578901529 0.942367672920
vn 0.000000000000 -0.292550832033 0.956249952316
vn -0.000000005456 -0.067569620907 0.997714579105
vn 0.956249654293 -0.292551696301 0.000000405693
vn 0.956250250340 -0.292550116777 0.000000321762
vn -0.000000000000 -0.067569293082 -0.997714519501
vn 0.000000000000 -0.070888109505 -0.997484207153
vn 0.000000000000 -0.292550146580 -0.956250190735
vn 0.000000000000 -0.334578216076 -0.942367970943
vn 0.000000000000 -0.631864070892 -0.775079309940
vn 0.000000000000 -0.707104742527 -0.707108795643
vn 0.000000000000 -0.905261218548 -0.424855351448
vn 0.000000000000 -0.942368566990 -0.334576576948
vn 0.000000000000 -0.996382772923 -0.084978699684
vn 0.000000000000 -0.997484624386 -0.070883415639
vn 0.000000000000 -0.996381878853 0.084989733994
vn 0.000000000000 -0.997483909130 0.070892848074
vn 0.000000000000 -0.905261337757 0.424855172634
vn 0.000000000000 -0.942366659641 0.334581941366
vn 0.000000000000 -0.631866097450 0.775077641010
vn 0.000000000000 -0.707107365131 0.707106292248
vn 0.775078415871 -0.631865203381 0.000000902484
vn 0.775079131126 -0.631864190102 0.000000834772
vn 0.424856364727 -0.905260741711 0.000001225731
vn 0.424854934216 -0.905261516571 0.000001235200
vn 0.141412630677 -0.989950776100 0.000001424553
vn 0.141427457333 -0.989948570728 0.000000693869
vn 0.000000006001 -0.000000001963 0.999999940395
vn -0.000000000001 -0.000000023222 1.000000000000
vn -0.000000006239 0.000000034149 1.000000000000
vn -1.000000000000 0.000000697292 -0.000000090143
vn -1.000000000000 0.000000027008 0.000000090143
vn -0.866024971008 0.500000774860 -0.000000236647
vn -0.866025388241 0.500000119209 -0.000000080514
vn -0.499999850988 0.866025447845 -0.000000105183
vn -0.499999582767 0.866025567055 -0.000000195326
vn 0.000000294631 1.000000000000 -0.000000317160
vn 0.000001414226 1.000000000000 -0.000000653580
vn 0.500000655651 0.866025030613 -0.000000566016
vn 0.499999970198 0.866025447845 -0.000000319740
vn 0.866025686264 0.499999523163 -0.000000164816
vn 0.866025447845 0.500000059605 -0.000000008683
vn 1.000000000000 -0.000000304452 0.000000090143
vn 1.000000000000 -0.000000815144 0.000000000001
vn 0.866025686264 -0.499999672174 0.000000326790
vn 0.866025030613 -0.500000476837 0.000000080514
vn 0.500000476837 -0.866025149822 0.000000105183
vn 0.499999821186 -0.866025507450 -0.000000141093
vn -0.000000049105 -1.000000000000 -0.000000162921
vn -0.500000596046 -0.866025030613 -0.000000141093
vn -0.499999910593 -0.866025447845 0.000000105183
vn -0.866025507450 -0.499999761581 0.000000080514
vn -0.866025209427 -0.500000357628 0.000000236647
vn 0.000000000000 -0.000000162921 0.999999940395
vn -0.000000078900 0.000000050011 1.000000000000
vn -0.000000076185 0.000000008993 1.000000000000
vn 0.000000045573 -0.000000058655 0.999999940395
vn 0.000000281242 0.000000049145 1.000000000000
vn -0.000000071058 -0.000000032756 1.000000000000
vn 0.000000053560 0.000000021270 1.000000000000
vn 0.000000178989 0.000000050784 1.000000000000
vn -0.000000028057 -0.000000048535 0.999999940395
vn 0.000000011756 -0.000000051088 1.000000000000
vn -0.000000029872 0.000000100580 0.999999940395
# 173 vertex normals

vt 1.000000000000 0.905882418156 0.000000000000
vt 0.057142913342 0.905882418156 0.000000000000
vt 0.057142850012 0.094117589295 0.000000000000
vt 1.000000000000 0.094117589295 0.000000000000
vt 0.028571425006 0.047058794647 0.000000000000
vt 1.000000000000 0.047058794647 0.000000000000
vt 1.000000000000 0.015935922042 0.000000000000
vt 1.000000000000 0.250000000000 0.000000000000
vt 0.000000000000 0.250000000000 0.000000000000
vt 0.000000000000 0.015935923904 0.000000000000
vt 1.000000000000 0.952941179276 0.000000000000
vt 0.028571456671 0.952941179276 0.000000000000
vt 0.000000000000 0.000000000000 0.000000000000
vt 1.000000000000 0.000000000000 0.000000000000
vt 0.357140243053 0.099600389600 0.000000000000
vt 0.000000000000 0.007967961952 0.000000000000
vt 1.000000000000 0.007967961952 0.000000000000
vt 1.000000000000 0.015935923904 0.000000000000
vt 1.000000000000 1.000000000000 0.000000000000
vt 0.000000000000 1.000000000000 0.000000000000
vt 0.000000000000 0.007967961021 0.000000000000
vt 0.000000000000 0.015935922042 0.000000000000
vt 1.000000000000 0.500000000000 0.000000000000
vt 0.000000000000 0.500000000000 0.000000000000
vt 1.000000000000 0.764017939568 0.000000000000
vt 0.916666686535 0.000000000000 0.000000000000
vt 0.916666746140 0.764017939568 0.000000000000
vt 0.833333313465 0.000000000000 0.000000000000
vt 0.833333373070 0.764017879963 0.000000000000
vt 0.750000000000 0.000000000000 0.000000000000
vt 0.750000000000 0.764017820358 0.000000000000
vt 0.666666507721 0.000000000000 0.000000000000
vt 0.666666507721 0.764017820358 0.000000000000
vt 0.583333253860 0.000000000000 0.000000000000
vt 0.583333253860 0.764017760754 0.000000000000
vt 0.499999910593 0.000000000000 0.000000000000
vt 0.499999910593 0.764017760754 0.000000000000
vt 0.416666656733 0.000000000000 0.000000000000
vt 0.416666626930 0.764017760754 0.000000000000
vt 0.333333253860 0.000000000000 0.000000000000
vt 0.333333253860 0.764017820358 0.000000000000
vt 0.249999940395 0.000000000000 0.000000000000
vt 0.249999940395 0.764017820358 0.000000000000
vt 0.166666626930 0.000000000000 0.000000000000
vt 0.166666626930 0.764017879963 0.000000000000
vt 0.083333313465 0.000000000000 0.000000000000
vt 0.083333313465 0.764017939568 0.000000000000
vt 0.000000000000 0.764017939568 0.000000000000
vt 1.000000000000 0.625000000000 0.000000000000
vt 0.500000000000 0.625000000000 0.000000000000
vt 0.832412540913 0.000000000000 0.000000000000
vt 0.595161855221 0.000000000000 0.000000000000
vt 0.332412302494 0.000000000000 0.000000000000
vt 0.114567875862 0.000000000000 0.000000000000
vt 0.000000204891 0.000000000000 0.000000000000
vt 0.019407019019 0.000000000000 0.000000000000
vt 0.167588442564 0.000000000000 0.000000000000
vt 0.980593562126 0.000000000000 0.000000000000
vt 1.000000000000 0.750000000000 0.000000000000
vt 0.000000000000 0.750000000000 0.000000000000
vt 0.000000000000 0.625000000000 0.000000000000
vt 0.500000000000 0.687500000000 0.000000000000
vt 1.000000000000 0.875000000000 0.000000000000
vt 0.000000000000 0.875000000000 0.000000000000
vt 0.952941179276 0.000000000000 0.000000000000
vt 0.905882418156 0.000000000000 0.000000000000
vt 1.000000000000 0.687500000000 0.000000000000
vt 0.642854154110 0.910360932350 0.000000000000
vt 0.000000000000 0.687500000000 0.000000000000
vt 1.000000000000 0.992032051086 0.000000000000
vt 0.000000000000 0.992032051086 0.000000000000
vt 1.000000000000 0.996016025543 0.000000000000
vt 0.000000000000 0.996016025543 0.000000000000
vt 0.971428513527 0.047058932483 0.000000000000
vt 0.000000000000 0.047058794647 0.000000000000
vt 0.942857086658 0.094117864966 0.000000000000
vt 0.000000000000 0.094117589295 0.000000000000
vt 0.942857146263 0.905882358551 0.000000000000
vt 0.000000000000 0.905882418156 0.000000000000
vt 0.971428573132 0.952941179276 0.000000000000
vt 0.000000000000 0.952941179276 0.000000000000
vt 0.750000000000 0.764018118382 0.000000000000
vt 0.666666507721 0.764018177986 0.000000000000
vt 0.583333253860 0.764018118382 0.000000000000
vt 0.499999910593 0.764018118382 0.000000000000
vt 0.416666656733 0.764018118382 0.000000000000
vt 0.333333253860 0.764018177986 0.000000000000
vt 0.249999940395 0.764018118382 0.000000000000
vt 0.166666626930 0.764018118382 0.000000000000
vt 0.083333313465 0.764018118382 0.000000000000
vt 0.000000000000 0.764018118382 0.000000000000
vt 1.000000000000 0.764018118382 0.000000000000
vt 0.916666686535 0.764018118382 0.000000000000
vt 0.833333313465 0.764018118382 0.000000000000
vt 0.499997407198 0.030595820397 0.000000000000
vt 0.395418703556 0.059760585427 0.000000000000
vt 0.047058794647 0.000000000000 0.000000000000
vt 0.094117589295 0.000000000000 0.000000000000
vt 1.000000000000 0.007967961021 0.000000000000
vt 0.928568780422 0.099600359797 0.000000000000
vt 0.890290260315 0.059760563076 0.000000000000
vt 0.642854630947 0.179279997945 0.000000000000
vt 0.785711765289 0.168604955077 0.000000000000
vt 0.395418822765 0.139440253377 0.000000000000
vt 0.499997526407 0.168604984879 0.000000000000
vt 0.890290379524 0.139440163970 0.000000000000
vt 0.785711646080 0.030595811084 0.000000000000
vt 0.642854452133 0.019920775667 0.000000000000
vt 0.395418345928 0.930280745029 0.000000000000
vt 0.357139885426 0.950200676918 0.000000000000
vt 0.499997019768 0.915698409081 0.000000000000
vt 0.890289902687 0.930280864239 0.000000000000
vt 0.785711288452 0.915698409081 0.000000000000
vt 0.928568422794 0.950200676918 0.000000000000
vt 0.952941179276 1.000000000000 0.000000000000
vt 0.905882418156 1.000000000000 0.000000000000
vt 0.094117589295 1.000000000000 0.000000000000
vt 0.047058794647 1.000000000000 0.000000000000
vt 0.890290021896 0.970120549202 0.000000000000
vt 0.785711407661 0.984703004360 0.000000000000
vt 0.642854332924 0.990040421486 0.000000000000
vt 0.499997168779 0.984702944756 0.000000000000
vt 0.395418465137 0.970120608807 0.000000000000
# 123 texture coords

usemtl 03___Default
s off
f 1/1/1 2/2/2 3/3/3
f 3/3/3 4/4/4 1/1/1
f 3/3/3 5/5/5 6/6/6
f 6/6/6 4/4/4 3/3/3
f 7/7/7 8/8/7 9/9/7
f 9/9/7 10/10/7 7/7/7
f 2/2/2 1/1/1 11/11/8
f 11/11/8 12/12/9 2/2/2
f 2/2/10 12/12/11 5/5/12
f 5/5/12 3/3/13 2/2/10
f 5/5/5 13/13/14 14/14/15
f 14/14/15 6/6/6 5/5/5
f 15/10/16 16/15/17 17/9/18
f 15/10/16 18/16/19 19/17/20
f 19/17/20 10/18/21 15/10/16
f 19/17/20 18/16/19 20/13/22
f 20/13/22 21/14/23 19/17/20
f 12/12/9 11/11/8 21/19/23
f 21/19/23 20/20/22 12/12/9
f 22/21/24 14/13/15 13/14/14
f 13/14/14 23/17/25 22/21/24
f 7/22/26 22/21/24 23/17/25
f 23/17/25 24/18/27 7/22/26
f 24/18/27 25/8/28 8/9/29
f 8/9/29 7/22/26 24/18/27
f 26/23/7 27/24/7 9/9/7
f 9/9/7 8/8/7 26/23/7
f 12/12/11 20/20/30 13/13/31
f 13/13/31 5/5/12 12/12/11
f 15/18/32 17/8/33 25/9/34
f 25/9/34 24/10/35 15/18/32
f 28/25/36 29/14/37 30/26/38
f 30/26/38 31/27/39 28/25/36
f 31/27/39 30/26/38 32/28/40
f 32/28/40 33/29/41 31/27/39
f 33/29/41 32/28/40 34/30/42
f 34/30/42 16/31/43 33/29/41
f 16/31/43 34/30/42 35/32/44
f 35/32/44 36/33/45 16/31/43
f 36/33/45 35/32/44 37/34/46
f 37/34/46 38/35/47 36/33/45
f 38/35/47 37/34/46 39/36/48
f 39/36/48 40/37/49 38/35/47
f 40/37/49 39/36/48 41/38/50
f 41/38/50 42/39/50 40/37/49
f 42/39/50 41/38/50 43/40/51
f 43/40/51 44/41/52 42/39/50
f 44/41/52 43/40/51 45/42/53
f 45/42/53 46/43/54 44/41/52
f 46/43/54 45/42/53 47/44/55
f 47/44/55 48/45/56 46/43/54
f 48/45/56 47/44/55 49/46/57
f 49/46/57 50/47/57 48/45/56
f 50/47/57 49/46/57 29/13/37
f 29/13/37 28/48/36 50/47/57
f 9/8/58 27/23/59 51/24/60
f 51/24/60 17/9/18 9/8/58
f 24/10/35 23/16/61 18/17/62
f 18/17/62 15/18/32 24/10/35
f 23/16/61 13/13/31 20/14/30
f 20/14/30 18/17/62 23/16/61
f 52/23/63 26/24/64 8/9/29
f 8/9/29 25/8/28 52/23/63
f 26/23/7 53/49/7 54/50/7
f 54/50/7 27/24/7 26/23/7
f 51/23/65 52/24/66 25/9/67
f 25/9/67 17/8/68 51/23/65
f 47/51/69 45/52/70 43/53/71
f 43/53/71 41/54/72 39/55/73
f 39/55/73 37/56/74 35/57/75
f 43/53/71 39/55/73 35/57/75
f 35/57/75 34/30/76 32/28/77
f 32/28/77 30/26/72 29/14/78
f 35/57/75 32/28/77 29/14/78
f 43/53/71 35/57/75 29/14/78
f 47/51/69 43/53/71 29/14/78
f 47/51/69 29/14/78 49/58/74
f 55/59/59 56/60/60 51/24/60
f 51/24/60 27/23/59 55/59/59
f 57/50/79 53/61/80 26/24/64
f 26/24/64 52/23/63 57/50/79
f 57/50/81 58/50/82 54/16/83
f 54/16/83 53/49/84 57/50/81
f 59/62/7 55/60/7 27/24/7
f 27/24/7 54/50/7 59/62/7
f 60/60/85 52/24/86 51/23/85
f 51/23/85 56/59/85 60/60/85
f 61/63/87 62/64/88 56/60/60
f 56/60/60 55/59/59 61/63/87
f 60/59/89 63/62/90 57/50/79
f 57/50/79 52/23/63 60/59/89
f 63/62/91 64/62/7 58/50/7
f 58/50/7 57/50/91 63/62/91
f 64/65/92 59/17/93 54/16/94
f 54/16/94 58/66/95 64/65/92
f 65/59/7 55/60/7 59/62/7
f 59/62/7 66/67/7 65/59/7
f 62/63/96 67/64/97 60/60/98
f 60/60/98 56/59/99 62/63/96
f 68/63/7 61/64/91 55/60/7
f 55/60/7 65/59/7 68/63/7
f 61/63/87 69/68/100 62/64/88
f 65/60/101 66/69/102 63/62/90
f 63/62/90 60/59/89 65/60/101
f 64/65/103 63/62/103 66/69/103
f 66/69/103 59/62/103 64/65/103
f 70/70/104 71/71/105 67/64/106
f 67/64/106 62/63/106 70/70/104
f 60/59/89 67/63/107 68/64/108
f 68/64/108 65/60/101 60/59/89
f 72/70/7 73/71/7 61/64/91
f 61/64/91 68/63/7 72/70/7
f 73/70/109 74/72/110 75/73/111
f 75/73/111 70/71/112 73/70/109
f 70/70/104 75/72/113 76/73/114
f 76/73/114 71/71/105 70/70/104
f 71/70/115 72/71/116 68/64/108
f 68/64/108 67/63/107 71/70/115
f 71/70/115 76/72/117 77/73/118
f 77/73/118 72/71/116 71/70/115
f 77/73/118 76/72/117 78/19/119
f 78/19/119 79/20/120 77/73/118
f 80/74/121 81/75/122 79/13/120
f 79/13/120 78/14/119 80/74/121
f 82/76/123 83/77/124 81/75/122
f 81/75/122 80/74/121 82/76/123
f 82/76/123 84/78/125 85/79/126
f 85/79/126 83/77/124 82/76/123
f 84/78/125 86/80/127 87/81/128
f 87/81/128 85/79/126 84/78/125
f 86/80/127 88/19/129 89/20/130
f 89/20/130 87/81/128 86/80/127
f 74/72/110 89/19/130 88/20/129
f 88/20/129 75/73/111 74/72/110
f 75/72/113 88/19/131 78/20/132
f 78/20/132 76/73/114 75/72/113
f 80/74/133 78/14/132 88/19/131
f 88/19/131 86/80/134 80/74/133
f 82/76/135 80/74/133 86/80/134
f 86/80/134 84/78/136 82/76/135
f 90/51/69 91/52/70 92/53/137
f 92/53/137 93/54/72 94/55/73
f 94/55/73 95/56/74 96/57/75
f 92/53/137 94/55/73 96/57/75
f 96/57/75 97/30/138 98/28/77
f 98/28/77 99/26/72 100/14/78
f 96/57/75 98/28/77 100/14/78
f 92/53/137 96/57/75 100/14/78
f 90/51/69 92/53/137 100/14/78
f 90/51/69 100/14/78 101/58/139
f 102/82/140 97/30/141 96/32/142
f 96/32/142 103/83/143 102/82/140
f 103/83/143 96/32/142 95/34/144
f 95/34/144 104/84/145 103/83/143
f 104/84/145 95/34/144 94/36/146
f 94/36/146 105/85/147 104/84/145
f 105/85/147 94/36/146 93/38/148
f 93/38/148 106/86/149 105/85/147
f 106/86/149 93/38/148 92/40/150
f 92/40/150 107/87/151 106/86/149
f 107/87/151 92/40/150 91/42/152
f 91/42/152 108/88/153 107/87/151
f 108/88/153 91/42/152 90/44/154
f 90/44/154 109/89/155 108/88/153
f 109/89/155 90/44/154 101/46/156
f 101/46/156 110/90/157 109/89/155
f 110/90/157 101/46/156 100/13/158
f 100/13/158 69/91/158 110/90/157
f 69/92/158 100/14/158 99/26/159
f 99/26/159 111/93/160 69/92/158
f 111/93/160 99/26/159 98/28/161
f 98/28/161 112/94/162 111/93/160
f 112/94/162 98/28/161 97/30/141
f 97/30/141 102/82/140 112/94/162
f 15/10/16 31/95/17 33/96/17
f 11/97/7 1/98/7 4/66/7
f 4/66/7 6/65/7 14/14/7
f 14/14/7 22/99/7 7/7/7
f 4/66/7 14/14/7 7/7/7
f 11/97/7 4/66/7 7/7/7
f 7/7/7 10/10/7 19/16/7
f 11/97/7 7/7/7 19/16/7
f 11/97/7 19/16/7 21/13/7
f 10/18/21 46/100/163 48/101/17
f 9/8/58 40/102/163 42/103/17
f 17/9/18 36/104/17 38/105/17
f 9/8/58 17/9/18 40/102/163
f 15/10/16 33/96/17 16/15/17
f 9/8/58 42/103/17 44/106/17
f 10/18/21 9/8/58 46/100/163
f 10/18/21 48/101/17 50/107/17
f 15/10/16 28/108/163 31/95/17
f 10/18/21 50/107/17 28/108/163
f 15/10/16 10/18/21 28/108/163
f 112/109/164 102/110/165 62/64/88
f 111/111/166 112/109/164 62/64/88
f 61/63/87 109/112/167 110/113/168
f 61/63/87 108/114/169 109/112/167
f 61/63/87 73/70/109 108/114/169
f 69/68/100 111/111/166 62/64/88
f 61/63/87 110/113/168 69/68/100
f 17/9/18 38/105/17 40/102/163
f 16/15/17 36/104/17 17/9/18
f 9/8/58 44/106/17 46/100/163
f 81/115/7 83/116/7 85/117/7
f 85/117/7 87/118/7 89/20/7
f 89/20/7 74/73/91 73/71/7
f 85/117/7 89/20/7 73/71/7
f 81/115/7 85/117/7 73/71/7
f 73/71/7 72/70/7 77/72/91
f 81/115/7 73/71/7 77/72/91
f 81/115/7 77/72/91 79/19/7
f 107/119/170 108/114/169 73/70/109
f 106/120/171 107/119/170 73/70/109
f 105/121/17 106/120/171 73/70/109
f 105/121/17 73/70/109 70/71/112
f 104/122/172 105/121/17 70/71/112
f 103/123/173 104/122/172 70/71/112
f 102/110/165 70/71/112 62/64/88
f 102/110/165 103/123/173 70/71/112
# 220 faces

#
# object Cylinder002
#

v  0.013979537413 -0.250000000000 -0.072999671102
v  0.012957312167 -0.242235422134 -0.072999663651
v  0.012957312167 -0.242235422134 0.018500000238
v  0.013979537413 -0.250000000000 0.018500000238
v  0.009960299358 -0.234999999404 -0.072999671102
v  0.009960299358 -0.234999999404 0.018500000238
v  0.005192739889 -0.228786796331 -0.072999663651
v  0.005192739889 -0.228786796331 0.018500000238
v  -0.001020463184 -0.224019229412 -0.072999663651
v  -0.001020463184 -0.224019229412 0.018500000238
v  -0.008255889639 -0.221022218466 -0.072999663651
v  -0.008255889639 -0.221022218466 0.018500000238
v  -0.016020460054 -0.219999998808 -0.072999663651
v  -0.016020460054 -0.219999998808 0.018500000238
v  -0.023785028607 -0.221022218466 -0.072999663651
v  -0.023785028607 -0.221022218466 0.018500000238
v  -0.031020456925 -0.224019229412 -0.072999663651
v  -0.031020456925 -0.224019229412 0.018500000238
v  -0.037233658135 -0.228786796331 -0.072999663651
v  -0.037233658135 -0.228786796331 0.018500000238
v  -0.042001217604 -0.234999984503 -0.072999671102
v  -0.042001217604 -0.234999999404 0.018500000238
v  -0.044998236001 -0.242235422134 -0.072999663651
v  -0.044998236001 -0.242235422134 0.018500000238
v  -0.046020463109 -0.249999985099 -0.072999671102
v  -0.046020463109 -0.249999985099 0.018500000238
v  -0.044998239726 -0.257764577866 -0.072999671102
v  -0.044998239726 -0.257764548063 0.018500000238
v  -0.042001232505 -0.264999985695 -0.072999663651
v  -0.042001232505 -0.264999985695 0.018500000238
v  -0.037233676761 -0.271213173866 -0.072999671102
v  -0.037233676761 -0.271213203669 0.018500000238
v  -0.031020469964 -0.275980770588 -0.072999671102
v  -0.031020469964 -0.275980770588 0.018500000238
v  -0.023785045370 -0.278977751732 -0.072999671102
v  -0.023785045370 -0.278977781534 0.018500000238
v  -0.016020474955 -0.279999971390 -0.072999671102
v  -0.016020474955 -0.280000001192 0.018500000238
v  -0.008255906403 -0.278977751732 -0.072999671102
v  -0.008255906403 -0.278977781534 0.018500000238
v  -0.001020477153 -0.275980770588 -0.072999671102
v  -0.001020477153 -0.275980770588 0.018500000238
v  0.005192728713 -0.271213233471 -0.072999671102
v  0.005192728713 -0.271213203669 0.018500000238
v  0.009960290045 -0.264999985695 -0.072999663651
v  0.009960290045 -0.265000015497 0.018500000238
v  0.012957306579 -0.257764577866 -0.072999671102
v  0.012957306579 -0.257764577866 0.018500000238
v  0.012139957398 -0.242454439402 0.019499972463
v  0.013133348897 -0.250000000000 0.019499972463
v  0.009227478877 -0.235423088074 0.019499972463
v  0.004594394937 -0.229385137558 0.019499972463
v  -0.001443557441 -0.224752053618 0.019499972463
v  -0.008474899456 -0.221839576960 0.019499972463
v  -0.016020460054 -0.220846191049 0.019499972463
v  -0.023675523698 -0.221430897713 0.018999986351
v  -0.023566018790 -0.221839576960 0.019499972463
v  -0.030808910728 -0.224385648966 0.018999986351
v  -0.036934487522 -0.229085966945 0.018999986351
v  -0.044180877507 -0.242454424500 0.019499972463
v  -0.041268400848 -0.235423088074 0.019499972463
v  -0.045174270868 -0.249999985099 0.019499972463
v  -0.044180884957 -0.257545560598 0.019499972463
v  -0.041268408298 -0.264576882124 0.019499972463
v  -0.036635331810 -0.270614862442 0.019499972463
v  -0.030597377568 -0.275247931480 0.019499972463
v  -0.023566033691 -0.278160423040 0.019499972463
v  -0.016020474955 -0.279153823853 0.019499972463
v  -0.008474915288 -0.278160423040 0.019499972463
v  -0.001443571411 -0.275247961283 0.019499972463
v  0.004594383761 -0.270614862442 0.019499972463
v  0.009227469563 -0.264576911926 0.019499972463
v  0.012139951810 -0.257545590401 0.019499972463
v  0.003337433562 -0.244813069701 0.019499972463
v  0.004020307213 -0.250000000000 0.019499972463
v  0.001335352659 -0.239979609847 0.019499972463
v  -0.001849498600 -0.235829040408 0.019499972463
v  -0.006000078283 -0.232644185424 0.019499972463
v  -0.010833529755 -0.230642110109 0.019499972463
v  -0.016020461917 -0.229959234595 0.019499972463
v  -0.021207394078 -0.230642095208 0.019499972463
v  -0.036635316908 -0.229385137558 0.019499972463
v  -0.033376276493 -0.239979609847 0.019499972463
v  -0.030191425234 -0.235829025507 0.019499972463
v  -0.035378359258 -0.244813054800 0.019499972463
v  -0.036061234772 -0.249999985099 0.019499972463
v  -0.035378366709 -0.255186915398 0.019499972463
v  -0.033376283944 -0.260020375252 0.019499972463
v  -0.030191434547 -0.264170944691 0.019499972463
v  -0.026040855795 -0.267355799675 0.019499972463
v  -0.021207403392 -0.269357889891 0.019499972463
v  -0.016020473093 -0.270040780306 0.019499972463
v  -0.010833540931 -0.269357889891 0.019499972463
v  -0.006000087596 -0.267355829477 0.019499972463
v  -0.001849506050 -0.264170974493 0.019499972463
v  0.001335347071 -0.260020405054 0.019499972463
v  0.003337429836 -0.255186945200 0.019499972463
v  0.003337433562 -0.244813069701 0.014299988747
v  0.004020307213 -0.250000000000 0.014299988747
v  0.001335352659 -0.239979609847 0.014299988747
v  -0.001849498600 -0.235829040408 0.014299988747
v  -0.006000078283 -0.232644185424 0.014299988747
v  -0.010833529755 -0.230642110109 0.014299988747
v  -0.016020461917 -0.229959234595 0.014299988747
v  -0.021207394078 -0.230642095208 0.014299988747
v  -0.026040844619 -0.232644185424 0.019499972463
v  -0.026040844619 -0.232644185424 0.014299988747
v  -0.030191425234 -0.235829025507 0.014299988747
v  -0.033376276493 -0.239979609847 0.014299988747
v  -0.035378359258 -0.244813054800 0.014299988747
v  -0.036061234772 -0.249999985099 0.014299988747
v  -0.035378366709 -0.255186915398 0.014299988747
v  -0.033376283944 -0.260020375252 0.014299988747
v  -0.030191434547 -0.264170944691 0.014299988747
v  -0.026040855795 -0.267355799675 0.014299988747
v  -0.021207403392 -0.269357889891 0.014299988747
v  -0.016020473093 -0.270040780306 0.014299988747
v  -0.010833540931 -0.269357889891 0.014299988747
v  -0.006000087596 -0.267355829477 0.014299988747
v  -0.001849506050 -0.264170974493 0.014299988747
v  0.001335347071 -0.260020405054 0.014299988747
v  0.003337429836 -0.255186945200 0.014299988747
v  0.000884151086 -0.245470419526 0.014299996197
v  0.001480482519 -0.250000000000 0.014299996197
v  -0.000864200294 -0.241249531507 0.014299996197
v  -0.003645426594 -0.237624958158 0.014299996197
v  -0.007269991562 -0.234843730927 0.014299996197
v  -0.011490885168 -0.233095377684 0.014299996197
v  -0.016020461917 -0.232499048114 0.014299996197
v  -0.020550038666 -0.233095377684 0.014299996197
v  -0.024770934135 -0.234843730927 0.014299996197
v  -0.028395498171 -0.237624958158 0.014299996197
v  -0.031176727265 -0.241249516606 0.014299996197
v  -0.032925076783 -0.245470419526 0.014299996197
v  -0.033521410078 -0.250000000000 0.014299996197
v  -0.032925084233 -0.254529565573 0.014299996197
v  -0.031176732853 -0.258750468493 0.014299996197
v  -0.028395507485 -0.262375026941 0.014299996197
v  -0.024770941585 -0.265156269073 0.014299996197
v  -0.020550047979 -0.266904622316 0.014299996197
v  -0.016020471230 -0.267500936985 0.014299996197
v  -0.011490894482 -0.266904622316 0.014299996197
v  -0.007269999944 -0.265156269073 0.014299996197
v  -0.003645433113 -0.262375056744 0.014299996197
v  -0.000864205882 -0.258750468493 0.014299996197
v  0.000884149224 -0.254529595375 0.014299996197
v  0.000884151086 -0.245470419526 0.021499991417
v  0.001480482519 -0.250000000000 0.021499991417
v  -0.000864200294 -0.241249531507 0.021499991417
v  -0.003645426594 -0.237624958158 0.021499991417
v  -0.007269991562 -0.234843730927 0.021499991417
v  -0.011490885168 -0.233095377684 0.021499991417
v  -0.016020461917 -0.232499048114 0.021499991417
v  -0.020550038666 -0.233095377684 0.021499991417
v  -0.024770934135 -0.234843730927 0.021499991417
v  -0.028395498171 -0.237624958158 0.021499991417
v  -0.031176727265 -0.241249516606 0.021499991417
v  -0.032925076783 -0.245470419526 0.021499991417
v  -0.033521410078 -0.250000000000 0.021499991417
v  -0.032925084233 -0.254529565573 0.021499991417
v  -0.031176732853 -0.258750468493 0.021499991417
v  -0.028395507485 -0.262375026941 0.021499991417
v  -0.024770941585 -0.265156269073 0.021499991417
v  -0.020550047979 -0.266904622316 0.021499991417
v  -0.016020471230 -0.267500936985 0.021499991417
v  -0.011490894482 -0.266904622316 0.021499991417
v  -0.007269999944 -0.265156269073 0.021499991417
v  -0.003645433113 -0.262375056744 0.021499991417
v  -0.000864205882 -0.258750468493 0.021499991417
v  0.000884149224 -0.254529595375 0.021499991417
v  -0.016020465642 -0.250000000000 0.021500006318
v  -0.023566018790 -0.221839576960 0.023500487208
v  -0.021207394078 -0.230642095208 0.023500487208
v  -0.030191425234 -0.235829025507 0.023500487208
v  -0.036635316908 -0.229385137558 0.023500487208
v  -0.026040844619 -0.232644185424 0.023500487208
v  -0.023675523698 -0.221430897713 0.023499198258
v  -0.036934487522 -0.229085966945 0.023499198258
v  -0.030808910728 -0.224385648966 0.023499198258
v  -0.030603200197 -0.224741950631 0.023499257863
v  0.013979537413 0.250000000000 -0.072999663651
v  0.012957312167 0.257764577866 -0.072999671102
v  0.012957312167 0.257764577866 0.018500000238
v  0.013979537413 0.250000000000 0.018500000238
v  0.009960299358 0.264999985695 -0.072999671102
v  0.009960299358 0.264999985695 0.018500000238
v  0.005192739889 0.271213173866 -0.072999663651
v  0.005192739889 0.271213173866 0.018500000238
v  -0.001020463184 0.275980770588 -0.072999671102
v  -0.001020463184 0.275980770588 0.018500000238
v  -0.008255889639 0.278977751732 -0.072999663651
v  -0.008255889639 0.278977751732 0.018500000238
v  -0.016020460054 0.279999971390 -0.072999663651
v  -0.016020460054 0.279999971390 0.018500000238
v  -0.023785028607 0.278977751732 -0.072999663651
v  -0.023785028607 0.278977751732 0.018500000238
v  -0.031020456925 0.275980770588 -0.072999671102
v  -0.031020456925 0.275980770588 0.018500000238
v  -0.037233658135 0.271213233471 -0.072999663651
v  -0.037233658135 0.271213233471 0.018500000238
v  -0.042001217604 0.264999985695 -0.072999671102
v  -0.042001217604 0.264999985695 0.018500000238
v  -0.044998236001 0.257764577866 -0.072999671102
v  -0.044998236001 0.257764577866 0.018500000238
v  -0.046020463109 0.250000000000 -0.072999663651
v  -0.046020463109 0.250000000000 0.018500000238
v  -0.044998239726 0.242235451937 -0.072999671102
v  -0.044998239726 0.242235451937 0.018500000238
v  -0.042001232505 0.235000014305 -0.072999671102
v  -0.042001232505 0.235000014305 0.018500000238
v  -0.037233676761 0.228786796331 -0.072999671102
v  -0.037233676761 0.228786796331 0.018500000238
v  -0.031020469964 0.224019229412 -0.072999671102
v  -0.031020469964 0.224019229412 0.018500000238
v  -0.023785045370 0.221022218466 -0.072999671102
v  -0.023785045370 0.221022218466 0.018500000238
v  -0.016020474955 0.219999998808 -0.072999671102
v  -0.016020474955 0.219999998808 0.018500000238
v  -0.008255906403 0.221022218466 -0.072999671102
v  -0.008255906403 0.221022218466 0.018500000238
v  -0.001020477153 0.224019229412 -0.072999671102
v  -0.001020477153 0.224019229412 0.018500000238
v  0.005192728713 0.228786796331 -0.072999671102
v  0.005192728713 0.228786796331 0.018500000238
v  0.009960290045 0.234999984503 -0.072999671102
v  0.009960290045 0.234999984503 0.018500000238
v  0.012957306579 0.242235422134 -0.072999671102
v  0.012957306579 0.242235422134 0.018500000238
v  0.012139957398 0.257545590401 0.019499972463
v  0.013133348897 0.250000000000 0.019499972463
v  0.009227478877 0.264576911926 0.019499972463
v  0.004594394937 0.270614862442 0.019499972463
v  -0.001443557441 0.275247931480 0.019499972463
v  -0.008474899456 0.278160393238 0.019499972463
v  -0.016020460054 0.279153823853 0.019499972463
v  -0.023675523698 0.278569102287 0.018999986351
v  -0.023566018790 0.278160393238 0.019499972463
v  -0.030808910728 0.275614380836 0.018999986351
v  -0.036934487522 0.270914018154 0.018999986351
v  -0.044180877507 0.257545590401 0.019499972463
v  -0.041268400848 0.264576911926 0.019499972463
v  -0.045174270868 0.250000000000 0.019499972463
v  -0.044180884957 0.242454439402 0.019499972463
v  -0.041268408298 0.235423117876 0.019499972463
v  -0.036635331810 0.229385137558 0.019499972463
v  -0.030597377568 0.224752068520 0.019499972463
v  -0.023566033691 0.221839576960 0.019499972463
v  -0.016020474955 0.220846176147 0.019499972463
v  -0.008474915288 0.221839576960 0.019499972463
v  -0.001443571411 0.224752038717 0.019499972463
v  0.004594383761 0.229385137558 0.019499972463
v  0.009227469563 0.235423088074 0.019499972463
v  0.012139951810 0.242454409599 0.019499972463
v  0.003337433562 0.255186915398 0.019499972463
v  0.004020307213 0.250000000000 0.019499972463
v  0.001335352659 0.260020375252 0.019499972463
v  -0.001849498600 0.264170944691 0.019499972463
v  -0.006000078283 0.267355799675 0.019499972463
v  -0.010833529755 0.269357919693 0.019499972463
v  -0.016020461917 0.270040750504 0.019499972463
v  -0.021207394078 0.269357919693 0.019499972463
v  -0.036635316908 0.270614862442 0.019499972463
v  -0.033376276493 0.260020375252 0.019499972463
v  -0.030191425234 0.264170944691 0.019499972463
v  -0.035378359258 0.255186915398 0.019499972463
v  -0.036061234772 0.250000000000 0.019499972463
v  -0.035378366709 0.244813084602 0.019499972463
v  -0.033376283944 0.239979624748 0.019499972463
v  -0.030191434547 0.235829055309 0.019499972463
v  -0.026040855795 0.232644200325 0.019499972463
v  -0.021207403392 0.230642110109 0.019499972463
v  -0.016020473093 0.229959219694 0.019499972463
v  -0.010833540931 0.230642110109 0.019499972463
v  -0.006000087596 0.232644170523 0.019499972463
v  -0.001849506050 0.235829025507 0.019499972463
v  0.001335347071 0.239979594946 0.019499972463
v  0.003337429836 0.244813054800 0.019499972463
v  0.003337433562 0.255186915398 0.014299988747
v  0.004020307213 0.250000000000 0.014299988747
v  0.001335352659 0.260020375252 0.014299988747
v  -0.001849498600 0.264170944691 0.014299988747
v  -0.006000078283 0.267355799675 0.014299988747
v  -0.010833529755 0.269357919693 0.014299988747
v  -0.016020461917 0.270040750504 0.014299988747
v  -0.021207394078 0.269357919693 0.014299988747
v  -0.026040844619 0.267355799675 0.019499972463
v  -0.026040844619 0.267355799675 0.014299988747
v  -0.030191425234 0.264170944691 0.014299988747
v  -0.033376276493 0.260020375252 0.014299988747
v  -0.035378359258 0.255186915398 0.014299988747
v  -0.036061234772 0.250000000000 0.014299988747
v  -0.035378366709 0.244813084602 0.014299988747
v  -0.033376283944 0.239979624748 0.014299988747
v  -0.030191434547 0.235829055309 0.014299988747
v  -0.026040855795 0.232644200325 0.014299988747
v  -0.021207403392 0.230642110109 0.014299988747
v  -0.016020473093 0.229959219694 0.014299988747
v  -0.010833540931 0.230642110109 0.014299988747
v  -0.006000087596 0.232644170523 0.014299988747
v  -0.001849506050 0.235829025507 0.014299988747
v  0.001335347071 0.239979594946 0.014299988747
v  0.003337429836 0.244813054800 0.014299988747
v  0.000884151086 0.254529595375 0.014299996197
v  0.001480482519 0.250000000000 0.014299996197
v  -0.000864200294 0.258750498295 0.014299996197
v  -0.003645426594 0.262375056744 0.014299996197
v  -0.007269991562 0.265156269073 0.014299996197
v  -0.011490885168 0.266904592514 0.014299996197
v  -0.016020461917 0.267500936985 0.014299996197
v  -0.020550038666 0.266904592514 0.014299996197
v  -0.024770934135 0.265156269073 0.014299996197
v  -0.028395498171 0.262375056744 0.014299996197
v  -0.031176727265 0.258750498295 0.014299996197
v  -0.032925076783 0.254529595375 0.014299996197
v  -0.033521410078 0.250000000000 0.014299996197
v  -0.032925084233 0.245470434427 0.014299996197
v  -0.031176732853 0.241249531507 0.014299996197
v  -0.028395507485 0.237624973059 0.014299996197
v  -0.024770941585 0.234843730927 0.014299996197
v  -0.020550047979 0.233095377684 0.014299996197
v  -0.016020471230 0.232499063015 0.014299996197
v  -0.011490894482 0.233095377684 0.014299996197
v  -0.007269999944 0.234843730927 0.014299996197
v  -0.003645433113 0.237624943256 0.014299996197
v  -0.000864205882 0.241249531507 0.014299996197
v  0.000884149224 0.245470404625 0.014299996197
v  0.000884151086 0.254529595375 0.021499991417
v  0.001480482519 0.250000000000 0.021499991417
v  -0.000864200294 0.258750498295 0.021499991417
v  -0.003645426594 0.262375056744 0.021499991417
v  -0.007269991562 0.265156269073 0.021499991417
v  -0.011490885168 0.266904592514 0.021499991417
v  -0.016020461917 0.267500936985 0.021499991417
v  -0.020550038666 0.266904592514 0.021499991417
v  -0.024770934135 0.265156269073 0.021499991417
v  -0.028395498171 0.262375056744 0.021499991417
v  -0.031176727265 0.258750498295 0.021499991417
v  -0.032925076783 0.254529595375 0.021499991417
v  -0.033521410078 0.250000000000 0.021499991417
v  -0.032925084233 0.245470434427 0.021499991417
v  -0.031176732853 0.241249531507 0.021499991417
v  -0.028395507485 0.237624973059 0.021499991417
v  -0.024770941585 0.234843730927 0.021499991417
v  -0.020550047979 0.233095377684 0.021499991417
v  -0.016020471230 0.232499063015 0.021499991417
v  -0.011490894482 0.233095377684 0.021499991417
v  -0.007269999944 0.234843730927 0.021499991417
v  -0.003645433113 0.237624943256 0.021499991417
v  -0.000864205882 0.241249531507 0.021499991417
v  0.000884149224 0.245470404625 0.021499991417
v  -0.016020465642 0.250000000000 0.021500006318
v  -0.023566018790 0.278160393238 0.023500487208
v  -0.021207394078 0.269357919693 0.023500487208
v  -0.030191425234 0.264170944691 0.023500487208
v  -0.036635316908 0.270614862442 0.023500487208
v  -0.026040844619 0.267355799675 0.023500487208
v  -0.023675523698 0.278569102287 0.023499198258
v  -0.036934487522 0.270914018154 0.023499198258
v  -0.030808910728 0.275614380836 0.023499198258
v  -0.030603200197 0.275258064270 0.023499257863
v  0.011579532176 -0.024000003934 0.030000001192
v  0.011954531074 -0.026625007391 0.030000001192
v  0.011954531074 -0.016625002027 0.030000001192
v  0.011579532176 -0.013999998569 0.030000001192
v  0.036579526961 -0.030000001192 0.000000000000
v  0.036579526961 -0.030000001192 0.030000001192
v  0.017579533160 -0.030000001192 0.030000001192
v  0.017579533160 -0.030000001192 0.000000000000
v  0.017579533160 0.030000001192 0.000000000000
v  0.017579533160 0.030000001192 0.030000001192
v  0.036579526961 0.030000001192 0.030000001192
v  0.036579526961 0.030000001192 0.000000000000
v  0.011579532176 0.023999989033 0.000000000000
v  0.011579532176 0.012499988079 0.000000000000
v  0.011579532176 0.013999998569 0.030000001192
v  0.011579532176 0.023999989033 0.030000001192
v  0.011579532176 -0.024000003934 0.000000000000
v  0.011579532176 -0.012500002980 0.000000000000
v  0.017579533160 0.020000010729 0.030000001192
v  0.036579526961 0.020000010729 0.030000001192
v  0.042579527944 0.013999998569 0.030000001192
v  0.042579527944 -0.013999998569 0.030000001192
v  0.042579527944 -0.024000003934 0.000000000000
v  0.042579527944 0.023999989033 0.000000000000
v  0.017579533160 0.020000010729 0.069999992847
v  0.036579526961 0.020000010729 0.069999992847
v  0.036579526961 -0.019999995828 0.030000001192
v  0.036579526961 -0.019999995828 0.069999992847
v  0.017579533160 -0.019999995828 0.069999992847
v  0.017579533160 -0.019999995828 0.030000001192
v  0.006779531017 0.009099990129 0.000000000000
v  0.006779531017 -0.009100005031 0.000000000000
v  0.006779531017 -0.009100005031 0.069999992847
v  0.006779531017 0.009099990129 0.069999992847
v  0.009879531339 -0.010800004005 0.069999992847
v  0.008479531854 -0.010800004005 0.069999992847
v  0.008479531854 -0.010800004005 0.000000000000
v  0.009879531339 -0.010800004005 0.000000000000
v  0.009879531339 0.010800004005 0.000000000000
v  0.008479531854 0.010800004005 0.000000000000
v  0.008479531854 0.010800004005 0.069999992847
v  0.009879531339 0.010800004005 0.069999992847
v  0.039204526693 -0.029624998569 0.000000000000
v  0.039204526693 -0.029624998569 0.030000001192
v  0.041079528630 -0.028500005603 0.000000000000
v  0.041079528630 -0.028499990702 0.030000001192
v  0.014954531565 -0.029624998569 0.030000001192
v  0.014954531565 -0.029624998569 0.000000000000
v  0.013079531491 -0.028499990702 0.030000001192
v  0.013079531491 -0.028500005603 0.000000000000
v  0.042579527944 -0.024000003934 0.030000001192
v  0.042204529047 -0.026625007391 0.030000001192
v  0.042204529047 -0.026625007391 0.000000000000
v  0.014954531565 0.029624998569 0.000000000000
v  0.014954531565 0.029624998569 0.030000001192
v  0.013079531491 0.028499990702 0.000000000000
v  0.013079531491 0.028499990702 0.030000001192
v  0.039204526693 0.029624998569 0.030000001192
v  0.039204526693 0.029624998569 0.000000000000
v  0.041079528630 0.028499990702 0.030000001192
v  0.041079528630 0.028499990702 0.000000000000
v  0.011954531074 0.026625007391 0.030000001192
v  0.011954531074 0.026625007391 0.000000000000
v  0.011954531074 -0.026625007391 0.000000000000
v  0.042579527944 0.023999989033 0.030000001192
v  0.042204529047 0.026625007391 0.000000000000
v  0.042204529047 0.026625007391 0.030000001192
v  0.042579527944 -0.013999998569 0.069999992847
v  0.042204529047 -0.016625002027 0.069999992847
v  0.042204529047 -0.016624987125 0.030000001192
v  0.041079528630 -0.018500000238 0.069999992847
v  0.041079528630 -0.018500000238 0.030000001192
v  0.014954531565 0.019625008106 0.030000001192
v  0.014954531565 0.019625008106 0.069999992847
v  0.013079531491 0.018500000238 0.030000001192
v  0.013079531491 0.018500000238 0.069999992847
v  0.039204526693 0.019625008106 0.069999992847
v  0.039204526693 0.019625008106 0.030000001192
v  0.041079528630 0.018500000238 0.069999992847
v  0.041079528630 0.018500000238 0.030000001192
v  0.011579532176 0.013999998569 0.069999992847
v  0.011954531074 0.016624987125 0.069999992847
v  0.011954531074 0.016624987125 0.030000001192
v  0.039204526693 -0.019624993205 0.030000001192
v  0.039204526693 -0.019624993205 0.069999992847
v  0.014954531565 -0.019624993205 0.069999992847
v  0.014954531565 -0.019624993205 0.030000001192
v  0.013079531491 -0.018500000238 0.069999992847
v  0.013079531491 -0.018500000238 0.030000001192
v  0.011579532176 -0.013999998569 0.069999992847
v  0.011954531074 -0.016625002027 0.069999992847
v  0.042579527944 0.013999998569 0.069999992847
v  0.042204529047 0.016624987125 0.030000001192
v  0.042204529047 0.016624987125 0.069999992847
v  0.007204530761 -0.010374993086 0.000000000000
v  0.007204530761 -0.010374993086 0.069999992847
v  0.007204530761 0.010374993086 0.069999992847
v  0.007204530761 0.010374993086 0.000000000000
v  0.011154532433 0.011224985123 0.000000000000
v  0.011154530570 0.011224985123 0.069999992847
v  0.011579532176 0.012499988079 0.069999992847
v  0.011579532176 -0.012500002980 0.069999992847
v  0.011154530570 -0.011225000024 0.069999992847
v  0.011154530570 -0.011225000024 0.000000000000
v  0.036579534411 -0.015000000596 0.069999992847
v  0.036295253783 -0.015000000596 0.069999992847
v  0.036829534918 -0.014933019876 0.069999992847
v  0.037012547255 -0.014750003815 0.069999992847
v  0.037079535425 -0.014499992132 0.069999992847
v  0.037079535425 0.014499992132 0.069999992847
v  0.037012547255 0.014750003815 0.069999992847
v  0.036829534918 0.014933019876 0.069999992847
v  0.036579534411 0.014999985695 0.069999992847
v  0.036295253783 0.014999985695 0.069999992847
v  0.017863802612 0.014999985695 0.069999992847
v  0.017579536885 0.014999985695 0.069999992847
v  0.017329536378 0.014933019876 0.069999992847
v  0.017146524042 0.014750003815 0.069999992847
v  0.017079535872 0.014499992132 0.069999992847
v  0.017079535872 0.012499988079 0.069999992847
v  0.017079535872 -0.012500002980 0.069999992847
v  0.017079535872 -0.014499992132 0.069999992847
v  0.017146524042 -0.014750003815 0.069999992847
v  0.017329536378 -0.014933019876 0.069999992847
v  0.017579536885 -0.015000000596 0.069999992847
v  0.017863802612 -0.015000000596 0.069999992847
v  0.036579534411 -0.015000000596 0.060234367847
v  0.036295253783 -0.015000000596 0.060234367847
v  0.036829534918 -0.014933019876 0.060234367847
v  0.037012547255 -0.014750003815 0.060234367847
v  0.037079535425 -0.014499992132 0.060234367847
v  0.037079535425 0.014499992132 0.060234367847
v  0.037012547255 0.014750003815 0.060234367847
v  0.036829534918 0.014933019876 0.060234367847
v  0.036579534411 0.014999985695 0.060234367847
v  0.036295253783 0.014999985695 0.060234367847
v  0.017863802612 0.014999985695 0.060234367847
v  0.017579536885 0.014999985695 0.060234367847
v  0.017329536378 0.014933019876 0.060234367847
v  0.017146524042 0.014750003815 0.060234367847
v  0.017079535872 0.014499992132 0.060234367847
v  0.017079535872 0.012499988079 0.060234367847
v  0.017079535872 -0.012500002980 0.060234367847
v  0.017079535872 -0.014499992132 0.060234367847
v  0.017146524042 -0.014750003815 0.060234367847
v  0.017329536378 -0.014933019876 0.060234367847
v  0.017579536885 -0.015000000596 0.060234367847
v  0.017863802612 -0.015000000596 0.060234367847
v  0.011579534039 0.025000005960 0.106000125408
v  0.046579539776 0.025000005960 0.105999946594
v  0.046579539776 0.025000035763 0.030000023544
v  0.011579535902 0.025000035763 0.030000030994
v  0.046579539776 -0.024999961257 0.029999956489
v  0.046579539776 -0.024999976158 0.105999901891
v  0.011579534039 -0.024999976158 0.106000065804
v  0.011579535902 -0.024999961257 0.029999949038
v  0.042496643960 0.020150005817 0.030000008643
v  0.011579535902 0.020150005817 0.029999993742
v  0.046579539776 0.024999946356 0.294694900513
v  0.019964173436 0.024999946356 0.294694900513
v  0.030379291624 0.020149946213 0.294694870710
v  0.046579539776 0.020149946213 0.294694870710
v  0.018507935107 0.020149946213 0.288617670536
v  0.018507931381 -0.020150005817 0.288617640734
v  0.019964173436 -0.025000050664 0.294694811106
v  0.046579539776 0.025000005960 0.252923488617
v  0.011579535902 0.024999976158 0.259166628122
v  0.046579539776 -0.025000005960 0.252923399210
v  0.046579539776 -0.025000050664 0.294694811106
v  0.011579535902 -0.025000005960 0.259166568518
v  0.080705605447 0.024999976158 0.274694889784
v  0.080705605447 0.020149976015 0.274694889784
v  0.080705605447 0.020150005817 0.262317091227
v  0.080705605447 0.024999976158 0.262317091227
v  0.011579534039 0.025000005960 0.245004981756
v  0.011579535902 0.020149976015 0.245004981756
v  0.011579535902 0.020149976015 0.259166568518
v  0.056705608964 0.020149946213 0.294694870710
v  0.056705608964 0.024999976158 0.294694900513
v  0.056705608964 -0.025000050664 0.294694811106
v  0.046579539776 -0.020149990916 0.252923399210
v  0.080705605447 -0.020149976015 0.262317031622
v  0.080705605447 -0.025000005960 0.262317031622
v  0.080705605447 -0.020149976015 0.274694830179
v  0.079243727028 -0.020150005817 0.282702416182
v  0.079243727028 -0.025000035763 0.282702416182
v  0.080705605447 -0.025000035763 0.274694830179
v  0.074415743351 -0.020150005817 0.288202136755
v  0.074415743351 -0.025000035763 0.288202136755
v  0.066673561931 0.020149946213 0.292824774981
v  0.066673561931 0.024999976158 0.292824774981
v  0.074415743351 0.020149946213 0.288202136755
v  0.074415743351 0.024999946356 0.288202196360
v  0.046579539776 0.020149976015 0.252923429012
v  0.079243727028 0.024999976158 0.282702475786
v  0.079243727028 0.020149976015 0.282702416182
v  0.011579535902 -0.020149976015 0.259166568518
v  0.011579535902 -0.020149946213 0.106000095606
v  0.011579535902 -0.020149931312 0.029999971390
v  0.056705608964 -0.020150035620 0.294694840908
v  0.046579539776 -0.020150035620 0.294694840908
v  0.066673561931 -0.025000050664 0.292824715376
v  0.066673561931 -0.020150035620 0.292824745178
v  0.011579534039 0.025000005960 0.166000783443
v  0.046579539776 0.025000005960 0.165999233723
v  0.046579539776 0.025000005960 0.111999809742
v  0.011579534039 0.025000005960 0.112000167370
v  0.046579539776 -0.025000005960 0.165999233723
v  0.011579534039 -0.025000005960 0.166000783443
v  0.011579534039 -0.025000005960 0.112000167370
v  0.046579539776 -0.024999991059 0.111999809742
v  0.011579535902 0.020150005817 0.106000095606
v  0.011579535902 0.020149976015 0.112000167370
v  0.011579535902 -0.020149976015 0.166000783443
v  0.011579535902 -0.020149976015 0.112000167370
v  0.011579534039 0.025000005960 0.239002555609
v  0.011579535902 0.020149976015 0.239002555609
v  0.046579539776 0.025000005960 0.244995057583
v  0.046579539776 -0.025000005960 0.244995057583
v  0.011579534039 -0.025000005960 0.245004981756
v  0.011579535902 -0.020149976015 0.245004981756
v  0.046579539776 0.025000005960 0.238997429609
v  0.011579534039 -0.025000005960 0.239002555609
v  0.046579539776 -0.025000005960 0.238997429609
v  0.011579535902 -0.020149976015 0.239002555609
v  0.011579534039 0.025000005960 0.172001346946
v  0.011579535902 0.020149976015 0.172001361847
v  0.046579539776 0.025000005960 0.171998620033
v  0.011579534039 -0.025000005960 0.172001361847
v  0.046579539776 -0.025000005960 0.171998620033
v  0.011579535902 -0.020149976015 0.172001346946
v  0.011579535902 0.020149976015 0.166000783443
v  0.042496643960 -0.020149931312 0.029999971390
v  0.042496643960 -0.020149916410 0.106000080705
v  0.042496643960 0.020150035620 0.106000125408
v  0.042496643960 -0.020149976015 0.112000167370
v  0.042496643960 0.020149976015 0.112000167370
v  0.042496643960 -0.020149976015 0.166000783443
v  0.042496643960 0.020149976015 0.166000783443
v  0.042496640235 -0.020149976015 0.172001346946
v  0.042496640235 0.020149976015 0.172001361847
v  0.042496640235 -0.020149961114 0.239002555609
v  0.042496640235 0.020150005817 0.239002585411
v  0.030379291624 -0.020150035620 0.294694840908
v  0.028268769383 -0.020150020719 0.285948812962
v  0.028268769383 0.020149946213 0.285948842764
v  0.042585395277 -0.020149976015 0.245004981756
v  0.042585395277 0.020149976015 0.245004981756
v  0.042585395277 -0.020149976015 0.255503028631
v  0.042585395277 0.020149976015 0.255503028631
v  0.046579539776 0.020149976015 0.256341397762
v  0.046579539776 -0.020149990916 0.256341367960
v  0.061545357108 0.020000010729 0.238812208176
v  0.045045353472 0.019999980927 0.267390996218
v  0.079686373472 0.019999980927 0.287391006947
v  0.096186377108 0.020000010729 0.258812159300
v  0.061545357108 -0.019999980927 0.238812208176
v  0.096186377108 -0.019999995828 0.258812159300
v  0.079686373472 -0.020000010729 0.287391006947
v  0.045045353472 -0.020000010729 0.267390996218
# 620 vertices

vn 1.000000000000 -0.000000215285 0.000000002400
vn 0.965925753117 0.258819073439 0.000000010401
vn 0.965925812721 0.258819103241 0.000000010401
vn 1.000000000000 -0.000000210501 0.000000002400
vn 0.866025328636 0.500000119209 0.000000012802
vn 0.707106947899 0.707106649876 0.000000025283
vn 0.500000178814 0.866025328636 0.000000058247
vn 0.258818835020 0.965925931931 0.000000063208
vn 0.000000062194 1.000000000000 0.000000045846
vn -0.258818775415 0.965925931931 0.000000048726
vn -0.500000119209 0.866025388241 0.000000032164
vn -0.500000059605 0.866025328636 0.000000032164
vn -0.707106649876 0.707106947899 0.000000011521
vn -0.866025209427 0.500000417233 0.000000013122
vn -0.866025209427 0.500000357628 0.000000013122
vn -0.965925753117 0.258819192648 0.000000005441
vn -0.965925753117 0.258819222450 0.000000005441
vn -1.000000000000 0.000000416218 0.000000000320
vn -1.000000000000 0.000000411434 0.000000000320
vn -0.965925872326 -0.258818447590 0.000000018562
vn -0.965925931931 -0.258818447590 0.000000018562
vn -0.866025507450 -0.499999672174 0.000000033604
vn -0.866025507450 -0.499999731779 0.000000033604
vn -0.707106947899 -0.707106530666 0.000000007361
vn -0.707106947899 -0.707106649876 0.000000007361
vn -0.500000238419 -0.866025209427 -0.000000017442
vn -0.258819043636 -0.965925753117 -0.000000055207
vn -0.258819103241 -0.965925812721 -0.000000055207
vn -0.000000239206 -1.000000000000 -0.000000112014
vn 0.258818536997 -0.965925991535 -0.000000132816
vn 0.258818507195 -0.965925991535 -0.000000132816
vn 0.499999105930 -0.866025924683 -0.000000095052
vn 0.499999076128 -0.866025924683 -0.000000095052
vn 0.707106232643 -0.707107245922 -0.000000053447
vn 0.866025149822 -0.500000357628 -0.000000042725
vn 0.965925693512 -0.258819758892 -0.000000017762
vn 0.965925574303 -0.258819699287 -0.000000017762
vn 0.737353503704 0.197573289275 0.645967960358
vn 0.737353563309 0.197573289275 0.645968019962
vn 0.763364434242 -0.000000135719 0.645968019962
vn 0.763364493847 -0.000000120908 0.645968019962
vn 0.661093056202 0.381682336330 0.645967900753
vn 0.661092996597 0.381682336330 0.645967960358
vn 0.539780259132 0.539780259132 0.645967841148
vn 0.539780318737 0.539780259132 0.645967841148
vn 0.381682336330 0.661093115807 0.645967900753
vn 0.381682276726 0.661093115807 0.645967900753
vn 0.197573259473 0.737353563309 0.645968019962
vn 0.197573229671 0.737353563309 0.645968019962
vn 0.000000118389 0.763364493847 0.645968019962
vn 0.000000099527 0.763364493847 0.645968019962
vn -0.167411640286 0.745052397251 0.645654976368
vn -0.099994927645 0.759538471699 0.642730414867
vn -0.381682246923 0.661093175411 0.645967900753
vn -0.381682217121 0.661093175411 0.645967960358
vn -0.197573199868 0.737353682518 0.645967841148
vn -0.539780199528 0.539780437946 0.645967781544
vn -0.561528265476 0.517509162426 0.645654797554
vn -0.661092936993 0.381682515144 0.645967900753
vn -0.737353384495 0.197573497891 0.645968079567
vn -0.737353444099 0.197573497891 0.645968019962
vn -0.661092936993 0.381682515144 0.645967841148
vn -0.763364493847 0.000000282118 0.645967960358
vn -0.763364493847 0.000000275961 0.645968019962
vn -0.737353682518 -0.197572961450 0.645967960358
vn -0.737353622913 -0.197572946548 0.645967960358
vn -0.661093235016 -0.381681978703 0.645968079567
vn -0.661093235016 -0.381681889296 0.645968019962
vn -0.539780378342 -0.539779901505 0.645968139172
vn -0.539780318737 -0.539779961109 0.645968139172
vn -0.381682425737 -0.661092877388 0.645968079567
vn -0.381682485342 -0.661092936993 0.645968079567
vn -0.197573632002 -0.737353444099 0.645968019962
vn -0.197573572397 -0.737353444099 0.645968019962
vn -0.000000357685 -0.763364493847 0.645968019962
vn -0.000000375489 -0.763364434242 0.645968019962
vn 0.197572916746 -0.737353682518 0.645968019962
vn 0.197572872043 -0.737353622913 0.645967960358
vn 0.381681859493 -0.661093294621 0.645968079567
vn 0.381681799889 -0.661093294621 0.645968079567
vn 0.539779722691 -0.539780497551 0.645968198776
vn 0.539779841900 -0.539780437946 0.645968198776
vn 0.661092698574 -0.381682634354 0.645968139172
vn 0.661092698574 -0.381682574749 0.645968079567
vn 0.737353324890 -0.197573646903 0.645968079567
vn 0.737353324890 -0.197573602200 0.645968079567
vn 0.000000000000 0.000000000000 1.000000000000
vn 0.000000000000 0.000000000000 0.999999940395
vn -1.000000000000 0.000000172228 0.000000000000
vn -0.965925753117 -0.258819073439 0.000000000000
vn -0.866025447845 -0.499999970198 0.000000000000
vn -0.707106888294 -0.707106649876 0.000000000000
vn -0.500000000000 -0.866025388241 0.000000000000
vn -0.258818984032 -0.965925812721 0.000000000000
vn -0.000000186580 -1.000000000000 0.000000000000
vn 0.300918251276 -0.953649997711 0.000000000000
vn 0.258818984032 -0.965925812721 0.000000000000
vn 0.499999880791 -0.866025447845 0.000000000000
vn 0.499999850988 -0.866025388241 0.000000000000
vn 0.675425648689 -0.737428069115 0.000000000000
vn 0.707106411457 -0.707107007504 0.000000000000
vn 0.866025149822 -0.500000357628 0.000000000000
vn 0.965925753117 -0.258819311857 0.000000000000
vn 1.000000000000 -0.000000368377 0.000000000000
vn 0.965925991535 0.258818566799 0.000000000000
vn 0.866025507450 0.499999731779 0.000000000000
vn 0.707107007504 0.707106471062 0.000000000000
vn 0.500000357628 0.866025149822 0.000000000000
vn 0.258819460869 0.965925633907 0.000000000000
vn 0.000000526253 1.000000000000 0.000000000000
vn -0.258818596601 0.965925991535 0.000000000000
vn -0.499999463558 0.866025686264 0.000000000000
vn -0.707106232643 0.707107245922 0.000000000000
vn -0.866025090218 0.500000417233 0.000000000000
vn -0.965925693512 0.258819520473 0.000000000000
vn 0.000002933502 -0.000000000000 1.000000000000
vn 0.000002833545 0.000000759246 1.000000000000
vn 0.000002540487 0.000001466751 1.000000000000
vn 0.000002540487 0.000001466751 0.999999940395
vn 0.000002074299 0.000002074298 1.000000000000
vn 0.000002074299 0.000002074299 1.000000000000
vn 0.000001466751 0.000002540486 1.000000000000
vn 0.000001466750 0.000002540486 0.999999940395
vn 0.000000759246 0.000002833545 1.000000000000
vn 0.000000000001 0.000002933501 1.000000000000
vn -0.000000759246 0.000002833545 1.000000000000
vn -0.000001466751 0.000002540487 1.000000000000
vn -0.000002074298 0.000002074300 1.000000000000
vn -0.000002540487 0.000001466752 1.000000000000
vn -0.000002833545 0.000000759247 1.000000000000
vn -0.000002933502 0.000000000001 1.000000000000
vn -0.000002833546 -0.000000759245 1.000000000000
vn -0.000002833546 -0.000000759245 0.999999940395
vn -0.000002540488 -0.000001466750 1.000000000000
vn -0.000002074300 -0.000002074299 1.000000000000
vn -0.000001466752 -0.000002540487 1.000000000000
vn -0.000000759247 -0.000002833545 1.000000000000
vn -0.000000759248 -0.000002833545 1.000000000000
vn -0.000000000002 -0.000002933502 1.000000000000
vn 0.000000759245 -0.000002833545 1.000000000000
vn 0.000000759245 -0.000002833546 0.999999940395
vn 0.000001466749 -0.000002540488 1.000000000000
vn 0.000002074297 -0.000002074300 1.000000000000
vn 0.000002540486 -0.000001466752 1.000000000000
vn 0.000002833545 -0.000000759248 1.000000000000
vn 1.000000000000 -0.000000014352 0.000000000000
vn 0.965925753117 0.258819073439 0.000000000000
vn 0.866025388241 0.499999940395 0.000000000000
vn 0.707106769085 0.707106709480 0.000000000000
vn 0.499999970198 0.866025388241 0.000000000000
vn 0.258819013834 0.965925812721 0.000000000000
vn 0.000000200933 1.000000000000 0.000000000000
vn -0.258819013834 0.965925812721 0.000000000000
vn -0.499999850988 0.866025388241 0.000000000000
vn -0.707106471062 0.707107007504 0.000000000000
vn -0.866025209427 0.500000357628 0.000000000000
vn -0.965925753117 0.258819311857 0.000000000000
vn -1.000000000000 0.000000406650 0.000000000000
vn -0.965925991535 -0.258818566799 0.000000000000
vn -0.866025626659 -0.499999612570 0.000000000000
vn -0.707107007504 -0.707106471062 0.000000000000
vn -0.500000238419 -0.866025209427 0.000000000000
vn -0.258819460869 -0.965925633907 0.000000000000
vn -0.000000607583 -1.000000000000 0.000000000000
vn 0.258818566799 -0.965925991535 0.000000000000
vn 0.499999493361 -0.866025686264 0.000000000000
vn 0.707106411457 -0.707107186317 0.000000000000
vn 0.866025090218 -0.500000536442 0.000000000000
vn 0.965925574303 -0.258819639683 0.000000000000
vn 0.000000851449 -0.000000000000 1.000000000000
vn 0.000000822436 0.000000220371 1.000000000000
vn -0.000000000000 0.000000000000 1.000000000000
vn 0.000000737376 0.000000425724 1.000000000000
vn 0.000000602065 0.000000602065 1.000000000000
vn 0.000000425724 0.000000737376 1.000000000000
vn 0.000000220371 0.000000822436 0.999999940395
vn 0.000000000000 0.000000851449 1.000000000000
vn -0.000000220371 0.000000822436 1.000000000000
vn -0.000000425724 0.000000737376 1.000000000000
vn -0.000000602065 0.000000602066 1.000000000000
vn -0.000000737376 0.000000425725 1.000000000000
vn -0.000000822436 0.000000220371 1.000000000000
vn -0.000000851449 0.000000000000 1.000000000000
vn -0.000000822437 -0.000000220371 1.000000000000
vn -0.000000737377 -0.000000425724 1.000000000000
vn -0.000000602066 -0.000000602065 1.000000000000
vn -0.000000425725 -0.000000737376 1.000000000000
vn -0.000000220372 -0.000000822436 1.000000000000
vn -0.000000000001 -0.000000851449 1.000000000000
vn 0.000000220371 -0.000000822436 1.000000000000
vn 0.000000425724 -0.000000737377 1.000000000000
vn 0.000000602065 -0.000000602066 1.000000000000
vn 0.000000737376 -0.000000425725 1.000000000000
vn 0.000000822436 -0.000000220372 1.000000000000
vn 0.965925931931 0.258818745613 0.000000000000
vn 0.965925812721 0.258819103241 0.000000000000
vn 0.965925872326 0.258819073439 0.000000000000
vn -0.707106888294 -0.707106769085 0.000000000000
vn -0.707107007504 -0.707106649876 0.000000000000
vn -0.707106828690 -0.707106709480 0.000000000000
vn 0.382683455944 -0.923879563808 0.000000000000
vn 0.608761310577 -0.793353557587 0.000000000000
vn 0.965925812721 0.258819341660 0.000000000000
vn 0.965925753117 0.258819341660 0.000000000000
vn -0.707106828690 -0.707106828690 0.000000000000
vn -0.707106769085 -0.707106769085 0.000000000000
vn -0.382683277130 0.923879563808 0.000000000000
vn -0.499999821186 0.866025447845 0.000000000000
vn -0.608761370182 0.793353438377 0.000000000000
vn -0.000459170929 0.000795307453 0.999999523163
vn -0.000039941937 0.000069181493 1.000000000000
vn -0.000114386981 0.000026200662 0.999999940395
vn -0.000429542910 0.000810684054 0.999999523163
vn -0.000813211896 0.001408524695 0.999998629093
vn -0.000929690141 0.001341276453 0.999998629093
vn -0.000487301615 0.000777337584 0.999999642372
vn -0.000696733652 0.001475773170 0.999998688698
vn 0.000034503082 0.000112162314 1.000000000000
vn -0.607781946659 0.466367781162 0.642730236053
vn 1.000000000000 -0.000000354025 0.000000000000
vn 0.965925693512 0.258819490671 0.000000000000
vn 0.866024851799 0.500000894070 0.000000000000
vn 0.707107663155 0.707105815411 0.000000000000
vn 0.707107722759 0.707105815411 0.000000000000
vn 0.500000059605 0.866025388241 0.000000000000
vn 0.500000119209 0.866025388241 0.000000000000
vn 0.258816957474 0.965926408768 0.000000000000
vn 0.000000000000 0.999999940395 0.000000000000
vn -0.258816987276 0.965926408768 0.000000000000
vn -0.258816957474 0.965926408768 0.000000000000
vn -0.499997496605 0.866026818752 0.000000000000
vn -0.499997526407 0.866026937962 0.000000000000
vn -0.707107186317 0.707106351852 0.000000000000
vn -0.707107186317 0.707106292248 0.000000000000
vn -0.866025924683 0.499999046326 0.000000000000
vn -0.866025984287 0.499999076128 0.000000000000
vn -0.965925574303 0.258819699287 0.000000000000
vn -0.965925693512 0.258819699287 0.000000000000
vn -0.999999940395 0.000000105251 0.000000000000
vn -1.000000000000 0.000000105251 0.000000000000
vn -0.965925991535 -0.258818626404 0.000000000000
vn -0.965925872326 -0.258818596601 0.000000000000
vn -0.866025984287 -0.499998897314 0.000000000000
vn -0.866025984287 -0.499998867512 0.000000000000
vn -0.707107543945 -0.707105934620 0.000000000000
vn -0.258818686008 -0.965925931931 0.000000000000
vn -0.258818656206 -0.965925872326 0.000000000000
vn -0.000000004784 -0.999999940395 0.000000000000
vn 0.258818626404 -0.965925991535 0.000000000000
vn 0.258818596601 -0.965925931931 0.000000000000
vn 0.500000178814 -0.866025209427 0.000000000000
vn 0.500000178814 -0.866025328636 0.000000000000
vn 0.866024971008 -0.500000655651 0.000000000000
vn 0.866025090218 -0.500000715256 0.000000000000
vn 0.965925753117 -0.258819371462 0.000000000000
vn 0.737355411053 0.197573095560 0.645965814590
vn 0.737354874611 0.197575151920 0.645965933800
vn 0.763365030289 -0.000000289533 0.645967304707
vn 0.763365089893 -0.000000256929 0.645967304707
vn 0.661097168922 0.381684571505 0.645962357521
vn 0.661096274853 0.381686091423 0.645962357521
vn 0.539784431458 0.539782166481 0.645962834358
vn 0.539782762527 0.539783775806 0.645962834358
vn 0.381681263447 0.661092638969 0.645968973637
vn 0.381681948900 0.661092162132 0.645968973637
vn 0.197572842240 0.737355291843 0.645965993404
vn 0.197572886944 0.737355291843 0.645966053009
vn 0.000000875949 0.763369619846 0.645961940289
vn 0.000000913839 0.763369143009 0.645962595940
vn -0.167413532734 0.745065808296 0.645638942719
vn -0.099995851517 0.759540617466 0.642727673054
vn -0.381683766842 0.661098062992 0.645961940289
vn -0.381681919098 0.661099076271 0.645961940289
vn -0.197577312589 0.737372219563 0.645945310593
vn -0.539769351482 0.539772570133 0.645983397961
vn -0.561525583267 0.517502129078 0.645662963390
vn -0.661096394062 0.381683975458 0.645963490009
vn -0.737355411053 0.197573274374 0.645965874195
vn -0.737354815006 0.197575330734 0.645965814590
vn -0.661096155643 0.381686031818 0.645962655544
vn -0.763365089893 0.000000085643 0.645967304707
vn -0.763365030289 0.000000090479 0.645967364311
vn -0.737354516983 -0.197572335601 0.645967066288
vn -0.737353980541 -0.197574317455 0.645967125893
vn -0.661093413830 -0.381681978703 0.645967900753
vn -0.661093771458 -0.381681144238 0.645967841148
vn -0.539779663086 -0.539778411388 0.645969927311
vn -0.539779424667 -0.539778649807 0.645969867706
vn -0.381680518389 -0.661090493202 0.645971655846
vn -0.381681293249 -0.661090016365 0.645971596241
vn -0.197572991252 -0.737352252007 0.645969450474
vn -0.197573065758 -0.737352192402 0.645969450474
vn -0.000000030227 -0.763365924358 0.645966291428
vn 0.000000004524 -0.763365983963 0.645966351032
vn 0.197573274374 -0.737354934216 0.645966231823
vn 0.197573378682 -0.737354934216 0.645966291428
vn 0.381683439016 -0.661094486713 0.645965933800
vn 0.381682991982 -0.661094784737 0.645965874195
vn 0.539780795574 -0.539780855179 0.645966887474
vn 0.539780616760 -0.539781093597 0.645966887474
vn 0.661092758179 -0.381683170795 0.645967781544
vn 0.661093056202 -0.381682515144 0.645967721939
vn 0.737354397774 -0.197572857141 0.645967066288
vn 0.737353861332 -0.197574928403 0.645967125893
vn -1.000000000000 -0.000000023921 0.000000000000
vn -0.965925812721 -0.258819013834 0.000000000000
vn -0.866025209427 -0.500000178814 0.000000000000
vn -0.707106530666 -0.707107007504 0.000000000000
vn -0.500003159046 -0.866023600101 0.000000000000
vn -0.258818536997 -0.965925991535 0.000000000000
vn -0.000000019136 -1.000000000000 0.000000000000
vn 0.300920188427 -0.953649282455 0.000000000000
vn 0.500003278255 -0.866023540497 0.000000000000
vn 0.500003218651 -0.866023600101 0.000000000000
vn 0.675425767899 -0.737427949905 0.000000000000
vn 0.707106351852 -0.707107126713 0.000000000000
vn 0.866025149822 -0.500000536442 0.000000000000
vn 0.965925812721 -0.258819222450 0.000000000000
vn 0.965925931931 0.258818536997 0.000000000000
vn 0.866025388241 0.500000119209 0.000000000000
vn 0.707106530666 0.707107007504 0.000000000000
vn 0.500000894070 0.866024851799 0.000000000000
vn 0.258821487427 0.965925157070 0.000000000000
vn 0.000000000000 1.000000000000 0.000000000000
vn -0.258818894625 0.965925931931 0.000000000000
vn -0.499998480082 0.866026222706 0.000000000000
vn -0.707106351852 0.707107186317 0.000000000000
vn -0.866025149822 0.500000476837 0.000000000000
vn -0.965925753117 0.258819133043 0.000000000000
vn 0.000002933504 -0.000000000000 1.000000000000
vn 0.000002833555 0.000000759245 0.999999940395
vn 0.000002833553 0.000000759252 1.000000000000
vn 0.000002540506 0.000001466759 1.000000000000
vn 0.000002540503 0.000001466765 0.999999940395
vn 0.000002074318 0.000002074318 0.999999940395
vn 0.000002074314 0.000002074323 1.000000000000
vn 0.000001466758 0.000002540492 1.000000000000
vn 0.000001466756 0.000002540494 0.999999940395
vn 0.000000759239 0.000002833530 1.000000000000
vn 0.000000759241 0.000002833530 1.000000000000
vn 0.000000000000 0.000002933484 1.000000000000
vn -0.000000000000 0.000002933484 1.000000000000
vn -0.000000759239 0.000002833530 1.000000000000
vn -0.000000759241 0.000002833530 1.000000000000
vn -0.000001466758 0.000002540493 1.000000000000
vn -0.000001466756 0.000002540494 0.999999940395
vn -0.000002074319 0.000002074320 1.000000000000
vn -0.000002074315 0.000002074324 1.000000000000
vn -0.000002540506 0.000001466761 1.000000000000
vn -0.000002540503 0.000001466766 1.000000000000
vn -0.000002833555 0.000000759246 0.999999940395
vn -0.000002833553 0.000000759252 1.000000000000
vn -0.000002933503 0.000000000001 1.000000000000
vn -0.000002933504 0.000000000001 1.000000000000
vn -0.000002833547 -0.000000759245 1.000000000000
vn -0.000002540491 -0.000001466752 1.000000000000
vn -0.000002540490 -0.000001466753 1.000000000000
vn -0.000002074307 -0.000002074306 0.999999940395
vn -0.000002074307 -0.000002074307 1.000000000000
vn -0.000001466763 -0.000002540500 0.999999940395
vn -0.000001466762 -0.000002540501 1.000000000000
vn -0.000000759251 -0.000002833553 1.000000000000
vn -0.000000000000 -0.000002933499 1.000000000000
vn 0.000000000000 -0.000002933499 0.999999940395
vn 0.000000759245 -0.000002833547 1.000000000000
vn 0.000000759244 -0.000002833548 1.000000000000
vn 0.000001466748 -0.000002540492 1.000000000000
vn 0.000001466748 -0.000002540491 0.999999940395
vn 0.000002074297 -0.000002074297 0.999999940395
vn 0.000002074296 -0.000002074299 1.000000000000
vn 0.000002540483 -0.000001466751 1.000000000000
vn 0.000002540484 -0.000001466748 0.999999940395
vn 0.000002833544 -0.000000759247 0.999999940395
vn 0.000002833544 -0.000000759248 1.000000000000
vn 1.000000000000 -0.000000210501 0.000000000000
vn 0.965925872326 0.258818536997 0.000000000000
vn 0.866025388241 0.499999970198 0.000000000000
vn 0.707105696201 0.707107961178 0.000000000000
vn 0.499996542931 0.866027474403 0.000000000000
vn 0.258817851543 0.965926229954 0.000000000000
vn -0.258817851543 0.965926229954 0.000000000000
vn -0.499996542931 0.866027474403 0.000000000000
vn -0.707105457783 0.707108020782 0.000000000000
vn -0.866025209427 0.500000178814 0.000000000000
vn -0.965925872326 0.258818626404 0.000000000000
vn -1.000000000000 -0.000000028705 0.000000000000
vn -0.965925931931 -0.258818387985 0.000000000000
vn -0.866025567055 -0.499999761581 0.000000000000
vn -0.707107484341 -0.707106053829 0.000000000000
vn -0.500001370907 -0.866024613380 0.000000000000
vn -0.258817642927 -0.965926229954 0.000000000000
vn -0.000000009568 -0.999999940395 0.000000000000
vn 0.258817583323 -0.965926229954 0.000000000000
vn 0.499998927116 -0.866025984287 0.000000000000
vn 0.707106888294 -0.707106649876 0.000000000000
vn 0.866025507450 -0.499999761581 0.000000000000
vn 0.965925574303 -0.258820325136 0.000000000000
vn 0.000000602064 0.000000602066 1.000000000000
vn 0.000000425722 0.000000737378 1.000000000000
vn 0.000000220371 0.000000822438 1.000000000000
vn -0.000000220371 0.000000822438 1.000000000000
vn -0.000000425722 0.000000737378 1.000000000000
vn -0.000000602064 0.000000602066 1.000000000000
vn -0.000000737376 0.000000425724 1.000000000000
vn -0.000000851449 -0.000000000000 1.000000000000
vn -0.000000822437 -0.000000220371 0.999999940395
vn -0.000000220370 -0.000000822437 1.000000000000
vn -0.000000000000 -0.000000851449 1.000000000000
vn 0.000000220370 -0.000000822437 1.000000000000
vn 0.000000602065 -0.000000602065 0.999999940395
vn 0.000000737377 -0.000000425724 1.000000000000
vn 0.965925574303 0.258820056915 0.000000000000
vn 0.965928733349 0.258808284998 0.000000000000
vn 0.965928196907 0.258810400963 0.000000000000
vn -0.707095324993 -0.707118213177 0.000000000000
vn -0.707108378410 -0.707105338573 0.000000000000
vn -0.707097649574 -0.707115948200 0.000000000000
vn 0.382689833641 -0.923876881599 0.000000000000
vn 0.500003218651 -0.866023540497 0.000000000000
vn 0.608761847019 -0.793353080750 0.000000000000
vn 0.965930700302 0.258800625801 0.000000000000
vn 0.965930759907 0.258800655603 0.000000000000
vn -0.707086920738 -0.707126557827 0.000000000000
vn -0.707086980343 -0.707126617432 0.000000000000
vn -0.382680833340 0.923880636692 0.000000000000
vn -0.500000655651 0.866025090218 0.000000000000
vn -0.608764827251 0.793350696564 0.000000000000
vn -0.000459162809 0.000795286440 0.999999523163
vn -0.000039941657 0.000069181478 1.000000000000
vn -0.000114386989 0.000026200689 1.000000000000
vn -0.000429522857 0.000810643658 0.999999523163
vn -0.000813192804 0.001408485579 0.999998688698
vn -0.000929693750 0.001341273426 0.999998629093
vn -0.000487306796 0.000777340087 0.999999523163
vn -0.000696695352 0.001475695404 0.999998688698
vn 0.000034503188 0.000112161993 1.000000000000
vn -0.607786357403 0.466371357441 0.642723441124
vn 0.070888817310 -0.997484147549 0.000000061932
vn 0.070888824761 -0.997484207153 0.000000061932
vn -0.070888817310 -0.997484147549 0.000000061932
vn -0.070888824761 -0.997484207153 0.000000061932
vn -0.070888817310 0.997484147549 -0.000000061932
vn -0.070889152586 0.997484207153 -0.000000032852
vn 0.070889174938 0.997484266758 -0.000000061932
vn 0.070888839662 0.997484207153 -0.000000032852
vn -0.997484207153 0.070889167488 -0.000000008803
vn -0.987087547779 0.160182178020 -0.000000002131
vn -0.999372422695 0.035422239453 0.000000000070
vn -0.997484147549 0.070889167488 -0.000000008803
vn -0.997484266758 -0.070889174938 0.000000000000
vn -0.997484147549 -0.070889167488 0.000000000000
vn -0.999372482300 -0.035422220826 -0.000000001649
vn -0.987087428570 -0.160182565451 0.000000000000
vn 0.999372482300 0.035422045738 0.000000001649
vn 0.999372422695 -0.035422064364 -0.000000001649
vn 0.997484207153 -0.070888824761 0.000000000000
vn 0.997484207153 0.070888817310 -0.000000008803
vn -0.070888765156 0.997484207153 0.000000046449
vn 0.070889212191 0.997484147549 0.000000046449
vn 0.070888876915 0.997484207153 0.000000068582
vn 0.070889160037 -0.997484147549 -0.000000046449
vn 0.070889167488 -0.997484147549 -0.000000046449
vn -0.070889160037 -0.997484147549 -0.000000046449
vn -0.070888824761 -0.997484207153 -0.000000024316
vn -0.987087488174 0.160182341933 -0.000000004236
vn -0.987087488174 -0.160182148218 0.000000000000
vn -0.987087488174 -0.160182237625 0.000000000000
vn -0.987087488174 0.160182148218 -0.000000002131
vn -0.160182252526 -0.987087488174 0.000000000000
vn -0.160182148218 -0.987087488174 0.000000000000
vn -0.160182148218 -0.987087428570 0.000000000000
vn -0.160182237625 -0.987087428570 0.000000000000
vn -0.160182148218 0.987087428570 -0.000000015238
vn -0.160182446241 0.987087428570 -0.000000013133
vn -0.160182148218 0.987087428570 -0.000000019448
vn -0.160182237625 0.987087428570 -0.000000013133
vn 0.334578484297 -0.942367851734 0.000000058510
vn 0.334578782320 -0.942367732525 0.000000084409
vn 0.707106828690 -0.707106709480 0.000000061638
vn 0.707106769085 -0.707106947899 0.000000056404
vn -0.334579020739 -0.942367672920 0.000000058510
vn -0.334578692913 -0.942367851734 0.000000084409
vn -0.707107186317 -0.707106530666 0.000000061638
vn -0.707106947899 -0.707106530666 0.000000056404
vn 0.997484147549 -0.070888817310 0.000000000000
vn 0.942367732525 -0.334578901529 0.000000000000
vn 0.942367911339 -0.334578484297 0.000000031079
vn -0.334578692913 0.942367792130 -0.000000029593
vn -0.334579050541 0.942367732525 0.000000000000
vn -0.707107067108 0.707106471062 0.000000000000
vn -0.707106769085 0.707106828690 -0.000000031402
vn 0.334578812122 0.942367792130 -0.000000029593
vn 0.334578454494 0.942367911339 0.000000000000
vn 0.707106769085 0.707106828690 -0.000000031402
vn -0.942367732525 0.334579080343 -0.000000041547
vn -0.942367792130 0.334578633308 -0.000000010467
vn -0.942367851734 -0.334578663111 0.000000000000
vn -0.942367732525 -0.334579020739 0.000000031079
vn 0.997484207153 0.070888824761 -0.000000008803
vn 0.942367851734 0.334578454494 -0.000000041547
vn 0.942367732525 0.334578931332 -0.000000010467
vn 0.997484147549 -0.070888839662 -0.000000003301
vn 0.942367792130 -0.334578722715 -0.000000015580
vn 0.942367792130 -0.334578812122 -0.000000015580
vn 0.707106590271 -0.707106888294 -0.000000032927
vn 0.707106590271 -0.707107007504 -0.000000032927
vn -0.334579020739 0.942367672920 0.000000043882
vn -0.334578782320 0.942367792130 0.000000024222
vn -0.707107067108 0.707106411457 0.000000019864
vn -0.707106947899 0.707106590271 0.000000000000
vn 0.334578812122 0.942367792130 0.000000065241
vn 0.334578543901 0.942367970943 0.000000087765
vn 0.707106590271 0.707106888294 0.000000065854
vn 0.707106649876 0.707106888294 0.000000065854
vn -0.997484147549 0.070889130235 0.000000003301
vn -0.942367792130 0.334578841925 0.000000003218
vn -0.942367792130 0.334578961134 0.000000000000
vn 0.334578841925 -0.942367792130 -0.000000043882
vn 0.334578871727 -0.942367792130 -0.000000043882
vn -0.334579050541 -0.942367732525 -0.000000022523
vn -0.334578782320 -0.942367851734 0.000000000000
vn -0.707106947899 -0.707106590271 0.000000000000
vn -0.997484266758 -0.070889197290 -0.000000000139
vn -0.942367792130 -0.334578841925 -0.000000003218
vn -0.942367792130 -0.334578961134 0.000000000000
vn 0.997484147549 0.070888839662 0.000000006463
vn 0.942367792130 0.334578663111 0.000000027942
vn 0.942367792130 0.334578812122 0.000000031160
vn -0.707107007504 -0.707106590271 0.000000000000
vn -0.707106590271 -0.707107007504 0.000000000000
vn -0.707107007504 0.707106590271 -0.000000016492
vn -0.707106769085 0.707106828690 -0.000000011846
vn -0.707107007504 0.707106590271 -0.000000011846
vn -0.707106411457 0.707107126713 -0.000000016492
vn -0.987087309361 0.160182625055 -0.000000008447
vn -0.987087428570 -0.160182535648 0.000000000000
vn -0.707106769085 -0.707106709480 0.000000000000
vn -0.707106411457 -0.707107126713 0.000000000000
vn -0.130527615547 0.991444706917 0.000000000000
vn -0.130527496338 0.991444706917 0.000000000000
vn -0.500001311302 0.866024672985 0.000000000000
vn -0.500001072884 0.866024792194 0.000000000000
vn -0.866024792194 0.500001013279 0.000000000000
vn -0.866024672985 0.500001370907 0.000000000000
vn -0.991444706917 0.130527555943 0.000000000000
vn -0.991444706917 0.130527615547 0.000000000000
vn -0.991444706917 -0.130527615547 0.000000000000
vn -0.991444706917 -0.130527555943 0.000000000000
vn -0.866024672985 -0.500001311302 0.000000000000
vn -0.866024792194 -0.500001072884 0.000000000000
vn -0.500001013279 -0.866024792194 0.000000000000
vn -0.500001370907 -0.866024672985 0.000000000000
vn -0.130524232984 -0.991445064545 0.000000000000
vn -0.130524381995 -0.991445064545 0.000000000000
vn 0.000003225539 -1.000000000000 0.000000000000
vn 0.000003225540 -0.999999940395 0.000000000000
vn -0.000000050529 -1.000000000000 0.000000000000
vn 0.130527615547 -0.991444706917 0.000000000000
vn 0.130527660251 -0.991444587708 0.000000000000
vn 0.500001311302 -0.866024672985 0.000000000000
vn 0.500001072884 -0.866024792194 0.000000000000
vn 0.866024792194 -0.500001013279 0.000000000000
vn 0.866024672985 -0.500001370907 0.000000000000
vn 0.991444706917 -0.130527541041 0.000000000000
vn 0.991444706917 -0.130527615547 0.000000000000
vn 1.000000000000 0.000000000000 0.000000000000
vn 0.999999940395 0.000000000000 0.000000000000
vn 0.991444706917 0.130527615547 0.000000000000
vn 0.991444706917 0.130527541041 0.000000000000
vn 0.866024672985 0.500001311302 0.000000000000
vn 0.866024792194 0.500001072884 0.000000000000
vn 0.500001013279 0.866024792194 0.000000000000
vn 0.500001370907 0.866024672985 0.000000000000
vn 0.130527690053 0.991444706917 0.000000000000
vn 0.130527615547 0.991444706917 0.000000000000
vn -0.000000133044 1.000000000000 0.000000510127
vn -0.000000133044 1.000000000000 0.000000510125
vn -0.000000159655 1.000000000000 0.000000236446
vn 0.000000106437 -1.000000000000 -0.000000211938
vn 0.000000159646 -1.000000000000 -0.000001429189
vn 0.000000159646 -1.000000000000 -0.000001429196
vn 0.000000062680 0.000003559169 -1.000000000000
vn 0.000000054461 0.000003243659 -1.000000000000
vn 0.000000113029 0.000005492042 -1.000000000000
vn 0.000000000003 -0.000009380098 1.000000000000
vn 0.000001033777 -0.000003435588 1.000000000000
vn 0.000000609224 -0.000005876890 1.000000000000
vn -0.972836017609 0.001014598995 0.231493517756
vn -0.972928106785 0.001271695248 0.231104940176
vn -0.972928047180 -0.001273568021 0.231104925275
vn -0.972836017609 -0.001016202383 0.231493517756
vn 0.000000022307 1.000000000000 0.000000979779
vn -0.000000356737 1.000000000000 0.000000972672
vn -0.000000055546 1.000000000000 0.000001130285
vn -0.000000014353 1.000000000000 0.000001154015
vn -0.000000031081 -1.000000000000 -0.000000922748
vn -0.000000038640 -1.000000000000 -0.000000901003
vn -0.000000077281 -1.000000000000 -0.000000925623
vn -0.000000069125 -1.000000000000 -0.000000883393
vn 0.995926976204 -0.000000569858 0.090164557099
vn 0.995927035809 -0.000000569854 0.090164020658
vn -0.993311285973 0.001215534983 0.115460947156
vn -1.000000000000 -0.000000336043 0.000000016441
vn -1.000000000000 -0.000000224029 0.000000010961
vn -0.993311464787 0.001215522061 0.115459710360
vn -0.000000593388 1.000000000000 0.000001606366
vn -0.000000248534 1.000000000000 0.000001065817
vn 0.092595055699 -0.000008578946 0.995703935623
vn 0.092595018446 -0.000008578947 0.995703876019
vn -0.000000070299 -1.000000000000 -0.000000859341
vn 0.265392005444 0.000003865658 -0.964140594006
vn 0.265392035246 0.000003865658 -0.964140594006
vn 0.265392035246 0.000003865658 -0.964140653610
vn 0.995926976204 -0.000000292270 0.090164199471
vn 0.900224804878 -0.000001407960 0.435425400734
vn 0.900225162506 -0.000001407959 0.435424923897
vn 0.995926976204 -0.000000292269 0.090163990855
vn 0.639851331711 -0.000002486608 0.768498718739
vn 0.639851510525 -0.000002486607 0.768498659134
vn 0.354012906551 -0.000006666569 0.935240626335
vn 0.354012459517 -0.000006666571 0.935240745544
vn 0.639851629734 -0.000004848044 0.768498539925
vn 0.639851093292 -0.000004848046 0.768498897552
vn 0.265392154455 0.000007553092 -0.964140594006
vn 0.265392154455 0.000007553092 -0.964140653610
vn 0.265392154455 0.000007553091 -0.964140594006
vn 0.900224685669 -0.000002745009 0.435425937176
vn 0.900225222111 -0.000002745001 0.435424625874
vn -0.993311405182 -0.001217094949 0.115460157394
vn -0.993311405182 -0.001217098557 0.115460507572
vn -1.000000000000 0.000000288036 -0.000000006127
vn -1.000000000000 0.000000336042 -0.000000003063
vn -1.000000000000 0.000000224028 -0.000000002042
vn 0.000000000000 -0.000003235311 1.000000000000
vn 0.092594683170 -0.000003223129 0.995703876019
vn 0.092594668269 -0.000003223130 0.995703935623
vn 0.354012548923 -0.000003029136 0.935240745544
vn 0.354012459517 -0.000003029136 0.935240685940
vn -0.000000000020 1.000000000000 -0.000000182023
vn -0.000000000020 1.000000000000 -0.000000182007
vn -0.000000053217 1.000000000000 0.000000438872
vn -0.000000053217 1.000000000000 0.000000438868
vn 0.000000053221 -1.000000000000 -0.000000128426
vn 0.000000053218 -1.000000000000 -0.000000128428
vn 0.000000159647 -1.000000000000 -0.000001370183
vn 0.000000159647 -1.000000000000 -0.000001370199
vn -1.000000000000 -0.000000336044 -0.000000003064
vn -1.000000000000 -0.000000224029 -0.000000002043
vn -1.000000000000 -0.000000256033 -0.000000000000
vn -1.000000000000 -0.000000384049 -0.000000000000
vn -1.000000000000 0.000000384048 0.000000000000
vn -1.000000000000 0.000000256032 0.000000000000
vn -1.000000000000 0.000000384048 0.000000000001
vn -1.000000000000 -0.000000288037 -0.000000006127
vn -1.000000000000 -0.000000384049 0.000000000000
vn -1.000000000000 -0.000000256033 0.000000000000
vn -0.000000133591 1.000000000000 0.000000442887
vn -0.000000133619 1.000000000000 0.000000442562
vn -0.000000030124 -1.000000000000 -0.000000500144
vn -0.000000030135 -1.000000000000 -0.000000500266
vn -1.000000000000 0.000000224028 0.000000010961
vn -1.000000000000 0.000000336042 0.000000016441
vn -0.000000159723 1.000000000000 -0.000000203096
vn -0.000000159733 1.000000000000 -0.000000203144
vn 0.000000000006 -1.000000000000 -0.000000107325
vn 0.000000000006 -1.000000000000 -0.000000107314
vn -0.000000053241 1.000000000000 -0.000000203135
vn -0.000000053246 1.000000000000 -0.000000203110
vn 0.000000000006 -1.000000000000 -0.000000107317
vn 0.000000000006 -1.000000000000 -0.000000107322
vn -1.000000000000 0.000000000000 0.000000000000
vn 0.000000301232 0.000000578897 -1.000000000000
vn -0.000000060246 0.000000114397 1.000000000000
vn 0.000000120493 -0.000000114397 -1.000000000000
vn -0.000000361479 1.000000000000 0.000000113904
vn 0.000000361479 -1.000000000000 -0.000000113904
vn 0.000000361478 -1.000000000000 -0.000000113904
vn 0.000000000000 -0.000000162921 1.000000000000
vn 0.000000361479 0.000000440238 -1.000000000000
vn 0.000000000000 1.000000000000 0.000000024949
vn 0.000000000000 -1.000000000000 -0.000000024949
vn 0.000000120493 -1.000000000000 0.000000003880
vn -0.000000120493 1.000000000000 -0.000000003880
vn 0.972097218037 0.000000124757 -0.234578594565
vn -0.263742446899 0.000000520682 -0.964593231678
vn -0.263742446899 0.000000520682 -0.964593112469
vn 0.000000000000 -0.000000532677 1.000000000000
vn -0.205423101783 -0.000000521303 0.978673338890
vn -0.205423101783 -0.000000521302 0.978673279285
vn -0.205423101783 -0.000000521303 0.978673279285
vn -0.205423131585 -0.000000521303 0.978673338890
vn -0.000000123728 1.000000000000 0.000001330670
vn -0.000001004631 1.000000000000 0.000001561040
vn -0.000000820164 1.000000000000 0.000001106285
vn -0.000000171301 -1.000000000000 -0.000000901222
vn 0.000000650079 -1.000000000000 -0.000000670826
vn 0.000000081120 -1.000000000000 -0.000001003119
vn -0.000000324227 -1.000000000000 -0.000001073645
vn 0.000000609224 -0.000002348645 1.000000000000
vn 0.000001033777 -0.000001730750 1.000000000000
vn 0.000000995151 -1.000000000000 -0.000000917016
vn 0.000000820164 -1.000000000000 -0.000001106285
vn 0.000001004632 -1.000000000000 -0.000001561041
vn -0.000000060985 -1.000000000000 -0.000000822554
vn 0.000000000000 -1.000000000000 -0.000000689032
vn 0.000000699257 1.000000000000 0.000001456178
vn 0.000000060985 1.000000000000 0.000000822554
vn 0.000000191029 1.000000000000 0.000001028224
vn 0.000000000000 1.000000000000 0.000000689032
vn 0.000000056801 1.000000000000 0.000001088640
vn -0.000000308841 1.000000000000 0.000000809512
vn -0.000000154420 1.000000000000 0.000000874739
vn 0.000000249500 -1.000000000000 -0.000001005837
vn 0.000000560916 -1.000000000000 -0.000001052693
vn -0.000000379086 1.000000000000 0.000000915286
vn 0.000000363625 1.000000000000 0.000001327285
vn 0.000000386051 -1.000000000000 -0.000000971160
vn 0.000000077223 1.000000000000 0.000000919576
vn -0.000000932028 1.000000000000 0.000001493130
vn -0.000000819716 1.000000000000 0.000001112941
vn 0.000000533169 -1.000000000000 -0.000001273450
vn 0.000000789053 -1.000000000000 -0.000001319999
vn 0.000000755258 -1.000000000000 -0.000001381404
vn 0.000000331379 -1.000000000000 -0.000001366783
vn 0.000000205200 -1.000000000000 -0.000001169002
vn 0.000000241601 -1.000000000000 -0.000001178516
vn -0.000000024492 -1.000000000000 -0.000000988363
vn -0.000000243507 -1.000000000000 -0.000000787193
vn 0.000000597223 1.000000000000 0.000000747649
vn -0.000000657339 1.000000000000 0.000001759633
vn -0.000000466544 1.000000000000 0.000000900298
vn 0.000000820118 1.000000000000 0.000000310091
vn 0.000000113030 0.000004050978 -1.000000000000
vn 0.000000054461 0.000002549323 -1.000000000000
vn 0.000000062680 0.000002760051 -1.000000000000
vn -0.000000215712 1.000000000000 0.000000396846
vn 0.000000181437 -1.000000000000 -0.000000384047
vn 0.499999254942 0.000000341182 -0.866025805473
vn 0.499999254942 0.000000341182 -0.866025865078
vn 0.499999284744 0.000000341182 -0.866025865078
vn 0.866025447845 -0.000000197214 0.499999940395
vn 0.866025447845 -0.000000197214 0.499999910593
vn -0.500000178814 -0.000000222948 0.866025328636
vn -0.500000238419 -0.000000222948 0.866025388241
vn -0.866025090218 0.000000125557 -0.500000536442
vn -0.866025149822 0.000000125557 -0.500000536442
# 746 vertex normals

vt 0.750000000000 0.000000000000 0.000000000000
vt 0.791666626930 0.000000000000 0.000000000000
vt 0.791666626930 1.000000000000 0.000000000000
vt 0.750000000000 1.000000000000 0.000000000000
vt 0.833333313465 0.000000000000 0.000000000000
vt 0.833333313465 1.000000000000 0.000000000000
vt 0.875000000000 0.000000000000 0.000000000000
vt 0.875000000000 1.000000000000 0.000000000000
vt 0.916666686535 0.000000000000 0.000000000000
vt 0.916666686535 1.000000000000 0.000000000000
vt 0.958333313465 0.000000000000 0.000000000000
vt 0.958333313465 1.000000000000 0.000000000000
vt 0.999999940395 0.000000000000 0.000000000000
vt 0.999999940395 1.000000000000 0.000000000000
vt -0.000000059605 0.000000000000 0.000000000000
vt 0.041666656733 0.000000000000 0.000000000000
vt 0.041666656733 1.000000000000 0.000000000000
vt -0.000000059605 1.000000000000 0.000000000000
vt 0.083333313465 0.000000000000 0.000000000000
vt 0.083333313465 1.000000000000 0.000000000000
vt 0.124999970198 0.000000000000 0.000000000000
vt 0.124999970198 1.000000000000 0.000000000000
vt 0.166666626930 0.000000000000 0.000000000000
vt 0.166666626930 1.000000000000 0.000000000000
vt 0.208333283663 0.000000000000 0.000000000000
vt 0.208333283663 1.000000000000 0.000000000000
vt 0.249999940395 0.000000000000 0.000000000000
vt 0.249999940395 1.000000000000 0.000000000000
vt 0.291666626930 0.000000000000 0.000000000000
vt 0.291666626930 1.000000000000 0.000000000000
vt 0.333333253860 0.000000000000 0.000000000000
vt 0.333333253860 1.000000000000 0.000000000000
vt 0.374999910593 0.000000000000 0.000000000000
vt 0.374999910593 1.000000000000 0.000000000000
vt 0.416666597128 0.000000000000 0.000000000000
vt 0.416666597128 1.000000000000 0.000000000000
vt 0.458333253860 0.000000000000 0.000000000000
vt 0.458333253860 1.000000000000 0.000000000000
vt 0.499999910593 0.000000000000 0.000000000000
vt 0.499999910593 1.000000000000 0.000000000000
vt 0.541666567326 0.000000000000 0.000000000000
vt 0.541666567326 1.000000000000 0.000000000000
vt 0.583333253860 0.000000000000 0.000000000000
vt 0.583333253860 1.000000000000 0.000000000000
vt 0.624999880791 0.000000000000 0.000000000000
vt 0.624999880791 1.000000000000 0.000000000000
vt 0.666666567326 0.000000000000 0.000000000000
vt 0.666666567326 1.000000000000 0.000000000000
vt 0.708333253860 0.000000000000 0.000000000000
vt 0.708333253860 1.000000000000 0.000000000000
vt 0.500000000000 1.000000000000 0.000000000000
vt 0.000000000000 0.299999892712 0.000000000000
vt 0.000000000000 0.149999946356 0.000000000000
vt -0.072580628097 0.537499964237 0.000000000000
vt -0.120967775583 0.612500011921 0.000000000000
vt 0.806451559067 0.000000000000 0.000000000000
vt 0.806451559067 1.000000000000 0.000000000000
vt 0.193548411131 1.000000000000 0.000000000000
vt 0.193548411131 0.000000000000 0.000000000000
vt 0.149999946356 0.000000000000 0.000000000000
vt 0.291571974754 0.000000000000 0.000000000000
vt 0.290760874748 1.000000000000 0.000000000000
vt 0.149999976158 1.000000000000 0.000000000000
vt 0.700000047684 0.000000000000 0.000000000000
vt 0.700000107288 1.000000000000 0.000000000000
vt 0.418478250504 1.000000000000 0.000000000000
vt 0.416856050491 0.000000000000 0.000000000000
vt 0.193548411131 0.750000000000 0.000000000000
vt 0.806451559067 0.750000000000 0.000000000000
vt 1.000000000000 0.709239125252 0.000000000000
vt 1.000000000000 0.615740776062 0.000000000000
vt 1.000000000000 0.586805582047 0.000000000000
vt 1.000000000000 0.731577813625 0.000000000000
vt 0.806451559067 0.500000000000 0.000000000000
vt 0.193548411131 0.500000000000 0.000000000000
vt 0.000000000000 0.682581007481 0.000000000000
vt 0.000000000000 0.629918992519 0.000000000000
vt 0.000000000000 0.625000000000 0.000000000000
vt 0.000000000000 0.687500000000 0.000000000000
vt 0.903225779533 0.000000000000 0.000000000000
vt 0.903225779533 1.000000000000 0.000000000000
vt 1.000000000000 0.000000000000 0.000000000000
vt 1.000000000000 1.000000000000 0.000000000000
vt 0.096774205565 1.000000000000 0.000000000000
vt 0.096774205565 0.000000000000 0.000000000000
vt 0.000000000000 1.000000000000 0.000000000000
vt 0.000000000000 0.000000000000 0.000000000000
vt 0.299999952316 0.000000000000 0.000000000000
vt 0.299999892712 1.000000000000 0.000000000000
vt 0.149999946356 1.000000000000 0.000000000000
vt 0.149999976158 0.000000000000 0.000000000000
vt 0.074999988079 1.000000000000 0.000000000000
vt 0.074999973178 0.000000000000 0.000000000000
vt 0.850000023842 0.000000000000 0.000000000000
vt 0.850000023842 1.000000000000 0.000000000000
vt 0.925000011921 0.000000000000 0.000000000000
vt 0.925000011921 1.000000000000 0.000000000000
vt 1.000000000000 0.581521749496 0.000000000000
vt 1.000000000000 0.540760874748 0.000000000000
vt 1.000000000000 0.500000000000 0.000000000000
vt 0.096774205565 0.750000000000 0.000000000000
vt 0.000000000000 0.750000000000 0.000000000000
vt 0.903225779533 0.750000000000 0.000000000000
vt 1.000000000000 0.750000000000 0.000000000000
vt 0.000000000000 0.709239125252 0.000000000000
vt 0.000000000000 0.729619562626 0.000000000000
vt 0.903225779533 0.500000000000 0.000000000000
vt 0.096774205565 0.500000000000 0.000000000000
vt 0.000000000000 0.500000000000 0.000000000000
vt 0.000000000000 0.581521749496 0.000000000000
vt 0.000000000000 0.540760874748 0.000000000000
vt 1.000000000000 0.729619562626 0.000000000000
vt 0.000000000000 0.699048936367 0.000000000000
vt 0.000000000000 0.601902127266 0.000000000000
vt 0.000000000000 0.601902186871 0.000000000000
vt 0.000000000000 0.624999940395 0.000000000000
vt 0.000000000000 0.925000011921 0.000000000000
vt -0.072580508888 0.731250047684 0.000000000000
vt 0.000000000000 0.850000023842 0.000000000000
vt -0.120967552066 0.693750143051 0.000000000000
vt 1.072580575943 0.731250047684 0.000000000000
vt 1.000000000000 0.925000011921 0.000000000000
vt 1.120967626572 0.693749964237 0.000000000000
vt 1.000000000000 0.850000023842 0.000000000000
vt 1.000000000000 0.149999946356 0.000000000000
vt 1.072580575943 0.537500083447 0.000000000000
vt 1.000000000000 0.299999892712 0.000000000000
vt 1.120967626572 0.612500011921 0.000000000000
vt 0.393467366695 2.333333015442 0.000000000000
vt 0.373086959124 2.333333015442 0.000000000000
vt 1.000000000000 0.742631435394 0.000000000000
vt 1.000000000000 0.125000000000 0.000000000000
vt 0.000000000000 0.125000000000 0.000000000000
vt 0.500000000000 0.500000000000 0.000000000000
vt 0.125000000000 0.000000000000 0.000000000000
vt 0.125000000000 1.000000000000 0.000000000000
vt 0.250000000000 0.500000000000 0.000000000000
vt 0.250000000000 0.750000000000 0.000000000000
vt 0.691146373749 0.000000000000 0.000000000000
vt 0.691146373749 0.500000000000 0.000000000000
vt 0.500000000000 0.000000000000 0.000000000000
vt 0.625000000000 0.000000000000 0.000000000000
vt 0.625000000000 0.500000000000 0.000000000000
vt 0.500000000000 0.750000000000 0.000000000000
vt 0.691146373749 0.750000000000 0.000000000000
vt 0.845573186874 0.750000000000 0.000000000000
vt 0.845573186874 1.000000000000 0.000000000000
vt 0.691146373749 1.000000000000 0.000000000000
vt 0.845573186874 0.000000000000 0.000000000000
vt 0.845573186874 0.500000000000 0.000000000000
vt 0.875000000000 0.750000000000 0.000000000000
vt 1.000000000000 0.265625000000 0.000000000000
vt 0.000000000000 0.265625000000 0.000000000000
vt 0.000000000000 0.250000000000 0.000000000000
vt 1.000000000000 0.250000000000 0.000000000000
vt 0.250000000000 0.000000000000 0.000000000000
vt 0.265625000000 0.000000000000 0.000000000000
vt 0.265625000000 1.000000000000 0.000000000000
vt 0.250000000000 1.000000000000 0.000000000000
vt 0.875000000000 0.500000000000 0.000000000000
vt 0.750000000000 0.500000000000 0.000000000000
vt 0.734375000000 1.000000000000 0.000000000000
vt 0.734375000000 0.750000000000 0.000000000000
vt 0.750000000000 0.750000000000 0.000000000000
vt 0.687500000000 0.000000000000 0.000000000000
vt 0.687500000000 0.500000000000 0.000000000000
vt 1.000000000000 0.375000000000 0.000000000000
vt 0.000000000000 0.375000000000 0.000000000000
vt 0.375000000000 1.000000000000 0.000000000000
vt 0.375000000000 0.000000000000 0.000000000000
vt 0.625000000000 0.750000000000 0.000000000000
vt 0.625000000000 1.000000000000 0.000000000000
vt 0.000000000000 0.312500000000 0.000000000000
vt 1.000000000000 0.312500000000 0.000000000000
vt 0.312500000000 1.000000000000 0.000000000000
vt 0.312500000000 0.000000000000 0.000000000000
vt 0.687500000000 0.750000000000 0.000000000000
vt 0.687500000000 1.000000000000 0.000000000000
vt 0.718750000000 0.000000000000 0.000000000000
vt 0.718750000000 0.500000000000 0.000000000000
vt 0.000000000000 0.281250000000 0.000000000000
vt 1.000000000000 0.281250000000 0.000000000000
vt 0.281250000000 1.000000000000 0.000000000000
vt 0.281250000000 0.000000000000 0.000000000000
vt 0.718750000000 0.750000000000 0.000000000000
vt 0.718750000000 1.000000000000 0.000000000000
vt 0.734375000000 0.000000000000 0.000000000000
vt 0.734375000000 0.500000000000 0.000000000000
vt 0.375000000000 0.750000000000 0.000000000000
vt 0.375000000000 0.500000000000 0.000000000000
# 190 texture coords

usemtl 08___Default
s off
f 113/124/174 114/125/175 115/126/176
f 115/126/176 116/127/177 113/124/174
f 114/125/175 117/128/178 118/129/178
f 118/129/178 115/126/176 114/125/175
f 117/128/178 119/130/179 120/131/179
f 120/131/179 118/129/178 117/128/178
f 119/130/179 121/132/180 122/133/180
f 122/133/180 120/131/179 119/130/179
f 121/132/180 123/134/181 124/135/181
f 124/135/181 122/133/180 121/132/180
f 123/134/181 125/136/182 126/137/182
f 126/137/182 124/135/181 123/134/181
f 125/138/182 127/139/183 128/140/183
f 128/140/183 126/141/182 125/138/182
f 127/139/183 129/142/184 130/143/185
f 130/143/185 128/140/183 127/139/183
f 129/142/184 131/144/186 132/145/186
f 132/145/186 130/143/185 129/142/184
f 131/144/186 133/146/187 134/147/188
f 134/147/188 132/145/186 131/144/186
f 133/146/187 135/148/189 136/149/190
f 136/149/190 134/147/188 133/146/187
f 135/148/189 137/150/191 138/151/192
f 138/151/192 136/149/190 135/148/189
f 137/150/191 139/152/193 140/153/194
f 140/153/194 138/151/192 137/150/191
f 139/152/193 141/154/195 142/155/196
f 142/155/196 140/153/194 139/152/193
f 141/154/195 143/156/197 144/157/198
f 144/157/198 142/155/196 141/154/195
f 143/156/197 145/158/199 146/159/199
f 146/159/199 144/157/198 143/156/197
f 145/158/199 147/160/200 148/161/201
f 148/161/201 146/159/199 145/158/199
f 147/160/200 149/162/202 150/163/202
f 150/163/202 148/161/201 147/160/200
f 149/162/202 151/164/203 152/165/204
f 152/165/204 150/163/202 149/162/202
f 151/164/203 153/166/205 154/167/206
f 154/167/206 152/165/204 151/164/203
f 153/166/205 155/168/207 156/169/207
f 156/169/207 154/167/206 153/166/205
f 155/168/207 157/170/208 158/171/208
f 158/171/208 156/169/207 155/168/207
f 157/170/208 159/172/209 160/173/210
f 160/173/210 158/171/208 157/170/208
f 159/172/209 113/124/174 116/127/177
f 116/127/177 160/173/210 159/172/209
f 115/126/211 161/126/212 162/127/213
f 162/127/213 116/127/214 115/126/211
f 118/129/215 163/129/216 161/126/212
f 161/126/212 115/126/211 118/129/215
f 120/131/217 164/131/218 163/129/216
f 163/129/216 118/129/215 120/131/217
f 122/133/219 165/133/220 164/131/218
f 164/131/218 120/131/217 122/133/219
f 124/135/221 166/135/222 165/133/220
f 165/133/220 122/133/219 124/135/221
f 126/137/223 167/137/224 166/135/222
f 166/135/222 124/135/221 126/137/223
f 168/140/225 169/140/226 167/141/224
f 167/141/224 126/141/223 168/140/225
f 130/143/227 170/143/228 168/140/225
f 168/140/225 128/140/229 130/143/227
f 132/145/230 171/145/231 170/143/228
f 170/143/228 130/143/227 132/145/230
f 132/145/230 134/147/232 171/145/231
f 136/149/233 172/149/234 173/147/235
f 173/147/235 134/147/232 136/149/233
f 138/151/236 174/151/237 172/149/234
f 172/149/234 136/149/233 138/151/236
f 140/153/238 175/153/239 174/151/237
f 174/151/237 138/151/236 140/153/238
f 142/155/240 176/155/241 175/153/239
f 175/153/239 140/153/238 142/155/240
f 144/157/242 177/157/243 176/155/241
f 176/155/241 142/155/240 144/157/242
f 146/159/244 178/159/245 177/157/243
f 177/157/243 144/157/242 146/159/244
f 148/161/246 179/161/247 178/159/245
f 178/159/245 146/159/244 148/161/246
f 150/163/248 180/163/249 179/161/247
f 179/161/247 148/161/246 150/163/248
f 152/165/250 181/165/251 180/163/249
f 180/163/249 150/163/248 152/165/250
f 154/167/252 182/167/253 181/165/251
f 181/165/251 152/165/250 154/167/252
f 156/169/254 183/169/255 182/167/253
f 182/167/253 154/167/252 156/169/254
f 158/171/256 184/171/257 183/169/255
f 183/169/255 156/169/254 158/171/256
f 160/173/258 185/173/259 184/171/257
f 184/171/257 158/171/256 160/173/258
f 116/127/214 162/127/213 185/173/259
f 185/173/259 160/173/258 116/127/214
f 162/127/260 161/126/260 186/126/260
f 186/126/260 187/127/260 162/127/260
f 161/126/260 163/129/260 188/129/260
f 188/129/260 186/126/260 161/126/260
f 163/129/260 164/131/260 189/131/260
f 189/131/260 188/129/260 163/129/260
f 164/131/260 165/133/260 190/133/261
f 190/133/261 189/131/260 164/131/260
f 165/133/260 166/135/260 191/135/260
f 191/135/260 190/133/261 165/133/260
f 166/135/260 167/137/260 192/137/261
f 192/137/261 191/135/260 166/135/260
f 167/141/260 169/140/260 193/140/260
f 193/140/260 192/141/261 167/141/260
f 194/145/260 173/147/260 195/147/260
f 195/147/260 196/145/260 194/145/260
f 173/147/260 172/149/260 197/149/260
f 197/149/260 195/147/260 173/147/260
f 172/149/260 174/151/260 198/151/260
f 198/151/260 197/149/260 172/149/260
f 174/151/260 175/153/260 199/153/260
f 199/153/260 198/151/260 174/151/260
f 175/153/260 176/155/260 200/155/260
f 200/155/260 199/153/260 175/153/260
f 176/155/260 177/157/260 201/157/260
f 201/157/260 200/155/260 176/155/260
f 177/157/260 178/159/260 202/159/260
f 202/159/260 201/157/260 177/157/260
f 178/159/260 179/161/260 203/161/260
f 203/161/260 202/159/260 178/159/260
f 179/161/260 180/163/260 204/163/260
f 204/163/260 203/161/260 179/161/260
f 180/163/260 181/165/260 205/165/261
f 205/165/261 204/163/260 180/163/260
f 181/165/260 182/167/260 206/167/260
f 206/167/260 205/165/261 181/165/260
f 182/167/260 183/169/260 207/169/260
f 207/169/260 206/167/260 182/167/260
f 183/169/260 184/171/260 208/171/260
f 208/171/260 207/169/260 183/169/260
f 184/171/260 185/173/260 209/173/260
f 209/173/260 208/171/260 184/171/260
f 185/173/260 162/127/260 187/127/260
f 187/127/260 209/173/260 185/173/260
f 187/127/262 186/126/263 210/126/263
f 210/126/263 211/127/262 187/127/262
f 186/126/263 188/129/264 212/129/264
f 212/129/264 210/126/263 186/126/263
f 188/129/264 189/131/265 213/131/265
f 213/131/265 212/129/264 188/129/264
f 189/131/265 190/133/266 214/133/266
f 214/133/266 213/131/265 189/131/265
f 190/133/266 191/135/267 215/135/267
f 215/135/267 214/133/266 190/133/266
f 191/135/267 192/137/268 216/137/268
f 216/137/268 215/135/267 191/135/267
f 192/141/268 193/140/269 217/140/270
f 217/140/270 216/141/268 192/141/268
f 193/140/269 218/143/271 219/143/272
f 219/143/272 217/140/270 193/140/269
f 218/143/271 196/145/273 220/145/274
f 220/145/274 219/143/272 218/143/271
f 196/145/273 195/147/275 221/147/275
f 221/147/275 220/145/274 196/145/273
f 195/147/275 197/149/276 222/149/276
f 222/149/276 221/147/275 195/147/275
f 197/149/276 198/151/277 223/151/277
f 223/151/277 222/149/276 197/149/276
f 198/151/277 199/153/278 224/153/278
f 224/153/278 223/151/277 198/151/277
f 199/153/278 200/155/279 225/155/279
f 225/155/279 224/153/278 199/153/278
f 200/155/279 201/157/280 226/157/280
f 226/157/280 225/155/279 200/155/279
f 201/157/280 202/159/281 227/159/281
f 227/159/281 226/157/280 201/157/280
f 202/159/281 203/161/282 228/161/282
f 228/161/282 227/159/281 202/159/281
f 203/161/282 204/163/283 229/163/283
f 229/163/283 228/161/282 203/161/282
f 204/163/283 205/165/284 230/165/284
f 230/165/284 229/163/283 204/163/283
f 205/165/284 206/167/285 231/167/285
f 231/167/285 230/165/284 205/165/284
f 206/167/285 207/169/286 232/169/286
f 232/169/286 231/167/285 206/167/285
f 207/169/286 208/171/287 233/171/287
f 233/171/287 232/169/286 207/169/286
f 208/171/287 209/173/288 234/173/288
f 234/173/288 233/171/287 208/171/287
f 209/173/288 187/127/262 211/127/262
f 211/127/262 234/173/288 209/173/288
f 211/127/289 210/126/290 235/126/290
f 235/126/290 236/127/289 211/127/289
f 210/126/290 212/129/291 237/129/292
f 237/129/292 235/126/290 210/126/290
f 212/129/291 213/131/293 238/131/294
f 238/131/294 237/129/292 212/129/291
f 213/131/293 214/133/295 239/133/296
f 239/133/296 238/131/294 213/131/293
f 214/133/295 215/135/297 240/135/297
f 240/135/297 239/133/296 214/133/295
f 215/135/297 216/137/298 241/137/298
f 241/137/298 240/135/297 215/135/297
f 216/141/298 217/140/299 242/140/299
f 242/140/299 241/141/298 216/141/298
f 217/140/299 219/143/300 243/143/300
f 243/143/300 242/140/299 217/140/299
f 219/143/300 220/145/301 244/145/301
f 244/145/301 243/143/300 219/143/300
f 220/145/301 221/147/302 245/147/302
f 245/147/302 244/145/301 220/145/301
f 221/147/302 222/149/303 246/149/303
f 246/149/303 245/147/302 221/147/302
f 222/149/303 223/151/304 247/151/304
f 247/151/304 246/149/303 222/149/303
f 223/151/304 224/153/305 248/153/306
f 248/153/306 247/151/304 223/151/304
f 224/153/305 225/155/307 249/155/307
f 249/155/307 248/153/306 224/153/305
f 225/155/307 226/157/308 250/157/308
f 250/157/308 249/155/307 225/155/307
f 226/157/308 227/159/309 251/159/309
f 251/159/309 250/157/308 226/157/308
f 227/159/309 228/161/310 252/161/311
f 252/161/311 251/159/309 227/159/309
f 228/161/310 229/163/312 253/163/312
f 253/163/312 252/161/311 228/161/310
f 229/163/312 230/165/313 254/165/314
f 254/165/314 253/163/312 229/163/312
f 230/165/313 231/167/315 255/167/315
f 255/167/315 254/165/314 230/165/313
f 231/167/315 232/169/316 256/169/316
f 256/169/316 255/167/315 231/167/315
f 232/169/316 233/171/317 257/171/317
f 257/171/317 256/169/316 232/169/316
f 233/171/317 234/173/318 258/173/318
f 258/173/318 257/171/317 233/171/317
f 234/173/318 211/127/289 236/127/289
f 236/127/289 258/173/318 234/173/318
f 236/127/319 235/126/320 259/126/320
f 259/126/320 260/127/319 236/127/319
f 235/126/320 237/129/321 261/129/321
f 261/129/321 259/126/320 235/126/320
f 237/129/321 238/131/322 262/131/322
f 262/131/322 261/129/321 237/129/321
f 238/131/322 239/133/323 263/133/323
f 263/133/323 262/131/322 238/131/322
f 239/133/323 240/135/324 264/135/324
f 264/135/324 263/133/323 239/133/323
f 240/135/324 241/137/325 265/137/325
f 265/137/325 264/135/324 240/135/324
f 241/141/325 242/140/326 266/140/326
f 266/140/326 265/141/325 241/141/325
f 242/140/326 243/143/327 267/143/327
f 267/143/327 266/140/326 242/140/326
f 243/143/327 244/145/328 268/145/328
f 268/145/328 267/143/327 243/143/327
f 244/145/328 245/147/329 269/147/329
f 269/147/329 268/145/328 244/145/328
f 245/147/329 246/149/330 270/149/330
f 270/149/330 269/147/329 245/147/329
f 246/149/330 247/151/331 271/151/331
f 271/151/331 270/149/330 246/149/330
f 247/151/331 248/153/332 272/153/332
f 272/153/332 271/151/331 247/151/331
f 248/153/332 249/155/333 273/155/333
f 273/155/333 272/153/332 248/153/332
f 249/155/333 250/157/334 274/157/334
f 274/157/334 273/155/333 249/155/333
f 250/157/334 251/159/335 275/159/335
f 275/159/335 274/157/334 250/157/334
f 251/159/335 252/161/336 276/161/336
f 276/161/336 275/159/335 251/159/335
f 252/161/336 253/163/337 277/163/337
f 277/163/337 276/161/336 252/161/336
f 253/163/337 254/165/338 278/165/338
f 278/165/338 277/163/337 253/163/337
f 254/165/338 255/167/339 279/167/339
f 279/167/339 278/165/338 254/165/338
f 255/167/339 256/169/340 280/169/340
f 280/169/340 279/167/339 255/167/339
f 256/169/340 257/171/341 281/171/341
f 281/171/341 280/169/340 256/169/340
f 257/171/341 258/173/342 282/173/342
f 282/173/342 281/171/341 257/171/341
f 258/173/342 236/127/319 260/127/319
f 260/127/319 282/173/342 258/173/342
f 260/127/343 259/126/344 283/174/345
f 259/126/344 261/129/346 283/174/345
f 261/129/346 262/131/347 283/174/345
f 262/131/347 263/133/348 283/174/345
f 263/133/348 264/135/349 283/174/345
f 264/135/349 265/137/350 283/174/345
f 265/141/350 266/140/351 283/174/345
f 266/140/351 267/143/352 283/174/345
f 267/143/352 268/145/353 283/174/345
f 268/145/353 269/147/354 283/174/345
f 269/147/354 270/149/355 283/174/345
f 270/149/355 271/151/356 283/174/345
f 271/151/356 272/153/357 283/174/345
f 272/153/357 273/155/358 283/174/345
f 273/155/358 274/157/359 283/174/345
f 274/157/359 275/159/360 283/174/345
f 275/159/360 276/161/361 283/174/345
f 276/161/361 277/163/362 283/174/345
f 277/163/362 278/165/363 283/174/345
f 278/165/363 279/167/364 283/174/345
f 279/167/364 280/169/365 283/174/345
f 280/169/365 281/171/366 283/174/345
f 281/171/366 282/173/367 283/174/345
f 282/173/367 260/127/343 283/174/345
f 193/140/368 169/140/369 284/140/370
f 284/140/370 285/140/368 193/140/368
f 194/145/371 196/145/372 286/145/372
f 286/145/372 287/145/373 194/145/371
f 218/143/271 193/140/269 285/140/374
f 285/140/374 288/143/271 218/143/271
f 196/145/273 218/143/271 288/143/271
f 288/143/271 286/145/375 196/145/273
f 169/140/369 168/140/376 289/140/377
f 289/140/377 284/140/370 169/140/369
f 171/145/378 194/145/371 287/145/373
f 287/145/373 290/145/379 171/145/378
f 168/140/380 170/143/381 291/143/381
f 291/143/381 289/140/380 168/140/380
f 170/143/381 171/145/382 290/145/382
f 290/145/382 291/143/381 170/143/381
f 292/143/383 288/143/384 285/140/385
f 285/140/385 284/140/386 292/143/383
f 291/143/387 290/145/388 287/145/389
f 287/145/389 292/143/383 291/143/387
f 284/140/386 289/140/390 291/143/387
f 291/143/387 292/143/383 284/140/386
f 287/145/389 286/145/391 288/143/384
f 288/143/384 292/143/383 287/145/389
f 126/141/223 128/140/229 168/140/225
f 173/147/235 194/145/392 171/145/231
f 171/145/231 134/147/232 173/147/235
f 293/124/393 294/125/394 295/126/394
f 295/126/394 296/127/393 293/124/393
f 294/125/394 297/128/395 298/129/395
f 298/129/395 295/126/394 294/125/394
f 297/128/395 299/130/396 300/131/397
f 300/131/397 298/129/395 297/128/395
f 299/130/396 301/132/398 302/133/399
f 302/133/399 300/131/397 299/130/396
f 301/132/398 303/134/400 304/135/400
f 304/135/400 302/133/399 301/132/398
f 303/134/400 305/136/401 306/137/401
f 306/137/401 304/135/400 303/134/400
f 305/138/401 307/139/402 308/140/403
f 308/140/403 306/141/401 305/138/401
f 307/139/402 309/142/404 310/143/405
f 310/143/405 308/140/403 307/139/402
f 309/142/404 311/144/406 312/145/407
f 312/145/407 310/143/405 309/142/404
f 311/144/406 313/146/408 314/147/409
f 314/147/409 312/145/407 311/144/406
f 313/146/408 315/148/410 316/149/411
f 316/149/411 314/147/409 313/146/408
f 315/148/410 317/150/412 318/151/413
f 318/151/413 316/149/411 315/148/410
f 317/150/412 319/152/414 320/153/415
f 320/153/415 318/151/413 317/150/412
f 319/152/414 321/154/416 322/155/417
f 322/155/417 320/153/415 319/152/414
f 321/154/416 323/156/418 324/157/418
f 324/157/418 322/155/417 321/154/416
f 323/156/418 325/158/335 326/159/335
f 326/159/335 324/157/418 323/156/418
f 325/158/335 327/160/419 328/161/420
f 328/161/420 326/159/335 325/158/335
f 327/160/419 329/162/421 330/163/421
f 330/163/421 328/161/420 327/160/419
f 329/162/421 331/164/422 332/165/423
f 332/165/423 330/163/421 329/162/421
f 331/164/422 333/166/424 334/167/425
f 334/167/425 332/165/423 331/164/422
f 333/166/424 335/168/274 336/169/274
f 336/169/274 334/167/425 333/166/424
f 335/168/274 337/170/426 338/171/427
f 338/171/427 336/169/274 335/168/274
f 337/170/426 339/172/428 340/173/428
f 340/173/428 338/171/427 337/170/426
f 339/172/428 293/124/393 296/127/393
f 296/127/393 340/173/428 339/172/428
f 295/126/429 341/126/430 342/127/431
f 342/127/431 296/127/432 295/126/429
f 298/129/433 343/129/434 341/126/430
f 341/126/430 295/126/429 298/129/433
f 300/131/435 344/131/436 343/129/434
f 343/129/434 298/129/433 300/131/435
f 302/133/437 345/133/438 344/131/436
f 344/131/436 300/131/435 302/133/437
f 304/135/439 346/135/440 345/133/438
f 345/133/438 302/133/437 304/135/439
f 306/137/441 347/137/442 346/135/440
f 346/135/440 304/135/439 306/137/441
f 348/140/443 349/140/444 347/141/442
f 347/141/442 306/141/441 348/140/443
f 310/143/445 350/143/446 348/140/443
f 348/140/443 308/140/447 310/143/445
f 312/145/448 351/145/449 350/143/446
f 350/143/446 310/143/445 312/145/448
f 312/145/448 314/147/450 351/145/449
f 316/149/451 352/149/452 353/147/453
f 353/147/453 314/147/450 316/149/451
f 318/151/454 354/151/455 352/149/452
f 352/149/452 316/149/451 318/151/454
f 320/153/456 355/153/457 354/151/455
f 354/151/455 318/151/454 320/153/456
f 322/155/458 356/155/459 355/153/457
f 355/153/457 320/153/456 322/155/458
f 324/157/460 357/157/461 356/155/459
f 356/155/459 322/155/458 324/157/460
f 326/159/462 358/159/463 357/157/461
f 357/157/461 324/157/460 326/159/462
f 328/161/464 359/161/465 358/159/463
f 358/159/463 326/159/462 328/161/464
f 330/163/466 360/163/467 359/161/465
f 359/161/465 328/161/464 330/163/466
f 332/165/468 361/165/469 360/163/467
f 360/163/467 330/163/466 332/165/468
f 334/167/470 362/167/471 361/165/469
f 361/165/469 332/165/468 334/167/470
f 336/169/472 363/169/473 362/167/471
f 362/167/471 334/167/470 336/169/472
f 338/171/474 364/171/475 363/169/473
f 363/169/473 336/169/472 338/171/474
f 340/173/476 365/173/477 364/171/475
f 364/171/475 338/171/474 340/173/476
f 296/127/432 342/127/431 365/173/477
f 365/173/477 340/173/476 296/127/432
f 342/127/260 341/126/260 366/126/260
f 366/126/260 367/127/260 342/127/260
f 341/126/260 343/129/261 368/129/260
f 368/129/260 366/126/260 341/126/260
f 343/129/261 344/131/260 369/131/260
f 369/131/260 368/129/260 343/129/261
f 344/131/260 345/133/260 370/133/260
f 370/133/260 369/131/260 344/131/260
f 345/133/260 346/135/260 371/135/260
f 371/135/260 370/133/260 345/133/260
f 346/135/260 347/137/260 372/137/260
f 372/137/260 371/135/260 346/135/260
f 347/141/260 349/140/261 373/140/260
f 373/140/260 372/141/260 347/141/260
f 374/145/260 353/147/261 375/147/260
f 375/147/260 376/145/260 374/145/260
f 353/147/261 352/149/260 377/149/260
f 377/149/260 375/147/260 353/147/261
f 352/149/260 354/151/261 378/151/260
f 378/151/260 377/149/260 352/149/260
f 354/151/261 355/153/260 379/153/260
f 379/153/260 378/151/260 354/151/261
f 355/153/260 356/155/260 380/155/260
f 380/155/260 379/153/260 355/153/260
f 356/155/260 357/157/260 381/157/260
f 381/157/260 380/155/260 356/155/260
f 357/157/260 358/159/260 382/159/260
f 382/159/260 381/157/260 357/157/260
f 358/159/260 359/161/260 383/161/260
f 383/161/260 382/159/260 358/159/260
f 359/161/260 360/163/260 384/163/260
f 384/163/260 383/161/260 359/161/260
f 360/163/260 361/165/260 385/165/260
f 385/165/260 384/163/260 360/163/260
f 361/165/260 362/167/260 386/167/260
f 386/167/260 385/165/260 361/165/260
f 362/167/260 363/169/260 387/169/260
f 387/169/260 386/167/260 362/167/260
f 363/169/260 364/171/261 388/171/260
f 388/171/260 387/169/260 363/169/260
f 364/171/261 365/173/260 389/173/260
f 389/173/260 388/171/260 364/171/261
f 365/173/260 342/127/260 367/127/260
f 367/127/260 389/173/260 365/173/260
f 367/127/478 366/126/479 390/126/479
f 390/126/479 391/127/478 367/127/478
f 366/126/479 368/129/480 392/129/480
f 392/129/480 390/126/479 366/126/479
f 368/129/480 369/131/481 393/131/481
f 393/131/481 392/129/480 368/129/480
f 369/131/481 370/133/482 394/133/482
f 394/133/482 393/131/481 369/131/481
f 370/133/482 371/135/483 395/135/483
f 395/135/483 394/133/482 370/133/482
f 371/135/483 372/137/484 396/137/484
f 396/137/484 395/135/483 371/135/483
f 372/141/484 373/140/485 397/140/338
f 397/140/338 396/141/484 372/141/484
f 373/140/485 398/143/486 399/143/487
f 399/143/487 397/140/338 373/140/485
f 398/143/486 376/145/488 400/145/489
f 400/145/489 399/143/487 398/143/486
f 376/145/488 375/147/490 401/147/490
f 401/147/490 400/145/489 376/145/488
f 375/147/490 377/149/491 402/149/491
f 402/149/491 401/147/490 375/147/490
f 377/149/491 378/151/393 403/151/393
f 403/151/393 402/149/491 377/149/491
f 378/151/393 379/153/492 404/153/492
f 404/153/492 403/151/393 378/151/393
f 379/153/492 380/155/493 405/155/493
f 405/155/493 404/153/492 379/153/492
f 380/155/493 381/157/494 406/157/494
f 406/157/494 405/155/493 380/155/493
f 381/157/494 382/159/495 407/159/495
f 407/159/495 406/157/494 381/157/494
f 382/159/495 383/161/496 408/161/496
f 408/161/496 407/159/495 382/159/495
f 383/161/496 384/163/497 409/163/497
f 409/163/497 408/161/496 383/161/496
f 384/163/497 385/165/498 410/165/498
f 410/165/498 409/163/497 384/163/497
f 385/165/498 386/167/499 411/167/499
f 411/167/499 410/165/498 385/165/498
f 386/167/499 387/169/500 412/169/500
f 412/169/500 411/167/499 386/167/499
f 387/169/500 388/171/501 413/171/501
f 413/171/501 412/169/500 387/169/500
f 388/171/501 389/173/502 414/173/502
f 414/173/502 413/171/501 388/171/501
f 389/173/502 367/127/478 391/127/478
f 391/127/478 414/173/502 389/173/502
f 391/127/503 390/126/504 415/126/505
f 415/126/505 416/127/503 391/127/503
f 390/126/504 392/129/506 417/129/507
f 417/129/507 415/126/505 390/126/504
f 392/129/506 393/131/508 418/131/509
f 418/131/509 417/129/507 392/129/506
f 393/131/508 394/133/510 419/133/511
f 419/133/511 418/131/509 393/131/508
f 394/133/510 395/135/512 420/135/513
f 420/135/513 419/133/511 394/133/510
f 395/135/512 396/137/514 421/137/515
f 421/137/515 420/135/513 395/135/512
f 396/141/514 397/140/516 422/140/517
f 422/140/517 421/141/515 396/141/514
f 397/140/516 399/143/518 423/143/519
f 423/143/519 422/140/517 397/140/516
f 399/143/518 400/145/520 424/145/521
f 424/145/521 423/143/519 399/143/518
f 400/145/520 401/147/522 425/147/523
f 425/147/523 424/145/521 400/145/520
f 401/147/522 402/149/524 426/149/525
f 426/149/525 425/147/523 401/147/522
f 402/149/524 403/151/526 427/151/527
f 427/151/527 426/149/525 402/149/524
f 403/151/526 404/153/528 428/153/528
f 428/153/528 427/151/527 403/151/526
f 404/153/528 405/155/529 429/155/530
f 429/155/530 428/153/528 404/153/528
f 405/155/529 406/157/531 430/157/532
f 430/157/532 429/155/530 405/155/529
f 406/157/531 407/159/533 431/159/534
f 431/159/534 430/157/532 406/157/531
f 407/159/533 408/161/535 432/161/535
f 432/161/535 431/159/534 407/159/533
f 408/161/535 409/163/536 433/163/537
f 433/163/537 432/161/535 408/161/535
f 409/163/536 410/165/538 434/165/539
f 434/165/539 433/163/537 409/163/536
f 410/165/538 411/167/540 435/167/541
f 435/167/541 434/165/539 410/165/538
f 411/167/540 412/169/542 436/169/543
f 436/169/543 435/167/541 411/167/540
f 412/169/542 413/171/544 437/171/545
f 437/171/545 436/169/543 412/169/542
f 413/171/544 414/173/546 438/173/547
f 438/173/547 437/171/545 413/171/544
f 414/173/546 391/127/503 416/127/503
f 416/127/503 438/173/547 414/173/546
f 416/127/548 415/126/549 439/126/549
f 439/126/549 440/127/548 416/127/548
f 415/126/549 417/129/550 441/129/550
f 441/129/550 439/126/549 415/126/549
f 417/129/550 418/131/551 442/131/551
f 442/131/551 441/129/550 417/129/550
f 418/131/551 419/133/552 443/133/552
f 443/133/552 442/131/551 418/131/551
f 419/133/552 420/135/553 444/135/553
f 444/135/553 443/133/552 419/133/552
f 420/135/553 421/137/497 445/137/497
f 445/137/497 444/135/553 420/135/553
f 421/141/497 422/140/554 446/140/554
f 446/140/554 445/141/497 421/141/497
f 422/140/554 423/143/555 447/143/555
f 447/143/555 446/140/554 422/140/554
f 423/143/555 424/145/556 448/145/556
f 448/145/556 447/143/555 423/143/555
f 424/145/556 425/147/557 449/147/557
f 449/147/557 448/145/556 424/145/556
f 425/147/557 426/149/558 450/149/558
f 450/149/558 449/147/557 425/147/557
f 426/149/558 427/151/559 451/151/559
f 451/151/559 450/149/558 426/149/558
f 427/151/559 428/153/560 452/153/560
f 452/153/560 451/151/559 427/151/559
f 428/153/560 429/155/561 453/155/561
f 453/155/561 452/153/560 428/153/560
f 429/155/561 430/157/562 454/157/562
f 454/157/562 453/155/561 429/155/561
f 430/157/562 431/159/563 455/159/563
f 455/159/563 454/157/562 430/157/562
f 431/159/563 432/161/564 456/161/564
f 456/161/564 455/159/563 431/159/563
f 432/161/564 433/163/565 457/163/565
f 457/163/565 456/161/564 432/161/564
f 433/163/565 434/165/566 458/165/566
f 458/165/566 457/163/565 433/163/565
f 434/165/566 435/167/567 459/167/567
f 459/167/567 458/165/566 434/165/566
f 435/167/567 436/169/568 460/169/568
f 460/169/568 459/167/567 435/167/567
f 436/169/568 437/171/569 461/171/569
f 461/171/569 460/169/568 436/169/568
f 437/171/569 438/173/570 462/173/570
f 462/173/570 461/171/569 437/171/569
f 438/173/570 416/127/548 440/127/548
f 440/127/548 462/173/570 438/173/570
f 440/127/343 439/126/344 463/174/260
f 439/126/344 441/129/346 463/174/260
f 441/129/346 442/131/571 463/174/260
f 442/131/571 443/133/572 463/174/260
f 443/133/572 444/135/573 463/174/260
f 444/135/573 445/137/350 463/174/260
f 445/141/350 446/140/574 463/174/260
f 446/140/574 447/143/575 463/174/260
f 447/143/575 448/145/576 463/174/260
f 448/145/576 449/147/577 463/174/260
f 449/147/577 450/149/355 463/174/260
f 450/149/355 451/151/578 463/174/260
f 451/151/578 452/153/579 463/174/260
f 452/153/579 453/155/358 463/174/260
f 453/155/358 454/157/359 463/174/260
f 454/157/359 455/159/360 463/174/260
f 455/159/360 456/161/580 463/174/260
f 456/161/580 457/163/581 463/174/260
f 457/163/581 458/165/582 463/174/260
f 458/165/582 459/167/364 463/174/260
f 459/167/364 460/169/583 463/174/260
f 460/169/583 461/171/584 463/174/260
f 461/171/584 462/173/367 463/174/260
f 462/173/367 440/127/343 463/174/260
f 373/140/585 349/140/586 464/140/587
f 464/140/587 465/140/585 373/140/585
f 374/145/588 376/145/589 466/145/589
f 466/145/589 467/145/590 374/145/588
f 398/143/486 373/140/485 465/140/591
f 465/140/591 468/143/592 398/143/486
f 376/145/488 398/143/486 468/143/592
f 468/143/592 466/145/593 376/145/488
f 349/140/586 348/140/594 469/140/595
f 469/140/595 464/140/587 349/140/586
f 351/145/596 374/145/588 467/145/590
f 467/145/590 470/145/597 351/145/596
f 348/140/598 350/143/599 471/143/599
f 471/143/599 469/140/598 348/140/598
f 350/143/599 351/145/600 470/145/600
f 470/145/600 471/143/599 350/143/599
f 472/143/601 468/143/602 465/140/603
f 465/140/603 464/140/604 472/143/601
f 471/143/605 470/145/606 467/145/607
f 467/145/607 472/143/601 471/143/605
f 464/140/604 469/140/608 471/143/605
f 471/143/605 472/143/601 464/140/604
f 467/145/607 466/145/609 468/143/602
f 468/143/602 472/143/601 467/145/607
f 306/141/441 308/140/447 348/140/443
f 353/147/453 374/145/610 351/145/449
f 351/145/449 314/147/450 353/147/453
f 473/175/260 474/176/260 475/177/260
f 475/177/260 476/178/260 473/175/260
f 477/179/611 478/180/612 479/181/613
f 479/181/613 480/182/614 477/179/611
f 481/179/615 482/180/616 483/181/617
f 483/181/617 484/182/618 481/179/615
f 485/183/619 486/184/620 487/185/621
f 487/185/621 488/186/622 485/183/619
f 489/187/623 473/188/624 476/189/625
f 476/189/625 490/190/626 489/187/623
f 483/180/260 482/181/260 491/191/260
f 491/191/260 492/192/260 483/180/260
f 493/193/627 494/194/628 495/195/629
f 495/195/629 496/196/630 493/193/627
f 491/191/631 497/191/631 498/192/632
f 498/192/632 492/192/633 491/191/631
f 499/197/634 500/197/635 501/198/636
f 501/198/636 502/198/637 499/197/634
f 503/199/638 504/200/639 505/200/640
f 505/200/640 506/199/641 503/199/638
f 507/201/642 508/201/643 509/201/644
f 509/201/644 510/201/645 507/201/642
f 511/202/646 512/202/647 513/202/648
f 513/202/648 514/202/649 511/202/646
f 478/180/612 477/179/611 515/203/650
f 515/203/650 516/204/651 478/180/612
f 516/204/651 515/203/650 517/205/652
f 517/205/652 518/206/653 516/204/651
f 480/182/614 479/181/613 519/207/654
f 519/207/654 520/208/655 480/182/614
f 520/208/655 519/207/654 521/209/656
f 521/209/656 522/210/657 520/208/655
f 495/211/629 523/212/658 524/213/659
f 524/213/659 525/214/660 495/211/629
f 525/214/660 524/213/659 518/209/653
f 518/209/653 517/210/652 525/214/660
f 482/180/616 481/179/615 526/203/661
f 526/203/661 527/204/662 482/180/616
f 527/204/662 526/203/661 528/205/663
f 528/205/663 529/206/664 527/204/662
f 484/182/618 483/181/617 530/207/665
f 530/207/665 531/208/666 484/182/618
f 531/208/666 530/207/665 532/209/494
f 532/209/494 533/210/667 531/208/666
f 485/183/619 488/186/622 534/215/668
f 534/215/668 535/216/669 485/183/619
f 535/216/669 534/215/668 529/209/664
f 529/209/664 528/210/663 535/216/669
f 473/188/624 489/187/623 536/217/670
f 536/217/670 474/218/671 473/188/624
f 474/218/671 536/217/670 522/205/657
f 522/205/657 521/206/656 474/218/671
f 537/218/672 496/217/630 538/219/673
f 538/219/673 539/220/674 537/218/672
f 539/220/674 538/219/673 533/205/667
f 533/205/667 532/206/494 539/220/674
f 494/221/628 540/221/675 541/222/676
f 541/222/676 542/222/677 494/221/628
f 542/222/677 541/222/676 543/223/678
f 543/223/678 544/223/679 542/222/677
f 497/191/631 491/191/631 545/224/680
f 545/224/680 546/224/681 497/191/631
f 546/224/681 545/224/680 547/225/682
f 547/225/682 548/225/683 546/224/681
f 492/192/633 498/192/632 549/226/684
f 549/226/684 550/226/685 492/192/633
f 550/226/685 549/226/684 551/227/686
f 551/227/686 552/227/687 550/226/685
f 487/228/621 553/228/688 554/229/689
f 554/229/689 555/229/690 487/228/621
f 555/229/690 554/229/689 548/225/683
f 548/225/683 547/225/682 555/229/690
f 500/197/635 499/197/634 556/230/691
f 556/230/691 557/230/692 500/197/635
f 557/230/692 556/230/691 544/223/679
f 544/223/679 543/223/678 557/230/692
f 502/198/637 501/198/636 558/231/693
f 558/231/693 559/231/694 502/198/637
f 559/231/694 558/231/693 560/232/265
f 560/232/265 561/232/695 559/231/694
f 562/233/696 476/233/625 475/234/697
f 475/234/697 563/234/698 562/233/696
f 563/234/698 475/234/697 561/232/695
f 561/232/695 560/232/265 563/234/698
f 564/193/699 493/193/627 565/235/700
f 565/235/700 566/235/701 564/193/699
f 566/235/701 565/235/700 552/227/687
f 552/227/687 551/227/686 566/235/701
f 567/201/702 568/201/703 505/200/640
f 505/200/640 504/200/639 567/201/702
f 503/199/638 506/199/641 569/202/704
f 569/202/704 570/202/705 503/199/638
f 509/201/644 508/201/643 568/201/703
f 568/201/703 567/201/702 509/201/644
f 513/202/648 512/202/647 570/202/705
f 570/202/705 569/202/704 513/202/648
f 571/202/706 572/202/707 573/236/708
f 573/236/708 486/236/620 571/202/706
f 490/237/626 574/238/709 575/201/710
f 575/201/710 576/239/711 490/237/626
f 576/201/711 575/201/710 507/201/642
f 507/201/642 510/201/645 576/201/711
f 572/202/707 571/202/706 511/202/646
f 511/202/646 514/202/649 572/202/707
f 569/202/260 506/199/260 505/200/260
f 568/201/260 508/201/260 507/201/261
f 505/200/260 568/201/260 507/201/261
f 569/202/260 505/200/260 507/201/261
f 574/238/260 573/236/261 572/202/260
f 574/238/260 572/202/260 514/202/260
f 575/201/260 574/238/260 514/202/260
f 507/201/261 575/201/260 514/202/260
f 507/201/261 514/202/260 513/202/260
f 569/202/260 507/201/261 513/202/260
f 482/181/260 527/207/260 545/224/260
f 545/224/260 491/191/260 482/181/260
f 529/209/260 547/225/261 545/224/260
f 545/224/260 527/207/260 529/209/260
f 534/240/260 555/241/260 547/225/261
f 547/225/261 529/209/260 534/240/260
f 488/242/260 487/243/260 555/241/260
f 555/241/260 534/240/260 488/242/260
f 492/192/260 550/226/260 530/204/260
f 530/204/260 483/180/260 492/192/260
f 550/226/260 552/227/260 532/206/260
f 532/206/260 530/204/260 550/226/260
f 552/227/260 565/244/260 539/245/260
f 539/245/260 532/206/260 552/227/260
f 565/244/260 493/246/260 537/247/260
f 537/247/260 539/245/260 565/244/260
f 479/182/260 478/179/260 499/197/260
f 499/197/260 502/198/260 479/182/260
f 519/208/260 479/182/260 502/198/260
f 502/198/260 559/231/260 519/208/260
f 521/210/260 519/208/260 559/231/260
f 559/231/260 561/232/260 521/210/260
f 474/176/260 521/210/260 561/232/260
f 561/232/260 475/177/260 474/176/260
f 516/203/260 556/230/260 499/197/260
f 499/197/260 478/179/260 516/203/260
f 516/203/260 518/205/260 544/223/261
f 544/223/261 556/230/260 516/203/260
f 524/248/260 542/249/261 544/223/261
f 544/223/261 518/205/260 524/248/260
f 523/250/260 494/251/260 542/249/261
f 542/249/261 524/248/260 523/250/260
f 476/189/625 562/252/696 574/253/709
f 574/253/709 490/190/626 476/189/625
f 573/236/708 553/228/688 487/228/621
f 487/228/621 486/236/620 573/236/708
f 500/197/261 557/230/260 577/230/260
f 577/230/260 578/197/261 500/197/261
f 557/230/260 543/223/260 579/223/260
f 579/223/260 577/230/260 557/230/260
f 543/223/260 541/222/260 580/222/260
f 580/222/260 579/223/260 543/223/260
f 541/222/260 540/221/260 581/221/260
f 581/221/260 580/222/260 541/222/260
f 540/221/260 564/193/260 582/193/260
f 582/193/260 581/221/260 540/221/260
f 564/193/260 566/235/260 583/235/260
f 583/235/260 582/193/260 564/193/260
f 566/235/260 551/227/261 584/227/260
f 584/227/260 583/235/260 566/235/260
f 551/227/261 549/226/260 585/226/260
f 585/226/260 584/227/260 551/227/261
f 549/226/260 498/192/260 586/192/260
f 586/192/260 585/226/260 549/226/260
f 498/192/260 497/191/261 587/191/260
f 587/191/260 586/192/260 498/192/260
f 497/191/261 546/224/260 588/224/260
f 588/224/260 587/191/260 497/191/261
f 546/224/260 548/225/260 589/225/260
f 589/225/260 588/224/260 546/224/260
f 548/225/260 554/229/260 590/229/260
f 590/229/260 589/225/260 548/225/260
f 554/229/260 553/228/260 591/228/260
f 591/228/260 590/229/260 554/229/260
f 553/228/260 573/236/261 592/236/260
f 592/236/260 591/228/260 553/228/260
f 573/236/261 574/238/260 593/238/260
f 593/238/260 592/236/260 573/236/261
f 574/238/260 562/233/260 594/233/260
f 594/233/260 593/238/260 574/238/260
f 562/233/260 563/234/260 595/234/260
f 595/234/260 594/233/260 562/233/260
f 563/234/260 560/232/260 596/232/261
f 596/232/261 595/234/260 563/234/260
f 560/232/260 558/231/260 597/231/260
f 597/231/260 596/232/261 560/232/260
f 558/231/260 501/198/260 598/198/260
f 598/198/260 597/231/260 558/231/260
f 501/198/260 500/197/261 578/197/261
f 578/197/261 598/198/260 501/198/260
f 578/197/401 577/230/712 599/230/713
f 599/230/713 600/197/497 578/197/401
f 577/230/712 579/223/714 601/223/715
f 601/223/715 599/230/713 577/230/712
f 579/223/714 580/222/716 602/222/717
f 602/222/717 601/223/715 579/223/714
f 580/222/716 581/221/718 603/221/719
f 603/221/719 602/222/717 580/222/716
f 581/221/718 582/193/720 604/193/721
f 604/193/721 603/221/719 581/221/718
f 582/193/720 583/235/722 605/235/723
f 605/235/723 604/193/721 582/193/720
f 583/235/722 584/227/724 606/227/725
f 606/227/725 605/235/723 583/235/722
f 584/227/724 585/226/726 607/226/727
f 607/226/727 606/227/725 584/227/724
f 585/226/726 586/192/728 608/192/729
f 608/192/729 607/226/727 585/226/726
f 586/192/728 587/191/730 609/191/730
f 609/191/730 608/192/729 586/192/728
f 587/191/730 588/224/731 610/224/732
f 610/224/732 609/191/730 587/191/730
f 588/224/731 589/225/733 611/225/734
f 611/225/734 610/224/732 588/224/731
f 589/225/733 590/229/735 612/229/736
f 612/229/736 611/225/734 589/225/733
f 590/229/735 591/228/737 613/228/738
f 613/228/738 612/229/736 590/229/735
f 591/228/737 592/236/739 614/236/740
f 614/236/740 613/228/738 591/228/737
f 592/236/739 593/238/739 615/238/739
f 615/238/739 614/236/740 592/236/739
f 593/238/739 594/233/741 616/233/742
f 616/233/742 615/238/739 593/238/739
f 594/233/741 595/234/743 617/234/744
f 617/234/744 616/233/742 594/233/741
f 595/234/743 596/232/745 618/232/746
f 618/232/746 617/234/744 595/234/743
f 596/232/745 597/231/747 619/231/748
f 619/231/748 618/232/746 596/232/745
f 597/231/747 598/198/497 620/198/497
f 620/198/497 619/231/748 597/231/747
f 598/198/497 578/197/401 600/197/497
f 600/197/497 620/198/497 598/198/497
f 612/229/260 613/228/260 614/236/260
f 616/233/260 617/234/260 618/232/260
f 618/232/260 619/231/260 620/198/260
f 618/232/260 620/198/260 600/197/260
f 616/233/260 618/232/260 600/197/260
f 600/197/260 599/230/260 601/223/260
f 600/197/260 601/223/260 602/222/260
f 602/222/260 603/221/260 604/193/260
f 600/197/260 602/222/260 604/193/260
f 616/233/260 600/197/260 604/193/260
f 615/238/260 616/233/260 604/193/260
f 614/236/260 615/238/260 604/193/260
f 604/193/260 605/235/260 606/227/260
f 614/236/260 604/193/260 606/227/260
f 606/227/260 607/226/260 608/192/261
f 606/227/260 608/192/261 609/191/260
f 614/236/260 606/227/260 609/191/260
f 612/229/260 614/236/260 609/191/260
f 609/191/260 610/224/260 611/225/260
f 612/229/260 609/191/260 611/225/260
f 564/193/699 540/194/675 494/194/628
f 494/194/628 493/193/627 564/193/699
f 494/194/628 523/195/658 495/195/629
f 496/196/630 537/254/672 493/193/627
f 621/255/749 622/256/750 623/210/751
f 623/210/751 624/205/751 621/255/749
f 625/205/752 626/255/753 627/256/754
f 627/256/754 628/210/752 625/205/752
f 623/205/755 629/257/756 630/232/757
f 630/232/757 624/210/757 623/205/755
f 623/210/739 622/258/739 626/259/739
f 626/259/739 625/209/739 623/210/739
f 631/210/758 632/205/759 633/257/760
f 633/257/760 634/232/758 631/210/758
f 632/210/761 635/260/762 636/261/763
f 636/261/763 637/209/764 632/210/761
f 632/206/765 631/209/766 638/232/767
f 638/232/767 639/223/768 632/206/765
f 640/223/769 641/206/770 637/209/771
f 637/209/771 642/232/772 640/223/769
f 643/262/773 644/263/774 645/257/739
f 645/257/739 646/264/739 643/262/773
f 639/264/775 647/265/776 648/266/777
f 648/266/777 649/257/778 639/264/775
f 638/264/767 643/262/779 646/264/780
f 634/223/758 650/223/781 651/205/782
f 651/205/782 631/205/758 634/223/758
f 641/206/770 640/174/769 652/206/783
f 653/267/784 654/267/784 655/174/785
f 655/174/785 640/174/786 653/267/784
f 656/268/787 657/269/788 658/270/789
f 658/270/789 659/271/790 656/268/787
f 657/269/788 660/227/791 661/206/792
f 661/206/792 658/270/789 657/269/788
f 650/223/781 662/223/793 663/205/794
f 663/205/794 651/205/782 650/223/781
f 662/223/793 664/223/795 665/205/796
f 665/205/796 663/205/794 662/223/793
f 638/264/797 646/264/798 645/257/797
f 645/257/797 666/257/799 638/264/797
f 643/262/773 667/272/800 668/273/801
f 668/273/801 644/263/774 643/262/773
f 667/272/800 665/205/796 664/223/795
f 664/223/795 668/273/801 667/272/800
f 642/174/802 637/209/764 636/261/763
f 636/261/763 669/267/803 642/174/802
f 659/271/790 655/174/739 654/267/739
f 654/267/739 656/268/787 659/271/790
f 628/206/804 627/131/805 670/274/806
f 670/274/806 671/227/804 628/206/804
f 641/206/807 652/206/808 672/227/809
f 672/227/809 673/227/807 641/206/807
f 652/206/808 674/206/810 675/227/811
f 675/227/811 672/227/809 652/206/808
f 674/206/810 661/206/792 660/227/791
f 660/227/791 675/227/811 674/206/810
f 676/275/812 677/276/813 678/277/814
f 678/277/814 679/278/815 676/275/812
f 680/275/816 681/276/817 682/277/818
f 682/277/818 683/278/819 680/275/816
f 678/279/739 677/280/739 680/281/739
f 680/281/739 683/282/739 678/279/739
f 621/130/820 684/283/821 685/284/822
f 685/284/822 679/124/823 621/130/820
f 681/285/824 686/286/825 687/287/825
f 687/287/825 682/127/826 681/285/824
f 679/278/815 678/277/814 622/256/750
f 622/256/750 621/255/749 679/278/815
f 683/278/819 682/277/818 627/256/754
f 627/256/754 626/255/753 683/278/819
f 678/279/739 683/282/739 626/259/739
f 626/259/739 622/258/739 678/279/739
f 687/287/825 685/284/822 684/283/821
f 684/283/821 670/274/806 687/287/825
f 682/127/826 687/287/825 670/274/806
f 670/274/806 627/131/805 682/127/826
f 624/205/827 630/223/827 684/283/821
f 684/283/821 621/130/820 624/205/827
f 688/288/828 689/289/829 648/266/777
f 648/266/777 647/265/776 688/288/828
f 647/290/830 639/223/768 638/232/767
f 638/232/767 690/291/831 647/290/830
f 691/290/832 640/223/769 642/232/772
f 642/232/772 692/291/833 691/290/832
f 666/257/739 653/267/739 691/292/739
f 691/292/739 690/293/739 666/257/739
f 642/174/802 669/267/803 693/294/834
f 693/294/834 692/295/835 642/174/802
f 647/290/830 690/291/831 694/296/836
f 694/296/836 688/297/837 647/290/830
f 691/290/832 692/291/833 695/296/838
f 695/296/838 696/297/839 691/290/832
f 690/293/739 691/292/739 696/298/739
f 696/298/739 694/299/739 690/293/739
f 693/294/834 648/266/777 689/289/829
f 689/289/829 697/300/825 693/294/834
f 692/295/835 693/294/834 697/300/825
f 697/300/825 695/301/824 692/295/835
f 698/302/828 699/303/829 689/289/829
f 689/289/829 688/288/828 698/302/828
f 688/297/837 694/296/836 700/304/840
f 700/304/840 698/305/841 688/297/837
f 696/297/839 695/296/838 701/304/842
f 701/304/842 702/305/843 696/297/839
f 694/299/739 696/298/739 702/306/739
f 702/306/739 700/307/739 694/299/739
f 695/301/824 697/300/825 703/308/825
f 703/308/825 701/309/824 695/301/824
f 676/310/828 704/311/829 699/303/829
f 699/303/829 698/302/828 676/310/828
f 698/305/841 700/304/840 677/276/813
f 677/276/813 676/275/812 698/305/841
f 702/305/843 701/304/842 681/276/817
f 681/276/817 680/275/816 702/305/843
f 700/307/739 702/306/739 680/281/739
f 680/281/739 677/280/739 700/307/739
f 703/308/825 699/303/829 704/311/829
f 704/311/829 686/286/825 703/308/825
f 701/309/824 703/308/825 686/286/825
f 686/286/825 681/285/824 701/309/824
f 679/124/823 685/284/822 704/311/829
f 704/311/829 676/310/828 679/124/823
f 629/257/844 705/267/844 706/267/844
f 706/267/844 707/257/844 629/257/844
f 706/293/845 670/223/845 684/223/845
f 684/223/845 707/291/845 706/293/845
f 685/284/846 687/287/846 708/287/846
f 708/287/846 709/284/846 685/284/846
f 709/284/844 708/287/844 710/287/844
f 710/287/844 711/284/844 709/284/844
f 710/312/847 686/258/847 704/256/847
f 704/256/847 711/313/847 710/312/847
f 706/293/848 705/267/848 671/225/848
f 671/225/848 670/274/848 706/293/848
f 629/257/849 707/257/850 684/223/849
f 684/223/849 630/223/849 629/257/849
f 699/303/851 703/308/851 712/308/851
f 712/308/851 713/303/851 699/303/851
f 713/303/844 712/308/844 714/308/844
f 714/308/844 715/303/844 713/303/844
f 714/292/852 697/279/852 689/277/852
f 689/277/852 715/290/852 714/292/852
f 710/312/853 708/287/853 687/287/853
f 687/287/853 686/286/853 710/312/853
f 709/284/854 711/284/854 704/256/854
f 704/256/854 685/284/854 709/284/854
f 713/303/855 715/303/855 689/277/855
f 689/277/855 699/303/855 713/303/855
f 714/292/856 712/308/856 703/308/856
f 703/308/856 697/300/856 714/292/856
f 633/257/857 716/267/857 717/267/857
f 717/267/857 718/257/857 633/257/857
f 717/298/858 636/267/859 635/257/858
f 635/257/858 718/297/859 717/298/858
f 648/266/860 693/294/860 719/294/860
f 719/294/860 720/266/860 648/266/860
f 720/266/844 719/294/844 721/294/844
f 721/294/844 722/266/844 720/266/844
f 653/267/739 666/257/739 723/257/739
f 723/257/739 724/267/739 653/267/739
f 723/296/861 722/296/862 721/299/863
f 721/299/863 724/301/864 723/296/861
f 724/267/865 656/268/866 654/267/867
f 654/267/867 653/267/867 724/267/865
f 649/257/868 722/266/869 718/257/870
f 718/257/870 635/257/871 649/257/868
f 639/264/775 649/257/778 635/260/762
f 635/260/762 632/210/761 639/264/775
f 641/209/807 673/225/807 716/267/872
f 716/267/872 637/206/873 641/209/807
f 632/205/759 637/206/873 716/267/872
f 716/267/872 633/257/760 632/205/759
f 723/296/874 666/257/875 645/257/875
f 645/257/875 644/263/876 723/296/874
f 649/257/868 720/266/877 722/266/869
f 649/257/868 648/266/878 720/266/877
f 721/299/879 719/294/880 669/267/881
f 719/294/880 693/294/882 669/267/881
f 717/298/883 716/267/884 673/225/885
f 673/225/885 724/267/865 717/298/883
f 723/296/874 650/223/886 634/223/887
f 724/267/865 657/269/888 656/268/866
f 724/267/865 721/299/879 717/298/883
f 669/267/881 636/261/889 717/298/883
f 717/298/883 721/299/879 669/267/881
f 722/266/869 723/296/874 718/257/870
f 634/223/887 633/257/890 718/257/870
f 718/257/870 723/296/874 634/223/887
f 724/267/865 673/225/885 672/227/891
f 724/267/865 672/227/891 675/227/892
f 724/267/865 675/227/892 660/227/893
f 724/267/865 660/227/893 657/269/888
f 723/296/874 662/223/894 650/223/886
f 723/296/874 664/223/895 662/223/894
f 723/296/874 644/263/876 668/273/896
f 723/296/874 668/273/896 664/223/895
f 640/174/769 655/174/897 659/271/898
f 640/174/769 659/271/898 658/270/899
f 640/174/769 658/270/899 661/206/900
f 640/174/769 674/206/901 652/206/783
f 640/174/769 661/206/900 674/206/901
f 638/264/767 665/205/902 667/272/903
f 638/264/767 667/272/903 643/262/779
f 638/264/767 651/205/904 663/205/905
f 638/264/767 663/205/905 665/205/902
f 638/264/767 631/205/766 651/205/904
f 628/209/906 671/225/906 705/267/907
f 705/267/907 625/206/908 628/209/906
f 623/205/755 625/206/908 705/267/907
f 705/267/907 629/257/756 623/205/755
f 690/293/739 638/264/739 666/257/739
f 653/267/739 640/174/739 691/292/739
f 725/205/909 726/206/909 727/209/909
f 727/209/909 728/210/909 725/205/909
f 729/210/910 730/205/910 731/206/910
f 731/206/910 732/209/910 729/210/910
f 725/210/911 728/205/912 730/206/911
f 730/206/911 729/209/913 725/210/911
f 728/210/914 727/205/915 731/206/914
f 731/206/914 730/209/914 728/210/914
f 727/210/916 726/205/916 732/206/916
f 732/206/916 731/209/917 727/210/916
f 726/210/918 725/205/918 729/206/919
f 729/206/919 732/209/918 726/210/918
# 1150 faces
